pair_id,problem_types,all_details,ESP_original,SHIWILU_original,ESP_normalizado,SHIWILU_normalizado
U04464,suspicious_content|exact_duplicate,Duplicado de U02824 (grupo de 2) || SHIWILU contiene caracteres sospechosos: ['’'],"A la ballena la mató Marcel,","LANLA’ I’NA DI’TULLI MARCELLER,","a la ballena la mató marcel,","lanla’ i’na di’tulli marceller,"
U04723,exact_duplicate,Duplicado de U04504 (grupo de 2),abuela,ami,abuela,ami
U04773,exact_duplicate,Duplicado de U04503 (grupo de 2),abuelo,papinku,abuelo,papinku
U04748,exact_duplicate,Duplicado de U04634 (grupo de 2),adentro,kinekla,adentro,kinekla
U04604,exact_duplicate,Duplicado de U04546 (grupo de 3),agua,dek,agua,dek
U04643,exact_duplicate,Duplicado de U04546 (grupo de 3),agua,dek,agua,dek
U04462,suspicious_content|exact_duplicate,"Duplicado de U02822 (grupo de 2) || ESP contiene caracteres sospechosos: ['“', '”']; SHIWILU contiene caracteres sospechosos: ['”', '’', '“']",Ahora a la que antes llamaban “Ballena Poza” la llaman “Campana Poza”.,IPA’LA “LANLA’ PITUN” ITULLINA’ NAPI’ IPA’LI’NA “KANPANA’ PITUN” ITULLINA’.,ahora a la que antes llamaban ballena poza la llaman campana poza.,ipa’la lanla’ pitun itullina’ napi’ ipa’li’na kanpana’ pitun itullina’.
U04469,suspicious_content|exact_duplicate,"Duplicado de U02829 (grupo de 2) || ESP contiene paréntesis (posible glosa); ESP contiene caracteres sospechosos: ['(', ')']; SHIWILU contiene caracteres sospechosos: ['’']",Ahí dice (la ballena) salió a la playa y saliendo murió.,"NANEKLIMA YUNSU’LLI DELLUTEKKEK, YUNSU’N CHIMIÑI.",ahí dice (la ballena) salió a la playa y saliendo murió.,"naneklima yunsu’lli dellutekkek, yunsu’n chimiñi."
U04467,suspicious_content|exact_duplicate,"Duplicado de U02827 (grupo de 2) || ESP contiene paréntesis (posible glosa); ESP contiene caracteres sospechosos: ['(', ')']; SHIWILU contiene caracteres sospechosos: ['’']","Ahí entrando (dentro de la ballena, Marcel) le vio su corazón.",NANEK DA’AN LLI’ITULLI DINLUPINEN.,"ahí entrando (dentro de la ballena, marcel) le vio su corazón.",nanek da’an lli’itulli dinlupinen.
U04470,exact_duplicate,Duplicado de U02830 (grupo de 2),Ahí se pudrió.,NANEK TAWETCHULLI.,ahí se pudrió.,nanek tawetchulli.
U04458,suspicious_content|exact_duplicate,Duplicado de U02818 (grupo de 2) || SHIWILU contiene caracteres sospechosos: ['’'],Allí dice vivía una ballena.,NANEK IMA LANLA’ ÑILLI.,allí dice vivía una ballena.,nanek ima lanla’ ñilli.
U04000,suspicious_content|exact_duplicate,Duplicado de U03993 (grupo de 2) || SHIWILU contiene caracteres sospechosos: ['’'],"Antiguamente, el renaco era una mujer.",Napi’ ella alasa’ ku’aper ñiwiñi.,"antiguamente, el renaco era una mujer.",napi’ ella alasa’ ku’aper ñiwiñi.
U03998,suspicious_content|exact_duplicate,Duplicado de U03991 (grupo de 2) || SHIWILU contiene caracteres sospechosos: ['’'],Aumentan para desovar en la época de vaciante.,Nadallina’ ishan ukllik wadeker’kek.,aumentan para desovar en la época de vaciante.,nadallina’ ishan ukllik wadeker’kek.
U04680,exact_duplicate,Duplicado de U04544 (grupo de 3),añañinga,ellek,añañinga,ellek
U04691,exact_duplicate,Duplicado de U04544 (grupo de 3),añañinga,ellek,añañinga,ellek
U04812,exact_duplicate|many_to_one_shiwilu,Duplicado de U04712 (grupo de 2) || SHIWILU tiene 2 traducciones ESP diferentes,Barriga,merpi,barriga,merpi
U04583,exact_duplicate,Duplicado de U04548 (grupo de 2),boquichico,wankechek,boquichico,wankechek
U04591,exact_duplicate,Duplicado de U04571 (grupo de 2),carne,chuchu,carne,chuchu
U04725,exact_duplicate,Duplicado de U04716 (grupo de 2),chacra,memin,chacra,memin
U04677,exact_duplicate,Duplicado de U04666 (grupo de 2),cinco,ala'tek'lun,cinco,ala'tek'lun
U03996,suspicious_content|exact_duplicate,Duplicado de U03989 (grupo de 2) || SHIWILU contiene caracteres sospechosos: ['’'],Con lo que sobra el añuje le ayuda.,A’dansu’a’su’ ekchekler katu’pa’palli.,con lo que sobra el añuje le ayuda.,a’dansu’a’su’ ekchekler katu’pa’palli.
U04607,exact_duplicate,Duplicado de U04573 (grupo de 4),corazón,dinlupi,corazón,dinlupi
U04676,exact_duplicate,Duplicado de U04573 (grupo de 4),corazón,dinlupi,corazón,dinlupi
U04786,exact_duplicate,Duplicado de U04573 (grupo de 4),corazón,dinlupi,corazón,dinlupi
U04844,exact_duplicate,Duplicado de U04715 (grupo de 2),cuñado del hombre,mek'shi,cuñado del hombre,mek'shi
U04668,exact_duplicate,Duplicado de U04646 (grupo de 2),de ahí,nanekla,de ahí,nanekla
U04471,suspicious_content|exact_duplicate,"Duplicado de U02831 (grupo de 2) || ESP contiene caracteres sospechosos: ['“', '”']; SHIWILU contiene caracteres sospechosos: ['’']","De ahí, esta la “Ballena Poza” se redujo.",NANEKLIMAKA ASU’ NANA LANLA’ PITUNTA’ UWENTUNTA’LLI.,"de ahí, esta la ballena poza se redujo.",naneklimaka asu’ nana lanla’ pitunta’ uwentunta’lli.
U04472,suspicious_content|exact_duplicate,Duplicado de U02832 (grupo de 2) || SHIWILU contiene caracteres sospechosos: ['’'],Dicen que antes era grande Ballena Poza.,A’LLUPIMA ÑIWIÑI NAPI’ LANLA’ PITUN.,dicen que antes era grande ballena poza.,a’llupima ñiwiñi napi’ lanla’ pitun.
U04459,suspicious_content|exact_duplicate,"Duplicado de U02819 (grupo de 2) || ESP contiene paréntesis (posible glosa); ESP contiene caracteres sospechosos: ['(', ')']; SHIWILU contiene caracteres sospechosos: ['’']",Dicen que Arákayu puso una ballena y salió (de la región).,ARAKAYU IMA LANLA’ AKUN YUNSU’LLI.,dicen que arákayu puso una ballena y salió (de la región).,arakayu ima lanla’ akun yunsu’lli.
U04466,suspicious_content|exact_duplicate,Duplicado de U02826 (grupo de 2) || SHIWILU contiene caracteres sospechosos: ['’'],Dicen que cuando Marcel bajaba el río en un patecito la ballena se lo tragó.,MARCEL IMA PACHISHAK NU’WANTAN LANLA’LER LANPI’TULLI.,dicen que cuando marcel bajaba el río en un patecito la ballena se lo tragó.,marcel ima pachishak nu’wantan lanla’ler lanpi’tulli.
U04463,suspicious_content|exact_duplicate,Duplicado de U02823 (grupo de 2) || SHIWILU contiene caracteres sospechosos: ['’'],Dicen que todas estas cosas Arákayu enojándose nos ha dejado al irse.,NANADAPER IMA’KA ARAKAYU YUN PA’LAPINANTULLINERKUDEK.,dicen que todas estas cosas arákayu enojándose nos ha dejado al irse.,nanadaper ima’ka arakayu yun pa’lapinantullinerkudek.
U04461,suspicious_content|exact_duplicate,Duplicado de U02821 (grupo de 2) || SHIWILU contiene caracteres sospechosos: ['’'],dijo Arákayu y puso la ballena.,TAN IMA ARAKAYU NANA LANLA’ AKU’LLI.,dijo arákayu y puso la ballena.,tan ima arakayu nana lanla’ aku’lli.
U04870,exact_duplicate,Duplicado de U04622 (grupo de 2),dos,katu'a',dos,katu'a'
U04312,suspicious_content|exact_duplicate,Duplicado de U04310 (grupo de 2) || SHIWILU contiene caracteres sospechosos: ['’'],"En mi pueblo no es así, por eso rápido se perdió el covid-19.","Ñinanlu’wekkek nu’si’npu’, nanamalek wiuksu’ werlli kuvi-19.","en mi pueblo no es así, por eso rápido se perdió el covid-19.","ñinanlu’wekkek nu’si’npu’, nanamalek wiuksu’ werlli kuvi-19."
U04664,exact_duplicate,Duplicado de U04645 (grupo de 2),enseñó,a'lek,enseñó,a'lek
U04460,suspicious_content|exact_duplicate,"Duplicado de U02820 (grupo de 2) || ESP contiene caracteres sospechosos: ['“', '”']; SHIWILU contiene caracteres sospechosos: ['“', '”', '’']",“Esto les va a devorar a todos los malos”,“ASU’LER PEKDADEK’ETCHU MUKANKINPU’LUSA’”,esto les va a devorar a todos los malos,asu’ler pekdadek’etchu mukankinpu’lusa’
U04854,exact_duplicate,Duplicado de U04620 (grupo de 2),estrella,tandula,estrella,tandula
U04674,exact_duplicate,Duplicado de U04556 (grupo de 2),garganta,kulupi,garganta,kulupi
U04873,exact_duplicate,Duplicado de U04795 (grupo de 2),hartos,wapu',hartos,wapu'
U04621,exact_duplicate,Duplicado de U04618 (grupo de 2),huevo,kadu',huevo,kadu'
U04679,exact_duplicate,Duplicado de U04630 (grupo de 3),humo,kellu,humo,kellu
U04699,exact_duplicate,Duplicado de U04630 (grupo de 3),humo,kellu,humo,kellu
U04468,suspicious_content|exact_duplicate,"Duplicado de U02828 (grupo de 2) || ESP contiene caracteres sospechosos: ['“', '”']; SHIWILU contiene caracteres sospechosos: ['“', '”', '’']",“La mataré” dijo y le trozó el corazón.,“DI’TETCHEK” TAN DINLUPINEN DEKTUINTULLI.,la mataré dijo y le trozó el corazón.,di’tetchek tan dinlupinen dektuintulli.
U04156,suspicious_content|exact_duplicate,Duplicado de U04152 (grupo de 2) || SHIWILU contiene caracteres sospechosos: ['’'],La señorita lo recibió y le dijo:,Wilalunler sekkaper’an itulli:,la señorita lo recibió y le dijo:,wilalunler sekkaper’an itulli:
U04850,exact_duplicate,Duplicado de U04601 (grupo de 2),lagarto,tada,lagarto,tada
U01171,exact_duplicate,Duplicado de U00758 (grupo de 2),Le gustó.,IYATULLI,le gustó.,iyatulli
U04001,suspicious_content|exact_duplicate,Duplicado de U03994 (grupo de 2) || SHIWILU contiene caracteres sospechosos: ['’'],"Le tenían miedo, extraño le veían,","Tekkwatullina’, nerpi’la lli’llina’.","le tenían miedo, extraño le veían,","tekkwatullina’, nerpi’la lli’llina’."
U03999,suspicious_content|length_issue|exact_duplicate,Duplicado de U03992 (grupo de 2) || ESP mucho más largo que SHIWILU (ratio: 4.00) || SHIWILU contiene caracteres sospechosos: ['’'],Les voy a contar de la Mujer Renaco.,Wintekchenma’ Ellalunki.,les voy a contar de la mujer renaco.,wintekchenma’ ellalunki.
U04457,suspicious_content|length_issue|exact_duplicate,"Duplicado de U02817 (grupo de 2) || SHIWILU muy largo (10 palabras, umbral: 10) || ESP contiene caracteres sospechosos: ['“', '”']; SHIWILU contiene caracteres sospechosos: ['”', '’', '“']",Los finados shiwilu a la que llamamos ahora “Campana Poza” antes la llamaban “Ballena Poza”.,SHIWILUKU’LUSA’ IPA’LA ITA’KAWA’SU’ “KANPANA’ PITUN” NAPI’ I’NA ITULLINA’ “LANLA’ PITUN”.,los finados shiwilu a la que llamamos ahora campana poza antes la llamaban ballena poza.,shiwiluku’lusa’ ipa’la ita’kawa’su’ kanpana’ pitun napi’ i’na itullina’ lanla’ pitun.
U04614,exact_duplicate|many_to_one_shiwilu,Duplicado de U00245 (grupo de 2) || SHIWILU tiene 2 traducciones ESP diferentes,luna,duker,luna,duker
U04530,exact_duplicate,Duplicado de U04502 (grupo de 2),mamá,awa,mamá,awa
U03665,exact_duplicate,Duplicado de U03213 (grupo de 2),mamá cocina pescado.,AWA KALU'PALLI SAMER,mamá cocina pescado.,awa kalu'palli samer
U04559,exact_duplicate,Duplicado de U04539 (grupo de 3),Manteca,iyadek',manteca,iyadek'
U04889,exact_duplicate,Duplicado de U04539 (grupo de 3),manteca,iyadek',manteca,iyadek'
U04830,exact_duplicate,Duplicado de U04569 (grupo de 2),mono choro,sulu',mono choro,sulu'
U04637,exact_duplicate,Duplicado de U04577 (grupo de 2),mujer,ku'aper,mujer,ku'aper
U01980,exact_duplicate,Duplicado de U00299 (grupo de 2),No mientas.,YATUMU'TA,no mientas.,yatumu'ta
U04740,exact_duplicate,Duplicado de U04574 (grupo de 2),nuevo,nalu,nuevo,nalu
U03997,suspicious_content|exact_duplicate,Duplicado de U03990 (grupo de 2) || SHIWILU contiene caracteres sospechosos: ['’'],Nunca se ve que se ahogue.,Ñi enpi’ lli’i’nek chimidekta’su’.,nunca se ve que se ahogue.,ñi enpi’ lli’i’nek chimidekta’su’.
U04554,one_to_many_esp|exact_duplicate,Duplicado de U04547 (grupo de 2) || ESP tiene 2 traducciones SHIWILU diferentes,oreja; cuerno,wi'wek,oreja; cuerno,wi'wek
U04710,bidirectional_conflict|exact_duplicate,Duplicado de U04581 (grupo de 2) || ESP tiene 2 traducciones SHIWILU diferentes; SHIWILU tiene 2 traducciones ESP,panza,mechek,panza,mechek
U04802,exact_duplicate,Duplicado de U04721 (grupo de 2),pavo,mikarawa',pavo,mikarawa'
U04714,exact_duplicate,Duplicado de U04683 (grupo de 4),pescado,samer,pescado,samer
U04809,exact_duplicate,Duplicado de U04683 (grupo de 4),pescado,samer,pescado,samer
U04816,exact_duplicate,Duplicado de U04683 (grupo de 4),pescado,samer,pescado,samer
U04808,exact_duplicate,Duplicado de U04794 (grupo de 2),pescar,pur',pescar,pur'
U04659,exact_duplicate,Duplicado de U04642 (grupo de 2),pie,lantek,pie,lantek
U04002,suspicious_content|exact_duplicate,Duplicado de U03995 (grupo de 2) || SHIWILU contiene caracteres sospechosos: ['’'],"Por eso, triste la Mujer Renaco iba en la calle.",Nanamalek we’inutusu’ Ellalun pa’lli kallik.,"por eso, triste la mujer renaco iba en la calle.",nanamalek we’inutusu’ ellalun pa’lli kallik.
U04700,exact_duplicate,Duplicado de U04682 (grupo de 2),shamillito,samellu',shamillito,samellu'
U02227,exact_duplicate,Duplicado de U01132 (grupo de 2),Sigue cavando.,IWA'TAPER'I'LA,sigue cavando.,iwa'taper'i'la
U04636,exact_duplicate,Duplicado de U04629 (grupo de 3),sol,keki,sol,keki
U04644,exact_duplicate,Duplicado de U04629 (grupo de 3),sol,keki,sol,keki
U04805,exact_duplicate,Duplicado de U04708 (grupo de 2),suave,meru',suave,meru'
U04706,exact_duplicate,Duplicado de U04535 (grupo de 3),tigre,amana',tigre,amana'
U04743,exact_duplicate,Duplicado de U04535 (grupo de 3),tigre,amana',tigre,amana'
U04726,exact_duplicate,Duplicado de U04587 (grupo de 2),tímpano; caracolito,mincher,tímpano; caracolito,mincher
U04821,exact_duplicate,Duplicado de U04811 (grupo de 3),viejo,taserpi,viejo,taserpi
U04852,exact_duplicate,Duplicado de U04811 (grupo de 3),Viejo,taserpi,viejo,taserpi
U04806,exact_duplicate,Duplicado de U04628 (grupo de 2),yuca,ker',yuca,ker'
U04465,suspicious_content|exact_duplicate,Duplicado de U02825 (grupo de 2) || SHIWILU contiene caracteres sospechosos: ['’'],él mató a la ballena.,DI’TULLI LANLA’.,él mató a la ballena.,di’tulli lanla’.
U04482,one_to_many_esp,ESP tiene 2 traducciones SHIWILU diferentes,ADIOS TÍA,PANTEKCHEK ASHATU'CHA,adios tía,pantekchek ashatu'cha
U04483,one_to_many_esp,ESP tiene 2 traducciones SHIWILU diferentes,ADIOS TÍA,PANTEKCHEK INECHA,adios tía,pantekchek inecha
U04638,one_to_many_esp,ESP tiene 2 traducciones SHIWILU diferentes,boa,kupiwin,boa,kupiwin
U04789,one_to_many_esp,ESP tiene 2 traducciones SHIWILU diferentes,boa,kupiwan,boa,kupiwan
U04727,one_to_many_esp,ESP tiene 2 traducciones SHIWILU diferentes,cabeza,mu'tu',cabeza,mu'tu'
U04869,one_to_many_esp,ESP tiene 2 traducciones SHIWILU diferentes,cabeza,mutu',cabeza,mutu'
U04557,one_to_many_esp,ESP tiene 2 traducciones SHIWILU diferentes,cangrejo,chinyi,cangrejo,chinyi
U04589,one_to_many_esp,ESP tiene 2 traducciones SHIWILU diferentes,cangrejo,chinchi,cangrejo,chinchi
U01041,one_to_many_esp,ESP tiene 2 traducciones SHIWILU diferentes,Come algo.,KAKER' MA'PINTA',come algo.,kaker' ma'pinta'
U01352,one_to_many_esp,ESP tiene 2 traducciones SHIWILU diferentes,Come algo.,MA'SHAPIN'TA KA'KER',come algo.,ma'shapin'ta ka'ker'
U04538,one_to_many_esp,ESP tiene 2 traducciones SHIWILU diferentes,cuatro,inkatu',cuatro,inkatu'
U04560,one_to_many_esp,ESP tiene 2 traducciones SHIWILU diferentes,Cuatro,inkatu,cuatro,inkatu
U00074,one_to_many_esp,ESP tiene 2 traducciones SHIWILU diferentes,Dolor,IKER,dolor,iker
U04558,one_to_many_esp,ESP tiene 2 traducciones SHIWILU diferentes,dolor,iker',dolor,iker'
U04669,one_to_many_esp,ESP tiene 2 traducciones SHIWILU diferentes,entonces,ipa'linli,entonces,ipa'linli
U04756,one_to_many_esp,ESP tiene 2 traducciones SHIWILU diferentes,entonces,nu'pachin,entonces,nu'pachin
U00037,one_to_many_esp,ESP tiene 2 traducciones SHIWILU diferentes,Escucha.,LAU'TER,escucha.,lau'ter
U00390,one_to_many_esp,ESP tiene 2 traducciones SHIWILU diferentes,Escucha.,LAUK'TER',escucha.,lauk'ter'
U00041,one_to_many_esp,ESP tiene 2 traducciones SHIWILU diferentes,Estoy escuchando.,LAU'TAPALEK,estoy escuchando.,lau'tapalek
U01459,bidirectional_conflict,ESP tiene 2 traducciones SHIWILU diferentes; SHIWILU tiene 2 traducciones ESP,Estoy escuchando.,LAUK'APALEK,estoy escuchando.,lauk'apalek
U00047,one_to_many_esp,ESP tiene 2 traducciones SHIWILU diferentes,Gracias.,YUSPEINET'ECHUN,gracias.,yuspeinet'echun
U04437,suspicious_content|one_to_many_esp,ESP tiene 2 traducciones SHIWILU diferentes || SHIWILU contiene caracteres sospechosos: ['’'],Gracias.,Yuspainek’etchu.,gracias.,yuspainek’etchu.
U04690,one_to_many_esp,ESP tiene 2 traducciones SHIWILU diferentes,he olido,llanellek,he olido,llanellek
U04749,one_to_many_esp,ESP tiene 2 traducciones SHIWILU diferentes,he olido,lanellek,he olido,lanellek
U04488,bidirectional_conflict,ESP tiene 2 traducciones SHIWILU diferentes; SHIWILU tiene 2 traducciones ESP,HERMANA MAYOR,SHA'SHA,hermana mayor,sha'sha
U04489,one_to_many_esp,ESP tiene 2 traducciones SHIWILU diferentes,HERMANA MAYOR,KAIK'SHA,hermana mayor,kaik'sha
U04490,one_to_many_esp,ESP tiene 2 traducciones SHIWILU diferentes,HERMANA MENOR,SHA'WA,hermana menor,sha'wa
U04491,one_to_many_esp,ESP tiene 2 traducciones SHIWILU diferentes,HERMANA MENOR,KAIK'WA,hermana menor,kaik'wa
U04486,one_to_many_esp,ESP tiene 2 traducciones SHIWILU diferentes,HERMANO,I IN,hermano,i in
U04487,one_to_many_esp,ESP tiene 2 traducciones SHIWILU diferentes,HERMANO,DUDEN,hermano,duden
U04493,one_to_many_esp,ESP tiene 2 traducciones SHIWILU diferentes,HERMANO MENOR,YALLI'WA,hermano menor,yalli'wa
U04494,one_to_many_esp,ESP tiene 2 traducciones SHIWILU diferentes,HERMANO MENOR,YUYU'WA,hermano menor,yuyu'wa
U04477,one_to_many_esp,ESP tiene 2 traducciones SHIWILU diferentes,HOLA TÍA,LLI'TAA' ASHATU'CHA,hola tía,lli'taa' ashatu'cha
U04478,one_to_many_esp,ESP tiene 2 traducciones SHIWILU diferentes,HOLA TÍA,LLI'TAA INECHA,hola tía,lli'taa inecha
U00066,one_to_many_esp,ESP tiene 2 traducciones SHIWILU diferentes,Largo ,SHIN,largo,shin
U04846,bidirectional_conflict,ESP tiene 2 traducciones SHIWILU diferentes; SHIWILU tiene 2 traducciones ESP,largo,shillin,largo,shillin
U04713,bidirectional_conflict,ESP tiene 2 traducciones SHIWILU diferentes; SHIWILU tiene 2 traducciones ESP,maduro,merpi,maduro,merpi
U04813,one_to_many_esp,ESP tiene 2 traducciones SHIWILU diferentes,Maduro,mer'pi,maduro,mer'pi
U00509,one_to_many_esp,ESP tiene 2 traducciones SHIWILU diferentes,Mantente quieto.,YALENMEKTA,mantente quieto.,yalenmekta
U00595,bidirectional_conflict,ESP tiene 2 traducciones SHIWILU diferentes; SHIWILU tiene 2 traducciones ESP,Mantente quieto.,YALENMEK'TA,mantente quieto.,yalenmek'ta
U00819,bidirectional_conflict,ESP tiene 2 traducciones SHIWILU diferentes; SHIWILU tiene 2 traducciones ESP,Me voy.,PA'ECHEK,me voy.,pa'echek
U04282,one_to_many_esp,ESP tiene 2 traducciones SHIWILU diferentes,Me voy. ,Panterchek.,me voy.,panterchek.
U04511,one_to_many_esp,ESP tiene 2 traducciones SHIWILU diferentes,MI HIJA,TECLAPINUK,mi hija,teclapinuk
U04514,one_to_many_esp,ESP tiene 2 traducciones SHIWILU diferentes,MI HIJA,KUTINUK,mi hija,kutinuk
U04550,one_to_many_esp,ESP tiene 2 traducciones SHIWILU diferentes,murciélago,liishek',murciélago,liishek'
U04552,one_to_many_esp,ESP tiene 2 traducciones SHIWILU diferentes,murciélago,ishek',murciélago,ishek'
U04547,one_to_many_esp,ESP tiene 2 traducciones SHIWILU diferentes,oreja; cuerno,wi'wek,oreja; cuerno,wi'wek
U04885,one_to_many_esp,ESP tiene 2 traducciones SHIWILU diferentes,oreja; cuerno,wi'wek',oreja; cuerno,wi'wek'
U04581,bidirectional_conflict,ESP tiene 2 traducciones SHIWILU diferentes; SHIWILU tiene 2 traducciones ESP,panza,mechek,panza,mechek
U04711,one_to_many_esp,ESP tiene 2 traducciones SHIWILU diferentes,panza,merchek',panza,merchek'
U04653,one_to_many_esp,ESP tiene 2 traducciones SHIWILU diferentes,pesado,kwer'li,pesado,kwer'li
U04654,one_to_many_esp,ESP tiene 2 traducciones SHIWILU diferentes,pesado,kwer,pesado,kwer
U00062,one_to_many_esp,ESP tiene 2 traducciones SHIWILU diferentes,Sal. ,YUNSUER',sal.,yunsuer'
U00063,bidirectional_conflict,ESP tiene 2 traducciones SHIWILU diferentes; SHIWILU tiene 2 traducciones ESP,Sal. ,DAMULA,sal.,damula
U03576,one_to_many_esp,ESP tiene 2 traducciones SHIWILU diferentes,tú te lavas las manos con agua.,KENMA PAMU'LA ITEKLAPEN DEKLEK,tú te lavas las manos con agua.,kenma pamu'la iteklapen deklek
U03577,one_to_many_esp,ESP tiene 2 traducciones SHIWILU diferentes,tú te lavas las manos con agua.,KENMA INWINSEK'LA DEKLEK,tú te lavas las manos con agua.,kenma inwinsek'la deklek
U04540,one_to_many_esp,ESP tiene 2 traducciones SHIWILU diferentes,vamos,enyu,vamos,enyu
U04595,one_to_many_esp,ESP tiene 2 traducciones SHIWILU diferentes,vamos,enchu,vamos,enchu
U04648,one_to_many_esp,ESP tiene 2 traducciones SHIWILU diferentes,vereda,pidek'sek'lla,vereda,pidek'sek'lla
U04687,one_to_many_esp,ESP tiene 2 traducciones SHIWILU diferentes,vereda,setla,vereda,setla
U04855,one_to_many_esp,ESP tiene 2 traducciones SHIWILU diferentes,viento,tanlua,viento,tanlua
U04877,one_to_many_esp,ESP tiene 2 traducciones SHIWILU diferentes,viento,tanluwa,viento,tanluwa
U04537,one_to_many_esp,ESP tiene 2 traducciones SHIWILU diferentes,yo,ku,yo,ku
U04649,one_to_many_esp,ESP tiene 2 traducciones SHIWILU diferentes,yo,kwa,yo,kwa
U02096,many_to_one_shiwilu,SHIWILU tiene 2 traducciones ESP diferentes,Remontemos cometas.,A'PENU'WA' COMETAS,remontemos cometas.,a'penu'wa' cometas
U02097,many_to_one_shiwilu,SHIWILU tiene 2 traducciones ESP diferentes,Volemos cometas.,A'PENU'WA' COMETAS,volemos cometas.,a'penu'wa' cometas
U00747,many_to_one_shiwilu,SHIWILU tiene 2 traducciones ESP diferentes,Termine esto.,A'TA'WANTER ASU',termine esto.,a'ta'wanter asu'
U00748,many_to_one_shiwilu,SHIWILU tiene 2 traducciones ESP diferentes,Termina esto.,A'TA'WANTER ASU',termina esto.,a'ta'wanter asu'
U00187,many_to_one_shiwilu,SHIWILU tiene 2 traducciones ESP diferentes,He vuelto.,ADENCHA'LEK,he vuelto.,adencha'lek
U02009,many_to_one_shiwilu,SHIWILU tiene 2 traducciones ESP diferentes,Volví.,ADENCHA'LEK,volví.,adencha'lek
U00875,many_to_one_shiwilu,SHIWILU tiene 2 traducciones ESP diferentes,Mándalo dentro.,AKU'KER' KINEKLA,mándalo dentro.,aku'ker' kinekla
U00876,many_to_one_shiwilu,SHIWILU tiene 2 traducciones ESP diferentes,Mándalo adentro.,AKU'KER' KINEKLA,mándalo adentro.,aku'ker' kinekla
U01163,many_to_one_shiwilu,SHIWILU tiene 2 traducciones ESP diferentes,Ponlo allí.,AKU'KER' NANEK ,ponlo allí.,aku'ker' nanek
U01165,many_to_one_shiwilu,SHIWILU tiene 2 traducciones ESP diferentes,Ponlo ahí.,AKU'KER' NANEK ,ponlo ahí.,aku'ker' nanek
U00549,many_to_one_shiwilu,SHIWILU tiene 2 traducciones ESP diferentes,¡Quiero uno!,ALA'SA' LUANTULEK,¡quiero uno!,ala'sa' luantulek
U00550,many_to_one_shiwilu,SHIWILU tiene 2 traducciones ESP diferentes,¡Quiero una!,ALA'SA' LUANTULEK,¡quiero una!,ala'sa' luantulek
U01441,many_to_one_shiwilu,SHIWILU tiene 2 traducciones ESP diferentes,Lo demostraré.,ALLI'ECHEK,lo demostraré.,alli'echek
U01443,many_to_one_shiwilu,SHIWILU tiene 2 traducciones ESP diferentes,Le mostraré.,ALLI'ECHEK,le mostraré.,alli'echek
U00106,suspicious_content|many_to_one_shiwilu,"SHIWILU tiene 2 traducciones ESP diferentes || ESP contiene paréntesis (posible glosa); ESP contiene caracteres sospechosos: ['(', ')']",Enséñamelo. (muestramelo),ALLI'U,enséñamelo. (muestramelo),alli'u
U00107,many_to_one_shiwilu,SHIWILU tiene 2 traducciones ESP diferentes,Muestrame.,ALLI'U,muestrame.,alli'u
U00060,many_to_one_shiwilu,SHIWILU tiene 5 traducciones ESP diferentes,Suéltalo.,APU'KER',suéltalo.,apu'ker'
U00391,many_to_one_shiwilu,SHIWILU tiene 5 traducciones ESP diferentes,Aflójalo.,APU'KER',aflójalo.,apu'ker'
U00392,many_to_one_shiwilu,SHIWILU tiene 5 traducciones ESP diferentes,Suéltala.,APU'KER',suéltala.,apu'ker'
U00393,many_to_one_shiwilu,SHIWILU tiene 5 traducciones ESP diferentes,Aflójala.,APU'KER',aflójala.,apu'ker'
U00873,many_to_one_shiwilu,SHIWILU tiene 5 traducciones ESP diferentes,Libérale.,APU'KER',libérale.,apu'ker'
U00698,many_to_one_shiwilu,SHIWILU tiene 3 traducciones ESP diferentes,Estamos acá.,ASEK ÑAPALLIDEK,estamos acá.,asek ñapallidek
U00762,many_to_one_shiwilu,SHIWILU tiene 3 traducciones ESP diferentes,Aquí estamos.,ASEK ÑAPALLIDEK,aquí estamos.,asek ñapallidek
U00928,many_to_one_shiwilu,SHIWILU tiene 3 traducciones ESP diferentes,Estamos aquí.,ASEK ÑAPALLIDEK,estamos aquí.,asek ñapallidek
U00200,many_to_one_shiwilu,SHIWILU tiene 2 traducciones ESP diferentes,Estoy aquí.,ASEK' ÑAPALEK,estoy aquí.,asek' ñapalek
U00310,many_to_one_shiwilu,SHIWILU tiene 2 traducciones ESP diferentes,Acá estoy.,ASEK' ÑAPALEK,acá estoy.,asek' ñapalek
U00646,many_to_one_shiwilu,SHIWILU tiene 2 traducciones ESP diferentes,Esto funciona.,ASU' SAKA'TAPALLI,esto funciona.,asu' saka'tapalli
U00647,many_to_one_shiwilu,SHIWILU tiene 2 traducciones ESP diferentes,Esto trabaja.,ASU' SAKA'TAPALLI,esto trabaja.,asu' saka'tapalli
U02117,many_to_one_shiwilu,SHIWILU tiene 2 traducciones ESP diferentes,Siéntate derecho.,CHEKSU' DU'KER',siéntate derecho.,cheksu' du'ker'
U02118,many_to_one_shiwilu,SHIWILU tiene 2 traducciones ESP diferentes,Siéntese recto.,CHEKSU' DU'KER',siéntese recto.,cheksu' du'ker'
U00724,many_to_one_shiwilu,SHIWILU tiene 2 traducciones ESP diferentes,Sé específico.,CHEKSU' ÑIKER',sé específico.,cheksu' ñiker'
U01029,many_to_one_shiwilu,SHIWILU tiene 2 traducciones ESP diferentes,No divagues.,CHEKSU' ÑIKER',no divagues.,cheksu' ñiker'
U00152,suspicious_content|many_to_one_shiwilu,"SHIWILU tiene 2 traducciones ESP diferentes || ESP contiene paréntesis (posible glosa); ESP contiene caracteres sospechosos: ['(', ')']",Adelante. (ingresa),DA'ENCHER',adelante. (ingresa),da'encher'
U00157,many_to_one_shiwilu,SHIWILU tiene 2 traducciones ESP diferentes,Entra.,DA'ENCHER',entra.,da'encher'
U00057,many_to_one_shiwilu,SHIWILU tiene 2 traducciones ESP diferentes,Entre.,DA'KERKER',entre.,da'kerker'
U00058,many_to_one_shiwilu,SHIWILU tiene 2 traducciones ESP diferentes,Pase.,DA'KERKER',pase.,da'kerker'
U01194,many_to_one_shiwilu,SHIWILU tiene 2 traducciones ESP diferentes,Se chocaron.,DA'PAÑINA',se chocaron.,da'pañina'
U01195,many_to_one_shiwilu,SHIWILU tiene 2 traducciones ESP diferentes,Se estrellaron.,DA'PAÑINA',se estrellaron.,da'pañina'
U04599,many_to_one_shiwilu,SHIWILU tiene 2 traducciones ESP diferentes,sal,damula,sal,damula
U00337,many_to_one_shiwilu,SHIWILU tiene 2 traducciones ESP diferentes,Soy ciega.,DAPINANTEK' NUKA'KA,soy ciega.,dapinantek' nuka'ka
U00338,many_to_one_shiwilu,SHIWILU tiene 2 traducciones ESP diferentes,Soy ciego.,DAPINANTEK' NUKA'KA,soy ciego.,dapinantek' nuka'ka
U01438,many_to_one_shiwilu,SHIWILU tiene 2 traducciones ESP diferentes,Lo mataré.,DEI'TECHEK,lo mataré.,dei'techek
U01439,many_to_one_shiwilu,SHIWILU tiene 2 traducciones ESP diferentes,Le mataré.,DEI'TECHEK,le mataré.,dei'techek
U00243,many_to_one_shiwilu,SHIWILU tiene 2 traducciones ESP diferentes,Siéntate.,DU'KER',siéntate.,du'ker'
U00753,many_to_one_shiwilu,SHIWILU tiene 2 traducciones ESP diferentes,Tome asiento.,DU'KER',tome asiento.,du'ker'
U00244,many_to_one_shiwilu,SHIWILU tiene 2 traducciones ESP diferentes,Mes. ,DUKER,mes.,duker
U00245,many_to_one_shiwilu,SHIWILU tiene 2 traducciones ESP diferentes,Luna,DUKER,luna,duker
U00957,many_to_one_shiwilu,SHIWILU tiene 2 traducciones ESP diferentes,Qué lástima.,EMBU'NI WE'INUIPA',qué lástima.,embu'ni we'inuipa'
U00958,many_to_one_shiwilu,SHIWILU tiene 2 traducciones ESP diferentes,Qué pena.,EMBU'NI WE'INUIPA',qué pena.,embu'ni we'inuipa'
U04542,many_to_one_shiwilu,SHIWILU tiene 2 traducciones ESP diferentes,pelo,enchek,pelo,enchek
U04584,many_to_one_shiwilu,SHIWILU tiene 2 traducciones ESP diferentes,cabello,enchek,cabello,enchek
U00477,many_to_one_shiwilu,SHIWILU tiene 3 traducciones ESP diferentes,¡Pásale!,ENKA'KER',¡pásale!,enka'ker'
U01687,many_to_one_shiwilu,SHIWILU tiene 3 traducciones ESP diferentes,Dáselo.,ENKA'KER',dáselo.,enka'ker'
U01689,many_to_one_shiwilu,SHIWILU tiene 3 traducciones ESP diferentes,Pásaselo.,ENKA'KER',pásaselo.,enka'ker'
U00321,many_to_one_shiwilu,SHIWILU tiene 2 traducciones ESP diferentes,Me dieron.,ENKA'LLINER'KU,me dieron.,enka'lliner'ku
U00322,many_to_one_shiwilu,SHIWILU tiene 2 traducciones ESP diferentes,Me alcanzaron.,ENKA'LLINER'KU,me alcanzaron.,enka'lliner'ku
U00871,many_to_one_shiwilu,SHIWILU tiene 2 traducciones ESP diferentes,Ponte esto.,I'SHIKER' ASU',ponte esto.,i'shiker' asu'
U00872,many_to_one_shiwilu,SHIWILU tiene 2 traducciones ESP diferentes,Póngase esto.,I'SHIKER' ASU',póngase esto.,i'shiker' asu'
U04681,many_to_one_shiwilu,SHIWILU tiene 2 traducciones ESP diferentes,cunchi,ikellala,cunchi,ikellala
U04688,length_issue|many_to_one_shiwilu,SHIWILU tiene 2 traducciones ESP diferentes || ESP mucho más largo que SHIWILU (ratio: 4.00),tipo de bagrecito; cunchi,ikellala,tipo de bagrecito; cunchi,ikellala
U01406,many_to_one_shiwilu,SHIWILU tiene 2 traducciones ESP diferentes,Estoy resfriado.,ILUSU' ÑAPALEK,estoy resfriado.,ilusu' ñapalek
U01407,many_to_one_shiwilu,SHIWILU tiene 2 traducciones ESP diferentes,Estoy acatarrado.,ILUSU' ÑAPALEK,estoy acatarrado.,ilusu' ñapalek
U00562,many_to_one_shiwilu,SHIWILU tiene 2 traducciones ESP diferentes,Estoy asustado.,IMANANTUSU' ÑAPALEK,estoy asustado.,imanantusu' ñapalek
U01770,many_to_one_shiwilu,SHIWILU tiene 2 traducciones ESP diferentes,Estoy asombrada.,IMANANTUSU' ÑAPALEK,estoy asombrada.,imanantusu' ñapalek
U00977,many_to_one_shiwilu,SHIWILU tiene 2 traducciones ESP diferentes,Eres libre.,INAPIKEN NUKA'MA,eres libre.,inapiken nuka'ma
U01639,many_to_one_shiwilu,SHIWILU tiene 2 traducciones ESP diferentes,Estás soltero.,INAPIKEN NUKA'MA,estás soltero.,inapiken nuka'ma
U00423,many_to_one_shiwilu,SHIWILU tiene 2 traducciones ESP diferentes,¡Cuidate!,INLUUKTER',¡cuidate!,inluukter'
U00424,many_to_one_shiwilu,SHIWILU tiene 2 traducciones ESP diferentes,¡Te cuidas!,INLUUKTER',¡te cuidas!,inluukter'
U00866,many_to_one_shiwilu,SHIWILU tiene 3 traducciones ESP diferentes,Ahora sigue.,IPA'LA TUPITER',ahora sigue.,ipa'la tupiter'
U00867,many_to_one_shiwilu,SHIWILU tiene 3 traducciones ESP diferentes,Ahora continúa.,IPA'LA TUPITER',ahora continúa.,ipa'la tupiter'
U00868,many_to_one_shiwilu,SHIWILU tiene 3 traducciones ESP diferentes,Ahora prosigue.,IPA'LA TUPITER',ahora prosigue.,ipa'la tupiter'
U04551,many_to_one_shiwilu,SHIWILU tiene 2 traducciones ESP diferentes,parijí,isha,parijí,isha
U04836,many_to_one_shiwilu,SHIWILU tiene 2 traducciones ESP diferentes,paujil,isha,paujil,isha
U04561,many_to_one_shiwilu,SHIWILU tiene 2 traducciones ESP diferentes,Raíz,itek',raíz,itek'
U04562,many_to_one_shiwilu,SHIWILU tiene 2 traducciones ESP diferentes,Achuni,itek',achuni,itek'
U00309,suspicious_content|many_to_one_shiwilu,"SHIWILU tiene 2 traducciones ESP diferentes || ESP contiene paréntesis (posible glosa); ESP contiene caracteres sospechosos: ['(', ')']",Es rico. (sabor),IYALLI,es rico. (sabor),iyalli
U00369,suspicious_content|many_to_one_shiwilu,"SHIWILU tiene 2 traducciones ESP diferentes || ESP contiene paréntesis (posible glosa); ESP contiene caracteres sospechosos: ['(', ')']",Es agradable. (sabor),IYALLI,es agradable. (sabor),iyalli
U00980,many_to_one_shiwilu,SHIWILU tiene 2 traducciones ESP diferentes,Estás enfermo.,KALUWI'PALA,estás enfermo.,kaluwi'pala
U01930,many_to_one_shiwilu,SHIWILU tiene 2 traducciones ESP diferentes,Estás herida.,KALUWI'PALA,estás herida.,kaluwi'pala
U00523,many_to_one_shiwilu,SHIWILU tiene 3 traducciones ESP diferentes,Lo encontré.,KANANEK,lo encontré.,kananek
U01415,many_to_one_shiwilu,SHIWILU tiene 3 traducciones ESP diferentes,La rescaté.,KANANEK,la rescaté.,kananek
U01416,many_to_one_shiwilu,SHIWILU tiene 3 traducciones ESP diferentes,Lo rescaté.,KANANEK,lo rescaté.,kananek
U00078,many_to_one_shiwilu,SHIWILU tiene 2 traducciones ESP diferentes,Ayúdame.,KATU'PA'U,ayúdame.,katu'pa'u
U01323,many_to_one_shiwilu,SHIWILU tiene 2 traducciones ESP diferentes,Apóyame.,KATU'PA'U,apóyame.,katu'pa'u
U00079,many_to_one_shiwilu,SHIWILU tiene 2 traducciones ESP diferentes,Ayúdanos.,KATU'PA'UDEK,ayúdanos.,katu'pa'udek
U01324,many_to_one_shiwilu,SHIWILU tiene 2 traducciones ESP diferentes,Apóyanos.,KATU'PA'UDEK,apóyanos.,katu'pa'udek
U00733,many_to_one_shiwilu,SHIWILU tiene 2 traducciones ESP diferentes,Acercate.,KAWITER',acercate.,kawiter'
U01011,many_to_one_shiwilu,SHIWILU tiene 2 traducciones ESP diferentes,Acércate.,KAWITER',acércate.,kawiter'
U01287,many_to_one_shiwilu,SHIWILU tiene 2 traducciones ESP diferentes,Tú sobreviviste.,KENMA CHIMINLLINKEKLA NAMPILA,tú sobreviviste.,kenma chiminllinkekla nampila
U01289,many_to_one_shiwilu,SHIWILU tiene 2 traducciones ESP diferentes,Usted sobrevivió.,KENMA CHIMINLLINKEKLA NAMPILA,usted sobrevivió.,kenma chiminllinkekla nampila
U01279,many_to_one_shiwilu,SHIWILU tiene 2 traducciones ESP diferentes,Ustedes prometisteis.,KENMAMA' TUWINAMA' NU'TECHUMA,ustedes prometisteis.,kenmama' tuwinama' nu'techuma
U01281,many_to_one_shiwilu,SHIWILU tiene 2 traducciones ESP diferentes,Ustedes prometieron.,KENMAMA' TUWINAMA' NU'TECHUMA,ustedes prometieron.,kenmama' tuwinama' nu'techuma
U00278,many_to_one_shiwilu,SHIWILU tiene 2 traducciones ESP diferentes,Tú primero.,KENMAMENTU,tú primero.,kenmamentu
U00279,many_to_one_shiwilu,SHIWILU tiene 2 traducciones ESP diferentes,Usted primero.,KENMAMENTU,usted primero.,kenmamentu
U04633,suspicious_content|many_to_one_shiwilu,"SHIWILU tiene 2 traducciones ESP diferentes || ESP contiene paréntesis (posible glosa); ESP contiene caracteres sospechosos: ['(', ')']",añsua (k. fish),kilen,añsua (k. fish),kilen
U04663,many_to_one_shiwilu,SHIWILU tiene 2 traducciones ESP diferentes,añsua,kilen,añsua,kilen
U03486,many_to_one_shiwilu,SHIWILU tiene 2 traducciones ESP diferentes,nosotras no escuchamos música.,KUDA KU'LA LAUK'I'ÑIDEK TULUNER',nosotras no escuchamos música.,kuda ku'la lauk'i'ñidek tuluner'
U03488,many_to_one_shiwilu,SHIWILU tiene 2 traducciones ESP diferentes,nosotros no escuchamos música.,KUDA KU'LA LAUK'I'ÑIDEK TULUNER',nosotros no escuchamos música.,kuda ku'la lauk'i'ñidek tuluner'
U03471,many_to_one_shiwilu,SHIWILU tiene 2 traducciones ESP diferentes,nosotras no escribimos una carta.,KUDA KU'LA LLINSERCHI'ÑIDEK ALA'SA' KERKA',nosotras no escribimos una carta.,kuda ku'la llinserchi'ñidek ala'sa' kerka'
U03472,many_to_one_shiwilu,SHIWILU tiene 2 traducciones ESP diferentes,nosotros no escribimos una carta.,KUDA KU'LA LLINSERCHI'ÑIDEK ALA'SA' KERKA',nosotros no escribimos una carta.,kuda ku'la llinserchi'ñidek ala'sa' kerka'
U03866,many_to_one_shiwilu,SHIWILU tiene 2 traducciones ESP diferentes,nosotras no vivimos en el campo.,KUDA KU'LA NANPI'PIÑIDEK MENMIK,nosotras no vivimos en el campo.,kuda ku'la nanpi'piñidek menmik
U03868,many_to_one_shiwilu,SHIWILU tiene 2 traducciones ESP diferentes,nosotros no vivimos en el campo.,KUDA KU'LA NANPI'PIÑIDEK MENMIK,nosotros no vivimos en el campo.,kuda ku'la nanpi'piñidek menmik
U03814,many_to_one_shiwilu,SHIWILU tiene 2 traducciones ESP diferentes,nosotras no trabajamos con alegría.,KUDA KU'LA SAKA'TAPI'ÑIDEK SAKEKSU',nosotras no trabajamos con alegría.,kuda ku'la saka'tapi'ñidek sakeksu'
U03816,many_to_one_shiwilu,SHIWILU tiene 2 traducciones ESP diferentes,nosotros no trabajamos con alegría.,KUDA KU'LA SAKA'TAPI'ÑIDEK SAKEKSU',nosotros no trabajamos con alegría.,kuda ku'la saka'tapi'ñidek sakeksu'
U03631,many_to_one_shiwilu,SHIWILU tiene 2 traducciones ESP diferentes,nosotras no nadamos en la cocha.,KUDA KU'LA' IDUNPI'ÑIDEK SENANKEK,nosotras no nadamos en la cocha.,kuda ku'la' idunpi'ñidek senankek
U03632,many_to_one_shiwilu,SHIWILU tiene 2 traducciones ESP diferentes,nosotros no nadamos en la cocha.,KUDA KU'LA' IDUNPI'ÑIDEK SENANKEK,nosotros no nadamos en la cocha.,kuda ku'la' idunpi'ñidek senankek
U03485,many_to_one_shiwilu,SHIWILU tiene 2 traducciones ESP diferentes,nosotras escuchamos la música.,KUDA LAUK'LLIDEK TULUNER',nosotras escuchamos la música.,kuda lauk'llidek tuluner'
U03487,many_to_one_shiwilu,SHIWILU tiene 2 traducciones ESP diferentes,nosotros escuchamos la musica.,KUDA LAUK'LLIDEK TULUNER',nosotros escuchamos la musica.,kuda lauk'llidek tuluner'
U03742,many_to_one_shiwilu,SHIWILU tiene 2 traducciones ESP diferentes,nosotras piensamos en su familia.,KUDA LLI'INU'PALLIDEK PA'TU'NEN'KEK,nosotras piensamos en su familia.,kuda lli'inu'pallidek pa'tu'nen'kek
U03743,many_to_one_shiwilu,SHIWILU tiene 2 traducciones ESP diferentes,nosotros piensamos en su familia.,KUDA LLI'INU'PALLIDEK PA'TU'NEN'KEK,nosotros piensamos en su familia.,kuda lli'inu'pallidek pa'tu'nen'kek
U03593,many_to_one_shiwilu,SHIWILU tiene 2 traducciones ESP diferentes,nosotros leemos una revista.,KUDA LUNTULLIDEK ALA'SA' KERKA',nosotros leemos una revista.,kuda luntullidek ala'sa' kerka'
U03594,many_to_one_shiwilu,SHIWILU tiene 2 traducciones ESP diferentes,nosotros leemos un libro.,KUDA LUNTULLIDEK ALA'SA' KERKA',nosotros leemos un libro.,kuda luntullidek ala'sa' kerka'
U03573,many_to_one_shiwilu,SHIWILU tiene 2 traducciones ESP diferentes,nosotras lavamos los platos.,KUDA PAMU'LLIDEK SINANLUSA',nosotras lavamos los platos.,kuda pamu'llidek sinanlusa'
U03574,many_to_one_shiwilu,SHIWILU tiene 2 traducciones ESP diferentes,nosotros lavamos los platos.,KUDA PAMU'LLIDEK SINANLUSA',nosotros lavamos los platos.,kuda pamu'llidek sinanlusa'
U03310,many_to_one_shiwilu,SHIWILU tiene 2 traducciones ESP diferentes,Mi lengua vive en mi memoria.,LA'LA'UK NANPIPALLI MUTU'UKEK,mi lengua vive en mi memoria.,la'la'uk nanpipalli mutu'ukek
U03659,many_to_one_shiwilu,SHIWILU tiene 2 traducciones ESP diferentes,Mi lengua vive en mi cabeza.,LA'LA'UK NANPIPALLI MUTU'UKEK,mi lengua vive en mi cabeza.,la'la'uk nanpipalli mutu'ukek
U01102,many_to_one_shiwilu,SHIWILU tiene 2 traducciones ESP diferentes,Estoy confuso.,LACHEK'KI'NEK,estoy confuso.,lachek'ki'nek
U01103,many_to_one_shiwilu,SHIWILU tiene 2 traducciones ESP diferentes,Estoy confundido.,LACHEK'KI'NEK,estoy confundido.,lachek'ki'nek
U01851,many_to_one_shiwilu,SHIWILU tiene 2 traducciones ESP diferentes,Está claro.,LATEK'LA NAÑI,está claro.,latek'la nañi
U01852,many_to_one_shiwilu,SHIWILU tiene 2 traducciones ESP diferentes,Es obvio.,LATEK'LA NAÑI,es obvio.,latek'la nañi
U01390,many_to_one_shiwilu,SHIWILU tiene 2 traducciones ESP diferentes,Te creo.,LATEKLLIEN,te creo.,latekllien
U01710,many_to_one_shiwilu,SHIWILU tiene 2 traducciones ESP diferentes,Te creí.,LATEKLLIEN,te creí.,latekllien
U00042,length_issue|many_to_one_shiwilu,SHIWILU tiene 2 traducciones ESP diferentes || ESP mucho más largo que SHIWILU (ratio: 4.00),Estoy abriendo mi boca.,LAUK'APALEK,estoy abriendo mi boca.,lauk'apalek
U00135,many_to_one_shiwilu,SHIWILU tiene 2 traducciones ESP diferentes,Pregúntale.,LEK'KER',pregúntale.,lek'ker'
U00136,many_to_one_shiwilu,SHIWILU tiene 2 traducciones ESP diferentes,Pregúntales.,LEK'KER',pregúntales.,lek'ker'
U01326,many_to_one_shiwilu,SHIWILU tiene 2 traducciones ESP diferentes,Pide ayuda.,LEKTER' KATU'PA',pide ayuda.,lekter' katu'pa'
U01327,many_to_one_shiwilu,SHIWILU tiene 2 traducciones ESP diferentes,Pida ayuda.,LEKTER' KATU'PA',pida ayuda.,lekter' katu'pa'
U01633,many_to_one_shiwilu,SHIWILU tiene 2 traducciones ESP diferentes,Lo verás.,LLI'ECHU,lo verás.,lli'echu
U01634,many_to_one_shiwilu,SHIWILU tiene 2 traducciones ESP diferentes,La verás.,LLI'ECHU,la verás.,lli'echu
U00680,many_to_one_shiwilu,SHIWILU tiene 2 traducciones ESP diferentes,Mira esto.,LLI'KER' ASU',mira esto.,lli'ker' asu'
U01031,many_to_one_shiwilu,SHIWILU tiene 2 traducciones ESP diferentes,Examine esto.,LLI'KER' ASU',examine esto.,lli'ker' asu'
U00681,many_to_one_shiwilu,SHIWILU tiene 2 traducciones ESP diferentes,Miren esto.,LLI'KU' ASU',miren esto.,lli'ku' asu'
U01032,many_to_one_shiwilu,SHIWILU tiene 2 traducciones ESP diferentes,Examinen esto.,LLI'KU' ASU',examinen esto.,lli'ku' asu'
U00181,many_to_one_shiwilu,SHIWILU tiene 2 traducciones ESP diferentes,Lo vi.,LLI'LEK,lo vi.,lli'lek
U00330,many_to_one_shiwilu,SHIWILU tiene 2 traducciones ESP diferentes,Le vi.,LLI'LEK,le vi.,lli'lek
U00266,many_to_one_shiwilu,SHIWILU tiene 2 traducciones ESP diferentes,Mírame.,LLI'U,mírame.,lli'u
U00268,many_to_one_shiwilu,SHIWILU tiene 2 traducciones ESP diferentes,Obsérvame.,LLI'U,obsérvame.,lli'u
U00639,many_to_one_shiwilu,SHIWILU tiene 2 traducciones ESP diferentes,Se quedaron.,LLIA'LLINA',se quedaron.,llia'llina'
U00640,many_to_one_shiwilu,SHIWILU tiene 2 traducciones ESP diferentes,Se mantuvieron.,LLIA'LLINA',se mantuvieron.,llia'llina'
U02198,many_to_one_shiwilu,SHIWILU tiene 2 traducciones ESP diferentes,Anota esto.,LLINSER'KER' ASU',anota esto.,llinser'ker' asu'
U02199,many_to_one_shiwilu,SHIWILU tiene 2 traducciones ESP diferentes,Anote esto.,LLINSER'KER' ASU',anote esto.,llinser'ker' asu'
U02197,many_to_one_shiwilu,SHIWILU tiene 2 traducciones ESP diferentes,Anoten eso.,LLINSER'KU' NANA,anoten eso.,llinser'ku' nana
U02200,many_to_one_shiwilu,SHIWILU tiene 2 traducciones ESP diferentes,Anoten esto.,LLINSER'KU' NANA,anoten esto.,llinser'ku' nana
U01248,many_to_one_shiwilu,SHIWILU tiene 2 traducciones ESP diferentes,Estábamos heridos.,LLIPU'PI ÑAPAWIÑIDEK,estábamos heridos.,llipu'pi ñapawiñidek
U01249,many_to_one_shiwilu,SHIWILU tiene 2 traducciones ESP diferentes,Estábamos lastimados.,LLIPU'PI ÑAPAWIÑIDEK,estábamos lastimados.,llipu'pi ñapawiñidek
U04670,many_to_one_shiwilu,SHIWILU tiene 2 traducciones ESP diferentes,tierra; suelo,lu'pa',tierra; suelo,lu'pa'
U04777,many_to_one_shiwilu,SHIWILU tiene 2 traducciones ESP diferentes,tierra,lu'pa',tierra,lu'pa'
U00343,many_to_one_shiwilu,SHIWILU tiene 2 traducciones ESP diferentes,Soy amado.,LUANPI NUKA'KA,soy amado.,luanpi nuka'ka
U00344,many_to_one_shiwilu,SHIWILU tiene 2 traducciones ESP diferentes,Soy amada.,LUANPI NUKA'KA,soy amada.,luanpi nuka'ka
U00534,many_to_one_shiwilu,SHIWILU tiene 2 traducciones ESP diferentes,Te quiero.,LUANTULLIEN,te quiero.,luantullien
U00535,many_to_one_shiwilu,SHIWILU tiene 2 traducciones ESP diferentes,Te amo.,LUANTULLIEN,te amo.,luantullien
U00602,many_to_one_shiwilu,SHIWILU tiene 2 traducciones ESP diferentes,Charlemos.,LUN'AWA',charlemos.,lun'awa'
U00608,many_to_one_shiwilu,SHIWILU tiene 2 traducciones ESP diferentes,Conversemos.,LUN'AWA',conversemos.,lun'awa'
U01523,many_to_one_shiwilu,SHIWILU tiene 2 traducciones ESP diferentes,Habla claramente.,LUNKER' LACHEK'AK,habla claramente.,lunker' lachek'ak
U01524,many_to_one_shiwilu,SHIWILU tiene 2 traducciones ESP diferentes,Hable claramente.,LUNKER' LACHEK'AK,hable claramente.,lunker' lachek'ak
U00400,many_to_one_shiwilu,SHIWILU tiene 2 traducciones ESP diferentes,Lee esto.,LUNTUKER' ASU',lee esto.,luntuker' asu'
U00401,many_to_one_shiwilu,SHIWILU tiene 2 traducciones ESP diferentes,Lea esto.,LUNTUKER' ASU',lea esto.,luntuker' asu'
U00341,many_to_one_shiwilu,SHIWILU tiene 2 traducciones ESP diferentes,Estoy borracho.,LUPERSU' ÑAPALEK,estoy borracho.,lupersu' ñapalek
U00342,many_to_one_shiwilu,SHIWILU tiene 2 traducciones ESP diferentes,Estoy tomada.,LUPERSU' ÑAPALEK,estoy tomada.,lupersu' ñapalek
U01240,many_to_one_shiwilu,SHIWILU tiene 2 traducciones ESP diferentes,Necesitamos ayuda.,LUWANTULLIDEK KATU'PA',necesitamos ayuda.,luwantullidek katu'pa'
U01884,many_to_one_shiwilu,SHIWILU tiene 2 traducciones ESP diferentes,Necesitábamos ayuda.,LUWANTULLIDEK KATU'PA',necesitábamos ayuda.,luwantullidek katu'pa'
U02079,many_to_one_shiwilu,SHIWILU tiene 2 traducciones ESP diferentes,Solo ignórala.,LUWE'CHINBUER',solo ignórala.,luwe'chinbuer'
U02080,many_to_one_shiwilu,SHIWILU tiene 2 traducciones ESP diferentes,Ignórala.,LUWE'CHINBUER',ignórala.,luwe'chinbuer'
U00528,many_to_one_shiwilu,SHIWILU tiene 2 traducciones ESP diferentes,La conozco.,LUWER'CHAPALEK,la conozco.,luwer'chapalek
U00529,many_to_one_shiwilu,SHIWILU tiene 2 traducciones ESP diferentes,Lo conozco.,LUWER'CHAPALEK,lo conozco.,luwer'chapalek
U01911,many_to_one_shiwilu,SHIWILU tiene 2 traducciones ESP diferentes,Me ignorabas.,LUWER'CHI'NUN,me ignorabas.,luwer'chi'nun
U01912,many_to_one_shiwilu,SHIWILU tiene 2 traducciones ESP diferentes,Me ignoraste.,LUWER'CHI'NUN,me ignoraste.,luwer'chi'nun
U02004,many_to_one_shiwilu,SHIWILU tiene 2 traducciones ESP diferentes,Odio pelear.,LUYULEK IDENMAAK,odio pelear.,luyulek idenmaak
U02005,many_to_one_shiwilu,SHIWILU tiene 2 traducciones ESP diferentes,Detesto pelear.,LUYULEK IDENMAAK,detesto pelear.,luyulek idenmaak
U01723,many_to_one_shiwilu,SHIWILU tiene 2 traducciones ESP diferentes,Odio bailar.,LUYULEK LANSA'AK,odio bailar.,luyulek lansa'ak
U01724,many_to_one_shiwilu,SHIWILU tiene 2 traducciones ESP diferentes,Detesto bailar.,LUYULEK LANSA'AK,detesto bailar.,luyulek lansa'ak
U01402,many_to_one_shiwilu,SHIWILU tiene 2 traducciones ESP diferentes,Odio volar.,LUYULEK PENNU'AK,odio volar.,luyulek pennu'ak
U01403,many_to_one_shiwilu,SHIWILU tiene 2 traducciones ESP diferentes,Detesto volar.,LUYULEK PENNU'AK,detesto volar.,luyulek pennu'ak
U01404,many_to_one_shiwilu,SHIWILU tiene 2 traducciones ESP diferentes,Odio perder.,LUYULEK WER'AK,odio perder.,luyulek wer'ak
U01405,many_to_one_shiwilu,SHIWILU tiene 2 traducciones ESP diferentes,Detesto perder.,LUYULEK WER'AK,detesto perder.,luyulek wer'ak
U00426,many_to_one_shiwilu,SHIWILU tiene 2 traducciones ESP diferentes,Toma esto.,MA'TA ASU',toma esto.,ma'ta asu'
U00427,many_to_one_shiwilu,SHIWILU tiene 2 traducciones ESP diferentes,Tome esto.,MA'TA ASU',tome esto.,ma'ta asu'
U01773,many_to_one_shiwilu,SHIWILU tiene 2 traducciones ESP diferentes,Estoy desempleado.,MAKEK SAKA'TAPI'NEK,estoy desempleado.,makek saka'tapi'nek
U01775,many_to_one_shiwilu,SHIWILU tiene 2 traducciones ESP diferentes,Estoy desempleada.,MAKEK SAKA'TAPI'NEK,estoy desempleada.,makek saka'tapi'nek
U04582,many_to_one_shiwilu,SHIWILU tiene 2 traducciones ESP diferentes,voy a coger,mechek,voy a coger,mechek
U00198,many_to_one_shiwilu,SHIWILU tiene 2 traducciones ESP diferentes,Estoy lleno.,MER'SU' ÑAPALEK,estoy lleno.,mer'su' ñapalek
U00199,many_to_one_shiwilu,SHIWILU tiene 2 traducciones ESP diferentes,Estoy llena.,MER'SU' ÑAPALEK,estoy llena.,mer'su' ñapalek
U04712,many_to_one_shiwilu,SHIWILU tiene 2 traducciones ESP diferentes,barriga,merpi,barriga,merpi
U00094,many_to_one_shiwilu,SHIWILU tiene 2 traducciones ESP diferentes,Estoy afectado.,MUIN'SU' ÑAPALEK,estoy afectado.,muin'su' ñapalek
U00514,many_to_one_shiwilu,SHIWILU tiene 2 traducciones ESP diferentes,Estoy aburrida.,MUIN'SU' ÑAPALEK,estoy aburrida.,muin'su' ñapalek
U00053,many_to_one_shiwilu,SHIWILU tiene 2 traducciones ESP diferentes,Sean gentiles.,MUKANKAN ÑIKER',sean gentiles.,mukankan ñiker'
U00054,many_to_one_shiwilu,SHIWILU tiene 2 traducciones ESP diferentes,Sé agradable.,MUKANKAN ÑIKER',sé agradable.,mukankan ñiker'
U00098,many_to_one_shiwilu,SHIWILU tiene 3 traducciones ESP diferentes,Está bien.,MUPALLI,está bien.,mupalli
U00411,many_to_one_shiwilu,SHIWILU tiene 3 traducciones ESP diferentes,Está buena.,MUPALLI,está buena.,mupalli
U01127,many_to_one_shiwilu,SHIWILU tiene 3 traducciones ESP diferentes,Está perfecto.,MUPALLI,está perfecto.,mupalli
U00125,many_to_one_shiwilu,SHIWILU tiene 2 traducciones ESP diferentes,Bienvenidos.,MUWENCHA'KU',bienvenidos.,muwencha'ku'
U00126,many_to_one_shiwilu,SHIWILU tiene 2 traducciones ESP diferentes,Bienvenidas.,MUWENCHA'KU',bienvenidas.,muwencha'ku'
U00836,many_to_one_shiwilu,SHIWILU tiene 2 traducciones ESP diferentes,Pasó.,NAKULLI ,pasó.,nakulli
U04639,many_to_one_shiwilu,SHIWILU tiene 2 traducciones ESP diferentes,pasó,nakulli,pasó,nakulli
U01562,many_to_one_shiwilu,SHIWILU tiene 2 traducciones ESP diferentes,Estamos arruinados.,NAKUSU' MUIN'SU' ÑAPALLIDEK ,estamos arruinados.,nakusu' muin'su' ñapallidek
U01563,many_to_one_shiwilu,SHIWILU tiene 2 traducciones ESP diferentes,Estamos condenados.,NAKUSU' MUIN'SU' ÑAPALLIDEK ,estamos condenados.,nakusu' muin'su' ñapallidek
U01105,many_to_one_shiwilu,SHIWILU tiene 2 traducciones ESP diferentes,Estoy congelado.,NAKUSU' SANEKWANTULEK,estoy congelado.,nakusu' sanekwantulek
U01106,many_to_one_shiwilu,SHIWILU tiene 2 traducciones ESP diferentes,Estoy helado.,NAKUSU' SANEKWANTULEK,estoy helado.,nakusu' sanekwantulek
U03779,many_to_one_shiwilu,SHIWILU tiene 2 traducciones ESP diferentes,ella sube al segundo piso.,NANA CHINTEK'LLI KATU' MUSEN'KEK,ella sube al segundo piso.,nana chintek'lli katu' musen'kek
U03796,many_to_one_shiwilu,SHIWILU tiene 2 traducciones ESP diferentes,él sube al segundo piso.,NANA CHINTEK'LLI KATU' MUSEN'KEK,él sube al segundo piso.,nana chintek'lli katu' musen'kek
U00408,many_to_one_shiwilu,SHIWILU tiene 2 traducciones ESP diferentes,Ella anda.,NANA DEKUNDULLI,ella anda.,nana dekundulli
U00409,many_to_one_shiwilu,SHIWILU tiene 2 traducciones ESP diferentes,Ella camina.,NANA DEKUNDULLI,ella camina.,nana dekundulli
U03405,many_to_one_shiwilu,SHIWILU tiene 2 traducciones ESP diferentes,ella no cierra la mochila.,NANA KU'LA UNKUI'ÑI NANA MUCHILA,ella no cierra la mochila.,nana ku'la unkui'ñi nana muchila
U03419,many_to_one_shiwilu,SHIWILU tiene 2 traducciones ESP diferentes,él no cierra la mochila.,NANA KU'LA UNKUI'ÑI NANA MUCHILA,él no cierra la mochila.,nana ku'la unkui'ñi nana muchila
U03642,many_to_one_shiwilu,SHIWILU tiene 2 traducciones ESP diferentes,ella odia la tarea.,NANA LUYULLI YANU'TA'SU',ella odia la tarea.,nana luyulli yanu'ta'su'
U03653,many_to_one_shiwilu,SHIWILU tiene 2 traducciones ESP diferentes,él odia la tarea.,NANA LUYULLI YANU'TA'SU',él odia la tarea.,nana luyulli yanu'ta'su'
U00583,many_to_one_shiwilu,SHIWILU tiene 2 traducciones ESP diferentes,Eso pasa.,NANA NAKULLI,eso pasa.,nana nakulli
U00837,many_to_one_shiwilu,SHIWILU tiene 2 traducciones ESP diferentes,Eso sucedió.,NANA NAKULLI,eso sucedió.,nana nakulli
U00076,many_to_one_shiwilu,SHIWILU tiene 2 traducciones ESP diferentes,Él vino.,NANA UK'LLI,él vino.,nana uk'lli
U00240,many_to_one_shiwilu,SHIWILU tiene 2 traducciones ESP diferentes,Ella vino.,NANA UK'LLI,ella vino.,nana uk'lli
U03826,many_to_one_shiwilu,SHIWILU tiene 2 traducciones ESP diferentes,las niñas no ven el sol.,NANA WILA'KU'APERLU'SA' KU'LA' LLIAPI'ÑI'NA' KEK'KI,las niñas no ven el sol.,nana wila'ku'aperlu'sa' ku'la' lliapi'ñi'na' kek'ki
U03827,many_to_one_shiwilu,SHIWILU tiene 2 traducciones ESP diferentes,los niños no ven el sol.,NANA WILA'KU'APERLU'SA' KU'LA' LLIAPI'ÑI'NA' KEK'KI,los niños no ven el sol.,nana wila'ku'aperlu'sa' ku'la' lliapi'ñi'na' kek'ki
U00077,many_to_one_shiwilu,SHIWILU tiene 3 traducciones ESP diferentes,Él renunció.,NANA YUNSU'LLI,él renunció.,nana yunsu'lli
U01173,many_to_one_shiwilu,SHIWILU tiene 3 traducciones ESP diferentes,Ella salió.,NANA YUNSU'LLI,ella salió.,nana yunsu'lli
U01989,many_to_one_shiwilu,SHIWILU tiene 3 traducciones ESP diferentes,Él salió.,NANA YUNSU'LLI,él salió.,nana yunsu'lli
U01533,many_to_one_shiwilu,SHIWILU tiene 2 traducciones ESP diferentes,Es suficiente.,NANASA',es suficiente.,nanasa'
U02059,many_to_one_shiwilu,SHIWILU tiene 2 traducciones ESP diferentes,Suficiente.,NANASA',suficiente.,nanasa'
U03380,many_to_one_shiwilu,SHIWILU tiene 2 traducciones ESP diferentes,el niño camina muy rápido.,NANAWILA DEKKUNTULLI NAKUSU' WIU'KSU',el niño camina muy rápido.,nanawila dekkuntulli nakusu' wiu'ksu'
U03381,many_to_one_shiwilu,SHIWILU tiene 2 traducciones ESP diferentes,ella camina muy rápido.,NANAWILA DEKKUNTULLI NAKUSU' WIU'KSU',ella camina muy rápido.,nanawila dekkuntulli nakusu' wiu'ksu'
U00421,many_to_one_shiwilu,SHIWILU tiene 2 traducciones ESP diferentes,Deténlos.,NANEK LIA'INA',deténlos.,nanek lia'ina'
U00422,many_to_one_shiwilu,SHIWILU tiene 2 traducciones ESP diferentes,Párales.,NANEK LIA'INA',párales.,nanek lia'ina'
U01359,many_to_one_shiwilu,SHIWILU tiene 2 traducciones ESP diferentes,Espera ahí.,NANEK WATENKER',espera ahí.,nanek watenker'
U01360,many_to_one_shiwilu,SHIWILU tiene 2 traducciones ESP diferentes,Espere allí.,NANEK WATENKER',espere allí.,nanek watenker'
U00121,many_to_one_shiwilu,SHIWILU tiene 2 traducciones ESP diferentes,Crudo,NANPI,crudo,nanpi
U00122,many_to_one_shiwilu,SHIWILU tiene 2 traducciones ESP diferentes,Vivo,NANPI,vivo,nanpi
U00228,many_to_one_shiwilu,SHIWILU tiene 3 traducciones ESP diferentes,Es viejo.,NAPI'DA' NUKA'A,es viejo.,napi'da' nuka'a
U00619,many_to_one_shiwilu,SHIWILU tiene 3 traducciones ESP diferentes,Es vieja.,NAPI'DA' NUKA'A,es vieja.,napi'da' nuka'a
U01486,many_to_one_shiwilu,SHIWILU tiene 3 traducciones ESP diferentes,Es obsoleto.,NAPI'DA' NUKA'A,es obsoleto.,napi'da' nuka'a
U03384,many_to_one_shiwilu,SHIWILU tiene 2 traducciones ESP diferentes,ellas caminan muy rápido.,NAWA' DEKKUNTULLINA' NAKUSU' WIU'KSU',ellas caminan muy rápido.,nawa' dekkuntullina' nakusu' wiu'ksu'
U03385,many_to_one_shiwilu,SHIWILU tiene 2 traducciones ESP diferentes,ellos caminan muy rápido.,NAWA' DEKKUNTULLINA' NAKUSU' WIU'KSU',ellos caminan muy rápido.,nawa' dekkuntullina' nakusu' wiu'ksu'
U03714,many_to_one_shiwilu,SHIWILU tiene 2 traducciones ESP diferentes,ellas no olvidan una fecha importante.,NAWA' KU'LA PINANER'I'ÑINA' ALA'SA UKLI MUA'SU',ellas no olvidan una fecha importante.,nawa' ku'la pinaner'i'ñina' ala'sa ukli mua'su'
U03716,many_to_one_shiwilu,SHIWILU tiene 2 traducciones ESP diferentes,ellos no olvidan una fecha importante.,NAWA' KU'LA PINANER'I'ÑINA' ALA'SA UKLI MUA'SU',ellos no olvidan una fecha importante.,nawa' ku'la pinaner'i'ñina' ala'sa ukli mua'su'
U03499,many_to_one_shiwilu,SHIWILU tiene 2 traducciones ESP diferentes,ellas no esperan en silencio.,NAWA' KU'LA WA'TENCHI'ÑINA' TA'TULAN'NA',ellas no esperan en silencio.,nawa' ku'la wa'tenchi'ñina' ta'tulan'na'
U03502,many_to_one_shiwilu,SHIWILU tiene 2 traducciones ESP diferentes,ellos no esperan en silencio.,NAWA' KU'LA WA'TENCHI'ÑINA' TA'TULAN'NA',ellos no esperan en silencio.,nawa' ku'la wa'tenchi'ñina' ta'tulan'na'
U03274,many_to_one_shiwilu,SHIWILU tiene 2 traducciones ESP diferentes,Ellos están construyendo una casa.,NAWA' NU'TAPALLINA ALA'SA' PIDEK,ellos están construyendo una casa.,nawa' nu'tapallina ala'sa' pidek
U03423,many_to_one_shiwilu,SHIWILU tiene 2 traducciones ESP diferentes,ellas construyen una casa.,NAWA' NU'TAPALLINA ALA'SA' PIDEK,ellas construyen una casa.,nawa' nu'tapallina ala'sa' pidek
U03362,many_to_one_shiwilu,SHIWILU tiene 2 traducciones ESP diferentes,ellas bajan al río.,NAWA' NU'WAÑINA' KUPIN'DEK'SHADIK,ellas bajan al río.,nawa' nu'wañina' kupin'dek'shadik
U03363,many_to_one_shiwilu,SHIWILU tiene 2 traducciones ESP diferentes,ellos bajan al río.,NAWA' NU'WAÑINA' KUPIN'DEK'SHADIK,ellos bajan al río.,nawa' nu'wañina' kupin'dek'shadik
U03764,many_to_one_shiwilu,SHIWILU tiene 2 traducciones ESP diferentes,ellas no recuerdan su nombre.,NAWA'KU'LA LLI'INUTAPI'ÑINA LLILLINEN,ellas no recuerdan su nombre.,nawa'ku'la lli'inutapi'ñina llillinen
U03767,many_to_one_shiwilu,SHIWILU tiene 2 traducciones ESP diferentes,ellos no recuerdan su nombre.,NAWA'KU'LA LLI'INUTAPI'ÑINA LLILLINEN,ellos no recuerdan su nombre.,nawa'ku'la lli'inutapi'ñina llillinen
U02223,many_to_one_shiwilu,SHIWILU tiene 2 traducciones ESP diferentes,Respira normal.,NERIKER' U'CHIMU,respira normal.,neriker' u'chimu
U02224,many_to_one_shiwilu,SHIWILU tiene 2 traducciones ESP diferentes,Respira tranquilo.,NERIKER' U'CHIMU,respira tranquilo.,neriker' u'chimu
U00227,many_to_one_shiwilu,SHIWILU tiene 3 traducciones ESP diferentes,Es extraño.,NERPI'LA NUKA'A,es extraño.,nerpi'la nuka'a
U01192,many_to_one_shiwilu,SHIWILU tiene 3 traducciones ESP diferentes,Es raro.,NERPI'LA NUKA'A,es raro.,nerpi'la nuka'a
U01804,many_to_one_shiwilu,SHIWILU tiene 3 traducciones ESP diferentes,Es diferente.,NERPI'LA NUKA'A,es diferente.,nerpi'la nuka'a
U01275,many_to_one_shiwilu,SHIWILU tiene 2 traducciones ESP diferentes,Prometiste.,NU'TECHUN TUWINA,prometiste.,nu'techun tuwina
U01282,many_to_one_shiwilu,SHIWILU tiene 2 traducciones ESP diferentes,Lo prometiste.,NU'TECHUN TUWINA,lo prometiste.,nu'techun tuwina
U00894,many_to_one_shiwilu,SHIWILU tiene 2 traducciones ESP diferentes,Lo hicieron.,NU'TULLINA',lo hicieron.,nu'tullina'
U00895,many_to_one_shiwilu,SHIWILU tiene 2 traducciones ESP diferentes,Lo lograron.,NU'TULLINA',lo lograron.,nu'tullina'
U00061,many_to_one_shiwilu,SHIWILU tiene 3 traducciones ESP diferentes,Bájate.,NU'WANKER',bájate.,nu'wanker'
U01013,many_to_one_shiwilu,SHIWILU tiene 3 traducciones ESP diferentes,Baja.,NU'WANKER',baja.,nu'wanker'
U01014,many_to_one_shiwilu,SHIWILU tiene 3 traducciones ESP diferentes,Baje.,NU'WANKER',baje.,nu'wanker'
U00688,many_to_one_shiwilu,SHIWILU tiene 2 traducciones ESP diferentes,Debemos irnos.,PA'A'KAWA'SU' ÑAPALLI,debemos irnos.,pa'a'kawa'su' ñapalli
U01244,many_to_one_shiwilu,SHIWILU tiene 2 traducciones ESP diferentes,Deberíamos irnos.,PA'A'KAWA'SU' ÑAPALLI,deberíamos irnos.,pa'a'kawa'su' ñapalli
U00090,many_to_one_shiwilu,SHIWILU tiene 2 traducciones ESP diferentes,Iré.,PA'ECHEK,iré.,pa'echek
U00000,many_to_one_shiwilu,SHIWILU tiene 3 traducciones ESP diferentes,Ve.,PAKER',ve.,paker'
U00001,many_to_one_shiwilu,SHIWILU tiene 3 traducciones ESP diferentes,Vete.,PAKER',vete.,paker'
U00002,many_to_one_shiwilu,SHIWILU tiene 3 traducciones ESP diferentes,Vaya.,PAKER',vaya.,paker'
U00380,many_to_one_shiwilu,SHIWILU tiene 2 traducciones ESP diferentes,Ahora vete.,PAKER' IPA'LA,ahora vete.,paker' ipa'la
U00381,many_to_one_shiwilu,SHIWILU tiene 2 traducciones ESP diferentes,Ahora lárgate.,PAKER' IPA'LA,ahora lárgate.,paker' ipa'la
U02044,many_to_one_shiwilu,SHIWILU tiene 2 traducciones ESP diferentes,Te premiaré.,PANUERKEN,te premiaré.,panuerken
U02045,many_to_one_shiwilu,SHIWILU tiene 2 traducciones ESP diferentes,Te recompensaré.,PANUERKEN,te recompensaré.,panuerken
U01764,many_to_one_shiwilu,SHIWILU tiene 2 traducciones ESP diferentes,Te llamaré.,PEKLUE'CHEN,te llamaré.,peklue'chen
U01767,many_to_one_shiwilu,SHIWILU tiene 2 traducciones ESP diferentes,Te invitaré.,PEKLUE'CHEN,te invitaré.,peklue'chen
U04545,many_to_one_shiwilu,SHIWILU tiene 2 traducciones ESP diferentes,fuego,pen,fuego,pen
U04779,many_to_one_shiwilu,SHIWILU tiene 2 traducciones ESP diferentes,candela,pen,candela,pen
U00160,many_to_one_shiwilu,SHIWILU tiene 6 traducciones ESP diferentes,Agárralo.,PILLI'TER',agárralo.,pilli'ter'
U00286,many_to_one_shiwilu,SHIWILU tiene 6 traducciones ESP diferentes,Captúralo.,PILLI'TER',captúralo.,pilli'ter'
U00289,many_to_one_shiwilu,SHIWILU tiene 6 traducciones ESP diferentes,Atrápalo.,PILLI'TER',atrápalo.,pilli'ter'
U00405,many_to_one_shiwilu,SHIWILU tiene 6 traducciones ESP diferentes,¡Cogedlo!,PILLI'TER',¡cogedlo!,pilli'ter'
U00406,many_to_one_shiwilu,SHIWILU tiene 6 traducciones ESP diferentes,¡Arrestadlo!,PILLI'TER',¡arrestadlo!,pilli'ter'
U00407,many_to_one_shiwilu,SHIWILU tiene 6 traducciones ESP diferentes,¡Prendedlo!,PILLI'TER',¡prendedlo!,pilli'ter'
U00073,many_to_one_shiwilu,SHIWILU tiene 2 traducciones ESP diferentes,Agarra fuertemente.,PILLI'TER' IKERSU',agarra fuertemente.,pilli'ter' ikersu'
U01377,many_to_one_shiwilu,SHIWILU tiene 2 traducciones ESP diferentes,Sujétalo fuerte.,PILLI'TER' IKERSU',sujétalo fuerte.,pilli'ter' ikersu'
U00287,many_to_one_shiwilu,SHIWILU tiene 2 traducciones ESP diferentes,Captúrenlo.,PILLI'TUKU',captúrenlo.,pilli'tuku'
U00288,many_to_one_shiwilu,SHIWILU tiene 2 traducciones ESP diferentes,Atrápenlo.,PILLI'TUKU',atrápenlo.,pilli'tuku'
U00307,many_to_one_shiwilu,SHIWILU tiene 2 traducciones ESP diferentes,Agarra esto.,PILLITER' ASU',agarra esto.,pilliter' asu'
U00311,many_to_one_shiwilu,SHIWILU tiene 2 traducciones ESP diferentes,Sostén esto.,PILLITER' ASU',sostén esto.,pilliter' asu'
U04770,length_issue|many_to_one_shiwilu,SHIWILU tiene 2 traducciones ESP diferentes || ESP mucho más largo que SHIWILU (ratio: 4.00),vasija para sacar agua,puiñu,vasija para sacar agua,puiñu
U04798,length_issue|many_to_one_shiwilu,SHIWILU tiene 2 traducciones ESP diferentes || ESP mucho más largo que SHIWILU (ratio: 5.00),vasija de barro para agua,puiñu,vasija de barro para agua,puiñu
U01798,many_to_one_shiwilu,SHIWILU tiene 2 traducciones ESP diferentes,Estaba nevando.,PULUNKER'APAWIÑI,estaba nevando.,pulunker'apawiñi
U01799,many_to_one_shiwilu,SHIWILU tiene 2 traducciones ESP diferentes,Nevaba.,PULUNKER'APAWIÑI,nevaba.,pulunker'apawiñi
U04774,many_to_one_shiwilu,SHIWILU tiene 2 traducciones ESP diferentes,bufeo; lombriz gruesa,sapana',bufeo; lombriz gruesa,sapana'
U04814,many_to_one_shiwilu,SHIWILU tiene 2 traducciones ESP diferentes,bufeo,sapana',bufeo,sapana'
U01362,many_to_one_shiwilu,SHIWILU tiene 2 traducciones ESP diferentes,Guarda eso.,SEKDIPERKER' NANA,guarda eso.,sekdiperker' nana
U01363,many_to_one_shiwilu,SHIWILU tiene 2 traducciones ESP diferentes,Conserva eso.,SEKDIPERKER' NANA,conserva eso.,sekdiperker' nana
U04837,length_issue|many_to_one_shiwilu,SHIWILU tiene 2 traducciones ESP diferentes || ESP mucho más largo que SHIWILU (ratio: 5.00),mujer de edad; hermana mayor,sha'sha,mujer de edad; hermana mayor,sha'sha
U04843,many_to_one_shiwilu,SHIWILU tiene 2 traducciones ESP diferentes,soga larga,shillin,soga larga,shillin
U01819,many_to_one_shiwilu,SHIWILU tiene 2 traducciones ESP diferentes,Déjame sentirlo.,TA'ITULA'U LAUK'ECHEK,déjame sentirlo.,ta'itula'u lauk'echek
U01820,many_to_one_shiwilu,SHIWILU tiene 2 traducciones ESP diferentes,Déjame oírlo.,TA'ITULA'U LAUK'ECHEK,déjame oírlo.,ta'itula'u lauk'echek
U00600,many_to_one_shiwilu,SHIWILU tiene 2 traducciones ESP diferentes,Déjame ver.,TA'ITULA'U LLI'ECHEK,déjame ver.,ta'itula'u lli'echek
U01496,many_to_one_shiwilu,SHIWILU tiene 2 traducciones ESP diferentes,Déjame verlo.,TA'ITULA'U LLI'ECHEK,déjame verlo.,ta'itula'u lli'echek
U01497,many_to_one_shiwilu,SHIWILU tiene 2 traducciones ESP diferentes,Déjame intentarlo.,TA'ITULA'U TEKLE'RICHEK,déjame intentarlo.,ta'itula'u tekle'richek
U01498,many_to_one_shiwilu,SHIWILU tiene 2 traducciones ESP diferentes,Déjame probarlo.,TA'ITULA'U TEKLE'RICHEK,déjame probarlo.,ta'itula'u tekle'richek
U00384,many_to_one_shiwilu,SHIWILU tiene 2 traducciones ESP diferentes,Déjame entrar.,TA'ITULA'U YADA'LEK,déjame entrar.,ta'itula'u yada'lek
U00385,many_to_one_shiwilu,SHIWILU tiene 2 traducciones ESP diferentes,Déjeme entrar.,TA'ITULA'U YADA'LEK,déjeme entrar.,ta'itula'u yada'lek
U01489,many_to_one_shiwilu,SHIWILU tiene 2 traducciones ESP diferentes,Déjelo.,TA'ITULER',déjelo.,ta'ituler'
U01532,many_to_one_shiwilu,SHIWILU tiene 2 traducciones ESP diferentes,Ya basta.,TA'ITULER',ya basta.,ta'ituler'
U01526,many_to_one_shiwilu,SHIWILU tiene 2 traducciones ESP diferentes,Habla bajito.,TA'TULA'SHASU' LUNKER',habla bajito.,ta'tula'shasu' lunker'
U01527,many_to_one_shiwilu,SHIWILU tiene 2 traducciones ESP diferentes,Habla calladito.,TA'TULA'SHASU' LUNKER',habla calladito.,ta'tula'shasu' lunker'
U00284,many_to_one_shiwilu,SHIWILU tiene 3 traducciones ESP diferentes,Cálmate.,TA'TULER',cálmate.,ta'tuler'
U00285,many_to_one_shiwilu,SHIWILU tiene 3 traducciones ESP diferentes,Tranquilízate.,TA'TULER',tranquilízate.,ta'tuler'
U01179,many_to_one_shiwilu,SHIWILU tiene 3 traducciones ESP diferentes,Cállate.,TA'TULER',cállate.,ta'tuler'
U00934,many_to_one_shiwilu,SHIWILU tiene 2 traducciones ESP diferentes,Te queremos.,TANDENÑIDEN,te queremos.,tandenñiden
U00935,many_to_one_shiwilu,SHIWILU tiene 2 traducciones ESP diferentes,Te amamos.,TANDENÑIDEN,te amamos.,tandenñiden
U00590,many_to_one_shiwilu,SHIWILU tiene 2 traducciones ESP diferentes,Hace viento.,TANLUWATAPALLI,hace viento.,tanluwatapalli
U00845,many_to_one_shiwilu,SHIWILU tiene 2 traducciones ESP diferentes,Hace fresco.,TANLUWATAPALLI,hace fresco.,tanluwatapalli
U00532,many_to_one_shiwilu,SHIWILU tiene 2 traducciones ESP diferentes,Me gustó.,TANTENWINEK,me gustó.,tantenwinek
U00785,many_to_one_shiwilu,SHIWILU tiene 2 traducciones ESP diferentes,La amaba.,TANTENWINEK,la amaba.,tantenwinek
U00531,many_to_one_shiwilu,SHIWILU tiene 2 traducciones ESP diferentes,Me agradas.,TANTEÑEK,me agradas.,tanteñek
U00533,many_to_one_shiwilu,SHIWILU tiene 2 traducciones ESP diferentes,Lo amo.,TANTEÑEK,lo amo.,tanteñek
U04501,many_to_one_shiwilu,SHIWILU tiene 2 traducciones ESP diferentes,PAPÁ,TATA,papá,tata
U04849,many_to_one_shiwilu,SHIWILU tiene 2 traducciones ESP diferentes,padre,tata,padre,tata
U01909,many_to_one_shiwilu,SHIWILU tiene 2 traducciones ESP diferentes,"Sí, claro.",TEKINCHI,"sí, claro.",tekinchi
U01910,many_to_one_shiwilu,SHIWILU tiene 2 traducciones ESP diferentes,"Sí, ciertamente.",TEKINCHI,"sí, ciertamente.",tekinchi
U01120,many_to_one_shiwilu,SHIWILU tiene 3 traducciones ESP diferentes,Ha empezado.,TENMIANSU'LLI,ha empezado.,tenmiansu'lli
U01121,many_to_one_shiwilu,SHIWILU tiene 3 traducciones ESP diferentes,Empezó.,TENMIANSU'LLI,empezó.,tenmiansu'lli
U01122,many_to_one_shiwilu,SHIWILU tiene 3 traducciones ESP diferentes,Comenzó.,TENMIANSU'LLI,comenzó.,tenmiansu'lli
U00907,many_to_one_shiwilu,SHIWILU tiene 2 traducciones ESP diferentes,Tom cambió.,TOM A'PAWILLEK'LLI,tom cambió.,tom a'pawillek'lli
U00908,many_to_one_shiwilu,SHIWILU tiene 2 traducciones ESP diferentes,Tom varió.,TOM A'PAWILLEK'LLI,tom varió.,tom a'pawillek'lli
U01215,many_to_one_shiwilu,SHIWILU tiene 2 traducciones ESP diferentes,Tom canceló.,TOM A'TA'WANTULLI,tom canceló.,tom a'ta'wantulli
U01216,many_to_one_shiwilu,SHIWILU tiene 2 traducciones ESP diferentes,Tom terminó.,TOM A'TA'WANTULLI,tom terminó.,tom a'ta'wantulli
U00656,many_to_one_shiwilu,SHIWILU tiene 2 traducciones ESP diferentes,Tom peleó.,TOM IDENMALLI,tom peleó.,tom idenmalli
U00657,many_to_one_shiwilu,SHIWILU tiene 2 traducciones ESP diferentes,Tom luchó.,TOM IDENMALLI,tom luchó.,tom idenmalli
U01223,many_to_one_shiwilu,SHIWILU tiene 2 traducciones ESP diferentes,Tom tartamudea.,TOM MUSU' LUNPI'ÑI,tom tartamudea.,tom musu' lunpi'ñi
U01224,many_to_one_shiwilu,SHIWILU tiene 2 traducciones ESP diferentes,Tom balbucea.,TOM MUSU' LUNPI'ÑI,tom balbucea.,tom musu' lunpi'ñi
U00116,many_to_one_shiwilu,SHIWILU tiene 2 traducciones ESP diferentes,Tom corrió.,TOM TEKA'LLI,tom corrió.,tom teka'lli
U01220,many_to_one_shiwilu,SHIWILU tiene 2 traducciones ESP diferentes,Tom huyó.,TOM TEKA'LLI,tom huyó.,tom teka'lli
U00652,many_to_one_shiwilu,SHIWILU tiene 2 traducciones ESP diferentes,Tom bebe.,TOM UWAPALLI,tom bebe.,tom uwapalli
U00653,many_to_one_shiwilu,SHIWILU tiene 2 traducciones ESP diferentes,Tom toma.,TOM UWAPALLI,tom toma.,tom uwapalli
U00110,suspicious_content|many_to_one_shiwilu,"SHIWILU tiene 2 traducciones ESP diferentes || ESP contiene paréntesis (posible glosa); ESP contiene caracteres sospechosos: ['(', ')']",Páralo. (detener),TU'NEKER',páralo. (detener),tu'neker'
U00111,many_to_one_shiwilu,SHIWILU tiene 2 traducciones ESP diferentes,Deténlo.,TU'NEKER',deténlo.,tu'neker'
U00637,many_to_one_shiwilu,SHIWILU tiene 2 traducciones ESP diferentes,Engañaron.,TUMU'LLINA',engañaron.,tumu'llina'
U00969,many_to_one_shiwilu,SHIWILU tiene 2 traducciones ESP diferentes,Hicieron trampa.,TUMU'LLINA',hicieron trampa.,tumu'llina'
U01914,many_to_one_shiwilu,SHIWILU tiene 2 traducciones ESP diferentes,Nos mentiste.,TUMU'TULUNDEK,nos mentiste.,tumu'tulundek
U02203,many_to_one_shiwilu,SHIWILU tiene 2 traducciones ESP diferentes,Nos engañaste.,TUMU'TULUNDEK,nos engañaste.,tumu'tulundek
U01506,many_to_one_shiwilu,SHIWILU tiene 2 traducciones ESP diferentes,Mantengámoslo.,TUPI'WA',mantengámoslo.,tupi'wa'
U01507,many_to_one_shiwilu,SHIWILU tiene 2 traducciones ESP diferentes,Prosigamos.,TUPI'WA',prosigamos.,tupi'wa'
U01153,many_to_one_shiwilu,SHIWILU tiene 2 traducciones ESP diferentes,"Continúa, Tom.","TUPITER', TOM","continúa, tom.","tupiter', tom"
U01154,many_to_one_shiwilu,SHIWILU tiene 2 traducciones ESP diferentes,"Prosigue, Tom.","TUPITER', TOM","prosigue, tom.","tupiter', tom"
U01280,many_to_one_shiwilu,SHIWILU tiene 2 traducciones ESP diferentes,Prometieron.,TUWIÑINA' NU'TECHUNA,prometieron.,tuwiñina' nu'techuna
U01284,many_to_one_shiwilu,SHIWILU tiene 2 traducciones ESP diferentes,Lo prometieron.,TUWIÑINA' NU'TECHUNA,lo prometieron.,tuwiñina' nu'techuna
U01795,many_to_one_shiwilu,SHIWILU tiene 2 traducciones ESP diferentes,Fue ameno.,U'CHIMU ÑIWIÑI,fue ameno.,u'chimu ñiwiñi
U01796,many_to_one_shiwilu,SHIWILU tiene 2 traducciones ESP diferentes,Era perfecto.,U'CHIMU ÑIWIÑI,era perfecto.,u'chimu ñiwiñi
U00376,many_to_one_shiwilu,SHIWILU tiene 2 traducciones ESP diferentes,Mantente caliente.,UKAPISU' ÑAPER',mantente caliente.,ukapisu' ñaper'
U00377,many_to_one_shiwilu,SHIWILU tiene 2 traducciones ESP diferentes,Manténgase caliente.,UKAPISU' ÑAPER',manténgase caliente.,ukapisu' ñaper'
U04803,many_to_one_shiwilu,SHIWILU tiene 2 traducciones ESP diferentes,comida; comer,uran,comida; comer,uran
U04880,many_to_one_shiwilu,SHIWILU tiene 2 traducciones ESP diferentes,comida,uran,comida,uran
U00021,suspicious_content|many_to_one_shiwilu,"SHIWILU tiene 2 traducciones ESP diferentes || ESP contiene paréntesis (posible glosa); ESP contiene caracteres sospechosos: ['(', ')']",Levanta. (un objeto),USANKER',levanta. (un objeto),usanker'
U00612,many_to_one_shiwilu,SHIWILU tiene 2 traducciones ESP diferentes,Levántalo.,USANKER',levántalo.,usanker'
U00801,many_to_one_shiwilu,SHIWILU tiene 2 traducciones ESP diferentes,Me despidieron.,USU'LLINER'KU ,me despidieron.,usu'lliner'ku
U02033,many_to_one_shiwilu,SHIWILU tiene 2 traducciones ESP diferentes,Fui despedido.,USU'LLINER'KU,fui despedido.,usu'lliner'ku
U01113,many_to_one_shiwilu,SHIWILU tiene 2 traducciones ESP diferentes,Soy inquieto.,WA'DANPINTEK NUKA'KA,soy inquieto.,wa'danpintek nuka'ka
U01114,many_to_one_shiwilu,SHIWILU tiene 2 traducciones ESP diferentes,Soy intranquilo.,WA'DANPINTEK NUKA'KA,soy intranquilo.,wa'danpintek nuka'ka
U00921,many_to_one_shiwilu,SHIWILU tiene 2 traducciones ESP diferentes,Esperame.,WA'TEN'U,esperame.,wa'ten'u
U01034,many_to_one_shiwilu,SHIWILU tiene 2 traducciones ESP diferentes,Deme tiempo.,WA'TEN'U,deme tiempo.,wa'ten'u
U00080,many_to_one_shiwilu,SHIWILU tiene 3 traducciones ESP diferentes,Espera.,WA'TENKER',espera.,wa'tenker'
U00248,many_to_one_shiwilu,SHIWILU tiene 3 traducciones ESP diferentes,Un momento.,WA'TENKER',un momento.,wa'tenker'
U02247,many_to_one_shiwilu,SHIWILU tiene 3 traducciones ESP diferentes,Un momentito.,WA'TENKER',un momentito.,wa'tenker'
U00443,many_to_one_shiwilu,SHIWILU tiene 2 traducciones ESP diferentes,Espera aquí.,WA'TENTER' ASEK,espera aquí.,wa'tenter' asek
U00444,many_to_one_shiwilu,SHIWILU tiene 2 traducciones ESP diferentes,Aguarda aquí.,WA'TENTER' ASEK,aguarda aquí.,wa'tenter' asek
U00208,many_to_one_shiwilu,SHIWILU tiene 2 traducciones ESP diferentes,Soy rica.,WAPU' KULLIKER'WANEK,soy rica.,wapu' kulliker'wanek
U00209,many_to_one_shiwilu,SHIWILU tiene 2 traducciones ESP diferentes,Soy rico.,WAPU' KULLIKER'WANEK,soy rico.,wapu' kulliker'wanek
U00093,many_to_one_shiwilu,SHIWILU tiene 2 traducciones ESP diferentes,Soy gorda.,WEILUNSU' NUKA'KA,soy gorda.,weilunsu' nuka'ka
U00346,many_to_one_shiwilu,SHIWILU tiene 2 traducciones ESP diferentes,Soy obesa.,WEILUNSU' NUKA'KA,soy obesa.,weilunsu' nuka'ka
U00143,many_to_one_shiwilu,SHIWILU tiene 2 traducciones ESP diferentes,Venga.,WENCHER',venga.,wencher'
U00291,many_to_one_shiwilu,SHIWILU tiene 2 traducciones ESP diferentes,Ven.,WENCHER',ven.,wencher'
U00292,many_to_one_shiwilu,SHIWILU tiene 2 traducciones ESP diferentes,Venid aquí.,WENCHER' ASEK,venid aquí.,wencher' asek
U01666,many_to_one_shiwilu,SHIWILU tiene 2 traducciones ESP diferentes,Ven acá.,WENCHER' ASEK,ven acá.,wencher' asek
U00124,many_to_one_shiwilu,SHIWILU tiene 2 traducciones ESP diferentes,Perdimos.,WER'LLIDEK,perdimos.,wer'llidek
U00933,many_to_one_shiwilu,SHIWILU tiene 2 traducciones ESP diferentes,Nos perdimos.,WER'LLIDEK,nos perdimos.,wer'llidek
U00085,many_to_one_shiwilu,SHIWILU tiene 2 traducciones ESP diferentes,Dormí.,WICHI'LEK,dormí.,wichi'lek
U01399,many_to_one_shiwilu,SHIWILU tiene 2 traducciones ESP diferentes,Me dormí.,WICHI'LEK,me dormí.,wichi'lek
U04675,suspicious_content|many_to_one_shiwilu,"SHIWILU tiene 2 traducciones ESP diferentes || ESP contiene paréntesis (posible glosa); ESP contiene caracteres sospechosos: ['(', ')']",niño(s),wila,niño(s),wila
U04883,many_to_one_shiwilu,SHIWILU tiene 2 traducciones ESP diferentes,niño,wila,niño,wila
U03479,many_to_one_shiwilu,SHIWILU tiene 2 traducciones ESP diferentes,la niña no escucha música.,WILA KU'APER KU'LA LAUK'I'ÑI' TULUNER',la niña no escucha música.,wila ku'aper ku'la lauk'i'ñi' tuluner'
U03480,many_to_one_shiwilu,SHIWILU tiene 2 traducciones ESP diferentes,la niña no escucha la música.,WILA KU'APER KU'LA LAUK'I'ÑI' TULUNER',la niña no escucha la música.,wila ku'aper ku'la lauk'i'ñi' tuluner'
U03482,many_to_one_shiwilu,SHIWILU tiene 2 traducciones ESP diferentes,los niños no escuchan música.,WILALUSA' KU'LA LAUK'I'ÑINA' TULUNER',los niños no escuchan música.,wilalusa' ku'la lauk'i'ñina' tuluner'
U03484,many_to_one_shiwilu,SHIWILU tiene 2 traducciones ESP diferentes,los niños no escuchan la música.,WILALUSA' KU'LA LAUK'I'ÑINA' TULUNER',los niños no escuchan la música.,wilalusa' ku'la lauk'i'ñina' tuluner'
U04510,many_to_one_shiwilu,SHIWILU tiene 2 traducciones ESP diferentes,HIJITO,WILAUKSHA,hijito,wilauksha
U04516,many_to_one_shiwilu,SHIWILU tiene 2 traducciones ESP diferentes,MI HIJITO,WILAUKSHA,mi hijito,wilauksha
U01183,many_to_one_shiwilu,SHIWILU tiene 3 traducciones ESP diferentes,Cuéntame más.,WINTU'U A'PINTA',cuéntame más.,wintu'u a'pinta'
U01184,many_to_one_shiwilu,SHIWILU tiene 3 traducciones ESP diferentes,Dime más.,WINTU'U A'PINTA',dime más.,wintu'u a'pinta'
U01185,many_to_one_shiwilu,SHIWILU tiene 3 traducciones ESP diferentes,Dígame más.,WINTU'U A'PINTA',dígame más.,wintu'u a'pinta'
U01186,many_to_one_shiwilu,SHIWILU tiene 3 traducciones ESP diferentes,Dinos más.,WINTU'UDEK A'PINTA',dinos más.,wintu'udek a'pinta'
U01187,many_to_one_shiwilu,SHIWILU tiene 3 traducciones ESP diferentes,Dígannos más.,WINTU'UDEK A'PINTA',dígannos más.,wintu'udek a'pinta'
U01188,many_to_one_shiwilu,SHIWILU tiene 3 traducciones ESP diferentes,Cuéntanos más.,WINTU'UDEK A'PINTA',cuéntanos más.,wintu'udek a'pinta'
U01345,many_to_one_shiwilu,SHIWILU tiene 2 traducciones ESP diferentes,Hazlo rápidamente.,WIU'SU' NU'TER',hazlo rápidamente.,wiu'su' nu'ter'
U01346,many_to_one_shiwilu,SHIWILU tiene 2 traducciones ESP diferentes,Hágalo rápido.,WIU'SU' NU'TER',hágalo rápido.,wiu'su' nu'ter'
U02027,many_to_one_shiwilu,SHIWILU tiene 2 traducciones ESP diferentes,Quiero conducir.,YAEKPA'LEK,quiero conducir.,yaekpa'lek
U02028,many_to_one_shiwilu,SHIWILU tiene 2 traducciones ESP diferentes,Quiero manejar.,YAEKPA'LEK,quiero manejar.,yaekpa'lek
U00494,many_to_one_shiwilu,SHIWILU tiene 2 traducciones ESP diferentes,No grites.,YALAMAPU'TA,no grites.,yalamapu'ta
U00743,many_to_one_shiwilu,SHIWILU tiene 2 traducciones ESP diferentes,No chilles.,YALAMAPU'TA,no chilles.,yalamapu'ta
U00596,many_to_one_shiwilu,SHIWILU tiene 2 traducciones ESP diferentes,Manténgase quieto.,YALENMEK'TA,manténgase quieto.,yalenmek'ta
U00183,many_to_one_shiwilu,SHIWILU tiene 2 traducciones ESP diferentes,Reí.,YAMERLEK',reí.,yamerlek'
U00326,many_to_one_shiwilu,SHIWILU tiene 2 traducciones ESP diferentes,Me reí.,YAMERLEK',me reí.,yamerlek'
U00081,many_to_one_shiwilu,SHIWILU tiene 3 traducciones ESP diferentes,Resista.,YAN'KATEK'TER',resista.,yan'katek'ter'
U00082,many_to_one_shiwilu,SHIWILU tiene 3 traducciones ESP diferentes,Resiste.,YAN'KATEK'TER',resiste.,yan'katek'ter'
U00726,many_to_one_shiwilu,SHIWILU tiene 3 traducciones ESP diferentes,Sé tolerante.,YAN'KATEK'TER',sé tolerante.,yan'katek'ter'
U01058,many_to_one_shiwilu,SHIWILU tiene 2 traducciones ESP diferentes,Quiero saberlo.,YAÑINCHITULEK,quiero saberlo.,yañinchitulek
U02029,many_to_one_shiwilu,SHIWILU tiene 2 traducciones ESP diferentes,Quiero aprender.,YAÑINCHITULEK,quiero aprender.,yañinchitulek
U00314,many_to_one_shiwilu,SHIWILU tiene 2 traducciones ESP diferentes,Estoy ocupada.,YEN'NICHI'NEK,estoy ocupada.,yen'nichi'nek
U00315,many_to_one_shiwilu,SHIWILU tiene 2 traducciones ESP diferentes,Estoy ocupado.,YEN'NICHI'NEK,estoy ocupado.,yen'nichi'nek
U00769,many_to_one_shiwilu,SHIWILU tiene 2 traducciones ESP diferentes,Puedo hacerlo.,YENNITULEK NU'TAK,puedo hacerlo.,yennitulek nu'tak
U01788,many_to_one_shiwilu,SHIWILU tiene 2 traducciones ESP diferentes,Puede hacerse.,YENNITULEK NU'TAK,puede hacerse.,yennitulek nu'tak
U00605,many_to_one_shiwilu,SHIWILU tiene 2 traducciones ESP diferentes,Renunciemos.,YUNSU'WA',renunciemos.,yunsu'wa'
U01148,many_to_one_shiwilu,SHIWILU tiene 2 traducciones ESP diferentes,Salgamos.,YUNSU'WA',salgamos.,yunsu'wa'
U00335,many_to_one_shiwilu,SHIWILU tiene 2 traducciones ESP diferentes,Estoy enojado.,YUSU' ÑAPALEK,estoy enojado.,yusu' ñapalek
U01109,many_to_one_shiwilu,SHIWILU tiene 2 traducciones ESP diferentes,Estoy indignado.,YUSU' ÑAPALEK,estoy indignado.,yusu' ñapalek
U01765,many_to_one_shiwilu,SHIWILU tiene 2 traducciones ESP diferentes,Lo regañaré.,YUTE'CHEK,lo regañaré.,yute'chek
U01766,many_to_one_shiwilu,SHIWILU tiene 2 traducciones ESP diferentes,Le reñiré.,YUTE'CHEK,le reñiré.,yute'chek
U01986,many_to_one_shiwilu,SHIWILU tiene 2 traducciones ESP diferentes,¡Dámelas!,¡ENKA'U!,¡dámelas!,¡enka'u!
U01987,many_to_one_shiwilu,SHIWILU tiene 2 traducciones ESP diferentes,¡Dámelos!,¡ENKA'U!,¡dámelos!,¡enka'u!
U01245,many_to_one_shiwilu,SHIWILU tiene 2 traducciones ESP diferentes,¡Lo conseguimos!,¡KANANEKWA'!,¡lo conseguimos!,¡kananekwa'!
U01246,many_to_one_shiwilu,SHIWILU tiene 2 traducciones ESP diferentes,¡Lo logramos!,¡KANANEKWA'!,¡lo logramos!,¡kananekwa'!
U00008,many_to_one_shiwilu,SHIWILU tiene 2 traducciones ESP diferentes,¡Ayuda!,¡KATU'PA'!,¡ayuda!,¡katu'pa'!
U00010,many_to_one_shiwilu,SHIWILU tiene 2 traducciones ESP diferentes,¡Auxilio!,¡KATU'PA'!,¡auxilio!,¡katu'pa'!
U00463,many_to_one_shiwilu,SHIWILU tiene 2 traducciones ESP diferentes,¡Ten cuidado!,¡LI'KER'LA!,¡ten cuidado!,¡li'ker'la!
U00464,many_to_one_shiwilu,SHIWILU tiene 2 traducciones ESP diferentes,¡Sé cuidadoso!,¡LI'KER'LA!,¡sé cuidadoso!,¡li'ker'la!
U00950,many_to_one_shiwilu,SHIWILU tiene 2 traducciones ESP diferentes,¡Qué burro!,¡MA'NEN ÑINCHICHI'NA!,¡qué burro!,¡ma'nen ñinchichi'na!
U00951,many_to_one_shiwilu,SHIWILU tiene 2 traducciones ESP diferentes,¡Qué imbécil!,¡MA'NEN ÑINCHICHI'NA!,¡qué imbécil!,¡ma'nen ñinchichi'na!
U00065,many_to_one_shiwilu,SHIWILU tiene 2 traducciones ESP diferentes,¡Largo!,¡PAKER'!,¡largo!,¡paker'!
U00067,many_to_one_shiwilu,SHIWILU tiene 2 traducciones ESP diferentes,¡Vete ya!,¡PAKER'!,¡vete ya!,¡paker'!
U00070,many_to_one_shiwilu,SHIWILU tiene 4 traducciones ESP diferentes,¡Hasta luego!,¡PANTE'CHEK!,¡hasta luego!,¡pante'chek!
U00071,many_to_one_shiwilu,SHIWILU tiene 4 traducciones ESP diferentes,¡Chau!,¡PANTE'CHEK!,¡chau!,¡pante'chek!
U01167,many_to_one_shiwilu,SHIWILU tiene 4 traducciones ESP diferentes,¡Hasta pronto!,¡PANTE'CHEK!,¡hasta pronto!,¡pante'chek!
U01168,many_to_one_shiwilu,SHIWILU tiene 4 traducciones ESP diferentes,Hasta entonces.,¡PANTE'CHEK!,hasta entonces.,¡pante'chek!
U01180,many_to_one_shiwilu,SHIWILU tiene 2 traducciones ESP diferentes,¡Felices sueños!,¡U'CHIMUSHA WICHI'KER'!,¡felices sueños!,¡u'chimusha wichi'ker'!
U01181,many_to_one_shiwilu,SHIWILU tiene 2 traducciones ESP diferentes,¡Dulces sueños!,¡U'CHIMUSHA WICHI'KER'!,¡dulces sueños!,¡u'chimusha wichi'ker'!
U00479,many_to_one_shiwilu,SHIWILU tiene 2 traducciones ESP diferentes,¡Ven rápido!,¡WENCHER' WIUKSU'!,¡ven rápido!,¡wencher' wiuksu'!
U00480,many_to_one_shiwilu,SHIWILU tiene 2 traducciones ESP diferentes,¡Vení rápido!,¡WENCHER' WIUKSU'!,¡vení rápido!,¡wencher' wiuksu'!
U00046,many_to_one_shiwilu,SHIWILU tiene 2 traducciones ESP diferentes,¡Gracias!,¡YUSPEINET'ECHUN!,¡gracias!,¡yuspeinet'echun!
U00859,many_to_one_shiwilu,SHIWILU tiene 2 traducciones ESP diferentes,¡Muchas gracias!,¡YUSPEINET'ECHUN!,¡muchas gracias!,¡yuspeinet'echun!
U00715,many_to_one_shiwilu,SHIWILU tiene 2 traducciones ESP diferentes,¿Hemos terminado?,¿A'TA'WANTULEKWA'?,¿hemos terminado?,¿a'ta'wantulekwa'?
U01933,many_to_one_shiwilu,SHIWILU tiene 2 traducciones ESP diferentes,¿Terminamos?,¿A'TA'WANTULEKWA'?,¿terminamos?,¿a'ta'wantulekwa'?
U00575,many_to_one_shiwilu,SHIWILU tiene 2 traducciones ESP diferentes,¿Es acá?,¿ASEK A'CHA?,¿es acá?,¿asek a'cha?
U00577,many_to_one_shiwilu,SHIWILU tiene 2 traducciones ESP diferentes,¿Está aquí?,¿ASEK A'CHA?,¿está aquí?,¿asek a'cha?
U01262,many_to_one_shiwilu,SHIWILU tiene 2 traducciones ESP diferentes,¿Quién empieza?,¿DEN TENMIAN'SU'LLI?,¿quién empieza?,¿den tenmian'su'lli?
U01263,many_to_one_shiwilu,SHIWILU tiene 2 traducciones ESP diferentes,¿Quién parte?,¿DEN TENMIAN'SU'LLI?,¿quién parte?,¿den tenmian'su'lli?
U00129,many_to_one_shiwilu,SHIWILU tiene 2 traducciones ESP diferentes,¿Quién corría?,¿DEN'INA' TEKA'LLI?,¿quién corría?,¿den'ina' teka'lli?
U00130,many_to_one_shiwilu,SHIWILU tiene 2 traducciones ESP diferentes,¿Quién corrió?,¿DEN'INA' TEKA'LLI?,¿quién corrió?,¿den'ina' teka'lli?
U02193,many_to_one_shiwilu,SHIWILU tiene 2 traducciones ESP diferentes,¿Quien ayudó?,¿DEN'KATU'PA'TULLI?,¿quien ayudó?,¿den'katu'pa'tulli?
U02194,many_to_one_shiwilu,SHIWILU tiene 2 traducciones ESP diferentes,¿Quién contribuyó?,¿DEN'KATU'PA'TULLI?,¿quién contribuyó?,¿den'katu'pa'tulli?
U01975,many_to_one_shiwilu,SHIWILU tiene 2 traducciones ESP diferentes,¿Tú crees?,¿KENMA LATEKTAPALA?,¿tú crees?,¿kenma latektapala?
U01976,many_to_one_shiwilu,SHIWILU tiene 2 traducciones ESP diferentes,¿Usted cree?,¿KENMA LATEKTAPALA?,¿usted cree?,¿kenma latektapala?
U01026,many_to_one_shiwilu,SHIWILU tiene 2 traducciones ESP diferentes,¿Usted ronca?,¿KENMA TUKULU'PALA?,¿usted ronca?,¿kenma tukulu'pala?
U01027,many_to_one_shiwilu,SHIWILU tiene 2 traducciones ESP diferentes,¿Tú roncas?,¿KENMA TUKULU'PALA?,¿tú roncas?,¿kenma tukulu'pala?
U00024,many_to_one_shiwilu,SHIWILU tiene 2 traducciones ESP diferentes,¿Entendiste?,¿LACHEK'LA?,¿entendiste?,¿lachek'la?
U01667,many_to_one_shiwilu,SHIWILU tiene 2 traducciones ESP diferentes,¿Entendió?,¿LACHEK'LA?,¿entendió?,¿lachek'la?
U01672,many_to_one_shiwilu,SHIWILU tiene 2 traducciones ESP diferentes,¿Me oyes?,¿LAUK'APALUN?,¿me oyes?,¿lauk'apalun?
U01673,many_to_one_shiwilu,SHIWILU tiene 2 traducciones ESP diferentes,¿Me escuchás?,¿LAUK'APALUN?,¿me escuchás?,¿lauk'apalun?
U01312,many_to_one_shiwilu,SHIWILU tiene 3 traducciones ESP diferentes,¿Estás borracho?,¿LUPERSU' ÑAPALA?,¿estás borracho?,¿lupersu' ñapala?
U01313,many_to_one_shiwilu,SHIWILU tiene 3 traducciones ESP diferentes,¿Estás ebrio?,¿LUPERSU' ÑAPALA?,¿estás ebrio?,¿lupersu' ñapala?
U01314,many_to_one_shiwilu,SHIWILU tiene 3 traducciones ESP diferentes,¿Estás embriagado?,¿LUPERSU' ÑAPALA?,¿estás embriagado?,¿lupersu' ñapala?
U01678,many_to_one_shiwilu,SHIWILU tiene 2 traducciones ESP diferentes,¿Me quieres?,¿LUWANTULUN?,¿me quieres?,¿luwantulun?
U01679,many_to_one_shiwilu,SHIWILU tiene 2 traducciones ESP diferentes,¿Me amas?,¿LUWANTULUN?,¿me amas?,¿luwantulun?
U01963,many_to_one_shiwilu,SHIWILU tiene 2 traducciones ESP diferentes,¿Me querías?,¿LUWANTUWINUN?,¿me querías?,¿luwantuwinun?
U01964,many_to_one_shiwilu,SHIWILU tiene 2 traducciones ESP diferentes,¿Me amabas?,¿LUWANTUWINUN?,¿me amabas?,¿luwantuwinun?
U01936,many_to_one_shiwilu,SHIWILU tiene 2 traducciones ESP diferentes,¿Estás saludable?,¿MUDINU'PALA?,¿estás saludable?,¿mudinu'pala?
U01937,many_to_one_shiwilu,SHIWILU tiene 2 traducciones ESP diferentes,¿Estás sano?,¿MUDINU'PALA?,¿estás sano?,¿mudinu'pala?
U00992,many_to_one_shiwilu,SHIWILU tiene 2 traducciones ESP diferentes,¿Está segura?,¿TEKINCHI'CHA' ÑAPALA?,¿está segura?,¿tekinchi'cha' ñapala?
U00993,many_to_one_shiwilu,SHIWILU tiene 2 traducciones ESP diferentes,¿Está seguro?,¿TEKINCHI'CHA' ÑAPALA?,¿está seguro?,¿tekinchi'cha' ñapala?
U00578,many_to_one_shiwilu,SHIWILU tiene 2 traducciones ESP diferentes,¿Es seguro?,¿TEKINCHI'CHA?,¿es seguro?,¿tekinchi'cha?
U00579,many_to_one_shiwilu,SHIWILU tiene 2 traducciones ESP diferentes,¿Es verdad?,¿TEKINCHI'CHA?,¿es verdad?,¿tekinchi'cha?
U00044,many_to_one_shiwilu,SHIWILU tiene 2 traducciones ESP diferentes,¿En serio?,¿TEKINCHI?,¿en serio?,¿tekinchi?
U00045,many_to_one_shiwilu,SHIWILU tiene 2 traducciones ESP diferentes,¿La verdad?,¿TEKINCHI?,¿la verdad?,¿tekinchi?
U01838,many_to_one_shiwilu,SHIWILU tiene 2 traducciones ESP diferentes,¿Empezamos?,¿TENMIANSU'TER?,¿empezamos?,¿tenmiansu'ter?
U01839,many_to_one_shiwilu,SHIWILU tiene 2 traducciones ESP diferentes,¿Comenzamos?,¿TENMIANSU'TER?,¿comenzamos?,¿tenmiansu'ter?
U01646,many_to_one_shiwilu,SHIWILU tiene 2 traducciones ESP diferentes,¿Vendrás?,¿WENCHE'CHUN?,¿vendrás?,¿wenche'chun?
U01647,many_to_one_shiwilu,SHIWILU tiene 2 traducciones ESP diferentes,¿Vienes?,¿WENCHE'CHUN?,¿vienes?,¿wenche'chun?
U01691,many_to_one_shiwilu,SHIWILU tiene 2 traducciones ESP diferentes,¿Has comido?,¿WERANA?,¿has comido?,¿werana?
U01692,many_to_one_shiwilu,SHIWILU tiene 2 traducciones ESP diferentes,¿Comiste?,¿WERANA?,¿comiste?,¿werana?
U01656,many_to_one_shiwilu,SHIWILU tiene 2 traducciones ESP diferentes,¿Podemos proseguir?,¿YENNITATERWA TUPITAK?,¿podemos proseguir?,¿yennitaterwa tupitak?
U01657,many_to_one_shiwilu,SHIWILU tiene 2 traducciones ESP diferentes,¿Podemos continuar?,¿YENNITATERWA TUPITAK?,¿podemos continuar?,¿yennitaterwa tupitak?
U01651,many_to_one_shiwilu,SHIWILU tiene 2 traducciones ESP diferentes,¿Puedo ayudarle?,¿YENNITULEK KATU'PA'A'KIK?,¿puedo ayudarle?,¿yennitulek katu'pa'a'kik?
U01652,many_to_one_shiwilu,SHIWILU tiene 2 traducciones ESP diferentes,¿Puedo ayudarte?,¿YENNITULEK KATU'PA'A'KIK?,¿puedo ayudarte?,¿yennitulek katu'pa'a'kik?
U00730,many_to_one_shiwilu,SHIWILU tiene 2 traducciones ESP diferentes,¿Podemos hablar?,¿YENNITULEKWA' LUN'AK?,¿podemos hablar?,¿yennitulekwa' lun'ak?
U00731,many_to_one_shiwilu,SHIWILU tiene 2 traducciones ESP diferentes,¿Podemos conversar?,¿YENNITULEKWA' LUN'AK?,¿podemos conversar?,¿yennitulekwa' lun'ak?
U00717,many_to_one_shiwilu,SHIWILU tiene 2 traducciones ESP diferentes,¿Estás enfadado?,¿YUSU' ÑAPALA?,¿estás enfadado?,¿yusu' ñapala?
U01310,many_to_one_shiwilu,SHIWILU tiene 2 traducciones ESP diferentes,¿Estás enojada?,¿YUSU' ÑAPALA?,¿estás enojada?,¿yusu' ñapala?
U01116,many_to_one_shiwilu,SHIWILU tiene 2 traducciones ESP diferentes,Estoy exhausto.,ÑAPALEK SAKA'TUSU',estoy exhausto.,ñapalek saka'tusu'
U01117,many_to_one_shiwilu,SHIWILU tiene 2 traducciones ESP diferentes,Estoy reventado.,ÑAPALEK SAKA'TUSU',estoy reventado.,ñapalek saka'tusu'
U00727,many_to_one_shiwilu,SHIWILU tiene 2 traducciones ESP diferentes,Estate vigilante.,ÑAPER' LU'UK'TAN,estate vigilante.,ñaper' lu'uk'tan
U00728,many_to_one_shiwilu,SHIWILU tiene 2 traducciones ESP diferentes,Estate atento.,ÑAPER' LU'UK'TAN,estate atento.,ñaper' lu'uk'tan
U00031,suspicious_content|length_issue,"ESP mucho más largo que SHIWILU (ratio: 4.00) || ESP contiene paréntesis (posible glosa); ESP contiene caracteres sospechosos: ['(', ')']",Perdí. (opuesto de ganar),WER'LLIEK,perdí. (opuesto de ganar),wer'lliek
U00087,length_issue,ESP mucho más largo que SHIWILU (ratio: 4.00),Me voy a dormir,WICHIN'DEK'CHEK,me voy a dormir,wichin'dek'chek
U00192,suspicious_content|length_issue,"ESP mucho más largo que SHIWILU (ratio: 4.00) || ESP contiene paréntesis (posible glosa); ESP contiene caracteres sospechosos: ['(', ')']",Estoy tranquilo. (estoy bien),U'CHIMUÑAPALEK,estoy tranquilo. (estoy bien),u'chimuñapalek
U00194,suspicious_content|length_issue,"ESP mucho más largo que SHIWILU (ratio: 4.00) || ESP contiene paréntesis (posible glosa); ESP contiene caracteres sospechosos: ['(', ')']",Soy justo. (soy bueno),MUKANKANKU',soy justo. (soy bueno),mukankanku'
U00195,suspicious_content|length_issue,"ESP mucho más largo que SHIWILU (ratio: 5.00) || ESP contiene paréntesis (posible glosa); ESP contiene caracteres sospechosos: ['(', ')']",Soy bueno. (hacer bien algo),U'CHIMUKU,soy bueno. (hacer bien algo),u'chimuku
U00206,suspicious_content|length_issue,"ESP mucho más largo que SHIWILU (ratio: 6.00) || ESP contiene paréntesis (posible glosa); ESP contiene caracteres sospechosos: ['(', ')']",Soy malo. (hacer mal las cosas),MUI'NEK,soy malo. (hacer mal las cosas),mui'nek
U02307,suspicious_content|length_issue,ESP mucho más largo que SHIWILU (ratio: 5.00) || SHIWILU contiene caracteres sospechosos: ['’'],"de las mujeres ya fallecidas,","kaikku’lusa’ki,","de las mujeres ya fallecidas,","kaikku’lusa’ki,"
U02308,suspicious_content|length_issue,"ESP mucho más largo que SHIWILU (ratio: 5.00) || ESP contiene paréntesis (posible glosa); ESP contiene caracteres sospechosos: ['(', ')']; SHIWILU contiene caracteres sospechosos: ['’']",de las tías (paternas) finadas.,inetchaku’lusa’ki.,de las tías (paternas) finadas.,inetchaku’lusa’ki.
U02313,suspicious_content|length_issue,"ESP mucho más largo que SHIWILU (ratio: 3.50) || ESP contiene paréntesis (posible glosa); ESP contiene caracteres sospechosos: ['(', ')']","Ella dice que quiere aprender (mi idioma),","Nanima yañinchitulli,","ella dice que quiere aprender (mi idioma),","nanima yañinchitulli,"
U02331,suspicious_content|length_issue,ESP mucho más largo que SHIWILU (ratio: 3.50) || SHIWILU contiene caracteres sospechosos: ['’'],"Los que sabemos hablar nos estamos extinguiendo,","Ñinchilu’nkudeksu’ taker’apilallidek,","los que sabemos hablar nos estamos extinguiendo,","ñinchilu’nkudeksu’ taker’apilallidek,"
U02333,suspicious_content|length_issue,ESP mucho más largo que SHIWILU (ratio: 5.00) || SHIWILU contiene caracteres sospechosos: ['’'],"Todo se está terminando. Jeberos, 25 de julio del 2005",Iñer ta’wantapilallina’.,"todo se está terminando. jeberos, 25 de julio del 2005",iñer ta’wantapilallina’.
U02335,suspicious_content|length_issue,ESP mucho más largo que SHIWILU (ratio: 3.33) || SHIWILU contiene caracteres sospechosos: ['’'],les voy a enseñar la elaboración de la chicha punta.,a’lek’etchenma’ kuda ukluta’kudeksu’.,les voy a enseñar la elaboración de la chicha punta.,a’lek’etchenma’ kuda ukluta’kudeksu’.
U02338,length_issue,ESP mucho más largo que SHIWILU (ratio: 5.00),cómo se prepara la bebida.,uklutulek.,cómo se prepara la bebida.,uklutulek.
U02344,suspicious_content|length_issue,"ESP mucho más largo que SHIWILU (ratio: 5.33) || ESP contiene paréntesis (posible glosa); ESP contiene caracteres sospechosos: ['(', ')']; SHIWILU contiene caracteres sospechosos: ['’']",Se junta la leña (para el fuego) debajo de la olla de aluminio y se hierve.,Dintuntulek wa’naukta ukluka’lli.,se junta la leña (para el fuego) debajo de la olla de aluminio y se hierve.,dintuntulek wa’naukta ukluka’lli.
U02352,suspicious_content|length_issue,"ESP muy largo (19 palabras, umbral: 18); ESP mucho más largo que SHIWILU (ratio: 4.75) || ESP contiene paréntesis (posible glosa); ESP contiene caracteres sospechosos: ['(', ')']; SHIWILU contiene caracteres sospechosos: ['’']","Después, al maíz pulverizado y la yuca asada desmenuzada se los apiacha (se mezclan a mano formando una masa).",Ipa’linchi chitetllu’ kellu’lek seklekka’lek.,"después, al maíz pulverizado y la yuca asada desmenuzada se los apiacha (se mezclan a mano formando una masa).",ipa’linchi chitetllu’ kellu’lek seklekka’lek.
U02355,suspicious_content|length_issue,ESP mucho más largo que SHIWILU (ratio: 3.50) || SHIWILU contiene caracteres sospechosos: ['’'],Entonces se empieza a mascar formando líquido.,Ipa’linchi ukdinu’tulek.,entonces se empieza a mascar formando líquido.,ipa’linchi ukdinu’tulek.
U02357,suspicious_content|length_issue,ESP mucho más largo que SHIWILU (ratio: 3.20) || SHIWILU contiene caracteres sospechosos: ['’'],"Mientras se masca en la boca, ya está hirviendo la olla de aluminio con la yuca.","Katentapek walek, ukluka’palli wa’naukta kellek.","mientras se masca en la boca, ya está hirviendo la olla de aluminio con la yuca.","katentapek walek, ukluka’palli wa’naukta kellek."
U02358,suspicious_content|length_issue,ESP mucho más largo que SHIWILU (ratio: 3.67) || SHIWILU contiene caracteres sospechosos: ['’'],Cuando hierve se tantea para estar segura de que esté suave.,Ukluka’sik pata’lek unmellinpa’ta’kasu’.,cuando hierve se tantea para estar segura de que esté suave.,ukluka’sik pata’lek unmellinpa’ta’kasu’.
U02368,suspicious_content|length_issue,"ESP mucho más largo que SHIWILU (ratio: 5.50) || ESP contiene paréntesis (posible glosa); ESP contiene caracteres sospechosos: ['(', ')']; SHIWILU contiene caracteres sospechosos: ['’']","Se sigue trasladando el líquido, se sigue vaciando (la yuca disuelta).","Uper’apilalek, uper’apilalek.","se sigue trasladando el líquido, se sigue vaciando (la yuca disuelta).","uper’apilalek, uper’apilalek."
U02369,suspicious_content|length_issue,"ESP muy largo (22 palabras, umbral: 18); ESP mucho más largo que SHIWILU (ratio: 3.14) || ESP contiene paréntesis (posible glosa); ESP contiene caracteres sospechosos: ['(', ')']; SHIWILU contiene caracteres sospechosos: ['’', '‘']","Entonces cuando se termina, nuevamente la yuca sobrante se hierve (con el agua nueva que ha puesto) y se vuelve a trasladar.",Ipa’linchi ta’wantununta’sik nu’nipi’la ñapalli ker‘ ukluka’sik upetñunta’lek.,"entonces cuando se termina, nuevamente la yuca sobrante se hierve (con el agua nueva que ha puesto) y se vuelve a trasladar.",ipa’linchi ta’wantununta’sik nu’nipi’la ñapalli ker‘ ukluka’sik upetñunta’lek.
U02371,suspicious_content|length_issue,ESP mucho más largo que SHIWILU (ratio: 4.00) || SHIWILU contiene caracteres sospechosos: ['’'],Cuando vuelve a hervir se vuelve a batir....,"Ukluka’nunta’sik, utawinunta’lek...",cuando vuelve a hervir se vuelve a batir....,"ukluka’nunta’sik, utawinunta’lek..."
U02372,suspicious_content|length_issue,"ESP muy largo (21 palabras, umbral: 18); ESP mucho más largo que SHIWILU (ratio: 5.25) || ESP contiene paréntesis (posible glosa); ESP contiene caracteres sospechosos: ['(', ')']; SHIWILU contiene caracteres sospechosos: ['’']",Entonces mientras se va masticando se va batiendo el líquido y se masca el afrecho (lo último de la yuca disuelta).,"Ipa’linchi katentamupu’su’ pitawitapalek, ka’latulek.",entonces mientras se va masticando se va batiendo el líquido y se masca el afrecho (lo último de la yuca disuelta).,"ipa’linchi katentamupu’su’ pitawitapalek, ka’latulek."
U02381,suspicious_content|length_issue,"ESP mucho más largo que SHIWILU (ratio: 5.67) || ESP contiene paréntesis (posible glosa); ESP contiene caracteres sospechosos: ['“', '”', '(', ')']; SHIWILU contiene caracteres sospechosos: ['’']","Entonces con lo que se ha mascado (entre varias mujeres) se endulza. 2 “ramichi”, en español regional.",Ipa’linchi ukdinu’ta’kasu’lek a’kasetllek.,"entonces con lo que se ha mascado (entre varias mujeres) se endulza. 2 ramichi, en español regional.",ipa’linchi ukdinu’ta’kasu’lek a’kasetllek.
U02382,suspicious_content|length_issue,"ESP mucho más largo que SHIWILU (ratio: 3.50) || ESP contiene paréntesis (posible glosa); ESP contiene caracteres sospechosos: ['(', ')']; SHIWILU contiene caracteres sospechosos: ['’']","Después de endulzar (el líquido con el mascado), se cierne en la sedama (cernidor).",A’kaser’a’kasu’ supinak ukllinkek sulatulek.,"después de endulzar (el líquido con el mascado), se cierne en la sedama (cernidor).",a’kaser’a’kasu’ supinak ukllinkek sulatulek.
U02384,suspicious_content|length_issue,"ESP mucho más largo que SHIWILU (ratio: 4.67) || ESP contiene paréntesis (posible glosa); ESP contiene caracteres sospechosos: ['(', ')']; SHIWILU contiene caracteres sospechosos: ['’']",A la madrugada siguiente una se levanta nuevamente para cutipar (haciéndole hervir otra vez).,Dasu’dekpilli yunsa’nnunta’lek ya’pi’dektak.,a la madrugada siguiente una se levanta nuevamente para cutipar (haciéndole hervir otra vez).,dasu’dekpilli yunsa’nnunta’lek ya’pi’dektak.
U02385,suspicious_content|length_issue,"ESP mucho más largo que SHIWILU (ratio: 4.00) || ESP contiene paréntesis (posible glosa); ESP contiene caracteres sospechosos: ['(', ')']; SHIWILU contiene caracteres sospechosos: ['’']",Entonces cuando se está cutipando (se está haciendo hervir nuevamente) está amaneciendo.,Ipa’linchi a’pi’dektapa’sik ukllapilelli.,entonces cuando se está cutipando (se está haciendo hervir nuevamente) está amaneciendo.,ipa’linchi a’pi’dektapa’sik ukllapilelli.
U02386,suspicious_content|length_issue,"ESP mucho más largo que SHIWILU (ratio: 3.40) || ESP contiene paréntesis (posible glosa); ESP contiene caracteres sospechosos: ['(', ')']; SHIWILU contiene caracteres sospechosos: ['’']","Después de cutipar, se deposita (la bebida) en una olla grande (que está enterrada hasta la mitad).",A’pi’dekta’kasu’ supinak a’du’dektulek kupin uktak.,"después de cutipar, se deposita (la bebida) en una olla grande (que está enterrada hasta la mitad).",a’pi’dekta’kasu’ supinak a’du’dektulek kupin uktak.
U02391,suspicious_content|length_issue,"ESP mucho más largo que SHIWILU (ratio: 4.00) || ESP contiene paréntesis (posible glosa); ESP contiene caracteres sospechosos: ['(', ')']; SHIWILU contiene caracteres sospechosos: ['’']",La espuma de la chicha punta se parece a la bebida que toman los wiracochas (cerveza).,Uklu’pidekdinpunen ma’lusa’ wa’danlusa’ uwerkasu’pu’lli.,la espuma de la chicha punta se parece a la bebida que toman los wiracochas (cerveza).,uklu’pidekdinpunen ma’lusa’ wa’danlusa’ uwerkasu’pu’lli.
U02393,suspicious_content|length_issue,ESP mucho más largo que SHIWILU (ratio: 3.50) || SHIWILU contiene caracteres sospechosos: ['’'],como hacían antes las abuelas ya finadas.,napi’ amiku’lusa’pu’su’.,como hacían antes las abuelas ya finadas.,napi’ amiku’lusa’pu’su’.
U02402,suspicious_content|length_issue,"SHIWILU muy largo (21 palabras, umbral: 10); SHIWILU mucho más largo que ESP (ratio: 0.10) || SHIWILU contiene caracteres sospechosos: ['’']",lo domino.,"Musu’ lunpalek i’la Shiwilu la’la’mapu’wa’, kuaki Shiwilu la’la’ musu’ lunpalek i’la. Todavía hablo bien nuestra lengua shiwilu, mi idioma shiwilu todavía",lo domino.,"musu’ lunpalek i’la shiwilu la’la’mapu’wa’, kuaki shiwilu la’la’ musu’ lunpalek i’la. todavía hablo bien nuestra lengua shiwilu, mi idioma shiwilu todavía"
U02403,suspicious_content|length_issue,"SHIWILU muy largo (11 palabras, umbral: 10) || SHIWILU contiene caracteres sospechosos: ['’']","Esto queriendo llevar lejos, a otro pueblo, quieres aprender, de qué manera vivo aquí en Jeberos.","Asu’ yekpantan wei ali’la ñinanluk yañinchitula, ma’pu’sui’pa nanpilek kua asu’ Shiwiluk.","esto queriendo llevar lejos, a otro pueblo, quieres aprender, de qué manera vivo aquí en jeberos.","asu’ yekpantan wei ali’la ñinanluk yañinchitula, ma’pu’sui’pa nanpilek kua asu’ shiwiluk."
U02410,suspicious_content|length_issue,"ESP muy largo (21 palabras, umbral: 18) || SHIWILU contiene caracteres sospechosos: ['’']","Si no tuviera hijos ya me habría muerto, el hambre me hubiera matado, la enfermedad y el hambre me hubieran matado.","Wilawi’nek’ipa’ chiminpinek, uki’la di’tunansinku, kaluwi’ uki’la di’tunansinku.","si no tuviera hijos ya me habría muerto, el hambre me hubiera matado, la enfermedad y el hambre me hubieran matado.","wilawi’nek’ipa’ chiminpinek, uki’la di’tunansinku, kaluwi’ uki’la di’tunansinku."
U02411,suspicious_content|length_issue,"ESP muy largo (21 palabras, umbral: 18) || SHIWILU contiene caracteres sospechosos: ['’']","Pero como tengo hijos ellos me están viendo, de mi comida, de mi bebida, de todo me están viendo mis hijos.","Wilawamui’na nawa’ lli’apallinerku, uran’ukeklan3, uweklan, iñerkeklan lli’apallinerku wilaweklusa’.","pero como tengo hijos ellos me están viendo, de mi comida, de mi bebida, de todo me están viendo mis hijos.","wilawamui’na nawa’ lli’apallinerku, uran’ukeklan3, uweklan, iñerkeklan lli’apallinerku wilaweklusa’."
U02414,suspicious_content|length_issue,ESP mucho más largo que SHIWILU (ratio: 4.33) || SHIWILU contiene caracteres sospechosos: ['’'],"Algunitos de mis hijos quizás me estén entendiendo, pero ya no entienden bien.4",Nu’unta’shasi’pa’ wilaweklusa’ lachek’apilanti’ñina’.,"algunitos de mis hijos quizás me estén entendiendo, pero ya no entienden bien.4",nu’unta’shasi’pa’ wilaweklusa’ lachek’apilanti’ñina’.
U02417,suspicious_content|length_issue,"ESP muy largo (25 palabras, umbral: 18); ESP mucho más largo que SHIWILU (ratio: 6.25) || ESP contiene caracteres sospechosos: ['“', '”']; SHIWILU contiene caracteres sospechosos: ['“', '”']","“¿Estás aquí, hermana?” me viene a decir. 3 Una forma alternativa es weranwekkeklan. 4 Se refiere a sus hijos presentes durante la sesión de grabación.","- “Ñapala, ñañá?” itukellu.","¿estás aquí, hermana? me viene a decir. 3 una forma alternativa es weranwekkeklan. 4 se refiere a sus hijos presentes durante la sesión de grabación.","- ñapala, ñañá? itukellu."
U02424,suspicious_content|length_issue,ESP mucho más largo que SHIWILU (ratio: 4.00) || SHIWILU contiene caracteres sospechosos: ['’'],Mis hijos se van todos a la chacra y me dejan sola.,Wilaweklusa’ menmik chiketllapipallinerku.,mis hijos se van todos a la chacra y me dejan sola.,wilaweklusa’ menmik chiketllapipallinerku.
U02426,suspicious_content|length_issue,ESP mucho más largo que SHIWILU (ratio: 3.50) || SHIWILU contiene caracteres sospechosos: ['’'],Lloro porque mis hijos se van todos a la chacra y me quedo sola.,Willeklek wilaweklusa’ chiketllapitapallinerku menmik.,lloro porque mis hijos se van todos a la chacra y me quedo sola.,willeklek wilaweklusa’ chiketllapitapallinerku menmik.
U02432,suspicious_content|length_issue,"ESP muy largo (18 palabras, umbral: 18); SHIWILU muy largo (10 palabras, umbral: 10) || ESP contiene caracteres sospechosos: ['“', '”']; SHIWILU contiene caracteres sospechosos: ['“', '”', '’']","“Nosotros mismos vamos a servirnos masato y vamos a beber, mamá” me dicen. “Nosotros mismos vamos a servirnos”.","- “Kudinchi madektupatekkudek, uwetchidek, mamá. Kudinchi mapatekkudek uklulu’ uwetchidek” itullinerku.","nosotros mismos vamos a servirnos masato y vamos a beber, mamá me dicen. nosotros mismos vamos a servirnos.","- kudinchi madektupatekkudek, uwetchidek, mamá. kudinchi mapatekkudek uklulu’ uwetchidek itullinerku."
U02446,suspicious_content|length_issue,"SHIWILU muy largo (14 palabras, umbral: 10); SHIWILU mucho más largo que ESP (ratio: 0.21) || ESP contiene caracteres sospechosos: ['”']; SHIWILU contiene caracteres sospechosos: ['“', '”', '’']",trabajar” les digo.,"- “Ah, pakuuu kenmamá’. Lliinuta’mama’su’ yasaka’tulama’” itudeklek. “Ah, vayan ustedes, conforme acordaron van a",trabajar les digo.,"- ah, pakuuu kenmamá’. lliinuta’mama’su’ yasaka’tulama’ itudeklek. ah, vayan ustedes, conforme acordaron van a"
U02454,suspicious_content|length_issue,"ESP mucho más largo que SHIWILU (ratio: 4.50) || ESP contiene paréntesis (posible glosa); ESP contiene caracteres sospechosos: ['(', ')']; SHIWILU contiene caracteres sospechosos: ['’']",Recogiendo (masato) de la tinaja me dan de beber.,Madettanna’ a’ullinerku.,recogiendo (masato) de la tinaja me dan de beber.,madettanna’ a’ullinerku.
U02473,suspicious_content|length_issue,"ESP mucho más largo que SHIWILU (ratio: 3.75) || ESP contiene paréntesis (posible glosa); ESP contiene caracteres sospechosos: ['”', '(', ')']; SHIWILU contiene caracteres sospechosos: ['’', '”']","Cargando (toda su vida) van a morir, todo el tiempo que vivan.” Jeberos, julio 2007","Pipektapapachenma’ chiminchuma’, nanpia’mama’ walek.”","cargando (toda su vida) van a morir, todo el tiempo que vivan. jeberos, julio 2007","pipektapapachenma’ chiminchuma’, nanpia’mama’ walek."
U02492,suspicious_content|length_issue,ESP mucho más largo que SHIWILU (ratio: 3.50) || SHIWILU contiene caracteres sospechosos: ['’'],Con mi hermana mayor nomás me quedé.,Kaikshawekleksa’ llia’lek.,con mi hermana mayor nomás me quedé.,kaikshawekleksa’ llia’lek.
U02528,suspicious_content|length_issue,"ESP mucho más largo que SHIWILU (ratio: 3.50) || ESP contiene paréntesis (posible glosa); ESP contiene caracteres sospechosos: ['(', ')']; SHIWILU contiene caracteres sospechosos: ['’']","Los policías fueron (hacia los niños enfermos), les quitaron sus pescados y les dijeron:",Wala’wanlusa’ler pa’an samenñenna’ siwetchudek’an,"los policías fueron (hacia los niños enfermos), les quitaron sus pescados y les dijeron:",wala’wanlusa’ler pa’an samenñenna’ siwetchudek’an
U02530,suspicious_content|length_issue,"ESP muy largo (18 palabras, umbral: 18); ESP mucho más largo que SHIWILU (ratio: 4.50) || SHIWILU contiene caracteres sospechosos: ['’']","Los niños se venían llorando y cuando regresaban, dice, The children left, crying, and on their way back,","Wilalusa’ wellek’apilenchan ima, uk’apilenchani’ma,","los niños se venían llorando y cuando regresaban, dice, the children left, crying, and on their way back,","wilalusa’ wellek’apilenchan ima, uk’apilenchani’ma,"
U02531,suspicious_content|length_issue,"SHIWILU muy largo (23 palabras, umbral: 10) || SHIWILU contiene caracteres sospechosos: ['’']",un hombre joven de cuello colorado y cara colorada.,"ipi’ma nana ukalu’ yata’wanta’su’lupa’ ima, uk’apilincha’, nanek kapeklli ala’sa’ enmu’pinen nadi’nek piperunkallu’la’su’, pipelladasu’. cuando iban terminando ese bajial, cuando venían, allí encontraron a",un hombre joven de cuello colorado y cara colorada.,"ipi’ma nana ukalu’ yata’wanta’su’lupa’ ima, uk’apilincha’, nanek kapeklli ala’sa’ enmu’pinen nadi’nek piperunkallu’la’su’, pipelladasu’. cuando iban terminando ese bajial, cuando venían, allí encontraron a"
U02536,suspicious_content|length_issue,"SHIWILU muy largo (10 palabras, umbral: 10) || ESP contiene caracteres sospechosos: ['“']; SHIWILU contiene caracteres sospechosos: ['“', '’']",“¿Tienen hambre? Cuando abra mi boca metan los dos pescados.,- “¿Uki’lalama’ a’cha? Lauk’a’seku asu’ katu’ta’ samer i’la dekwa’ku’ la’la’wekkek.,¿tienen hambre? cuando abra mi boca metan los dos pescados.,- ¿uki’lalama’ a’cha? lauk’a’seku asu’ katu’ta’ samer i’la dekwa’ku’ la’la’wekkek.
U02545,suspicious_content|length_issue,"ESP muy largo (19 palabras, umbral: 18) || ESP contiene caracteres sospechosos: ['”']; SHIWILU contiene caracteres sospechosos: ['’', '”']","A ver qué cosa van a ver ustedes, algo que nunca antes han visto” les dijo a los niños”.","Ma’pu’si’pa’ lli’etchuma’ kenmama’, ñienpi’ lli’npu’a’mama’su’” itudekllima wilalusa’”.","a ver qué cosa van a ver ustedes, algo que nunca antes han visto les dijo a los niños.","ma’pu’si’pa’ lli’etchuma’ kenmama’, ñienpi’ lli’npu’a’mama’su’ itudekllima wilalusa’."
U02555,suspicious_content|length_issue,"ESP muy largo (21 palabras, umbral: 18); ESP mucho más largo que SHIWILU (ratio: 4.20) || ESP contiene paréntesis (posible glosa); ESP contiene caracteres sospechosos: ['(', ')']; SHIWILU contiene caracteres sospechosos: ['’']","(El Jefe) hizo reunir a los policías, y cuando se reunieron les mandó que se vayan a ver y ellos vieron.","Wala’wanlusi’ma a’idiuntundek’an, indiuntunser a’panta’deklli lli’unta’llina’.","(el jefe) hizo reunir a los policías, y cuando se reunieron les mandó que se vayan a ver y ellos vieron.","wala’wanlusi’ma a’idiuntundek’an, indiuntunser a’panta’deklli lli’unta’llina’."
U02561,suspicious_content|length_issue,"ESP muy largo (18 palabras, umbral: 18) || ESP contiene paréntesis (posible glosa); ESP contiene caracteres sospechosos: ['(', ')']; SHIWILU contiene caracteres sospechosos: ['’']","Atemorizados, cuando contaban nosotros (los jóvenes) los hemos oído a los viejos ya finados sentados en la calle,","Tek kuanna’, ta’ser kuda lauktullidek papinkuku’lusa’ du’anna’ adipik kallilalak,","atemorizados, cuando contaban nosotros (los jóvenes) los hemos oído a los viejos ya finados sentados en la calle,","tek kuanna’, ta’ser kuda lauktullidek papinkuku’lusa’ du’anna’ adipik kallilalak,"
U02571,suspicious_content|length_issue,"SHIWILU muy largo (16 palabras, umbral: 10); SHIWILU mucho más largo que ESP (ratio: 0.19) || SHIWILU contiene caracteres sospechosos: ['’']",despertamos y escuchamos.,"Nanadaper panta’mudek wichi’nta’mudek, ikineklli’ nanpincha’mudek laukllidek. Todas esas cosas cuando nos vamos a dormir, a medianoche",despertamos y escuchamos.,"nanadaper panta’mudek wichi’nta’mudek, ikineklli’ nanpincha’mudek laukllidek. todas esas cosas cuando nos vamos a dormir, a medianoche"
U02576,suspicious_content|length_issue,"ESP muy largo (19 palabras, umbral: 18); ESP mucho más largo que SHIWILU (ratio: 3.17) || ESP contiene caracteres sospechosos: ['”']; SHIWILU contiene caracteres sospechosos: ['’']","Cuando era niño me acercaba, sentándome cerca les escuchaba contar. 6 Se expresa en shiwilu como ”late nuestro hígado”.","Wilaku ñamu kawitulek, du’pa’tamu laweklek lunpa’ser.","cuando era niño me acercaba, sentándome cerca les escuchaba contar. 6 se expresa en shiwilu como late nuestro hígado.","wilaku ñamu kawitulek, du’pa’tamu laweklek lunpa’ser."
U02584,length_issue,ESP mucho más largo que SHIWILU (ratio: 3.50),Alguien estaba haciendo fuego en su casa.,Penwanpasik pidekñik.,alguien estaba haciendo fuego en su casa.,penwanpasik pidekñik.
U02592,suspicious_content|length_issue,"ESP muy largo (18 palabras, umbral: 18); SHIWILU muy largo (11 palabras, umbral: 10) || ESP contiene paréntesis (posible glosa); ESP contiene caracteres sospechosos: ['“', '”', '(', ')']; SHIWILU contiene caracteres sospechosos: ['”', '’', '“']",Haciendo eso nosotros dijimos “¡Vamos a ver quiénes son esos que viven!” y vinimos a salir (del monte).,Nu’amudek i’na’ “¡Enchu lli’kunwa’ nana den ipa’ nanpipalli!” tamudek pekpiwatukellillen itullini’ma.,haciendo eso nosotros dijimos ¡vamos a ver quiénes son esos que viven! y vinimos a salir (del monte).,nu’amudek i’na’ ¡enchu lli’kunwa’ nana den ipa’ nanpipalli! tamudek pekpiwatukellillen itullini’ma.
U02599,suspicious_content|length_issue,"SHIWILU muy largo (10 palabras, umbral: 10) || ESP contiene caracteres sospechosos: ['“', '”']; SHIWILU contiene caracteres sospechosos: ['“', '”', '’']","“Por acá he entrado yo para criar peces, se llama Pampayacu” Arákayu les respondió","- “Asui’na asu’lupa’ da’kellek kua samer yapektawamu, Panpadek nuka’a” tullima.","por acá he entrado yo para criar peces, se llama pampayacu arákayu les respondió","- asui’na asu’lupa’ da’kellek kua samer yapektawamu, panpadek nuka’a tullima."
U02601,suspicious_content|length_issue,"ESP muy largo (25 palabras, umbral: 18); SHIWILU muy largo (10 palabras, umbral: 10) || ESP contiene caracteres sospechosos: ['“']; SHIWILU contiene caracteres sospechosos: ['“', '’']","“No, sólo vayan alrededor, por la vereda de mi casa nomás, por los cantos de mi casa den la vuelta, pero no vayan a entrar.","- “Ma’sha, kunetlla’ku’, pidekwek sekllanen, pidekwek dunsanen kunetchuku’, ñi’na da’i’nchuma’.","no, sólo vayan alrededor, por la vereda de mi casa nomás, por los cantos de mi casa den la vuelta, pero no vayan a entrar.","- ma’sha, kunetlla’ku’, pidekwek sekllanen, pidekwek dunsanen kunetchuku’, ñi’na da’i’nchuma’."
U02602,suspicious_content|length_issue,"SHIWILU muy largo (13 palabras, umbral: 10); SHIWILU mucho más largo que ESP (ratio: 0.08) || SHIWILU contiene caracteres sospechosos: ['’', '”']",Arakayu.,Da’pachenma’ kenmama’ tekwetchuma’” itudekllima. Si entran ustedes van a tener miedo” les dijo.,arakayu.,da’pachenma’ kenmama’ tekwetchuma’ itudekllima. si entran ustedes van a tener miedo les dijo.
U02615,suspicious_content|length_issue,ESP mucho más largo que SHIWILU (ratio: 4.00) || SHIWILU contiene caracteres sospechosos: ['’'],"Se van a confundir, se van a extraviar.","Aper’etchuma’, wer’etchuma’.","se van a confundir, se van a extraviar.","aper’etchuma’, wer’etchuma’."
U02619,suspicious_content|length_issue,"ESP muy largo (19 palabras, umbral: 18) || ESP contiene paréntesis (posible glosa); ESP contiene caracteres sospechosos: ['”', '(', ')']; SHIWILU contiene caracteres sospechosos: ['’', '”']","Con esa candela enciendan, corten leña, junten los palos para hacer fogata, hiervan y coman (su chilcano)” dijo Arákayu.","Nanalek pen a’tentanma’, diuk’anma’, dintunma’, kalu’tanma’, uranku’” tullima Arakayu.","con esa candela enciendan, corten leña, junten los palos para hacer fogata, hiervan y coman (su chilcano) dijo arákayu.","nanalek pen a’tentanma’, diuk’anma’, dintunma’, kalu’tanma’, uranku’ tullima arakayu."
U02624,suspicious_content|length_issue,"SHIWILU muy largo (10 palabras, umbral: 10) || ESP contiene caracteres sospechosos: ['“']; SHIWILU contiene caracteres sospechosos: ['“', '’']","“él no cría gallinas, no cría huanganas, nada de esos animales.","“ñi nana wa’dantek pektawapi’ñi, ñi laman pektawapi’ñi, ñi ma’nen nanadaper.","él no cría gallinas, no cría huanganas, nada de esos animales.","ñi nana wa’dantek pektawapi’ñi, ñi laman pektawapi’ñi, ñi ma’nen nanadaper."
U02637,suspicious_content|length_issue,"ESP mucho más largo que SHIWILU (ratio: 3.25) || ESP contiene paréntesis (posible glosa); ESP contiene caracteres sospechosos: ['(', ')']; SHIWILU contiene caracteres sospechosos: ['’']",Dice que Arákayu llamó (a los peces) y le dijo (a la gente):,"Arakayu ima peklu’deklli, itudeklli:",dice que arákayu llamó (a los peces) y le dijo (a la gente):,"arakayu ima peklu’deklli, itudeklli:"
U02654,suspicious_content|length_issue,"SHIWILU muy largo (12 palabras, umbral: 10) || ESP contiene caracteres sospechosos: ['…', '“', '”']; SHIWILU contiene caracteres sospechosos: ['“', '”', '’']","“Sábalo, y este es acarahuasú, y este es …este... fasaco, este es lisa, palometa, gamitana....” les dijo.","- “Nansek, asui’na iker’adu, asui’na ..ma’i.. a’lanan, asu’ nerkala, terek, dunanser....” itudekllima.","sábalo, y este es acarahuasú, y este es …este... fasaco, este es lisa, palometa, gamitana.... les dijo.","- nansek, asui’na iker’adu, asui’na ..ma’i.. a’lanan, asu’ nerkala, terek, dunanser.... itudekllima."
U02659,suspicious_content|length_issue,ESP mucho más largo que SHIWILU (ratio: 5.00) || SHIWILU contiene caracteres sospechosos: ['’'],Dice que fueron a mirar.,Lli’kuñini’ma.,dice que fueron a mirar.,lli’kuñini’ma.
U02668,suspicious_content|length_issue,"SHIWILU muy largo (14 palabras, umbral: 10); SHIWILU mucho más largo que ESP (ratio: 0.14) || SHIWILU contiene caracteres sospechosos: ['’']",aparecer Arákayu.,Asu’ musenkek sellawalusi’ma chu’kenapa’ser lli’tencha’lli Arakayu. Cuando las golondrinas revoloteaban pandillando arriba vino a,aparecer arákayu.,asu’ musenkek sellawalusi’ma chu’kenapa’ser lli’tencha’lli arakayu. cuando las golondrinas revoloteaban pandillando arriba vino a
U02676,suspicious_content|length_issue,"ESP muy largo (26 palabras, umbral: 18); ESP mucho más largo que SHIWILU (ratio: 4.33) || SHIWILU contiene caracteres sospechosos: ['’']",Dice que le vieron sus pies con los dedos hacia atrás y su espalda era barriga. the front and his belly where his back should be.,Lli’llini’mi’na lanteknen pi’sheksu’ ali’la piteknenunta’ merpinen.,dice que le vieron sus pies con los dedos hacia atrás y su espalda era barriga. the front and his belly where his back should be.,lli’llini’mi’na lanteknen pi’sheksu’ ali’la piteknenunta’ merpinen.
U02677,suspicious_content|length_issue,"SHIWILU muy largo (11 palabras, umbral: 10) || ESP contiene caracteres sospechosos: ['“', '”']; SHIWILU contiene caracteres sospechosos: ['“', '”', '’']","“¿Qué tipo de hombre es este, Arákayu?” dijeron los pobladores.",“¿Ma’pu’lusa’ asu’ muda’ ñan i’na asu’ Arakayu u’lli?” tullini’ma nana ñinanlu’wanlusa’.,"¿qué tipo de hombre es este, arákayu? dijeron los pobladores.",¿ma’pu’lusa’ asu’ muda’ ñan i’na asu’ arakayu u’lli? tullini’ma nana ñinanlu’wanlusa’.
U02692,suspicious_content|length_issue,"ESP muy largo (18 palabras, umbral: 18) || ESP contiene caracteres sospechosos: ['“', '”']; SHIWILU contiene caracteres sospechosos: ['“', '”', '’']",“¿Quiénes son ustedes para que hagan esto a mi casa a pesar de que yo les trataba bien?”,“¿Kenmama’ a’cha u’pidekta’mama’u’kusu’ kua musu’ nu’tapallenma’?”,¿quiénes son ustedes para que hagan esto a mi casa a pesar de que yo les trataba bien?,¿kenmama’ a’cha u’pidekta’mama’u’kusu’ kua musu’ nu’tapallenma’?
U02700,suspicious_content|length_issue,ESP mucho más largo que SHIWILU (ratio: 3.33) || SHIWILU contiene caracteres sospechosos: ['’'],Dando un brinco se lanzó al agua con su señora.,Sekkankatan indi’dektulli sadinlek.,dando un brinco se lanzó al agua con su señora.,sekkankatan indi’dektulli sadinlek.
U02713,suspicious_content|length_issue,"ESP mucho más largo que SHIWILU (ratio: 3.50) || ESP contiene caracteres sospechosos: ['“', '”']","el lago “Junto al Pelejo” se secó,","Kundetchek enñi,","el lago junto al pelejo se secó,","kundetchek enñi,"
U02729,suspicious_content|length_issue,"SHIWILU muy largo (13 palabras, umbral: 10); SHIWILU mucho más largo que ESP (ratio: 0.08) || SHIWILU contiene caracteres sospechosos: ['“', '’']",quémalos.,"“Tanpen, enpulula’ yapur’anna’ uncha’a’ser di’setchudekker. “Hombre Candela, cuando alguna vez queriendo pescar vengan,",quémalos.,"tanpen, enpulula’ yapur’anna’ uncha’a’ser di’setchudekker. hombre candela, cuando alguna vez queriendo pescar vengan,"
U02731,suspicious_content|length_issue,ESP mucho más largo que SHIWILU (ratio: 4.00) || SHIWILU contiene caracteres sospechosos: ['’'],"los de mal corazón que se quemen bien,","mukankinpu’lusa’ uksu’ketchina’,","los de mal corazón que se quemen bien,","mukankinpu’lusa’ uksu’ketchina’,"
U02733,suspicious_content|length_issue,ESP mucho más largo que SHIWILU (ratio: 3.50) || SHIWILU contiene caracteres sospechosos: ['’'],Sólo ellos van a poblar de nuevo.,Nawa’sa’ nanpichuna’.,sólo ellos van a poblar de nuevo.,nawa’sa’ nanpichuna’.
U02742,suspicious_content|length_issue,ESP mucho más largo que SHIWILU (ratio: 3.50) || SHIWILU contiene caracteres sospechosos: ['’'],cuando ya iba a empezar el fuego.,nana yadi’setchusik.,cuando ya iba a empezar el fuego.,nana yadi’setchusik.
U02745,suspicious_content|length_issue,ESP mucho más largo que SHIWILU (ratio: 3.50) || SHIWILU contiene caracteres sospechosos: ['’'],"las cuencas de las quebradas se secaron,","enpinantek’unta’llina’ dekshadeklusa’,","las cuencas de las quebradas se secaron,","enpinantek’unta’llina’ dekshadeklusa’,"
U02751,suspicious_content|length_issue,ESP mucho más largo que SHIWILU (ratio: 3.20) || SHIWILU contiene caracteres sospechosos: ['’'],Dicen que de esa manera antiguamente Arákayu nos maldijo y nos abandonó. a long time ago.,Nu’sui’ma napi’ Arakayu pillek’aminerkenmu’wa’ pa’lapinta’llinerkenmu’wa’.,dicen que de esa manera antiguamente arákayu nos maldijo y nos abandonó. a long time ago.,nu’sui’ma napi’ arakayu pillek’aminerkenmu’wa’ pa’lapinta’llinerkenmu’wa’.
U02774,suspicious_content|length_issue,ESP mucho más largo que SHIWILU (ratio: 3.50) || SHIWILU contiene caracteres sospechosos: ['’'],dijeron los viejos finados también con pena.,tullina’ taserpiku’lusa’.,dijeron los viejos finados también con pena.,tullina’ taserpiku’lusa’.
U02778,suspicious_content|length_issue,"ESP mucho más largo que SHIWILU (ratio: 3.50) || ESP contiene paréntesis (posible glosa); ESP contiene caracteres sospechosos: ['(', ')']; SHIWILU contiene caracteres sospechosos: ['’']",somos víctimas de (la ira de) Arákayu.,Arakayu nenchullinerkenmu’wa’.,somos víctimas de (la ira de) arákayu.,arakayu nenchullinerkenmu’wa’.
U02817,suspicious_content|length_issue,"SHIWILU muy largo (10 palabras, umbral: 10) || ESP contiene caracteres sospechosos: ['“', '”']; SHIWILU contiene caracteres sospechosos: ['”', '’', '“']",Los finados shiwilu a la que llamamos ahora “Campana Poza” antes la llamaban “Ballena Poza”.,Shiwiluku’lusa’ ipa’la ita’kawa’su’ “Kanpana’ Pitun” napi’ i’na itullina’ “Lanla’ Pitun”.,los finados shiwilu a la que llamamos ahora campana poza antes la llamaban ballena poza.,shiwiluku’lusa’ ipa’la ita’kawa’su’ kanpana’ pitun napi’ i’na itullina’ lanla’ pitun.
U02833,suspicious_content|length_issue,"ESP muy largo (18 palabras, umbral: 18) || SHIWILU contiene caracteres sospechosos: ['’']","A ver pues, voy a contar ahora cómo se les habrá ocurrido a los shiwilu finados conocer Moyobamba.",Enta’n lunchek ipa’la asu’ ma’pu’sui’pa’ kankantanna’ Shiwiluku’lusa’ Muyunpa yaluwetchullina’.,"a ver pues, voy a contar ahora cómo se les habrá ocurrido a los shiwilu finados conocer moyobamba.",enta’n lunchek ipa’la asu’ ma’pu’sui’pa’ kankantanna’ shiwiluku’lusa’ muyunpa yaluwetchullina’.
U02840,suspicious_content|length_issue,"SHIWILU muy largo (11 palabras, umbral: 10) || ESP contiene caracteres sospechosos: ['”']; SHIWILU contiene caracteres sospechosos: ['’', '”']","Por eso ahora hermanos y hermanas vamos a conocer Moyobamba nosotros también, qué tal será esa ciudad”.","Nu’akkui’na ipa’la yalli’lusa’, sha’walusa’ enchuku’ Muyunpa luwetchawa’ kenmu’wa’nta’, ma’pu’si’pa’ nana ñinanlu’”.","por eso ahora hermanos y hermanas vamos a conocer moyobamba nosotros también, qué tal será esa ciudad.","nu’akkui’na ipa’la yalli’lusa’, sha’walusa’ enchuku’ muyunpa luwetchawa’ kenmu’wa’nta’, ma’pu’si’pa’ nana ñinanlu’."
U02841,suspicious_content|length_issue,"SHIWILU muy largo (10 palabras, umbral: 10) || ESP contiene caracteres sospechosos: ['“']; SHIWILU contiene caracteres sospechosos: ['’', '“']",Antes los soñadores decían “Por ahí por donde el sol se oculta hay un pueblo.,Napi’ wa’latulusa’ tullina’ “Ina asu’ kekki da’asu’lupa’ ala’sa’ ñinanlu’ ñapalli.,antes los soñadores decían por ahí por donde el sol se oculta hay un pueblo.,napi’ wa’latulusa’ tullina’ ina asu’ kekki da’asu’lupa’ ala’sa’ ñinanlu’ ñapalli.
U02844,suspicious_content|length_issue,"ESP muy largo (18 palabras, umbral: 18); SHIWILU muy largo (11 palabras, umbral: 10) || ESP contiene paréntesis (posible glosa); ESP contiene caracteres sospechosos: ['”', '(', ')']; SHIWILU contiene caracteres sospechosos: ['’', '”']","Mejor vayan (un grupo de) ustedes hermanos y hermanas, abran trocha para llegar a Moyobamba” dijo el gobernante.","A’pimuchun enchuku’ paku’ kenmama’nta’ yalli’lusa’ sha’walusa’, setllintuku’ ektu’a’kawek Muyunpak”, tullima wa’an.","mejor vayan (un grupo de) ustedes hermanos y hermanas, abran trocha para llegar a moyobamba dijo el gobernante.","a’pimuchun enchuku’ paku’ kenmama’nta’ yalli’lusa’ sha’walusa’, setllintuku’ ektu’a’kawek muyunpak, tullima wa’an."
U02845,suspicious_content|length_issue,"SHIWILU muy largo (12 palabras, umbral: 10) || SHIWILU contiene caracteres sospechosos: ['’']","Ahí dice un viejo se levantó y dijo, levantó su mano en alto y dijo:","Nanek ima ala’sa’ taserpi yunsa’n tulli, iteklanen ima usañin musenkek aku’n tulli.","ahí dice un viejo se levantó y dijo, levantó su mano en alto y dijo:","nanek ima ala’sa’ taserpi yunsa’n tulli, iteklanen ima usañin musenkek aku’n tulli."
U02846,suspicious_content|length_issue,"ESP mucho más largo que SHIWILU (ratio: 3.33) || ESP contiene caracteres sospechosos: ['“']; SHIWILU contiene caracteres sospechosos: ['“', '’']",“Nosotros por ahí vamos a ser atrapados por las fieras.,“Kenmu’wi’na nanalupa’ anaka’terwa’.,nosotros por ahí vamos a ser atrapados por las fieras.,kenmu’wi’na nanalupa’ anaka’terwa’.
U02849,suspicious_content|length_issue,"SHIWILU muy largo (11 palabras, umbral: 10) || ESP contiene caracteres sospechosos: ['“']; SHIWILU contiene caracteres sospechosos: ['’', '“']",Dicen que otro viejo se levantó y dijo también “¡No teman! ¿Acaso vamos a ir solos?,Ali’la taserpima tununta’llin pitan “¡Ma’sha aner yatek kuatama’! ¿Kenmu’shasa’ a’ta’ pa’aterwa’?,dicen que otro viejo se levantó y dijo también ¡no teman! ¿acaso vamos a ir solos?,ali’la taserpima tununta’llin pitan ¡ma’sha aner yatek kuatama’! ¿kenmu’shasa’ a’ta’ pa’aterwa’?
U02853,suspicious_content|length_issue,"ESP mucho más largo que SHIWILU (ratio: 3.25) || ESP contiene caracteres sospechosos: ['”']; SHIWILU contiene caracteres sospechosos: ['’', '”']","No vamos a perecer atrapados por ningún animal, no vamos a temer nada”.","Ñi anaki’nterwa’, ñi tekkwi’nterwa’”.","no vamos a perecer atrapados por ningún animal, no vamos a temer nada.","ñi anaki’nterwa’, ñi tekkwi’nterwa’."
U02855,suspicious_content|length_issue,"ESP mucho más largo que SHIWILU (ratio: 4.25) || ESP contiene paréntesis (posible glosa); ESP contiene caracteres sospechosos: ['“', '(', ')']; SHIWILU contiene caracteres sospechosos: ['“', '’']",“Los que van a ir primero (el primer grupo) van a perecer todos devorados por las fieras.,“Nanentu pa’erkasu’ anaker’chuna’ iñerdaper.,los que van a ir primero (el primer grupo) van a perecer todos devorados por las fieras.,nanentu pa’erkasu’ anaker’chuna’ iñerdaper.
U02869,suspicious_content|length_issue,"ESP muy largo (18 palabras, umbral: 18); SHIWILU muy largo (14 palabras, umbral: 10) || ESP contiene caracteres sospechosos: ['”']; SHIWILU contiene caracteres sospechosos: ['’', '”']","que eso que has soñado así así va a suceder, por eso estén alertas muchachos” dijo un viejo.","nana wa’lata’masui’na tusu’ tusu’ nu’aterwa’, nana malek i’na nasu’ku’ wilalusa’ nasu’” tullima ala’sa’ taserpi.","que eso que has soñado así así va a suceder, por eso estén alertas muchachos dijo un viejo.","nana wa’lata’masui’na tusu’ tusu’ nu’aterwa’, nana malek i’na nasu’ku’ wilalusa’ nasu’ tullima ala’sa’ taserpi."
U02873,suspicious_content|length_issue,"SHIWILU muy largo (15 palabras, umbral: 10) || ESP contiene caracteres sospechosos: ['“', '”']; SHIWILU contiene caracteres sospechosos: ['”', '’', '“']",Cuentan que un joven dijo “¿Ahí quién vivirá? A ver voy a ver” dijo y se fue.,Nana ala’sa’ nadi’nek ima tulli “¿Nanek den ipa’ nanpipalli? enta’n lli’kunchek i’na” tan ima pa’lli.,cuentan que un joven dijo ¿ahí quién vivirá? a ver voy a ver dijo y se fue.,nana ala’sa’ nadi’nek ima tulli ¿nanek den ipa’ nanpipalli? enta’n lli’kunchek i’na tan ima pa’lli.
U02880,suspicious_content|length_issue,"ESP mucho más largo que SHIWILU (ratio: 3.33) || ESP contiene paréntesis (posible glosa); ESP contiene caracteres sospechosos: ['”', '(', ')']; SHIWILU contiene caracteres sospechosos: ['’', '”']",En la noche les voy a visitar para conversar”. (duende),Dekpilli lli’kunchenma’ lunpawa’”.,en la noche les voy a visitar para conversar. (duende),dekpilli lli’kunchenma’ lunpawa’.
U02893,suspicious_content|length_issue,"ESP muy largo (20 palabras, umbral: 18) || SHIWILU contiene caracteres sospechosos: ['’']","Cuando se durmieron, dice que de veras vino el Duende Puro Hueso y a toditos los mató mordiéndoles el cuello,",Wichi’a’ser ima tekkinchi Lansi’ Wa’dan uk’an iñer ima laki’kerdeklli.,"cuando se durmieron, dice que de veras vino el duende puro hueso y a toditos los mató mordiéndoles el cuello,",wichi’a’ser ima tekkinchi lansi’ wa’dan uk’an iñer ima laki’kerdeklli.
U02894,suspicious_content|length_issue,"ESP mucho más largo que SHIWILU (ratio: 3.40) || ESP contiene paréntesis (posible glosa); ESP contiene caracteres sospechosos: ['(', ')']; SHIWILU contiene caracteres sospechosos: ['’']","Después de hacer eso, los acarreó a su casa (a todos los cadáveres) y se los comió.","Nu’tan, pidekñik sichi’dandek’an iñer urañi.","después de hacer eso, los acarreó a su casa (a todos los cadáveres) y se los comió.","nu’tan, pidekñik sichi’dandek’an iñer urañi."
U02908,suspicious_content|length_issue,"ESP mucho más largo que SHIWILU (ratio: 3.33) || ESP contiene paréntesis (posible glosa); ESP contiene caracteres sospechosos: ['”', '(', ')']; SHIWILU contiene caracteres sospechosos: ['’', '”']",A esos que están trabajando (abriendo trocha) vayan a verlos!”,¡Nana saka’tapalusa’ lli’kunchunma’”.,a esos que están trabajando (abriendo trocha) vayan a verlos!,¡nana saka’tapalusa’ lli’kunchunma’.
U02910,suspicious_content|length_issue,"ESP mucho más largo que SHIWILU (ratio: 4.00) || ESP contiene paréntesis (posible glosa); ESP contiene caracteres sospechosos: ['(', ')']; SHIWILU contiene caracteres sospechosos: ['’']",(El gobernante) les mandó.,A’pa’deklli.,(el gobernante) les mandó.,a’pa’deklli.
U02911,suspicious_content|length_issue,"ESP mucho más largo que SHIWILU (ratio: 4.50) || ESP contiene paréntesis (posible glosa); ESP contiene caracteres sospechosos: ['(', ')']; SHIWILU contiene caracteres sospechosos: ['’']",(Al llegar vieron que) Solamente sus mosquiteros estaban templados.,Chipetcheknenna’si’ma’ pektentapalli.,(al llegar vieron que) solamente sus mosquiteros estaban templados.,chipetcheknenna’si’ma’ pektentapalli.
U02917,suspicious_content|length_issue,"ESP muy largo (18 palabras, umbral: 18) || ESP contiene paréntesis (posible glosa); ESP contiene caracteres sospechosos: ['”', '(', ')']; SHIWILU contiene caracteres sospechosos: ['’', '”']",Esa fiera les comió a todos” dijo eso y (el gobernador) hizo que se preparen y les aconsejaron:,"Nana anaka’ler pekdadeklli” tan ima a’insekdiperdeklli, musu pilendek’anna’:",esa fiera les comió a todos dijo eso y (el gobernador) hizo que se preparen y les aconsejaron:,"nana anaka’ler pekdadeklli tan ima a’insekdiperdeklli, musu pilendek’anna’:"
U02925,suspicious_content|length_issue,"ESP mucho más largo que SHIWILU (ratio: 3.20) || ESP contiene paréntesis (posible glosa); ESP contiene caracteres sospechosos: ['(', ')']; SHIWILU contiene caracteres sospechosos: ['’']",Le pidieron su candela (al duende) y se dieron cuenta de que sus intestinos estaban colgados.,"Pennen alañina’, lli’llina’ dullinen ukunpalalli.",le pidieron su candela (al duende) y se dieron cuenta de que sus intestinos estaban colgados.,"pennen alañina’, lli’llina’ dullinen ukunpalalli."
U02934,suspicious_content|length_issue,"ESP muy largo (19 palabras, umbral: 18) || ESP contiene paréntesis (posible glosa); ESP contiene caracteres sospechosos: ['”', '(', ')']; SHIWILU contiene caracteres sospechosos: ['’', '”']","Con esto prendieron fuego (los del primer grupo), cocinaron, comieron y así les hizo dormir el Duende Puro Hueso”.","Asu’lek penkwanna’, akusutanna’, uranna’ wa’ki’deklli Lansi’ Wa’danler”.","con esto prendieron fuego (los del primer grupo), cocinaron, comieron y así les hizo dormir el duende puro hueso.","asu’lek penkwanna’, akusutanna’, uranna’ wa’ki’deklli lansi’ wa’danler."
U02939,suspicious_content|length_issue,"ESP muy largo (20 palabras, umbral: 18); ESP mucho más largo que SHIWILU (ratio: 3.33) || ESP contiene paréntesis (posible glosa); ESP contiene caracteres sospechosos: ['(', ')']; SHIWILU contiene caracteres sospechosos: ['’']",Unos cortaron trozos de madera para meterlos dentro de sus mosquiteros (y hacerle creer al duende que eran ellos durmiendo).,"Ali’ladaper nalatuntun llituntullina’, chipetcheknenna’ lalak yakala’nna’.",unos cortaron trozos de madera para meterlos dentro de sus mosquiteros (y hacerle creer al duende que eran ellos durmiendo).,"ali’ladaper nalatuntun llituntullina’, chipetcheknenna’ lalak yakala’nna’."
U02944,suspicious_content|length_issue,"ESP mucho más largo que SHIWILU (ratio: 5.00) || ESP contiene paréntesis (posible glosa); ESP contiene caracteres sospechosos: ['(', ')']; SHIWILU contiene caracteres sospechosos: ['’']",Las ramas de las lupunas quebradas se mantenían colgadas (ya el duende los estaba hipnotizando).,Llinanlusi’ma tanpa’nen ukunñina’.,las ramas de las lupunas quebradas se mantenían colgadas (ya el duende los estaba hipnotizando).,llinanlusi’ma tanpa’nen ukunñina’.
U02947,suspicious_content|length_issue,"SHIWILU muy largo (10 palabras, umbral: 10) || ESP contiene paréntesis (posible glosa); ESP contiene caracteres sospechosos: ['(', ')']; SHIWILU contiene caracteres sospechosos: ['’']","Entonces de verdad cuando llegó (el duende) pelearon, pelearon mucho rato.","Nanek ima ipa’linchi ma’i... nanek tekkinchi uksik idenmallini’ma, enpu’nipi’ma idenmallina’.","entonces de verdad cuando llegó (el duende) pelearon, pelearon mucho rato.","nanek ima ipa’linchi ma’i... nanek tekkinchi uksik idenmallini’ma, enpu’nipi’ma idenmallina’."
U02952,suspicious_content|length_issue,"ESP muy largo (29 palabras, umbral: 18); SHIWILU muy largo (15 palabras, umbral: 10) || ESP contiene caracteres sospechosos: ['“', '""']; SHIWILU contiene caracteres sospechosos: ['’', '”']","“Por eso me voy a convertir en garrapata, voy a ser zancudo, tábano, tabanillo negro, mosquito, mosca grandecita voy a ser, voy a estar tomando su sangre por siempre"",","Da'ilek i'na kua tekpa ñichek, ñichek iyun, tunka, etchu, lu'wellu, isekpila ñichek, ukladekpenma' uwapetchekpi'la enpi’walekpi'nta’”,","por eso me voy a convertir en garrapata, voy a ser zancudo, tábano, tabanillo negro, mosquito, mosca grandecita voy a ser, voy a estar tomando su sangre por siempre,","da'ilek i'na kua tekpa ñichek, ñichek iyun, tunka, etchu, lu'wellu, isekpila ñichek, ukladekpenma' uwapetchekpi'la enpi’walekpi'nta’,"
U02955,suspicious_content|length_issue,"ESP muy largo (23 palabras, umbral: 18); ESP mucho más largo que SHIWILU (ratio: 4.60) || ESP contiene paréntesis (posible glosa); ESP contiene caracteres sospechosos: ['(', ')']; SHIWILU contiene caracteres sospechosos: ['’']",Uno que madrugó no se acordó nada de lo que le habían advertido (que no ventee la candela antes de que la icaren).,Nana chida’su'la’sui’mi’na ñi illi’inui’ñi winter’kasu’.,uno que madrugó no se acordó nada de lo que le habían advertido (que no ventee la candela antes de que la icaren).,nana chida’su'la’sui’mi’na ñi illi’inui’ñi winter’kasu’.
U02956,suspicious_content|length_issue,"ESP muy largo (26 palabras, umbral: 18); SHIWILU muy largo (14 palabras, umbral: 10) || SHIWILU contiene caracteres sospechosos: ['’']","Dice que de madrugada, al levantarse, venteó la ceniza con abanico y de ahí salieron zancudos, tábanos, tabanillos negros, toda clase de insectos que no valen.","Nanek ima dasu'la yunsa’n a’uluntulli, tekkinchima nanekla yunkelli iyun, tunka, etchu, dudinpu’ lli’la muinpu’a’su’.","dice que de madrugada, al levantarse, venteó la ceniza con abanico y de ahí salieron zancudos, tábanos, tabanillos negros, toda clase de insectos que no valen.","nanek ima dasu'la yunsa’n a’uluntulli, tekkinchima nanekla yunkelli iyun, tunka, etchu, dudinpu’ lli’la muinpu’a’su’."
U02957,suspicious_content|length_issue,"ESP muy largo (26 palabras, umbral: 18); SHIWILU muy largo (16 palabras, umbral: 10) || SHIWILU contiene caracteres sospechosos: ['’']","Algunos percibieron la ceniza que volaba. Dicen que de ahí se originó la lombriz, el iluli, toda clase de enfermedades que hay en nuestro estómago, dijeron.","Nu’unta’ ima lanpi’tasu’ nana pendalu’ penlu’pasu’. Nanekla ima ñilli kuwer’, tuner, dudinpu’ kaluwi’ ñilli merpimapu’wek tullina’.","algunos percibieron la ceniza que volaba. dicen que de ahí se originó la lombriz, el iluli, toda clase de enfermedades que hay en nuestro estómago, dijeron.","nu’unta’ ima lanpi’tasu’ nana pendalu’ penlu’pasu’. nanekla ima ñilli kuwer’, tuner, dudinpu’ kaluwi’ ñilli merpimapu’wek tullina’."
U02962,suspicious_content|length_issue,"ESP muy largo (18 palabras, umbral: 18); ESP mucho más largo que SHIWILU (ratio: 3.60) || ESP contiene paréntesis (posible glosa); ESP contiene caracteres sospechosos: ['(', ')']; SHIWILU contiene caracteres sospechosos: ['’']","Cuando venía (el tigre negro), con la olla de barro y todo se lo echaron en su cabeza.","Ukkapinchasik, uktalek i’la pidanantullina’ mutu’ñik.","cuando venía (el tigre negro), con la olla de barro y todo se lo echaron en su cabeza.","ukkapinchasik, uktalek i’la pidanantullina’ mutu’ñik."
U02964,suspicious_content|length_issue,"ESP muy largo (20 palabras, umbral: 18) || ESP contiene paréntesis (posible glosa); ESP contiene caracteres sospechosos: ['(', ')']; SHIWILU contiene caracteres sospechosos: ['’']","Dice que mientras (el tigre negro) se revolcaba, (los hombres) se acercaron, lo picaron varias veces y lo mataron violentamente.","Nana inpikanpasik ima, pa’anna’, pasek pasekka’tullina’, paki’tullina’.","dice que mientras (el tigre negro) se revolcaba, (los hombres) se acercaron, lo picaron varias veces y lo mataron violentamente.","nana inpikanpasik ima, pa’anna’, pasek pasekka’tullina’, paki’tullina’."
U02965,suspicious_content|length_issue,"ESP muy largo (19 palabras, umbral: 18); SHIWILU muy largo (10 palabras, umbral: 10) || ESP contiene caracteres sospechosos: ['""']; SHIWILU contiene caracteres sospechosos: ['’', '“']","Entonces un hombre viejo dijo: ""Ahora sí éste ya nos hubiera comido a nosotros si no nos hubiéramos prevenido.",Ipa’la’ka tullima ala’sa’ taserpi “Ipa’ asu’nta’ka ka’nansinmu’wa’ kenmu’wa’ inlli’inuinpu’a’kawa’su’ ñilli.,entonces un hombre viejo dijo: ahora sí éste ya nos hubiera comido a nosotros si no nos hubiéramos prevenido.,ipa’la’ka tullima ala’sa’ taserpi ipa’ asu’nta’ka ka’nansinmu’wa’ kenmu’wa’ inlli’inuinpu’a’kawa’su’ ñilli.
U02966,suspicious_content|length_issue,"ESP muy largo (22 palabras, umbral: 18); ESP mucho más largo que SHIWILU (ratio: 3.14) || ESP contiene paréntesis (posible glosa); ESP contiene caracteres sospechosos: ['""', '(', ')']; SHIWILU contiene caracteres sospechosos: ['’', '“', '”']","¡Qué clase (de personas) quizá somos!"" dijo (pues nos debimos prevenir desde un principio). ""Pero ya le hemos muerto al tigre negro"".",Ma’pu’a’ka’wasui’pa’ ñak kua’” tullima. “Ipi’na dei’tulekwa’ kelluluñiñi’.,¡qué clase (de personas) quizá somos! dijo (pues nos debimos prevenir desde un principio). pero ya le hemos muerto al tigre negro.,ma’pu’a’ka’wasui’pa’ ñak kua’ tullima. ipi’na dei’tulekwa’ kelluluñiñi’.
U02968,suspicious_content|length_issue,"SHIWILU muy largo (24 palabras, umbral: 10); SHIWILU mucho más largo que ESP (ratio: 0.29) || SHIWILU contiene caracteres sospechosos: ['’']","semanas, un mes y llegaron a Moyobamba.","Sekllintulli iñer uklli, ala’ simana’, katu’ simana’, kala simana’, ala’ dukerkek ima ektu’llina’ Muyunpak. Hicieron trocha todos los días, una semana, dos semanas, tres","semanas, un mes y llegaron a moyobamba.","sekllintulli iñer uklli, ala’ simana’, katu’ simana’, kala simana’, ala’ dukerkek ima ektu’llina’ muyunpak. hicieron trocha todos los días, una semana, dos semanas, tres"
U02975,suspicious_content|length_issue,"ESP muy largo (23 palabras, umbral: 18); SHIWILU muy largo (12 palabras, umbral: 10) || ESP contiene caracteres sospechosos: ['""']; SHIWILU contiene caracteres sospechosos: ['’', '""']","Él ha explicado: ""A ellos no los traten así, a ellos no los maten, ellos no han venido a matar"" dijo el intérprete.","Naneima a’lachiktulli ""Aner yanu’tudektama’ asu’ yadi’tudektama’, nawa’ uk’i’ñina’ ya’di’nna’"" tullima nana a’lachikta’su’.","él ha explicado: a ellos no los traten así, a ellos no los maten, ellos no han venido a matar dijo el intérprete.","naneima a’lachiktulli aner yanu’tudektama’ asu’ yadi’tudektama’, nawa’ uk’i’ñina’ ya’di’nna’ tullima nana a’lachikta’su’."
U02981,suspicious_content|length_issue,"ESP muy largo (18 palabras, umbral: 18); SHIWILU muy largo (11 palabras, umbral: 10) || SHIWILU contiene caracteres sospechosos: ['’']",Ahí efectivamente apareció un hombre blanco. Al verlo se asustaron de ver lo que nunca antes habían visto.,"Tekkinchi ala’sa’ Dadapu mudi’ma lli’tulli. Lli'anna’ imanantullina’, lli’anna’ ñi enpi’ lli’inpu’erkasu’.",ahí efectivamente apareció un hombre blanco. al verlo se asustaron de ver lo que nunca antes habían visto.,"tekkinchi ala’sa’ dadapu mudi’ma lli’tulli. lli'anna’ imanantullina’, lli’anna’ ñi enpi’ lli’inpu’erkasu’."
U02984,suspicious_content|length_issue,"ESP muy largo (18 palabras, umbral: 18) || ESP contiene caracteres sospechosos: ['""']; SHIWILU contiene caracteres sospechosos: ['""']","Sin embargo, aquí ninguno de nosotros tiene casa embarrada"" así dijeron los que se habían ido a ver.","Kenmu'wi'na asek ñiden lupa'paperwi'ñi"" tullima nana lli'tukunlusa'.","sin embargo, aquí ninguno de nosotros tiene casa embarrada así dijeron los que se habían ido a ver.",kenmu'wi'na asek ñiden lupa'paperwi'ñi tullima nana lli'tukunlusa'.
U02986,length_issue,ESP mucho más largo que SHIWILU (ratio: 4.00),"Después de eso, nuevamente se fueron otros más.",Naneklaka insichidañina'.,"después de eso, nuevamente se fueron otros más.",naneklaka insichidañina'.
U02993,suspicious_content|length_issue,"SHIWILU muy largo (11 palabras, umbral: 10) || ESP contiene caracteres sospechosos: ['""']; SHIWILU contiene caracteres sospechosos: ['’', '""']","Regresando por ese camino dijeron: ""Por ese camino hay bastante comida, hay de todo"".","Nana inchilalalupa’ adencha’nni’ma luncha’llina’: ""Enpu’nipa’ uran ñilli nana inchilalalupa’, dudinpu’ ñapalli.","regresando por ese camino dijeron: por ese camino hay bastante comida, hay de todo.","nana inchilalalupa’ adencha’nni’ma luncha’llina’: enpu’nipa’ uran ñilli nana inchilalalupa’, dudinpu’ ñapalli."
U02995,suspicious_content|length_issue,"ESP muy largo (31 palabras, umbral: 18); SHIWILU muy largo (15 palabras, umbral: 10) || ESP contiene paréntesis (posible glosa); ESP contiene caracteres sospechosos: ['""', '(', ')']; SHIWILU contiene caracteres sospechosos: ['’', '""']","Dice que ahí se puso de pie un viejo y dijo: ""Ahora sí hemos conocido otro pueblo. Porque ya se aproxima el día del perecimiento (el día del fin) estamos así.","Nanek ima ala’sa’ taserpi waneran tulli ""Ipa’la’ka ali’la ñinanlu’ luwetchulekwa’. Ipa’ wer’uklli kawi’ta’su malek u’apalekwa’"".",dice que ahí se puso de pie un viejo y dijo: ahora sí hemos conocido otro pueblo. porque ya se aproxima el día del perecimiento (el día del fin) estamos así.,nanek ima ala’sa’ taserpi waneran tulli ipa’la’ka ali’la ñinanlu’ luwetchulekwa’. ipa’ wer’uklli kawi’ta’su malek u’apalekwa’.
U02996,suspicious_content|length_issue,"SHIWILU muy largo (10 palabras, umbral: 10) || SHIWILU contiene caracteres sospechosos: ['’']","Dijo una viejita, ella tuvo una visión, soñó que seguramente muchas enfermedades llegarían.","Tulli ala’sa’ tasellunsha, nanima wa’adik tulli, wa’datulli, enpu’ninchipa’ kaluwi’ ektu’kerechu.","dijo una viejita, ella tuvo una visión, soñó que seguramente muchas enfermedades llegarían.","tulli ala’sa’ tasellunsha, nanima wa’adik tulli, wa’datulli, enpu’ninchipa’ kaluwi’ ektu’kerechu."
U02998,suspicious_content|length_issue,"ESP muy largo (18 palabras, umbral: 18) || ESP contiene paréntesis (posible glosa); ESP contiene caracteres sospechosos: ['(', ')']","Cuentan que de verdad por ese camino llegaron los que vinieron a conocer (Jeberos), los wiracochas, los blancos.","Tekkinchima nana inchilalalupei'ma ukllina' luwerkellusa', wa'danlusa', Dadapu muda'lusa'.","cuentan que de verdad por ese camino llegaron los que vinieron a conocer (jeberos), los wiracochas, los blancos.","tekkinchima nana inchilalalupei'ma ukllina' luwerkellusa', wa'danlusa', dadapu muda'lusa'."
U03000,suspicious_content|length_issue,"ESP muy largo (23 palabras, umbral: 18) || ESP contiene caracteres sospechosos: ['""']; SHIWILU contiene caracteres sospechosos: ['’', '""']","Las abuelas ya finadas dijeron: ""Nosotros somos los culpables de que ahora los señores vengan y nos hagan la vida imposible sin motivo"".","Tullina’ amiku’lusa’ ""Kuda usha’wañidek asu’ ipa’la wa’danlusa’ uk’anna’ llikanerchi’ñinerkenmu’wa’.",las abuelas ya finadas dijeron: nosotros somos los culpables de que ahora los señores vengan y nos hagan la vida imposible sin motivo.,tullina’ amiku’lusa’ kuda usha’wañidek asu’ ipa’la wa’danlusa’ uk’anna’ llikanerchi’ñinerkenmu’wa’.
U03001,suspicious_content|length_issue,"ESP muy largo (23 palabras, umbral: 18); SHIWILU muy largo (11 palabras, umbral: 10) || ESP contiene paréntesis (posible glosa); ESP contiene caracteres sospechosos: ['""', '(', ')']; SHIWILU contiene caracteres sospechosos: ['’', '""']","Así como algunos maltratan a sus hijos a cada instante, así estas dos personas (nos maltratan a nosotros)8"" dijeron en una reunion hablando.","Ma'lusa', nu'unta' willina' llikanetchi'ñina' nanapu’tullinerkenmu’wa’, asu’ katu’shadaper"" tullina' ima idiuntunna' lunna'.","así como algunos maltratan a sus hijos a cada instante, así estas dos personas (nos maltratan a nosotros)8 dijeron en una reunion hablando.","ma'lusa', nu'unta' willina' llikanetchi'ñina' nanapu’tullinerkenmu’wa’, asu’ katu’shadaper tullina' ima idiuntunna' lunna'."
U03002,suspicious_content|length_issue,"ESP muy largo (39 palabras, umbral: 18); ESP mucho más largo que SHIWILU (ratio: 4.33) || ESP contiene caracteres sospechosos: ['’']","Lloraron entre ellos, se besaron las manos, así dijeron como dialogando con sus compadres. Ahí bebiendo todas estas cosas hablaban. 8 Probablemente el narrador hace alusión a los espa ñoles conocidos como Apu’tek y Sekputchek. Véanse las narraciones siguientes.","Inwellektanna', inmusha'iteklanna', tullini'ma kunpallinenna' luntanna'pu'su'. Nanek uwanna', tusu'sa' luñina'.","lloraron entre ellos, se besaron las manos, así dijeron como dialogando con sus compadres. ahí bebiendo todas estas cosas hablaban. 8 probablemente el narrador hace alusión a los espa ñoles conocidos como apu’tek y sekputchek. véanse las narraciones siguientes.","inwellektanna', inmusha'iteklanna', tullini'ma kunpallinenna' luntanna'pu'su'. nanek uwanna', tusu'sa' luñina'."
U03007,suspicious_content|length_issue,"SHIWILU muy largo (10 palabras, umbral: 10) || ESP contiene paréntesis (posible glosa); ESP contiene caracteres sospechosos: ['(', ')']","Diez años, catorce, quince, como mujeres (de los españoles) se fueron. A todas las fueron a vender.","Shunka' ekkilala, shunka' ínkatu', shunka' alei'teklun ku'apellusa'pu'su' pa'llina'. Iñer uku'latukun.","diez años, catorce, quince, como mujeres (de los españoles) se fueron. a todas las fueron a vender.","shunka' ekkilala, shunka' ínkatu', shunka' alei'teklun ku'apellusa'pu'su' pa'llina'. iñer uku'latukun."
U03008,suspicious_content|length_issue,"ESP mucho más largo que SHIWILU (ratio: 4.25) || ESP contiene paréntesis (posible glosa); ESP contiene caracteres sospechosos: ['(', ')']","Una vez que las vendían, (los hermanos) se escondían y las abandonaban, se venían (a Jeberos) dejándolas.","Uku'latudek'anna', insekkilapidek'anna', uk'lapincha'dekllina' nana.","una vez que las vendían, (los hermanos) se escondían y las abandonaban, se venían (a jeberos) dejándolas.","uku'latudek'anna', insekkilapidek'anna', uk'lapincha'dekllina' nana."
U03009,suspicious_content|length_issue,"ESP mucho más largo que SHIWILU (ratio: 4.00) || ESP contiene paréntesis (posible glosa); ESP contiene caracteres sospechosos: ['(', ')']",(Las mujeres) lloraban bastante y después se acostumbraban.,Wellek'apawi'ni'ma tekkiyallina'.,(las mujeres) lloraban bastante y después se acostumbraban.,wellek'apawi'ni'ma tekkiyallina'.
U03010,suspicious_content|length_issue,"ESP muy largo (21 palabras, umbral: 18); SHIWILU muy largo (13 palabras, umbral: 10) || ESP contiene caracteres sospechosos: ['""']; SHIWILU contiene caracteres sospechosos: ['""']","Cuando ya pasaban veinte años ""Ahora sí, vayan a su pueblo"", les decían los viejos, este, los que tenían mal corazón.","Katu' shunka' ekkilala ñisik ima ""Ipa'a'ka panta'ku' ñinanlu'penmek"", itudekllina' nana taserpiku'lusa', ma'i, mukankinpu'lusa'.","cuando ya pasaban veinte años ahora sí, vayan a su pueblo, les decían los viejos, este, los que tenían mal corazón.","katu' shunka' ekkilala ñisik ima ipa'a'ka panta'ku' ñinanlu'penmek, itudekllina' nana taserpiku'lusa', ma'i, mukankinpu'lusa'."
U03011,length_issue,"ESP muy largo (18 palabras, umbral: 18); SHIWILU muy largo (13 palabras, umbral: 10)","De esa manera ahora nuestro pueblo ha crecido, gentes de otros lugares viven, otras mujeres vienen, traen enfermedades.","Nu'siklimaka ipa'la asu' ñinanlu'mapu'wa' susulli, nerpi'la muda'lusa' nanpillina', nerpi'la ku'aper uk'apalli, kaluwi' ker'apallina'.","de esa manera ahora nuestro pueblo ha crecido, gentes de otros lugares viven, otras mujeres vienen, traen enfermedades.","nu'siklimaka ipa'la asu' ñinanlu'mapu'wa' susulli, nerpi'la muda'lusa' nanpillina', nerpi'la ku'aper uk'apalli, kaluwi' ker'apallina'."
U03015,suspicious_content|length_issue,"ESP muy largo (23 palabras, umbral: 18); SHIWILU muy largo (16 palabras, umbral: 10) || ESP contiene caracteres sospechosos: ['""']; SHIWILU contiene caracteres sospechosos: ['""', '’']","Sin embargo, ahora decimos ""Está bien, eso sí viéndoles nosotros también nos cortamos nuestros cabellos, hablamos el castellano"" dijeron los abuelos ya finados.","Da'ilek, ipa'la tulekwa' ""Mullin, nanekla nana’ka lli’akwa’ kenmu'wa'nta' ipa'la enchekmapu'wa' dektuntulekwa', lunekwa' asu' Kaschilla'"", tullina' papinkuku'lusa'.","sin embargo, ahora decimos está bien, eso sí viéndoles nosotros también nos cortamos nuestros cabellos, hablamos el castellano dijeron los abuelos ya finados.","da'ilek, ipa'la tulekwa' mullin, nanekla nana’ka lli’akwa’ kenmu'wa'nta' ipa'la enchekmapu'wa' dektuntulekwa', lunekwa' asu' kaschilla', tullina' papinkuku'lusa'."
U03016,suspicious_content|length_issue,"ESP muy largo (18 palabras, umbral: 18) || ESP contiene paréntesis (posible glosa); ESP contiene caracteres sospechosos: ['(', ')']","Se sentaban, sentían pena y a veces insultaban a los que habían ido (por primera vez a Moyobamba).","Du'anna', wa'inutanna', nerpi'pu' ñiper'dekllina' nana pa'lusa'.","se sentaban, sentían pena y a veces insultaban a los que habían ido (por primera vez a moyobamba).","du'anna', wa'inutanna', nerpi'pu' ñiper'dekllina' nana pa'lusa'."
U03018,suspicious_content|length_issue,"SHIWILU muy largo (19 palabras, umbral: 10); SHIWILU mucho más largo que ESP (ratio: 0.11) || ESP contiene caracteres sospechosos: ['""']; SHIWILU contiene caracteres sospechosos: ['""']","allá"", decían.","Da'ilek, ali'ladaper tullina' ""Saka'tunan dunkerpatekkudek nanalupa' pa'achidek"", tullima. Sin embargo, otros opinaban ""A buscar trabajo tenemos que ir por","allá, decían.","da'ilek, ali'ladaper tullina' saka'tunan dunkerpatekkudek nanalupa' pa'achidek, tullima. sin embargo, otros opinaban a buscar trabajo tenemos que ir por"
U03020,length_issue,ESP mucho más largo que SHIWILU (ratio: 3.67),Dice que cargadas en la espalda las trajeron queriendo hacerles conocer.,Pipekdek'anni'ma kencha'dekllina' ya'luwerdek'anna'.,dice que cargadas en la espalda las trajeron queriendo hacerles conocer.,pipekdek'anni'ma kencha'dekllina' ya'luwerdek'anna'.
U03022,suspicious_content|length_issue,"ESP muy largo (21 palabras, umbral: 18); SHIWILU muy largo (12 palabras, umbral: 10) || ESP contiene caracteres sospechosos: ['“', '”']; SHIWILU contiene caracteres sospechosos: ['“', '”', '’']","“Antes cuando yo era niño he escuchado que en ese camino de Moyobamba perecieron, el Duende Puro Hueso les comió” dijeron.","“Napi’, kuanta’ wilakuñamu laukta’kasu’ nana Muyunpa inchilalak taker’llina’, Lansi’ Wa’danler ka’deklli” tullina’.","antes cuando yo era niño he escuchado que en ese camino de moyobamba perecieron, el duende puro hueso les comió dijeron.","napi’, kuanta’ wilakuñamu laukta’kasu’ nana muyunpa inchilalak taker’llina’, lansi’ wa’danler ka’deklli tullina’."
U03029,suspicious_content|length_issue,"ESP muy largo (20 palabras, umbral: 18); SHIWILU muy largo (13 palabras, umbral: 10) || ESP contiene paréntesis (posible glosa); ESP contiene caracteres sospechosos: ['""', '(', ')']; SHIWILU contiene caracteres sospechosos: ['""', '’']","Sin embargo, ellos viendo a los astros (decían) ""Miren por qué reverbean las estrellas, después se vuelan (las estrellas fugaces).","Da'ilek i'na, pi'tandulalusa' lli'anna', ""Lli'ker, ma’pu’n ipa’ asu’ tandula ulu’ ulu’tulli, nu’an pennu’lli.","sin embargo, ellos viendo a los astros (decían) miren por qué reverbean las estrellas, después se vuelan (las estrellas fugaces).","da'ilek i'na, pi'tandulalusa' lli'anna', lli'ker, ma’pu’n ipa’ asu’ tandula ulu’ ulu’tulli, nu’an pennu’lli."
U03030,suspicious_content|length_issue,"ESP muy largo (21 palabras, umbral: 18); SHIWILU muy largo (11 palabras, umbral: 10) || ESP contiene caracteres sospechosos: ['""']; SHIWILU contiene caracteres sospechosos: ['""', '”']","Eso a nosotros nos está diciendo ""Así van a volar ustedes también algún día"", cuentan que dijeron las abuelas ya finadas.","Nani'na kenmu'wa' itapallinerkenmu'wa' ""U'su' pennu'chuma' kenmama'nta' enpi' uklli”, tullina' ima amiku'lusa'.","eso a nosotros nos está diciendo así van a volar ustedes también algún día, cuentan que dijeron las abuelas ya finadas.","nani'na kenmu'wa' itapallinerkenmu'wa' u'su' pennu'chuma' kenmama'nta' enpi' uklli, tullina' ima amiku'lusa'."
U03032,suspicious_content|length_issue,"SHIWILU muy largo (12 palabras, umbral: 10) || ESP contiene caracteres sospechosos: ['""']; SHIWILU contiene caracteres sospechosos: ['”']","En otro fierro que corre también tú, ustedes van a viajar cuando nosotros perezcamos"", decían las abuelitas.","Ali'la wa'natek tekka'a'su' nanek kenmanta', kenmama'nta' pa'achuma' kuda ipa' chimiansekudek”, tullina' amishala.","en otro fierro que corre también tú, ustedes van a viajar cuando nosotros perezcamos, decían las abuelitas.","ali'la wa'natek tekka'a'su' nanek kenmanta', kenmama'nta' pa'achuma' kuda ipa' chimiansekudek, tullina' amishala."
U03035,suspicious_content|length_issue,"ESP muy largo (22 palabras, umbral: 18); SHIWILU muy largo (13 palabras, umbral: 10) || SHIWILU contiene caracteres sospechosos: ['’']","Algunos mezquinaban. Volviendo de Moyobamba no querían contar cómo habían visto a las señoras, ni querian contar más, sin despedirse se iban.","Nu’unti’ma aper’kulli. Yalun’i’ñi uncha'n Muyunpakla ma'pu'si'pa' lli'lli senñulalusa', ñima nanapinta' yalun’i’ñi, ta'tula'nna' pa'llina'.","algunos mezquinaban. volviendo de moyobamba no querían contar cómo habían visto a las señoras, ni querian contar más, sin despedirse se iban.","nu’unti’ma aper’kulli. yalun’i’ñi uncha'n muyunpakla ma'pu'si'pa' lli'lli senñulalusa', ñima nanapinta' yalun’i’ñi, ta'tula'nna' pa'llina'."
U03037,suspicious_content|length_issue,"ESP muy largo (20 palabras, umbral: 18) || ESP contiene caracteres sospechosos: ['“']; SHIWILU contiene caracteres sospechosos: ['“']",Lo que han anunciado los abuelos ya finados “Algún día ustedes con sus madres ya no van a estar caminando.,Ter'kasu'pi'la papinkuku'lusa' “Enpi' uklli kenmama' awapenma'lek pa'api'nchuma'.,lo que han anunciado los abuelos ya finados algún día ustedes con sus madres ya no van a estar caminando.,ter'kasu'pi'la papinkuku'lusa' enpi' uklli kenmama' awapenma'lek pa'api'nchuma'.
U03038,suspicious_content|length_issue,"ESP muy largo (22 palabras, umbral: 18); SHIWILU muy largo (10 palabras, umbral: 10) || ESP contiene caracteres sospechosos: ['”']; SHIWILU contiene caracteres sospechosos: ['’']","¡A que ciudad quizá van a ir! A otra ciudad desconocida van a ir, a Moyobamba ya no van a ir más”.","¡Enñupa’ ñinanlu' ipa' pa'achuma'! Ali'la ñinanlu'lupa' pa'achuma', Muyunpalupa' a'pinta' pa'api'nchuma'.","¡a que ciudad quizá van a ir! a otra ciudad desconocida van a ir, a moyobamba ya no van a ir más.","¡enñupa’ ñinanlu' ipa' pa'achuma'! ali'la ñinanlu'lupa' pa'achuma', muyunpalupa' a'pinta' pa'api'nchuma'."
U03039,suspicious_content|length_issue,"ESP muy largo (25 palabras, umbral: 18); SHIWILU muy largo (14 palabras, umbral: 10) || ESP contiene caracteres sospechosos: ['""', '”']; SHIWILU contiene caracteres sospechosos: ['""', '”']","De ahí dijo un viejo ""Estos que están viajando en algún momento van a traer lo que hacen de fierro, volando va a venir” dijeron.","Nanekla tulli ali'la papinku ""Asu' pa'apalusa' enpulila keretchuna' nana wa'nakla nu'ter'kasu' pennu'pilerpachi uk'etchu” tullini'ma.","de ahí dijo un viejo estos que están viajando en algún momento van a traer lo que hacen de fierro, volando va a venir dijeron.",nanekla tulli ali'la papinku asu' pa'apalusa' enpulila keretchuna' nana wa'nakla nu'ter'kasu' pennu'pilerpachi uk'etchu tullini'ma.
U03040,length_issue,"SHIWILU muy largo (10 palabras, umbral: 10)","Hoy estamos viendo. Estamos viendo todo lo que va aconteciendo años, semana, mes, año.","Ipa'li'na ipa' lli'apalekwa'. Lli'apalekwa' ma'pu'si'lipa' nakupilalli ekkilalalusa', simana', duker, ekkilala.","hoy estamos viendo. estamos viendo todo lo que va aconteciendo años, semana, mes, año.","ipa'li'na ipa' lli'apalekwa'. lli'apalekwa' ma'pu'si'lipa' nakupilalli ekkilalalusa', simana', duker, ekkilala."
U03044,length_issue,"ESP muy largo (19 palabras, umbral: 18)","Tratándonos así todas esas cosas nosotros hemos aprendido de otros cuando éramos niños, sentándonos muy cerca a su lado.","Nu'taminerkenmu'wa' nanadaper a'ka asu' kudanta' ñinchipa'tullidek wilakudek ñamudek, du'pa'dek'amudek.","tratándonos así todas esas cosas nosotros hemos aprendido de otros cuando éramos niños, sentándonos muy cerca a su lado.","nu'taminerkenmu'wa' nanadaper a'ka asu' kudanta' ñinchipa'tullidek wilakudek ñamudek, du'pa'dek'amudek."
U03049,length_issue,ESP mucho más largo que SHIWILU (ratio: 3.40),Para que mis hijos y los hijos de todos nosotros lo lean y que ellos también conozcan.,"Wilawek wilamapu'wa'lusa' lli'erkek, nawa'nta' luwetcherkek.",para que mis hijos y los hijos de todos nosotros lo lean y que ellos también conozcan.,"wilawek wilamapu'wa'lusa' lli'erkek, nawa'nta' luwetcherkek."
U03054,suspicious_content|length_issue,"ESP muy largo (24 palabras, umbral: 18); SHIWILU muy largo (13 palabras, umbral: 10) || SHIWILU contiene caracteres sospechosos: ['’']","Ahora les voy a contar cómo quiza cuando vivían los antiguos indios Shawala pelearon contra los que vinieron de otro pueblo, los catellano- hablantes.","Ipa'la' winterkenma' ma'pu'si'pa’ napi’ Shawala kenma’ ñapanna’pi’la idenmalli'na' asu' nerñinalukla uklusa’lek, Kaschilla lunlusa’.","ahora les voy a contar cómo quiza cuando vivían los antiguos indios shawala pelearon contra los que vinieron de otro pueblo, los catellano- hablantes.","ipa'la' winterkenma' ma'pu'si'pa’ napi’ shawala kenma’ ñapanna’pi’la idenmalli'na' asu' nerñinalukla uklusa’lek, kaschilla lunlusa’."
U03058,suspicious_content|length_issue,"ESP muy largo (39 palabras, umbral: 18); ESP mucho más largo que SHIWILU (ratio: 4.33) || ESP contiene paréntesis (posible glosa); ESP contiene caracteres sospechosos: ['(', ')']","Malallina solita, en el día y en la noche, elaboró su masato llenando toda su casa (con la bebida), 9 Malallina es la adaptación del nombre español Magdalena. En esta traducción hemos optado por mantener la forma shiwilu Malallina.","Malallineima ñañashasa', ukllilek dekpilli'lek, uklulu' nu'ta'n, iñer pideknen a'muetchan,","malallina solita, en el día y en la noche, elaboró su masato llenando toda su casa (con la bebida), 9 malallina es la adaptación del nombre español magdalena. en esta traducción hemos optado por mantener la forma shiwilu malallina.","malallineima ñañashasa', ukllilek dekpilli'lek, uklulu' nu'ta'n, iñer pideknen a'muetchan,"
U03061,suspicious_content|length_issue,"ESP mucho más largo que SHIWILU (ratio: 4.25) || ESP contiene caracteres sospechosos: ['""']","Les voy a dar de beber la chicha punta, su espuma les voy a dar de beber"".","A'urkenma' uklupidek, dinpunen a'urkenma'.","les voy a dar de beber la chicha punta, su espuma les voy a dar de beber.","a'urkenma' uklupidek, dinpunen a'urkenma'."
U03065,suspicious_content|length_issue,ESP mucho más largo que SHIWILU (ratio: 3.25) || SHIWILU contiene caracteres sospechosos: ['’'],"No se cansan de reñirnos, no dejan de pegarnos, ¿acaso eso es bueno?","Tukaner'chi'ñinerkenmu'wa', llikaner'chi'ñinerkenmu'wa', ¿nana’cha mulli?","no se cansan de reñirnos, no dejan de pegarnos, ¿acaso eso es bueno?","tukaner'chi'ñinerkenmu'wa', llikaner'chi'ñinerkenmu'wa', ¿nana’cha mulli?"
U03067,suspicious_content|length_issue,"ESP muy largo (21 palabras, umbral: 18); ESP mucho más largo que SHIWILU (ratio: 10.50) || ESP contiene caracteres sospechosos: ['’']",!Pónganse de pie como varones! 10 Se refiere a las autoridades españolas conocidos como Apu’tek y Sekputchek. Léase el texto siguiente.,¡Wanerku' enmu'pinenpu'su'!,!pónganse de pie como varones! 10 se refiere a las autoridades españolas conocidos como apu’tek y sekputchek. léase el texto siguiente.,¡wanerku' enmu'pinenpu'su'!
U03068,suspicious_content|length_issue,"ESP muy largo (28 palabras, umbral: 18); SHIWILU muy largo (10 palabras, umbral: 10) || ESP contiene paréntesis (posible glosa); ESP contiene caracteres sospechosos: ['(', ')']","Cómo yo siendo mujer (me rebelo), les estoy diciendo a todos párense, les pido a todos que se pongan de pie. Así se van a parar, ahí está.","Ma'pu'si'na kua ku'aperku ñamu... Iñer itapallenma' wanerku', nu'su' waneretchuma', ma'ata'na.","cómo yo siendo mujer (me rebelo), les estoy diciendo a todos párense, les pido a todos que se pongan de pie. así se van a parar, ahí está.","ma'pu'si'na kua ku'aperku ñamu... iñer itapallenma' wanerku', nu'su' waneretchuma', ma'ata'na."
U03073,suspicious_content|length_issue,"ESP muy largo (19 palabras, umbral: 18) || ESP contiene caracteres sospechosos: ['”']; SHIWILU contiene caracteres sospechosos: ['”']","Tal vez querrás estar viendo que a tu esposa, a tu hija, a tus hijos varones los estén azotando”.","Nanipa' luwantula' yalli'apalinpa' sadanpen, teklapinpen, erkunpenlusa' llipu'taperkasu'”.","tal vez querrás estar viendo que a tu esposa, a tu hija, a tus hijos varones los estén azotando.","nanipa' luwantula' yalli'apalinpa' sadanpen, teklapinpen, erkunpenlusa' llipu'taperkasu'."
U03082,suspicious_content|length_issue,"ESP muy largo (20 palabras, umbral: 18) || ESP contiene caracteres sospechosos: ['“', '""']; SHIWILU contiene caracteres sospechosos: ['""']","Regresando, a los que no apoyaron la rebelión les dijeron “¡Vamos a matarlos a esos que no se han adherido"".","Adanda'nni'ma, nana katu'pa'chinpu'lusa' itudeklli ""¡Enchuku' di'tudekawa' asu' katu'pa'chinpu'lusa'!","regresando, a los que no apoyaron la rebelión les dijeron ¡vamos a matarlos a esos que no se han adherido.","adanda'nni'ma, nana katu'pa'chinpu'lusa' itudeklli ¡enchuku' di'tudekawa' asu' katu'pa'chinpu'lusa'!"
U03085,length_issue,"ESP muy largo (21 palabras, umbral: 18)","Entonces los que se escaparon, los que se corrieron, dice, se fueron a vivir por los cerros, se fueron a vivir.","Nanek ima chi'yek'erkasu' tekka'erkasu' ima, pa'llima mutupilupa' yananpinna', nanpikuñina'.","entonces los que se escaparon, los que se corrieron, dice, se fueron a vivir por los cerros, se fueron a vivir.","nanek ima chi'yek'erkasu' tekka'erkasu' ima, pa'llima mutupilupa' yananpinna', nanpikuñina'."
U03086,suspicious_content|length_issue,"SHIWILU muy largo (13 palabras, umbral: 10) || ESP contiene paréntesis (posible glosa); ESP contiene caracteres sospechosos: ['(', ')']; SHIWILU contiene caracteres sospechosos: ['’']",Veinticinco años pasaron y cuando las autoridades que habían hablado con Malallina murieron volvieron (a Jeberos).,"Katu'shunka' alei'teklun ekkilala ñisik ima, nana wa'anku’lusa' Malallinalek lu’rnkasu' nawei'ma ipa' chimia'ser adankenñunta'llina'.",veinticinco años pasaron y cuando las autoridades que habían hablado con malallina murieron volvieron (a jeberos).,"katu'shunka' alei'teklun ekkilala ñisik ima, nana wa'anku’lusa' malallinalek lu’rnkasu' nawei'ma ipa' chimia'ser adankenñunta'llina'."
U03087,suspicious_content|length_issue,"SHIWILU muy largo (16 palabras, umbral: 10); SHIWILU mucho más largo que ESP (ratio: 0.25) || ESP contiene caracteres sospechosos: ['”']; SHIWILU contiene caracteres sospechosos: ['""', '’']",¿nos van a querer?”,"Adencha'n ima wa'an lekllina' -""Adanpilencha'llidek kuda, ¿luwandetchuma' a’cha?"" Regresando le pidieron al gobernante -""Nosotros estamos volviendo,",¿nos van a querer?,"adencha'n ima wa'an lekllina' -adanpilencha'llidek kuda, ¿luwandetchuma' a’cha? regresando le pidieron al gobernante -nosotros estamos volviendo,"
U03092,suspicious_content|length_issue,"ESP muy largo (28 palabras, umbral: 18); ESP mucho más largo que SHIWILU (ratio: 3.11) || ESP contiene caracteres sospechosos: ['""']; SHIWILU contiene caracteres sospechosos: ['’', '”']","Nuestro pueblo, los que viven en el Barrio Bajo, van a pandillar por el Barrio Bajo; los que viven por el Barrio Alto, por el Barrio Alto"", dijeron.","Ñinanlu'mapu'wa', Chilenkek ña'su', Chilenllupa' chu'kenetchu; Winenllupa' ña'su', Winenllupa’”, tanni'ma.","nuestro pueblo, los que viven en el barrio bajo, van a pandillar por el barrio bajo; los que viven por el barrio alto, por el barrio alto, dijeron.","ñinanlu'mapu'wa', chilenkek ña'su', chilenllupa' chu'kenetchu; winenllupa' ña'su', winenllupa’, tanni'ma."
U03093,length_issue,"ESP muy largo (20 palabras, umbral: 18)",El pueblo puso policías en el medio del pueblo. Policía para el Barrio Bajo y policía para el Barrio Alto.,"Ninanlu' aku'llina' wala'wan ikiñek ñinanlu'. Wala'wan Chilenki, wala'wan Winenki.",el pueblo puso policías en el medio del pueblo. policía para el barrio bajo y policía para el barrio alto.,"ninanlu' aku'llina' wala'wan ikiñek ñinanlu'. wala'wan chilenki, wala'wan winenki."
U03096,length_issue,"ESP muy largo (18 palabras, umbral: 18)","Cuando los barriobajinos van por el Barrio Alto, las mujeres y los hombres del Barrio Alto se rabian.","Chillenllusa' pa'a'ser Winenllupa', Winellun Winenpenllusa'nta' yullina'.","cuando los barriobajinos van por el barrio alto, las mujeres y los hombres del barrio alto se rabian.","chillenllusa' pa'a'ser winenllupa', winellun winenpenllusa'nta' yullina'."
U03097,suspicious_content|length_issue,"ESP muy largo (20 palabras, umbral: 18) || ESP contiene paréntesis (posible glosa); ESP contiene caracteres sospechosos: ['“', '”', '(', ')']; SHIWILU contiene caracteres sospechosos: ['""', '’']","“¿Por qué estos del Barrio Bajo son asi? ¿Acaso nosotros nos vamos por ahi (por donde ellos)?”, diciendo se rabian.","""Ma'ki'na asu' Chilen nu'lli? ¿Kenmu'wa'ta’ nanalupa' pa'apalekwa'?"", tanna' yullina'.","¿por qué estos del barrio bajo son asi? ¿acaso nosotros nos vamos por ahi (por donde ellos)?, diciendo se rabian.","ma'ki'na asu' chilen nu'lli? ¿kenmu'wa'ta’ nanalupa' pa'apalekwa'?, tanna' yullina'."
U03100,length_issue,"SHIWILU muy largo (10 palabras, umbral: 10)","Yo también soy así mismo. A los barriobajinos no los aborrezco mucho, pero tampoco quiero conversarles.","kuanta' nu'apalek i'la. Chilenllusa' enpu'ninchi, enpu'ninchi ni luyuinpu'winek, ñi'na yaluntudek'i'nek.","yo también soy así mismo. a los barriobajinos no los aborrezco mucho, pero tampoco quiero conversarles.","kuanta' nu'apalek i'la. chilenllusa' enpu'ninchi, enpu'ninchi ni luyuinpu'winek, ñi'na yaluntudek'i'nek."
U03109,suspicious_content|length_issue,ESP mucho más largo que SHIWILU (ratio: 3.33) || ESP contiene caracteres sospechosos: ['”']; SHIWILU contiene caracteres sospechosos: ['”'],Nos han hecho quedar a nosotros malos en nuestro corazón”,A'lliyanantulekwa' kenmu'wa' kankanmapu'wek”,nos han hecho quedar a nosotros malos en nuestro corazón,a'lliyanantulekwa' kenmu'wa' kankanmapu'wek
U03111,suspicious_content|length_issue,"SHIWILU muy largo (10 palabras, umbral: 10) || SHIWILU contiene caracteres sospechosos: ['’']","Sentados afuera, como tomando su masato, así decían, mirando las estrellas, mirando los astros.","Du'anna' adipi, uklulunenna' uwanna'pu'su', tusu' tullina', tandulalusa' lli'anna', pi’tandula lli’anna’.","sentados afuera, como tomando su masato, así decían, mirando las estrellas, mirando los astros.","du'anna' adipi, uklulunenna' uwanna'pu'su', tusu' tullina', tandulalusa' lli'anna', pi’tandula lli’anna’."
U03121,suspicious_content|length_issue,"SHIWILU muy largo (10 palabras, umbral: 10) || SHIWILU contiene caracteres sospechosos: ['’']","Yo soy viejo, tengo setenta años ya.","Nu'amudek i'na kua taserpiku' nuka'ka, kui’na kanchis shunka' ekkilalawantulek ipa'.","yo soy viejo, tengo setenta años ya.","nu'amudek i'na kua taserpiku' nuka'ka, kui’na kanchis shunka' ekkilalawantulek ipa'."
U03122,length_issue,"SHIWILU muy largo (11 palabras, umbral: 10)","Cuando tenia 12 años he escuchado lo que digo ahora, me ponía detrás de mi abuelita finada.","Shunka' katu' ekkilala a'ñamu nana lunpa'kasu' ipa'la lauktulek, kuanta' supinawantamu amiwekku'.","cuando tenia 12 años he escuchado lo que digo ahora, me ponía detrás de mi abuelita finada.","shunka' katu' ekkilala a'ñamu nana lunpa'kasu' ipa'la lauktulek, kuanta' supinawantamu amiwekku'."
U03125,length_issue,"ESP muy largo (19 palabras, umbral: 18); SHIWILU muy largo (12 palabras, umbral: 10)",Les voy a contar otro poquito sobre los de habla española que llegaron cargados desde Moyobamba acá a Jeberos.,Enta' wintununterkenma' u'ñishata'la nana Ishpaña la'la' lunlusi'mi'na' pipekpi wekllina' Muyunpeklan asu' Shiwiluk.,les voy a contar otro poquito sobre los de habla española que llegaron cargados desde moyobamba acá a jeberos.,enta' wintununterkenma' u'ñishata'la nana ishpaña la'la' lunlusi'mi'na' pipekpi wekllina' muyunpeklan asu' shiwiluk.
U03132,length_issue,"ESP muy largo (19 palabras, umbral: 18); SHIWILU muy largo (10 palabras, umbral: 10)","Él era de España también, los dos mismos no hablaban la lengua shiwilu ni la lengua inka, pero entendían.","Ishpañakla nananta', katu'daper i'la Shiwilu la'la', Inka' la'la' lui'nta'ser, lachekllini'mi'na.","él era de españa también, los dos mismos no hablaban la lengua shiwilu ni la lengua inka, pero entendían.","ishpañakla nananta', katu'daper i'la shiwilu la'la', inka' la'la' lui'nta'ser, lachekllini'mi'na."
U03136,suspicious_content|length_issue,"ESP muy largo (30 palabras, umbral: 18); SHIWILU muy largo (11 palabras, umbral: 10) || ESP contiene paréntesis (posible glosa); ESP contiene caracteres sospechosos: ['""', '(', ')']; SHIWILU contiene caracteres sospechosos: ['”', '’', '“']","No quería que (los shiwilu) se estiraran cuando trabajaban, hasta que se hacía bien tarde (los obligaban a trabajar), hasta que se hacía bien oscuro y el grillo (cantaba) ""chanchanchan"".","Yenchenterka'su' saka'tapanna', iñer er’werwalek ipa' kasiserapilek walek ipa' asu' inkella “chanchanchan”.","no quería que (los shiwilu) se estiraran cuando trabajaban, hasta que se hacía bien tarde (los obligaban a trabajar), hasta que se hacía bien oscuro y el grillo (cantaba) chanchanchan.","yenchenterka'su' saka'tapanna', iñer er’werwalek ipa' kasiserapilek walek ipa' asu' inkella chanchanchan."
U03140,length_issue,ESP mucho más largo que SHIWILU (ratio: 4.00),"A los muchachos, queriendo agarrar pejecitos con canasto, cuando se iban, se los comían las fieras.","Wilalusi'ma, ya'dandektanna', pa'anna', anaka'lli'na'.","a los muchachos, queriendo agarrar pejecitos con canasto, cuando se iban, se los comían las fieras.","wilalusi'ma, ya'dandektanna', pa'anna', anaka'lli'na'."
U03141,suspicious_content|length_issue,"ESP muy largo (19 palabras, umbral: 18); SHIWILU muy largo (13 palabras, umbral: 10) || ESP contiene caracteres sospechosos: ['“']; SHIWILU contiene caracteres sospechosos: ['""']","Viendo todas esas cosas, Malallina dijo “¿Esos dos hablantes de lengua española nos van a hacer todas esas cosas?","Nanadaper imaka lli'an Malallina tulli ""Asu' katu'ta' Ishpaña la'la' lunlusa' a'ta' kenmu'wa' utetchinerkenmu'wa'.","viendo todas esas cosas, malallina dijo ¿esos dos hablantes de lengua española nos van a hacer todas esas cosas?",nanadaper imaka lli'an malallina tulli asu' katu'ta' ishpaña la'la' lunlusa' a'ta' kenmu'wa' utetchinerkenmu'wa'.
U03149,suspicious_content|length_issue,"SHIWILU muy largo (10 palabras, umbral: 10) || ESP contiene caracteres sospechosos: ['""']; SHIWILU contiene caracteres sospechosos: ['""']","Ahí, dice, se ha ido un viejo y ha dicho ""Vamos a ir al cerro"".","Nanek ima' pa'lli' ipa'linchi ala'sa' taserpima tulli ""Enchuku' pa'awa' mutupik"".","ahí, dice, se ha ido un viejo y ha dicho vamos a ir al cerro.",nanek ima' pa'lli' ipa'linchi ala'sa' taserpima tulli enchuku' pa'awa' mutupik.
U03152,suspicious_content|length_issue,"ESP mucho más largo que SHIWILU (ratio: 3.33) || ESP contiene paréntesis (posible glosa); ESP contiene caracteres sospechosos: ['(', ')']",Otros se vinieron a quedar (donde vive) el ave montete.,Ali'lima llia'kelli musenpitek.,otros se vinieron a quedar (donde vive) el ave montete.,ali'lima llia'kelli musenpitek.
U03153,suspicious_content|length_issue,"ESP mucho más largo que SHIWILU (ratio: 3.25) || ESP contiene caracteres sospechosos: ['“', '”']","Otros se han quedado en el cerro. 11 Literalmente, “los nombres de adentro”.",Ali'lima llia'lli ma'i mutupik.,"otros se han quedado en el cerro. 11 literalmente, los nombres de adentro.",ali'lima llia'lli ma'i mutupik.
U03160,suspicious_content|length_issue,"ESP muy largo (18 palabras, umbral: 18); ESP mucho más largo que SHIWILU (ratio: 6.00) || ESP contiene paréntesis (posible glosa); ESP contiene caracteres sospechosos: ['""', '(', ')']; SHIWILU contiene caracteres sospechosos: ['’']","En cambio yo (me fui a vivir) por los dos cerros que forman como una boca abierta"" dijo.",Kui’na laweklateklupa' tullima.,en cambio yo (me fui a vivir) por los dos cerros que forman como una boca abierta dijo.,kui’na laweklateklupa' tullima.
U03161,suspicious_content|length_issue,"ESP muy largo (47 palabras, umbral: 18); ESP mucho más largo que SHIWILU (ratio: 5.22) || ESP contiene caracteres sospechosos: ['”', '""', '“']; SHIWILU contiene caracteres sospechosos: ['""', '”', '’']","Ese otro dijo ""Yo he sabido que en el cerro vive Llumallun"". 12 Laulate es un apellido muy común en Jeberos. Según este relato, su etimología se hallaría en el nombre Laweklatek “el de la boca abierta”. 13 Llumallun era viejita que vivia sola y era sabia.","Nana ali'lima tulli ""Kui’na ñinchitulek nana mutupik nanpipalli Llumallun13’”.","ese otro dijo yo he sabido que en el cerro vive llumallun. 12 laulate es un apellido muy común en jeberos. según este relato, su etimología se hallaría en el nombre laweklatek el de la boca abierta. 13 llumallun era viejita que vivia sola y era sabia.",nana ali'lima tulli kui’na ñinchitulek nana mutupik nanpipalli llumallun13’.
U03166,length_issue,"ESP muy largo (18 palabras, umbral: 18); ESP mucho más largo que SHIWILU (ratio: 4.50)",Y ustedes que fueron a vivir a los dos cerros que forman como una boca abierta son Laulate.,Kenmami'na lawekklatekkek ñikunama' Laulate.,y ustedes que fueron a vivir a los dos cerros que forman como una boca abierta son laulate.,kenmami'na lawekklatekkek ñikunama' laulate.
U03170,suspicious_content|length_issue,"ESP muy largo (37 palabras, umbral: 18); ESP mucho más largo que SHIWILU (ratio: 4.62) || ESP contiene paréntesis (posible glosa); ESP contiene caracteres sospechosos: ['""', '(', ')']; SHIWILU contiene caracteres sospechosos: ['""', '’']","En cuanto a nuestro nombre de fuera, luego el cura, dice, ha llegado ""¿Cómo te llamas?"" (les preguntó) 14 Éste sería el origen del apellido Mozombite. 15 No se ofrece una posible etimología para el apellido Maca.","Adipida' llillinmapu'wei'na, dai'lek pacher' ima weklli ""¿Ma’llin a’cha?""","en cuanto a nuestro nombre de fuera, luego el cura, dice, ha llegado ¿cómo te llamas? (les preguntó) 14 éste sería el origen del apellido mozombite. 15 no se ofrece una posible etimología para el apellido maca.","adipida' llillinmapu'wei'na, dai'lek pacher' ima weklli ¿ma’llin a’cha?"
U03174,length_issue,"ESP muy largo (19 palabras, umbral: 18); SHIWILU muy largo (23 palabras, umbral: 10)","Allí, dice, a Manuel, Daniel, Policarpo, Pánfilo, después Francisco, después, este, Pancho, después había Fidel, los puso en fila.","Nanek ima Mañer, Dañer, Pullikariu ma'i Panfilo, nanek ima Ransisko, nanek ima asu', ma'i, asu' Pancho, nanek ima ñilli asu' Pidir aku'llima da'kanchineksu'.","allí, dice, a manuel, daniel, policarpo, pánfilo, después francisco, después, este, pancho, después había fidel, los puso en fila.","nanek ima mañer, dañer, pullikariu ma'i panfilo, nanek ima ransisko, nanek ima asu', ma'i, asu' pancho, nanek ima ñilli asu' pidir aku'llima da'kanchineksu'."
U03180,suspicious_content|length_issue,"SHIWILU muy largo (14 palabras, umbral: 10) || ESP contiene paréntesis (posible glosa); ESP contiene caracteres sospechosos: ['“', '”', '(', ')']; SHIWILU contiene caracteres sospechosos: ['“', '”']",“Ahora tú”. Otro (niño) fue. Estuvo viendo y escogió (otro santito) agarrándolo.,“Kenmei'na”. Ali'la panta'lli. Lli'apallima pilli'tulli. 16 Shapingo significa sacharuna o espíritu de la selva.,ahora tú. otro (niño) fue. estuvo viendo y escogió (otro santito) agarrándolo.,kenmei'na. ali'la panta'lli. lli'apallima pilli'tulli. 16 shapingo significa sacharuna o espíritu de la selva.
U03186,length_issue,"SHIWILU muy largo (10 palabras, umbral: 10)","Ahora esta lengua española estamos hablando: Pablo, Pedro, Daniel, Carlos, Augusto.","Ipa'li'na asu' Ishpaña la'la' lunpatulekwa': Pablo, Pedro, Daniel, Carlos, Augusto.","ahora esta lengua española estamos hablando: pablo, pedro, daniel, carlos, augusto.","ipa'li'na asu' ishpaña la'la' lunpatulekwa': pablo, pedro, daniel, carlos, augusto."
U03198,length_issue,"SHIWILU muy largo (10 palabras, umbral: 10)","Antes les ponían María, Virginia, este, les ponían nombres de los santos antiguamente.","Napi' i'na Maria, Wirkiña aku'llina', ma'i, santu llillinlusa' aku'llina' napi'.","antes les ponían maría, virginia, este, les ponían nombres de los santos antiguamente.","napi' i'na maria, wirkiña aku'llina', ma'i, santu llillinlusa' aku'llina' napi'."
U03204,length_issue,"ESP muy largo (22 palabras, umbral: 18)","De verdad tomaban las manos de sus compadres, tomaban las manos de sus comadres y se las besaban, se arrodillaban y lloraban.","Tekkinchi walek kunparinenna' pilli'iteklatanna', kumarinenna' pilli'iteklatanna', musha'iteklanna', yensunna', willekllina'.","de verdad tomaban las manos de sus compadres, tomaban las manos de sus comadres y se las besaban, se arrodillaban y lloraban.","tekkinchi walek kunparinenna' pilli'iteklatanna', kumarinenna' pilli'iteklatanna', musha'iteklanna', yensunna', willekllina'."
U03879,suspicious_content|length_issue,"ESP mucho más largo que SHIWILU (ratio: 3.25) || ESP contiene paréntesis (posible glosa); ESP contiene caracteres sospechosos: ['(', ')']; SHIWILU contiene caracteres sospechosos: ['’']","No tiene cerros, su terreno es (plano) como el lomo de una mesa.","Mutupiwi’ñi, misa’ chi’tekpu’lli lupa’nen.","no tiene cerros, su terreno es (plano) como el lomo de una mesa.","mutupiwi’ñi, misa’ chi’tekpu’lli lupa’nen."
U03899,suspicious_content|length_issue,ESP mucho más largo que SHIWILU (ratio: 3.33) || SHIWILU contiene caracteres sospechosos: ['’'],"La hoja de sanango también es buena para la
hinchazón.",Piunalamek’unta’ mulli waka’ki.,"la hoja de sanango también es buena para la
hinchazón.",piunalamek’unta’ mulli waka’ki.
U03933,suspicious_content|length_issue,ESP mucho más largo que SHIWILU (ratio: 3.50) || SHIWILU contiene caracteres sospechosos: ['’'],"Cuando no se les ve, nos muerden.",Lli’inpu’a’sik kitekllenmu’.,"cuando no se les ve, nos muerden.",lli’inpu’a’sik kitekllenmu’.
U03945,suspicious_content|length_issue,"ESP mucho más largo que SHIWILU (ratio: 3.33) || ESP contiene paréntesis (posible glosa); ESP contiene caracteres sospechosos: ['(', ')']; SHIWILU contiene caracteres sospechosos: ['’']",Tras hallarla se van al catahual (cerca de la cocha).,Kananna’ pa’llina’ siseknalaluk.,tras hallarla se van al catahual (cerca de la cocha).,kananna’ pa’llina’ siseknalaluk.
U03992,suspicious_content|length_issue,ESP mucho más largo que SHIWILU (ratio: 4.00) || SHIWILU contiene caracteres sospechosos: ['’'],Les voy a contar de la Mujer Renaco.,Wintekchenma’ Ellalunki.,les voy a contar de la mujer renaco.,wintekchenma’ ellalunki.
U04030,length_issue,ESP mucho más largo que SHIWILU (ratio: 3.50),De su espalda nomás se la cogió.,Piteknenkeksakla meitulli.,de su espalda nomás se la cogió.,piteknenkeksakla meitulli.
U04044,suspicious_content|length_issue,"ESP muy largo (19 palabras, umbral: 18); SHIWILU muy largo (10 palabras, umbral: 10) || SHIWILU contiene caracteres sospechosos: ['’']","Su carne es rica; por eso, a veces, cuando se la encuentra se la mata, porque tiene bastante carne.","Lu’lunnen iyalli; nanamalek, nerpi’pu’, kanak dei’tu’lek, lu’lunnen wapu’ a’ña’su’ malek.","su carne es rica; por eso, a veces, cuando se la encuentra se la mata, porque tiene bastante carne.","lu’lunnen iyalli; nanamalek, nerpi’pu’, kanak dei’tu’lek, lu’lunnen wapu’ a’ña’su’ malek."
U04050,suspicious_content|length_issue,"SHIWILU muy largo (10 palabras, umbral: 10) || SHIWILU contiene caracteres sospechosos: ['’']","Antiguamente, la Iguana y la Motelo eran gente, dos señoritas bonititas eran.",Napi’ ima Pekkuala Madulek muda’ ñanna’ katu’ta’ wilalunlusa’ u’chimulunlunshala ñiwiñina’.,"antiguamente, la iguana y la motelo eran gente, dos señoritas bonititas eran.",napi’ ima pekkuala madulek muda’ ñanna’ katu’ta’ wilalunlusa’ u’chimulunlunshala ñiwiñina’.
U04054,suspicious_content|length_issue,"ESP mucho más largo que SHIWILU (ratio: 4.00) || ESP contiene caracteres sospechosos: ['“', '”']; SHIWILU contiene caracteres sospechosos: ['“', '”', '’']","“Esta bien, pintémonos la una a la otra”.","“Mu’chun, inllinser’a”. ","esta bien, pintémonos la una a la otra.","mu’chun, inllinser’a."
U04070,suspicious_content|length_issue,ESP mucho más largo que SHIWILU (ratio: 3.75) || SHIWILU contiene caracteres sospechosos: ['’'],"Al ver a la Motelo, la gente se burlaba de ella debido a sus diseños.",Madu lli’anna’ llinsenñenmalek lumellina’.,"al ver a la motelo, la gente se burlaba de ella debido a sus diseños.",madu lli’anna’ llinsenñenmalek lumellina’.
U04075,suspicious_content|length_issue,"ESP muy largo (19 palabras, umbral: 18) || SHIWILU contiene caracteres sospechosos: ['’']","Por eso, hasta el día de hoy la Motelo lleva nomás las tremendas pintotas que le diseñó la Iguana.","Nanamalek ipa’lalek ekpa’palli Madu u’nei llinsercheksa’, Pekkualaler llinsera’su’.","por eso, hasta el día de hoy la motelo lleva nomás las tremendas pintotas que le diseñó la iguana.","nanamalek ipa’lalek ekpa’palli madu u’nei llinsercheksa’, pekkualaler llinsera’su’."
U04091,suspicious_content|length_issue,"SHIWILU muy largo (10 palabras, umbral: 10) || ESP contiene caracteres sospechosos: ['“', '”']; SHIWILU contiene caracteres sospechosos: ['“', '”', '’']","“Entonces, yo ahora le voy a quitar su pifuano a este Carachupa,” dijo el abuelo Tigre.","“Nu’pachi kua ipa’la asu’ Chi’lek siwerchechek pilenñanen”, tulli papinku Amana’.","entonces, yo ahora le voy a quitar su pifuano a este carachupa, dijo el abuelo tigre.","nu’pachi kua ipa’la asu’ chi’lek siwerchechek pilenñanen, tulli papinku amana’."
U04092,suspicious_content|length_issue,"SHIWILU muy largo (11 palabras, umbral: 10) || ESP contiene caracteres sospechosos: ['“', '”']; SHIWILU contiene caracteres sospechosos: ['”', '’', '“']",Las mujeres le dijeron: “¿Por qué le vas a quitar? Cuando pifuanea nosotras también queremos bailar”.,"Nana shaya’lusa’ler itullina’: “Ma’ki’na siwerc hechu, pilenñantusik kudanta’ yalans a’llidek ”.",las mujeres le dijeron: ¿por qué le vas a quitar? cuando pifuanea nosotras también queremos bailar.,"nana shaya’lusa’ler itullina’: ma’ki’na siwerc hechu, pilenñantusik kudanta’ yalans a’llidek ."
U04093,suspicious_content|length_issue,"SHIWILU muy largo (10 palabras, umbral: 10) || ESP contiene caracteres sospechosos: ['“', '”']; SHIWILU contiene caracteres sospechosos: ['“', '”', '’']","“No, yo le voy a quitar. Yo también voy a pifuanear”, diciendo, se acercó al Carachupa.","“Ma’sha, kualer siwerchechek. Kuanta’ nu’pachi pilenñantechek,” tan ima Chi’lek kawilli.","no, yo le voy a quitar. yo también voy a pifuanear, diciendo, se acercó al carachupa.","ma’sha, kualer siwerchechek. kuanta’ nu’pachi pilenñantechek, tan ima chi’lek kawilli."
U04108,suspicious_content|length_issue,"ESP muy largo (22 palabras, umbral: 18); ESP mucho más largo que SHIWILU (ratio: 3.14) || SHIWILU contiene caracteres sospechosos: ['’']","Después de que entró al hueco, el Tigre metió su moquete y le agarró al Carachupa de la punta de su cola.",Da’lapisik ima isa’tukuñi pilli’tulli wiñisen llintekñikla Chi’lek.,"después de que entró al hueco, el tigre metió su moquete y le agarró al carachupa de la punta de su cola.",da’lapisik ima isa’tukuñi pilli’tulli wiñisen llintekñikla chi’lek.
U04111,suspicious_content|length_issue,ESP mucho más largo que SHIWILU (ratio: 3.20) || SHIWILU contiene caracteres sospechosos: ['’'],El Tigre le soltó un poco la cola y el Carachupa se metió más al fondo.,"Amana’ler a’mercha apu’lli llinteknen, nanek",el tigre le soltó un poco la cola y el carachupa se metió más al fondo.,"amana’ler a’mercha apu’lli llinteknen, nanek"
U04117,suspicious_content|length_issue,"ESP muy largo (21 palabras, umbral: 18) || ESP contiene paréntesis (posible glosa); ESP contiene caracteres sospechosos: ['(', ')']; SHIWILU contiene caracteres sospechosos: ['’']",Ya estaba delgadita la tierra (cerca a la superficie) y el Carachupa tuvo la idea de agarrar los testículos del Tigre.,"Ipi’ma simensha lupa’, Chi’lek kankantuwiñi yapilli’tan Amana’ kadu’pinen.",ya estaba delgadita la tierra (cerca a la superficie) y el carachupa tuvo la idea de agarrar los testículos del tigre.,"ipi’ma simensha lupa’, chi’lek kankantuwiñi yapilli’tan amana’ kadu’pinen."
U04136,suspicious_content|length_issue,"ESP muy largo (18 palabras, umbral: 18) || SHIWILU contiene caracteres sospechosos: ['’']","Las mujeres, dice, le bañaron con resina de leche caspi y le pegaron plumas en todo su cuerpo.",Shaya’lusa’ler a’ma’tanna’ ekka’deklek anpulu’lek a’per’ku’tullina’ iñer’ pinen.,"las mujeres, dice, le bañaron con resina de leche caspi y le pegaron plumas en todo su cuerpo.",shaya’lusa’ler a’ma’tanna’ ekka’deklek anpulu’lek a’per’ku’tullina’ iñer’ pinen.
U04145,suspicious_content|length_issue,ESP mucho más largo que SHIWILU (ratio: 6.50) || SHIWILU contiene caracteres sospechosos: ['’'],El Carachupa volvió a pifuanear y las mujeres nuevamente volvieron a bailar felices.,Chi’lek pilenñantununta’lli. ,el carachupa volvió a pifuanear y las mujeres nuevamente volvieron a bailar felices.,chi’lek pilenñantununta’lli.
U04172,suspicious_content|length_issue,ESP mucho más largo que SHIWILU (ratio: 3.33) || SHIWILU contiene caracteres sospechosos: ['’'],Fuimos para mandar curar a nuestra mamá en el hospital.,A’lulentukuñidek awawidek uspitalkek.,fuimos para mandar curar a nuestra mamá en el hospital.,a’lulentukuñidek awawidek uspitalkek.
U04197,suspicious_content|length_issue,"ESP muy largo (18 palabras, umbral: 18) || SHIWILU contiene caracteres sospechosos: ['’']","Siendo ya un hombre joven, fui nuevamente a Yurimaguas para inscribirme como soldado, para obtener mi libreta militar.","Nanekla pa’nunta’lek Yurimawak a’pinta’ nadi’nektamu, yainllinserlapimu, yaa’ñamu kirka’wek suntatuki","siendo ya un hombre joven, fui nuevamente a yurimaguas para inscribirme como soldado, para obtener mi libreta militar.","nanekla pa’nunta’lek yurimawak a’pinta’ nadi’nektamu, yainllinserlapimu, yaa’ñamu kirka’wek suntatuki"
U04234,suspicious_content|length_issue,"SHIWILU muy largo (10 palabras, umbral: 10) || SHIWILU contiene caracteres sospechosos: ['’']","Estas enfermedades ya desaparecieron, los wiracochas que conocen de medicina le encontraron su vacuna; ","Asu’ kaluwi’lusa’ ipa’ wer’llina’, wa’danlusa’ ilulenna ñinchiter’kasu’, nawa’ler vacunanen kanintullina’; ","estas enfermedades ya desaparecieron, los wiracochas que conocen de medicina le encontraron su vacuna;","asu’ kaluwi’lusa’ ipa’ wer’llina’, wa’danlusa’ ilulenna ñinchiter’kasu’, nawa’ler vacunanen kanintullina’;"
U04235,suspicious_content|length_issue,"ESP mucho más largo que SHIWILU (ratio: 3.67) || ESP contiene paréntesis (posible glosa); ESP contiene caracteres sospechosos: ['(', ')']; SHIWILU contiene caracteres sospechosos: ['’']",con eso curaron (a los pacientes) hasta que desaparecieron (las enfermedades).,nanalek lulendekllina’ wer’akwalek.,con eso curaron (a los pacientes) hasta que desaparecieron (las enfermedades).,nanalek lulendekllina’ wer’akwalek.
U04249,suspicious_content|length_issue,ESP mucho más largo que SHIWILU (ratio: 4.25) || SHIWILU contiene caracteres sospechosos: ['’'],"Pero todavía no han vacunado en toda la Tierra, falta aún la mitad de la población mundial.","Ku’li’na iñer’ Lupak lulendek’i’ñina’pi’la,","pero todavía no han vacunado en toda la tierra, falta aún la mitad de la población mundial.","ku’li’na iñer’ lupak lulendek’i’ñina’pi’la,"
U04259,suspicious_content|length_issue,ESP mucho más largo que SHIWILU (ratio: 6.00) || SHIWILU contiene caracteres sospechosos: ['’']," a veces en la vereda de la posta, con sol, con lluvia"," kekkilek, u’lanlek.","a veces en la vereda de la posta, con sol, con lluvia","kekkilek, u’lanlek."
U04280,suspicious_content|length_issue,"SHIWILU muy largo (10 palabras, umbral: 10) || SHIWILU contiene caracteres sospechosos: ['’']",Yo ya estoy viviendo 70 años y nunca hemos oído de estas enfermedades.,"Kua ipa’ nanpipalek kanchis-shunka’ ekkilala, ñi enpi’ lawekchi’nekwa’ asu’ kaluwi’lusa’ki.",yo ya estoy viviendo 70 años y nunca hemos oído de estas enfermedades.,"kua ipa’ nanpipalek kanchis-shunka’ ekkilala, ñi enpi’ lawekchi’nekwa’ asu’ kaluwi’lusa’ki."
U04311,suspicious_content|length_issue,"ESP muy largo (18 palabras, umbral: 18) || ESP contiene paréntesis (posible glosa); ESP contiene caracteres sospechosos: ['(', ')']; SHIWILU contiene caracteres sospechosos: ['’']","Las lanchas, los carros, ellos todos los días estando de paso, van dejando (el covid-19) y se van.","tekka’a’su’daperler, nawa’ iñer’ ukllilusa’ nakupilanna’ akui’lanna’ pa’llina’.","las lanchas, los carros, ellos todos los días estando de paso, van dejando (el covid-19) y se van.","tekka’a’su’daperler, nawa’ iñer’ ukllilusa’ nakupilanna’ akui’lanna’ pa’llina’."
U04330,suspicious_content|length_issue,"ESP muy largo (19 palabras, umbral: 18) || ESP contiene paréntesis (posible glosa); ESP contiene caracteres sospechosos: ['(', ')']; SHIWILU contiene caracteres sospechosos: ['’']","Posteriormente, salió (de Jeberos) y se fue por el rio Marañón, allá se fue a vivir por muchos años.","Nanek ñapan yunsu’lli, pa’lli Tandeklupa’, nanek nanpikuñi wapu’ ekkilala.","posteriormente, salió (de jeberos) y se fue por el rio marañón, allá se fue a vivir por muchos años.","nanek ñapan yunsu’lli, pa’lli tandeklupa’, nanek nanpikuñi wapu’ ekkilala."
U04333,suspicious_content|length_issue,"ESP muy largo (19 palabras, umbral: 18); SHIWILU muy largo (10 palabras, umbral: 10) || SHIWILU contiene caracteres sospechosos: ['’']","Saliendo del teatro se encontró con la hermana Pilar, con ella han trabajado para levantar a la lengua Shiwilu.","Teatrukla yunsu’n inkanañina’ sha’wa Pillishalek, nanalek saka’tullina’ Shiwilu la’la’ yausanna’.","saliendo del teatro se encontró con la hermana pilar, con ella han trabajado para levantar a la lengua shiwilu.","teatrukla yunsu’n inkanañina’ sha’wa pillishalek, nanalek saka’tullina’ shiwilu la’la’ yausanna’."
U04347,suspicious_content|length_issue,ESP mucho más largo que SHIWILU (ratio: 4.33) || SHIWILU contiene caracteres sospechosos: ['’'],"Lo sepultamos en nuestra tierra, en Jeberos. Lo que le pasó a Meneleo","Lupa’mapuk paperchullidek, Shiwiluk.","lo sepultamos en nuestra tierra, en jeberos. lo que le pasó a meneleo","lupa’mapuk paperchullidek, shiwiluk."
U04362,suspicious_content|length_issue,ESP mucho más largo que SHIWILU (ratio: 3.25) || SHIWILU contiene caracteres sospechosos: ['’'],"Después de que botó el agua de su canoa, surcamos por el Aipena.",Dinki’yektusik nunen penwinerllidek Erpina’lupa’.,"después de que botó el agua de su canoa, surcamos por el aipena.",dinki’yektusik nunen penwinerllidek erpina’lupa’.
U04376,suspicious_content|length_issue,"ESP muy largo (18 palabras, umbral: 18) || SHIWILU contiene caracteres sospechosos: ['’']","Cuando terminó, sacó su cigarro y hemos fumado para ahuyentar a los zancudos, para ahuyentar a los tunchis.","A’ta’wantan, usu’lli pinterñen u’wa’tullidek iyun a’tekka’ak, winsinserlusa’ a’tekka’ak.","cuando terminó, sacó su cigarro y hemos fumado para ahuyentar a los zancudos, para ahuyentar a los tunchis.","a’ta’wantan, usu’lli pinterñen u’wa’tullidek iyun a’tekka’ak, winsinserlusa’ a’tekka’ak."
U04398,suspicious_content|length_issue,ESP mucho más largo que SHIWILU (ratio: 3.50) || SHIWILU contiene caracteres sospechosos: ['’'],antes de la llegada de los españoles.,ektu’ker’inpu’a’ser’pi’la Ispañulusa’.,antes de la llegada de los españoles.,ektu’ker’inpu’a’ser’pi’la ispañulusa’.
U04439,suspicious_content|length_issue,ESP mucho más largo que SHIWILU (ratio: 4.50) || SHIWILU contiene caracteres sospechosos: ['’'],"No sabía enojarse, solamente hacía gestos con la boca.","ÑINCHIYUI’NSU’, MERMINLA’SU’.","no sabía enojarse, solamente hacía gestos con la boca.","ñinchiyui’nsu’, merminla’su’."
U04455,suspicious_content|length_issue,ESP mucho más largo que SHIWILU (ratio: 7.00) || SHIWILU contiene caracteres sospechosos: ['’'],"como la carita de la luna llena,","LADASHAPU’LLI,","como la carita de la luna llena,","ladashapu’lli,"
U04523,length_issue,"SHIWILU muy largo (11 palabras, umbral: 10)","Esta persona mayor vive en Francia donde siente hambre, frío y tiene gran necesidad de ser consolada.","ASU' YALLI' SUSUNEN NANPIPALLI FRANCIAK NANEK UKI'LALEK, SANEK'WANTULEK, PAWANTULLI DENLER KA'TANA'SU'","esta persona mayor vive en francia donde siente hambre, frío y tiene gran necesidad de ser consolada.","asu' yalli' susunen nanpipalli franciak nanek uki'lalek, sanek'wantulek, pawantulli denler ka'tana'su'"
U04525,length_issue,"SHIWILU muy largo (10 palabras, umbral: 10)","Quiero entonces dedicar este libro al niño que fue, en otro tiempo, esta persona mayor.","NUPACHI YA ENKA'LEK ASU'KERK'A ASU WILA NAPI'NUSU, ASU YALLI SUSUNEN","quiero entonces dedicar este libro al niño que fue, en otro tiempo, esta persona mayor.","nupachi ya enka'lek asu'kerk'a asu wila napi'nusu, asu yalli susunen"
U04529,length_issue,"ESP muy largo (20 palabras, umbral: 18)","Los adultos me desanimaron de ser pintor, cuando yo quería serlo, a la edad en que decidí dedicarme a ello.","TASERPILUSA' A'TAITULALLINERKU LINSERCHAK KUA YA LLISENCHURVINEK, WILAPI'LA ÑAMU","los adultos me desanimaron de ser pintor, cuando yo quería serlo, a la edad en que decidí dedicarme a ello.","taserpilusa' a'taitulallinerku linserchak kua ya llisenchurvinek, wilapi'la ñamu"
U04536,suspicious_content|length_issue,"ESP mucho más largo que SHIWILU (ratio: 5.00) || ESP contiene paréntesis (posible glosa); ESP contiene caracteres sospechosos: ['(', ')']",(a) tiene; (b) ha tenido,anhili,(a) tiene; (b) ha tenido,anhili
U04579,length_issue,ESP mucho más largo que SHIWILU (ratio: 4.00),tipo de pajarito malagüero,wa'cha'cha',tipo de pajarito malagüero,wa'cha'cha'
U04631,length_issue,ESP mucho más largo que SHIWILU (ratio: 4.00),sangre que huele mal,ukeklli,sangre que huele mal,ukeklli
U04678,length_issue,ESP mucho más largo que SHIWILU (ratio: 4.00),uña de la menstruación,lek'lun,uña de la menstruación,lek'lun
U04685,length_issue,ESP mucho más largo que SHIWILU (ratio: 4.00),nombre antiguo de hombre,llachek',nombre antiguo de hombre,llachek'
U04709,length_issue,ESP mucho más largo que SHIWILU (ratio: 6.00),voy a coger; voy a levantar,useyek',voy a coger; voy a levantar,useyek'
U04753,length_issue,ESP mucho más largo que SHIWILU (ratio: 4.00),no se puede apagar,inichiñitashu'unsu,no se puede apagar,inichiñitashu'unsu
U04761,length_issue,ESP mucho más largo que SHIWILU (ratio: 7.00),lo que es; lo que ha estado,ña?su?,lo que es; lo que ha estado,ña?su?
U04771,length_issue,ESP mucho más largo que SHIWILU (ratio: 4.00),palmera pulponota; tasha ponilla,pada,palmera pulponota; tasha ponilla,pada
U04829,length_issue,ESP mucho más largo que SHIWILU (ratio: 4.00),a pie del árbol,sunan,a pie del árbol,sunan
U04884,length_issue,ESP mucho más largo que SHIWILU (ratio: 5.00),poner al niño en brazos,wi'pu,poner al niño en brazos,wi'pu
U04888,length_issue,ESP mucho más largo que SHIWILU (ratio: 4.00),Qué vamos a hacer?,yama'pu'lan,qué vamos a hacer?,yama'pu'lan
U04892,length_issue,ESP mucho más largo que SHIWILU (ratio: 4.00),flor de Santa Rosa,yulu'danku,flor de santa rosa,yulu'danku
U00016,suspicious_content,"ESP contiene paréntesis (posible glosa); ESP contiene caracteres sospechosos: ['(', ')']","¡Oh, no! (masculino)",¡SHAW!,"¡oh, no! (masculino)",¡shaw!
U00017,suspicious_content,"ESP contiene paréntesis (posible glosa); ESP contiene caracteres sospechosos: ['(', ')']","¡Oh, no! (femenino)",¡ASHA!,"¡oh, no! (femenino)",¡asha!
U00022,suspicious_content,"ESP contiene paréntesis (posible glosa); ESP contiene caracteres sospechosos: ['(', ')']",Levanta. (pararse),YUNSANKER',levanta. (pararse),yunsanker'
U00032,suspicious_content,"ESP contiene paréntesis (posible glosa); ESP contiene caracteres sospechosos: ['(', ')']",Perdí. (extraviar),A'WER'LLIEK,perdí. (extraviar),a'wer'lliek
U00048,suspicious_content,"ESP contiene paréntesis (posible glosa); ESP contiene caracteres sospechosos: ['(', ')']",Pruébalo. (saborear),LATA'KER,pruébalo. (saborear),lata'ker
U00049,suspicious_content,"ESP contiene paréntesis (posible glosa); ESP contiene caracteres sospechosos: ['(', ')']",Pruébalo. (intentar),TEKLE'RIER',pruébalo. (intentar),tekle'rier'
U00105,suspicious_content,"ESP contiene paréntesis (posible glosa); ESP contiene caracteres sospechosos: ['(', ')']",Enséñamelo. (pasar conocimiento),ALEK'U,enséñamelo. (pasar conocimiento),alek'u
U00109,suspicious_content,"ESP contiene paréntesis (posible glosa); ESP contiene caracteres sospechosos: ['(', ')']",Páralo. (poner vertical),A'WANERKER',páralo. (poner vertical),a'wanerker'
U00113,suspicious_content,"ESP contiene paréntesis (posible glosa); ESP contiene caracteres sospechosos: ['(', ')']",Macambo (fruta),MAKER,macambo (fruta),maker
U00153,suspicious_content,"ESP contiene paréntesis (posible glosa); ESP contiene caracteres sospechosos: ['(', ')']",Adelante. (parte superior),EKTER,adelante. (parte superior),ekter
U00191,suspicious_content,"ESP contiene paréntesis (posible glosa); ESP contiene caracteres sospechosos: ['(', ')']",Está calmando. (dolor),LATADA'PILALLI,está calmando. (dolor),latada'pilalli
U00205,suspicious_content,"ESP contiene paréntesis (posible glosa); ESP contiene caracteres sospechosos: ['(', ')']",Soy malo. (maldad),MUKANKAINPU' NUKA'KA,soy malo. (maldad),mukankainpu' nuka'ka
U00211,suspicious_content,"ESP contiene paréntesis (posible glosa); ESP contiene caracteres sospechosos: ['(', ')']",Soy delgado. (masculino),SHAMU'PENSU' NUKA'KA,soy delgado. (masculino),shamu'pensu' nuka'ka
U00212,suspicious_content,"ESP contiene paréntesis (posible glosa); ESP contiene caracteres sospechosos: ['(', ')']",Soy delgada. (femenino),SHAMU'LUNSU' NUKA'KA,soy delgada. (femenino),shamu'lunsu' nuka'ka
U00218,suspicious_content,"ESP contiene paréntesis (posible glosa); ESP contiene caracteres sospechosos: ['(', ')']",Estoy listo. (preparado),INSEK'DIPERPIKU' NUKA'KA,estoy listo. (preparado),insek'diperpiku' nuka'ka
U00263,suspicious_content,"ESP contiene paréntesis (posible glosa); ESP contiene caracteres sospechosos: ['(', ')']",Prueben esto. (saborear),LATA'KU' ASU',prueben esto. (saborear),lata'ku' asu'
U00264,suspicious_content,"ESP contiene paréntesis (posible glosa); ESP contiene caracteres sospechosos: ['(', ')']",Prueba esto. (saborear),LATA'KER' ASU',prueba esto. (saborear),lata'ker' asu'
U00368,suspicious_content,"ESP contiene paréntesis (posible glosa); ESP contiene caracteres sospechosos: ['(', ')']",Es agradable. (persona),MUKANKAN,es agradable. (persona),mukankan
U00570,suspicious_content,"ESP contiene paréntesis (posible glosa); ESP contiene caracteres sospechosos: ['(', ')']",¿Es alto? (estatura - masculino),¿SHIPEN A'CHA?,¿es alto? (estatura - masculino),¿shipen a'cha?
U00571,suspicious_content,"ESP contiene paréntesis (posible glosa); ESP contiene caracteres sospechosos: ['(', ')']",¿Es alto? (estatura - femenino),¿SHILUN A'CHA?,¿es alto? (estatura - femenino),¿shilun a'cha?
U00572,suspicious_content,"ESP contiene paréntesis (posible glosa); ESP contiene caracteres sospechosos: ['(', ')']",¿Es alto? (muy arriba),¿MUSENKEK A'CHA?,¿es alto? (muy arriba),¿musenkek a'cha?
U00677,suspicious_content,"ESP contiene paréntesis (posible glosa); ESP contiene caracteres sospechosos: ['(', ')']",Enciéndelo. (fuego),A'TENDER',enciéndelo. (fuego),a'tender'
U00734,suspicious_content,"ESP contiene paréntesis (posible glosa); ESP contiene caracteres sospechosos: ['(', ')']",Cocíname (sin sopa).,AKUSUITU'U,cocíname (sin sopa).,akusuitu'u
U00735,suspicious_content,"ESP contiene paréntesis (posible glosa); ESP contiene caracteres sospechosos: ['(', ')']",Cocíname (con sopa).,KALUITU'U,cocíname (con sopa).,kaluitu'u
U00847,suspicious_content,"ESP contiene paréntesis (posible glosa); ESP contiene caracteres sospechosos: ['(', ')']",Es inútil. (sujeto),MA'KINPU' NUKA'A,es inútil. (sujeto),ma'kinpu' nuka'a
U01042,suspicious_content,"ESP contiene paréntesis (posible glosa); ESP contiene caracteres sospechosos: ['(', ')']",Toma otro. (beber),UKER' ALI'LA',toma otro. (beber),uker' ali'la'
U01043,suspicious_content,"ESP contiene paréntesis (posible glosa); ESP contiene caracteres sospechosos: ['(', ')']",Toma otro. (sostener),MA'ATASU' ALI'LA',toma otro. (sostener),ma'atasu' ali'la'
U01126,suspicious_content,"ESP contiene paréntesis (posible glosa); ESP contiene caracteres sospechosos: ['(', ')']",Me toca. (tocar),PATA'LLIU,me toca. (tocar),pata'lliu
U01401,suspicious_content,"SHIWILU contiene paréntesis (posible glosa); SHIWILU contiene caracteres sospechosos: ['/', '(', ')']",Me casé.,SADALEK (hombre) / SUDALEK (mujer),me casé.,sadalek (hombre) / sudalek (mujer)
U02251,suspicious_content,SHIWILU contiene caracteres sospechosos: ['’'],Yo soy Jeberina.,Kui’na Shiwilulunku.,yo soy jeberina.,kui’na shiwilulunku.
U02253,suspicious_content,SHIWILU contiene caracteres sospechosos: ['’'],"Conviviendo con mi padre me engendraron, me parieron y aquí mismo crecí.","Nanpipakun tatawek ima wilawañinerku, wadekllinerku, asek i’la susulek.","conviviendo con mi padre me engendraron, me parieron y aquí mismo crecí.","nanpipakun tatawek ima wilawañinerku, wadekllinerku, asek i’la susulek."
U02254,suspicious_content,SHIWILU contiene caracteres sospechosos: ['’'],Cuando tenía nueve meses murió mi madre y me crió mi abuelita.,"Iskun duker a’ña’seku awawek chiminlapillun, amishawek teksusullun.",cuando tenía nueve meses murió mi madre y me crió mi abuelita.,"iskun duker a’ña’seku awawek chiminlapillun, amishawek teksusullun."
U02256,suspicious_content,"ESP contiene paréntesis (posible glosa); ESP contiene caracteres sospechosos: ['(', ')']; SHIWILU contiene caracteres sospechosos: ['’']",Después vivendo (solo) nuevamente mi padre encontró otra mujer.,Nanekla nanapu’si’la nanpipan tatawek ali’la ku’aper kanañi.,después vivendo (solo) nuevamente mi padre encontró otra mujer.,nanekla nanapu’si’la nanpipan tatawek ali’la ku’aper kanañi.
U02257,suspicious_content,SHIWILU contiene caracteres sospechosos: ['’'],Con otra mujer vivían bien.,Ali’la ku’apellek nanpillina’ musu’.,con otra mujer vivían bien.,ali’la ku’apellek nanpillina’ musu’.
U02258,suspicious_content,SHIWILU contiene caracteres sospechosos: ['’'],Pero a mí ya no me quería bien mi padre.,Kui’na a’pinta’ musu’ eknanpi’ñu tatawek.,pero a mí ya no me quería bien mi padre.,kui’na a’pinta’ musu’ eknanpi’ñu tatawek.
U02259,suspicious_content,SHIWILU contiene caracteres sospechosos: ['’'],Por eso me arrimé donde mi abuelita.,Nu’amu amishawekkek pipetchulek.,por eso me arrimé donde mi abuelita.,nu’amu amishawekkek pipetchulek.
U02260,suspicious_content,SHIWILU contiene caracteres sospechosos: ['’'],Mi padre con su mujer nomás vivían bien.,Ku’apenñenleksa’ musu’ nanpillina’ tatawek.,mi padre con su mujer nomás vivían bien.,ku’apenñenleksa’ musu’ nanpillina’ tatawek.
U02261,suspicious_content,SHIWILU contiene caracteres sospechosos: ['’'],A nosotras mi padre ya no nos ha querido.,Kudei’na ma’sha musu’ kankanwapei’ñundek a’pinta’ tatawek.,a nosotras mi padre ya no nos ha querido.,kudei’na ma’sha musu’ kankanwapei’ñundek a’pinta’ tatawek.
U02262,suspicious_content,SHIWILU contiene caracteres sospechosos: ['’'],Por eso me crió mi abuelita y me hice señorita.,Nu’amui’na i’pa amishawek teksusullun wilaluntulek.,por eso me crió mi abuelita y me hice señorita.,nu’amui’na i’pa amishawek teksusullun wilaluntulek.
U02265,suspicious_content,SHIWILU contiene caracteres sospechosos: ['’'],Después tuve mis hijos.,Nu’amui’na wadeklek wilaweklusa’.,después tuve mis hijos.,nu’amui’na wadeklek wilaweklusa’.
U02266,suspicious_content,SHIWILU contiene caracteres sospechosos: ['’'],Los parí y crecieron.,"Wadeklek, susullina’.",los parí y crecieron.,"wadeklek, susullina’."
U02267,suspicious_content,SHIWILU contiene caracteres sospechosos: ['’'],Ayudándome a criarlos su padre murió y quedé sola.,Teksusupa’nku tatanenna’ chiminlapillun.,ayudándome a criarlos su padre murió y quedé sola.,teksusupa’nku tatanenna’ chiminlapillun.
U02268,suspicious_content,SHIWILU contiene caracteres sospechosos: ['’'],"Ahora mis hijos a su vez me están sirviendo,","Ipa’li’na wilaweklusa’ nanapu’si’la luwektapallinerku,","ahora mis hijos a su vez me están sirviendo,","ipa’li’na wilaweklusa’ nanapu’si’la luwektapallinerku,"
U02269,suspicious_content,SHIWILU contiene caracteres sospechosos: ['’'],mis hijos varones y también mis hijas mujeres me están sirviendo.,enmu’pinenwawalusa’ nu’an ku’aperwawalusa’ luwektapallinerku.,mis hijos varones y también mis hijas mujeres me están sirviendo.,enmu’pinenwawalusa’ nu’an ku’aperwawalusa’ luwektapallinerku.
U02270,suspicious_content,SHIWILU contiene caracteres sospechosos: ['’'],"Como varios de ellos han estudiado ellos me dan mi comida,","Ñinchillintulusa’ ñanna’ nu’unta’ nawa’ enka’pallinerku ka’a’kasu’,","como varios de ellos han estudiado ellos me dan mi comida,","ñinchillintulusa’ ñanna’ nu’unta’ nawa’ enka’pallinerku ka’a’kasu’,"
U02271,suspicious_content,SHIWILU contiene caracteres sospechosos: ['’'],"la ropita que tengo, me dan de todo.","kutunshawek a’ña’kasu’, dudinpu’ enka’pallinerku.","la ropita que tengo, me dan de todo.","kutunshawek a’ña’kasu’, dudinpu’ enka’pallinerku."
U02272,suspicious_content,SHIWILU contiene caracteres sospechosos: ['’'],La que más me cuida es mi hija que es casada.,A’pinta’ luwektapa’nkusui’na ku’aperwawa suda’su’.,la que más me cuida es mi hija que es casada.,a’pinta’ luwektapa’nkusui’na ku’aperwawa suda’su’.
U02273,suspicious_content,SHIWILU contiene caracteres sospechosos: ['’'],Una hija mujer me está sirviendo.,Ala’sa’ ku’aperwawa luwektapallun.,una hija mujer me está sirviendo.,ala’sa’ ku’aperwawa luwektapallun.
U02274,suspicious_content,SHIWILU contiene caracteres sospechosos: ['’'],Con mi yerno ambos son de buen corazón.,Mikekweklek i’la we’chimu1 mukankanlusa’.,con mi yerno ambos son de buen corazón.,mikekweklek i’la we’chimu1 mukankanlusa’.
U02275,suspicious_content,SHIWILU contiene caracteres sospechosos: ['’'],Así ellos me acompañan.,Nu’anna’ nawa’ eknanpipallinerku.,así ellos me acompañan.,nu’anna’ nawa’ eknanpipallinerku.
U02276,suspicious_content,SHIWILU contiene caracteres sospechosos: ['’'],Más son las mujeres las que me acompañan.,A’pinta’ ku’aperwawalusa’ musu’ eknanpipallun.,más son las mujeres las que me acompañan.,a’pinta’ ku’aperwawalusa’ musu’ eknanpipallun.
U02277,suspicious_content,SHIWILU contiene caracteres sospechosos: ['’'],Así yo también vivo bien.,Nu’amui’na kuanta’ musu’ nanpiapalek.,así yo también vivo bien.,nu’amui’na kuanta’ musu’ nanpiapalek.
U02278,suspicious_content,SHIWILU contiene caracteres sospechosos: ['’'],"Ahora esta hermana ha venido desde un pueblo lejano, la señora.","Ipa’la asu’ kai kua wei ñinanlukla weklli, senñula’.","ahora esta hermana ha venido desde un pueblo lejano, la señora.","ipa’la asu’ kai kua wei ñinanlukla weklli, senñula’."
U02279,suspicious_content,SHIWILU contiene caracteres sospechosos: ['’'],"Viniendo de Lima aquí ella también quiere aprender,","Llimaklan wek’an asek nananta’ yañinchitulli,","viniendo de lima aquí ella también quiere aprender,","llimaklan wek’an asek nananta’ yañinchitulli,"
U02280,suspicious_content,SHIWILU contiene caracteres sospechosos: ['’'],quiere aprender el idioma shiwilu.,Shiwilu la’la’ yañinchitulli.,quiere aprender el idioma shiwilu.,shiwilu la’la’ yañinchitulli.
U02281,suspicious_content,SHIWILU contiene caracteres sospechosos: ['’'],De esta lengua le voy a hablar.,Namasu’ la’leklan luntetchek.,de esta lengua le voy a hablar.,namasu’ la’leklan luntetchek.
U02282,suspicious_content,"ESP contiene caracteres sospechosos: ['“']; SHIWILU contiene caracteres sospechosos: ['“', '’']","“Te voy a enseñar, llévala tú también y aprende.","“A’lek’erken, ekpanta’n kenmanta’ ñinchiter.","te voy a enseñar, llévala tú también y aprende.","a’lek’erken, ekpanta’n kenmanta’ ñinchiter."
U02283,suspicious_content,"ESP contiene caracteres sospechosos: ['”']; SHIWILU contiene caracteres sospechosos: ['’', '”']","Llévala por ahí a un pueblo lejano, madre”, diciendo así le estoy enseñando.","Nanalupa’ wei ñinanluk ekpanter, awá”, itamu a’lek’apalek.","llévala por ahí a un pueblo lejano, madre, diciendo así le estoy enseñando.","nanalupa’ wei ñinanluk ekpanter, awá, itamu a’lek’apalek."
U02284,suspicious_content,SHIWILU contiene caracteres sospechosos: ['’'],Ahora con el idioma le estoy enseñando y ella también está enseñándome a mí.,"Ipa’la nanalek nana a’lachik’apilalek, nananta’ a’lachik’apilallun kua.",ahora con el idioma le estoy enseñando y ella también está enseñándome a mí.,"ipa’la nanalek nana a’lachik’apilalek, nananta’ a’lachik’apilallun kua."
U02285,suspicious_content,SHIWILU contiene caracteres sospechosos: ['’'],A veces no puedo recordar lo que estoy hablando.,Nerpi’pu’ innichi’nek lli’inuta’kasu’ lunpa’kasu’.,a veces no puedo recordar lo que estoy hablando.,nerpi’pu’ innichi’nek lli’inuta’kasu’ lunpa’kasu’.
U02286,suspicious_content,SHIWILU contiene caracteres sospechosos: ['’'],A veces me olvido.,Nerpi’pu’ pinanetllek.,a veces me olvido.,nerpi’pu’ pinanetllek.
U02287,suspicious_content,SHIWILU contiene caracteres sospechosos: ['’'],Ella también me está enseñando.,Nananta’ a’lek’apilallun.,ella también me está enseñando.,nananta’ a’lek’apilallun.
U02288,suspicious_content,SHIWILU contiene caracteres sospechosos: ['’'],Bonito le hablo a esta señora con quien nunca antes había conversado.,We’chimu luntulek senñula’ enpi’pu’ lunchinpu’a’kasu’.,bonito le hablo a esta señora con quien nunca antes había conversado.,we’chimu luntulek senñula’ enpi’pu’ lunchinpu’a’kasu’.
U02289,suspicious_content,SHIWILU contiene caracteres sospechosos: ['’'],Ahora felizmente ha venido.,Ipa’la mula’si’la weklli.,ahora felizmente ha venido.,ipa’la mula’si’la weklli.
U02290,suspicious_content,"ESP contiene paréntesis (posible glosa); ESP contiene caracteres sospechosos: ['(', ')']; SHIWILU contiene caracteres sospechosos: ['’']","Ella que lleve (mi palabra) a otro pueblo,","Nana ekpanta’i, ekpanta’i nerñinanluk,","ella que lleve (mi palabra) a otro pueblo,","nana ekpanta’i, ekpanta’i nerñinanluk,"
U02291,suspicious_content,"ESP contiene paréntesis (posible glosa); ESP contiene caracteres sospechosos: ['(', ')']; SHIWILU contiene caracteres sospechosos: ['’']","ella también que enseñe para que (otros) la aprendan,","nananta’ a’lekchii, ñinchichii,","ella también que enseñe para que (otros) la aprendan,","nananta’ a’lekchii, ñinchichii,"
U02292,suspicious_content,SHIWILU contiene caracteres sospechosos: ['’'],para que aquí nomás no se termine.,ma’sha asek i’la ta’wanchinpu’kek.,para que aquí nomás no se termine.,ma’sha asek i’la ta’wanchinpu’kek.
U02293,suspicious_content,"ESP contiene paréntesis (posible glosa); ESP contiene caracteres sospechosos: ['(', ')']; SHIWILU contiene caracteres sospechosos: ['’']",Más que sigan ellos (difundiéndola).,A’pinta’ tupichina’ nawa’.,más que sigan ellos (difundiéndola).,a’pinta’ tupichina’ nawa’.
U02294,suspicious_content,SHIWILU contiene caracteres sospechosos: ['’'],"En otros pueblos que conozcan también el shiwilu,","Nerñinanluk ñinchichinna’ nawa’nta’ Shiwilu,","en otros pueblos que conozcan también el shiwilu,","nerñinanluk ñinchichinna’ nawa’nta’ shiwilu,"
U02295,suspicious_content,SHIWILU contiene caracteres sospechosos: ['’'],"el shiwilu de antes,","napi’ Shiwilu,","el shiwilu de antes,","napi’ shiwilu,"
U02296,suspicious_content,SHIWILU contiene caracteres sospechosos: ['’'],"nuestras costumbres,","nanpikudeksu’,","nuestras costumbres,","nanpikudeksu’,"
U02297,suspicious_content,SHIWILU contiene caracteres sospechosos: ['’'],"lo que vivieron antes nuestros abuelos ya fallecidos, las abuelas finadas.","napi’ nanpirkasu’ papinkuku’lusa’, amiku’lusa’.","lo que vivieron antes nuestros abuelos ya fallecidos, las abuelas finadas.","napi’ nanpirkasu’ papinkuku’lusa’, amiku’lusa’."
U02298,suspicious_content,SHIWILU contiene caracteres sospechosos: ['’'],Ya que a mis hijos no les enseñé.,Wilaweklusa’pa’ ma’sha a’lekdek’i’nek.,ya que a mis hijos no les enseñé.,wilaweklusa’pa’ ma’sha a’lekdek’i’nek.
U02299,suspicious_content,SHIWILU contiene caracteres sospechosos: ['’'],Ninguno de mis hijos entiende.,Ñienkasu’ wilaweklusa’ lachek’i’ñina’.,ninguno de mis hijos entiende.,ñienkasu’ wilaweklusa’ lachek’i’ñina’.
U02300,suspicious_content,SHIWILU contiene caracteres sospechosos: ['’'],"Hartos hijos he parido, hartos hijos he criado.","U’dun wawalu’ wadek’a’kasu’, u’dun wawalu’ kua teksusu’kasu’.","hartos hijos he parido, hartos hijos he criado.","u’dun wawalu’ wadek’a’kasu’, u’dun wawalu’ kua teksusu’kasu’."
U02301,suspicious_content,SHIWILU contiene caracteres sospechosos: ['’'],Ninguno sabe de esta lengua porque no les he hablado.,Ñienkasu’ ñinchichillina’ namasu’ la’lekla lunchinpu’dek’a’kasu’ malek.,ninguno sabe de esta lengua porque no les he hablado.,ñienkasu’ ñinchichillina’ namasu’ la’lekla lunchinpu’dek’a’kasu’ malek.
U02302,suspicious_content,SHIWILU contiene caracteres sospechosos: ['’'],¿Por qué no entienden?,¿Ma’ki’na ñinchichi’ñina’?,¿por qué no entienden?,¿ma’ki’na ñinchichi’ñina’?
U02303,suspicious_content,SHIWILU contiene caracteres sospechosos: ['’'],Yo tengo la culpa de no haberles enseñado a mis hijos.,kua usha’wanek a’lek’inpu’dek’amu wilaweklusa’.,yo tengo la culpa de no haberles enseñado a mis hijos.,kua usha’wanek a’lek’inpu’dek’amu wilaweklusa’.
U02304,suspicious_content,SHIWILU contiene caracteres sospechosos: ['’'],Ahora ellos quisieran aprender pero es difícil.,Ipa’li’na nawa’ yañinchituwiñina’ saka’dek.,ahora ellos quisieran aprender pero es difícil.,ipa’li’na nawa’ yañinchituwiñina’ saka’dek.
U02305,suspicious_content,SHIWILU contiene caracteres sospechosos: ['’'],"Yo sí que tengo la culpa por no enseñarles a mis hijos,","Kui’na usha’wanek wilaweklusa’ a’lek’inpu’dek’amu,","yo sí que tengo la culpa por no enseñarles a mis hijos,","kui’na usha’wanek wilaweklusa’ a’lek’inpu’dek’amu,"
U02306,suspicious_content,SHIWILU contiene caracteres sospechosos: ['’'],"todo lo que sabemos de los antiguos,","iñer ñinchita’kudeksu’ napi’ku’lusa’ki,","todo lo que sabemos de los antiguos,","iñer ñinchita’kudeksu’ napi’ku’lusa’ki,"
U02309,suspicious_content,SHIWILU contiene caracteres sospechosos: ['’'],Van consumiéndose todos.,Taker’apilallina’ iñer.,van consumiéndose todos.,taker’apilallina’ iñer.
U02310,suspicious_content,SHIWILU contiene caracteres sospechosos: ['’'],El idioma Shiwilu se está terminando.,Shiwilu la’la’ ta’wantapilalli.,el idioma shiwilu se está terminando.,shiwilu la’la’ ta’wantapilalli.
U02311,suspicious_content,SHIWILU contiene caracteres sospechosos: ['’'],"Para bien esta hermana desde otro pueblo,","Mula’si’la asu’ kai kua nerñinanlukla,","para bien esta hermana desde otro pueblo,","mula’si’la asu’ kai kua nerñinanlukla,"
U02314,suspicious_content,SHIWILU contiene caracteres sospechosos: ['’'],le estoy enseñando.,nana a’lek’apalek.,le estoy enseñando.,nana a’lek’apalek.
U02315,suspicious_content,SHIWILU contiene caracteres sospechosos: ['’'],Llevándolo ella también que enseñe por otros lugares,"Ekpanta’n nananta’ a’lekchii, a’lektan nanalupa’",llevándolo ella también que enseñe por otros lugares,"ekpanta’n nananta’ a’lekchii, a’lektan nanalupa’"
U02316,suspicious_content,SHIWILU contiene caracteres sospechosos: ['’'],para que no se acabe aquí esta lengua que hablamos.,ta’wanchinpu’ek asu’lupa namasu’ la’la’ lu’nkawasu’.,para que no se acabe aquí esta lengua que hablamos.,ta’wanchinpu’ek asu’lupa namasu’ la’la’ lu’nkawasu’.
U02317,suspicious_content,SHIWILU contiene caracteres sospechosos: ['’'],Para que no se acabe aquí digo yo.,Ta’wanchinpu’ek asek tulek kua.,para que no se acabe aquí digo yo.,ta’wanchinpu’ek asek tulek kua.
U02318,suspicious_content,SHIWILU contiene caracteres sospechosos: ['’'],"Todos los que están aquí,","Iñer asek ñapalusa’,","todos los que están aquí,","iñer asek ñapalusa’,"
U02319,suspicious_content,SHIWILU contiene caracteres sospechosos: ['’'],"niños,","wilalusa’,","niños,","wilalusa’,"
U02320,suspicious_content,SHIWILU contiene caracteres sospechosos: ['’'],"jóvenes,","nadi’neklusa’,","jóvenes,","nadi’neklusa’,"
U02321,suspicious_content,SHIWILU contiene caracteres sospechosos: ['’'],"muchachas, no saben pues esta lengua nuestra,","wilalunlusa’, ñi ñinchichi’ñina’ namasu’ la’la’mapu’wa’,","muchachas, no saben pues esta lengua nuestra,","wilalunlusa’, ñi ñinchichi’ñina’ namasu’ la’la’mapu’wa’,"
U02322,suspicious_content,SHIWILU contiene caracteres sospechosos: ['’'],"la lengua shiwilu,","Shiwilu la’la’,","la lengua shiwilu,","shiwilu la’la’,"
U02323,suspicious_content,SHIWILU contiene caracteres sospechosos: ['’'],el shiwilu que yo hablo no lo saben.,Shiwilu lu’nkasu’ ñinchichi’ñina’.,el shiwilu que yo hablo no lo saben.,shiwilu lu’nkasu’ ñinchichi’ñina’.
U02324,suspicious_content,SHIWILU contiene caracteres sospechosos: ['’'],No.,Ma’sha.,no.,ma’sha.
U02325,suspicious_content,SHIWILU contiene caracteres sospechosos: ['’'],Los niños ahora hablan sólo el castellano,"Wilalusa’ ipa’la Kaschilla’ la’leklansa’ lunna’,",los niños ahora hablan sólo el castellano,"wilalusa’ ipa’la kaschilla’ la’leklansa’ lunna’,"
U02326,suspicious_content,SHIWILU contiene caracteres sospechosos: ['’'],y han olvidado la lengua shiwilu.,ipa’li’na Shiwilu la’la’ pinanetllina’.,y han olvidado la lengua shiwilu.,ipa’li’na shiwilu la’la’ pinanetllina’.
U02327,suspicious_content,"ESP contiene paréntesis (posible glosa); ESP contiene caracteres sospechosos: ['(', ')']; SHIWILU contiene caracteres sospechosos: ['’']","No quieren (saber) nada,","Ñi luwanchi’ñina’,","no quieren (saber) nada,","ñi luwanchi’ñina’,"
U02328,suspicious_content,SHIWILU contiene caracteres sospechosos: ['’'],"no les importa,","ñi yalui’ñina’,","no les importa,","ñi yalui’ñina’,"
U02329,suspicious_content,SHIWILU contiene caracteres sospechosos: ['’'],no pueden hablar.,innichi’ñina’ lu’nkasu’.,no pueden hablar.,innichi’ñina’ lu’nkasu’.
U02330,suspicious_content,SHIWILU contiene caracteres sospechosos: ['’'],Por eso tengo pena.,Nu’amu kua wa’inutulek.,por eso tengo pena.,nu’amu kua wa’inutulek.
U02334,suspicious_content,SHIWILU contiene caracteres sospechosos: ['’'],"Ahora mis hermanas menores, señoras, les voy a contar,","Ipa’li’na kai kuaweklusa’, senñula’lusa’, wintetchenma’","ahora mis hermanas menores, señoras, les voy a contar,","ipa’li’na kai kuaweklusa’, senñula’lusa’, wintetchenma’"
U02336,suspicious_content,SHIWILU contiene caracteres sospechosos: ['’'],De la chicha punta quieren conocer.,Uklupidekkin yañinchitulama’.,de la chicha punta quieren conocer.,uklupidekkin yañinchitulama’.
U02337,suspicious_content,SHIWILU contiene caracteres sospechosos: ['’'],"Ustedes también quieren aprender de qué manera se hace,","Yañinchitulama’ kenmama’nta’ ma’pu’si’pa’ nu’tulek,","ustedes también quieren aprender de qué manera se hace,","yañinchitulama’ kenmama’nta’ ma’pu’si’pa’ nu’tulek,"
U02339,suspicious_content,SHIWILU contiene caracteres sospechosos: ['’'],Se hace así.,Nu’tulek u’su’.,se hace así.,nu’tulek u’su’.
U02340,suspicious_content,SHIWILU contiene caracteres sospechosos: ['’'],"Primero se va a traer yuca de la chacra,","Nanentu ker’ manta’lek menmikda’,","primero se va a traer yuca de la chacra,","nanentu ker’ manta’lek menmikda’,"
U02341,suspicious_content,SHIWILU contiene caracteres sospechosos: ['’'],"se la extrae, se la pela.","uka’lek, eksu’lek.","se la extrae, se la pela.","uka’lek, eksu’lek."
U02342,suspicious_content,SHIWILU contiene caracteres sospechosos: ['’'],"Pelada, se trae a la casa y se la guarda.","Eksu’, kencha’lek pidik, aku’lek.","pelada, se trae a la casa y se la guarda.","eksu’, kencha’lek pidik, aku’lek."
U02343,suspicious_content,"ESP contiene paréntesis (posible glosa); ESP contiene caracteres sospechosos: ['(', ')']; SHIWILU contiene caracteres sospechosos: ['’']",Cuando amanece entonces se lava (la yuca) y se la pone en una olla.,"Ukllinantusik ipa’linchi pamu’lek, a’du’lek uktak.",cuando amanece entonces se lava (la yuca) y se la pone en una olla.,"ukllinantusik ipa’linchi pamu’lek, a’du’lek uktak."
U02345,suspicious_content,SHIWILU contiene caracteres sospechosos: ['’'],Mientras está hirviendo se tuesta el maíz desgranado.,Ukluka’pasik kenmu’nta’ inyalalatulek chitetlla.,mientras está hirviendo se tuesta el maíz desgranado.,ukluka’pasik kenmu’nta’ inyalalatulek chitetlla.
U02346,suspicious_content,SHIWILU contiene caracteres sospechosos: ['’'],Un kilo de maíz se tuesta en una tostadora.,Ala’ kilu inyalek chiter inyalalanantekkek.,un kilo de maíz se tuesta en una tostadora.,ala’ kilu inyalek chiter inyalalanantekkek.
U02347,suspicious_content,SHIWILU contiene caracteres sospechosos: ['’'],Una vez tostado se lo muele.,Inyek ipa’linchi peksanek.,una vez tostado se lo muele.,inyek ipa’linchi peksanek.
U02348,suspicious_content,SHIWILU contiene caracteres sospechosos: ['’'],Poniéndolo en el batán los antiguos molían con moledor de palo.,Pitak aku’n peksantunanlek napi’ku’lusa’ peksantullina’.,poniéndolo en el batán los antiguos molían con moledor de palo.,pitak aku’n peksantunanlek napi’ku’lusa’ peksantullina’.
U02349,suspicious_content,SHIWILU contiene caracteres sospechosos: ['’'],Ahora ya no hacen así.,Ipa’li’na nui’ñina’.,ahora ya no hacen así.,ipa’li’na nui’ñina’.
U02350,suspicious_content,SHIWILU contiene caracteres sospechosos: ['’'],Ahora a máquina muelen bien menudito.,Ipa’li’na makinak peksanpallina’ damellu’shasu’.,ahora a máquina muelen bien menudito.,ipa’li’na makinak peksanpallina’ damellu’shasu’.
U02351,suspicious_content,SHIWILU contiene caracteres sospechosos: ['’'],"Mientras muelo voy asando también la yuca, cinco yucas enteras.",Peksantapamu nana inkaluner ker’unta’ a’ler’apalek alei’teklundan.,"mientras muelo voy asando también la yuca, cinco yucas enteras.",peksantapamu nana inkaluner ker’unta’ a’ler’apalek alei’teklundan.
U02353,suspicious_content,SHIWILU contiene caracteres sospechosos: ['’'],Ahí nomás se endulza con azúcar.,Nanekpi’la a’kasetllek asukallek.,ahí nomás se endulza con azúcar.,nanekpi’la a’kasetllek asukallek.
U02354,suspicious_content,SHIWILU contiene caracteres sospechosos: ['’'],Después bonito se lava uno la boca y se lava los dientes.,"Nanekla mushasu’ inkawilalek, inpamu’lateklek.",después bonito se lava uno la boca y se lava los dientes.,"nanekla mushasu’ inkawilalek, inpamu’lateklek."
U02356,suspicious_content,SHIWILU contiene caracteres sospechosos: ['’'],Luego se pone en la boca.,Ipa’linchi katennek.,luego se pone en la boca.,ipa’linchi katennek.
U02359,suspicious_content,SHIWILU contiene caracteres sospechosos: ['’'],"Una vez tanteado entonces se chanca,","Patak ipa’linchi u’deklek,","una vez tanteado entonces se chanca,","patak ipa’linchi u’deklek,"
U02360,suspicious_content,SHIWILU contiene caracteres sospechosos: ['’'],"en la misma olla se chanca y se va batiendo,","wa’nauktak i’la u’deklek, pitawilek,","en la misma olla se chanca y se va batiendo,","wa’nauktak i’la u’deklek, pitawilek,"
U02361,suspicious_content,SHIWILU contiene caracteres sospechosos: ['’'],se lo va batiendo con este.... con un remo se lo bate.,pitawilek ma’ilek nerku’teklek pitawilek.,se lo va batiendo con este.... con un remo se lo bate.,pitawilek ma’ilek nerku’teklek pitawilek.
U02362,suspicious_content,"ESP contiene caracteres sospechosos: ['“', '”']; SHIWILU contiene caracteres sospechosos: ['’']",Pero anteriormente las abuelas finadas batían con el batidor “utawitunantek”.,Napi’ i’na amiku’lusa’ utawitunanteklek utawillina’.,pero anteriormente las abuelas finadas batían con el batidor utawitunantek.,napi’ i’na amiku’lusa’ utawitunanteklek utawillina’.
U02363,suspicious_content,SHIWILU contiene caracteres sospechosos: ['’'],"Cuando está humeando, humeando, humeando,","Mu’ka mu’ka mu’katapasik,","cuando está humeando, humeando, humeando,","mu’ka mu’ka mu’katapasik,"
U02364,suspicious_content,"ESP contiene paréntesis (posible glosa); ESP contiene caracteres sospechosos: ['(', ')']; SHIWILU contiene caracteres sospechosos: ['’']",cuando hierve se lo echa en otra olla de barro grande que está enterrada (hasta la mitad).,"ukluka’sik, ali’lak kupin uktak pekdu’a’kasu’ upellek.",cuando hierve se lo echa en otra olla de barro grande que está enterrada (hasta la mitad).,"ukluka’sik, ali’lak kupin uktak pekdu’a’kasu’ upellek."
U02365,suspicious_content,SHIWILU contiene caracteres sospechosos: ['’'],Ahora ya no se ven las ollas grandes de barro.,Ipa’la a’pinta’ kupin ukta lli’tapi’ñi.,ahora ya no se ven las ollas grandes de barro.,ipa’la a’pinta’ kupin ukta lli’tapi’ñi.
U02366,suspicious_content,"ESP contiene paréntesis (posible glosa); ESP contiene caracteres sospechosos: ['“', '”', '(', ')']; SHIWILU contiene caracteres sospechosos: ['”', '’', '“']",Ahora a ese recipiente (grande de plástico) que le llaman“timbu”,Ipa’li’na nana wa’napi “tinpu” iterkasu’,ahora a ese recipiente (grande de plástico) que le llamantimbu,ipa’li’na nana wa’napi tinpu iterkasu’
U02367,suspicious_content,"ESP contiene paréntesis (posible glosa); ESP contiene caracteres sospechosos: ['(', ')']; SHIWILU contiene caracteres sospechosos: ['’']",se lo sienta y entonces ahí se vacea (el líquido para ser guardado).,nana a’duk ipa’linchi nanek upellek.,se lo sienta y entonces ahí se vacea (el líquido para ser guardado).,nana a’duk ipa’linchi nanek upellek.
U02370,suspicious_content,SHIWILU contiene caracteres sospechosos: ['’'],Luego se vuelve a agregar agua.,Nu’sik upetchununta’lek deklek.,luego se vuelve a agregar agua.,nu’sik upetchununta’lek deklek.
U02373,suspicious_content,SHIWILU contiene caracteres sospechosos: ['’'],Cuando todo está mascado y enfriado,"Iñer ka’latak saneksik,",cuando todo está mascado y enfriado,"iñer ka’latak saneksik,"
U02374,suspicious_content,"ESP contiene caracteres sospechosos: ['“', '”', '’']; SHIWILU contiene caracteres sospechosos: ['’']",ese líquido al anochecer se lo endulza discursando a la abeja “mi’len”2:,nana di’din er’washinchi a’kasekchulek mi’len ulen’ak:,ese líquido al anochecer se lo endulza discursando a la abeja mi’len2:,nana di’din er’washinchi a’kasekchulek mi’len ulen’ak:
U02375,suspicious_content,"ESP contiene caracteres sospechosos: ['“', '’']; SHIWILU contiene caracteres sospechosos: ['“', '’']","“Abeja mi’len, tú sí que nunca has hecho una chicha insípida.","“Mi’lencháaaa, kenmapa ñenpi’ laki’dek uwapi’naaa.","abeja mi’len, tú sí que nunca has hecho una chicha insípida.","mi’lencháaaa, kenmapa ñenpi’ laki’dek uwapi’naaa."
U02376,suspicious_content,ESP contiene caracteres sospechosos: ['’']; SHIWILU contiene caracteres sospechosos: ['’'],"Abeja mi’len, tú qué cantidad de chicha que hagas siempre la endulzas.","Mi’lencháaa, kenma enpu’nipi’nta’ uklutetchu iñer a’kaser apalaaa.","abeja mi’len, tú qué cantidad de chicha que hagas siempre la endulzas.","mi’lencháaa, kenma enpu’nipi’nta’ uklutetchu iñer a’kaser apalaaa."
U02377,suspicious_content,"ESP contiene caracteres sospechosos: ['”']; SHIWILU contiene caracteres sospechosos: ['’', '”']",La mía también icáramela”.,kuanta’ uklupidekwek pekkuituu”.,la mía también icáramela.,kuanta’ uklupidekwek pekkuituu.
U02378,suspicious_content,SHIWILU contiene caracteres sospechosos: ['’'],Maíz crudo molido también se hierve en otra olla.,Chiter nanpi peksanpi nananta’ ali’la uktak a’ukluka’lek.,maíz crudo molido también se hierve en otra olla.,chiter nanpi peksanpi nananta’ ali’la uktak a’ukluka’lek.
U02379,suspicious_content,SHIWILU contiene caracteres sospechosos: ['’'],Así también yuca cruda rallada también se hierve en otra olla.,Nu’sik ker’ su’watek nananta’ a’ukluka’lek ali’la uktak.,así también yuca cruda rallada también se hierve en otra olla.,nu’sik ker’ su’watek nananta’ a’ukluka’lek ali’la uktak.
U02380,suspicious_content,SHIWILU contiene caracteres sospechosos: ['’'],En una sola olla grande se mezcla todo lo de esas tres ollas.,Ala’sa’ kupin uktaksa’ iñer nana kaladaper uktakda’ sekdunek.,en una sola olla grande se mezcla todo lo de esas tres ollas.,ala’sa’ kupin uktaksa’ iñer nana kaladaper uktakda’ sekdunek.
U02383,suspicious_content,"ESP contiene caracteres sospechosos: ['“', '”', '’']; SHIWILU contiene caracteres sospechosos: ['’']",Antes las abuelitas ya finadas hacían sedama de los tallos de la palmera “ma’a”.,Napi’ amishaku’lusa’ nu’tullina’ ukllin ma’alanlankekla.,antes las abuelitas ya finadas hacían sedama de los tallos de la palmera ma’a.,napi’ amishaku’lusa’ nu’tullina’ ukllin ma’alanlankekla.
U02387,suspicious_content,"ESP contiene paréntesis (posible glosa); ESP contiene caracteres sospechosos: ['(', ')']; SHIWILU contiene caracteres sospechosos: ['’']","Hecho esto, se cubre con esteras (formando un techo).","Nu’tak, lanchimeklek atantulek.","hecho esto, se cubre con esteras (formando un techo).","nu’tak, lanchimeklek atantulek."
U02388,suspicious_content,SHIWILU contiene caracteres sospechosos: ['’'],Ahí se enfría sola.,Nanek sanek’i nanasa’.,ahí se enfría sola.,nanek sanek’i nanasa’.
U02389,suspicious_content,SHIWILU contiene caracteres sospechosos: ['’'],Nadie la toca para que no se malogre.,Ñidenler pata’pi’ñi aper’inpu’ek.,nadie la toca para que no se malogre.,ñidenler pata’pi’ñi aper’inpu’ek.
U02390,suspicious_content,SHIWILU contiene caracteres sospechosos: ['’'],"Cuando pasan cuatro días, cuando fermenta, bebemos.","Ínkatu’ uklli nakusik, deksik, ullidek.","cuando pasan cuatro días, cuando fermenta, bebemos.","ínkatu’ uklli nakusik, deksik, ullidek."
U02392,suspicious_content,SHIWILU contiene caracteres sospechosos: ['’'],"Así se hace hermanas, señoras,","Nu’tulek kai kualusa’, senñula’lusa’,","así se hace hermanas, señoras,","nu’tulek kai kualusa’, senñula’lusa’,"
U02394,suspicious_content,SHIWILU contiene caracteres sospechosos: ['’'],"A ver, pues, vamos a conversar.",Enta’ten i’na lunterkenma’.,"a ver, pues, vamos a conversar.",enta’ten i’na lunterkenma’.
U02395,suspicious_content,SHIWILU contiene caracteres sospechosos: ['’'],Usted señora quiere aprender esta nuestra lengua shiwilu.,Kenma senñula’ yañinchitula asu’ Shiwilu la’la’mapu’wa’.,usted señora quiere aprender esta nuestra lengua shiwilu.,kenma senñula’ yañinchitula asu’ shiwilu la’la’mapu’wa’.
U02396,suspicious_content,SHIWILU contiene caracteres sospechosos: ['’'],Nuestra lengua shiwilu es bonita.,Shiwilu la’la’mapu’wa’ u’chimusha.,nuestra lengua shiwilu es bonita.,shiwilu la’la’mapu’wa’ u’chimusha.
U02397,suspicious_content,SHIWILU contiene caracteres sospechosos: ['’'],"Los que la entienden, la entienden, pero los que no la entienden no pueden entender.","Lachek’erkasu’ lachekllina’, lachek’inpu’erkasui’na innichi’ñina’ lachek’erkasu’.","los que la entienden, la entienden, pero los que no la entienden no pueden entender.","lachek’erkasu’ lachekllina’, lachek’inpu’erkasui’na innichi’ñina’ lachek’erkasu’."
U02398,suspicious_content,SHIWILU contiene caracteres sospechosos: ['’'],"Los niños ahora no la entienden, ahora sí que ellos ya no comprenden nuestra lengua shiwilu.","Wilalusa’ ipa’la ñi lachek’i’ñina’, ipa’li’na Shiwilu la’la’mapu’wa’ nawa’ lachek’i’ñina’.","los niños ahora no la entienden, ahora sí que ellos ya no comprenden nuestra lengua shiwilu.","wilalusa’ ipa’la ñi lachek’i’ñina’, ipa’li’na shiwilu la’la’mapu’wa’ nawa’ lachek’i’ñina’."
U02399,suspicious_content,SHIWILU contiene caracteres sospechosos: ['’'],Antes cuando era niñita hablaba bonito el shiwilu.,Napi’ wilashakuñamu asu’ Shiwilu la’la’ mushasu’ lunek.,antes cuando era niñita hablaba bonito el shiwilu.,napi’ wilashakuñamu asu’ shiwilu la’la’ mushasu’ lunek.
U02400,suspicious_content,SHIWILU contiene caracteres sospechosos: ['’'],"Ahora, en cambio, un poco la quiero desviar.",Ipa’li’na a’metcha yateknellek.,"ahora, en cambio, un poco la quiero desviar.",ipa’li’na a’metcha yateknellek.
U02401,suspicious_content,SHIWILU contiene caracteres sospechosos: ['’'],"Pero no la desvío, todavía la sé bien.","Ma’shi’na teknerinek, ñinchitapalek i’la.","pero no la desvío, todavía la sé bien.","ma’shi’na teknerinek, ñinchitapalek i’la."
U02404,suspicious_content,SHIWILU contiene caracteres sospechosos: ['’'],En mi Jeberos a mis hijos he criado cuando su padre vivía.,Shiwiluwekkek wilaweklusa’ teksusudeklek papina’ nanpipasik.,en mi jeberos a mis hijos he criado cuando su padre vivía.,shiwiluwekkek wilaweklusa’ teksusudeklek papina’ nanpipasik.
U02405,suspicious_content,SHIWILU contiene caracteres sospechosos: ['’'],Hace tiempo me casé con mi esposo.,Napi’ sudawek sudatulek.,hace tiempo me casé con mi esposo.,napi’ sudawek sudatulek.
U02407,suspicious_content,SHIWILU contiene caracteres sospechosos: ['’'],Ellos ahora ven por mí.,Nawa’ ipa’la lli’apallinerku.,ellos ahora ven por mí.,nawa’ ipa’la lli’apallinerku.
U02408,suspicious_content,SHIWILU contiene caracteres sospechosos: ['’'],Ahora que soy una mujer enferma ellos me cuidan.,Kaluwi’tekku ipa’la ñaseku nawa’ luwektapallinerku.,ahora que soy una mujer enferma ellos me cuidan.,kaluwi’tekku ipa’la ñaseku nawa’ luwektapallinerku.
U02409,suspicious_content,SHIWILU contiene caracteres sospechosos: ['’'],Felizmente tengo hijos.,Mula’si’la wilawanek.,felizmente tengo hijos.,mula’si’la wilawanek.
U02412,suspicious_content,SHIWILU contiene caracteres sospechosos: ['’'],Ahora en mi Jeberos ya no hablan más esta nuestra lengua shiwilu.,Ipa’la Shiwiluwekkek ñi a’pinta’ lunpi’ñina’ asu’ Shiwilu la’la’mapu’wa’.,ahora en mi jeberos ya no hablan más esta nuestra lengua shiwilu.,ipa’la shiwiluwekkek ñi a’pinta’ lunpi’ñina’ asu’ shiwilu la’la’mapu’wa’.
U02413,suspicious_content,SHIWILU contiene caracteres sospechosos: ['’'],Hablando más en castellano ya no hablan shiwilu.,"A’pinta’ Kaschilleklansa’ lunna’, ñi a’pinta’ Shiwilu la’la’ lunpi’ñina’.",hablando más en castellano ya no hablan shiwilu.,"a’pinta’ kaschilleklansa’ lunna’, ñi a’pinta’ shiwilu la’la’ lunpi’ñina’."
U02415,suspicious_content,SHIWILU contiene caracteres sospechosos: ['’'],"Ahí están mi hermana menor Florencia, mi hermana menor María, con ellas hablo.","Ma’atana kai kuawek Florencia, kai kuawek María, nawa’lekku lunpalek.","ahí están mi hermana menor florencia, mi hermana menor maría, con ellas hablo.","ma’atana kai kuawek florencia, kai kuawek maría, nawa’lekku lunpalek."
U02416,suspicious_content,SHIWILU contiene caracteres sospechosos: ['’'],Así ellas me dicen.,Nu’anna’ itullinerku,así ellas me dicen.,nu’anna’ itullinerku
U02418,suspicious_content,"ESP contiene caracteres sospechosos: ['“', '”']; SHIWILU contiene caracteres sospechosos: ['“', '”', '’']","“Sí, aquí estoy, hermana. Ven a visitarme”.","- “Ajá, ñapalek, ñañá. Uker lli’ker’ú”.","sí, aquí estoy, hermana. ven a visitarme.","- ajá, ñapalek, ñañá. uker lli’ker’ú."
U02419,suspicious_content,"ESP contiene caracteres sospechosos: ['“', '”']; SHIWILU contiene caracteres sospechosos: ['“', '”', '’']",“Estoy viniendo queriendo verte. Como fui a la chacra tantos días no te he visitado”.,- “Uk’apincha’lek yalli’amun. Pa’amu menmik u’dun uklli lli’ker’i’ñen”.,estoy viniendo queriendo verte. como fui a la chacra tantos días no te he visitado.,- uk’apincha’lek yalli’amun. pa’amu menmik u’dun uklli lli’ker’i’ñen.
U02420,suspicious_content,"ESP contiene caracteres sospechosos: ['“', '”']; SHIWILU contiene caracteres sospechosos: ['“', '”', '’']",“Por eso te estoy echando de menos. ¿Qué teniendo mi hermana no me visita?” estoy diciendo.,- “Nu’amuntana luwanpallen. ¿Ma’pun a’cha kai kuawek lli’ker’i’ñu?” tapalek.,por eso te estoy echando de menos. ¿qué teniendo mi hermana no me visita? estoy diciendo.,- nu’amuntana luwanpallen. ¿ma’pun a’cha kai kuawek lli’ker’i’ñu? tapalek.
U02421,suspicious_content,SHIWILU contiene caracteres sospechosos: ['’'],Al fin tú como estás sana te vas a la chacra.,Kenma ten mudinupan menmik pa’apala.,al fin tú como estás sana te vas a la chacra.,kenma ten mudinupan menmik pa’apala.
U02422,suspicious_content,SHIWILU contiene caracteres sospechosos: ['’'],En cambio yo por estar enferma no puedo ir a ninguna parte.,Kui’na kaluwi’mu innichi’nek ñi enñupa’ pa’a’kasu’.,en cambio yo por estar enferma no puedo ir a ninguna parte.,kui’na kaluwi’mu innichi’nek ñi enñupa’ pa’a’kasu’.
U02425,suspicious_content,SHIWILU contiene caracteres sospechosos: ['’'],Yo solita sentada me pongo a llorar.,kuashasa’ du’wimu willeklek.,yo solita sentada me pongo a llorar.,kuashasa’ du’wimu willeklek.
U02427,suspicious_content,SHIWILU contiene caracteres sospechosos: ['’'],"Sentada me la paso, tarde llegan.","Du’anpamu erwatulek, erwa uncha’llina’.","sentada me la paso, tarde llegan.","du’anpamu erwatulek, erwa uncha’llina’."
U02428,suspicious_content,SHIWILU contiene caracteres sospechosos: ['’'],Uno a uno van llegando.....,"Ali’la uncha’lli, ali’la uncha’lli....",uno a uno van llegando.....,"ali’la uncha’lli, ali’la uncha’lli...."
U02429,suspicious_content,"ESP contiene caracteres sospechosos: ['“', '”']; SHIWILU contiene caracteres sospechosos: ['“', '”', '’']","“¿Recién vienen?” les digo en castellano, “¿Ya han venido, hijos?” les digo.","“¿Nauncha’lama’? Kaschilleklan itulek, “¿Ya han venido, hijos?” itudeklek.","¿recién vienen? les digo en castellano, ¿ya han venido, hijos? les digo.","¿nauncha’lama’? kaschilleklan itulek, ¿ya han venido, hijos? itudeklek."
U02430,suspicious_content,"ESP contiene paréntesis (posible glosa); ESP contiene caracteres sospechosos: ['(', ')']; SHIWILU contiene caracteres sospechosos: ['’']","Me levanto pueda o no pueda, masatito te voy a traer (pensando).","Yunsamu innichinpu’la’wimu, uklulu’sha manta’mu.","me levanto pueda o no pueda, masatito te voy a traer (pensando).","yunsamu innichinpu’la’wimu, uklulu’sha manta’mu."
U02431,suspicious_content,"ESP contiene caracteres sospechosos: ['“', '”']; SHIWILU contiene caracteres sospechosos: ['“', '”']","“Bebe, hijito” les digo.","- “Uker, hijito” itudeklek.","bebe, hijito les digo.","- uker, hijito itudeklek."
U02433,suspicious_content,SHIWILU contiene caracteres sospechosos: ['’'],Así vivo con mis hijos.,Nu’su’ nanpipalek wilaweklusa’lek.,así vivo con mis hijos.,nu’su’ nanpipalek wilaweklusa’lek.
U02434,suspicious_content,SHIWILU contiene caracteres sospechosos: ['’'],"Buenos son mis hijos, todos mis hijos son buenos.","U’chimu wilaweklusa’, iñerdaper mukankañina’ wilaweklusa’.","buenos son mis hijos, todos mis hijos son buenos.","u’chimu wilaweklusa’, iñerdaper mukankañina’ wilaweklusa’."
U02435,suspicious_content,SHIWILU contiene caracteres sospechosos: ['’'],"Felizmente bonito les he criado a mis hijos, con su padre.","Mula’si’la u’chimusha teksusudeklek wilaweklusa’, papinalek.","felizmente bonito les he criado a mis hijos, con su padre.","mula’si’la u’chimusha teksusudeklek wilaweklusa’, papinalek."
U02436,suspicious_content,SHIWILU contiene caracteres sospechosos: ['’'],Yo nunca he tenido hijos sin haberme esposado.,Ñi wilanwanpa’tamu ñi’nek.,yo nunca he tenido hijos sin haberme esposado.,ñi wilanwanpa’tamu ñi’nek.
U02439,suspicious_content,SHIWILU contiene caracteres sospechosos: ['’'],"Con ellos ahora vivo, con mis hijos.","Nawa’lekku ipa’la nanpiapalek, wilaweklusa’lek.","con ellos ahora vivo, con mis hijos.","nawa’lekku ipa’la nanpiapalek, wilaweklusa’lek."
U02440,suspicious_content,SHIWILU contiene caracteres sospechosos: ['’'],Ahí están doscitas mis hijas.,Ma’ata’na katu’ta’shadaper ku’tinweklusa’.,ahí están doscitas mis hijas.,ma’ata’na katu’ta’shadaper ku’tinweklusa’.
U02441,suspicious_content,SHIWILU contiene caracteres sospechosos: ['’'],Ellas me cuidan.,Nawa’ lli’apallinerku.,ellas me cuidan.,nawa’ lli’apallinerku.
U02442,suspicious_content,SHIWILU contiene caracteres sospechosos: ['’'],"Ellas son doscitas, dos hijas mujeres.","Nawa’ katu’shadaper, katu’ta’ ku’aperwawalusa’.","ellas son doscitas, dos hijas mujeres.","nawa’ katu’shadaper, katu’ta’ ku’aperwawalusa’."
U02443,suspicious_content,SHIWILU contiene caracteres sospechosos: ['’'],"Sólo ellas me cuidan, me lavan la ropa.","Nawa’sa’ lli’apallinerku, peksaduintullinerku.","sólo ellas me cuidan, me lavan la ropa.","nawa’sa’ lli’apallinerku, peksaduintullinerku."
U02444,suspicious_content,SHIWILU contiene caracteres sospechosos: ['’'],"Preparando la comida me dan de comer, me alimentan.","Akusutuker’anna’ a’ka’llinerku, a’uranñinerku.","preparando la comida me dan de comer, me alimentan.","akusutuker’anna’ a’ka’llinerku, a’uranñinerku."
U02445,suspicious_content,"ESP contiene caracteres sospechosos: ['“', '”']; SHIWILU contiene caracteres sospechosos: ['“', '”', '’']","“Mamá, queremos ir a la chacra”.","- “Mamá, menmik yapa’llidek”.","mamá, queremos ir a la chacra.","- mamá, menmik yapa’llidek."
U02447,suspicious_content,SHIWILU contiene caracteres sospechosos: ['’'],Se van. Luego de ir vienen tarde.,Pa’llina’. Pa’anna’ erwa uncha’llina’.,se van. luego de ir vienen tarde.,pa’llina’. pa’anna’ erwa uncha’llina’.
U02448,suspicious_content,"ESP contiene caracteres sospechosos: ['“', '”']; SHIWILU contiene caracteres sospechosos: ['“', '”', '’']","“Mamá, estoy viniendo de la chacra”.","- “Mamá, uk’apincha’lek menmiklan”.","mamá, estoy viniendo de la chacra.","- mamá, uk’apincha’lek menmiklan."
U02449,suspicious_content,"ESP contiene caracteres sospechosos: ['“', '”']; SHIWILU contiene caracteres sospechosos: ['“', '”', '’']","“¿Ah, ya has venido?”","- “¿Ah, ipa’cha uncha’la?”","¿ah, ya has venido?","- ¿ah, ipa’cha uncha’la?"
U02450,suspicious_content,"ESP contiene caracteres sospechosos: ['“', '”']; SHIWILU contiene caracteres sospechosos: ['“', '”', '’']","“Ya he venido, mamá. Te voy a servir masato, mamá”.","- “Ipa uncha’lek, mamá. Uklulu’ a’werken, mamá”.","ya he venido, mamá. te voy a servir masato, mamá.","- ipa uncha’lek, mamá. uklulu’ a’werken, mamá."
U02451,suspicious_content,"ESP contiene caracteres sospechosos: ['“', '”']; SHIWILU contiene caracteres sospechosos: ['“', '”', '’']","“Ah, a ver pues, desde la mañana no he bebido nada”.","- “Ah, enta’n’i’na dasu’laklanek uwi’nek”.","ah, a ver pues, desde la mañana no he bebido nada.","- ah, enta’n’i’na dasu’laklanek uwi’nek."
U02452,suspicious_content,SHIWILU contiene caracteres sospechosos: ['’'],Como ahora con este dolor de pierna no puedo caminar.,Ma’pu’sui’na ikellandu’mu innichi’nek dekkunta’kasu’.,como ahora con este dolor de pierna no puedo caminar.,ma’pu’sui’na ikellandu’mu innichi’nek dekkunta’kasu’.
U02453,suspicious_content,SHIWILU contiene caracteres sospechosos: ['’'],Por eso estoy sentada.,Nu’amu du’apalek.,por eso estoy sentada.,nu’amu du’apalek.
U02455,suspicious_content,SHIWILU contiene caracteres sospechosos: ['’'],"Eso nomás, no tomo mucho, poquito cuando tengo sed bebo,","Nanasa’, kupin uwapi’nek, u’nisha iyumu uwapalek,","eso nomás, no tomo mucho, poquito cuando tengo sed bebo,","nanasa’, kupin uwapi’nek, u’nisha iyumu uwapalek,"
U02456,suspicious_content,SHIWILU contiene caracteres sospechosos: ['’'],no como antes que bebía bastante.,ñi napi’pu’su’ kupin uwapawinek.,no como antes que bebía bastante.,ñi napi’pu’su’ kupin uwapawinek.
U02457,suspicious_content,SHIWILU contiene caracteres sospechosos: ['’'],Así nomás vivo ahora yo aquí. 24 de julio del 2005,Nu’la’su’ nanpipalek ipa’la asek kua.,así nomás vivo ahora yo aquí. 24 de julio del 2005,nu’la’su’ nanpipalek ipa’la asek kua.
U02458,suspicious_content,SHIWILU contiene caracteres sospechosos: ['’'],Yo me llamo Jesús.,Kui’na llillinwek Kishu.,yo me llamo jesús.,kui’na llillinwek kishu.
U02459,suspicious_content,SHIWILU contiene caracteres sospechosos: ['’'],Les voy a contar del canasto que caminaba antiguamente.,Wintetchenma’ lantekpi dekkunta’su’ napi’.,les voy a contar del canasto que caminaba antiguamente.,wintetchenma’ lantekpi dekkunta’su’ napi’.
U02461,suspicious_content,SHIWILU contiene caracteres sospechosos: ['’'],"Sus piernitas eran muy flaquitas, piernas chuecas,","U’ñikuchu’chekshalima, kunsek kutu’,","sus piernitas eran muy flaquitas, piernas chuecas,","u’ñikuchu’chekshalima, kunsek kutu’,"
U02462,suspicious_content,SHIWILU contiene caracteres sospechosos: ['’'],como el motelo caminaba.,madupu’su’ dekkuntuwiñi.,como el motelo caminaba.,madupu’su’ dekkuntuwiñi.
U02463,suspicious_content,SHIWILU contiene caracteres sospechosos: ['’'],Los antiguos lo llevaban a sus chacras.,Napi’ku’lusa’ler ekpa’llina’ menminennak.,los antiguos lo llevaban a sus chacras.,napi’ku’lusa’ler ekpa’llina’ menminennak.
U02464,suspicious_content,SHIWILU contiene caracteres sospechosos: ['’'],"Sacando yuca la depositaban,","Ker’ uka’nna’ kala’tullina’,","sacando yuca la depositaban,","ker’ uka’nna’ kala’tullina’,"
U02465,suspicious_content,SHIWILU contiene caracteres sospechosos: ['’'],llenaban el canasto y lo sentaban.,"pi’murllina’, a’du’llina’.",llenaban el canasto y lo sentaban.,"pi’murllina’, a’du’llina’."
U02466,suspicious_content,"ESP contiene caracteres sospechosos: ['“', '”']; SHIWILU contiene caracteres sospechosos: ['”', '’', '“']",Su dueño dice le decía “¡Tú vete yendo!”,"Wa’anler imi’na itulli “ ¡Pa’apilanter, kenmá!”",su dueño dice le decía ¡tú vete yendo!,"wa’anler imi’na itulli  ¡pa’apilanter, kenmá!"
U02467,suspicious_content,SHIWILU contiene caracteres sospechosos: ['’'],Así el canasto caminaba antiguamente.,Nu’su’ lantekpi dekkuntuwiñi napi’.,así el canasto caminaba antiguamente.,nu’su’ lantekpi dekkuntuwiñi napi’.
U02468,suspicious_content,"ESP contiene paréntesis (posible glosa); ESP contiene caracteres sospechosos: ['(', ')']; SHIWILU contiene caracteres sospechosos: ['’']",Un día dos muchachas y dos muchachos encontrándolo (en el camino) se burlaron de él.,Ala’lu’sa’ katu’ta’ wilalunlusa’ katu’ta’ yuyu’walusa’ler kaper’anna’ lumellina’.,un día dos muchachas y dos muchachos encontrándolo (en el camino) se burlaron de él.,ala’lu’sa’ katu’ta’ wilalunlusa’ katu’ta’ yuyu’walusa’ler kaper’anna’ lumellina’.
U02469,suspicious_content,SHIWILU contiene caracteres sospechosos: ['’'],"Avergonzado, en un desnivel del camino se cayó el canasto.",Dakutan inchilalak anu’lli nana lantekpi.,"avergonzado, en un desnivel del camino se cayó el canasto.",dakutan inchilalak anu’lli nana lantekpi.
U02470,suspicious_content,SHIWILU contiene caracteres sospechosos: ['’'],"Hasta hoy, hasta ahora no se levanta.","Ipa’lalek, ipa’la walek yunsi’ñi.","hasta hoy, hasta ahora no se levanta.","ipa’lalek, ipa’la walek yunsi’ñi."
U02471,suspicious_content,"ESP contiene caracteres sospechosos: ['“']; SHIWILU contiene caracteres sospechosos: ['“', '’']",El canasto habló “¿Por qué ustedes se burlaron de mí?,Nana lantekpi luñi “¿Ma’ki’na kenmama’ lumellama’u’ku?,el canasto habló ¿por qué ustedes se burlaron de mí?,nana lantekpi luñi ¿ma’ki’na kenmama’ lumellama’u’ku?
U02472,suspicious_content,SHIWILU contiene caracteres sospechosos: ['’'],Ahora sí nunca más voy a caminar.,Ipa’la’ka enpi’pu’sha dekkunchi’nchek.,ahora sí nunca más voy a caminar.,ipa’la’ka enpi’pu’sha dekkunchi’nchek.
U02474,suspicious_content,SHIWILU contiene caracteres sospechosos: ['’'],Yo soy jeberina auténtica.,kua Shiwilulunku nuka’ka.,yo soy jeberina auténtica.,kua shiwilulunku nuka’ka.
U02476,suspicious_content,SHIWILU contiene caracteres sospechosos: ['’'],Verdaderamente yo he aprendido la lengua shiwilu.,Tekkinchintana kua ñinchitulek Shiwilu la’la’.,verdaderamente yo he aprendido la lengua shiwilu.,tekkinchintana kua ñinchitulek shiwilu la’la’.
U02477,suspicious_content,SHIWILU contiene caracteres sospechosos: ['’'],"Con ella mi padre y mi madre me criaron, yo la hablo.","Nanalek tatawek awawek teksusullun, kua nana lu’nkasu’.","con ella mi padre y mi madre me criaron, yo la hablo.","nanalek tatawek awawek teksusullun, kua nana lu’nkasu’."
U02478,suspicious_content,SHIWILU contiene caracteres sospechosos: ['’'],"A mí esta señora me está hacienda hablar,","kua asu’ senñula’ a’lunpallun,","a mí esta señora me está hacienda hablar,","kua asu’ senñula’ a’lunpallun,"
U02479,suspicious_content,SHIWILU contiene caracteres sospechosos: ['’'],"este, tal vez sobre cómo he criado a mis hijos,","ma’i, ma’pu’si’pa’ kua wilaweklusa’ teksudeklek,","este, tal vez sobre cómo he criado a mis hijos,","ma’i, ma’pu’si’pa’ kua wilaweklusa’ teksudeklek,"
U02480,suspicious_content,SHIWILU contiene caracteres sospechosos: ['’'],a qué he venido a Yurimaguas.,"ma’pu’a’kasu’ asek weklek Yurimawek,",a qué he venido a yurimaguas.,"ma’pu’a’kasu’ asek weklek yurimawek,"
U02481,suspicious_content,SHIWILU contiene caracteres sospechosos: ['’'],Todo eso quiere saber esta señora.,Nanadaper iñer asu’ senñula’ yañinchitulli.,todo eso quiere saber esta señora.,nanadaper iñer asu’ senñula’ yañinchitulli.
U02482,suspicious_content,SHIWILU contiene caracteres sospechosos: ['’'],Yo he sufrido mucho en mi vida.,Kui’na enpu’nipa’ insekluten’a’kasu’ nanpi’kasu’.,yo he sufrido mucho en mi vida.,kui’na enpu’nipa’ insekluten’a’kasu’ nanpi’kasu’.
U02483,suspicious_content,SHIWILU contiene caracteres sospechosos: ['’'],Hace mucho yo viví en Varadero.,kua napi’ Simirkek nanpilek.,hace mucho yo viví en varadero.,kua napi’ simirkek nanpilek.
U02484,suspicious_content,SHIWILU contiene caracteres sospechosos: ['’'],Cuando tenía diez años he salido de Jeberos.,Shunka’ ekkilala a’ñamu Shiwiluklan yunsu’lek.,cuando tenía diez años he salido de jeberos.,shunka’ ekkilala a’ñamu shiwiluklan yunsu’lek.
U02485,suspicious_content,"ESP contiene paréntesis (posible glosa); ESP contiene caracteres sospechosos: ['(', ')']; SHIWILU contiene caracteres sospechosos: ['’']",Yendo al monte mi padre baleaba (animales).,Tanak pa’an tatawek ilantulli.,yendo al monte mi padre baleaba (animales).,tanak pa’an tatawek ilantulli.
U02486,suspicious_content,SHIWILU contiene caracteres sospechosos: ['’'],"Yendo baleaba sajino, baleaba huangana.","Pa’an amantek ilañi, laman ilañi.","yendo baleaba sajino, baleaba huangana.","pa’an amantek ilañi, laman ilañi."
U02487,suspicious_content,SHIWILU contiene caracteres sospechosos: ['’'],Comiendo eso he crecido.,Nana ka’amu susulek.,comiendo eso he crecido.,nana ka’amu susulek.
U02488,suspicious_content,SHIWILU contiene caracteres sospechosos: ['’'],Mi madre y mi padre murieron en Varadero.,Awawek tatawek chimiñina’ Simirkek.,mi madre y mi padre murieron en varadero.,awawek tatawek chimiñina’ simirkek.
U02489,suspicious_content,SHIWILU contiene caracteres sospechosos: ['’'],La víbora mordió a mi padre.,Da’wanler kiteklli tatawek.,la víbora mordió a mi padre.,da’wanler kiteklli tatawek.
U02490,suspicious_content,SHIWILU contiene caracteres sospechosos: ['’'],"Ahora, cuando murieron mis padres nos hemos quedado huérfanos.",Ipa’la tatawek awawek chiminsik i’na dinsuwilallidek.,"ahora, cuando murieron mis padres nos hemos quedado huérfanos.",ipa’la tatawek awawek chiminsik i’na dinsuwilallidek.
U02491,suspicious_content,"ESP contiene caracteres sospechosos: ['“', '”']; SHIWILU contiene caracteres sospechosos: ['“', '”', '’']",“¿Cómo viviré ahora que ha muerto mi padre?” me preguntaba.,“¿Ma’pu’si’pa’ nanpichek tatawek chiminsik?” tulek.,¿cómo viviré ahora que ha muerto mi padre? me preguntaba.,¿ma’pu’si’pa’ nanpichek tatawek chiminsik? tulek.
U02493,suspicious_content,SHIWILU contiene caracteres sospechosos: ['’'],De ahí seguía viviendo en Varadero mismo.,Nanekla nanpipawinek Simirkek i’la.,de ahí seguía viviendo en varadero mismo.,nanekla nanpipawinek simirkek i’la.
U02494,suspicious_content,SHIWILU contiene caracteres sospechosos: ['’'],Después he salido a Yurimaguas.,Nanekla yunsu’lek Yurimawek.,después he salido a yurimaguas.,nanekla yunsu’lek yurimawek.
U02495,suspicious_content,SHIWILU contiene caracteres sospechosos: ['’'],Viniendo he tenido sólo seis hijos.,kua wek’amu suktasa’ willaweklusa’ a’ñilek.,viniendo he tenido sólo seis hijos.,kua wek’amu suktasa’ willaweklusa’ a’ñilek.
U02496,suspicious_content,SHIWILU contiene caracteres sospechosos: ['’'],Para hacer estudiar a mis hijos he trabajado bastante.,Wilaweklusa’ ya’ñinchillintudek’amu enpu’nipa’ saka’tulek.,para hacer estudiar a mis hijos he trabajado bastante.,wilaweklusa’ ya’ñinchillintudek’amu enpu’nipa’ saka’tulek.
U02497,suspicious_content,SHIWILU contiene caracteres sospechosos: ['’'],"Entonces, mucho he sufrido para hacer educar a mis hijos.",Iya’linchi muinchi kua insekluten’amu wilaweklusa’ a’ñinchillintudeklek.,"entonces, mucho he sufrido para hacer educar a mis hijos.",iya’linchi muinchi kua insekluten’amu wilaweklusa’ a’ñinchillintudeklek.
U02498,suspicious_content,SHIWILU contiene caracteres sospechosos: ['’'],Por eso ahora estoy aquí.,Ipa’la nu’amu asek ñapalek.,por eso ahora estoy aquí.,ipa’la nu’amu asek ñapalek.
U02500,suspicious_content,SHIWILU contiene caracteres sospechosos: ['’'],Entonces a mí viniendo ahora esta señora me está haciendo contar.,Nanek kua wek’amu ipa’la asek asu’ senñula’ a’lunpallun.,entonces a mí viniendo ahora esta señora me está haciendo contar.,nanek kua wek’amu ipa’la asek asu’ senñula’ a’lunpallun.
U02501,suspicious_content,"ESP contiene caracteres sospechosos: ['“', '”']; SHIWILU contiene caracteres sospechosos: ['”', '’', '“']",La señora me preguntó “¿Cómo vives?”,Senñula’ “¿Ma’pu’su’cha nanpipala?” itullun.,la señora me preguntó ¿cómo vives?,senñula’ ¿ma’pu’su’cha nanpipala? itullun.
U02502,suspicious_content,SHIWILU contiene caracteres sospechosos: ['’'],"Yo solita vivo, no tengo parientes,","kuashasa’ ñienkasu’ patunwi’nek,","yo solita vivo, no tengo parientes,","kuashasa’ ñienkasu’ patunwi’nek,"
U02503,suspicious_content,SHIWILU contiene caracteres sospechosos: ['’'],acá no tengo ningún familiar.,asek kua patun a’ñinekta’la.,acá no tengo ningún familiar.,asek kua patun a’ñinekta’la.
U02504,suspicious_content,"ESP contiene caracteres sospechosos: ['“', '”']; SHIWILU contiene caracteres sospechosos: ['”', '’', '“']",Ahora esta señora me pidió “¡Habla la lengua shiwilu!”,Ipa’la asu’ senñula’ itullun “¡Lunker Shiwilu la’la’!”,ahora esta señora me pidió ¡habla la lengua shiwilu!,ipa’la asu’ senñula’ itullun ¡lunker shiwilu la’la’!
U02505,suspicious_content,"ESP contiene caracteres sospechosos: ['“', '”']; SHIWILU contiene caracteres sospechosos: ['“', '”', '’']",“Si usted supiera hablar conversaríamos”.,“Ñinchilu’nma’su’ ñilli inluntunansu’”.,si usted supiera hablar conversaríamos.,ñinchilu’nma’su’ ñilli inluntunansu’.
U02506,suspicious_content,SHIWILU contiene caracteres sospechosos: ['’'],Pero ella no entiende.,Ma’sha nana lauk’api’ñi.,pero ella no entiende.,ma’sha nana lauk’api’ñi.
U02507,suspicious_content,SHIWILU contiene caracteres sospechosos: ['’'],Ella también quiere aprender.,Nananti’mi’na yañinchitulli.,ella también quiere aprender.,nananti’mi’na yañinchitulli.
U02508,suspicious_content,SHIWILU contiene caracteres sospechosos: ['’'],Yo le estoy enseñando.,A’lek’apalek kualer.,yo le estoy enseñando.,a’lek’apalek kualer.
U02509,suspicious_content,SHIWILU contiene caracteres sospechosos: ['’'],Yo le voy a enseñar todo lo que sé.,kualer a’lek’etchek iñer ñinchita’kasu’.,yo le voy a enseñar todo lo que sé.,kualer a’lek’etchek iñer ñinchita’kasu’.
U02510,suspicious_content,SHIWILU contiene caracteres sospechosos: ['’'],"Sólo eso he hablado. Yurimaguas, Julio 2005",kua nanasa’ lunek.,"sólo eso he hablado. yurimaguas, julio 2005",kua nanasa’ lunek.
U02511,suspicious_content,SHIWILU contiene caracteres sospechosos: ['’'],Ahora les voy a contar cómo antiguamente se quemaron estas riberas del río Pampayacu.,Ipa’la lunchek ma’pu’si’pa’ napi’ uketllin asu’ Panpadek ukuchinlusa’.,ahora les voy a contar cómo antiguamente se quemaron estas riberas del río pampayacu.,ipa’la lunchek ma’pu’si’pa’ napi’ uketllin asu’ panpadek ukuchinlusa’.
U02512,suspicious_content,"ESP contiene paréntesis (posible glosa); ESP contiene caracteres sospechosos: ['(', ')']; SHIWILU contiene caracteres sospechosos: ['’']",Cuentan que antiguamente el gobernante (de Jeberos) se levantó y habló:,Napi’ ima wa’an yunsa’n luñi:,cuentan que antiguamente el gobernante (de jeberos) se levantó y habló:,napi’ ima wa’an yunsa’n luñi:
U02513,suspicious_content,"ESP contiene caracteres sospechosos: ['“', '”']; SHIWILU contiene caracteres sospechosos: ['“', '”', '’']",“Ya el verano empezó. ¡Vamos a pescar muchachos y muchachas!” les dijo.,"“Ipa’ ekkilala pilli’ncha’lli. ¡Enchuku’ pur’awa’ nadi’neklusa’, wilalunlusa’!” itudekllima.",ya el verano empezó. ¡vamos a pescar muchachos y muchachas! les dijo.,"ipa’ ekkilala pilli’ncha’lli. ¡enchuku’ pur’awa’ nadi’neklusa’, wilalunlusa’! itudekllima."
U02514,suspicious_content,"ESP contiene caracteres sospechosos: ['“', '”']; SHIWILU contiene caracteres sospechosos: ['”', '’', '“']",Entonces sí todos se pusieron de acuerdo. Dijeron “¡Vamos a pescar” y se fueron.,Ipa’linchi iñerdaper inlli’inutullina’ “¡Enchuku’ purkunwa’!” tanni’ma pa’llina’.,entonces sí todos se pusieron de acuerdo. dijeron ¡vamos a pescar y se fueron.,ipa’linchi iñerdaper inlli’inutullina’ ¡enchuku’ purkunwa’! tanni’ma pa’llina’.
U02515,suspicious_content,"ESP contiene paréntesis (posible glosa); ESP contiene caracteres sospechosos: ['(', ')']; SHIWILU contiene caracteres sospechosos: ['’']",Dicen que en ese tiempo el dueño (del Pampayacu) todavía vivía ahí en esa ribera del río.,Nanimi’na napi’pui’mi’na wa’anen nanpi’pawiñinpi’la nana Panpadek ukuchinkek.,dicen que en ese tiempo el dueño (del pampayacu) todavía vivía ahí en esa ribera del río.,nanimi’na napi’pui’mi’na wa’anen nanpi’pawiñinpi’la nana panpadek ukuchinkek.
U02516,suspicious_content,SHIWILU contiene caracteres sospechosos: ['’'],"Entonces los hombres llegaron y construyeron tambo, chancaron barbasco.","Ipa’linchi nawa’ ektu’na’ palenñantullina’, puñañin llisantullina’.","entonces los hombres llegaron y construyeron tambo, chancaron barbasco.","ipa’linchi nawa’ ektu’na’ palenñantullina’, puñañin llisantullina’."
U02517,suspicious_content,"ESP contiene caracteres sospechosos: ['“', '”']; SHIWILU contiene caracteres sospechosos: ['”', '’', '“']","Luego de hacer eso, dijeron “pesquemos mañana”.",Nu’anna’ “eklli pur’awa’” tullini’ma.,"luego de hacer eso, dijeron pesquemos mañana.",nu’anna’ eklli pur’awa’ tullini’ma.
U02518,suspicious_content,SHIWILU contiene caracteres sospechosos: ['’'],"Dicen que en ese momento bajó un catalán como hembra, este era una unchala5.","Nanek’ima ipa’linchi nu’wencha’lli ala’sa’ sasa’lunpu’a’su’, asu’ silakun.","dicen que en ese momento bajó un catalán como hembra, este era una unchala5.","nanek’ima ipa’linchi nu’wencha’lli ala’sa’ sasa’lunpu’a’su’, asu’ silakun."
U02519,suspicious_content,SHIWILU contiene caracteres sospechosos: ['’'],Este era asistente del gobernante.,Nana wa’an wala’wanen.,este era asistente del gobernante.,nana wa’an wala’wanen.
U02520,suspicious_content,"ESP contiene paréntesis (posible glosa); ESP contiene caracteres sospechosos: ['(', ')']; SHIWILU contiene caracteres sospechosos: ['’']","Ahí vino volando, bajó y le dijo (a la gente):","Nanima pennu’pilenchan, unchan itudeklli:","ahí vino volando, bajó y le dijo (a la gente):","nanima pennu’pilenchan, unchan itudeklli:"
U02521,suspicious_content,"ESP contiene caracteres sospechosos: ['“', '”']; SHIWILU contiene caracteres sospechosos: ['“', '”', '’']","“Dicen que este monte lo van a quemar”, pero no le creyeron.",“Asu’ tanan ima di’setchetchuna’” itudekllima ñima latekchiñina’.,"dicen que este monte lo van a quemar, pero no le creyeron.",asu’ tanan ima di’setchetchuna’ itudekllima ñima latekchiñina’.
U02522,suspicious_content,"ESP contiene paréntesis (posible glosa); ESP contiene caracteres sospechosos: ['(', ')']; SHIWILU contiene caracteres sospechosos: ['’']","Dicen que en esos tiempos el gobernante (de Jeberos) era el Pelejo, el Pelejo era gobernante.","Napi’pui’mi’na wa’an ñapawiñi asu’ Kuntek, Kuntek wa’an.","dicen que en esos tiempos el gobernante (de jeberos) era el pelejo, el pelejo era gobernante.","napi’pui’mi’na wa’an ñapawiñi asu’ kuntek, kuntek wa’an."
U02523,suspicious_content,SHIWILU contiene caracteres sospechosos: ['’'],"Ahí dice, en ese momento, amaneciendo cuando echaban el barbasco,","Naneklima ipa’linchi ukllinantanna’, apu’pa’ser puñañin,","ahí dice, en ese momento, amaneciendo cuando echaban el barbasco,","naneklima ipa’linchi ukllinantanna’, apu’pa’ser puñañin,"
U02524,suspicious_content,"ESP contiene paréntesis (posible glosa); ESP contiene caracteres sospechosos: ['(', ')']; SHIWILU contiene caracteres sospechosos: ['’']",5 Se trata de un ave de malagüero. llegaron dos niños huérfanos todo cubiertos de chupos (viruela).,ektu’lli katu’ta’ wila suwilalusa’ iñer ima sa’la’ta’ser.,5 se trata de un ave de malagüero. llegaron dos niños huérfanos todo cubiertos de chupos (viruela).,ektu’lli katu’ta’ wila suwilalusa’ iñer ima sa’la’ta’ser.
U02525,suspicious_content,SHIWILU contiene caracteres sospechosos: ['’'],Dice que como estaban cubiertos de chupos les dijeron:,Sa’la’wenkasu’ malek ima itudekllina’:,dice que como estaban cubiertos de chupos les dijeron:,sa’la’wenkasu’ malek ima itudekllina’:
U02526,suspicious_content,"ESP contiene caracteres sospechosos: ['“']; SHIWILU contiene caracteres sospechosos: ['“', '’']",“¿Por qué ustedes han venido por acá? Nos van a contagiar la viruela.,“¿Ma’ki’na kenmama’ asu’lupa’ uklama’? Sa’la’ a’dantetchenmu’wa’.,¿por qué ustedes han venido por acá? nos van a contagiar la viruela.,¿ma’ki’na kenmama’ asu’lupa’ uklama’? sa’la’ a’dantetchenmu’wa’.
U02527,suspicious_content,"ESP contiene caracteres sospechosos: ['”']; SHIWILU contiene caracteres sospechosos: ['’', '”']","¡Bótenlos, que se regresen!” les dijeron.","¡Dinsuludekku’, adanti’na’!” itudekllima.","¡bótenlos, que se regresen! les dijeron.","¡dinsuludekku’, adanti’na’! itudekllima."
U02529,suspicious_content,"ESP contiene caracteres sospechosos: ['“', '”']; SHIWILU contiene caracteres sospechosos: ['“', '”', '’']","“¡Váyanse, regrésense por donde vinieron!”.","“!Paku’, adanta’ku’!” itudekllini’ma’.","¡váyanse, regrésense por donde vinieron!.","!paku’, adanta’ku’! itudekllini’ma’."
U02532,suspicious_content,"ESP contiene caracteres sospechosos: ['“', '”']; SHIWILU contiene caracteres sospechosos: ['“', '”', '’']",“¿Por qué regresan muchachitos?” les preguntó.,"- “¿Ma’kin adanpilenchalama’, wilashala?” itudekllima.",¿por qué regresan muchachitos? les preguntó.,"- ¿ma’kin adanpilenchalama’, wilashala? itudekllima."
U02533,suspicious_content,"ESP contiene paréntesis (posible glosa); ESP contiene caracteres sospechosos: ['(', ')']; SHIWILU contiene caracteres sospechosos: ['’']",(Los hombres de Jeberos) nos mezquinaron la pesca.,"- Pu’yek aperku’tullinerkudek,",(los hombres de jeberos) nos mezquinaron la pesca.,"- pu’yek aperku’tullinerkudek,"
U02534,suspicious_content,ESP contiene caracteres sospechosos: ['’']; SHIWILU contiene caracteres sospechosos: ['’'],Cuando estábamos agarrando pescado nos botaron porque tenemos esta enfermedad sa’la’.,samer mapa’sekudek dinsulullinerkudek asu’ sa’la’ a’kudeksu’ malek.,cuando estábamos agarrando pescado nos botaron porque tenemos esta enfermedad sa’la’.,samer mapa’sekudek dinsulullinerkudek asu’ sa’la’ a’kudeksu’ malek.
U02535,suspicious_content,"ESP contiene caracteres sospechosos: ['”']; SHIWILU contiene caracteres sospechosos: ['’', '”']","Un pescadito nomás he traído, mi hermanito también unito nomás” le respondió.","Alla’shasa’ samer kencha’lek, yalli’washawek’unta’ alla’shasa’pi’la” itullima.","un pescadito nomás he traído, mi hermanito también unito nomás le respondió.","alla’shasa’ samer kencha’lek, yalli’washawek’unta’ alla’shasa’pi’la itullima."
U02537,suspicious_content,"ESP contiene paréntesis (posible glosa); ESP contiene caracteres sospechosos: ['(', ')']; SHIWILU contiene caracteres sospechosos: ['’']",Voy a cerrar mi boca fuerte. Cuando vuelva a abrirla y saque (los pescados) coman.,Inlasiser’chek. Lauknunta’ asek kui’na usunma’ ka’ku’.,voy a cerrar mi boca fuerte. cuando vuelva a abrirla y saque (los pescados) coman.,inlasiser’chek. lauknunta’ asek kui’na usunma’ ka’ku’.
U02538,suspicious_content,SHIWILU contiene caracteres sospechosos: ['’'],"Después de comer van a encontrar una quebradita en el camino,","Ka’a’mamasu’ supinak ala’sa’ dekshadek kanenchuma’ inchilalak,","después de comer van a encontrar una quebradita en el camino,","ka’a’mamasu’ supinak ala’sa’ dekshadek kanenchuma’ inchilalak,"
U02539,suspicious_content,SHIWILU contiene caracteres sospechosos: ['’'],agua blanquísima y cristalina van a encontrar.,enpu’ni dadapudekshipa’ enpu’ni pektudekshipa’ kanenchuma’.,agua blanquísima y cristalina van a encontrar.,enpu’ni dadapudekshipa’ enpu’ni pektudekshipa’ kanenchuma’.
U02540,suspicious_content,SHIWILU contiene caracteres sospechosos: ['’'],Recojan eso con sus manitos y beban.,Nana iteklashapenma’lek inshen’anma’ ukku’.,recojan eso con sus manitos y beban.,nana iteklashapenma’lek inshen’anma’ ukku’.
U02541,suspicious_content,SHIWILU contiene caracteres sospechosos: ['’'],Entonces con eso mismo lávense y frótense sus cuerpos.,"Nu’anma’ nanalek i’la inpamu’pi’ku’, inpanka’pi’ku’.",entonces con eso mismo lávense y frótense sus cuerpos.,"nu’anma’ nanalek i’la inpamu’pi’ku’, inpanka’pi’ku’."
U02542,suspicious_content,"ESP contiene caracteres sospechosos: ['’', '”']; SHIWILU contiene caracteres sospechosos: ['’', '”']",Ahí toda esta enfermedad sa’la’ va a desaparecer” les dijo.,Nanek iñer asu’ sa’la’ apu’tetchun” itudekllima.,ahí toda esta enfermedad sa’la’ va a desaparecer les dijo.,nanek iñer asu’ sa’la’ apu’tetchun itudekllima.
U02543,suspicious_content,"ESP contiene caracteres sospechosos: ['“']; SHIWILU contiene caracteres sospechosos: ['“', '’']",“Después levántense y corran hasta un árbol inclinado.,- “Nanekla yunsanma’ tekka’nta’ku’ ala’sa’ nala inner’apek walek.,después levántense y corran hasta un árbol inclinado.,- nanekla yunsanma’ tekka’nta’ku’ ala’sa’ nala inner’apek walek.
U02544,suspicious_content,SHIWILU contiene caracteres sospechosos: ['’'],De ahí sí voltéense y miren.,"Nanekla, nanekla’nka pi’shek’anma’ lli’ku’.",de ahí sí voltéense y miren.,"nanekla, nanekla’nka pi’shek’anma’ lli’ku’."
U02546,suspicious_content,SHIWILU contiene caracteres sospechosos: ['’'],De veras corrieron ellos hasta que se cansaron.,Tekkinchi tekka’llini’ma nawa’ saka’terkek walek.,de veras corrieron ellos hasta que se cansaron.,tekkinchi tekka’llini’ma nawa’ saka’terkek walek.
U02547,suspicious_content,"ESP contiene caracteres sospechosos: ['“', '”']; SHIWILU contiene caracteres sospechosos: ['“', '”', '’']",“Aquí está el árbol inclinado. ¡Detengámonos!”,“Ma’atasu’ nala inner’apalli. ¡Wanera!”,aquí está el árbol inclinado. ¡detengámonos!,ma’atasu’ nala inner’apalli. ¡wanera!
U02548,suspicious_content,SHIWILU contiene caracteres sospechosos: ['’'],Se detuvieron y miraron atrás.,Waneranni’ma pi’shekllina’.,se detuvieron y miraron atrás.,waneranni’ma pi’shekllina’.
U02549,suspicious_content,SHIWILU contiene caracteres sospechosos: ['’'],Enorme se levantaba el ardor.,Enpu’nipi’ma ituwetchapalli ulunta’su’.,enorme se levantaba el ardor.,enpu’nipi’ma ituwetchapalli ulunta’su’.
U02550,suspicious_content,SHIWILU contiene caracteres sospechosos: ['’'],"Sobrepasaba las copas de los árboles, muy cerca del cielo ardía.","Nalamulu’lusa’ nakutusu’, kekkilu’tek kawima uluntulli.","sobrepasaba las copas de los árboles, muy cerca del cielo ardía.","nalamulu’lusa’ nakutusu’, kekkilu’tek kawima uluntulli."
U02551,suspicious_content,SHIWILU contiene caracteres sospechosos: ['’'],"Hasta donde se detuvieron los niños, dice, ardió todo.",Nana wilalusa’ wanererkek walek ima uketlli.,"hasta donde se detuvieron los niños, dice, ardió todo.",nana wilalusa’ wanererkek walek ima uketlli.
U02553,suspicious_content,"ESP contiene paréntesis (posible glosa); ESP contiene caracteres sospechosos: ['(', ')']; SHIWILU contiene caracteres sospechosos: ['’']","Cuando los niños llegaron (a Jeberos), le contaron al gobernante:","Nana wilalusa’shima ektu’ntanna’, wa’an wintunta’llina’:","cuando los niños llegaron (a jeberos), le contaron al gobernante:","nana wilalusa’shima ektu’ntanna’, wa’an wintunta’llina’:"
U02554,suspicious_content,"ESP contiene caracteres sospechosos: ['“', '”']; SHIWILU contiene caracteres sospechosos: ['“', '”', '’']","“Jefe, han quemado Pampayacu, todos están pereciendo quemados... los que pescaban” dijeron.","“Wa’an, Panpadek di’setchullina’, iñer uki’tapilallina’.... purwanlusa’” itullima.","jefe, han quemado pampayacu, todos están pereciendo quemados... los que pescaban dijeron.","wa’an, panpadek di’setchullina’, iñer uki’tapilallina’.... purwanlusa’ itullima."
U02556,suspicious_content,"ESP contiene caracteres sospechosos: ['“']; SHIWILU contiene caracteres sospechosos: ['“', '’']","“De verdad está ardiendo todavía, no se puede apagar el fuego.","“Tekkinchi uluntapallinpi’la, innichi’ñi tashu’nsu’.","de verdad está ardiendo todavía, no se puede apagar el fuego.","tekkinchi uluntapallinpi’la, innichi’ñi tashu’nsu’."
U02557,suspicious_content,"ESP contiene caracteres sospechosos: ['”']; SHIWILU contiene caracteres sospechosos: ['’', '”']",Los carbones de los árboles se quemaron bien hasta convertirse en ceniza”.,"Nala pendakilanenlusa’ musu’ ukpendalu’tek walek ima uketlli”,",los carbones de los árboles se quemaron bien hasta convertirse en ceniza.,"nala pendakilanenlusa’ musu’ ukpendalu’tek walek ima uketlli,"
U02558,suspicious_content,"ESP contiene paréntesis (posible glosa); ESP contiene caracteres sospechosos: ['(', ')']",Tres años ardió (Pampayacu).,Kala ekkilala uketlli.,tres años ardió (pampayacu).,kala ekkilala uketlli.
U02559,suspicious_content,SHIWILU contiene caracteres sospechosos: ['’'],Cuentan que así sucedió hace mucho tiempo.,Nu’sui’ma napi’ nakulli.,cuentan que así sucedió hace mucho tiempo.,nu’sui’ma napi’ nakulli.
U02560,suspicious_content,"ESP contiene paréntesis (posible glosa); ESP contiene caracteres sospechosos: ['(', ')']; SHIWILU contiene caracteres sospechosos: ['’']","Entonces (los jeberinos) se arrepintieron, no pescaron más.","Naneklima luna’tullina’, ñi a’pinta’ pur’i’ñina’.","entonces (los jeberinos) se arrepintieron, no pescaron más.","naneklima luna’tullina’, ñi a’pinta’ pur’i’ñina’."
U02562,suspicious_content,SHIWILU contiene caracteres sospechosos: ['’'],mientras bebían su masato....empuñando sus mocahuas.,uklulu’nenna’ uwanna’pu’su’... sinanpachinenna’ pilli’tanna’.,mientras bebían su masato....empuñando sus mocahuas.,uklulu’nenna’ uwanna’pu’su’... sinanpachinenna’ pilli’tanna’.
U02563,suspicious_content,SHIWILU contiene caracteres sospechosos: ['’'],Las viejitas tenían mucha pena y lloraban.,"Amilusa’ wa’inutullina’, willekllina’.",las viejitas tenían mucha pena y lloraban.,"amilusa’ wa’inutullina’, willekllina’."
U02564,suspicious_content,SHIWILU contiene caracteres sospechosos: ['’'],"Las jóvenes también, alzando la vista, mirando al cielo, mirando las estrellas, lloraban.","Wilalunlusa’nta kuten’anna’, kekkilu’tek lli’anna’, tandulalusa’ lli’anna’, willekllina’.","las jóvenes también, alzando la vista, mirando al cielo, mirando las estrellas, lloraban.","wilalunlusa’nta kuten’anna’, kekkilu’tek lli’anna’, tandulalusa’ lli’anna’, willekllina’."
U02565,suspicious_content,SHIWILU contiene caracteres sospechosos: ['’'],De esa manera quizá los antiguos perecieron.,Nu’si’pa’ papinkuku’lusa’ taketllina’.,de esa manera quizá los antiguos perecieron.,nu’si’pa’ papinkuku’lusa’ taketllina’.
U02566,suspicious_content,SHIWILU contiene caracteres sospechosos: ['’'],Por eso los sobrevivientes dijeron:,Nana malek dansu’lusa’ tullina’:,por eso los sobrevivientes dijeron:,nana malek dansu’lusa’ tullina’:
U02567,suspicious_content,"ESP contiene caracteres sospechosos: ['“']; SHIWILU contiene caracteres sospechosos: ['“', '’']",“Nosotros no vamos a equivocarnos más. Nosotros no vamos a pecar más.,“Kenmu’wa’ a’pinta’ tu’aper’interwa’. Kenmu’wa’ a’pinta’ usha’winterwa’.,nosotros no vamos a equivocarnos más. nosotros no vamos a pecar más.,kenmu’wa’ a’pinta’ tu’aper’interwa’. kenmu’wa’ a’pinta’ usha’winterwa’.
U02568,suspicious_content,"ESP contiene caracteres sospechosos: ['”']; SHIWILU contiene caracteres sospechosos: ['’', '”']",No vamos a mezquinar. ¡No sean mezquinos! Por ser miserables les hicieron eso”.,Aperkwi’nterwa’. ¡Aner yaperku’tama’! Aperku’teklusa’ ñerkasu’ malek nana nu’tudekllina’”.,no vamos a mezquinar. ¡no sean mezquinos! por ser miserables les hicieron eso.,aperkwi’nterwa’. ¡aner yaperku’tama’! aperku’teklusa’ ñerkasu’ malek nana nu’tudekllina’.
U02569,suspicious_content,SHIWILU contiene caracteres sospechosos: ['’'],"Hasta ahora escuchamos y vemos gallos que cantan,","Ipa’la walek lauk’apallidek, lli’apallidek wa’dantek pekla’su’,","hasta ahora escuchamos y vemos gallos que cantan,","ipa’la walek lauk’apallidek, lli’apallidek wa’dantek pekla’su’,"
U02570,suspicious_content,"ESP contiene paréntesis (posible glosa); ESP contiene caracteres sospechosos: ['(', ')']; SHIWILU contiene caracteres sospechosos: ['’']","perros que ladran, bebes que lloran, (gente) que chanca barbasco, que cortan leña, que se llaman.","ñiñi’wa pekla’su’, wawaser willek’a’su’, llise’nkasu’, diwek’erkasu’, peklu’terkasu’.","perros que ladran, bebes que lloran, (gente) que chanca barbasco, que cortan leña, que se llaman.","ñiñi’wa pekla’su’, wawaser willek’a’su’, llise’nkasu’, diwek’erkasu’, peklu’terkasu’."
U02572,suspicious_content,SHIWILU contiene caracteres sospechosos: ['’'],A veces nos despiertan para que escuchemos y nos asustamos6 cuando escuchamos.,"Nerpi’pu’ uchinañinerkudek lauk’a’kudek, imanankankantullidek lauk’amudek.",a veces nos despiertan para que escuchemos y nos asustamos6 cuando escuchamos.,"nerpi’pu’ uchinañinerkudek lauk’a’kudek, imanankankantullidek lauk’amudek."
U02573,suspicious_content,"ESP contiene paréntesis (posible glosa); ESP contiene caracteres sospechosos: ['(', ')']; SHIWILU contiene caracteres sospechosos: ['’']",Todas esas cosas verdad es lo que contaron los viejos que escuchaban cuando iban (a Pampayacu).,Nanadaper tekkinchinen luñina’ taserpilusa’ pantanna’ lauk’erkasu’.,todas esas cosas verdad es lo que contaron los viejos que escuchaban cuando iban (a pampayacu).,nanadaper tekkinchinen luñina’ taserpilusa’ pantanna’ lauk’erkasu’.
U02574,suspicious_content,SHIWILU contiene caracteres sospechosos: ['’'],"También hallaban restos de cerámica, restos de adobe para parar las ollas, al bañarse, al bucear sacaban.","Nu’sik sunka’teklusa’, sunkapilusa’ kananpallina’, ama’nna’pu’su’ dadektanna’ usu’pallina’.","también hallaban restos de cerámica, restos de adobe para parar las ollas, al bañarse, al bucear sacaban.","nu’sik sunka’teklusa’, sunkapilusa’ kananpallina’, ama’nna’pu’su’ dadektanna’ usu’pallina’."
U02575,suspicious_content,SHIWILU contiene caracteres sospechosos: ['’'],Cuando contaban yo también a los abuelos ya finados les he escuchado.,"Ta’ser kuanta’ papinkuku’lusa’ laukdeklek, wilakuñamu,",cuando contaban yo también a los abuelos ya finados les he escuchado.,"ta’ser kuanta’ papinkuku’lusa’ laukdeklek, wilakuñamu,"
U02577,suspicious_content,SHIWILU contiene caracteres sospechosos: ['’'],"De ahí, escuchándoles, nosotros también hasta ahora nos acordamos de eso que hablaban.",Nanekla’nka lawektapamudek kudanta’ ipa’la walek lli’inutapallidek nana lunka’su’.,"de ahí, escuchándoles, nosotros también hasta ahora nos acordamos de eso que hablaban.",nanekla’nka lawektapamudek kudanta’ ipa’la walek lli’inutapallidek nana lunka’su’.
U02578,suspicious_content,SHIWILU contiene caracteres sospechosos: ['’'],Así dicen que Pampayacu se quemó.,Nu’sui’ma asu’ Panpadek uksu’ketchulli.,así dicen que pampayacu se quemó.,nu’sui’ma asu’ panpadek uksu’ketchulli.
U02579,suspicious_content,SHIWILU contiene caracteres sospechosos: ['’'],"Ahora les digo hasta ahí nomás, todo lo de Pampayacu les he contado.","Ipa’la itullenma’ nanek waleksa’, iñer Panpadekkin lunek.","ahora les digo hasta ahí nomás, todo lo de pampayacu les he contado.","ipa’la itullenma’ nanek waleksa’, iñer panpadekkin lunek."
U02580,suspicious_content,SHIWILU contiene caracteres sospechosos: ['’'],"Jeberos, julio 2007","Yuspainek’etchun, senñula’lusa’. Muchas gracias, señoras.","jeberos, julio 2007","yuspainek’etchun, senñula’lusa’. muchas gracias, señoras."
U02581,suspicious_content,SHIWILU contiene caracteres sospechosos: ['’'],Ahora voy a contar de qué manera vivió Arákayu en la ribera del río Pampayacu.,Ipa’la lunchek Arakayu ma’pu’si’pa’ nanpilli Panpadek ukuchik.,ahora voy a contar de qué manera vivió arákayu en la ribera del río pampayacu.,ipa’la lunchek arakayu ma’pu’si’pa’ nanpilli panpadek ukuchik.
U02582,suspicious_content,SHIWILU contiene caracteres sospechosos: ['’'],Los antiguos finados contaron que antes ellos no conocían la ribera del Pampayacu.,Papinkuku’lusa’ tullina’ napi’ ima nawa’ luwer’inpu’wiñina’ Panpadek ukuchin.,los antiguos finados contaron que antes ellos no conocían la ribera del pampayacu.,papinkuku’lusa’ tullina’ napi’ ima nawa’ luwer’inpu’wiñina’ panpadek ukuchin.
U02583,suspicious_content,"ESP contiene paréntesis (posible glosa); ESP contiene caracteres sospechosos: ['(', ')']; SHIWILU contiene caracteres sospechosos: ['’']","Dice que ellos (los shawalas) yendo una vez, abriendo trocha yendo, vieron que estaba humeando.","Nawi’mi’na’ panta’nna’, ala’lusa’, sekllintanni’ma panta’nna’, lli’llini’ma mu’katapasik.","dice que ellos (los shawalas) yendo una vez, abriendo trocha yendo, vieron que estaba humeando.","nawi’mi’na’ panta’nna’, ala’lusa’, sekllintanni’ma panta’nna’, lli’llini’ma mu’katapasik."
U02585,suspicious_content,"ESP contiene caracteres sospechosos: ['“', '”']; SHIWILU contiene caracteres sospechosos: ['“', '”', '’']",“¿Quién será?” dijeron y se sorprendieron.,“¿Den a’ta’ chi?” tanna’ imanankankantullina’.,¿quién será? dijeron y se sorprendieron.,¿den a’ta’ chi? tanna’ imanankankantullina’.
U02586,suspicious_content,"ESP contiene caracteres sospechosos: ['“', '”']; SHIWILU contiene caracteres sospechosos: ['”', '’', '“']",Dijeron “¡Vamos a conocer quién será!”,Tanni’mi’na “¡Enchuku’ luwetchunta’wa’ den’ipa’tek!”,dijeron ¡vamos a conocer quién será!,tanni’mi’na ¡enchuku’ luwetchunta’wa’ den’ipa’tek!
U02587,suspicious_content,"ESP contiene paréntesis (posible glosa); ESP contiene caracteres sospechosos: ['(', ')']; SHIWILU contiene caracteres sospechosos: ['’']",Diciendo (eso) se acercaron y (Arákayu) salió de su casa (a encontrarlos). Al verlos los llamó:,Tanni’ma kawinta’llini’ma yunsu’lli pidekñikla. Lli’dek’an peklu’deklli:,diciendo (eso) se acercaron y (arákayu) salió de su casa (a encontrarlos). al verlos los llamó:,tanni’ma kawinta’llini’ma yunsu’lli pidekñikla. lli’dek’an peklu’deklli:
U02588,suspicious_content,"ESP contiene paréntesis (posible glosa); ESP contiene caracteres sospechosos: ['“', '”', '(', ')']; SHIWILU contiene caracteres sospechosos: ['“', '”', '’']","“¡Vengan pues (caramba me alegra) hermanos mayores, hermanos menores! ¿A dónde van?”","- “¡Uku’ chai alli’shalusa’, yalli’walusa’! ¿Enñupa’ a’cha pa’apilalama’?”","¡vengan pues (caramba me alegra) hermanos mayores, hermanos menores! ¿a dónde van?","- ¡uku’ chai alli’shalusa’, yalli’walusa’! ¿enñupa’ a’cha pa’apilalama’?"
U02589,suspicious_content,"ESP contiene caracteres sospechosos: ['“']; SHIWILU contiene caracteres sospechosos: ['“', '’']","“Nosotros abriendo trocha en el monte estamos cazando,","- “Sekllintamudek asu’ tanak yunek’amudekpu’su’,","nosotros abriendo trocha en el monte estamos cazando,","- sekllintamudek asu’ tanak yunek’amudekpu’su’,"
U02590,suspicious_content,SHIWILU contiene caracteres sospechosos: ['’'],"por este lugar hemos salido sin saber dónde,","asu’lupa’ pekpikellidek, luwer’inpu’la’pi’mudek,","por este lugar hemos salido sin saber dónde,","asu’lupa’ pekpikellidek, luwer’inpu’la’pi’mudek,"
U02591,suspicious_content,"ESP contiene caracteres sospechosos: ['”']; SHIWILU contiene caracteres sospechosos: ['’', '”']",divisando lo que levanta humo tu candela”.,lli’amudek mu’katapa’su’ penpen”.,divisando lo que levanta humo tu candela.,lli’amudek mu’katapa’su’ penpen.
U02593,suspicious_content,"ESP contiene caracteres sospechosos: ['“', '”']; SHIWILU contiene caracteres sospechosos: ['“', '”', '’']",Entonces dijo Arákayu“¿Por qué no llamaron de lejos para oírlos?”,Tulli “Ma’pu’mi’na’ peklu’chi’nama’ weilan lauk’a’killek” tullima Arakayu.,entonces dijo arákayu¿por qué no llamaron de lejos para oírlos?,tulli ma’pu’mi’na’ peklu’chi’nama’ weilan lauk’a’killek tullima arakayu.
U02594,suspicious_content,SHIWILU contiene caracteres sospechosos: ['’'],Después dice que Arákayu se alegró.,Nu’an ima Arakayu sakeklli.,después dice que arákayu se alegró.,nu’an ima arakayu sakeklli.
U02595,suspicious_content,SHIWILU contiene caracteres sospechosos: ['’'],Luego alegrándose los invitó a su patio exterior.,Nu’an ima Arakayu sakek’an peklu’deklli inyulateknen ima.,luego alegrándose los invitó a su patio exterior.,nu’an ima arakayu sakek’an peklu’deklli inyulateknen ima.
U02596,suspicious_content,SHIWILU contiene caracteres sospechosos: ['’'],"Dice que bonito, bien deshierbado y barrido estaba su patio.",U’chimu mushasu’ pilu’pi witekwanpi.,"dice que bonito, bien deshierbado y barrido estaba su patio.",u’chimu mushasu’ pilu’pi witekwanpi.
U02597,suspicious_content,SHIWILU contiene caracteres sospechosos: ['’'],De ahí vieron esa quebrada de Pampayacu.,Lli’llini’ma nana dekshadek asu’ Panpadek.,de ahí vieron esa quebrada de pampayacu.,lli’llini’ma nana dekshadek asu’ panpadek.
U02598,suspicious_content,"ESP contiene caracteres sospechosos: ['“', '”']; SHIWILU contiene caracteres sospechosos: ['“', '”', '’']",“¿Cómo se llama esta quebrada?” preguntaron.,- “¿Ma’dek a’cha asu’?” itullini’mi’na’.,¿cómo se llama esta quebrada? preguntaron.,- ¿ma’dek a’cha asu’? itullini’mi’na’.
U02600,suspicious_content,"ESP contiene caracteres sospechosos: ['“', '”']; SHIWILU contiene caracteres sospechosos: ['“', '”', '’']",“Entonces te queremos visitar. Queremos conocer tu casa”.,- “Nu’pachi yalli’llen. Yaluwerpidektullen”.,entonces te queremos visitar. queremos conocer tu casa.,- nu’pachi yalli’llen. yaluwerpidektullen.
U02603,suspicious_content,SHIWILU contiene caracteres sospechosos: ['’'],No le permitía a nadie entrar a su casa.,Ñima ya’da’dek’i’ñi pidekñik.,no le permitía a nadie entrar a su casa.,ñima ya’da’dek’i’ñi pidekñik.
U02604,suspicious_content,SHIWILU contiene caracteres sospechosos: ['’'],Por eso todos en el patio nomás se quedaron.,Nu’anni’ma iñer inyulatekkeksa’ llia’llina’.,por eso todos en el patio nomás se quedaron.,nu’anni’ma iñer inyulatekkeksa’ llia’llina’.
U02605,suspicious_content,SHIWILU contiene caracteres sospechosos: ['’'],De ahí los shawala le dijeron:,Naneklima Shawalalusa’ler itullina’:,de ahí los shawala le dijeron:,naneklima shawalalusa’ler itullina’:
U02606,suspicious_content,"ESP contiene caracteres sospechosos: ['“', '”']; SHIWILU contiene caracteres sospechosos: ['“', '”', '’']","“¿Tienes pescado, hermano mayor?”","- “¿Samerwanpala’ncha, alli’shá?”","¿tienes pescado, hermano mayor?","- ¿samerwanpala’ncha, alli’shá?"
U02607,suspicious_content,"ESP contiene caracteres sospechosos: ['“', '”']; SHIWILU contiene caracteres sospechosos: ['“', '”', '’']",“Tengo abundante. Vengan a conocer”.,- “A’ñapalek wapu’. Enchu luwetchukerku’”.,tengo abundante. vengan a conocer.,- a’ñapalek wapu’. enchu luwetchukerku’.
U02608,suspicious_content,"ESP contiene paréntesis (posible glosa); ESP contiene caracteres sospechosos: ['(', ')']; SHIWILU contiene caracteres sospechosos: ['’']",Y los llamó (a los peces) y toda clase de peces salieron.,"Peklu’dekllima, intekdudui’su’ samellusa’ yunsu’lli.",y los llamó (a los peces) y toda clase de peces salieron.,"peklu’dekllima, intekdudui’su’ samellusa’ yunsu’lli."
U02609,suspicious_content,SHIWILU contiene caracteres sospechosos: ['’'],Ahí dice se sorprendieron.,Nanek ima imanankankantullina’.,ahí dice se sorprendieron.,nanek ima imanankankantullina’.
U02610,suspicious_content,"ESP contiene paréntesis (posible glosa); ESP contiene caracteres sospechosos: ['“', '(', ')']; SHIWILU contiene caracteres sospechosos: ['“', '’']",“¿Qué clase de (gente) es este hermano que hasta pescados cría?,“¿Ma’pu’a’su’ asu’ yalli’ samerunta’ pektawapallinchi?,¿qué clase de (gente) es este hermano que hasta pescados cría?,¿ma’pu’a’su’ asu’ yalli’ samerunta’ pektawapallinchi?
U02611,suspicious_content,"ESP contiene caracteres sospechosos: ['“', '”']; SHIWILU contiene caracteres sospechosos: ['“', '”', '’']",“Regálanos tus pescaditos. Tenemos hambre”.,- “Panuudek sametchapen. Uki’lallidek”.,regálanos tus pescaditos. tenemos hambre.,- panuudek sametchapen. uki’lallidek.
U02612,suspicious_content,"ESP contiene caracteres sospechosos: ['”']; SHIWILU contiene caracteres sospechosos: ['’', '”']",¿Tienen candela?”,¿Pen a’cha a’ñapalama’?”,¿tienen candela?,¿pen a’cha a’ñapalama’?
U02613,suspicious_content,"ESP contiene caracteres sospechosos: ['“']; SHIWILU contiene caracteres sospechosos: ['“', '’']",“Con mi candela no van a cocinar.,- “Ñi asu’ penweklek akusuchi’nchuma’.,con mi candela no van a cocinar.,- ñi asu’ penweklek akusuchi’nchuma’.
U02614,suspicious_content,SHIWILU contiene caracteres sospechosos: ['’'],Mi candela es diferente.,Penwek i’na nerpi’la.,mi candela es diferente.,penwek i’na nerpi’la.
U02616,suspicious_content,SHIWILU contiene caracteres sospechosos: ['’'],Por eso con mi candela no van a cocinar.,Nana malek asu’ penweklek penwei’nchuma’.,por eso con mi candela no van a cocinar.,nana malek asu’ penweklek penwei’nchuma’.
U02617,suspicious_content,SHIWILU contiene caracteres sospechosos: ['’'],"Hagan candela ustedes, ustedes mismos con su candela.","Penwanku’ kenmama’, kenmami’nchi penpenma’lek.","hagan candela ustedes, ustedes mismos con su candela.","penwanku’ kenmama’, kenmami’nchi penpenma’lek."
U02618,suspicious_content,SHIWILU contiene caracteres sospechosos: ['’'],¿Han traído candela?,¿Pen ipa’ kellama’?,¿han traído candela?,¿pen ipa’ kellama’?
U02620,suspicious_content,SHIWILU contiene caracteres sospechosos: ['’'],"Dicen que ellos, los shawala, se reunieron y comentaron.","Nawi’mi’na, Shawalalusa’, indiuntunna’ luñina’.","dicen que ellos, los shawala, se reunieron y comentaron.","nawi’mi’na, shawalalusa’, indiuntunna’ luñina’."
U02621,suspicious_content,"ESP contiene caracteres sospechosos: ['“']; SHIWILU contiene caracteres sospechosos: ['“', '’']",“¿Por qué este hermano vive solo?,“¿Ma’pu’a’su’ asu’ yalli’ i’na nanashasa’ nanpipalli?,¿por qué este hermano vive solo?,¿ma’pu’a’su’ asu’ yalli’ i’na nanashasa’ nanpipalli?
U02622,suspicious_content,"ESP contiene caracteres sospechosos: ['”']; SHIWILU contiene caracteres sospechosos: ['’', '”']","No tiene nada, no tiene hijos, no tiene perro, no tiene gallinas, no tiene nada”.","Ñi ma’wi’ñi, wilawi’ñi, ñi ñiñi’wi’ñi, wa’dantekwi’ñi, ñi ma’wi’ñi”.","no tiene nada, no tiene hijos, no tiene perro, no tiene gallinas, no tiene nada.","ñi ma’wi’ñi, wilawi’ñi, ñi ñiñi’wi’ñi, wa’dantekwi’ñi, ñi ma’wi’ñi."
U02623,suspicious_content,"ESP contiene caracteres sospechosos: ['“', '”']; SHIWILU contiene caracteres sospechosos: ['“', '”', '’']","“No” dijo un viejo,","“Ma’sha” tullima ala’sa’ taserpi,","no dijo un viejo,","ma’sha tullima ala’sa’ taserpi,"
U02625,suspicious_content,SHIWILU contiene caracteres sospechosos: ['’'],"Él es, éste es criador de peces exclusivamente.",Nani’na asi’na samersa’ pektawa’su’ nuka’a.,"él es, éste es criador de peces exclusivamente.",nani’na asi’na samersa’ pektawa’su’ nuka’a.
U02626,suspicious_content,"ESP contiene caracteres sospechosos: ['”']; SHIWILU contiene caracteres sospechosos: ['’', '”']",Entonces tratémosle bien para que él también nos trate bien” dijo un viejo.,Nu’pachi munu’tawa’ nananta’ munu’ta’kudik” tullima ala’sa’ taserpi.,entonces tratémosle bien para que él también nos trate bien dijo un viejo.,nu’pachi munu’tawa’ nananta’ munu’ta’kudik tullima ala’sa’ taserpi.
U02628,suspicious_content,"ESP contiene caracteres sospechosos: ['“', '”']; SHIWILU contiene caracteres sospechosos: ['“', '”', '’']","“Tus pececitos regálanos, por favor, hermano” le dijeron.","“Sametchapen panula’udek, chai, yallí’” itullima.","tus pececitos regálanos, por favor, hermano le dijeron.","sametchapen panula’udek, chai, yallí’ itullima."
U02629,suspicious_content,"ESP contiene caracteres sospechosos: ['“', '”']; SHIWILU contiene caracteres sospechosos: ['“', '”', '’']",“¿Qué tipo de peces quieren?”,“¿Ma’lusa’ samellusa’cha luwantulama’?”,¿qué tipo de peces quieren?,¿ma’lusa’ samellusa’cha luwantulama’?
U02630,suspicious_content,"ESP contiene paréntesis (posible glosa); ESP contiene caracteres sospechosos: ['(', ')']; SHIWILU contiene caracteres sospechosos: ['’']","Dicen que en esa época ellos, los shiwilu finados, no conocían (todos) los peces.","Napi’pui’mi’na ñi nawa’, asu’ Shiwiluku’lusa’, samerunta’ luwetchi’ñina’.","dicen que en esa época ellos, los shiwilu finados, no conocían (todos) los peces.","napi’pui’mi’na ñi nawa’, asu’ shiwiluku’lusa’, samerunta’ luwetchi’ñina’."
U02631,suspicious_content,SHIWILU contiene caracteres sospechosos: ['’'],"Solamente las mojarras, bujurquis, fasacos, shirui grande, los pucahuicsa, sólo eso conocían.","Pektalusa’sa’, adu, a’lanan, punkapi, asu’ pupunlusa’, nanasi’ma luwetchullina’.","solamente las mojarras, bujurquis, fasacos, shirui grande, los pucahuicsa, sólo eso conocían.","pektalusa’sa’, adu, a’lanan, punkapi, asu’ pupunlusa’, nanasi’ma luwetchullina’."
U02632,suspicious_content,SHIWILU contiene caracteres sospechosos: ['’'],"Pero dice que no conocían el acarahuasú,","Ñimi’na luwetchi’ñina’ iker’adu,","pero dice que no conocían el acarahuasú,","ñimi’na luwetchi’ñina’ iker’adu,"
U02633,suspicious_content,SHIWILU contiene caracteres sospechosos: ['’'],"no conocían el tucunaré,","ñi luwetchi’ñina’ asu’ tukuner,","no conocían el tucunaré,","ñi luwetchi’ñina’ asu’ tukuner,"
U02635,suspicious_content,SHIWILU contiene caracteres sospechosos: ['’'],"no conocían el paiche,","ñi luwetchi’ñina’ asu’ unma’,","no conocían el paiche,","ñi luwetchi’ñina’ asu’ unma’,"
U02638,suspicious_content,"ESP contiene caracteres sospechosos: ['“']; SHIWILU contiene caracteres sospechosos: ['“', '’']","“No corran,","- “¡Anetlla yatek kuatama’,","no corran,","- ¡anetlla yatek kuatama’,"
U02639,suspicious_content,SHIWILU contiene caracteres sospechosos: ['’'],"no tengan miedo,","aner yatek kuatama’,","no tengan miedo,","aner yatek kuatama’,"
U02640,suspicious_content,SHIWILU contiene caracteres sospechosos: ['’'],no lloren!,aner yawellektama’!,no lloren!,aner yawellektama’!
U02641,suspicious_content,"ESP contiene caracteres sospechosos: ['”']; SHIWILU contiene caracteres sospechosos: ['’', '”']",Van a venir los peces”.,Uketchu samellusa’”.,van a venir los peces.,uketchu samellusa’.
U02642,suspicious_content,SHIWILU contiene caracteres sospechosos: ['’'],"Dicen que revolcándose vino el paiche,","Inpikanpiler’an ima unma’ uklli,","dicen que revolcándose vino el paiche,","inpikanpiler’an ima unma’ uklli,"
U02645,suspicious_content,SHIWILU contiene caracteres sospechosos: ['’'],"vino la doncella,","da’wanser uklli,","vino la doncella,","da’wanser uklli,"
U02647,suspicious_content,SHIWILU contiene caracteres sospechosos: ['’'],"vino la corvina,","lapi’samer uklli,","vino la corvina,","lapi’samer uklli,"
U02648,suspicious_content,SHIWILU contiene caracteres sospechosos: ['’'],todo tipo de peces.,dudinpu’ samer.,todo tipo de peces.,dudinpu’ samer.
U02649,suspicious_content,SHIWILU contiene caracteres sospechosos: ['’'],"La matamata, la taricaya, la charapa salieron del agua.","Mapapa’, damer’ita, puka’ yunchinkelli.","la matamata, la taricaya, la charapa salieron del agua.","mapapa’, damer’ita, puka’ yunchinkelli."
U02650,suspicious_content,"ESP contiene caracteres sospechosos: ['“']; SHIWILU contiene caracteres sospechosos: ['“', '’']",“Esto así estoy criando.,“Asu’ u’su kua pektawapalek.,esto así estoy criando.,asu’ u’su kua pektawapalek.
U02651,suspicious_content,"ESP contiene caracteres sospechosos: ['”']; SHIWILU contiene caracteres sospechosos: ['’', '”']",¿Qué más van a necesitar ustedes?”,¿Ma’nen ila’cha luwantekchuma’ kenmama’?”,¿qué más van a necesitar ustedes?,¿ma’nen ila’cha luwantekchuma’ kenmama’?
U02652,suspicious_content,"ESP contiene paréntesis (posible glosa); ESP contiene caracteres sospechosos: ['(', ')']; SHIWILU contiene caracteres sospechosos: ['’']",(Entonces) preguntaron esos hermanos (shawala) que habían ido:,Tullina’ nana yalli’lusa’ pa’lusa’:,(entonces) preguntaron esos hermanos (shawala) que habían ido:,tullina’ nana yalli’lusa’ pa’lusa’:
U02653,suspicious_content,"ESP contiene caracteres sospechosos: ['“', '”']; SHIWILU contiene caracteres sospechosos: ['“', '’']",“¿Estos qué peces son?”,- “¿Asu’ ma’nen samer a’cha? itullina’.,¿estos qué peces son?,- ¿asu’ ma’nen samer a’cha? itullina’.
U02655,suspicious_content,"ESP contiene paréntesis (posible glosa); ESP contiene caracteres sospechosos: ['(', ')']; SHIWILU contiene caracteres sospechosos: ['’']","Escogieron (el pescado) y lo ahumaron, regresaron al pueblo y contaron (lo que había sucedido).","Wadunni’ma chintanna’, adenchanna’ ñinanluk luncha’llina’.","escogieron (el pescado) y lo ahumaron, regresaron al pueblo y contaron (lo que había sucedido).","wadunni’ma chintanna’, adenchanna’ ñinanluk luncha’llina’."
U02656,suspicious_content,SHIWILU contiene caracteres sospechosos: ['’'],Se corrió la voz sobre Arákayu.,Lawinñini’ma Arakayu.,se corrió la voz sobre arákayu.,lawinñini’ma arakayu.
U02657,suspicious_content,"ESP contiene paréntesis (posible glosa); ESP contiene caracteres sospechosos: ['“', '(', ')']; SHIWILU contiene caracteres sospechosos: ['’', '“']",En ese tiempo (comentaron) “Dicen que existe un tal Arákayu y tiene peces.,"Napi’pu’ “Arakayu ima nanpipalli, samerwanpalli.",en ese tiempo (comentaron) dicen que existe un tal arákayu y tiene peces.,"napi’pu’ arakayu ima nanpipalli, samerwanpalli."
U02658,suspicious_content,"ESP contiene caracteres sospechosos: ['”']; SHIWILU contiene caracteres sospechosos: ['’', '”']",¡Vayamos!” y salieron en grupos desde el pueblo.,¡Enchuku’ pa’awa’!” nupullini’ma ñinanluklan.,¡vayamos! y salieron en grupos desde el pueblo.,¡enchuku’ pa’awa’! nupullini’ma ñinanluklan.
U02660,suspicious_content,"ESP contiene caracteres sospechosos: ['“']; SHIWILU contiene caracteres sospechosos: ['“', '’']",“En verdad muy buen hombre es este Arákayu.,“Tekkinchi enpu’ni mukankeinpi’ma nana Arakayu.,en verdad muy buen hombre es este arákayu.,tekkinchi enpu’ni mukankeinpi’ma nana arakayu.
U02661,suspicious_content,"ESP contiene paréntesis (posible glosa); ESP contiene caracteres sospechosos: ['(', ')']",Está regalando (pescado).,Panutapalli.,está regalando (pescado).,panutapalli.
U02662,suspicious_content,SHIWILU contiene caracteres sospechosos: ['’'],Pero dicen que no permite que nadie entre a su casa.,Ñimi’na pidekñik ñiden ya’da’i’ñi.,pero dicen que no permite que nadie entre a su casa.,ñimi’na pidekñik ñiden ya’da’i’ñi.
U02663,suspicious_content,"ESP contiene caracteres sospechosos: ['”']; SHIWILU contiene caracteres sospechosos: ['’', '”']","Afuera dormía la gente, en el patio exterior”.","Adipi wichi’llina’, inyulatekkek”.","afuera dormía la gente, en el patio exterior.","adipi wichi’llina’, inyulatekkek."
U02664,suspicious_content,SHIWILU contiene caracteres sospechosos: ['’'],"Así dice cuando estaba transcurriendo, una vez el gobernante le hizo llamar.","Nu’sui’ma pa’apan, ala’lu’sa’ wa’anler a’peklu’tulli.","así dice cuando estaba transcurriendo, una vez el gobernante le hizo llamar.","nu’sui’ma pa’apan, ala’lu’sa’ wa’anler a’peklu’tulli."
U02665,suspicious_content,SHIWILU contiene caracteres sospechosos: ['’'],Le fueron a decir los policías:,Wintunta’llima wala’wanlusa’ler:,le fueron a decir los policías:,wintunta’llima wala’wanlusa’ler:
U02666,suspicious_content,"ESP contiene caracteres sospechosos: ['“', '”']; SHIWILU contiene caracteres sospechosos: ['“', '”', '’']","“Arákayu, el gobernante ha dicho que te vayas a pandillar para el carnaval”.","- “Arakayú, wa’an tulli chu’kenpa’tunter ima asu’ mitanpi’”.","arákayu, el gobernante ha dicho que te vayas a pandillar para el carnaval.","- arakayú, wa’an tulli chu’kenpa’tunter ima asu’ mitanpi’."
U02667,suspicious_content,"ESP contiene paréntesis (posible glosa); ESP contiene caracteres sospechosos: ['“', '”', '(', ')']; SHIWILU contiene caracteres sospechosos: ['“', '”', '’']","“Entonces voy a ir” respondió (Arákayu), “el día central del carnaval”.","- “Nu’pachi pantetchek” tan ima, “mitan uklliñik’inchima”.","entonces voy a ir respondió (arákayu), el día central del carnaval.","- nu’pachi pantetchek tan ima, mitan uklliñik’inchima."
U02669,suspicious_content,"ESP contiene caracteres sospechosos: ['“']; SHIWILU contiene caracteres sospechosos: ['“', '’']",Arákayu dijo “A estas golondrinas yo las estoy criando.,Arakayu ima tulli “Asu’ sellawa i’na kualer pektawapalek.,arákayu dijo a estas golondrinas yo las estoy criando.,arakayu ima tulli asu’ sellawa i’na kualer pektawapalek.
U02670,suspicious_content,SHIWILU contiene caracteres sospechosos: ['’'],A las golondrinas yo las envío.,Sellawa kualer a’uk’apencha’deklek.,a las golondrinas yo las envío.,sellawa kualer a’uk’apencha’deklek.
U02671,suspicious_content,"ESP contiene caracteres sospechosos: ['”']; SHIWILU contiene caracteres sospechosos: ['’', '”']",Ellas se van a contarme de qué manera celebraron el carnaval” dijo Arákayu.,Nawi’na wintapanta’llinerku ma’pu’si’pa mitan nakulama’” tullima Arakayu.,ellas se van a contarme de qué manera celebraron el carnaval dijo arákayu.,nawi’na wintapanta’llinerku ma’pu’si’pa mitan nakulama’ tullima arakayu.
U02672,suspicious_content,SHIWILU contiene caracteres sospechosos: ['’'],A Arákayu le habló el gobernante.,Arakayu ima luntulli wa’anler.,a arákayu le habló el gobernante.,arakayu ima luntulli wa’anler.
U02673,suspicious_content,SHIWILU contiene caracteres sospechosos: ['’'],Quisieron hacerle tomar chicha punta pero Arákayu no quiso tomar.,"Ya’ullini’ma uklulu’, Arakayu iyui’ñi.",quisieron hacerle tomar chicha punta pero arákayu no quiso tomar.,"ya’ullini’ma uklulu’, arakayu iyui’ñi."
U02674,suspicious_content,SHIWILU contiene caracteres sospechosos: ['’'],Quisieron hacerle comer pero Arákayu no quiso.,Yaaurañini’ma Arakayu luwanchiñi.,quisieron hacerle comer pero arákayu no quiso.,yaaurañini’ma arakayu luwanchiñi.
U02675,suspicious_content,SHIWILU contiene caracteres sospechosos: ['’'],Sólo con su mujer pandillaba.,Sadinleksi’ma chu’kenñi.,sólo con su mujer pandillaba.,sadinleksi’ma chu’kenñi.
U02678,suspicious_content,SHIWILU contiene caracteres sospechosos: ['’'],Y después de pandillar regresó Arákayu.,Nu’an ima chu’kenpa’tan adanta’lli Arakayu.,y después de pandillar regresó arákayu.,nu’an ima chu’kenpa’tan adanta’lli arakayu.
U02679,suspicious_content,"ESP contiene caracteres sospechosos: ['“']; SHIWILU contiene caracteres sospechosos: ['’', '“']",Otros dijeron “Este Arákayu cuida los peces.,Ali’ladaper tullini’ma “Asu’ Arakayu samer luwektapalli.,otros dijeron este arákayu cuida los peces.,ali’ladaper tullini’ma asu’ arakayu samer luwektapalli.
U02680,suspicious_content,SHIWILU contiene caracteres sospechosos: ['’'],Será mejor que nos apropiemos de estos peces.,A’pimuchun kenmu’wa’ki ñii asu’ samer.,será mejor que nos apropiemos de estos peces.,a’pimuchun kenmu’wa’ki ñii asu’ samer.
U02681,suspicious_content,SHIWILU contiene caracteres sospechosos: ['’'],"Quemémosle la casa a este Arákayu,","Di’serpidektawa’ asu’ Arakayu,","quemémosle la casa a este arákayu,","di’serpidektawa’ asu’ arakayu,"
U02682,suspicious_content,"ESP contiene caracteres sospechosos: ['”']; SHIWILU contiene caracteres sospechosos: ['’', '”']","para que salgan para nosotros nomás, para que sean para nosotros nomás estos peces”,","nanapa yunsu’i kenmu’wa’kinsa’ ñii asu’ samer”,","para que salgan para nosotros nomás, para que sean para nosotros nomás estos peces,","nanapa yunsu’i kenmu’wa’kinsa’ ñii asu’ samer,"
U02683,suspicious_content,SHIWILU contiene caracteres sospechosos: ['’'],dijeron y le quemaron su tambo y su casa.,"tanni’ma di’ser’itullina’ tanpu’nen, pideknen.",dijeron y le quemaron su tambo y su casa.,"tanni’ma di’ser’itullina’ tanpu’nen, pideknen."
U02684,suspicious_content,"ESP contiene paréntesis (posible glosa); ESP contiene caracteres sospechosos: ['(', ')']; SHIWILU contiene caracteres sospechosos: ['’']",Mientras (Arákayu) estaba pandillando el día central de carnaval las golondrinas estaban también danzando.,Nana chu’kenpa’tapasik mitan ukllik’inchi sellawalusa’ chu’kenapallina’.,mientras (arákayu) estaba pandillando el día central de carnaval las golondrinas estaban también danzando.,nana chu’kenpa’tapasik mitan ukllik’inchi sellawalusa’ chu’kenapallina’.
U02685,suspicious_content,SHIWILU contiene caracteres sospechosos: ['’'],Arriba en el cielo dice estaban dando vueltas.,Musenkek kekkilu’tek ima kunekchapallina’.,arriba en el cielo dice estaban dando vueltas.,musenkek kekkilu’tek ima kunekchapallina’.
U02686,suspicious_content,SHIWILU contiene caracteres sospechosos: ['’'],Mientras pasaba eso dice quemaron la casa.,Nana nu’apasik ima di’serpidektullina’.,mientras pasaba eso dice quemaron la casa.,nana nu’apasik ima di’serpidektullina’.
U02687,suspicious_content,SHIWILU contiene caracteres sospechosos: ['’'],"Entonces Arákayu regresó,","Arakayu ima adanta’n,","entonces arákayu regresó,","arakayu ima adanta’n,"
U02688,suspicious_content,SHIWILU contiene caracteres sospechosos: ['’'],"cuando pasó el carnaval regresó,","mitan nakusik ima adanta’n,","cuando pasó el carnaval regresó,","mitan nakusik ima adanta’n,"
U02689,suspicious_content,SHIWILU contiene caracteres sospechosos: ['’'],and he saw that his house had been completely burned.,"Arakayu lli’unta’llima enpu’ni wa’inuipa’ nana pideknen uksuketchulli,",and he saw that his house had been completely burned.,"arakayu lli’unta’llima enpu’ni wa’inuipa’ nana pideknen uksuketchulli,"
U02690,suspicious_content,SHIWILU contiene caracteres sospechosos: ['’'],todas sus cosas se habían quemado.,dudinpu’nen uketlli.,todas sus cosas se habían quemado.,dudinpu’nen uketlli.
U02691,suspicious_content,SHIWILU contiene caracteres sospechosos: ['’'],Por eso dice Arákayu se enojó mucho.,Nu’an ima ipa’linchi Arakayu yulli.,por eso dice arákayu se enojó mucho.,nu’an ima ipa’linchi arakayu yulli.
U02694,suspicious_content,SHIWILU contiene caracteres sospechosos: ['’'],"Se rabió, lloró, tuvo mucha pena Arákayu.","Yulli, willeklli, wa’inutulli Arakayu.","se rabió, lloró, tuvo mucha pena arákayu.","yulli, willeklli, wa’inutulli arakayu."
U02695,suspicious_content,SHIWILU contiene caracteres sospechosos: ['’'],Después poniéndose de pie dijo:,Nu’an ima waneran tulli:,después poniéndose de pie dijo:,nu’an ima waneran tulli:
U02696,suspicious_content,"ESP contiene caracteres sospechosos: ['“']; SHIWILU contiene caracteres sospechosos: ['“', '’']","“Ahora sí ustedes sufrirán hambre,","“Ipa’laka kenmama’ uki’la nakuchuma’,","ahora sí ustedes sufrirán hambre,","ipa’laka kenmama’ uki’la nakuchuma’,"
U02697,suspicious_content,SHIWILU contiene caracteres sospechosos: ['’'],de hambre nomás pasarán sus vidas.,uki’lasa’ nanpichuma’.,de hambre nomás pasarán sus vidas.,uki’lasa’ nanpichuma’.
U02698,suspicious_content,"ESP contiene paréntesis (posible glosa); ESP contiene caracteres sospechosos: ['”', '(', ')']; SHIWILU contiene caracteres sospechosos: ['’', '”']",Todos (los animales) que crío me los llevaré al Ucayali”,Iñer pektawawek ekpantetchek Ukayerlupa’”,todos (los animales) que crío me los llevaré al ucayali,iñer pektawawek ekpantetchek ukayerlupa’
U02699,suspicious_content,SHIWILU contiene caracteres sospechosos: ['’'],diciendo esto Arákayu se fue río abajo.,tan ima Arakayu nu’wanta’lli.,diciendo esto arákayu se fue río abajo.,tan ima arakayu nu’wanta’lli.
U02701,suspicious_content,SHIWILU contiene caracteres sospechosos: ['’'],De pie cayeron al agua.,Wanersu’ anu’dektullina’.,de pie cayeron al agua.,wanersu’ anu’dektullina’.
U02702,suspicious_content,SHIWILU contiene caracteres sospechosos: ['’'],Conforme iba riéndose se iba sumergiendo.,Yamer’apila’su’pi’la dankumer’apilalli.,conforme iba riéndose se iba sumergiendo.,yamer’apila’su’pi’la dankumer’apilalli.
U02703,suspicious_content,SHIWILU contiene caracteres sospechosos: ['’'],Cuando se silenció desapareció.,Tuna’sik wetlli.,cuando se silenció desapareció.,tuna’sik wetlli.
U02704,suspicious_content,SHIWILU contiene caracteres sospechosos: ['’'],Sólo los bufeos salieron.,Sapana’lusa’sa’ pekpillina’.,sólo los bufeos salieron.,sapana’lusa’sa’ pekpillina’.
U02705,suspicious_content,SHIWILU contiene caracteres sospechosos: ['’'],Eso hizo Arákayu y se fue río abajo.,Nana nu’tan Arakayu nu’wanta’lli.,eso hizo arákayu y se fue río abajo.,nana nu’tan arakayu nu’wanta’lli.
U02706,suspicious_content,SHIWILU contiene caracteres sospechosos: ['’'],"Dice que cuando iba río abajo los peces lo siguieron,","Nu’wanta’sik ima sameller tupitunta’lli,","dice que cuando iba río abajo los peces lo siguieron,","nu’wanta’sik ima sameller tupitunta’lli,"
U02707,suspicious_content,SHIWILU contiene caracteres sospechosos: ['’'],todos los peces se llevó.,iñer samer ekpanta’lli.,todos los peces se llevó.,iñer samer ekpanta’lli.
U02708,suspicious_content,SHIWILU contiene caracteres sospechosos: ['’'],"Los que no quisieron ir río abajo, unos cuantos se quedaron.","Nana yapanti’npu’lusa’, enpu’dunshipa’ llia’llina’.","los que no quisieron ir río abajo, unos cuantos se quedaron.","nana yapanti’npu’lusa’, enpu’dunshipa’ llia’llina’."
U02709,suspicious_content,SHIWILU contiene caracteres sospechosos: ['’'],De esta manera los peces nos dejaron.,Nu’siklima’ka asu’ samer chiketllapillenmu’wa’.,de esta manera los peces nos dejaron.,nu’siklima’ka asu’ samer chiketllapillenmu’wa’.
U02710,suspicious_content,SHIWILU contiene caracteres sospechosos: ['’'],"También los lagos se secaron,","Sennanlusa’nta’ enñi,","también los lagos se secaron,","sennanlusa’nta’ enñi,"
U02712,suspicious_content,"ESP contiene caracteres sospechosos: ['“', '”']; SHIWILU contiene caracteres sospechosos: ['’']","el “Rayo Caño” se secó,","Ukilasu’tundek enñi,","el rayo caño se secó,","ukilasu’tundek enñi,"
U02714,suspicious_content,"ESP contiene caracteres sospechosos: ['“', '”']; SHIWILU contiene caracteres sospechosos: ['’']",el “Puerto de Lluvia” se secó.,U’lan Untunan enñi.,el puerto de lluvia se secó.,u’lan untunan enñi.
U02715,suspicious_content,SHIWILU contiene caracteres sospechosos: ['’'],Arakayú icaró y se fue dejándolos.,Arakayuler pekkun pa’lapinta’lli.,arakayú icaró y se fue dejándolos.,arakayuler pekkun pa’lapinta’lli.
U02716,suspicious_content,"ESP contiene paréntesis (posible glosa); ESP contiene caracteres sospechosos: ['(', ')']",Arákayu shinguró7 (los lagos).,Arakayuler pilleklli.,arákayu shinguró7 (los lagos).,arakayuler pilleklli.
U02718,suspicious_content,SHIWILU contiene caracteres sospechosos: ['’'],"Por eso dice los peces salieron,","Nu’an imaka samellusa’ yu’nketllina’,","por eso dice los peces salieron,","nu’an imaka samellusa’ yu’nketllina’,"
U02719,suspicious_content,"ESP contiene caracteres sospechosos: ['“', '”']; SHIWILU contiene caracteres sospechosos: ['”', '’', '“']",dijeron “Salgamos todos”.,tullina’ “¡Yu’nker’awa’!”,dijeron salgamos todos.,tullina’ ¡yu’nker’awa’!
U02720,suspicious_content,SHIWILU contiene caracteres sospechosos: ['’'],"Dicen que una joven que mestruaba por primera vez se había ido ahí, cuando Arákayu estaba enojado.","Nanek ima leklun panta’lli, Arakayu ima yupasik.","dicen que una joven que mestruaba por primera vez se había ido ahí, cuando arákayu estaba enojado.","nanek ima leklun panta’lli, arakayu ima yupasik."
U02721,suspicious_content,"ESP contiene paréntesis (posible glosa); ESP contiene caracteres sospechosos: ['(', ')']; SHIWILU contiene caracteres sospechosos: ['’']","Enojándose (Arákayu) se fue dejándolos, tras icarar se fue y los dejó.","Yun pa’lapinta’lli, pekkun pa’lapinta’lli.","enojándose (arákayu) se fue dejándolos, tras icarar se fue y los dejó.","yun pa’lapinta’lli, pekkun pa’lapinta’lli."
U02722,suspicious_content,"ESP contiene caracteres sospechosos: ['“', '”']; SHIWILU contiene caracteres sospechosos: ['’']","Cuando Arákayu icaró al lago “Junto al Pelejo” la joven de primera menstruación se acabó,","Kuntetchek Arakayuler pekkusik nana leklun ta’wantulli,","cuando arákayu icaró al lago junto al pelejo la joven de primera menstruación se acabó,","kuntetchek arakayuler pekkusik nana leklun ta’wantulli,"
U02723,suspicious_content,"ESP contiene paréntesis (posible glosa); ESP contiene caracteres sospechosos: ['(', ')']","ahí desapareció (en el agua),","nanek wetlli,","ahí desapareció (en el agua),","nanek wetlli,"
U02724,suspicious_content,SHIWILU contiene caracteres sospechosos: ['’'],se hundió mientras Arákayu la estaba mirando.,dankumelli Arakayuler lli’apasik.,se hundió mientras arákayu la estaba mirando.,dankumelli arakayuler lli’apasik.
U02725,suspicious_content,"ESP contiene caracteres sospechosos: ['“', '”']; SHIWILU contiene caracteres sospechosos: ['”', '’', '“']",Ahora le llamamos a ese lugar “La Poza de la Niña”.,Ipa’la peklu’lek “Leklun Pitun”.,ahora le llamamos a ese lugar la poza de la niña.,ipa’la peklu’lek leklun pitun.
U02726,suspicious_content,"ESP contiene paréntesis (posible glosa); ESP contiene caracteres sospechosos: ['(', ')']; SHIWILU contiene caracteres sospechosos: ['’']","Ocurrido esto, (Arákayu) salió del lugar y se fue.",Nu’an ipa’ yunsu’n panta’lli. 7 Hizo daño.,"ocurrido esto, (arákayu) salió del lugar y se fue.",nu’an ipa’ yunsu’n panta’lli. 7 hizo daño.
U02727,suspicious_content,SHIWILU contiene caracteres sospechosos: ['’'],Entonces dice que ahí llamó al Hombre Candela.,Nanek ima ipa’linchi Tanpen peklu’lli.,entonces dice que ahí llamó al hombre candela.,nanek ima ipa’linchi tanpen peklu’lli.
U02728,suspicious_content,SHIWILU contiene caracteres sospechosos: ['’'],Arakáyu llamó al Hombre Candela y le dijo,Arakayuler Tanpen peklu’n itulli,arakáyu llamó al hombre candela y le dijo,arakayuler tanpen peklu’n itulli
U02730,suspicious_content,SHIWILU contiene caracteres sospechosos: ['’'],"Quémalos a los malos,","Di’setchudekker muinpu’lusa’,","quémalos a los malos,","di’setchudekker muinpu’lusa’,"
U02732,suspicious_content,SHIWILU contiene caracteres sospechosos: ['’'],sólo los de buen corazón sobrevivirán.,mukankanlusa’sa’ dansu’chuna’.,sólo los de buen corazón sobrevivirán.,mukankanlusa’sa’ dansu’chuna’.
U02734,suspicious_content,"ESP contiene caracteres sospechosos: ['”']; SHIWILU contiene caracteres sospechosos: ['’', '”']",Sólo el pueblo de ellos se reproducirá” le dijo al Hombre Candela.,Nawa’ ñinanlu’nenna’ a’llupitununtekchuna’” itullima Tanpen muda’.,sólo el pueblo de ellos se reproducirá le dijo al hombre candela.,nawa’ ñinanlu’nenna’ a’llupitununtekchuna’ itullima tanpen muda’.
U02735,suspicious_content,SHIWILU contiene caracteres sospechosos: ['’'],"Dicen que el Hombre Candela era alto,","Tanpen mudei’ma shipen,","dicen que el hombre candela era alto,","tanpen mudei’ma shipen,"
U02736,suspicious_content,SHIWILU contiene caracteres sospechosos: ['’'],"de cuello colorado, de cara colorada.","piper’unkellu’, pipelladasu’.","de cuello colorado, de cara colorada.","piper’unkellu’, pipelladasu’."
U02737,suspicious_content,"ESP contiene paréntesis (posible glosa); ESP contiene caracteres sospechosos: ['(', ')']; SHIWILU contiene caracteres sospechosos: ['’']","En eso que estaba enojado (Arákayu), dice que el pueblo se reunió.",Nu’an yupasik ima ipa’ ipa’linchi ñinanlu’ indiuntunñina’.,"en eso que estaba enojado (arákayu), dice que el pueblo se reunió.",nu’an yupasik ima ipa’ ipa’linchi ñinanlu’ indiuntunñina’.
U02738,suspicious_content,SHIWILU contiene caracteres sospechosos: ['’'],"Entonces el pueblo en asamblea dijo,","Ipa’linchi ñinanlu’ indiuntun tulli,","entonces el pueblo en asamblea dijo,","ipa’linchi ñinanlu’ indiuntun tulli,"
U02739,suspicious_content,SHIWILU contiene caracteres sospechosos: ['’'],"al gobernante le dijeron,","wa’an wintullina’,","al gobernante le dijeron,","wa’an wintullina’,"
U02740,suspicious_content,"ESP contiene caracteres sospechosos: ['“', '”']; SHIWILU contiene caracteres sospechosos: ['“', '”', '’']","“¡Gobernante, vamos a hacer pesca con barbasco!”","- “¡Wa’an, enchuku’ pur’awa’!”","¡gobernante, vamos a hacer pesca con barbasco!","- ¡wa’an, enchuku’ pur’awa’!"
U02741,suspicious_content,"ESP contiene caracteres sospechosos: ['“', '”']; SHIWILU contiene caracteres sospechosos: ['“', '”', '’']","“¡Así hagan entonces ustedes, vayan a hacer la pesca!”","- “¡Nu’ku’ nu’pachi kenmama’, pur’unta’ku’!”","¡así hagan entonces ustedes, vayan a hacer la pesca!","- ¡nu’ku’ nu’pachi kenmama’, pur’unta’ku’!"
U02743,suspicious_content,"ESP contiene paréntesis (posible glosa); ESP contiene caracteres sospechosos: ['(', ')']; SHIWILU contiene caracteres sospechosos: ['’']",Entonces dicen que Arákayu icaró (con su saber) desde allí a los riachuelos que tenían peces.,Ipa’linchi Arakayu ima pekkutulli naneklanek dekshadeklusa’ samerwa’nsu’.,entonces dicen que arákayu icaró (con su saber) desde allí a los riachuelos que tenían peces.,ipa’linchi arakayu ima pekkutulli naneklanek dekshadeklusa’ samerwa’nsu’.
U02744,suspicious_content,"ESP contiene paréntesis (posible glosa); ESP contiene caracteres sospechosos: ['(', ')']; SHIWILU contiene caracteres sospechosos: ['’']","Todos (los peces) salieron,","Iñerdaper yu’nkellapilli,","todos (los peces) salieron,","iñerdaper yu’nkellapilli,"
U02746,suspicious_content,SHIWILU contiene caracteres sospechosos: ['’'],se secaron las cochas.,enpinantekllina’ sennanlusa’.,se secaron las cochas.,enpinantekllina’ sennanlusa’.
U02747,suspicious_content,SHIWILU contiene caracteres sospechosos: ['’'],"El paiche salió,","Unma’ yunsu’lli,","el paiche salió,","unma’ yunsu’lli,"
U02748,suspicious_content,SHIWILU contiene caracteres sospechosos: ['’'],"la charapa salió,","puka’ yunsu’lli,","la charapa salió,","puka’ yunsu’lli,"
U02749,suspicious_content,SHIWILU contiene caracteres sospechosos: ['’'],"la taricaya salió,","damer’ita yunsu’lli,","la taricaya salió,","damer’ita yunsu’lli,"
U02750,suspicious_content,SHIWILU contiene caracteres sospechosos: ['’'],la mata-mata salió....,mapapa’ yunsu’lli.....,la mata-mata salió....,mapapa’ yunsu’lli.....
U02752,suspicious_content,SHIWILU contiene caracteres sospechosos: ['’'],"Vengándose, el monte, se sumió más el monte.","Pillek’an, tanan, dankumelli a’pinta’ tanan.","vengándose, el monte, se sumió más el monte.","pillek’an, tanan, dankumelli a’pinta’ tanan."
U02753,suspicious_content,SHIWILU contiene caracteres sospechosos: ['’'],"Todas las temporadas de lluvias inunda,","Iñer u’lan’ukllik wisunanpalli,","todas las temporadas de lluvias inunda,","iñer u’lan’ukllik wisunanpalli,"
U02754,suspicious_content,SHIWILU contiene caracteres sospechosos: ['’'],inunda bastante y se forman tahuampales.,wisunanpalli enpu’nipa’ tanpennan ñapalli.,inunda bastante y se forman tahuampales.,wisunanpalli enpu’nipa’ tanpennan ñapalli.
U02755,suspicious_content,SHIWILU contiene caracteres sospechosos: ['’'],Esas cochas se secaron.,Nana sennanlusa’ enñi.,esas cochas se secaron.,nana sennanlusa’ enñi.
U02756,suspicious_content,SHIWILU contiene caracteres sospechosos: ['’'],"En esos lagos, dice, todavía viven sus dueños, adentro.","Sennanlusek ima nanpipallinpi’la wa’anen, kinekla.","en esos lagos, dice, todavía viven sus dueños, adentro.","sennanlusek ima nanpipallinpi’la wa’anen, kinekla."
U02757,suspicious_content,SHIWILU contiene caracteres sospechosos: ['’'],"Las boas todavía están ahí,","Kupiwanlusa’ ñapallinpi’la,","las boas todavía están ahí,","kupiwanlusa’ ñapallinpi’la,"
U02759,suspicious_content,SHIWILU contiene caracteres sospechosos: ['’'],Ellos también escondidos están.,Nawa’nta’ insekkitula’su’ ñapalli.,ellos también escondidos están.,nawa’nta’ insekkitula’su’ ñapalli.
U02761,suspicious_content,"ESP contiene caracteres sospechosos: ['“']; SHIWILU contiene caracteres sospechosos: ['“', '’']",“No se dejen ver donde están estos malos.,“Anetlla ya’lli’tapatama’ asu’ mukankinpu’lusek.,no se dejen ver donde están estos malos.,anetlla ya’lli’tapatama’ asu’ mukankinpu’lusek.
U02762,suspicious_content,SHIWILU contiene caracteres sospechosos: ['’'],"Estos malos, cuando no tengan más que comer, hasta lagarto comerán.","Asu’ mukankinpu’lusa’, ñi a’pinta’ ma’winpu’pachina’, tada ilakapi ka’achuna’.","estos malos, cuando no tengan más que comer, hasta lagarto comerán.","asu’ mukankinpu’lusa’, ñi a’pinta’ ma’winpu’pachina’, tada ilakapi ka’achuna’."
U02763,suspicious_content,"ESP contiene caracteres sospechosos: ['”']; SHIWILU contiene caracteres sospechosos: ['’', '”']","Cuando no tengan nada, boa alguna vez van a comer”","Ma’winpu’pachina’, kupiwan enpulu ka’achuna’”","cuando no tengan nada, boa alguna vez van a comer","ma’winpu’pachina’, kupiwan enpulu ka’achuna’"
U02764,suspicious_content,SHIWILU contiene caracteres sospechosos: ['’'],eso exclamó y nos maldijo este Arákayu.,tan ima pillekllenmu’wa’ asu’ Arakayu.,eso exclamó y nos maldijo este arákayu.,tan ima pillekllenmu’wa’ asu’ arakayu.
U02765,suspicious_content,"ESP contiene paréntesis (posible glosa); ESP contiene caracteres sospechosos: ['“', '(', ')']; SHIWILU contiene caracteres sospechosos: ['“', '’']","“Si Arakayu no hubiera salido (de Pampayacu),","“Arakayu yunsui’npu’a’su’ ñilli,","si arakayu no hubiera salido (de pampayacu),","arakayu yunsui’npu’a’su’ ñilli,"
U02766,suspicious_content,SHIWILU contiene caracteres sospechosos: ['’'],"nosotros tendríamos muchísimo pescado,","enpu’nipa’ kenmu’wa’ samerwanpanansu’wa’,","nosotros tendríamos muchísimo pescado,","enpu’nipa’ kenmu’wa’ samerwanpanansu’wa’,"
U02767,suspicious_content,SHIWILU contiene caracteres sospechosos: ['’'],la ribera se mantendría muy bonita.,ukuchin enpu’ni mushipa’ ñapa’su’.,la ribera se mantendría muy bonita.,ukuchin enpu’ni mushipa’ ñapa’su’.
U02768,suspicious_content,"ESP contiene caracteres sospechosos: ['”']; SHIWILU contiene caracteres sospechosos: ['’', '”']",En cambio ahora crece la maleza”,Ipa’li’na tanantapilalli”,en cambio ahora crece la maleza,ipa’li’na tanantapilalli
U02769,suspicious_content,SHIWILU contiene caracteres sospechosos: ['’'],"dijeron los antiguos sentados,","tullina’ napi’ku’lusa’ du’anna’,","dijeron los antiguos sentados,","tullina’ napi’ku’lusa’ du’anna’,"
U02770,suspicious_content,SHIWILU contiene caracteres sospechosos: ['’'],yendo a sentarse afuera y sintieron pena.,adipi du’kunna’ wa’inutullina’.,yendo a sentarse afuera y sintieron pena.,adipi du’kunna’ wa’inutullina’.
U02771,suspicious_content,"ESP contiene caracteres sospechosos: ['“', '”']; SHIWILU contiene caracteres sospechosos: ['“', '”', '’']",Todos dijeron “¿Por qué nos hicieron eso?”,Iñerdaper “¿Ma’ki’nta’ nu’tullinerkenmu’wa’ ten?”,todos dijeron ¿por qué nos hicieron eso?,iñerdaper ¿ma’ki’nta’ nu’tullinerkenmu’wa’ ten?
U02772,suspicious_content,SHIWILU contiene caracteres sospechosos: ['’'],dijeron las muchachas.,tullina’ sha’walusa’.,dijeron las muchachas.,tullina’ sha’walusa’.
U02773,suspicious_content,"ESP contiene caracteres sospechosos: ['“', '”']; SHIWILU contiene caracteres sospechosos: ['“', '”', '’']",“¿Por qué nos hicieron esto?”,“¿Ma’kin nu’tullinerkenmu’wa’ chi”,¿por qué nos hicieron esto?,¿ma’kin nu’tullinerkenmu’wa’ chi
U02775,suspicious_content,SHIWILU contiene caracteres sospechosos: ['’'],"Diciendo así a veces, con sus comadres agarrándose de las manos,","Tanna’ nerpi’pu’, kumarinenna’lek inpilli’iteklatanna’,","diciendo así a veces, con sus comadres agarrándose de las manos,","tanna’ nerpi’pu’, kumarinenna’lek inpilli’iteklatanna’,"
U02776,suspicious_content,SHIWILU contiene caracteres sospechosos: ['’'],"besándose las manos, lloraban.","inmusha’iteklatanna’, wellekllina’.","besándose las manos, lloraban.","inmusha’iteklatanna’, wellekllina’."
U02777,suspicious_content,SHIWILU contiene caracteres sospechosos: ['’'],"Ahora esta hambruna nos dieron,","Ipa’la uki’lak aku’llinerkenmu’wa’,","ahora esta hambruna nos dieron,","ipa’la uki’lak aku’llinerkenmu’wa’,"
U02779,suspicious_content,SHIWILU contiene caracteres sospechosos: ['’'],Por eso estamos sufriendo.,Nu’ak kua’ insekluten’apalekwa’.,por eso estamos sufriendo.,nu’ak kua’ insekluten’apalekwa’.
U02780,suspicious_content,SHIWILU contiene caracteres sospechosos: ['’'],"Los niños no conocen el paiche,","Wilalusa’ luwetchi’ñina’ unma’,","los niños no conocen el paiche,","wilalusa’ luwetchi’ñina’ unma’,"
U02781,suspicious_content,SHIWILU contiene caracteres sospechosos: ['’'],"los niños no conocen la vacamarina,","wilalusa’ luwetchi’ñina’ panwalalan,","los niños no conocen la vacamarina,","wilalusa’ luwetchi’ñina’ panwalalan,"
U02782,suspicious_content,SHIWILU contiene caracteres sospechosos: ['’'],"no conocen la huangana,","luwetchi’ñina’ panwala,","no conocen la huangana,","luwetchi’ñina’ panwala,"
U02783,suspicious_content,SHIWILU contiene caracteres sospechosos: ['’'],no conocen los grandes peces:,luwetchi’ñina’ asu’ kupin samellusa’:,no conocen los grandes peces:,luwetchi’ñina’ asu’ kupin samellusa’:
U02784,suspicious_content,SHIWILU contiene caracteres sospechosos: ['’'],"paiche, tucunaré, arahuana.","unma’, tukuner, dunantek.","paiche, tucunaré, arahuana.","unma’, tukuner, dunantek."
U02785,suspicious_content,SHIWILU contiene caracteres sospechosos: ['’'],Todos los peces se extinguieron.,Samellusa’ iñer wetlli.,todos los peces se extinguieron.,samellusa’ iñer wetlli.
U02786,suspicious_content,SHIWILU contiene caracteres sospechosos: ['’'],Por eso nosotros mismos somos culpables.,Nanekla kenmu’wa’pi’la usha’wanekwa’.,por eso nosotros mismos somos culpables.,nanekla kenmu’wa’pi’la usha’wanekwa’.
U02787,suspicious_content,SHIWILU contiene caracteres sospechosos: ['’'],"Nadie más tiene la culpa,","Ñiden usha’wi’ñi ma’kinpa’,","nadie más tiene la culpa,","ñiden usha’wi’ñi ma’kinpa’,"
U02788,suspicious_content,SHIWILU contiene caracteres sospechosos: ['’'],porque los de mal corazón quemaron la casa de Arákayu.,nana mukankinpu’lalusa’ler Arakayu pideknen di’setchullina’.,porque los de mal corazón quemaron la casa de arákayu.,nana mukankinpu’lalusa’ler arakayu pideknen di’setchullina’.
U02789,suspicious_content,SHIWILU contiene caracteres sospechosos: ['’'],"Cuando contaban yo también a los viejos ya finados les he escuchado, sentado desde cierta distancia.",Ta’ser kuanta’ taserpiku’lusa’ laukdeklek du’amu weilan.,"cuando contaban yo también a los viejos ya finados les he escuchado, sentado desde cierta distancia.",ta’ser kuanta’ taserpiku’lusa’ laukdeklek du’amu weilan.
U02790,suspicious_content,SHIWILU contiene caracteres sospechosos: ['’'],Antes los viejos ya finados no querían que nos acercáramos cuando éramos niños.,Napi’ taserpiku’lusa’ luwanchiñina’ kawita’kasu’ wilakudek ña’sekkudek.,antes los viejos ya finados no querían que nos acercáramos cuando éramos niños.,napi’ taserpiku’lusa’ luwanchiñina’ kawita’kasu’ wilakudek ña’sekkudek.
U02791,suspicious_content,"ESP contiene caracteres sospechosos: ['“']; SHIWILU contiene caracteres sospechosos: ['“', '’']",Nos decían “¿Qué quieren escuchar ustedes?,Itullinerkudek “¿Ma’nen i’na kenmama’ yalauklama’?,nos decían ¿qué quieren escuchar ustedes?,itullinerkudek ¿ma’nen i’na kenmama’ yalauklama’?
U02792,suspicious_content,"ESP contiene caracteres sospechosos: ['”']; SHIWILU contiene caracteres sospechosos: ['’', '”']","¡Váyanse, caramba, lejos!”",¡Paku’ tekchi wei!”.,"¡váyanse, caramba, lejos!",¡paku’ tekchi wei!.
U02793,suspicious_content,SHIWILU contiene caracteres sospechosos: ['’'],Cuando un viejo hablaba los niños no debían asomarse.,"Taserpi lunpasik, wilalusa’ kawichi’ñina’.",cuando un viejo hablaba los niños no debían asomarse.,"taserpi lunpasik, wilalusa’ kawichi’ñina’."
U02794,suspicious_content,"ESP contiene caracteres sospechosos: ['“', '”']; SHIWILU contiene caracteres sospechosos: ['“', '”', '’']",“¿Por qué se portan así?” nos decían.,“¿Ma’ki’na kenmama’ u’lama’?” itullinerkudek.,¿por qué se portan así? nos decían.,¿ma’ki’na kenmama’ u’lama’? itullinerkudek.
U02795,suspicious_content,SHIWILU contiene caracteres sospechosos: ['’'],Nosotros silenciosamente nos acercábamos queriendo escuchar.,Kudi’na ta’tushala’mudek kawidekllidek yalaukdek’amudek.,nosotros silenciosamente nos acercábamos queriendo escuchar.,kudi’na ta’tushala’mudek kawidekllidek yalaukdek’amudek.
U02796,suspicious_content,SHIWILU contiene caracteres sospechosos: ['’'],De ahí yo también he aprendido de qué manera vivió este Arákayu.,Nanekla’nka kuanta’ ñinchitulek asu’ Arakayu ma’pu’si’pa’ nanpilli.,de ahí yo también he aprendido de qué manera vivió este arákayu.,nanekla’nka kuanta’ ñinchitulek asu’ arakayu ma’pu’si’pa’ nanpilli.
U02797,suspicious_content,SHIWILU contiene caracteres sospechosos: ['’'],Las viejas finadas y los viejos finados se sentaban y hablaban de ese Arákayu.,"Tasellunku’lusa’ papinkuku’lusa’ du’anna’, nana Arakayukin luñina’.",las viejas finadas y los viejos finados se sentaban y hablaban de ese arákayu.,"tasellunku’lusa’ papinkuku’lusa’ du’anna’, nana arakayukin luñina’."
U02798,suspicious_content,SHIWILU contiene caracteres sospechosos: ['’'],"A veces le llamaban, le discursaban a Arákayu.","Nerpi’pu’ peklu’llina’, ulenñina’ Arakayu.","a veces le llamaban, le discursaban a arákayu.","nerpi’pu’ peklu’llina’, ulenñina’ arakayu."
U02799,suspicious_content,"ESP contiene caracteres sospechosos: ['“']; SHIWILU contiene caracteres sospechosos: ['“', '’']","“¡Arakayúuu, suelta tus pecesitos que estoy pescando porque tengo hambre!","“¡Arakayúuu, sametchapen apur pur’apalek asu’ uki’lamuuu!","¡arakayúuu, suelta tus pecesitos que estoy pescando porque tengo hambre!","¡arakayúuu, sametchapen apur pur’apalek asu’ uki’lamuuu!"
U02800,suspicious_content,"ESP contiene caracteres sospechosos: ['”']; SHIWILU contiene caracteres sospechosos: ['’', '”']",¿Qué les voy a dar de comer a mis hijos?” diciendo.,¿Wilaweklusa’ ma’nen i’na a’ka’dek’etchek?” tanna’.,¿qué les voy a dar de comer a mis hijos? diciendo.,¿wilaweklusa’ ma’nen i’na a’ka’dek’etchek? tanna’.
U02801,suspicious_content,SHIWILU contiene caracteres sospechosos: ['’'],Diciendo eso pescaban los antiguos.,Tanna’ purllina’ napi’ku’lusa’.,diciendo eso pescaban los antiguos.,tanna’ purllina’ napi’ku’lusa’.
U02802,suspicious_content,"ESP contiene paréntesis (posible glosa); ESP contiene caracteres sospechosos: ['(', ')']; SHIWILU contiene caracteres sospechosos: ['’']",Hasta ahora nosotros los que hemos oído conocemos (de Arákayu).,Ipa’la walek kuda laukta’kudeksu’ ñinchitapallidek.,hasta ahora nosotros los que hemos oído conocemos (de arákayu).,ipa’la walek kuda laukta’kudeksu’ ñinchitapallidek.
U02803,suspicious_content,SHIWILU contiene caracteres sospechosos: ['’'],Pero a nadie queremos contarle porque no creen.,Ñi’na ñiden kudaler yawinchi’ñidek latekchiñina’.,pero a nadie queremos contarle porque no creen.,ñi’na ñiden kudaler yawinchi’ñidek latekchiñina’.
U02804,suspicious_content,SHIWILU contiene caracteres sospechosos: ['’'],"Ahora aún más teniendo educación formal,","Ipa’la a’pinta’ ñinchillintanna’,","ahora aún más teniendo educación formal,","ipa’la a’pinta’ ñinchillintanna’,"
U02805,suspicious_content,SHIWILU contiene caracteres sospechosos: ['’'],"sabiendo escribir,","ñinchillinsetchanna’,","sabiendo escribir,","ñinchillinsetchanna’,"
U02806,suspicious_content,SHIWILU contiene caracteres sospechosos: ['’'],"sabiendo leer,","ñinchilli’anna’ kerka’ña,","sabiendo leer,","ñinchilli’anna’ kerka’ña,"
U02807,suspicious_content,"ESP contiene paréntesis (posible glosa); ESP contiene caracteres sospechosos: ['(', ')']; SHIWILU contiene caracteres sospechosos: ['’']",(los jóvenes) ya no valoran esas cosas.,ñi a’pinta’ nanadaper lli’inuchi’ñina’.,(los jóvenes) ya no valoran esas cosas.,ñi a’pinta’ nanadaper lli’inuchi’ñina’.
U02808,suspicious_content,SHIWILU contiene caracteres sospechosos: ['’'],De esa manera estos lagos de Pampayacu desaparecieron.,Nu’sikla’nka asu’ Panpadek sennanlusa’ wetlli.,de esa manera estos lagos de pampayacu desaparecieron.,nu’sikla’nka asu’ panpadek sennanlusa’ wetlli.
U02809,suspicious_content,SHIWILU contiene caracteres sospechosos: ['’'],"Así, cuando ya habían desaparecido, nosotros vinimos a este mundo.",Nu’su’ wer’sik i’pa kuda ñillidek.,"así, cuando ya habían desaparecido, nosotros vinimos a este mundo.",nu’su’ wer’sik i’pa kuda ñillidek.
U02810,suspicious_content,SHIWILU contiene caracteres sospechosos: ['’'],"¡Cuándo habrá sucedido eso,","¡Enpi’pui’pa’ nana nu’su’ ña’su’,","¡cuándo habrá sucedido eso,","¡enpi’pui’pa’ nana nu’su’ ña’su’,"
U02811,suspicious_content,SHIWILU contiene caracteres sospechosos: ['’'],hace cuántos miles de años habrá pasado eso lo que ha sido así!,enpu’dun waranka ekkilaleipa’ ñilli nana nu’su’ ña’su’!,hace cuántos miles de años habrá pasado eso lo que ha sido así!,enpu’dun waranka ekkilaleipa’ ñilli nana nu’su’ ña’su’!
U02812,suspicious_content,SHIWILU contiene caracteres sospechosos: ['’'],"Cuando contaron los he escuchado, los antiguos viejos y las abuelas finadas hablaban.","Ta’ser lauktulek papinkuku’lusa’, amiku’lusa’ luñina’.","cuando contaron los he escuchado, los antiguos viejos y las abuelas finadas hablaban.","ta’ser lauktulek papinkuku’lusa’, amiku’lusa’ luñina’."
U02813,suspicious_content,SHIWILU contiene caracteres sospechosos: ['’'],"Todos los animales, hasta los terrestres, se han ido por su lado, se han alejado.","Dudinpu’ asu’ lupek pa’a’su’daper ilakapi chiketchullina’, wei pa’llina’.","todos los animales, hasta los terrestres, se han ido por su lado, se han alejado.","dudinpu’ asu’ lupek pa’a’su’daper ilakapi chiketchullina’, wei pa’llina’."
U02814,suspicious_content,SHIWILU contiene caracteres sospechosos: ['’'],Ahora los han espantado más lejos.,Ipa’la a’pinta’ lliwaitullina’.,ahora los han espantado más lejos.,ipa’la a’pinta’ lliwaitullina’.
U02815,suspicious_content,SHIWILU contiene caracteres sospechosos: ['’'],Eso nomás les he contado sobre Arákayu.,Nanasa’ winterkenma’ Arakayuki.,eso nomás les he contado sobre arákayu.,nanasa’ winterkenma’ arakayuki.
U02816,suspicious_content,SHIWILU contiene caracteres sospechosos: ['’'],Aquí termina.,Nanek ta’wantulli.,aquí termina.,nanek ta’wantulli.
U02818,suspicious_content,SHIWILU contiene caracteres sospechosos: ['’'],Allí dice vivía una ballena.,Nanek ima lanla’ ñilli.,allí dice vivía una ballena.,nanek ima lanla’ ñilli.
U02819,suspicious_content,"ESP contiene paréntesis (posible glosa); ESP contiene caracteres sospechosos: ['(', ')']; SHIWILU contiene caracteres sospechosos: ['’']",Dicen que Arákayu puso una ballena y salió (de la región).,Arakayu ima lanla’ akun yunsu’lli.,dicen que arákayu puso una ballena y salió (de la región).,arakayu ima lanla’ akun yunsu’lli.
U02820,suspicious_content,"ESP contiene caracteres sospechosos: ['“', '”']; SHIWILU contiene caracteres sospechosos: ['“', '”', '’']",“Esto les va a devorar a todos los malos”,“Asu’ler pekdadek’etchu mukankinpu’lusa’”,esto les va a devorar a todos los malos,asu’ler pekdadek’etchu mukankinpu’lusa’
U02821,suspicious_content,SHIWILU contiene caracteres sospechosos: ['’'],dijo Arákayu y puso la ballena.,tan ima Arakayu nana lanla’ aku’lli.,dijo arákayu y puso la ballena.,tan ima arakayu nana lanla’ aku’lli.
U02822,suspicious_content,"ESP contiene caracteres sospechosos: ['“', '”']; SHIWILU contiene caracteres sospechosos: ['”', '’', '“']",Ahora a la que antes llamaban “Ballena Poza” la llaman “Campana Poza”.,Ipa’la “Lanla’ Pitun” itullina’ napi’ ipa’li’na “Kanpana’ Pitun” itullina’.,ahora a la que antes llamaban ballena poza la llaman campana poza.,ipa’la lanla’ pitun itullina’ napi’ ipa’li’na kanpana’ pitun itullina’.
U02823,suspicious_content,SHIWILU contiene caracteres sospechosos: ['’'],Dicen que todas estas cosas Arákayu enojándose nos ha dejado al irse.,Nanadaper ima’ka Arakayu yun pa’lapinantullinerkudek.,dicen que todas estas cosas arákayu enojándose nos ha dejado al irse.,nanadaper ima’ka arakayu yun pa’lapinantullinerkudek.
U02824,suspicious_content,SHIWILU contiene caracteres sospechosos: ['’'],"A la ballena la mató Marcel,","Lanla’ i’na di’tulli Marceller,","a la ballena la mató marcel,","lanla’ i’na di’tulli marceller,"
U02825,suspicious_content,SHIWILU contiene caracteres sospechosos: ['’'],él mató a la ballena.,di’tulli lanla’.,él mató a la ballena.,di’tulli lanla’.
U02826,suspicious_content,SHIWILU contiene caracteres sospechosos: ['’'],Dicen que cuando Marcel bajaba el río en un patecito la ballena se lo tragó.,Marcel ima pachishak nu’wantan lanla’ler lanpi’tulli.,dicen que cuando marcel bajaba el río en un patecito la ballena se lo tragó.,marcel ima pachishak nu’wantan lanla’ler lanpi’tulli.
U02827,suspicious_content,"ESP contiene paréntesis (posible glosa); ESP contiene caracteres sospechosos: ['(', ')']; SHIWILU contiene caracteres sospechosos: ['’']","Ahí entrando (dentro de la ballena, Marcel) le vio su corazón.",Nanek da’an lli’itulli dinlupinen.,"ahí entrando (dentro de la ballena, marcel) le vio su corazón.",nanek da’an lli’itulli dinlupinen.
U02828,suspicious_content,"ESP contiene caracteres sospechosos: ['“', '”']; SHIWILU contiene caracteres sospechosos: ['“', '”', '’']",“La mataré” dijo y le trozó el corazón.,“Di’tetchek” tan dinlupinen dektuintulli.,la mataré dijo y le trozó el corazón.,di’tetchek tan dinlupinen dektuintulli.
U02829,suspicious_content,"ESP contiene paréntesis (posible glosa); ESP contiene caracteres sospechosos: ['(', ')']; SHIWILU contiene caracteres sospechosos: ['’']",Ahí dice (la ballena) salió a la playa y saliendo murió.,"Naneklima yunsu’lli dellutekkek, yunsu’n chimiñi.",ahí dice (la ballena) salió a la playa y saliendo murió.,"naneklima yunsu’lli dellutekkek, yunsu’n chimiñi."
U02831,suspicious_content,"ESP contiene caracteres sospechosos: ['“', '”']; SHIWILU contiene caracteres sospechosos: ['’']","De ahí, esta la “Ballena Poza” se redujo.",Naneklimaka asu’ nana Lanla’ Pitunta’ uwentunta’lli.,"de ahí, esta la ballena poza se redujo.",naneklimaka asu’ nana lanla’ pitunta’ uwentunta’lli.
U02832,suspicious_content,SHIWILU contiene caracteres sospechosos: ['’'],Dicen que antes era grande Ballena Poza.,A’llupima ñiwiñi napi’ Lanla’ Pitun.,dicen que antes era grande ballena poza.,a’llupima ñiwiñi napi’ lanla’ pitun.
U02834,suspicious_content,SHIWILU contiene caracteres sospechosos: ['’'],"Ahí, dice, las personas del pueblo se concentraron primero, el jefe les llamó:","Nanek ima ñinanlu’ indiuntuñina’ nanentu, wa’anler peklu’deklli.","ahí, dice, las personas del pueblo se concentraron primero, el jefe les llamó:","nanek ima ñinanlu’ indiuntuñina’ nanentu, wa’anler peklu’deklli."
U02835,suspicious_content,"ESP contiene caracteres sospechosos: ['“']; SHIWILU contiene caracteres sospechosos: ['“', '’']","“Vamos a conocer a otro tipo de gente nosotros también,","“Enchuku’ nermuda’ luwetchawa’ kenmu’wa’nta’,","vamos a conocer a otro tipo de gente nosotros también,","enchuku’ nermuda’ luwetchawa’ kenmu’wa’nta’,"
U02836,suspicious_content,SHIWILU contiene caracteres sospechosos: ['’'],"sabemos que otros también viven, pero nunca les hemos visto.","ñinchitapalekwa’ ali’ladaperunta’ nanpi’perkasu’, ñi’na ñienpi’ lli’dek’i’nekwa’.","sabemos que otros también viven, pero nunca les hemos visto.","ñinchitapalekwa’ ali’ladaperunta’ nanpi’perkasu’, ñi’na ñienpi’ lli’dek’i’nekwa’."
U02837,suspicious_content,SHIWILU contiene caracteres sospechosos: ['’'],"Por eso nosotros ahora decimos otra gente también quizá vivirán,","Nu’akkui’na kenmu’wa’ ipa’la tapalekwa’ ali’la muda’nti’pa’ nanpipalli,","por eso nosotros ahora decimos otra gente también quizá vivirán,","nu’akkui’na kenmu’wa’ ipa’la tapalekwa’ ali’la muda’nti’pa’ nanpipalli,"
U02838,suspicious_content,SHIWILU contiene caracteres sospechosos: ['’'],"diferente lengua hablarán, decimos.","nerpi’la la’la’ ipa’ lunpallina’, ta’kawa’su’.","diferente lengua hablarán, decimos.","nerpi’la la’la’ ipa’ lunpallina’, ta’kawa’su’."
U02839,suspicious_content,SHIWILU contiene caracteres sospechosos: ['’'],No sabemos.,Ñinchichi’nekwa’.,no sabemos.,ñinchichi’nekwa’.
U02842,suspicious_content,SHIWILU contiene caracteres sospechosos: ['’'],Diferente lengua hablan ellos.,Nerpi’la la’la’ lunpallina’ nawa’.,diferente lengua hablan ellos.,nerpi’la la’la’ lunpallina’ nawa’.
U02843,suspicious_content,SHIWILU contiene caracteres sospechosos: ['’'],"Diciendo eso se cansaron de hablar y ya perecieron ellos, ahora nosotros también eso mismo estamos recordando.","Tanna’ pellunna’ ipa’ takerllina’ nawa’, ipa’li’na kenmu’wa’nta’ nani’la lli’inutapalekwa’.","diciendo eso se cansaron de hablar y ya perecieron ellos, ahora nosotros también eso mismo estamos recordando.","tanna’ pellunna’ ipa’ takerllina’ nawa’, ipa’li’na kenmu’wa’nta’ nani’la lli’inutapalekwa’."
U02847,suspicious_content,SHIWILU contiene caracteres sospechosos: ['’'],"¡Qué fieras habrán ahí, por donde vamos a abrir el camino!","¡Ma’nen ilipa’ ñapalli anaka’lusa’, nana inchilala yekketcha’kawa’su’lupa’!","¡qué fieras habrán ahí, por donde vamos a abrir el camino!","¡ma’nen ilipa’ ñapalli anaka’lusa’, nana inchilala yekketcha’kawa’su’lupa’!"
U02848,suspicious_content,"ESP contiene caracteres sospechosos: ['”']; SHIWILU contiene caracteres sospechosos: ['’', '”']",Yo ya he soñado”.,kua ipa’ wa’latulek”.,yo ya he soñado.,kua ipa’ wa’latulek.
U02850,suspicious_content,SHIWILU contiene caracteres sospechosos: ['’'],Hartos de nosotros vamos a ir.,Wapu’mu’wa’ pa’aterwa’.,hartos de nosotros vamos a ir.,wapu’mu’wa’ pa’aterwa’.
U02851,suspicious_content,SHIWILU contiene caracteres sospechosos: ['’'],"Si hay tigre se lo mata, si hay anaconda de altura a esa también se la mata.","Amana’ ñichu di’tawa’, ali’la erpilu’ kupiwan ñipachi nananta’ di’tawa’.","si hay tigre se lo mata, si hay anaconda de altura a esa también se la mata.","amana’ ñichu di’tawa’, ali’la erpilu’ kupiwan ñipachi nananta’ di’tawa’."
U02852,suspicious_content,SHIWILU contiene caracteres sospechosos: ['’'],A todos ellos matándolos bien vamos a ir.,Nanadaper a’ka di’tupatekwa’ musu’ pa’aterwa’.,a todos ellos matándolos bien vamos a ir.,nanadaper a’ka di’tupatekwa’ musu’ pa’aterwa’.
U02854,suspicious_content,SHIWILU contiene caracteres sospechosos: ['’'],Entonces otro viejo soñador dijo:,Nanek ima ali’la taserpi wa’lata’su’ tulli:,entonces otro viejo soñador dijo:,nanek ima ali’la taserpi wa’lata’su’ tulli:
U02856,suspicious_content,"ESP contiene paréntesis (posible glosa); ESP contiene caracteres sospechosos: ['”', '(', ')']; SHIWILU contiene caracteres sospechosos: ['’', '”']","Después, los que van de nuevo (el segundo grupo) ellos sí van a matar a las fieras”.","Naneklan, pa’nunta’lusa’ nawa’ a’ka di’tetchuna’ nana anaka’.”","después, los que van de nuevo (el segundo grupo) ellos sí van a matar a las fieras.","naneklan, pa’nunta’lusa’ nawa’ a’ka di’tetchuna’ nana anaka’."
U02857,suspicious_content,SHIWILU contiene caracteres sospechosos: ['’'],"dijo ese viejo soñador, que predecía lo que iba a suceder.","tullima nana ala’sa’ taserpi wa’lata’su’, lunanpichita’su’.","dijo ese viejo soñador, que predecía lo que iba a suceder.","tullima nana ala’sa’ taserpi wa’lata’su’, lunanpichita’su’."
U02858,suspicious_content,"ESP contiene caracteres sospechosos: ['“']; SHIWILU contiene caracteres sospechosos: ['’', '“']","Después, dice otro viejo dijo: “Eso lo que están hablando no es falso,","Naneklima, ali’la taserpi tulli “Nana tapa’mamasu’ ñi da’pininpu’,","después, dice otro viejo dijo: eso lo que están hablando no es falso,","naneklima, ali’la taserpi tulli nana tapa’mamasu’ ñi da’pininpu’,"
U02859,suspicious_content,SHIWILU contiene caracteres sospechosos: ['’'],uno de nosotros va a perecer.,kenmu’wa’ takeraterwa’ nu’unta’nmu’wa’.,uno de nosotros va a perecer.,kenmu’wa’ takeraterwa’ nu’unta’nmu’wa’.
U02860,suspicious_content,SHIWILU contiene caracteres sospechosos: ['’'],Tal vez algunos de nosotros vamos a conocer Moyobamba.,Nu’unta’nmu’wa’ ipa’ Muyunpa luwetchaterwa’.,tal vez algunos de nosotros vamos a conocer moyobamba.,nu’unta’nmu’wa’ ipa’ muyunpa luwetchaterwa’.
U02861,suspicious_content,"ESP contiene caracteres sospechosos: ['”']; SHIWILU contiene caracteres sospechosos: ['’', '”']",Tal vez los que primero están abriendo trocha lleguen hasta Moyobamba” dijo el otro viejo.,Nanentu saka’tulusui’pa’ Muyunpak walek ektui’nchuna’” tullima ali’la taserpi.,tal vez los que primero están abriendo trocha lleguen hasta moyobamba dijo el otro viejo.,nanentu saka’tulusui’pa’ muyunpak walek ektui’nchuna’ tullima ali’la taserpi.
U02862,suspicious_content,SHIWILU contiene caracteres sospechosos: ['’'],Después se levantó otro y dijo:,Naneklima ali’la yunsa’n tulli:,después se levantó otro y dijo:,naneklima ali’la yunsa’n tulli:
U02863,suspicious_content,"ESP contiene caracteres sospechosos: ['“']; SHIWILU contiene caracteres sospechosos: ['“', '’']","“Vamos, prevénganse hermanos, no duerman mucho, han de velar en la noche.","“Enchuku’, inlli’inuku’la’ yalli’lusa’ enpu’ninchi yawichi’tama’ nanpiladaku’.","vamos, prevénganse hermanos, no duerman mucho, han de velar en la noche.","enchuku’, inlli’inuku’la’ yalli’lusa’ enpu’ninchi yawichi’tama’ nanpiladaku’."
U02864,suspicious_content,SHIWILU contiene caracteres sospechosos: ['’'],Un grupo que vaya durmiendo y el otro grupo que haga guardia.,"Ala’musun wicha’pai, ali’la musui’na nanpiladapai.",un grupo que vaya durmiendo y el otro grupo que haga guardia.,"ala’musun wicha’pai, ali’la musui’na nanpiladapai."
U02865,suspicious_content,SHIWILU contiene caracteres sospechosos: ['’'],"Cuando se despierten los unos, hasta que estén despiertos ellos los otros que duerman.",Nanpincha’a’ser nawa’ nanpiladaperkek walek ali’la musun’unta’ wichi’chu’.,"cuando se despierten los unos, hasta que estén despiertos ellos los otros que duerman.",nanpincha’a’ser nawa’ nanpiladaperkek walek ali’la musun’unta’ wichi’chu’.
U02866,suspicious_content,"ESP contiene paréntesis (posible glosa); ESP contiene caracteres sospechosos: ['(', ')']; SHIWILU contiene caracteres sospechosos: ['’']","En la mañana, cuando salgan (de su mosquitero), todos ustedes cuenten qué han soñado.","Dasu’la yunsa’nma’, lunku’ ma’pu’sui’pa’ wa’latulama’.","en la mañana, cuando salgan (de su mosquitero), todos ustedes cuenten qué han soñado.","dasu’la yunsa’nma’, lunku’ ma’pu’sui’pa’ wa’latulama’."
U02867,suspicious_content,SHIWILU contiene caracteres sospechosos: ['’'],"Eso los viejos que saben hacer entender, que saben interpretar, van a hacerles entender nuestros sueños,","Nanapu’a’su’ taserpilusa’ ñinchia’lachekterkasu’, ñinchilawer’erkasu’ a’lachektetchuna’, laweretchuna’ ma’tusui’pa’ wa’lata’kawa’su’.","eso los viejos que saben hacer entender, que saben interpretar, van a hacerles entender nuestros sueños,","nanapu’a’su’ taserpilusa’ ñinchia’lachekterkasu’, ñinchilawer’erkasu’ a’lachektetchuna’, laweretchuna’ ma’tusui’pa’ wa’lata’kawa’su’."
U02868,suspicious_content,SHIWILU contiene caracteres sospechosos: ['’'],"cuando le contemos el viejo va a decir,","nana wintupatekwa’ nana tetchu,","cuando le contemos el viejo va a decir,","nana wintupatekwa’ nana tetchu,"
U02870,suspicious_content,SHIWILU contiene caracteres sospechosos: ['’'],"Dijeron esto y se alistaron, mandaron a hacer masato a sus señoras para llevar.","Tanni’ma insekdipellina’, uklulu’nenna’ a’nu’tullina’ sadina’ yekpanna’.","dijeron esto y se alistaron, mandaron a hacer masato a sus señoras para llevar.","tanni’ma insekdipellina’, uklulu’nenna’ a’nu’tullina’ sadina’ yekpanna’."
U02871,suspicious_content,SHIWILU contiene caracteres sospechosos: ['’'],De verdad una semana iban abriendo trocha y llegaron a una loma grande.,Tekkinchima ala’simana’ sekllintapilanna’ ektu’llina’ ala’sa’ kupin mutupi.,de verdad una semana iban abriendo trocha y llegaron a una loma grande.,tekkinchima ala’simana’ sekllintapilanna’ ektu’llina’ ala’sa’ kupin mutupi.
U02872,suspicious_content,SHIWILU contiene caracteres sospechosos: ['’'],En esa bajada vieron humo.,Nana sakanlupi’mi’na lli’llina’ pen mukatapa’su’.,en esa bajada vieron humo.,nana sakanlupi’mi’na lli’llina’ pen mukatapa’su’.
U02874,suspicious_content,"ESP contiene paréntesis (posible glosa); ESP contiene caracteres sospechosos: ['(', ')']; SHIWILU contiene caracteres sospechosos: ['’']",Yendo vio a alguien tocando flauta (era el duende).,Pa’an ima lli’kuñi pilenñantapalli.,yendo vio a alguien tocando flauta (era el duende).,pa’an ima lli’kuñi pilenñantapalli.
U02875,suspicious_content,SHIWILU contiene caracteres sospechosos: ['’'],"Todos sus intestinos estaban fuera colgados, no tenía piel.","Iñer ima dullinen adipi, ukunpala’lli, ñi chipitekwi’ñi.","todos sus intestinos estaban fuera colgados, no tenía piel.","iñer ima dullinen adipi, ukunpala’lli, ñi chipitekwi’ñi."
U02877,suspicious_content,"ESP contiene paréntesis (posible glosa); ESP contiene caracteres sospechosos: ['“', '”', '(', ')']; SHIWILU contiene caracteres sospechosos: ['“', '”', '’']","“¿Has venido, hermano menor?” (duende)","- “¿Ukla’ncha, yalli’wá?”","¿has venido, hermano menor? (duende)","- ¿ukla’ncha, yalli’wá?"
U02878,suspicious_content,"ESP contiene paréntesis (posible glosa); ESP contiene caracteres sospechosos: ['“', '”', '(', ')']; SHIWILU contiene caracteres sospechosos: ['“', '”', '’']","“Sí, he venido, hermano. Tú candelita necesito”. (joven)","- “Uklek, alli’sha. Penshapen luwanpa’llen”.","sí, he venido, hermano. tú candelita necesito. (joven)","- uklek, alli’sha. penshapen luwanpa’llen."
U02879,suspicious_content,"ESP contiene paréntesis (posible glosa); ESP contiene caracteres sospechosos: ['“', '(', ')']; SHIWILU contiene caracteres sospechosos: ['“', '’']","“¡Ahí está, lleva! (duende)","- “¡Ma’ata’na, ekpanter!","¡ahí está, lleva! (duende)","- ¡ma’ata’na, ekpanter!"
U02881,suspicious_content,"ESP contiene paréntesis (posible glosa); ESP contiene caracteres sospechosos: ['“', '”', '(', ')']; SHIWILU contiene caracteres sospechosos: ['“', '”', '’']","“Muy bien, hermano”. (joven)","- “Ta’iter, alli’shá”.","muy bien, hermano. (joven)","- ta’iter, alli’shá."
U02882,suspicious_content,"ESP contiene paréntesis (posible glosa); ESP contiene caracteres sospechosos: ['(', ')']; SHIWILU contiene caracteres sospechosos: ['’']",Dijeron eso y regresando (el joven y otros) vinieron a contar al grupo de personas.,Tanni’ma adenchanna’ lunchallina’ da’mupa’ser nana musun.,dijeron eso y regresando (el joven y otros) vinieron a contar al grupo de personas.,tanni’ma adenchanna’ lunchallina’ da’mupa’ser nana musun.
U02883,suspicious_content,"ESP contiene caracteres sospechosos: ['“']; SHIWILU contiene caracteres sospechosos: ['’', '“']","Entonces contaron “Por acá hay un hombre puro hueso y sus intestinos le cuelgan,","Naneklima luncha’llina’ “Asu’lupa’ lansi’sa’ ala’sa’ ya’lli, dullinen iñer ukunpala’lli,","entonces contaron por acá hay un hombre puro hueso y sus intestinos le cuelgan,","naneklima luncha’llina’ asu’lupa’ lansi’sa’ ala’sa’ ya’lli, dullinen iñer ukunpala’lli,"
U02884,suspicious_content,"ESP contiene caracteres sospechosos: ['”']; SHIWILU contiene caracteres sospechosos: ['’', '”']",su higado está colgado nomás”.,kankanen ukunpala’lli”.,su higado está colgado nomás.,kankanen ukunpala’lli.
U02885,suspicious_content,"ESP contiene caracteres sospechosos: ['“', '”']; SHIWILU contiene caracteres sospechosos: ['“', '”', '’']","“Mucho cuidado, muchachos” dijo un viejo.","“Inlli’inuku’la’, wilalusa’” tullima ala’sa’ taserpi.","mucho cuidado, muchachos dijo un viejo.","inlli’inuku’la’, wilalusa’ tullima ala’sa’ taserpi."
U02886,suspicious_content,"ESP contiene caracteres sospechosos: ['”']; SHIWILU contiene caracteres sospechosos: ['’', '”']",No vayan a dormir mucho”.,Aner enpu’ninchi yawichi’tama’”.,no vayan a dormir mucho.,aner enpu’ninchi yawichi’tama’.
U02887,suspicious_content,SHIWILU contiene caracteres sospechosos: ['’'],"Dijeron eso e hicieron fuego con la candela de, este, el Duende Puro Hueso.","Tan ipa’linchi penwañina’ nana, ma’i, Lansi’ Wa’dan pennenlek.","dijeron eso e hicieron fuego con la candela de, este, el duende puro hueso.","tan ipa’linchi penwañina’ nana, ma’i, lansi’ wa’dan pennenlek."
U02888,suspicious_content,"ESP contiene paréntesis (posible glosa); ESP contiene caracteres sospechosos: ['(', ')']; SHIWILU contiene caracteres sospechosos: ['’']","De ahí, dice, (el duende) les hizo dormir después de que comieron.",Nanek ima wa’ki’lleklli urankasu’ supinak ima.,"de ahí, dice, (el duende) les hizo dormir después de que comieron.",nanek ima wa’ki’lleklli urankasu’ supinak ima.
U02889,suspicious_content,SHIWILU contiene caracteres sospechosos: ['’'],Tenían sueño y mientras comían algunos cayeron.,Ipa’ yawichi’llina’ uranpanni’ma nu’unta’ anu’la’lli.,tenían sueño y mientras comían algunos cayeron.,ipa’ yawichi’llina’ uranpanni’ma nu’unta’ anu’la’lli.
U02890,suspicious_content,"ESP contiene paréntesis (posible glosa); ESP contiene caracteres sospechosos: ['(', ')']; SHIWILU contiene caracteres sospechosos: ['’']","Un viejo, dice, diluyó tabaco y les dio de beber (para que se despierten).",Ala’sa’ taserpiler ima pinter setmun a’u’deklli.,"un viejo, dice, diluyó tabaco y les dio de beber (para que se despierten).",ala’sa’ taserpiler ima pinter setmun a’u’deklli.
U02891,suspicious_content,SHIWILU contiene caracteres sospechosos: ['’'],Poquito les quitó el sueño.,A’metcha nanpiladencha’llina’.,poquito les quitó el sueño.,a’metcha nanpiladencha’llina’.
U02892,suspicious_content,SHIWILU contiene caracteres sospechosos: ['’'],Ahí dice se olvidaron y se acostaron.,Nanek ima inpinanerllanna’ pek kuallina’.,ahí dice se olvidaron y se acostaron.,nanek ima inpinanerllanna’ pek kuallina’.
U02895,suspicious_content,SHIWILU contiene caracteres sospechosos: ['’'],Dice que ahí las esposas de los que se habían ido tuvieron un mal sueño.,Nanek ima nana pa’lusa’ sadinai’ma wa’apetchullina’.,dice que ahí las esposas de los que se habían ido tuvieron un mal sueño.,nanek ima nana pa’lusa’ sadinai’ma wa’apetchullina’.
U02896,suspicious_content,SHIWILU contiene caracteres sospechosos: ['’'],"Después, cuando se puso el sol, vieron nubes de viuda en el cielo.",Nu’sik ima lli’llina’ er’washinchi ekdulunlu’tek.,"después, cuando se puso el sol, vieron nubes de viuda en el cielo.",nu’sik ima lli’llina’ er’washinchi ekdulunlu’tek.
U02897,suspicious_content,"ESP contiene caracteres sospechosos: ['“', '”']; SHIWILU contiene caracteres sospechosos: ['“', '”', '’']","“¿Ay, quién de nosotras irá a quedar viuda?”","“¿Denkenmu’wa’ ekdulunterwa’, ten”","¿ay, quién de nosotras irá a quedar viuda?","¿denkenmu’wa’ ekdulunterwa’, ten"
U02898,suspicious_content,SHIWILU contiene caracteres sospechosos: ['’'],dijo una mujer con pena.,tullima ala’sa’ shaya’.,dijo una mujer con pena.,tullima ala’sa’ shaya’.
U02899,suspicious_content,"ESP contiene caracteres sospechosos: ['“', '”']; SHIWILU contiene caracteres sospechosos: ['“', '”', '’']","“Quizás no, quizas es un anuncio de lluvias”.","“Ma’shipa’, yu’lanla’pi’ nuka’a”.","quizás no, quizas es un anuncio de lluvias.","ma’shipa’, yu’lanla’pi’ nuka’a."
U02900,suspicious_content,"ESP contiene caracteres sospechosos: ['“', '”']; SHIWILU contiene caracteres sospechosos: ['“', '”', '’']",“Quizás aparecieron estas nubes para pronosticarnos mal agüero”,“Nu’an asu’ kekkilu’tek yunsu’lli ya’lli’minmu’wa’ yapekkiwantanminmu’wa’”,quizás aparecieron estas nubes para pronosticarnos mal agüero,nu’an asu’ kekkilu’tek yunsu’lli ya’lli’minmu’wa’ yapekkiwantanminmu’wa’
U02901,suspicious_content,SHIWILU contiene caracteres sospechosos: ['’'],dijeron otras.,tullini’ma ali’ladaper.,dijeron otras.,tullini’ma ali’ladaper.
U02902,suspicious_content,SHIWILU contiene caracteres sospechosos: ['’'],"Dice que ahí otras estaban soñando,",Nanek ima nu’unta’ ipa’ wa’latapallina’.,"dice que ahí otras estaban soñando,",nanek ima nu’unta’ ipa’ wa’latapallina’.
U02903,suspicious_content,SHIWILU contiene caracteres sospechosos: ['’'],Ya algunos de los espíritus de los esposos muertos penaban en sus casas:,Nu’unta’ ipa’ wa’danwañi nana pidik:,ya algunos de los espíritus de los esposos muertos penaban en sus casas:,nu’unta’ ipa’ wa’danwañi nana pidik:
U02904,suspicious_content,SHIWILU contiene caracteres sospechosos: ['’'],"Golpea, abre la puerta, toca una y otra cosa en la cocina.","Llipu’lli, unkunan ekketchulli, pata’tulli kusinek.","golpea, abre la puerta, toca una y otra cosa en la cocina.","llipu’lli, unkunan ekketchulli, pata’tulli kusinek."
U02905,suspicious_content,SHIWILU contiene caracteres sospechosos: ['’'],"En lo que eso iba sucediendo, se cumplió un mes y el momento en que debían regresar.",Nu’apa’ser ima ipa’ ektu’nchalli dukerñenna’ yadencha’erkasu’.,"en lo que eso iba sucediendo, se cumplió un mes y el momento en que debían regresar.",nu’apa’ser ima ipa’ ektu’nchalli dukerñenna’ yadencha’erkasu’.
U02906,suspicious_content,SHIWILU contiene caracteres sospechosos: ['’'],"Como después de tres días no aparecieron, el gobernante convocó al pueblo.","Kala ukllima lli’chinpu’a’ser, wa’an peklu’deklli ñinanlu’ nanapu’si’la.","como después de tres días no aparecieron, el gobernante convocó al pueblo.","kala ukllima lli’chinpu’a’ser, wa’an peklu’deklli ñinanlu’ nanapu’si’la."
U02907,suspicious_content,"ESP contiene paréntesis (posible glosa); ESP contiene caracteres sospechosos: ['“', '(', ')']; SHIWILU contiene caracteres sospechosos: ['“', '’']",“¿Quiénes de ustedes quisieran ir (a buscar a los otros hombres)?,“¿Den ilanma’ a’cha yapa’etchunma’?,¿quiénes de ustedes quisieran ir (a buscar a los otros hombres)?,¿den ilanma’ a’cha yapa’etchunma’?
U02909,suspicious_content,"ESP contiene caracteres sospechosos: ['“', '”']; SHIWILU contiene caracteres sospechosos: ['“', '”', '’']",“Yo” dijeron los otros.,“ kua” tullima ali’ladaper.,yo dijeron los otros., kua tullima ali’ladaper.
U02912,suspicious_content,SHIWILU contiene caracteres sospechosos: ['’'],"Regresaron y le contaron al gobernante, quien convocó al pueblo.","Adenchanna’ wa’an wintullina’, ñinanlu’ peklu’lli.","regresaron y le contaron al gobernante, quien convocó al pueblo.","adenchanna’ wa’an wintullina’, ñinanlu’ peklu’lli."
U02913,suspicious_content,SHIWILU contiene caracteres sospechosos: ['’'],Cuentan que ahí un viejo soñador dijo:,Nanek ima ala’sa’ taserpi wa’latutek tulli:,cuentan que ahí un viejo soñador dijo:,nanek ima ala’sa’ taserpi wa’latutek tulli:
U02914,suspicious_content,"ESP contiene caracteres sospechosos: ['“']; SHIWILU contiene caracteres sospechosos: ['“', '’']","“¡No, no va a ir todo el pueblo.","“¡Ma’sha, ñinanlu’ iñer pa’i’nchu.","¡no, no va a ir todo el pueblo.","¡ma’sha, ñinanlu’ iñer pa’i’nchu."
U02915,suspicious_content,SHIWILU contiene caracteres sospechosos: ['’'],Más bien propongan otro grupo!,A’pimuchun ali’la musun dunkerku’!,más bien propongan otro grupo!,a’pimuchun ali’la musun dunkerku’!
U02916,suspicious_content,SHIWILU contiene caracteres sospechosos: ['’'],Ellos sí van a matar a esa fiera.,Nawa’ler a’ka di’tetchuna’ nana anaka’.,ellos sí van a matar a esa fiera.,nawa’ler a’ka di’tetchuna’ nana anaka’.
U02918,suspicious_content,"ESP contiene caracteres sospechosos: ['“']; SHIWILU contiene caracteres sospechosos: ['“', '’']","“¡En acción. En acción, muchachos!","“¡Nasu’ku’la’. Nasu’ku’la’, wilalusa’!","¡en acción. en acción, muchachos!","¡nasu’ku’la’. nasu’ku’la’, wilalusa’!"
U02919,suspicious_content,"ESP contiene paréntesis (posible glosa); ESP contiene caracteres sospechosos: ['”', '(', ')']; SHIWILU contiene caracteres sospechosos: ['’', '”']","¡No teman, ustedes tienen machetes, píquen con eso (a las fieras)!”","¡Aner yatek kuatama’, sunkiwanpalama’, pasektuku’ nanalek!”","¡no teman, ustedes tienen machetes, píquen con eso (a las fieras)!","¡aner yatek kuatama’, sunkiwanpalama’, pasektuku’ nanalek!"
U02920,suspicious_content,SHIWILU contiene caracteres sospechosos: ['’'],De veras se fueron.,Tekkinchima pa’llina’.,de veras se fueron.,tekkinchima pa’llina’.
U02921,suspicious_content,SHIWILU contiene caracteres sospechosos: ['’'],Vieron solamente los mosquiteros templados ahí.,Lli’kuñina’ chipetcheklusa’sa’ pektentapa’ser nanek.,vieron solamente los mosquiteros templados ahí.,lli’kuñina’ chipetcheklusa’sa’ pektentapa’ser nanek.
U02922,suspicious_content,"ESP contiene caracteres sospechosos: ['“', '”']; SHIWILU contiene caracteres sospechosos: ['”', '’', '“']",Entonces dijeron “Estos fueron atrapados por las fieras”.,Ipa’linchi itudeklli “Asi’na anaka’llina’”.,entonces dijeron estos fueron atrapados por las fieras.,ipa’linchi itudeklli asi’na anaka’llina’.
U02923,suspicious_content,SHIWILU contiene caracteres sospechosos: ['’'],Diluyó tabaco el viejo.,Pinter ima sekmu’lli papinku.,diluyó tabaco el viejo.,pinter ima sekmu’lli papinku.
U02924,suspicious_content,SHIWILU contiene caracteres sospechosos: ['’'],Dice que ahí divisaron ellos también humo de candela y se fueron a ver.,"Nanek ima nawa’nta’ lli’llina’ mu’katapa’su’ pen, pa’anna’ lli’kuñina’.",dice que ahí divisaron ellos también humo de candela y se fueron a ver.,"nanek ima nawa’nta’ lli’llina’ mu’katapa’su’ pen, pa’anna’ lli’kuñina’."
U02926,suspicious_content,"ESP contiene paréntesis (posible glosa); ESP contiene caracteres sospechosos: ['(', ')']; SHIWILU contiene caracteres sospechosos: ['’']",Dice que cuando llegaron les dijo (el duende):,Ektu’a’ser ima itudeklli:,dice que cuando llegaron les dijo (el duende):,ektu’a’ser ima itudeklli:
U02927,suspicious_content,"ESP contiene caracteres sospechosos: ['“', '”']; SHIWILU contiene caracteres sospechosos: ['“', '”', '’']",“¿Vinieron otra vez?”,- “¿Uklama’ a’cha nanapu’si’la?”.,¿vinieron otra vez?,- ¿uklama’ a’cha nanapu’si’la?.
U02928,suspicious_content,"ESP contiene caracteres sospechosos: ['“', '”']; SHIWILU contiene caracteres sospechosos: ['“', '”', '’']","“Hemos venido, hermano”.","- “Ukllidek, alli’sha”.","hemos venido, hermano.","- ukllidek, alli’sha."
U02929,suspicious_content,"ESP contiene caracteres sospechosos: ['“', '”']; SHIWILU contiene caracteres sospechosos: ['“', '”', '’']","“A ver, por la tarde les voy a ir a visitar”.","- “Enta’n, er’washinchi lli’kunkenma’”.","a ver, por la tarde les voy a ir a visitar.","- enta’n, er’washinchi lli’kunkenma’."
U02930,suspicious_content,"ESP contiene caracteres sospechosos: ['“', '”']; SHIWILU contiene caracteres sospechosos: ['“', '”', '’']",“Necesitamos tu candela”.,- “Pen luwanpa’lliyen”.,necesitamos tu candela.,- pen luwanpa’lliyen.
U02931,suspicious_content,"ESP contiene caracteres sospechosos: ['“', '”']; SHIWILU contiene caracteres sospechosos: ['“', '”', '’']","“¡Ahí está, la candela agarren!”",- “¡Ma’ata’na pen maku’!”,"¡ahí está, la candela agarren!",- ¡ma’ata’na pen maku’!
U02932,suspicious_content,SHIWILU contiene caracteres sospechosos: ['’'],"Cuando se la llevaron, el viejo la agarró y la detectó.",Ekpantasik ima taserpiler pilli’tan lutu’lli.,"cuando se la llevaron, el viejo la agarró y la detectó.",ekpantasik ima taserpiler pilli’tan lutu’lli.
U02933,suspicious_content,"ESP contiene caracteres sospechosos: ['“']; SHIWILU contiene caracteres sospechosos: ['“', '’']",“Esta candela no es buena.,“Asui’na mui’ñi asu’ pen.,esta candela no es buena.,asui’na mui’ñi asu’ pen.
U02935,suspicious_content,SHIWILU contiene caracteres sospechosos: ['’'],"Cuentan que dijo así el hombre que detectó, eso dijo ese soñador:","Tullima nana lunanpichita’su’, tullima nana wa’lata’su’:","cuentan que dijo así el hombre que detectó, eso dijo ese soñador:","tullima nana lunanpichita’su’, tullima nana wa’lata’su’:"
U02936,suspicious_content,"ESP contiene paréntesis (posible glosa); ESP contiene caracteres sospechosos: ['“', '(', ')']; SHIWILU contiene caracteres sospechosos: ['“', '’']",“Van a escuchar (ruido) y en ese momento va a venir. ¡Peleen!,"“Lauk’apetchuma’, ipa’la u’etchu. ¡Idenmaku’la’!",van a escuchar (ruido) y en ese momento va a venir. ¡peleen!,"lauk’apetchuma’, ipa’la u’etchu. ¡idenmaku’la’!"
U02937,suspicious_content,"ESP contiene caracteres sospechosos: ['”']; SHIWILU contiene caracteres sospechosos: ['’', '”']","Desde ahora pónganse en acción” les dijo a los muchachos,","Nasu’ku’ ipia’laklanek” itudekllima wilalusa’,","desde ahora pónganse en acción les dijo a los muchachos,","nasu’ku’ ipia’laklanek itudekllima wilalusa’,"
U02938,suspicious_content,SHIWILU contiene caracteres sospechosos: ['’'],a esos jóvenes.,nana nadi’neklusi’ma.,a esos jóvenes.,nana nadi’neklusi’ma.
U02940,suspicious_content,SHIWILU contiene caracteres sospechosos: ['’'],Después se escondieron.,Nu’anna’ insekkitullina’.,después se escondieron.,nu’anna’ insekkitullina’.
U02941,suspicious_content,SHIWILU contiene caracteres sospechosos: ['’'],"Ahí mascaron ají, pusieron tabaco en su boca, tomaron tabaco diluido para no dormirse.","Nanek nuka’ uklullina’, pinter katenñina’, pinchiyek nu’tanna’ ullina’ wichi’inpu’erkek.","ahí mascaron ají, pusieron tabaco en su boca, tomaron tabaco diluido para no dormirse.","nanek nuka’ uklullina’, pinter katenñina’, pinchiyek nu’tanna’ ullina’ wichi’inpu’erkek."
U02942,suspicious_content,"ESP contiene paréntesis (posible glosa); ESP contiene caracteres sospechosos: ['(', ')']; SHIWILU contiene caracteres sospechosos: ['’']",Dice que de verdad la tierra tembló (debido a que el duende venía).,Nanek ima tekkinchi lupa’ lenmeklli.,dice que de verdad la tierra tembló (debido a que el duende venía).,nanek ima tekkinchi lupa’ lenmeklli.
U02943,suspicious_content,SHIWILU contiene caracteres sospechosos: ['’'],Cuando calmó el temblor los árboles se sacudieron.,Nana lupa’ lenmek’a’su’ supinak nalalusi’ma pada’sa’tulli.,cuando calmó el temblor los árboles se sacudieron.,nana lupa’ lenmek’a’su’ supinak nalalusi’ma pada’sa’tulli.
U02945,suspicious_content,"ESP contiene caracteres sospechosos: ['“']; SHIWILU contiene caracteres sospechosos: ['“', '’']",“¡Más miren!,“!Enta’n lli’ku’!,¡más miren!,!enta’n lli’ku’!
U02946,suspicious_content,"ESP contiene caracteres sospechosos: ['”']; SHIWILU contiene caracteres sospechosos: ['’', '”']","¡Ánimo muchachos, tengan valor, en acción!” les dijo.","¡Nantapiku’la’, nasu’ku’, wilalusa’!” itudekllima.","¡ánimo muchachos, tengan valor, en acción! les dijo.","¡nantapiku’la’, nasu’ku’, wilalusa’! itudekllima."
U02948,suspicious_content,SHIWILU contiene caracteres sospechosos: ['’'],"En vano era puro hueso, pues tenía mucha fuerza.","Da’pinima lansi’sa’, enpu’ni nantapillinpi’ma.","en vano era puro hueso, pues tenía mucha fuerza.","da’pinima lansi’sa’, enpu’ni nantapillinpi’ma."
U02949,suspicious_content,"ESP contiene paréntesis (posible glosa); ESP contiene caracteres sospechosos: ['(', ')']","Lo mataron, atizaron la candela y lo metieron (al fuego).","Dei'tanna', pen dintunna', aku'lalatullina'.","lo mataron, atizaron la candela y lo metieron (al fuego).","dei'tanna', pen dintunna', aku'lalatullina'."
U02951,suspicious_content,"ESP contiene caracteres sospechosos: ['""']; SHIWILU contiene caracteres sospechosos: ['“']","""Ya me han muerto, ya me están quemando para que no vea más nada.","“Ipa' dei'tulamau'ku, ipa' kekkapalama'u'ku lli'chinpuek a'pinta'.","ya me han muerto, ya me están quemando para que no vea más nada.","ipa' dei'tulamau'ku, ipa' kekkapalama'u'ku lli'chinpuek a'pinta'."
U02958,suspicious_content,SHIWILU contiene caracteres sospechosos: ['’'],"De ahí otro grupo se fue, trochando semanas, han hecho trocha.","Naneklima ali’la musun pa’an, sekllintan ima simana’ ima sekllintullina’.","de ahí otro grupo se fue, trochando semanas, han hecho trocha.","naneklima ali’la musun pa’an, sekllintan ima simana’ ima sekllintullina’."
U02959,suspicious_content,"ESP contiene paréntesis (posible glosa); ESP contiene caracteres sospechosos: ['(', ')']; SHIWILU contiene caracteres sospechosos: ['’']","Otros, dice, fueron a poner más yuca (para aprovisionarse).",Ali’ladaper ima ker’ aku’pakuñina’.,"otros, dice, fueron a poner más yuca (para aprovisionarse).",ali’ladaper ima ker’ aku’pakuñina’.
U02960,suspicious_content,SHIWILU contiene caracteres sospechosos: ['’'],"En lo que estaban llevando, encontraron al tigre negro.",Uk’apinlencha’ni’ma kelluluñiñi’ kanañina’.,"en lo que estaban llevando, encontraron al tigre negro.",uk’apinlencha’ni’ma kelluluñiñi’ kanañina’.
U02961,suspicious_content,SHIWILU contiene caracteres sospechosos: ['’'],"Sangraron lechecaspi, la hicieron hervir y lo esperaron.","Ekkadek pektañina’, a’ukluka’llina’, wa’tenñina’.","sangraron lechecaspi, la hicieron hervir y lo esperaron.","ekkadek pektañina’, a’ukluka’llina’, wa’tenñina’."
U02963,suspicious_content,SHIWILU contiene caracteres sospechosos: ['’'],"La olla se rompió y le bañó toda la cara al, este, tigre negro.","Ukta nudektulli ama’ladatulli nana, ma’i, kelluluñiñi’.","la olla se rompió y le bañó toda la cara al, este, tigre negro.","ukta nudektulli ama’ladatulli nana, ma’i, kelluluñiñi’."
U02967,suspicious_content,"ESP contiene caracteres sospechosos: ['""']; SHIWILU contiene caracteres sospechosos: ['“', '”', '’']","""Su hembra vive"" dijeron.",“Ku’apenñen nanpipalli” tan ima.,su hembra vive dijeron.,ku’apenñen nanpipalli tan ima.
U02969,suspicious_content,"ESP contiene caracteres sospechosos: ['“', '""']; SHIWILU contiene caracteres sospechosos: ['’', '""']","Dice que se fueron a ver los pastos. “¿Qué es esto?"" dijeron viendo el pasto.","Lli’kuñini’ma panpateklu’lusa’. ""Ma’lusa’ asu’?"" tullini’ma panpateklu’ lli’anna’.",dice que se fueron a ver los pastos. ¿qué es esto? dijeron viendo el pasto.,lli’kuñini’ma panpateklu’lusa’. ma’lusa’ asu’? tullini’ma panpateklu’ lli’anna’.
U02970,suspicious_content,"ESP contiene paréntesis (posible glosa); SHIWILU contiene paréntesis (posible glosa); ESP contiene caracteres sospechosos: ['(', ')']; SHIWILU contiene caracteres sospechosos: ['’', '(', ')']","Calladitos pasaron (el viento se levanta, dice, cuando se pasa haciendo bulla).",Ta’tushalai’ni’ma nakutullina’ (tanluwa ima yunsanpalli lamapu’nna’ nakuerkasu’).,"calladitos pasaron (el viento se levanta, dice, cuando se pasa haciendo bulla).",ta’tushalai’ni’ma nakutullina’ (tanluwa ima yunsanpalli lamapu’nna’ nakuerkasu’).
U02971,suspicious_content,SHIWILU contiene caracteres sospechosos: ['’'],"Por eso ellos se fueron calladitos, caminaron cuidadosamente sin hacer ruido.","Nawei’mi’na nana malek ima nawa’ ta’tushalanna’ pa’llina’, ta’tushalanni’ma dekkuntullina’.","por eso ellos se fueron calladitos, caminaron cuidadosamente sin hacer ruido.","nawei’mi’na nana malek ima nawa’ ta’tushalanna’ pa’llina’, ta’tushalanni’ma dekkuntullina’."
U02972,suspicious_content,"ESP contiene paréntesis (posible glosa); ESP contiene caracteres sospechosos: ['(', ')']; SHIWILU contiene caracteres sospechosos: ['’']","Después de pasar (ese lugar peligroso), amaneciéndose, llegaron a Moyobamba.","Naku’tanni’ma, ukllinantanna’, ektu’llina’ Muyunpak.","después de pasar (ese lugar peligroso), amaneciéndose, llegaron a moyobamba.","naku’tanni’ma, ukllinantanna’, ektu’llina’ muyunpak."
U02973,suspicious_content,SHIWILU contiene caracteres sospechosos: ['’'],Cuentan que cando llegaron a Moyobamba los que hablaban en lengua Inca los quisieron matar.,"Ektu’sik ima Muyunpak, nana Inka’ la’la’ lunlusa’ler ima, yadi’tudeklli.",cuentan que cando llegaron a moyobamba los que hablaban en lengua inca los quisieron matar.,"ektu’sik ima muyunpak, nana inka’ la’la’ lunlusa’ler ima, yadi’tudeklli."
U02976,suspicious_content,SHIWILU contiene caracteres sospechosos: ['’'],"Dice que ahí había una autoridad, ahí había gobernante.","Wa'an tullima nanek, nanek wa’an ñiwiñi.","dice que ahí había una autoridad, ahí había gobernante.","wa'an tullima nanek, nanek wa’an ñiwiñi."
U02977,suspicious_content,"ESP contiene caracteres sospechosos: ['""']; SHIWILU contiene caracteres sospechosos: ['’', '”', '""']","El gobernante los llamó y tras llamarles les preguntó: -""¿Qué cosa queriendo han venido?","Nana wa’anler peklu’deklli, peklu’dek’an itulli: -""¿Ma’i’na luwantanma’ uklama’?”.",el gobernante los llamó y tras llamarles les preguntó: -¿qué cosa queriendo han venido?,"nana wa’anler peklu’deklli, peklu’dek’an itulli: -¿ma’i’na luwantanma’ uklama’?."
U02978,suspicious_content,"ESP contiene caracteres sospechosos: ['""']; SHIWILU contiene caracteres sospechosos: ['""', '’']","-""Queriendo conocer hemos venido.","-""Yaluwer’amudek ukllidek.",-queriendo conocer hemos venido.,-yaluwer’amudek ukllidek.
U02979,suspicious_content,SHIWILU contiene caracteres sospechosos: ['’'],"A otra gente que han venido de otros pueblos queremos verles, a la gente blanca.",Ali’la muda’ nerñinanluklan weklusa’ yalli’dekllidek Dadapu muda’lusa’.,"a otra gente que han venido de otros pueblos queremos verles, a la gente blanca.",ali’la muda’ nerñinanluklan weklusa’ yalli’dekllidek dadapu muda’lusa’.
U02980,suspicious_content,"ESP contiene caracteres sospechosos: ['""']; SHIWILU contiene caracteres sospechosos: ['""', '’']","Por eso hemos venido"" dijeron.","""Nana nu’amudek ukllidek"" itullini’ma.",por eso hemos venido dijeron.,nana nu’amudek ukllidek itullini’ma.
U02982,suspicious_content,"ESP contiene caracteres sospechosos: ['""']; SHIWILU contiene caracteres sospechosos: ['""']","Entonces cuando amanecieron, otro día cuando amanecieron nuevamente dijeron ""Ya queremos volver"".","Nanek ukllinantanna', ali'la uklli ukllinantununta'nna' tullina' ""Yadanta'llidek.","entonces cuando amanecieron, otro día cuando amanecieron nuevamente dijeron ya queremos volver.","nanek ukllinantanna', ali'la uklli ukllinantununta'nna' tullina' yadanta'llidek."
U02983,suspicious_content,"ESP contiene paréntesis (posible glosa); ESP contiene caracteres sospechosos: ['""', '(', ')']; SHIWILU contiene caracteres sospechosos: ['""']","Tras volver (a Jeberos) contaron: ""Mucho en otros pueblos tienen casa embarrada (tarrajeada).","Adencha'nni'ma luncha'llina': ""Enpu'nipa' ali'la ñinanluk lupa'paperpidek'wañina'.",tras volver (a jeberos) contaron: mucho en otros pueblos tienen casa embarrada (tarrajeada).,adencha'nni'ma luncha'llina': enpu'nipa' ali'la ñinanluk lupa'paperpidek'wañina'.
U02987,suspicious_content,SHIWILU contiene caracteres sospechosos: ['’'],"De ahí ya no quisieron hilar, ya no desmotaban el algodón, ya no hacían ovillo.","Nanekla ñi a’pinta’ yapitetchi’ñina’, ñi ananchi’ñina', ñi asu’ pankuellinchi’ñina’.","de ahí ya no quisieron hilar, ya no desmotaban el algodón, ya no hacían ovillo.","nanekla ñi a’pinta’ yapitetchi’ñina’, ñi ananchi’ñina', ñi asu’ pankuellinchi’ñina’."
U02988,suspicious_content,"ESP contiene paréntesis (posible glosa); ESP contiene caracteres sospechosos: ['(', ')']; SHIWILU contiene caracteres sospechosos: ['’']",Ya no hilaban porque habían visto las telas (en Moyobamba).,Pitetchi’ñina’ ipa' nana kapiña’su’ lli’anna’.,ya no hilaban porque habían visto las telas (en moyobamba).,pitetchi’ñina’ ipa' nana kapiña’su’ lli’anna’.
U02989,suspicious_content,SHIWILU contiene caracteres sospechosos: ['’'],"Al descrubir eso, lo que hilábamos se terminó.",Maweklima kanana kenmu’wa’ pitetcha’kawa’su’ ta’wantulli.,"al descrubir eso, lo que hilábamos se terminó.",maweklima kanana kenmu’wa’ pitetcha’kawa’su’ ta’wantulli.
U02990,suspicious_content,ESP contiene caracteres sospechosos: ['“']; SHIWILU contiene caracteres sospechosos: ['“'],"Al regresar de allí hablaron “Por ahí vive gente blanca, de ojos azules, de ojos claros.","Nanekla adenchenna' luncha'llina' “Nanalupa' Dadapu muda' nanpipalli, kañellu'ladatusu, adawa'ladatusu.","al regresar de allí hablaron por ahí vive gente blanca, de ojos azules, de ojos claros.","nanekla adenchenna' luncha'llina' nanalupa' dadapu muda' nanpipalli, kañellu'ladatusu, adawa'ladatusu."
U02991,suspicious_content,"ESP contiene caracteres sospechosos: ['""']; SHIWILU contiene caracteres sospechosos: ['’', '""']","Algunos parece que no tuvieran ojos, porque son de otra raza"" dijeron antes.","Un’unta’ ma’lusa’ ladawi’ñinpu’su’ lli’tulli, nerñinanlukla nanna’"" tullina’ napi’.","algunos parece que no tuvieran ojos, porque son de otra raza dijeron antes.","un’unta’ ma’lusa’ ladawi’ñinpu’su’ lli’tulli, nerñinanlukla nanna’ tullina’ napi’."
U02992,suspicious_content,SHIWILU contiene caracteres sospechosos: ['’'],Cuentan que de ahí se trajeron al cura raptándolo por la noche.,"Naneklimaka, pacher kencha’llina’ apetchanna’ dekpilli.",cuentan que de ahí se trajeron al cura raptándolo por la noche.,"naneklimaka, pacher kencha’llina’ apetchanna’ dekpilli."
U02997,suspicious_content,"ESP contiene caracteres sospechosos: ['“', '""']; SHIWILU contiene caracteres sospechosos: ['“', '""', '’']","“Van a experimentar cambios estas mujeres, los jóvenes, los viejos, los abuelos"" dijo.","“Nerpi’lantetchuna’ asu’ kaiklusa’, nadi’neklusa’, taserpilusa', papinkulusa’"" tullima.","van a experimentar cambios estas mujeres, los jóvenes, los viejos, los abuelos dijo.","nerpi’lantetchuna’ asu’ kaiklusa’, nadi’neklusa’, taserpilusa', papinkulusa’ tullima."
U02999,suspicious_content,SHIWILU contiene caracteres sospechosos: ['’'],De esa manera construyeron el camino de Moyobamba.,Nu'siklimaka asu’ Muyunpa inchilala nu’tullina’.,de esa manera construyeron el camino de moyobamba.,nu'siklimaka asu’ muyunpa inchilala nu’tullina’.
U03004,suspicious_content,"ESP contiene caracteres sospechosos: ['""']; SHIWILU contiene caracteres sospechosos: ['""']","Así, de esa manera, llegaron a Moyobamba"" decían los abuelos ya finados.","Nu'sik nu'eklima nana Muyunpak ektu'llina'"" tullina' papinkuku'lusa'.","así, de esa manera, llegaron a moyobamba decían los abuelos ya finados.",nu'sik nu'eklima nana muyunpak ektu'llina' tullina' papinkuku'lusa'.
U03005,suspicious_content,"ESP contiene paréntesis (posible glosa); ESP contiene caracteres sospechosos: ['""', '(', ')']; SHIWILU contiene caracteres sospechosos: ['""']","Dice que ahí algunos (españoles) les decían (a los shiwilu) ""Traigan a sus hermanas para vendérnoslas"".","Nanek ima nu'unta' itudekllina' ""Kerku' sha'wapenma' uku'lakeru'kudek"".",dice que ahí algunos (españoles) les decían (a los shiwilu) traigan a sus hermanas para vendérnoslas.,nanek ima nu'unta' itudekllina' kerku' sha'wapenma' uku'lakeru'kudek.
U03017,suspicious_content,"ESP contiene caracteres sospechosos: ['""']; SHIWILU contiene caracteres sospechosos: ['""']","""No se vayan por ese camino"" decía un abuelito.","""Aner nanalupa' yapa'tama"" tullima ala'sa' papinkusha.",no se vayan por ese camino decía un abuelito.,aner nanalupa' yapa'tama tullima ala'sa' papinkusha.
U03019,suspicious_content,"ESP contiene paréntesis (posible glosa); ESP contiene caracteres sospechosos: ['(', ')']",Así seguía hasta que trajeron por acá (por Jeberos) mujeres adineradas.,Nu'apileklima kencha'llina' inalupa' ku'apellusa' kullikerwanlusa'.,así seguía hasta que trajeron por acá (por jeberos) mujeres adineradas.,nu'apileklima kencha'llina' inalupa' ku'apellusa' kullikerwanlusa'.
U03021,suspicious_content,"ESP contiene caracteres sospechosos: ['""']; SHIWILU contiene caracteres sospechosos: ['’', '""']","Al cura cargándolo en la espalda lo traían ""¿Ahora quién va a estar cargando al cura?"", dijeron.","Pacher’ pipek'anna' kerapencha'llina' ""¿Ipa'li’na denler pacher’ pipek'apetchu?"", tullina'.","al cura cargándolo en la espalda lo traían ¿ahora quién va a estar cargando al cura?, dijeron.","pacher’ pipek'anna' kerapencha'llina' ¿ipa'li’na denler pacher’ pipek'apetchu?, tullina'."
U03025,suspicious_content,SHIWILU contiene caracteres sospechosos: ['’'],"Nadie lo ve, no se deja que lo vean, así.","Ñidenler lli'api'ñi, yaya’nlli’chi’ñi, nu’su’.","nadie lo ve, no se deja que lo vean, así.","ñidenler lli'api'ñi, yaya’nlli’chi’ñi, nu’su’."
U03026,suspicious_content,SHIWILU contiene caracteres sospechosos: ['’'],"Ahora más tienen aretes, tienen collar, aprendieron a leer y escribir. Algunos tienen dinero.","Ipa'la a'pinta' asunwekwañina', miduwañina', kerka' ñinchillintullina'. Nu’unta’ kulliker’wañi.","ahora más tienen aretes, tienen collar, aprendieron a leer y escribir. algunos tienen dinero.","ipa'la a'pinta' asunwekwañina', miduwañina', kerka' ñinchillintullina'. nu’unta’ kulliker’wañi."
U03027,suspicious_content,SHIWILU contiene caracteres sospechosos: ['’'],Lo que hablaron las abuelitas ya finadas se esta cumpliendo ahora.,Amiku'lusa' lu’rnka'su'pi'la nana ipa' innitapallin ipa'la.,lo que hablaron las abuelitas ya finadas se esta cumpliendo ahora.,amiku'lusa' lu’rnka'su'pi'la nana ipa' innitapallin ipa'la.
U03033,suspicious_content,"ESP contiene caracteres sospechosos: ['""']; SHIWILU contiene caracteres sospechosos: ['""']","A eso dijeron ""¡Cuánto hemos sufrido para abrir el camino a Moyobamba!"" dijeron.","Nana nani'na itullina' ""Ma'pu'si'pa' insekluteñek Muyunpa inchilala yaekketchakwa' tullina'.",a eso dijeron ¡cuánto hemos sufrido para abrir el camino a moyobamba! dijeron.,nana nani'na itullina' ma'pu'si'pa' insekluteñek muyunpa inchilala yaekketchakwa' tullina'.
U03034,suspicious_content,SHIWILU contiene caracteres sospechosos: ['’'],"Ahora conocemos a otras gentes, conocemos a los que hablan otra lengua.","Ipa’la’ka luwetchudekllina' ali'la muda'lusa', luwetchudekñina' nerpi'la lunlusa'.","ahora conocemos a otras gentes, conocemos a los que hablan otra lengua.","ipa’la’ka luwetchudekllina' ali'la muda'lusa', luwetchudekñina' nerpi'la lunlusa'."
U03043,suspicious_content,"ESP contiene caracteres sospechosos: ['”']; SHIWILU contiene caracteres sospechosos: ['""']","Así vamos a ser nosotros, nos van a perjudicar” dijo un abuelo.","Nu'aterwa' kenmu'wa', utekkwa'pu'llinerkenmu'wa'"" tullima ala'sa' papinku.","así vamos a ser nosotros, nos van a perjudicar dijo un abuelo.","nu'aterwa' kenmu'wa', utekkwa'pu'llinerkenmu'wa' tullima ala'sa' papinku."
U03045,suspicious_content,SHIWILU contiene caracteres sospechosos: ['’'],Hemos escuchado lo que han hablado aquellos que hicieron el camino a Moyobamba.,Laukdekllidek lu’rnkasu' nana asu' Muyunpa inchilala nu'ter'kasu'.,hemos escuchado lo que han hablado aquellos que hicieron el camino a moyobamba.,laukdekllidek lu’rnkasu' nana asu' muyunpa inchilala nu'ter'kasu'.
U03050,suspicious_content,ESP contiene caracteres sospechosos: ['…'],Así hablaron los antiguos….,Nu'sui'ma luñi taserpiku'lusa'.....,así hablaron los antiguos….,nu'sui'ma luñi taserpiku'lusa'.....
U03051,suspicious_content,SHIWILU contiene caracteres sospechosos: ['’'],"Meses a veces lloraban, tomándose de las manos, besándose las manos, por todas esas cosas lloraban.","Duker nerpi’pu' wellekllina', inpilli'iteklatanna', inmusha'iteklanna', nanadaper malek wellekllina'.","meses a veces lloraban, tomándose de las manos, besándose las manos, por todas esas cosas lloraban.","duker nerpi’pu' wellekllina', inpilli'iteklatanna', inmusha'iteklanna', nanadaper malek wellekllina'."
U03056,suspicious_content,"ESP contiene paréntesis (posible glosa); ESP contiene caracteres sospechosos: ['(', ')']","Dice que, antiguamente, (los españoles) los maltrataban, les reñían, los paleaban, los hacían trabajar hasta muy tarde.","Napi' ima llikanetchudek'i'ñina', yutudekllini'ma, llipu'tudekllini'ma, er'washinchi walek a'saka'tudekllina'.","dice que, antiguamente, (los españoles) los maltrataban, les reñían, los paleaban, los hacían trabajar hasta muy tarde.","napi' ima llikanetchudek'i'ñina', yutudekllini'ma, llipu'tudekllini'ma, er'washinchi walek a'saka'tudekllina'."
U03059,suspicious_content,"ESP contiene paréntesis (posible glosa); ESP contiene caracteres sospechosos: ['(', ')']",y cuando (los Shawala) estaban pasando a trabajar con esos castellano-hablantes los llamó y les dijo:,nakupila'ser yasaka'tanna' nana Kaschilla lu'nsu'lek peklu'dek'an itudeklli:,y cuando (los shawala) estaban pasando a trabajar con esos castellano-hablantes los llamó y les dijo:,nakupila'ser yasaka'tanna' nana kaschilla lu'nsu'lek peklu'dek'an itudeklli:
U03060,suspicious_content,"ESP contiene caracteres sospechosos: ['""']; SHIWILU contiene caracteres sospechosos: ['""']","""Señores, ¡vengan y pasen a beber!","""Yuyu'lusa', ¡da'kerku' u'ku!","señores, ¡vengan y pasen a beber!","yuyu'lusa', ¡da'kerku' u'ku!"
U03063,suspicious_content,SHIWILU contiene caracteres sospechosos: ['“'],¡Vamos a matarlos a estos dos10!,“¡Enchuku' di'tawa' asu' katu'ta'!,¡vamos a matarlos a estos dos10!,¡enchuku' di'tawa' asu' katu'ta'!
U03066,suspicious_content,SHIWILU contiene caracteres sospechosos: ['’'],¿Les gusta a eso a ustedes?,Musu' a’cha kankantulama' kenmama'.,¿les gusta a eso a ustedes?,musu' a’cha kankantulama' kenmama'.
U03069,suspicious_content,"ESP contiene paréntesis (posible glosa); ESP contiene caracteres sospechosos: ['(', ')']",Ahí está echado un shungo (palo sangre). ¡Hagan mazos.,Unkuenñan pek kua'palli. ¡Llisanala nu'tu'ku'!,ahí está echado un shungo (palo sangre). ¡hagan mazos.,unkuenñan pek kua'palli. ¡llisanala nu'tu'ku'!
U03071,suspicious_content,"ESP contiene caracteres sospechosos: ['""']; SHIWILU contiene caracteres sospechosos: ['“', '–', '""']","-""¿Por qué vamos a matarlos?"", dijo un viejo.","–“ ¿Ma'ki'na nu'taterwa?"", tullima ala'sa' taserpi.","-¿por qué vamos a matarlos?, dijo un viejo.","– ¿ma'ki'na nu'taterwa?, tullima ala'sa' taserpi."
U03072,suspicious_content,"ESP contiene caracteres sospechosos: ['“']; SHIWILU contiene caracteres sospechosos: ['""']","- “¡No, cállate tú! Quizás tú quieres que te sigan maltratando.","-""!Ma'sha, ta'tuler kenma! Kenmeipa' luwantula llikanerchapinpu'erkensu'","- ¡no, cállate tú! quizás tú quieres que te sigan maltratando.","-!ma'sha, ta'tuler kenma! kenmeipa' luwantula llikanerchapinpu'erkensu'"
U03074,suspicious_content,"ESP contiene caracteres sospechosos: ['""', '”']; SHIWILU contiene caracteres sospechosos: ['""']","""Así vamos a hacer entonces”, dijeron haciendo mazo.","""Nu'awa' nu'pachi tanni'ma llisanala nu'tanna'.","así vamos a hacer entonces, dijeron haciendo mazo.",nu'awa' nu'pachi tanni'ma llisanala nu'tanna'.
U03076,suspicious_content,ESP contiene caracteres sospechosos: ['’'],"Cuando tenían todos sus tambores, cuando yupaneaban se encontraron en la misma puerta de Apu’tek.",Tuntunwanta'ser silututa'ser inkapetllina' Apu'tekku' unkunanñik'inchi.,"cuando tenían todos sus tambores, cuando yupaneaban se encontraron en la misma puerta de apu’tek.",tuntunwanta'ser silututa'ser inkapetllina' apu'tekku' unkunanñik'inchi.
U03077,suspicious_content,ESP contiene caracteres sospechosos: ['’']; SHIWILU contiene caracteres sospechosos: ['’'],Viendo Apu’tek que estaban bien enojados corrió y se escondió en su dormitorio.,Lli'an ima Apu’tekku' enpu'nipa' yupilerkasu'tekka'lli insekkitulli wicha'pek.,viendo apu’tek que estaban bien enojados corrió y se escondió en su dormitorio.,lli'an ima apu’tekku' enpu'nipa' yupilerkasu'tekka'lli insekkitulli wicha'pek.
U03080,suspicious_content,"ESP contiene paréntesis (posible glosa); ESP contiene caracteres sospechosos: ['’', '(', ')']",Entonces salieron a buscarlo (a Apu’tek).,Nu'anna' yunsu'llina' yadunkeranna'.,entonces salieron a buscarlo (a apu’tek).,nu'anna' yunsu'llina' yadunkeranna'.
U03083,suspicious_content,SHIWILU contiene caracteres sospechosos: ['”'],¡Que los cobardes se terminen!,¡Ma'ki'na tek kualu'lusa' ta'wanchi!”,¡que los cobardes se terminen!,¡ma'ki'na tek kualu'lusa' ta'wanchi!
U03084,suspicious_content,ESP contiene caracteres sospechosos: ['”']; SHIWILU contiene caracteres sospechosos: ['”'],¡Que vivan puros fuerzudos!” diciendo a los que viven por el Barrio Bajo casi los han exterminado.,¡Nantapiteklusa'sa' nanpii” tan ima asu' Chilenllupa' nanpilusa' lliketchuduwidillekllina'.,¡que vivan puros fuerzudos! diciendo a los que viven por el barrio bajo casi los han exterminado.,¡nantapiteklusa'sa' nanpii tan ima asu' chilenllupa' nanpilusa' lliketchuduwidillekllina'.
U03088,suspicious_content,"ESP contiene caracteres sospechosos: ['""']; SHIWILU contiene caracteres sospechosos: ['""']","-""Vengan, su pueblo es.","-""Wencha'ku', ñinnanlu'penma' nuka'a.","-vengan, su pueblo es.","-wencha'ku', ñinnanlu'penma' nuka'a."
U03089,suspicious_content,SHIWILU contiene caracteres sospechosos: ['’'],Ya Malalina ha muerto. Ella era la que sentía rencor.,Ipa’ Malallina chimiñi. Nana asu' luyuta'su'.,ya malalina ha muerto. ella era la que sentía rencor.,ipa’ malallina chimiñi. nana asu' luyuta'su'.
U03106,suspicious_content,"ESP contiene caracteres sospechosos: ['“', '”']; SHIWILU contiene caracteres sospechosos: ['“', '”']","“Hubiéramos extinguido a todos los de habla española”,","“Nana asu' Ishpaña la'la'lunlusa' lliketchudeknanta'ser”,","hubiéramos extinguido a todos los de habla española,","nana asu' ishpaña la'la'lunlusa' lliketchudeknanta'ser,"
U03108,suspicious_content,ESP contiene caracteres sospechosos: ['“']; SHIWILU contiene caracteres sospechosos: ['“'],"“Ellos nos han enseñado a mentir, a robar, a matar, todas esas cosas.","“Nawa' asu' a'lekllinerkenmu'wa' tumu'akawek, apetchakawek, di'akawek, nanadaper ima'ka.","ellos nos han enseñado a mentir, a robar, a matar, todas esas cosas.","nawa' asu' a'lekllinerkenmu'wa' tumu'akawek, apetchakawek, di'akawek, nanadaper ima'ka."
U03114,suspicious_content,ESP contiene caracteres sospechosos: ['“']; SHIWILU contiene caracteres sospechosos: ['“'],“¿Por qué pues han abierto ese camino a Moyobamaba?,“ ¿Ma'ki'nta' asu' Muyunpa inchilala ekketchullina'?,¿por qué pues han abierto ese camino a moyobamaba?, ¿ma'ki'nta' asu' muyunpa inchilala ekketchullina'?
U03115,suspicious_content,SHIWILU contiene caracteres sospechosos: ['”'],Viniendo por ahí nos están viniendo a hacer esto.,Nanalupa' uk'anna' asu' utapakellinerkenmu'wa'”.,viniendo por ahí nos están viniendo a hacer esto.,nanalupa' uk'anna' asu' utapakellinerkenmu'wa'.
U03116,suspicious_content,"ESP contiene caracteres sospechosos: ['""']; SHIWILU contiene caracteres sospechosos: ['""']","Ellos tienen la culpa, los que han abierto ese camino"" han dicho algunos.","Usha'wallina' nana inchilala ekketchulusa'"" tullini'ma' nu'unta'.","ellos tienen la culpa, los que han abierto ese camino han dicho algunos.",usha'wallina' nana inchilala ekketchulusa' tullini'ma' nu'unta'.
U03118,suspicious_content,SHIWILU contiene caracteres sospechosos: ['’'],Ellos ahora nos estan enseñando el castellano.,Nawa' ipa'la asu' Kaschilla la'la' a'lek’apallinerkudek.,ellos ahora nos estan enseñando el castellano.,nawa' ipa'la asu' kaschilla la'la' a'lek’apallinerkudek.
U03119,suspicious_content,SHIWILU contiene caracteres sospechosos: ['’'],En la escuela primaria y secundaria soló hablan puro castellano.,Asu' a'lektupideklusek ñinchitupideklusek nana Kaschillasa’ luñina’.,en la escuela primaria y secundaria soló hablan puro castellano.,asu' a'lektupideklusek ñinchitupideklusek nana kaschillasa’ luñina’.
U03126,suspicious_content,"ESP contiene paréntesis (posible glosa); ESP contiene caracteres sospechosos: ['(', ')']","Los que vinieron a ver dijeron, los que hacían comprender, los que interpretaban (la lengua) dijeron:","Lli'kerenni'ma tullina'ka nawa', nana a'lachekta'su', lawer'a'su' tulli:","los que vinieron a ver dijeron, los que hacían comprender, los que interpretaban (la lengua) dijeron:","lli'kerenni'ma tullina'ka nawa', nana a'lachekta'su', lawer'a'su' tulli:"
U03127,suspicious_content,ESP contiene caracteres sospechosos: ['“']; SHIWILU contiene caracteres sospechosos: ['“'],“El palo de yuca es bueno para trabajar.,“ Asek ima u'chimu saka'takawek ketñala.,el palo de yuca es bueno para trabajar., asek ima u'chimu saka'takawek ketñala.
U03129,suspicious_content,"ESP contiene paréntesis (posible glosa); ESP contiene caracteres sospechosos: ['""', '(', ')']; SHIWILU contiene caracteres sospechosos: ['""']","Vamos a mandarles a hacer chacra"", diciendo vinieron (a Jeberos).","Menmi a'nu'tudek'awa'"" tannima u'anna'.","vamos a mandarles a hacer chacra, diciendo vinieron (a jeberos).",menmi a'nu'tudek'awa' tannima u'anna'.
U03131,suspicious_content,ESP contiene caracteres sospechosos: ['’']; SHIWILU contiene caracteres sospechosos: ['’'],"Cuentan que Apu’tek tenía plata, mientras que a Sekputchek lo trajeron para que supervise a los trabajadores.","Apu’tek ima kullikerwa'su', Sekputchek imi'na saka'tulusa' luwekta'su' nanakin kelli.","cuentan que apu’tek tenía plata, mientras que a sekputchek lo trajeron para que supervise a los trabajadores.","apu’tek ima kullikerwa'su', sekputchek imi'na saka'tulusa' luwekta'su' nanakin kelli."
U03134,suspicious_content,ESP contiene caracteres sospechosos: ['’']; SHIWILU contiene caracteres sospechosos: ['’'],"En cambio Apu’tek no sabía aborrecer mucho, no era miserable.","Apu’tek i'mi'na ñinpu' ninchiluyuchi'ñi, ñi aperku'tekinpu'.","en cambio apu’tek no sabía aborrecer mucho, no era miserable.","apu’tek i'mi'na ñinpu' ninchiluyuchi'ñi, ñi aperku'tekinpu'."
U03137,suspicious_content,"ESP contiene paréntesis (posible glosa); ESP contiene caracteres sospechosos: ['""', '(', ')']; SHIWILU contiene caracteres sospechosos: ['""']","Así dice, cuando no podían ver bien en la noche, ""Vamos a regresar"", decía (Sekputchek).","Tusik ima ipa' tulli ipa' mulli'chinpu'a'ser ""Enchuku' adanta'wa'"", tullima.","así dice, cuando no podían ver bien en la noche, vamos a regresar, decía (sekputchek).","tusik ima ipa' tulli ipa' mulli'chinpu'a'ser enchuku' adanta'wa', tullima."
U03144,suspicious_content,ESP contiene caracteres sospechosos: ['”']; SHIWILU contiene caracteres sospechosos: ['”'],"He hecho mi pampanilla, he hecho mi camisa, de mi tío finado su camisa he hecho”.","Kalantekwek nu'tulek, kutunwek nu'tulek, apetchawekku'kin kutunen nu'itulek”.","he hecho mi pampanilla, he hecho mi camisa, de mi tío finado su camisa he hecho.","kalantekwek nu'tulek, kutunwek nu'tulek, apetchawekku'kin kutunen nu'itulek."
U03147,suspicious_content,SHIWILU contiene caracteres sospechosos: ['’'],Ahora les voy a contar cómo quizás los nombres shiwilu11 han sido.,Enta' winterkenma' ma'pu'si'pa' kineklada’ llillin ñilli.,ahora les voy a contar cómo quizás los nombres shiwilu11 han sido.,enta' winterkenma' ma'pu'si'pa' kineklada’ llillin ñilli.
U03148,suspicious_content,"ESP contiene paréntesis (posible glosa); ESP contiene caracteres sospechosos: ['(', ')']","Después de matar a Sekputchek, (los jeberinos) se han esparcido, se han aborrecido.","Nana Sekputchekkui'na di'tanna, inpasetllina', inluyullina'.","después de matar a sekputchek, (los jeberinos) se han esparcido, se han aborrecido.","nana sekputchekkui'na di'tanna, inpasetllina', inluyullina'."
U03157,suspicious_content,"ESP contiene caracteres sospechosos: ['""']","Ellos han adoptado el nombre ""El de la boca abierta"".",Nawa'ler ima aku'llillillina' Laweklatek.,ellos han adoptado el nombre el de la boca abierta.,nawa'ler ima aku'llillillina' laweklatek.
U03159,suspicious_content,"ESP contiene caracteres sospechosos: ['""']; SHIWILU contiene caracteres sospechosos: ['“']","De ahí, cuando regresaron les preguntaron ""¿Dónde se han ido a vivir ustedes, yéndose al cerro?","Naneklima adencha'a'ser lekdekllina' “ ¿Enñupa' i'na kenmama' nanpikunama', pa'anma' mutupik?","de ahí, cuando regresaron les preguntaron ¿dónde se han ido a vivir ustedes, yéndose al cerro?","naneklima adencha'a'ser lekdekllina'  ¿enñupa' i'na kenmama' nanpikunama', pa'anma' mutupik?"
U03163,suspicious_content,"ESP contiene paréntesis (posible glosa); ESP contiene caracteres sospechosos: ['“', '”', '(', ')']; SHIWILU contiene caracteres sospechosos: ['""', '”', '’']","Otro dijo “Yo soy Ave Montete14, (y otro) yo soy Maka”.","Ali'lima tulli ""Kui’na Musenpitek, kui’na Maka”.","otro dijo yo soy ave montete14, (y otro) yo soy maka.","ali'lima tulli kui’na musenpitek, kui’na maka."
U03164,suspicious_content,"ESP contiene paréntesis (posible glosa); ESP contiene caracteres sospechosos: ['""', '(', ')']; SHIWILU contiene caracteres sospechosos: ['""']","En base a eso, entonces, el cura le puso (el nombre) ""Ustedes son Maka"", Maka15 les pusieron.","Naneklima ipa'linchi pacherler aku'lli ""Kenmami'na Makanma'"", Maka aku'deklli.","en base a eso, entonces, el cura le puso (el nombre) ustedes son maka, maka15 les pusieron.","naneklima ipa'linchi pacherler aku'lli kenmami'na makanma', maka aku'deklli."
U03165,suspicious_content,"ESP contiene paréntesis (posible glosa); ESP contiene caracteres sospechosos: ['(', ')']",Ustedes (los que viven) por (donde) Llumallun son Lomas.,Kenmami'na Llumallunku'lupa' Lomas.,ustedes (los que viven) por (donde) llumallun son lomas.,kenmami'na llumallunku'lupa' lomas.
U03171,suspicious_content,SHIWILU contiene caracteres sospechosos: ['’'],"Yo soy tocayo, yo soy, este, Shapingo16.","Kui’na apulli'ku, kwina', ma'i, tananmuda'ku.","yo soy tocayo, yo soy, este, shapingo16.","kui’na apulli'ku, kwina', ma'i, tananmuda'ku."
U03176,suspicious_content,"ESP contiene caracteres sospechosos: ['“', '”']; SHIWILU contiene caracteres sospechosos: ['“', '”', '’']",“¿Cuál quieres que sea tu santo?” les preguntó.,“ ¿Enkasu' a’cha santupen luwantula ña'su'?” itullima.,¿cuál quieres que sea tu santo? les preguntó., ¿enkasu' a’cha santupen luwantula ña'su'? itullima.
U03177,suspicious_content,"ESP contiene paréntesis (posible glosa); ESP contiene caracteres sospechosos: ['(', ')']","El muchacho, dice, fue, miró y escogió (un santito) agarrándolo.",Wileima panta'n lli'an pilli'tulli.,"el muchacho, dice, fue, miró y escogió (un santito) agarrándolo.",wileima panta'n lli'an pilli'tulli.
U03178,suspicious_content,"ESP contiene caracteres sospechosos: ['""']; SHIWILU contiene caracteres sospechosos: ['""']","""Este"", dijo.","""Asu'"", tullima.","este, dijo.","asu', tullima."
U03179,suspicious_content,"ESP contiene paréntesis (posible glosa); ESP contiene caracteres sospechosos: [')', '“', '(', '""']; SHIWILU contiene caracteres sospechosos: ['“', '""']","“¿Cómo lo vas a llamar?, Fidel"", dijo (el cura).","“ ¿Ma'itetchuncha?, Pidir"" tullima.","¿cómo lo vas a llamar?, fidel, dijo (el cura)."," ¿ma'itetchuncha?, pidir tullima."
U03181,suspicious_content,"ESP contiene caracteres sospechosos: ['“', '”']; SHIWILU contiene caracteres sospechosos: ['“', '”']",“Este es Pablo”.,“ Asui'na Pablo”.,este es pablo., asui'na pablo.
U03182,suspicious_content,"ESP contiene paréntesis (posible glosa); ESP contiene caracteres sospechosos: ['“', '”', '(', ')']; SHIWILU contiene caracteres sospechosos: ['“', '”']","Este, entonces, el que entendía (de santos), dijo, “Pablo”.","Asui'ina, nu'pachi, a'la'chikta'sui'ma, tulli, “Pulu”.","este, entonces, el que entendía (de santos), dijo, pablo.","asui'ina, nu'pachi, a'la'chikta'sui'ma, tulli, pulu."
U03184,suspicious_content,"ESP contiene caracteres sospechosos: ['""']; SHIWILU contiene caracteres sospechosos: ['""']","Este agarró a San Pedro. ""Ah, Pedro"".","Pilli'tulli asi'na San Pedro. ""Ah, Pideru"".","este agarró a san pedro. ah, pedro.","pilli'tulli asi'na san pedro. ah, pideru."
U03190,suspicious_content,"ESP contiene paréntesis (posible glosa); ESP contiene caracteres sospechosos: ['""', '(', ')']; SHIWILU contiene caracteres sospechosos: ['""']","Vayan acordándose de esa clase (de nombres) nos dicen ahora, ""gente civilizada"" dicen.","Lli'inutapaku' nu'sukla'nka kenmu'wa' ipa'la itullinerkenmu'wa', ""gente civilizada"" tullima.","vayan acordándose de esa clase (de nombres) nos dicen ahora, gente civilizada dicen.","lli'inutapaku' nu'sukla'nka kenmu'wa' ipa'la itullinerkenmu'wa', gente civilizada tullima."
U03191,suspicious_content,SHIWILU contiene caracteres sospechosos: ['’'],"Así quizás somos, o no quizás. No creo yo.","La'i nu'lekweipa', ku'leipa'. Latekchi’lek kua.","así quizás somos, o no quizás. no creo yo.","la'i nu'lekweipa', ku'leipa'. latekchi’lek kua."
U03196,suspicious_content,"ESP contiene paréntesis (posible glosa); ESP contiene caracteres sospechosos: ['(', ')']",Nombres extranjeros han puesto sin saber hablar (la lengua).,Nerpi'la llillin aku'llina' ñinchiluinpu'la'pi'na'.,nombres extranjeros han puesto sin saber hablar (la lengua).,nerpi'la llillin aku'llina' ñinchiluinpu'la'pi'na'.
U03197,suspicious_content,SHIWILU contiene caracteres sospechosos: ['’'],"Ahora ponen, este, Giovana, y otros nombres más.","Ipa’la aku’llina’, ma’i, Giovanna, ma’nen ilipa’.","ahora ponen, este, giovana, y otros nombres más.","ipa’la aku’llina’, ma’i, giovanna, ma’nen ilipa’."
U03200,suspicious_content,"ESP contiene paréntesis (posible glosa); ESP contiene caracteres sospechosos: ['(', ')']; SHIWILU contiene caracteres sospechosos: ['’']","Bufeo, todo tipo (de nombres) le ponen.","Sapana', dudinpu’ aku'llina'.","bufeo, todo tipo (de nombres) le ponen.","sapana', dudinpu’ aku'llina'."
U03201,suspicious_content,SHIWILU contiene caracteres sospechosos: ['’'],Ahora no se puede entender.,Ipa’la lacheknawi’ñina’.,ahora no se puede entender.,ipa’la lacheknawi’ñina’.
U03205,suspicious_content,"ESP contiene caracteres sospechosos: ['""']; SHIWILU contiene caracteres sospechosos: ['""']","Ahora ""¿Estás yendo compadre?"" diciendo pasan, sin mirarle la cara.","Ipa'li'na ""¿Pa'apilala, kunpá?"" tan nakutulli, lli'ladeinpu'la'pi'.","ahora ¿estás yendo compadre? diciendo pasan, sin mirarle la cara.","ipa'li'na ¿pa'apilala, kunpá? tan nakutulli, lli'ladeinpu'la'pi'."
U03283,suspicious_content,"SHIWILU contiene caracteres sospechosos: ['""']",¿Cómo se dice eso en tu lengua?,"MA'PU'SI'NA PEKLUKEK ""NANA"" LA'LA'PENKEK?",¿cómo se dice eso en tu lengua?,ma'pu'si'na peklukek nana la'la'penkek?
U03290,suspicious_content,SHIWILU contiene caracteres sospechosos: ['|'],¿Tienes hermano?,¿IINWANPALA? | ¿I INWANPALA? ,¿tienes hermano?,¿iinwanpala? | ¿i inwanpala?
U03567,suspicious_content,SHIWILU contiene caracteres sospechosos: ['´'],ellos lavan la ropa.,NAWA'PEKSA´LLINA' KUTUNLUSA',ellos lavan la ropa.,nawa'peksa´llina' kutunlusa'
U03876,suspicious_content,SHIWILU contiene caracteres sospechosos: ['’'],El pueblo de Jeberos es un pueblo antiguo.,Shiwilu ñinanlu’ nuka’a ala’sa’ ñinanlu’ taserpi.,el pueblo de jeberos es un pueblo antiguo.,shiwilu ñinanlu’ nuka’a ala’sa’ ñinanlu’ taserpi.
U03878,suspicious_content,SHIWILU contiene caracteres sospechosos: ['’'],"No tiene ríos, solo quebradas tiene.","Kupin dekshadekwi’ñi, dekshadeklusa’sa’a’ñapalli.","no tiene ríos, solo quebradas tiene.","kupin dekshadekwi’ñi, dekshadeklusa’sa’a’ñapalli."
U03880,suspicious_content,SHIWILU contiene caracteres sospechosos: ['’'],Su suelo es arenoso. Cuando llueve no se forma barro.,Lupa’nen dellu’teklu’ nuka’a. U’lansik mumulu’chi’ñi.,su suelo es arenoso. cuando llueve no se forma barro.,lupa’nen dellu’teklu’ nuka’a. u’lansik mumulu’chi’ñi.
U03881,suspicious_content,SHIWILU contiene caracteres sospechosos: ['’'],"Sus calles son rectas, se puede divisar desde el Barrio Bajo hasta el Barrio Alto.","Kallinenlusa’ chekshasu’ nuker’ka, Chilenkeklanek, Winenñupa’walek lli’tulek.","sus calles son rectas, se puede divisar desde el barrio bajo hasta el barrio alto.","kallinenlusa’ chekshasu’ nuker’ka, chilenkeklanek, winenñupa’walek lli’tulek."
U03882,suspicious_content,SHIWILU contiene caracteres sospechosos: ['’'],"Tiene tres calles largas, también tiene calles transversales.","Kala kalli shin a’ñapalli, nu’sik’unta’ kallilusa’ chimanchineksu’sa’ a’ñapalli.","tiene tres calles largas, también tiene calles transversales.","kala kalli shin a’ñapalli, nu’sik’unta’ kallilusa’ chimanchineksu’sa’ a’ñapalli."
U03883,suspicious_content,SHIWILU contiene caracteres sospechosos: ['’'],Una quebrada rodea al pueblo.,Ala’sa’ dekshadekler ñinanlu’ kunerchapalli.,una quebrada rodea al pueblo.,ala’sa’ dekshadekler ñinanlu’ kunerchapalli.
U03884,suspicious_content,SHIWILU contiene caracteres sospechosos: ['’'],Ahí se bañan y lavan su ropa todo el pueblo.,"Nanek ama’llina’, peksa’duñina’ iñer’ ñinanlu’.",ahí se bañan y lavan su ropa todo el pueblo.,"nanek ama’llina’, peksa’duñina’ iñer’ ñinanlu’."
U03885,suspicious_content,SHIWILU contiene caracteres sospechosos: ['’'],Esta quebradita se llama Armanayacu.,Asu’ dekshadekshaki llillinen nuka’a Ama’wina.,esta quebradita se llama armanayacu.,asu’ dekshadekshaki llillinen nuka’a ama’wina.
U03886,suspicious_content,"ESP contiene paréntesis (posible glosa); ESP contiene caracteres sospechosos: ['(', ')']; SHIWILU contiene caracteres sospechosos: ['’']",El pueblo no bebe el agua del Armanayacu porque es puro (agua con) jabón.,"Ama’winadek ñinanlu’ uapi’ñi, shapundeksa’ ña’su’malek.",el pueblo no bebe el agua del armanayacu porque es puro (agua con) jabón.,"ama’winadek ñinanlu’ uapi’ñi, shapundeksa’ ña’su’malek."
U03887,suspicious_content,SHIWILU contiene caracteres sospechosos: ['’'],"El agua de manantial, que brota de la tierra, eso
bebe el pueblo.","Dek yunsu’a’su’ lupa’ kineklalan, nana ñinanlu’ uapalli.","el agua de manantial, que brota de la tierra, eso
bebe el pueblo.","dek yunsu’a’su’ lupa’ kineklalan, nana ñinanlu’ uapalli."
U03888,suspicious_content,SHIWILU contiene caracteres sospechosos: ['’'],En Jeberos tenemos manantiales.,Dek yunsu’a’su’ lupa’ kineklalan a’ñapallidek Shiwiluk.,en jeberos tenemos manantiales.,dek yunsu’a’su’ lupa’ kineklalan a’ñapallidek shiwiluk.
U03889,suspicious_content,SHIWILU contiene caracteres sospechosos: ['’'],"Los principales son: por el Barrio Alto, uno; por el
Barrio Bajo, dos.","A’pinta’ a’llupilusa’: Winenñupa’ ala’sa’, Chilenñupa’ katu’ta’.","los principales son: por el barrio alto, uno; por el
barrio bajo, dos.","a’pinta’ a’llupilusa’: winenñupa’ ala’sa’, chilenñupa’ katu’ta’."
U03890,suspicious_content,SHIWILU contiene caracteres sospechosos: ['’'],Se baja el Aipena y se sale al Huallaga.,"Erpina’ nu’wantunta’lek, pekpinta’lek Wella’dik.",se baja el aipena y se sale al huallaga.,"erpina’ nu’wantunta’lek, pekpinta’lek wella’dik."
U03891,suspicious_content,SHIWILU contiene caracteres sospechosos: ['’'],"Del puerto de Jeberos hasta el Huallaga se tarda
doce horas.","Shiwilu llishanakla Wella’dikwalek tekda’lek
shunka’-katu’ta’ ura.","del puerto de jeberos hasta el huallaga se tarda
doce horas.","shiwilu llishanakla wella’dikwalek tekda’lek
shunka’-katu’ta’ ura."
U03892,suspicious_content,SHIWILU contiene caracteres sospechosos: ['’'],También por avión se llega a Yurimaguas.,Nu’sik’unta’ wa’na pennua’su’ ektu’lek Yurimawak.,también por avión se llega a yurimaguas.,nu’sik’unta’ wa’na pennua’su’ ektu’lek yurimawak.
U03893,suspicious_content,SHIWILU contiene caracteres sospechosos: ['’'],"Eso no demora mucho, se llega rápido.","Nanek enpu’ni tekdi’nek, wiuksu’ ektu’lek.","eso no demora mucho, se llega rápido.","nanek enpu’ni tekdi’nek, wiuksu’ ektu’lek."
U03894,suspicious_content,SHIWILU contiene caracteres sospechosos: ['’'],El monte de Jeberos es tierra de altura.,Shiwilu tanan erpilu’ nuka’a.,el monte de jeberos es tierra de altura.,shiwilu tanan erpilu’ nuka’a.
U03895,suspicious_content,SHIWILU contiene caracteres sospechosos: ['’'],En el monte tenemos una variedad de árboles.,Tanak aʹñaʹpallidek dudinpu’ nalalusaʹ.,en el monte tenemos una variedad de árboles.,tanak aʹñaʹpallidek dudinpu’ nalalusaʹ.
U03896,suspicious_content,SHIWILU contiene caracteres sospechosos: ['’'],En el monte de Jeberos tenemos toda clase de hojas.,Shiwilu tanak a’ñapallidek dudinpu’ lalumeklusa’.,en el monte de jeberos tenemos toda clase de hojas.,shiwilu tanak a’ñapallidek dudinpu’ lalumeklusa’.
U03897,suspicious_content,SHIWILU contiene caracteres sospechosos: ['’'],Entonces se convierte en crisneja.,Ipa’linchi panpektekkek ñinta’lli.,entonces se convierte en crisneja.,ipa’linchi panpektekkek ñinta’lli.
U03900,suspicious_content,SHIWILU contiene caracteres sospechosos: ['’'],Con estos bijaos envuelven las patarashcas.,Asu’ iyunameklusa’lek pu’tullina’ akipilusa’.,con estos bijaos envuelven las patarashcas.,asu’ iyunameklusa’lek pu’tullina’ akipilusa’.
U03901,suspicious_content,SHIWILU contiene caracteres sospechosos: ['’'],Por eso cuidémoslos para que no desaparezcan.,Nanamalek enchuku’ luwektawa’ wer’inpu’er’kek.,por eso cuidémoslos para que no desaparezcan.,nanamalek enchuku’ luwektawa’ wer’inpu’er’kek.
U03902,suspicious_content,SHIWILU contiene caracteres sospechosos: ['’'],Pero la quinilla no echa fruto todos los años.,Intunelli’na ñita’piñi iñer’ ekkilalalusa’.,pero la quinilla no echa fruto todos los años.,intunelli’na ñita’piñi iñer’ ekkilalalusa’.
U03903,suspicious_content,SHIWILU contiene caracteres sospechosos: ['’'],"Cuando su fruto madura, trepando lo cogen.",Ñipinen mer’chusik chintektanna’ mallina’.,"cuando su fruto madura, trepando lo cogen.",ñipinen mer’chusik chintektanna’ mallina’.
U03904,suspicious_content,SHIWILU contiene caracteres sospechosos: ['’'],"Si les cae en el cuerpo, se enferman.",Anu’sik pinennak kaluwi’llina’.,"si les cae en el cuerpo, se enferman.",anu’sik pinennak kaluwi’llina’.
U03905,suspicious_content,"ESP contiene caracteres sospechosos: ['“', '”']; SHIWILU contiene caracteres sospechosos: ['’']",A esta enfermedad la llaman “induner”.,Asu’ kaluwi’ peklu’llina’ intuner.,a esta enfermedad la llaman induner.,asu’ kaluwi’ peklu’llina’ intuner.
U03906,suspicious_content,SHIWILU contiene caracteres sospechosos: ['’'],"También el árbol de cotohuayo se halla en el
chamisal.",Kumunpi nalanta’ kananek deklaluk.,"también el árbol de cotohuayo se halla en el
chamisal.",kumunpi nalanta’ kananek deklaluk.
U03907,suspicious_content,"ESP contiene caracteres sospechosos: ['“', '”', '’']; SHIWILU contiene caracteres sospechosos: ['’']","Al fruto del aguaje de chamisal se le llama
“ma’api”.",Ma’a ñipinen peklu’lek ma’api.,"al fruto del aguaje de chamisal se le llama
ma’api.",ma’a ñipinen peklu’lek ma’api.
U03908,suspicious_content,SHIWILU contiene caracteres sospechosos: ['’'],Ya cuando madura se parte su cáscara.,Ipa’ mer’chusik chipiteknen nuchinkatulli.,ya cuando madura se parte su cáscara.,ipa’ mer’chusik chipiteknen nuchinkatulli.
U03909,suspicious_content,ESP contiene caracteres sospechosos: ['’']; SHIWILU contiene caracteres sospechosos: ['’'],Nunwanlusa’ pa’apallina’ Erpina’lupa’.,Nunwanlusa’ pa’apallina’ Erpina’lupa’.,nunwanlusa’ pa’apallina’ erpina’lupa’.,nunwanlusa’ pa’apallina’ erpina’lupa’.
U03910,suspicious_content,SHIWILU contiene caracteres sospechosos: ['’'],Ahí está esa piedra hasta el día de hoy.,Nanek ñapalli ipa’lalek nana la’pi.,ahí está esa piedra hasta el día de hoy.,nanek ñapalli ipa’lalek nana la’pi.
U03911,suspicious_content,SHIWILU contiene caracteres sospechosos: ['’'],Antes las mujeres shiwilu mudaban pampanilla.,Shiwilunlusa’ napi’ i’shillina’ kalantek.,antes las mujeres shiwilu mudaban pampanilla.,shiwilunlusa’ napi’ i’shillina’ kalantek.
U03912,suspicious_content,SHIWILU contiene caracteres sospechosos: ['’'],"Por eso, no hacían faltar algodón en sus chacras.",Nanamalek pitellu a’pawi’ñina’ menminennak.,"por eso, no hacían faltar algodón en sus chacras.",nanamalek pitellu a’pawi’ñina’ menminennak.
U03913,suspicious_content,SHIWILU contiene caracteres sospechosos: ['’'],En todas las chacras sembraban algodón.,Iñer’ menminlusak’ tera’llina’ pitellu.,en todas las chacras sembraban algodón.,iñer’ menminlusak’ tera’llina’ pitellu.
U03914,suspicious_content,SHIWILU contiene caracteres sospechosos: ['’'],De ahí armaban el telar para confeccionar sus pampanillas.,Nanekla anantullina’ yanu’tanna’ kalanteknenna’.,de ahí armaban el telar para confeccionar sus pampanillas.,nanekla anantullina’ yanu’tanna’ kalanteknenna’.
U03915,suspicious_content,SHIWILU contiene caracteres sospechosos: ['’'],"Ese azul no duraba mucho, se zafaba.","Nana kañercha’su’ enpu’ni tekda’pi’ñi, apu’tulli.","ese azul no duraba mucho, se zafaba.","nana kañercha’su’ enpu’ni tekda’pi’ñi, apu’tulli."
U03916,suspicious_content,SHIWILU contiene caracteres sospechosos: ['’'],De eso se jactaban.,Nanalek intumu’tullina’.,de eso se jactaban.,nanalek intumu’tullina’.
U03917,suspicious_content,SHIWILU contiene caracteres sospechosos: ['’'],Los antiguos no pescaban a cada rato.,Papinkuku’lusa’ pu’ri’ñina’ utalinpu’sa’.,los antiguos no pescaban a cada rato.,papinkuku’lusa’ pu’ri’ñina’ utalinpu’sa’.
U03918,suspicious_content,SHIWILU contiene caracteres sospechosos: ['’'],"Entonces, cuando se llenaba lo pescaban.",Ipa’linchi inpi’mur’sik pur’chullina’.,"entonces, cuando se llenaba lo pescaban.",ipa’linchi inpi’mur’sik pur’chullina’.
U03919,suspicious_content,SHIWILU contiene caracteres sospechosos: ['’'],Otros iban a montear para la comida.,Ali’ladaper pa’llina’ yayunek’anna weranki.,otros iban a montear para la comida.,ali’ladaper pa’llina’ yayunek’anna weranki.
U03920,suspicious_content,"ESP contiene paréntesis (posible glosa); ESP contiene caracteres sospechosos: ['(', ')']; SHIWILU contiene caracteres sospechosos: ['’']","Entonces, en la tarde majaban (el barbasco).","Ipa’linchi, er’wa llisañina’.","entonces, en la tarde majaban (el barbasco).","ipa’linchi, er’wa llisañina’."
U03921,suspicious_content,SHIWILU contiene caracteres sospechosos: ['’'],"Terminando de majar, comían.",A’ta’wantanna’ llisan’er’kasu’ werañina’.,"terminando de majar, comían.",a’ta’wantanna’ llisan’er’kasu’ werañina’.
U03922,suspicious_content,SHIWILU contiene caracteres sospechosos: ['’'],Mientras tanto ya anochecía.,Nanekwalek ipa’ kasiserlli.,mientras tanto ya anochecía.,nanekwalek ipa’ kasiserlli.
U03923,suspicious_content,SHIWILU contiene caracteres sospechosos: ['’'],Agunos salían a cazar animales en la noche.,Nu’unta’lusa’ yunsu’llina’ yapa’willitanna’.,agunos salían a cazar animales en la noche.,nu’unta’lusa’ yunsu’llina’ yapa’willitanna’.
U03924,suspicious_content,SHIWILU contiene caracteres sospechosos: ['’'],Este hermano menor conoce dónde dejar el barbasco majado.,"Asu’ yalli’wa luwer’apalli akui’la’mamak puñañi
llisanpi.",este hermano menor conoce dónde dejar el barbasco majado.,"asu’ yalli’wa luwer’apalli akui’la’mamak puñañi
llisanpi."
U03925,suspicious_content,SHIWILU contiene caracteres sospechosos: ['’'],También los pejes que no habían muerto bajaban.,Samerlusa’nta’ chiminpu’er’kasu’ nu’wañina’.,también los pejes que no habían muerto bajaban.,samerlusa’nta’ chiminpu’er’kasu’ nu’wañina’.
U03926,suspicious_content,SHIWILU contiene caracteres sospechosos: ['’'],Iban a amontonarse en el cerco.,"Pidankek indiuntunta’llina’,",iban a amontonarse en el cerco.,"pidankek indiuntunta’llina’,"
U03927,suspicious_content,SHIWILU contiene caracteres sospechosos: ['’'],Ahí estaban los cuidadores del cerco.,Nanek ñapallina’ pidan luwekter’kasu’.,ahí estaban los cuidadores del cerco.,nanek ñapallina’ pidan luwekter’kasu’.
U03928,suspicious_content,SHIWILU contiene caracteres sospechosos: ['’'],Ahí el jefe de la pesca cuidaba.,Nanek pur’wan luwek’tulli.,ahí el jefe de la pesca cuidaba.,nanek pur’wan luwek’tulli.
U03929,suspicious_content,SHIWILU contiene caracteres sospechosos: ['’'],"Entonces juntaban, llenaban sus canastos.","Nanek si’yektullina’, lantekpinenna’ pi’muer’llina’.","entonces juntaban, llenaban sus canastos.","nanek si’yektullina’, lantekpinenna’ pi’muer’llina’."
U03930,suspicious_content,SHIWILU contiene caracteres sospechosos: ['’'],Así pescaban los antiguos.,Nu’su’ pur’llina’ papinkuku’ Shiwilulusa’.,así pescaban los antiguos.,nu’su’ pur’llina’ papinkuku’ shiwilulusa’.
U03931,suspicious_content,SHIWILU contiene caracteres sospechosos: ['’'],Yo he escuchado cuando habló mi abuelo finado.,Kua lawektulek lunsik papinkuwekku’.,yo he escuchado cuando habló mi abuelo finado.,kua lawektulek lunsik papinkuwekku’.
U03932,suspicious_content,SHIWILU contiene caracteres sospechosos: ['’'],Los pejes que se jalan se juntan en jicra.,Samerlusa’ dek’a’kasu’ si’yektulek sha’yak.,los pejes que se jalan se juntan en jicra.,samerlusa’ dek’a’kasu’ si’yektulek sha’yak.
U03934,suspicious_content,SHIWILU contiene caracteres sospechosos: ['’'],Al anzuelo se lo empata con peje.,Utekkunan dektu’tulek samerlek.,al anzuelo se lo empata con peje.,utekkunan dektu’tulek samerlek.
U03935,suspicious_content,ESP contiene caracteres sospechosos: ['’']; SHIWILU contiene caracteres sospechosos: ['’'],Nerpi’pu’ dunanler latuñi utekkunanmapu’.,Nerpi’pu’ dunanler latuñi utekkunanmapu’.,nerpi’pu’ dunanler latuñi utekkunanmapu’.,nerpi’pu’ dunanler latuñi utekkunanmapu’.
U03936,suspicious_content,SHIWILU contiene caracteres sospechosos: ['’'],Las uchpa-garzas no comen cualquier cosa.,Yan’uklu’lusa’ ka’api’ñina’ ma’nenpi’nta’.,las uchpa-garzas no comen cualquier cosa.,yan’uklu’lusa’ ka’api’ñina’ ma’nenpi’nta’.
U03937,suspicious_content,SHIWILU contiene caracteres sospechosos: ['’'],Se alimentan de puro peje.,Nawa’ weranenna’ nuka’a samersa’.,se alimentan de puro peje.,nawa’ weranenna’ nuka’a samersa’.
U03938,suspicious_content,SHIWILU contiene caracteres sospechosos: ['’'],Otras esperan al mijano paradas en el agua.,Ali’ladaper wanerdektusu’ wa’tenñina’ wadi’.,otras esperan al mijano paradas en el agua.,ali’ladaper wanerdektusu’ wa’tenñina’ wadi’.
U03939,suspicious_content,SHIWILU contiene caracteres sospechosos: ['’'],"Así, sin dificultad, pican sus pejes.",Nu’su’ saka’dek’inpu’ ekkuañina’ samernenna’.,"así, sin dificultad, pican sus pejes.",nu’su’ saka’dek’inpu’ ekkuañina’ samernenna’.
U03940,suspicious_content,SHIWILU contiene caracteres sospechosos: ['’'],Allí digieren los pejes que comieron.,Nanek dalliñina’ samernenna’ ka’er’kasu’.,allí digieren los pejes que comieron.,nanek dalliñina’ samernenna’ ka’er’kasu’.
U03941,suspicious_content,SHIWILU contiene caracteres sospechosos: ['’'],Mientras tanto el mijano ya va surcando.,"Nanekwalek wadi’ ipa’ penwiner’apilalli,",mientras tanto el mijano ya va surcando.,"nanekwalek wadi’ ipa’ penwiner’apilalli,"
U03942,suspicious_content,SHIWILU contiene caracteres sospechosos: ['’'],Entonces los pejes se comen entre ellos.,Nanek samerlusa’ nawa’tuchin inka’llina’.,entonces los pejes se comen entre ellos.,nanek samerlusa’ nawa’tuchin inka’llina’.
U03943,suspicious_content,SHIWILU contiene caracteres sospechosos: ['’'],Los súngaros cacean en el agua.,Da’wanserlusa’ werandektullina’.,los súngaros cacean en el agua.,da’wanserlusa’ werandektullina’.
U03944,suspicious_content,SHIWILU contiene caracteres sospechosos: ['’'],Cuando termina el mijano ya no tienen mucha comida.,Wadi’ ta’wantusik a’pinta’ enpu’ni weranwi’ñina’.,cuando termina el mijano ya no tienen mucha comida.,wadi’ ta’wantusik a’pinta’ enpu’ni weranwi’ñina’.
U03946,suspicious_content,SHIWILU contiene caracteres sospechosos: ['’'],Para secarse y calentar sus cuerpos mashaquean en el sol.,Yaenpinna’ yaukapinna’ kekkik pilatullina’.,para secarse y calentar sus cuerpos mashaquean en el sol.,yaenpinna’ yaukapinna’ kekkik pilatullina’.
U03947,suspicious_content,SHIWILU contiene caracteres sospechosos: ['’'],Lo que sobra lo dejan ahí.,Dansu’a’su’ nanek ta’itula’llina’.,lo que sobra lo dejan ahí.,dansu’a’su’ nanek ta’itula’llina’.
U03948,suspicious_content,SHIWILU contiene caracteres sospechosos: ['’'],"Cuando mayaquea, el gallinazo comiendo loacaba.",Analu’tusik supu’ler ka’an pekdalli.,"cuando mayaquea, el gallinazo comiendo loacaba.",analu’tusik supu’ler ka’an pekdalli.
U03949,suspicious_content,SHIWILU contiene caracteres sospechosos: ['’'],"Donde les cae la tarde, duermen.",Nawa’ er’water’kek wichi’llina’.,"donde les cae la tarde, duermen.",nawa’ er’water’kek wichi’llina’.
U03950,suspicious_content,SHIWILU contiene caracteres sospechosos: ['’'],Comen todo lo que encuentran en el monte.,Nawa’ ka’llina’ iñer’ kananer’kasu’ tanak.,comen todo lo que encuentran en el monte.,nawa’ ka’llina’ iñer’ kananer’kasu’ tanak.
U03951,suspicious_content,SHIWILU contiene caracteres sospechosos: ['’'],La huangana hembra tiene solo unita cría.,Laman ku’apenñen ala’shasa’ wawinwanpalli.,la huangana hembra tiene solo unita cría.,laman ku’apenñen ala’shasa’ wawinwanpalli.
U03952,suspicious_content,SHIWILU contiene caracteres sospechosos: ['’'],"Cuando matan a su madre, la cría permanece ahí.",Ashinen dei’ta’ser’ wawin nanek llia’lli.,"cuando matan a su madre, la cría permanece ahí.",ashinen dei’ta’ser’ wawin nanek llia’lli.
U03953,suspicious_content,SHIWILU contiene caracteres sospechosos: ['’'],"La huangana es de color negro, su carne es comestible, es sabrosa.","Laman ker’pi nuka’a, lu’lunen ka’lek, iyalli.","la huangana es de color negro, su carne es comestible, es sabrosa.","laman ker’pi nuka’a, lu’lunen ka’lek, iyalli."
U03954,suspicious_content,SHIWILU contiene caracteres sospechosos: ['’'],También se vende su carne ahumada.,Nu’sik’unta’ lu’lunen chinpi uku’latulek.,también se vende su carne ahumada.,nu’sik’unta’ lu’lunen chinpi uku’latulek.
U03955,suspicious_content,SHIWILU contiene caracteres sospechosos: ['’'],"Antes su cuero costaba, pero ahora no.","Napi’ chipiteknen pa’tuwiñi, ipa’lina’ ku’la.","antes su cuero costaba, pero ahora no.","napi’ chipiteknen pa’tuwiñi, ipa’lina’ ku’la."
U03956,suspicious_content,SHIWILU contiene caracteres sospechosos: ['’'],Antes el cuero de la huangana costaba.,Napi’ laman chipitek pa’tuwiñi.,antes el cuero de la huangana costaba.,napi’ laman chipitek pa’tuwiñi.
U03957,suspicious_content,SHIWILU contiene caracteres sospechosos: ['’'],A veces las huanganas llegaban a Jeberos.,Nerpi’pu’lusa’ lamanlusa’ ektu’wiñina’ Shiwiluk.,a veces las huanganas llegaban a jeberos.,nerpi’pu’lusa’ lamanlusa’ ektu’wiñina’ shiwiluk.
U03958,suspicious_content,SHIWILU contiene caracteres sospechosos: ['’'],Las huanganas no demoraban en Jeberos.,Lamanlusi’na tekda’pi’ñina’ Shiwiluk.,las huanganas no demoraban en jeberos.,lamanlusi’na tekda’pi’ñina’ shiwiluk.
U03959,suspicious_content,SHIWILU contiene caracteres sospechosos: ['’'],"Los hermanos que se adelantaban, ellos mataban.","Yalli’walusa’ ektercher’kasu’, nawa’ dei’tullina’.","los hermanos que se adelantaban, ellos mataban.","yalli’walusa’ ektercher’kasu’, nawa’ dei’tullina’."
U03960,suspicious_content,SHIWILU contiene caracteres sospechosos: ['’'],Sin haber disparado ya tenía su huangana.,Ilanchinpu’la’pin ipa’ lamanwañi.,sin haber disparado ya tenía su huangana.,ilanchinpu’la’pin ipa’ lamanwañi.
U03961,suspicious_content,SHIWILU contiene caracteres sospechosos: ['’'],Después se prepara el ahumadero con palos delgados.,Nanekla chinalatulek a’mernalalek.,después se prepara el ahumadero con palos delgados.,nanekla chinalatulek a’mernalalek.
U03962,suspicious_content,SHIWILU contiene caracteres sospechosos: ['’'],Tiene solo una cría.,Ala’shasa’ wawinwanpalli.,tiene solo una cría.,ala’shasa’ wawinwanpalli.
U03963,suspicious_content,SHIWILU contiene caracteres sospechosos: ['’'],No duerme en un hueco.,Lallik wicha’pi’ñi.,no duerme en un hueco.,lallik wicha’pi’ñi.
U03964,suspicious_content,SHIWILU contiene caracteres sospechosos: ['’'],Así descansa la sachavaca.,Nu’su’ neriapalli panwala.,así descansa la sachavaca.,nu’su’ neriapalli panwala.
U03965,suspicious_content,SHIWILU contiene caracteres sospechosos: ['’'],A veces se mete a las chacras.,Nerpi’pu’lusa’ yunsu’palli menminlusak.,a veces se mete a las chacras.,nerpi’pu’lusa’ yunsu’palli menminlusak.
U03966,suspicious_content,SHIWILU contiene caracteres sospechosos: ['’'],"Ahí se come los sembríos, hojas de plátano, hojas de yuca, piña.","Nanek ka’lli ter’a’lusa’, tankumek, ker’mek, senpa.","ahí se come los sembríos, hojas de plátano, hojas de yuca, piña.","nanek ka’lli ter’a’lusa’, tankumek, ker’mek, senpa."
U03967,suspicious_content,SHIWILU contiene caracteres sospechosos: ['’'],No hace su camino por cualquier lugar.,"Nana enkasu’lupa’pi’nta’ dekkunen nu’tapi’ñi,",no hace su camino por cualquier lugar.,"nana enkasu’lupa’pi’nta’ dekkunen nu’tapi’ñi,"
U03968,suspicious_content,SHIWILU contiene caracteres sospechosos: ['’'],Conoce por dónde quizás abrir.,Nana luwer’apalli enkasu’lupi’pa’ ekker’chechu.,conoce por dónde quizás abrir.,nana luwer’apalli enkasu’lupi’pa’ ekker’chechu.
U03969,suspicious_content,SHIWILU contiene caracteres sospechosos: ['’'],"Prefiriendo la altura, por ahí abre su camino.",Wadun erpilu’ nanalupa’ ekker’chulli dekkunen.,"prefiriendo la altura, por ahí abre su camino.",wadun erpilu’ nanalupa’ ekker’chulli dekkunen.
U03970,suspicious_content,SHIWILU contiene caracteres sospechosos: ['’'],"De esta manera, la sachavaca ayuda al hombre.",Nu’su’ panwala katu’pa’palli enmu’pinen.,"de esta manera, la sachavaca ayuda al hombre.",nu’su’ panwala katu’pa’palli enmu’pinen.
U03971,suspicious_content,SHIWILU contiene caracteres sospechosos: ['’'],"Por otro lado, a la sachavaca le gusta la sal.",Nu’sik’unta’ panwala iyatulli damula.,"por otro lado, a la sachavaca le gusta la sal.",nu’sik’unta’ panwala iyatulli damula.
U03972,suspicious_content,SHIWILU contiene caracteres sospechosos: ['’'],Con eso se le hace su colpa.,Nanalek nu’itulek ka’lu’tunan.,con eso se le hace su colpa.,nanalek nu’itulek ka’lu’tunan.
U03973,suspicious_content,SHIWILU contiene caracteres sospechosos: ['’'],"En la noche, este animal come la colpa.",Asu’ añimar dekpilli’ ka’lu’tapalli.,"en la noche, este animal come la colpa.",asu’ añimar dekpilli’ ka’lu’tapalli.
U03974,suspicious_content,SHIWILU contiene caracteres sospechosos: ['’'],Ahí acuden muchas sachavacas.,Nanek wapu’ panwalalusa’ pa’apallina’.,ahí acuden muchas sachavacas.,nanek wapu’ panwalalusa’ pa’apallina’.
U03975,suspicious_content,SHIWILU contiene caracteres sospechosos: ['’'],Esto he aprendido de mi abuelo finado.,Asu’ ñinchitulek papinkuwekkukla.,esto he aprendido de mi abuelo finado.,asu’ ñinchitulek papinkuwekkukla.
U03976,suspicious_content,SHIWILU contiene caracteres sospechosos: ['’'],El majaz tiene solo una cría anualmente.,Ala’shasa’ wawinwanpalli ekkilalak.,el majaz tiene solo una cría anualmente.,ala’shasa’ wawinwanpalli ekkilalak.
U03977,suspicious_content,SHIWILU contiene caracteres sospechosos: ['’'],Allá el perro olfateando lo halla en el hueco.,Nanek ñiñi’ler laneran kanañi lallik.,allá el perro olfateando lo halla en el hueco.,nanek ñiñi’ler laneran kanañi lallik.
U03978,suspicious_content,SHIWILU contiene caracteres sospechosos: ['’'],"Entonces, picándole con palo puntalado, se le mata.",Nanek nala ekdenpilek ekkuan’ak dei’tulek.,"entonces, picándole con palo puntalado, se le mata.",nanek nala ekdenpilek ekkuan’ak dei’tulek.
U03979,suspicious_content,SHIWILU contiene caracteres sospechosos: ['’'],Por eso dice que el majaz se convierte en shushupe.,Nanamalek tulli dekkanan naterkek ñinta’lli.,por eso dice que el majaz se convierte en shushupe.,nanamalek tulli dekkanan naterkek ñinta’lli.
U03980,suspicious_content,SHIWILU contiene caracteres sospechosos: ['’'],La rana es un anfibio.,Uwan i’na ala’sa’ anfibio nuka’a.,la rana es un anfibio.,uwan i’na ala’sa’ anfibio nuka’a.
U03982,suspicious_content,SHIWILU contiene caracteres sospechosos: ['’'],Luego se convierten en renacuajos.,Nanekla sukellu’ ñinta’llina’.,luego se convierten en renacuajos.,nanekla sukellu’ ñinta’llina’.
U03983,suspicious_content,SHIWILU contiene caracteres sospechosos: ['’'],Una vez juntadas las ranas se llevan a casa.,"Si’yektak uwanlusa’, pidik ekpanta’lek.",una vez juntadas las ranas se llevan a casa.,"si’yektak uwanlusa’, pidik ekpanta’lek."
U03984,suspicious_content,SHIWILU contiene caracteres sospechosos: ['’'],De ahí se les saca las tripas.,Nanekli’na usui’tulek dullinen.,de ahí se les saca las tripas.,nanekli’na usui’tulek dullinen.
U03985,suspicious_content,SHIWILU contiene caracteres sospechosos: ['’'],"La rana es sabrosa en patarashca, envuelta en hoja de bijao.","Uwan iyalli akipik, iyunamekkek pu’pi.","la rana es sabrosa en patarashca, envuelta en hoja de bijao.","uwan iyalli akipik, iyunamekkek pu’pi."
U03986,suspicious_content,SHIWILU contiene caracteres sospechosos: ['’'],La mijanada de la rana dura uno o dos días.,"Uwan wadi’nen tekda’lli ala’ uklli, katu’ uklli.",la mijanada de la rana dura uno o dos días.,"uwan wadi’nen tekda’lli ala’ uklli, katu’ uklli."
U03987,suspicious_content,SHIWILU contiene caracteres sospechosos: ['’'],Se quedan sin sembríos una vez que merma el río.,Tera’wi’nsu’ llia’llina ishansik kupin dekshadek.,se quedan sin sembríos una vez que merma el río.,tera’wi’nsu’ llia’llina ishansik kupin dekshadek.
U03988,suspicious_content,SHIWILU contiene caracteres sospechosos: ['’'],Viven en la restinga.,Chitekpiluk nanpillina’.,viven en la restinga.,chitekpiluk nanpillina’.
U03989,suspicious_content,SHIWILU contiene caracteres sospechosos: ['’'],Con lo que sobra el añuje le ayuda.,A’dansu’a’su’ ekchekler katu’pa’palli.,con lo que sobra el añuje le ayuda.,a’dansu’a’su’ ekchekler katu’pa’palli.
U03990,suspicious_content,SHIWILU contiene caracteres sospechosos: ['’'],Nunca se ve que se ahogue.,Ñi enpi’ lli’i’nek chimidekta’su’.,nunca se ve que se ahogue.,ñi enpi’ lli’i’nek chimidekta’su’.
U03991,suspicious_content,SHIWILU contiene caracteres sospechosos: ['’'],Aumentan para desovar en la época de vaciante.,Nadallina’ ishan ukllik wadeker’kek.,aumentan para desovar en la época de vaciante.,nadallina’ ishan ukllik wadeker’kek.
U03993,suspicious_content,SHIWILU contiene caracteres sospechosos: ['’'],"Antiguamente, el renaco era una mujer.",Napi’ ella alasa’ ku’aper ñiwiñi.,"antiguamente, el renaco era una mujer.",napi’ ella alasa’ ku’aper ñiwiñi.
U03994,suspicious_content,SHIWILU contiene caracteres sospechosos: ['’'],"Le tenían miedo, extraño le veían,","Tekkwatullina’, nerpi’la lli’llina’.","le tenían miedo, extraño le veían,","tekkwatullina’, nerpi’la lli’llina’."
U03995,suspicious_content,SHIWILU contiene caracteres sospechosos: ['’'],"Por eso, triste la Mujer Renaco iba en la calle.",Nanamalek we’inutusu’ Ellalun pa’lli kallik.,"por eso, triste la mujer renaco iba en la calle.",nanamalek we’inutusu’ ellalun pa’lli kallik.
U04003,suspicious_content,"ESP contiene caracteres sospechosos: ['“', '”']; SHIWILU contiene caracteres sospechosos: ['”', '’', '“']","Le llamó, “Ven, quiero hablarte”, le dijo.","Peklu’lli. “Wekker’, yaluntullen”, itulli.","le llamó, ven, quiero hablarte, le dijo.","peklu’lli. wekker’, yaluntullen, itulli."
U04004,suspicious_content,SHIWILU contiene caracteres sospechosos: ['’'],"Luego, a otro joven le encontró, él tampoco quiso
acercársele.","Nanekla ali’la nadi’nek kanañi, nanalerunta’ yakawi’i’ñi.","luego, a otro joven le encontró, él tampoco quiso
acercársele.","nanekla ali’la nadi’nek kanañi, nanalerunta’ yakawi’i’ñi."
U04005,suspicious_content,SHIWILU contiene caracteres sospechosos: ['’'],"Así, triste, andaba la Mujer Renaco.","Nu’su’, we’inutusu’, pa’apawiñi Ellalun.","así, triste, andaba la mujer renaco.","nu’su’, we’inutusu’, pa’apawiñi ellalun."
U04006,suspicious_content,SHIWILU contiene caracteres sospechosos: ['’'],"Estando andando, entonces, encontró a otro joven.","Pa’apan, ipa’linchi, ali’la nadi’nek kanañi.","estando andando, entonces, encontró a otro joven.","pa’apan, ipa’linchi, ali’la nadi’nek kanañi."
U04007,suspicious_content,"ESP contiene caracteres sospechosos: ['“', '”']; SHIWILU contiene caracteres sospechosos: ['”', '’', '“']","El joven se acercó; acercándose, le dijo: “¿Qué
quieres?”","Nadi’nekler kawilli; kawin “¿Ma’nen luwantula?”,
itulli.","el joven se acercó; acercándose, le dijo: ¿qué
quieres?","nadi’nekler kawilli; kawin ¿ma’nen luwantula?,
itulli."
U04008,suspicious_content,SHIWILU contiene caracteres sospechosos: ['’'],"Ahora sí, acercándose quiere hablarle.","Ipa’lina’, kawin yaluntulli.","ahora sí, acercándose quiere hablarle.","ipa’lina’, kawin yaluntulli."
U04009,suspicious_content,SHIWILU contiene caracteres sospechosos: ['’'],Pero él no sabía que ella era la Mujer Renaco.,Nani’na ñinchichi’ñi Ellalun ipa’chi’ñi nana.,pero él no sabía que ella era la mujer renaco.,nani’na ñinchichi’ñi ellalun ipa’chi’ñi nana.
U04010,suspicious_content,SHIWILU contiene caracteres sospechosos: ['’'],"Ahí, entonces, se convirtieron en árbol.","Nanek, ipa’linchi, nalak ñinta’llina’.","ahí, entonces, se convirtieron en árbol.","nanek, ipa’linchi, nalak ñinta’llina’."
U04011,suspicious_content,SHIWILU contiene caracteres sospechosos: ['’'],"Por eso, hoy en día, el renaco no crece solito.","Nanamalek, ipa’la, ella nanashasa’ susupi’ñi.","por eso, hoy en día, el renaco no crece solito.","nanamalek, ipa’la, ella nanashasa’ susupi’ñi."
U04012,suspicious_content,SHIWILU contiene caracteres sospechosos: ['’'],"Crece apegado a otro árbol, abrazado abrazado.","Susupalli ali’la nalak pasun, wiperi’n wiperi’n.","crece apegado a otro árbol, abrazado abrazado.","susupalli ali’la nalak pasun, wiperi’n wiperi’n."
U04013,suspicious_content,SHIWILU contiene caracteres sospechosos: ['’'],"Vean ahora, abrazado al tronco de un árbol crece.","Enta’ lli’ku’, ipa’la wiper’in nalanan susupalli.","vean ahora, abrazado al tronco de un árbol crece.","enta’ lli’ku’, ipa’la wiper’in nalanan susupalli."
U04014,suspicious_content,SHIWILU contiene caracteres sospechosos: ['’'],"Así vive, por eso nunca se despega.","Nu’su’ nanpipalli, ñinpi’ apu’tapi’ñi.","así vive, por eso nunca se despega.","nu’su’ nanpipalli, ñinpi’ apu’tapi’ñi."
U04015,suspicious_content,SHIWILU contiene caracteres sospechosos: ['’'],Antiguamente la sachavaca era persona y quería engordarse.,Napi’ panwala muda’ñan yaweiwiñi.,antiguamente la sachavaca era persona y quería engordarse.,napi’ panwala muda’ñan yaweiwiñi.
U04016,suspicious_content,SHIWILU contiene caracteres sospechosos: ['’'],"Siendo así, no sabía cómo hacer para engordarse.",Nu’ani’na ñinchichi’ñi ma’pu’si’pa’ weietchu.,"siendo así, no sabía cómo hacer para engordarse.",nu’ani’na ñinchichi’ñi ma’pu’si’pa’ weietchu.
U04017,suspicious_content,"ESP contiene caracteres sospechosos: ['“', '”']; SHIWILU contiene caracteres sospechosos: ['”', '’', '“']","Estando andando pensó “¿cómo me engordaría, caramba?”, dijo la Mujer Sachavaca.","Pa’apan inlli’inutulli “¿ma’pu’su’ta’ weinaseku ten?”, tulli Panwalalun.","estando andando pensó ¿cómo me engordaría, caramba?, dijo la mujer sachavaca.","pa’apan inlli’inutulli ¿ma’pu’su’ta’ weinaseku ten?, tulli panwalalun."
U04018,suspicious_content,SHIWILU contiene caracteres sospechosos: ['’'],Primero fue donde las aves.,Nanentu ilanser’lusak palli.,primero fue donde las aves.,nanentu ilanser’lusak palli.
U04019,suspicious_content,SHIWILU contiene caracteres sospechosos: ['’'],"A ellas les quitó sus carnes, a todas les desolló.","Nawa’ lu’lunnenlusa’ siwerchudeklli, iñer’ sekkektudeklli.","a ellas les quitó sus carnes, a todas les desolló.","nawa’ lu’lunnenlusa’ siwerchudeklli, iñer’ sekkektudeklli."
U04020,suspicious_content,SHIWILU contiene caracteres sospechosos: ['’'],Primero fue donde la Mujer Pinsha.,Nanentu pa’lli Duwinlunkek.,primero fue donde la mujer pinsha.,nanentu pa’lli duwinlunkek.
U04021,suspicious_content,SHIWILU contiene caracteres sospechosos: ['’'],Haciéndole cosquillas le quitó su carne.,Shikillek’an siwerchulli lu’lunnen. ,haciéndole cosquillas le quitó su carne.,shikillek’an siwerchulli lu’lunnen.
U04022,suspicious_content,SHIWILU contiene caracteres sospechosos: ['’'],Luego fue donde la Mujer Pucacunga.,Nanekla pa’lli Chunserlunkek.,luego fue donde la mujer pucacunga.,nanekla pa’lli chunserlunkek.
U04023,suspicious_content,SHIWILU contiene caracteres sospechosos: ['’'],"A ella también, cosquilleándole, le quitó su carne.",Nananta’ shikillek’an siwerchulli lu’lunnen.,"a ella también, cosquilleándole, le quitó su carne.",nananta’ shikillek’an siwerchulli lu’lunnen.
U04024,suspicious_content,SHIWILU contiene caracteres sospechosos: ['’'],Así estaba aumentando su carne.,Nu’su’ a’nadapilawiñi lu’lunnen.,así estaba aumentando su carne.,nu’su’ a’nadapilawiñi lu’lunnen.
U04025,suspicious_content,SHIWILU contiene caracteres sospechosos: ['’'],También fue donde la Mujer Perdiz.,Nu’sik’unta’ pa’lli Dunkululunkek.,también fue donde la mujer perdiz.,nu’sik’unta’ pa’lli dunkululunkek.
U04026,suspicious_content,SHIWILU contiene caracteres sospechosos: ['’'],"A ella también, cosquilleándole, quería quitarle su carne.",Nananta’ shikillek’an yasiwerchuwiñin lu’lunnen.,"a ella también, cosquilleándole, quería quitarle su carne.",nananta’ shikillek’an yasiwerchuwiñin lu’lunnen.
U04027,suspicious_content,SHIWILU contiene caracteres sospechosos: ['’'],Pero ella se bocabajó bien.,Nani’na per’pa’lli musu’.,pero ella se bocabajó bien.,nani’na per’pa’lli musu’.
U04028,suspicious_content,SHIWILU contiene caracteres sospechosos: ['’'],"Aunque le había cosquilleado, ella no se rió.","Shikillikwiñi, nani’na yameri’ñi.","aunque le había cosquilleado, ella no se rió.","shikillikwiñi, nani’na yameri’ñi."
U04029,suspicious_content,SHIWILU contiene caracteres sospechosos: ['’'],Por eso la Mujer Sachavaca no le quitó toda su carne.,Nanamalek Panwalalunler siwer’chi’ñi iñer’ lu’lunnen.,por eso la mujer sachavaca no le quitó toda su carne.,nanamalek panwalalunler siwer’chi’ñi iñer’ lu’lunnen.
U04031,suspicious_content,SHIWILU contiene caracteres sospechosos: ['’'],"Por eso, la perdiz tiene bastante carne en su pecho.",Nanamalek dunkululun wapu’ lu’lunwanpalli chi’teknenkek.,"por eso, la perdiz tiene bastante carne en su pecho.",nanamalek dunkululun wapu’ lu’lunwanpalli chi’teknenkek.
U04032,suspicious_content,"ESP contiene paréntesis (posible glosa); ESP contiene caracteres sospechosos: ['(', ')']; SHIWILU contiene caracteres sospechosos: ['’']",(La Mujer Sachavaca) no se sentía bien al no completar su carne.,Musu’ kankanchi’ñi a’yennichinpu’ lu’lunnen.,(la mujer sachavaca) no se sentía bien al no completar su carne.,musu’ kankanchi’ñi a’yennichinpu’ lu’lunnen.
U04033,suspicious_content,"ESP contiene caracteres sospechosos: ['“', '”']; SHIWILU contiene caracteres sospechosos: ['”', '’', '“']","Entonces, dijo: “No puedo engordarme, mejor sería que aumente mi carne con arcilla”.","Nanekli’na tulli: “Yennichi’nek weya’kasu’, a’pimuetchun diteklulek lu’lunuk a’nadaetchek”.","entonces, dijo: no puedo engordarme, mejor sería que aumente mi carne con arcilla.","nanekli’na tulli: yennichi’nek weya’kasu’, a’pimuetchun diteklulek lu’lunuk a’nadaetchek."
U04034,suspicious_content,SHIWILU contiene caracteres sospechosos: ['’'],"Diciendo esto, la Mujer Sachavaca se fue al monte a buscar arcilla.",Tan ima Panwalalun pa’lli tanak diteklu’ yadunker’an.,"diciendo esto, la mujer sachavaca se fue al monte a buscar arcilla.",tan ima panwalalun pa’lli tanak diteklu’ yadunker’an.
U04035,suspicious_content,SHIWILU contiene caracteres sospechosos: ['’'],"Entonces, hallando la arcilla y sacándola, se lo embarró todo su cuerpo.","Ipa’linchi, diteklu’ kanan usuk, iñer’ pinenkek a’per’ku’tulli","entonces, hallando la arcilla y sacándola, se lo embarró todo su cuerpo.","ipa’linchi, diteklu’ kanan usuk, iñer’ pinenkek a’per’ku’tulli"
U04036,suspicious_content,SHIWILU contiene caracteres sospechosos: ['’'],"De ahí, pues, la Mujer Sachavaca se engordó.","Nanekla, ipa’linchi, Panwalalun weiluñi.","de ahí, pues, la mujer sachavaca se engordó.","nanekla, ipa’linchi, panwalalun weiluñi."
U04037,suspicious_content,SHIWILU contiene caracteres sospechosos: ['’'],"Entonces, se sintió bien.",Ipa’linchi musu’ kankantulli.,"entonces, se sintió bien.",ipa’linchi musu’ kankantulli.
U04038,suspicious_content,SHIWILU contiene caracteres sospechosos: ['’'],"Por eso, ahora, convirtiéndose en animal la sachavace tiene bastante carne.","Nanamalek, ipa’la, panwala añimarñan wapu’ lu’lunwanpalli.","por eso, ahora, convirtiéndose en animal la sachavace tiene bastante carne.","nanamalek, ipa’la, panwala añimarñan wapu’ lu’lunwanpalli."
U04039,suspicious_content,"ESP contiene caracteres sospechosos: ['“', '”']; SHIWILU contiene caracteres sospechosos: ['“', '”', '’']","“Con arcilla le ha aumentado”, han dicho las antiguas.","“Di’teklu’lek a’nadalli”, tullina’ amiku’lusa’.","con arcilla le ha aumentado, han dicho las antiguas.","di’teklu’lek a’nadalli, tullina’ amiku’lusa’."
U04040,suspicious_content,SHIWILU contiene caracteres sospechosos: ['’'],Por eso a la sachavaca no le comen algunos.,Nanamalek panwala ka’api’ñina’ nu’unta’lusa.,por eso a la sachavaca no le comen algunos.,nanamalek panwala ka’api’ñina’ nu’unta’lusa.
U04041,suspicious_content,SHIWILU contiene caracteres sospechosos: ['’'],Porque aumentó su carne con arcilla.,Diteklu’lek a’nada’su’ malek lu’lunen.,porque aumentó su carne con arcilla.,diteklu’lek a’nada’su’ malek lu’lunen.
U04042,suspicious_content,SHIWILU contiene caracteres sospechosos: ['’'],A veces la sachavaca anda buscando arcilla.,Nerpi’pu’lusa’ panwala pa’apalli dunker’an di’teklu’.,a veces la sachavaca anda buscando arcilla.,nerpi’pu’lusa’ panwala pa’apalli dunker’an di’teklu’.
U04043,suspicious_content,SHIWILU contiene caracteres sospechosos: ['’'],Hasta ahora come arcilla porque tiene un poco de sal.,Di’teklu’ ipa’lalek ka’apalli a’mercha damulawansu’ malek,hasta ahora come arcilla porque tiene un poco de sal.,di’teklu’ ipa’lalek ka’apalli a’mercha damulawansu’ malek
U04046,suspicious_content,SHIWILU contiene caracteres sospechosos: ['’'],Tiene su trocha como la de la gente.,A’ñapalli dekkunnen muda’kinpu’su’.,tiene su trocha como la de la gente.,a’ñapalli dekkunnen muda’kinpu’su’.
U04047,suspicious_content,SHIWILU contiene caracteres sospechosos: ['’'],La sachavaca es un lindo animal.,Panwali’na u’chimu añimar nuka’a.,la sachavaca es un lindo animal.,panwali’na u’chimu añimar nuka’a.
U04048,suspicious_content,SHIWILU contiene caracteres sospechosos: ['’'],Ahora les voy a contar porqué quizás la iguana tiene lindas pintitas.,Ipa’la wintetchenma’ ma’malek ipa’ pekkuala u’chimu llinsercha a’ñapalli.,ahora les voy a contar porqué quizás la iguana tiene lindas pintitas.,ipa’la wintetchenma’ ma’malek ipa’ pekkuala u’chimu llinsercha a’ñapalli.
U04049,suspicious_content,SHIWILU contiene caracteres sospechosos: ['’'],Y porqué quizás el motelo tiene tremendas pintotas nomás.,Madu ma’malek ipa’ u’nei llinsersa’ a’ñapalli.,y porqué quizás el motelo tiene tremendas pintotas nomás.,madu ma’malek ipa’ u’nei llinsersa’ a’ñapalli.
U04051,suspicious_content,"ESP contiene caracteres sospechosos: ['“', '”']; SHIWILU contiene caracteres sospechosos: ['”', '’', '“']","Un día, dijeron “¡Vamos a la fiesta!”",Nanekli’na tullina’ “¡Enchu pistak!”,"un día, dijeron ¡vamos a la fiesta!",nanekli’na tullina’ ¡enchu pistak!
U04052,suspicious_content,"ESP contiene caracteres sospechosos: ['“', '”']; SHIWILU contiene caracteres sospechosos: ['“', '”', '’']",“Está bien” acordaron.,“Mu’chun” tullina’.,está bien acordaron.,mu’chun tullina’.
U04053,suspicious_content,"ESP contiene paréntesis (posible glosa); ESP contiene caracteres sospechosos: ['“', '”', '(', ')']; SHIWILU contiene caracteres sospechosos: ['“', '”', '’']",“Pero para ir a la fiesta hay que pintarse diseños (en el cuerpo)” dijeron.,“Pistak i’na yapa’ak inllinserlek” tullina’.,pero para ir a la fiesta hay que pintarse diseños (en el cuerpo) dijeron.,pistak i’na yapa’ak inllinserlek tullina’.
U04055,suspicious_content,"ESP contiene paréntesis (posible glosa); ESP contiene caracteres sospechosos: ['(', ')']; SHIWILU contiene caracteres sospechosos: ['’']","Entonces, empezaron a pintarse (el cuerpo).",Nanekli’na tenmiansu’llina’ inllinsererkek.,"entonces, empezaron a pintarse (el cuerpo).",nanekli’na tenmiansu’llina’ inllinsererkek.
U04056,suspicious_content,SHIWILU contiene caracteres sospechosos: ['’'],Primero fue pintada la Iguana.,Nanentu llinserllina’ Pekkuala.,primero fue pintada la iguana.,nanentu llinserllina’ pekkuala.
U04057,suspicious_content,"ESP contiene paréntesis (posible glosa); ESP contiene caracteres sospechosos: ['“', '”', '(', ')']; SHIWILU contiene caracteres sospechosos: ['“', '”', '’']",La Iguana dijo “Esta pintita quiero yo” y le mostró (el diseño) a la Motelo.,Pekkuala tulli “Asu’ llinsercha kua luwantulek” tan a’lli’lli Madu.,la iguana dijo esta pintita quiero yo y le mostró (el diseño) a la motelo.,pekkuala tulli asu’ llinsercha kua luwantulek tan a’lli’lli madu.
U04058,suspicious_content,"ESP contiene paréntesis (posible glosa); ESP contiene caracteres sospechosos: ['(', ')']; SHIWILU contiene caracteres sospechosos: ['’']",Entonces la Motelo le pintó todo su cuerpo bien bonito (a la Iguana).,Maduler i’na u’chimusha iñer’ pinen llinserlli.,entonces la motelo le pintó todo su cuerpo bien bonito (a la iguana).,maduler i’na u’chimusha iñer’ pinen llinserlli.
U04059,suspicious_content,"ESP contiene caracteres sospechosos: ['“', '”']; SHIWILU contiene caracteres sospechosos: ['”', '’', '“']","Acabando de pintarla, la Motelo dijo “¡A mí también píntame!”","Tekkinek’an llinsera’su’ tulli: “¡Kuanta’ llinser’u!”, tulli Madu.","acabando de pintarla, la motelo dijo ¡a mí también píntame!","tekkinek’an llinsera’su’ tulli: ¡kuanta’ llinser’u!, tulli madu."
U04060,suspicious_content,"ESP contiene paréntesis (posible glosa); ESP contiene caracteres sospechosos: ['(', ')']; SHIWILU contiene caracteres sospechosos: ['’']",Motelo le mostró (a la Iguana cómo quería que la pinte).,Madu llinser’an tanpa’nenkek a’lli’lli. ,motelo le mostró (a la iguana cómo quería que la pinte).,madu llinser’an tanpa’nenkek a’lli’lli.
U04061,suspicious_content,"ESP contiene caracteres sospechosos: ['“', '”']; SHIWILU contiene caracteres sospechosos: ['“', '”', '’']",“Así como esto quiero que me pintes” dijo la Motelo.,“Asu’pu’su’ kua luwantulek llinsera’musu’” tulli Madu.,así como esto quiero que me pintes dijo la motelo.,asu’pu’su’ kua luwantulek llinsera’musu’ tulli madu.
U04062,suspicious_content,"ESP contiene caracteres sospechosos: ['”']; SHIWILU contiene caracteres sospechosos: ['“', '”', '’']",Muy bien” dijo la Iguana.,“Mu’chun” tulli Pekkuala.,muy bien dijo la iguana.,mu’chun tulli pekkuala.
U04063,suspicious_content,SHIWILU contiene caracteres sospechosos: ['’'],La Iguana comenzó a pintar a la Motelo.,Pekkuala tenmiansu’lli llinsera’su’ Madu.,la iguana comenzó a pintar a la motelo.,pekkuala tenmiansu’lli llinsera’su’ madu.
U04064,suspicious_content,SHIWILU contiene caracteres sospechosos: ['’'],Comenzó por su espalda.,Piteknenkekla tenmiansu’lli.,comenzó por su espalda.,piteknenkekla tenmiansu’lli.
U04065,suspicious_content,SHIWILU contiene caracteres sospechosos: ['’'],La Motelo no veía cómo le estaban pintando.,Madu lli’i’ñi ma’pu’si’pa’ llinserapallina’.,la motelo no veía cómo le estaban pintando.,madu lli’i’ñi ma’pu’si’pa’ llinserapallina’.
U04066,suspicious_content,"ESP contiene paréntesis (posible glosa); ESP contiene caracteres sospechosos: ['“', '”', '(', ')']; SHIWILU contiene caracteres sospechosos: ['”', '’', '“']",Después de pintar (a la Motelo) la Iguana le dijo “Ya te diseñé. ¡Vamos a la fiesta!”,Ipa’linchi llinseran Pekkualaler itulli “Ipa’ llinserllen. Enchu pistak pa’a”.,después de pintar (a la motelo) la iguana le dijo ya te diseñé. ¡vamos a la fiesta!,ipa’linchi llinseran pekkualaler itulli ipa’ llinserllen. enchu pistak pa’a.
U04067,suspicious_content,"ESP contiene paréntesis (posible glosa); ESP contiene caracteres sospechosos: ['“', '”', '(', ')']; SHIWILU contiene caracteres sospechosos: ['“', '”', '’']",“Vamos” le contestó (la Motelo).,“Pa’a” itulli.,vamos le contestó (la motelo).,pa’a itulli.
U04068,suspicious_content,SHIWILU contiene caracteres sospechosos: ['’'],"Y, así, se fueron a la fiesta las dos.",Pistak pa’llina’ ipa’linchi katu’daper.,"y, así, se fueron a la fiesta las dos.",pistak pa’llina’ ipa’linchi katu’daper.
U04069,suspicious_content,SHIWILU contiene caracteres sospechosos: ['’'],"Entrando a la fiesta, bailaron. Han bailado.",Pistak da’anna’ ipa’linchi lansa’llina’. Llansa’llina’.,"entrando a la fiesta, bailaron. han bailado.",pistak da’anna’ ipa’linchi lansa’llina’. llansa’llina’.
U04071,suspicious_content,"ESP contiene paréntesis (posible glosa); ESP contiene caracteres sospechosos: ['(', ')']; SHIWILU contiene caracteres sospechosos: ['’']",Pero ella (la Motelo) no entendía porqué se,Nana ñinchichi’ñi ma’malek ipa’ lumerapallina’.,pero ella (la motelo) no entendía porqué se,nana ñinchichi’ñi ma’malek ipa’ lumerapallina’.
U04072,suspicious_content,"ESP contiene caracteres sospechosos: ['“', '”']; SHIWILU contiene caracteres sospechosos: ['“', '”', '’']","“¿Por qué será que se ríen de mí, caramba?” preguntó la Motelo.",“¿Ma’malek a’ta’ lumerllinerku ten?” tulli Madu.,"¿por qué será que se ríen de mí, caramba? preguntó la motelo.",¿ma’malek a’ta’ lumerllinerku ten? tulli madu.
U04073,suspicious_content,"ESP contiene caracteres sospechosos: ['“', '”']; SHIWILU contiene caracteres sospechosos: ['”', '’', '“']",Alguien le dijo “Se están burlando de ti debido a tus diseños”.,Ali’laler itulli “Llinserpenmalek lumerapallinerken”.,alguien le dijo se están burlando de ti debido a tus diseños.,ali’laler itulli llinserpenmalek lumerapallinerken.
U04074,suspicious_content,SHIWILU contiene caracteres sospechosos: ['’'],"Entonces, recién se enteró de que sus diseños eran feos.",Nanek tekkinchi ñinchitulli u’chimuinpu’ llinsenñen.,"entonces, recién se enteró de que sus diseños eran feos.",nanek tekkinchi ñinchitulli u’chimuinpu’ llinsenñen.
U04076,suspicious_content,"ESP contiene paréntesis (posible glosa); ESP contiene caracteres sospechosos: ['(', ')']; SHIWILU contiene caracteres sospechosos: ['’']",La Motelo le pintó bien bonito (a la Iguana).,Maduler u’chimusha llinserlli.,la motelo le pintó bien bonito (a la iguana).,maduler u’chimusha llinserlli.
U04077,suspicious_content,SHIWILU contiene caracteres sospechosos: ['’'],"Por eso, hasta el día de hoy ella tiene sus pintitas bonitas.",Nanamalek nana ipa’lalek llinserchanen a’ñapalli u’chimusha.,"por eso, hasta el día de hoy ella tiene sus pintitas bonitas.",nanamalek nana ipa’lalek llinserchanen a’ñapalli u’chimusha.
U04078,suspicious_content,SHIWILU contiene caracteres sospechosos: ['’'],Así quedó la Motelo hasta el día de hoy.,Nu’su’ llia’lli ipa’lalek Madu.,así quedó la motelo hasta el día de hoy.,nu’su’ llia’lli ipa’lalek madu.
U04079,suspicious_content,SHIWILU contiene caracteres sospechosos: ['’'],Así quedó la Iguana hasta el día de hoy.,Nu’su’ llia’lli Pekkuala ipa’lalek.,así quedó la iguana hasta el día de hoy.,nu’su’ llia’lli pekkuala ipa’lalek.
U04080,suspicious_content,SHIWILU contiene caracteres sospechosos: ['’'],¡Quién sabe hasta cuándo llevarán estas pintas!,¡Enpi’walek ipa’ nana llinser ekpetchuna’!,¡quién sabe hasta cuándo llevarán estas pintas!,¡enpi’walek ipa’ nana llinser ekpetchuna’!
U04081,suspicious_content,SHIWILU contiene caracteres sospechosos: ['’'],"Antiguamente, dice, el Carachupa era pifuanero.",Chi’lek ima napi’ pilenñantutek ñiwiñi.,"antiguamente, dice, el carachupa era pifuanero.",chi’lek ima napi’ pilenñantutek ñiwiñi.
U04082,suspicious_content,SHIWILU contiene caracteres sospechosos: ['’'],Muy bonito tocaba su pifuano el Carachupa en ese tiempo.,Enpu’nipa’ u’chimusha pilenñantulli Chi’lek napi’.,muy bonito tocaba su pifuano el carachupa en ese tiempo.,enpu’nipa’ u’chimusha pilenñantulli chi’lek napi’.
U04083,suspicious_content,SHIWILU contiene caracteres sospechosos: ['’'],"Cuando pifuaneaba, todas las mujeres bailaban.",Pilenñantusik ima lansa’llina’ iñer’ ima ku’apellusa’,"cuando pifuaneaba, todas las mujeres bailaban.",pilenñantusik ima lansa’llina’ iñer’ ima ku’apellusa’
U04084,suspicious_content,"ESP contiene caracteres sospechosos: ['…']; SHIWILU contiene caracteres sospechosos: ['…', '’']","Antes, a las mujeres les decían yungururu, paujil, pucacunga, perdiz…","Napi’ ima ku’apellusa’ itudekllina’ asu’ dunkululun, isha, chunser, uwek…","antes, a las mujeres les decían yungururu, paujil, pucacunga, perdiz…","napi’ ima ku’apellusa’ itudekllina’ asu’ dunkululun, isha, chunser, uwek…"
U04085,suspicious_content,SHIWILU contiene caracteres sospechosos: ['’'],Ellas bailaban cuando pifuaneaba el Carachupa.,Nawa’lusi’ma lansa’llina’ pilenñantusik Chi’lek.,ellas bailaban cuando pifuaneaba el carachupa.,nawa’lusi’ma lansa’llina’ pilenñantusik chi’lek.
U04086,suspicious_content,"ESP contiene paréntesis (posible glosa); ESP contiene caracteres sospechosos: ['(', ')']; SHIWILU contiene caracteres sospechosos: ['’']","Entonces, andaba (por ahí) el abuelo Tigre.",Nu’an ima pa’apilallima asu’ papinku Amana’.,"entonces, andaba (por ahí) el abuelo tigre.",nu’an ima pa’apilallima asu’ papinku amana’.
U04087,suspicious_content,SHIWILU contiene caracteres sospechosos: ['’'],"Andando, el abuelo se fue a ver a las que bailaban tanto, cuando pifuaneaba el Carachupa.","Papinku pa’apilan lli’kuñima enpu’nipi’ma lansa’pa’ser’, pilenñantusik Chi’lek.","andando, el abuelo se fue a ver a las que bailaban tanto, cuando pifuaneaba el carachupa.","papinku pa’apilan lli’kuñima enpu’nipi’ma lansa’pa’ser’, pilenñantusik chi’lek."
U04088,suspicious_content,SHIWILU contiene caracteres sospechosos: ['’'],"Entonces, yendo a ver, les dijo a las mujeres:",Nu’an imi’na nanek lli’apakun ku’aperllusa’ itudeklli:,"entonces, yendo a ver, les dijo a las mujeres:",nu’an imi’na nanek lli’apakun ku’aperllusa’ itudeklli:
U04089,suspicious_content,"ESP contiene caracteres sospechosos: ['“', '”']; SHIWILU contiene caracteres sospechosos: ['“', '”', '’']",“¿Por qué bailan ustedes cuando pifuanea este Carachupa?” se fue a decirles.,"“Ma’ki’na kenmama’ lansa’palama’ asu’ Chi’lek pilenñantusik”, tukuñima.",¿por qué bailan ustedes cuando pifuanea este carachupa? se fue a decirles.,"ma’ki’na kenmama’ lansa’palama’ asu’ chi’lek pilenñantusik, tukuñima."
U04090,suspicious_content,"ESP contiene caracteres sospechosos: ['“', '”']; SHIWILU contiene caracteres sospechosos: ['“', '”', '’']","“Ya que a nosotras nos gusta cuando él pifuanea, estamos bailando”, le contestaron.",“Kudanta’ nana luwantamudek pilenñantusik lansa’pallidek” na’pillina’’.,"ya que a nosotras nos gusta cuando él pifuanea, estamos bailando, le contestaron.",kudanta’ nana luwantamudek pilenñantusik lansa’pallidek na’pillina’’.
U04094,suspicious_content,"ESP contiene caracteres sospechosos: ['“', '”']; SHIWILU contiene caracteres sospechosos: ['“', '”', '’']","“¿Dónde está tu pifuano, sobrino?” fue a decirle entrando.","“¿Enka’chana pilenñanpen, surinú?” itunta’llima","¿dónde está tu pifuano, sobrino? fue a decirle entrando.","¿enka’chana pilenñanpen, surinú? itunta’llima"
U04095,suspicious_content,"ESP contiene caracteres sospechosos: ['“', '”']; SHIWILU contiene caracteres sospechosos: ['“', '”', '’']","“Aquí está el pifuano, tío”, diciendo el Carachupa se lo dio.","“Ma’atasu’ pilenñanwek, apetchá”, tan Chi’lekler enka’lli.","aquí está el pifuano, tío, diciendo el carachupa se lo dio.","ma’atasu’ pilenñanwek, apetchá, tan chi’lekler enka’lli."
U04096,suspicious_content,"ESP contiene caracteres sospechosos: ['“', '”']; SHIWILU contiene caracteres sospechosos: ['“', '”', '’']","“A ver, yo también quiero soplar”, le dijo.","“Enta’n kuanta’ yapenñek,” itullima.","a ver, yo también quiero soplar, le dijo.","enta’n kuanta’ yapenñek, itullima."
U04097,suspicious_content,SHIWILU contiene caracteres sospechosos: ['’'],"El Tigre trató de soplar, pero el pifuano no sonó.","Amana’ yapenwiñi, ku’li’na illi’ñi pilenñan.","el tigre trató de soplar, pero el pifuano no sonó.","amana’ yapenwiñi, ku’li’na illi’ñi pilenñan."
U04098,suspicious_content,SHIWILU contiene caracteres sospechosos: ['’'],"La boca del Tigre, dice, era grande y se equivocó allí nomás, su respiración no daba.","A’llupila’la’ ima nana Amana’, nanimi’na inpektunla’lli, nerideknen ima yenñichi’ñi.","la boca del tigre, dice, era grande y se equivocó allí nomás, su respiración no daba.","a’llupila’la’ ima nana amana’, nanimi’na inpektunla’lli, nerideknen ima yenñichi’ñi."
U04099,suspicious_content,SHIWILU contiene caracteres sospechosos: ['’'],"Le hizo sonar, dice, pero no le hizo sonar tan bonito como pifuaneaba el Carachupa.","A’illiwiñima, ma’shi’na mushasu’ nana Chi’lek pilenñanta’su’pu’su’ a’illi’ñi.","le hizo sonar, dice, pero no le hizo sonar tan bonito como pifuaneaba el carachupa.","a’illiwiñima, ma’shi’na mushasu’ nana chi’lek pilenñanta’su’pu’su’ a’illi’ñi."
U04100,suspicious_content,"ESP contiene paréntesis (posible glosa); ESP contiene caracteres sospechosos: ['…', '(', ')']; SHIWILU contiene caracteres sospechosos: ['…', '’']",Sin…sin…sin…sin…. Así nomás (feo) le hacía sonar.,Sin…sin…sin…sin… tula’si’ma a’illiñi.,sin…sin…sin…sin…. así nomás (feo) le hacía sonar.,sin…sin…sin…sin… tula’si’ma a’illiñi.
U04101,suspicious_content,SHIWILU contiene caracteres sospechosos: ['’'],"Así, pues, de cualquier manera le hizo sonar el",Nu’an imi’na ma’pu’su’pi’nta’ a’illiñi Amana’.,"así, pues, de cualquier manera le hizo sonar el",nu’an imi’na ma’pu’su’pi’nta’ a’illiñi amana’.
U04102,suspicious_content,SHIWILU contiene caracteres sospechosos: ['’'],Dice que ya no quería devolverle su pifuano al Carachupa; se lo llevó donde él vivía.,A’pinti’ma yaenki’ñi Chi’lek pilenñanen; ekpei’tunta’lli enñupi’pa nana ñak.,dice que ya no quería devolverle su pifuano al carachupa; se lo llevó donde él vivía.,a’pinti’ma yaenki’ñi chi’lek pilenñanen; ekpei’tunta’lli enñupi’pa nana ñak.
U04103,suspicious_content,"ESP contiene caracteres sospechosos: ['…']; SHIWILU contiene caracteres sospechosos: ['…', '’']","El Tigre se iba solo, haciendo sonar sin…sin…sin,","Pa’apilanta’llima, sin…sin...sin a’tapilanta’la’llima, pilenñantan Amana’ pidekñikwalek.","el tigre se iba solo, haciendo sonar sin…sin…sin,","pa’apilanta’llima, sin…sin...sin a’tapilanta’la’llima, pilenñantan amana’ pidekñikwalek."
U04104,suspicious_content,SHIWILU contiene caracteres sospechosos: ['’'],"El Carachupa, dice, le siguió al Tigre para quitarle su pifuano.","Chi’lek ima tupitunta’lli Amana’, pilenñanen yasiwerchan.","el carachupa, dice, le siguió al tigre para quitarle su pifuano.","chi’lek ima tupitunta’lli amana’, pilenñanen yasiwerchan."
U04105,suspicious_content,"ESP contiene caracteres sospechosos: ['“', '”']; SHIWILU contiene caracteres sospechosos: ['”', '’', '“']","Llegando a la casa del Tigre le gritó: “¡Ven a comerme, tío! ¡Ven a comerme, tío!”","Ektunta’n ima Amana’ pidik lamapu’tulli “¡Ka’encha’u, apetchá! ¡Ka’encha’u apetchá!”","llegando a la casa del tigre le gritó: ¡ven a comerme, tío! ¡ven a comerme, tío!","ektunta’n ima amana’ pidik lamapu’tulli ¡ka’encha’u, apetchá! ¡ka’encha’u apetchá!"
U04106,suspicious_content,SHIWILU contiene caracteres sospechosos: ['’'],"Entonces, el Tigre vino corriendo para agarrar al Carahupa.","Ipa’linchi Amana’ tekkencha’lli, Chi’lek yapilli’tan.","entonces, el tigre vino corriendo para agarrar al carahupa.","ipa’linchi amana’ tekkencha’lli, chi’lek yapilli’tan."
U04107,suspicious_content,SHIWILU contiene caracteres sospechosos: ['’'],"Pero el Carachupa, dice, se metió a un hueco.",Chi’lek imi’na lallik da’kuñi.,"pero el carachupa, dice, se metió a un hueco.",chi’lek imi’na lallik da’kuñi.
U04109,suspicious_content,"ESP contiene caracteres sospechosos: ['“', '”']; SHIWILU contiene caracteres sospechosos: ['“', '”', '’']",“¿Acaso te he agarrado?” le preguntó.,"¿“Pilli’tullen a’cha,”? itullima.",¿acaso te he agarrado? le preguntó.,"¿pilli’tullen a’cha,? itullima."
U04110,suspicious_content,"ESP contiene caracteres sospechosos: ['“', '”']; SHIWILU contiene caracteres sospechosos: ['“', '”', '’']","“Solo has agarrado la raíz de un árbol, tío” le respondió.","“Nalaiteksa’ pilli’tula, apetchá,” itullima.","solo has agarrado la raíz de un árbol, tío le respondió.","nalaiteksa’ pilli’tula, apetchá, itullima."
U04112,suspicious_content,"ESP contiene caracteres sospechosos: ['“', '”']; SHIWILU contiene caracteres sospechosos: ['“', '”', '’']","“Aquí te voy a esperar. Cuando sientas hambre y salgas, te voy a comer”.","“Asek wa’ten’etchen kua. Uki’lan yunsu’encha’a’sin, kua ka’etchen,” itulli Amana’ler.","aquí te voy a esperar. cuando sientas hambre y salgas, te voy a comer.","asek wa’ten’etchen kua. uki’lan yunsu’encha’a’sin, kua ka’etchen, itulli amana’ler."
U04113,suspicious_content,SHIWILU contiene caracteres sospechosos: ['’'],"Ahí, dice, el Tigre estaba sentado.",Nanek ima Amana’ du’apallima.,"ahí, dice, el tigre estaba sentado.",nanek ima amana’ du’apallima.
U04114,suspicious_content,SHIWILU contiene caracteres sospechosos: ['’'],"Haciendo eso, dice, el Carachupa se metió más adentro y cavó una vuelta.","Nu’apan ima Chi’lek da’kun a’pinta’, iwa’tulli kuner’su’.","haciendo eso, dice, el carachupa se metió más adentro y cavó una vuelta.","nu’apan ima chi’lek da’kun a’pinta’, iwa’tulli kuner’su’."
U04115,suspicious_content,SHIWILU contiene caracteres sospechosos: ['’'],"Cavando, salió ahí mismo donde estaba sentado el Tigre.",Iwa’tan ima asu’ du’apak’inchi Amana’ pekpikuñi.,"cavando, salió ahí mismo donde estaba sentado el tigre.",iwa’tan ima asu’ du’apak’inchi amana’ pekpikuñi.
U04116,suspicious_content,"ESP contiene caracteres sospechosos: ['“', '”']; SHIWILU contiene caracteres sospechosos: ['“', '”', '’']",“¡Qué grandes son tus testículos!” dijo en su corazón el Carachupa.,“¡A’mellulunpi ken a’ka” kankañik!” tulli Chi’lek.,¡qué grandes son tus testículos! dijo en su corazón el carachupa.,¡a’mellulunpi ken a’ka kankañik! tulli chi’lek.
U04118,suspicious_content,SHIWILU contiene caracteres sospechosos: ['’'],"Nuevamente, vio que los testículos del Tigre colgaban.",Lli’nunta’llima nanek ukunpalli Amana’ kadu’lanenlusa’.,"nuevamente, vio que los testículos del tigre colgaban.",lli’nunta’llima nanek ukunpalli amana’ kadu’lanenlusa’.
U04119,suspicious_content,"ESP contiene caracteres sospechosos: ['“', '”']; SHIWILU contiene caracteres sospechosos: ['“', '”', '’']","“¡Qué grandes habían sido tus testículos, tío!” volvió a decirle en su corazón.","“¡A’mellulunpin a’ka, apetchá!” itununta’llima kankañik .","¡qué grandes habían sido tus testículos, tío! volvió a decirle en su corazón.","¡a’mellulunpin a’ka, apetchá! itununta’llima kankañik ."
U04120,suspicious_content,SHIWILU contiene caracteres sospechosos: ['’'],"Diciéndo eso, le agarró de los testículos y se colgó de sus huevos el Carachupa.","Nu’tan imi’na, pilli’kadu’latan ima, ukunkadu’lalli nana Chi’lek.","diciéndo eso, le agarró de los testículos y se colgó de sus huevos el carachupa.","nu’tan imi’na, pilli’kadu’latan ima, ukunkadu’lalli nana chi’lek."
U04121,suspicious_content,SHIWILU contiene caracteres sospechosos: ['’'],El Carachupa le arrancó los testículos al Tigre.,Chi’lekler usetchekkadu’lalli Amana’.,el carachupa le arrancó los testículos al tigre.,chi’lekler usetchekkadu’lalli amana’.
U04122,suspicious_content,SHIWILU contiene caracteres sospechosos: ['’'],"Revolcándose y gritando de dolor, el Tigre se levantó y corrió capado.","Inpikanpan ima, Amana’ lamapu’pan ikercha’su’, yunsan tekka’lli makadu’lapi.","revolcándose y gritando de dolor, el tigre se levantó y corrió capado.","inpikanpan ima, amana’ lamapu’pan ikercha’su’, yunsan tekka’lli makadu’lapi."
U04123,suspicious_content,SHIWILU contiene caracteres sospechosos: ['’'],"Entonces, el Carachupa agarró su pifuano y corrió en otra dirección.",Nu’an Chi’lek pilenñanen man tekka’lli ala’lupa’pi’la.,"entonces, el carachupa agarró su pifuano y corrió en otra dirección.",nu’an chi’lek pilenñanen man tekka’lli ala’lupa’pi’la.
U04124,suspicious_content,SHIWILU contiene caracteres sospechosos: ['’'],Cuando había pasado aproximadamente un mes,Ala’dukerpu’su’ nakusik,cuando había pasado aproximadamente un mes,ala’dukerpu’su’ nakusik
U04125,suspicious_content,SHIWILU contiene caracteres sospechosos: ['’'],Nuevamente el Carachupa volvió a tocar su pifuano en una fiesta.,Nanapu’si’la Chi’lek pilenñantununta’lli pistak.,nuevamente el carachupa volvió a tocar su pifuano en una fiesta.,nanapu’si’la chi’lek pilenñantununta’lli pistak.
U04126,suspicious_content,SHIWILU contiene caracteres sospechosos: ['’'],Ahí las mujeres otra vez bailaban contentas.,Nanek shaya’lusa’ lansa’nunta’llina’ sakeksu’.,ahí las mujeres otra vez bailaban contentas.,nanek shaya’lusa’ lansa’nunta’llina’ sakeksu’.
U04127,suspicious_content,SHIWILU contiene caracteres sospechosos: ['’'],Ya cuando terminó el baile,Ipi’ma pista ta’wantusik,ya cuando terminó el baile,ipi’ma pista ta’wantusik
U04128,suspicious_content,SHIWILU contiene caracteres sospechosos: ['’'],el Carachupa regresó a su casa a dormir.,Chi’lek adanta’lli pidekñik yawichi’nta’n.,el carachupa regresó a su casa a dormir.,chi’lek adanta’lli pidekñik yawichi’nta’n.
U04129,suspicious_content,SHIWILU contiene caracteres sospechosos: ['’'],Cuando llegó a su casa se encontró con el Tigre que lo estaba esperando.,Pidekñik ektu’nta’sik inkanañi Amana’lek wa’ten’apa’su’.,cuando llegó a su casa se encontró con el tigre que lo estaba esperando.,pidekñik ektu’nta’sik inkanañi amana’lek wa’ten’apa’su’.
U04130,suspicious_content,"ESP contiene caracteres sospechosos: ['“', '”']; SHIWILU contiene caracteres sospechosos: ['“', '”', '’']","“Ahora sí, sobrino, te voy a comer”, le dijo.","“Ipa’la’ka, surinú, ka’etchen,” itullima.","ahora sí, sobrino, te voy a comer, le dijo.","ipa’la’ka, surinú, ka’etchen, itullima."
U04131,suspicious_content,"ESP contiene caracteres sospechosos: ['“', '”']; SHIWILU contiene caracteres sospechosos: ['“', '”', '’']","“No me comas, tío. ¿Por qué me vas a comer?”","“Aner’ yaka’tun, apetchá. ¿Ma’ki’na ka’etchunku?”","no me comas, tío. ¿por qué me vas a comer?","aner’ yaka’tun, apetchá. ¿ma’ki’na ka’etchunku?"
U04132,suspicious_content,SHIWILU contiene caracteres sospechosos: ['’'],Entonces el Carachupa se escapó corriendo.,Ipa’linchi Chi’lek chi’yeklli tekka’nta’n.,entonces el carachupa se escapó corriendo.,ipa’linchi chi’lek chi’yeklli tekka’nta’n.
U04133,suspicious_content,"ESP contiene caracteres sospechosos: ['“', '”']; SHIWILU contiene caracteres sospechosos: ['“', '”', '’']"," “Ahora sí, atrápame, tío” le dijo el Carachupa al Tigre.","“Ipa’la a’ka pilli’tuu, apetchá!” itulli Chi’lekler Amana’.","ahora sí, atrápame, tío le dijo el carachupa al tigre.","ipa’la a’ka pilli’tuu, apetchá! itulli chi’lekler amana’."
U04134,suspicious_content,SHIWILU contiene caracteres sospechosos: ['’'],El Carachupa corrió rápidamente donde las mujeres y les dijo: ,Chi’lek wiuksu’ tekka’nta’lli shaya’lusak. Itudeklli: ,el carachupa corrió rápidamente donde las mujeres y les dijo:,chi’lek wiuksu’ tekka’nta’lli shaya’lusak. itudeklli:
U04135,suspicious_content,"ESP contiene caracteres sospechosos: ['“', '”']; SHIWILU contiene caracteres sospechosos: ['“', '”', '’']","“Escóndanme, el Tigre me quiere atrapar”.","“Sekkituu’ku’, Amana’ yapilli’tullun”","escóndanme, el tigre me quiere atrapar.","sekkituu’ku’, amana’ yapilli’tullun"
U04137,suspicious_content,SHIWILU contiene caracteres sospechosos: ['’'],"Cuando hacían eso, el tigre Viejo llegó nuevamente.",Nu’apa’ser’ ima Amana’ taserpi nanapu’si’la ektu’nunta’lli.,"cuando hacían eso, el tigre viejo llegó nuevamente.",nu’apa’ser’ ima amana’ taserpi nanapu’si’la ektu’nunta’lli.
U04138,suspicious_content,SHIWILU contiene caracteres sospechosos: ['’'],"Al ver al Carachupa cubierto de plumas, le desconoció.",Lli’an Chi’lek anpulu’wa’nsu’ a’pinta’ luwerchi’ñi.,"al ver al carachupa cubierto de plumas, le desconoció.",lli’an chi’lek anpulu’wa’nsu’ a’pinta’ luwerchi’ñi.
U04139,suspicious_content,"ESP contiene paréntesis (posible glosa); ESP contiene caracteres sospechosos: ['“', '”', '(', ')']; SHIWILU contiene caracteres sospechosos: ['“', '”', '’']",“¿Quién es este señor?” les fue a decir (a las mujeres).,“Den i’na asu’ yalli’?” itukundekllima.,¿quién es este señor? les fue a decir (a las mujeres).,den i’na asu’ yalli’? itukundekllima.
U04140,suspicious_content,"ESP contiene caracteres sospechosos: ['“', '”']; SHIWILU contiene caracteres sospechosos: ['“', '”', '’']",“Este es el hombre enplumado”,“Asui’na anpulu’ muda’”,este es el hombre enplumado,asui’na anpulu’ muda’
U04141,suspicious_content,SHIWILU contiene caracteres sospechosos: ['’'],le dijeron las mujeres al Tigre.,itullina’ nana shaya’lusa’ler Amana’.,le dijeron las mujeres al tigre.,itullina’ nana shaya’lusa’ler amana’.
U04142,suspicious_content,SHIWILU contiene caracteres sospechosos: ['’'],"Entonces, el Tigre se fue por otro lado en busca del Carachupa.",Ipa’linchi Amana’ pa’lli nellupa’pi’la yadunker’an Chi’lek.,"entonces, el tigre se fue por otro lado en busca del carachupa.",ipa’linchi amana’ pa’lli nellupa’pi’la yadunker’an chi’lek.
U04143,suspicious_content,"ESP contiene caracteres sospechosos: ['“', '”']; SHIWILU contiene caracteres sospechosos: ['“', '”', '’']","“¡Pifuanea otra vez, vamos a bailar!” ","“¡Pilenñantununter’, lanserchidek!” ","¡pifuanea otra vez, vamos a bailar!","¡pilenñantununter’, lanserchidek!"
U04144,suspicious_content,"ESP contiene paréntesis (posible glosa); ESP contiene caracteres sospechosos: ['(', ')']; SHIWILU contiene caracteres sospechosos: ['’']",le dijeron al Carachupa (las mujeres).,itullina’ Chi’lek.,le dijeron al carachupa (las mujeres).,itullina’ chi’lek.
U04146,suspicious_content,SHIWILU contiene caracteres sospechosos: ['’'],"Desde entonces y hasta el día de hoy, el viejo Tigre está buscando a su sobrino Carachupa.",Naneklanek Amana’ taserpi ipa’lalek dunker’apalli surinunen Chi’lek.,"desde entonces y hasta el día de hoy, el viejo tigre está buscando a su sobrino carachupa.",naneklanek amana’ taserpi ipa’lalek dunker’apalli surinunen chi’lek.
U04147,suspicious_content,SHIWILU contiene caracteres sospechosos: ['’'],Un joven quería tener enamorada y salió a buscar.,"Ala’sa’ nadi’nek yaekkuanwanwiñi, yunsu’lli yadunker’an.",un joven quería tener enamorada y salió a buscar.,"ala’sa’ nadi’nek yaekkuanwanwiñi, yunsu’lli yadunker’an."
U04148,suspicious_content,SHIWILU contiene caracteres sospechosos: ['’'],"Yendo a ver a una señorita, le propuso que sea su enamorada.","Ala’sa’ wilalun lli’kun, dunker’lli ekkuanenki.","yendo a ver a una señorita, le propuso que sea su enamorada.","ala’sa’ wilalun lli’kun, dunker’lli ekkuanenki."
U04150,suspicious_content,"ESP contiene caracteres sospechosos: ['“', '”']; SHIWILU contiene caracteres sospechosos: ['“', '”', '’']",“Te voy a querer si me traes yuca cocinada”.,“Luwantetchen keritupachinku ker’ akusupi”.,te voy a querer si me traes yuca cocinada.,luwantetchen keritupachinku ker’ akusupi.
U04151,suspicious_content,SHIWILU contiene caracteres sospechosos: ['’'],Eso fue a regalarle a su pretendida.,Nana panunta’lli ekkuanen yaña’su’.,eso fue a regalarle a su pretendida.,nana panunta’lli ekkuanen yaña’su’.
U04152,suspicious_content,SHIWILU contiene caracteres sospechosos: ['’'],La señorita lo recibió y le dijo: ,Wilalunler sekkaper’an itulli: ,la señorita lo recibió y le dijo:,wilalunler sekkaper’an itulli:
U04153,suspicious_content,"ESP contiene caracteres sospechosos: ['“', '”']; SHIWILU contiene caracteres sospechosos: ['“', '”', '’']",“Ahora regálame caña de azúcar”.,“Ipa’la panu’u lasenñan”.,ahora regálame caña de azúcar.,ipa’la panu’u lasenñan.
U04154,suspicious_content,SHIWILU contiene caracteres sospechosos: ['’'],"Entonces, el joven fue a la chacra de su mamá, fue a traer una carga de caña.","Ipa’linchi nadi’nek pa’lli awanen menmiñik, makuñi ala’ tenpunan lasenñan.","entonces, el joven fue a la chacra de su mamá, fue a traer una carga de caña.","ipa’linchi nadi’nek pa’lli awanen menmiñik, makuñi ala’ tenpunan lasenñan."
U04155,suspicious_content,SHIWILU contiene caracteres sospechosos: ['’'],Eso también fue a regalarle a la señorita.,Nananta’ wilalun panunta’lli.,eso también fue a regalarle a la señorita.,nananta’ wilalun panunta’lli.
U04157,suspicious_content,"ESP contiene caracteres sospechosos: ['“', '”']; SHIWILU contiene caracteres sospechosos: ['“', '”', '’']"," “Ahora sí, si me traes ají te voy a querer”.", “Ipa’la’ka nuka’ keritupachinku luwantetchen”.,"ahora sí, si me traes ají te voy a querer.",ipa’la’ka nuka’ keritupachinku luwantetchen.
U04158,suspicious_content,SHIWILU contiene caracteres sospechosos: ['’'],El joven se fue nuevamente a la chacra de su abuelita.,Nadi’nek nanapu’si’la pa’lli aminen menmiñik.,el joven se fue nuevamente a la chacra de su abuelita.,nadi’nek nanapu’si’la pa’lli aminen menmiñik.
U04159,suspicious_content,SHIWILU contiene caracteres sospechosos: ['’'],"De ahí, fue a traer un voltijo de ají.",Nanekla makuñi nuka’ ala’ pu’pi.,"de ahí, fue a traer un voltijo de ají.",nanekla makuñi nuka’ ala’ pu’pi.
U04160,suspicious_content,SHIWILU contiene caracteres sospechosos: ['’'],Mientras volvía venía diciendo: ,Adanpilencha’n tapilencha’lli: ,mientras volvía venía diciendo:,adanpilencha’n tapilencha’lli:
U04161,suspicious_content,"ESP contiene caracteres sospechosos: ['“', '”']; SHIWILU contiene caracteres sospechosos: ['“', '”', '’']",“Con esto sí que me va a querer esa señorita”.,“Asu’lek a’ka ipa’ luwantetchunku nana wilalunsha”.,con esto sí que me va a querer esa señorita.,asu’lek a’ka ipa’ luwantetchunku nana wilalunsha.
U04162,suspicious_content,SHIWILU contiene caracteres sospechosos: ['’'],"Llegando, fue a regalarle el voltijo de ají.",Ektu’nta’n panunta’lli nuka’ pu’pi.,"llegando, fue a regalarle el voltijo de ají.",ektu’nta’n panunta’lli nuka’ pu’pi.
U04163,suspicious_content,SHIWILU contiene caracteres sospechosos: ['’'],"Entonces, la señorita le dijo: ",Ipa’linchi wilanlunler itulli: ,"entonces, la señorita le dijo:",ipa’linchi wilanlunler itulli:
U04164,suspicious_content,"ESP contiene caracteres sospechosos: ['“']; SHIWILU contiene caracteres sospechosos: ['“', '’']","“¿Acaso yuca cocinada, acaso caña de azúcar, acaso ají te he pedido?","“¿Ker’ akusupi a’cha, lasenñan a’cha, nuka’ a’cha lekllin?","¿acaso yuca cocinada, acaso caña de azúcar, acaso ají te he pedido?","¿ker’ akusupi a’cha, lasenñan a’cha, nuka’ a’cha lekllin?"
U04165,suspicious_content,SHIWILU contiene caracteres sospechosos: ['’'],"Yo te he pedido yungururo, pinsha, paujil .","Kui’na lekllen dunkululun, duwin, isha.","yo te he pedido yungururo, pinsha, paujil .","kui’na lekllen dunkululun, duwin, isha."
U04166,suspicious_content,SHIWILU contiene caracteres sospechosos: ['’'],"Tú no vales nada, eres un afasi.","Kenma ma’kek pa’chi’na, uku’lu’tekken nuka’ma.","tú no vales nada, eres un afasi.","kenma ma’kek pa’chi’na, uku’lu’tekken nuka’ma."
U04167,suspicious_content,ESP contiene caracteres sospechosos: ['”']; SHIWILU contiene caracteres sospechosos: ['’'],"Vete, regrésate, ahorita te voy palear”, le ha dicho al joven.","Paker’ adanter’, ipia’la nalaktetchen itullima’ nadi’nek.","vete, regrésate, ahorita te voy palear, le ha dicho al joven.","paker’ adanter’, ipia’la nalaktetchen itullima’ nadi’nek."
U04168,suspicious_content,SHIWILU contiene caracteres sospechosos: ['’'],Él se fue calladito.,Nana ta’tulan panta’lli.,él se fue calladito.,nana ta’tulan panta’lli.
U04169,suspicious_content,SHIWILU contiene caracteres sospechosos: ['’'],"Por no entender el pedido de la señorita, no consiguió enamorada.",Lachek’inpu’n wilalunler lek’a’su’ ekkuanen kani’ñi.,"por no entender el pedido de la señorita, no consiguió enamorada.",lachek’inpu’n wilalunler lek’a’su’ ekkuanen kani’ñi.
U04170,suspicious_content,SHIWILU contiene caracteres sospechosos: ['’'],Yo conocí Yurimaguas cuando era adolescente.,Kua luwerchulek Yurimawa’ nadi’nek wawaku ñamu.,yo conocí yurimaguas cuando era adolescente.,kua luwerchulek yurimawa’ nadi’nek wawaku ñamu.
U04171,suspicious_content,SHIWILU contiene caracteres sospechosos: ['’'],"Cuando enfermó mi mamá, viajamos en el bote de mi hermano.",Kaluwi’sik awawek yalli’shawek a’llupi nunkek pa’llidek.,"cuando enfermó mi mamá, viajamos en el bote de mi hermano.",kaluwi’sik awawek yalli’shawek a’llupi nunkek pa’llidek.
U04173,suspicious_content,SHIWILU contiene caracteres sospechosos: ['’'],Ahí conocí el río Aipena hasta su desembocadura en el Huallaga.,Nanek luwerchulek Erpina’ chinpenñanenwalek Wella’dik.,ahí conocí el río aipena hasta su desembocadura en el huallaga.,nanek luwerchulek erpina’ chinpenñanenwalek wella’dik.
U04174,suspicious_content,SHIWILU contiene caracteres sospechosos: ['’'],"Me asusté al ver este río, ancho es su agua.","Imanantulek lli’amu asu’ kupin dekshadek, du’wadek nuka’a.","me asusté al ver este río, ancho es su agua.","imanantulek lli’amu asu’ kupin dekshadek, du’wadek nuka’a."
U04175,suspicious_content,SHIWILU contiene caracteres sospechosos: ['’'],"Su agua es turbia, no me gustó, no la quería tomar.","Deknen uchulu’dek, iyachi’nek, iyui’nek.","su agua es turbia, no me gustó, no la quería tomar.","deknen uchulu’dek, iyachi’nek, iyui’nek."
U04176,suspicious_content,SHIWILU contiene caracteres sospechosos: ['’'],"Tampoco quería bañarme, al ver su agua lodosa.",Yaami’nek’unta’ mumulu’dek lli’amu.,"tampoco quería bañarme, al ver su agua lodosa.",yaami’nek’unta’ mumulu’dek lli’amu.
U04177,suspicious_content,SHIWILU contiene caracteres sospechosos: ['’'],"De esta manera, hemos surcado el Huallaga.",Nu’su’ penwinerchullidek Wella’dek.,"de esta manera, hemos surcado el huallaga.",nu’su’ penwinerchullidek wella’dek.
U04178,suspicious_content,SHIWILU contiene caracteres sospechosos: ['’'],"Entonces, conocí el pueblo de Lagunas. Ahí también dormimos.",Nanek luwerchulek Sennan Ñinanlu’. Nanek’unta’ wichi’llidek.,"entonces, conocí el pueblo de lagunas. ahí también dormimos.",nanek luwerchulek sennan ñinanlu’. nanek’unta’ wichi’llidek.
U04179,suspicious_content,SHIWILU contiene caracteres sospechosos: ['’'],"Solo de día surcábamos, de noche no.","Uklliksa’ penwinerllidek, dekpilli’ ku’la.","solo de día surcábamos, de noche no.","uklliksa’ penwinerllidek, dekpilli’ ku’la."
U04180,suspicious_content,SHIWILU contiene caracteres sospechosos: ['’'],"Después de surcar cuatro días, llegamos a Yurimaguas.",Inkatu’ ukllik penwineramudek ektu’llidek Yurimawak.,"después de surcar cuatro días, llegamos a yurimaguas.",inkatu’ ukllik penwineramudek ektu’llidek yurimawak.
U04181,suspicious_content,SHIWILU contiene caracteres sospechosos: ['’'],Mi hermano viajaba con su esposa.,Yalli’shawek sadinlek pa’lli.,mi hermano viajaba con su esposa.,yalli’shawek sadinlek pa’lli.
U04182,suspicious_content,SHIWILU contiene caracteres sospechosos: ['’'],"De comida llevamos carne, masato y yuca; nada nos faltó mientras surcábamos.","Chuchu, uklulu’, ker’ ekpa’llidek weranki; ma’nen pawanchi’ñidek penwinerapilamudek.","de comida llevamos carne, masato y yuca; nada nos faltó mientras surcábamos.","chuchu, uklulu’, ker’ ekpa’llidek weranki; ma’nen pawanchi’ñidek penwinerapilamudek."
U04183,suspicious_content,SHIWILU contiene caracteres sospechosos: ['’'],"Al llegar a Yurimaguas yo me asusté, al ver la ciudad tan grande.",Kua ektu’mu Yurimawak imanantulek lli’amu a’llupi ñinanlu’.,"al llegar a yurimaguas yo me asusté, al ver la ciudad tan grande.",kua ektu’mu yurimawak imanantulek lli’amu a’llupi ñinanlu’.
U04184,suspicious_content,SHIWILU contiene caracteres sospechosos: ['’'],Poco a poco me he acostumbrado.,Uti’lakla da’iyalek.,poco a poco me he acostumbrado.,uti’lakla da’iyalek.
U04185,suspicious_content,SHIWILU contiene caracteres sospechosos: ['’'],No conocía las calles.,Kallilusa’ luwerchi’nek.,no conocía las calles.,kallilusa’ luwerchi’nek.
U04186,suspicious_content,"SHIWILU contiene caracteres sospechosos: ['“', '”', '’']",Ahí probé por primera vez lo que llaman,Nanek luwerchulek “raspadilla” iter’kasu’.,ahí probé por primera vez lo que llaman,nanek luwerchulek raspadilla iter’kasu’.
U04187,suspicious_content,SHIWILU contiene caracteres sospechosos: ['’'],"Comprando, he chupado y me ha gustado.","Mapa’tamu pisha’lek, iyatulek.","comprando, he chupado y me ha gustado.","mapa’tamu pisha’lek, iyatulek."
U04188,suspicious_content,"ESP contiene caracteres sospechosos: ['“', '”']; SHIWILU contiene caracteres sospechosos: ['“', '”', '’']",En ese tiempo no existía eso que llaman “curichi”.,Nana “curichi” iter’kasu’ napi’pu’ ñinpu’wiñi.,en ese tiempo no existía eso que llaman curichi.,nana curichi iter’kasu’ napi’pu’ ñinpu’wiñi.
U04189,suspicious_content,SHIWILU contiene caracteres sospechosos: ['’'],"Asimismo, conocí el mercado. ",Nanek’unta’ luwerchulek mercado.,"asimismo, conocí el mercado.",nanek’unta’ luwerchulek mercado.
U04190,suspicious_content,SHIWILU contiene caracteres sospechosos: ['’'],Vi que vendían de todo.,Lli’lek uku’later’kasu’ dudinpu’lusa’.,vi que vendían de todo.,lli’lek uku’later’kasu’ dudinpu’lusa’.
U04191,suspicious_content,SHIWILU contiene caracteres sospechosos: ['’'],"Llegando a Yurimaguas nos hospedamos en la casa de un shiwilu, en la orillita del Huallaga.",Ektu’mudek Yurimawak da’kuñidek ala’sa’ Shiwilu pideknenkek. ,"llegando a yurimaguas nos hospedamos en la casa de un shiwilu, en la orillita del huallaga.",ektu’mudek yurimawak da’kuñidek ala’sa’ shiwilu pideknenkek.
U04193,suspicious_content,"ESP contiene caracteres sospechosos: ['“', '”']; SHIWILU contiene caracteres sospechosos: ['’']","A este hermano Evangelista, otros que eran como él le decían “Yacuruna” porque tenía la frente pelacha.","Asu’ yalli’wa Vanji nawa’pu’a’su’daperler itullina’ Dekmuda’, nuweklatu’ta’su’malek. ","a este hermano evangelista, otros que eran como él le decían yacuruna porque tenía la frente pelacha.","asu’ yalli’wa vanji nawa’pu’a’su’daperler itullina’ dekmuda’, nuweklatu’ta’su’malek."
U04194,suspicious_content,SHIWILU contiene caracteres sospechosos: ['’'],"En Yurimaguas estuvimos una semana, hasta que terminaran de curar a mi mamá.","Yurimawak ñapawiñidek ala’ simana’, awawek lulen’er’kekwalek.","en yurimaguas estuvimos una semana, hasta que terminaran de curar a mi mamá.","yurimawak ñapawiñidek ala’ simana’, awawek lulen’er’kekwalek."
U04195,suspicious_content,SHIWILU contiene caracteres sospechosos: ['’'],"Terminada la curación, regresamos a Jeberos en el mismo bote de mi hermano.","Ta’wantusik lulen’er’kasu’ adencha’llidek Shiwiluk, a’llupi nunkek i’la yalli’shawekki.","terminada la curación, regresamos a jeberos en el mismo bote de mi hermano.","ta’wantusik lulen’er’kasu’ adencha’llidek shiwiluk, a’llupi nunkek i’la yalli’shawekki."
U04196,suspicious_content,SHIWILU contiene caracteres sospechosos: ['’'],Ahí también viajaron los profesores que iban a trabajar en Jeberos.,Nanek’unta’ ukllina’ a’lektuteklusa’ yasaka’tanna’ Shiwiluk.,ahí también viajaron los profesores que iban a trabajar en jeberos.,nanek’unta’ ukllina’ a’lektuteklusa’ yasaka’tanna’ shiwiluk.
U04198,suspicious_content,SHIWILU contiene caracteres sospechosos: ['’'],"Esa vez me quedé tres meses, trabajando para comprar mi ropa.",Napi’pu’ lli’alek kala duker’ yasaka’tamu mapa’tak kutunweklusa’.,"esa vez me quedé tres meses, trabajando para comprar mi ropa.",napi’pu’ lli’alek kala duker’ yasaka’tamu mapa’tak kutunweklusa’.
U04199,suspicious_content,SHIWILU contiene caracteres sospechosos: ['’'],"Siendo ya un joven, yo también quería vestirme como los demás.",Ipa’ nadi’nektamu kuanta’ yai’shiwanek ali’ladaperpu’su’.,"siendo ya un joven, yo también quería vestirme como los demás.",ipa’ nadi’nektamu kuanta’ yai’shiwanek ali’ladaperpu’su’.
U04200,suspicious_content,SHIWILU contiene caracteres sospechosos: ['’'],Así conocí Yurimaguas. ,Nu’su’ luwerchulek Yurimawa’. ,así conocí yurimaguas.,nu’su’ luwerchulek yurimawa’.
U04201,suspicious_content,SHIWILU contiene caracteres sospechosos: ['’'],"Ahora acá vivo, tengo casa.","Ipa’la asek nanpipalek, pidekwanpalek.","ahora acá vivo, tengo casa.","ipa’la asek nanpipalek, pidekwanpalek."
U04202,suspicious_content,SHIWILU contiene caracteres sospechosos: ['’'],Yurimaguas es bonito solo en el centro de la ciudad.,Yurimawa’ u’chimusha nuka’a ikiñik ñinanlu’sak. ,yurimaguas es bonito solo en el centro de la ciudad.,yurimawa’ u’chimusha nuka’a ikiñik ñinanlu’sak.
U04203,suspicious_content,SHIWILU contiene caracteres sospechosos: ['’'],Sus casas son bonitas. ,Pideknenlusa’ u’chimushala nuker’ka. ,sus casas son bonitas.,pideknenlusa’ u’chimushala nuker’ka.
U04204,suspicious_content,SHIWILU contiene caracteres sospechosos: ['’'],Su iglesia es todavía más bonita.,Illisianen a’pinta’ u’chimusha nuka’a. ,su iglesia es todavía más bonita.,illisianen a’pinta’ u’chimusha nuka’a.
U04205,suspicious_content,SHIWILU contiene caracteres sospechosos: ['’'],Al costado de su plaza están las tiendas.,Plazanen lallinteklusak ñapallina’ chinta’lusa’. ,al costado de su plaza están las tiendas.,plazanen lallinteklusak ñapallina’ chinta’lusa’.
U04206,suspicious_content,SHIWILU contiene caracteres sospechosos: ['’'],"Ellos venden motocarros, celulares, furgonetas y otras cosas más de valor.","Nawa’ uku’latullina’ mutucarrulusa’, celularlusa’, furgunetalusa’, a’pinta’ dudinpu’lusa’ pa’ter’kasu’. ","ellos venden motocarros, celulares, furgonetas y otras cosas más de valor.","nawa’ uku’latullina’ mutucarrulusa’, celularlusa’, furgunetalusa’, a’pinta’ dudinpu’lusa’ pa’ter’kasu’."
U04207,suspicious_content,SHIWILU contiene caracteres sospechosos: ['’'],También está la iglesia y el palacio municipal donde trabaja el alcalde.,"Nanek’unta’ ñapalli illisia, alakanter’lusa’ pideknen, naneklanek alakanter’ saka’tapalli. ",también está la iglesia y el palacio municipal donde trabaja el alcalde.,"nanek’unta’ ñapalli illisia, alakanter’lusa’ pideknen, naneklanek alakanter’ saka’tapalli."
U04208,suspicious_content,SHIWILU contiene caracteres sospechosos: ['’'],En todo el pueblo hay bastantes tiendas.,Iñer ñinanluk wapu’ chinta’lusa’ ñapallina’. ,en todo el pueblo hay bastantes tiendas.,iñer ñinanluk wapu’ chinta’lusa’ ñapallina’.
U04209,suspicious_content,SHIWILU contiene caracteres sospechosos: ['’'],"También está su mercado, como ya les había dicho. ","Nanek’unta’ mercadunen ñapalli, ipa’ ituwiñenma’. ","también está su mercado, como ya les había dicho.","nanek’unta’ mercadunen ñapalli, ipa’ ituwiñenma’."
U04210,suspicious_content,SHIWILU contiene caracteres sospechosos: ['’'],Ahí venden de todo.,Nanek dudinpu’ uku’latullina’.,ahí venden de todo.,nanek dudinpu’ uku’latullina’.
U04211,suspicious_content,SHIWILU contiene caracteres sospechosos: ['’'],Puedes comprar lo que quieras:,Kenma luwanta’masu’ mapa’tunansin: ,puedes comprar lo que quieras:,kenma luwanta’masu’ mapa’tunansin:
U04212,suspicious_content,SHIWILU contiene caracteres sospechosos: ['’'],"pescado, carne de chancho, gallina, condimentos, frutas, golosinas.","samer, kusherlu’, wa’dantek, pimuladalusa’, wayulusa’, kaser’llalusa’.","pescado, carne de chancho, gallina, condimentos, frutas, golosinas.","samer, kusherlu’, wa’dantek, pimuladalusa’, wayulusa’, kaser’llalusa’."
U04213,suspicious_content,SHIWILU contiene caracteres sospechosos: ['’'],"Todo lo que quieras, allá lo vas a encontrar.",Iñer’ luwanta’masu’ nanek kanenchu.,"todo lo que quieras, allá lo vas a encontrar.",iñer’ luwanta’masu’ nanek kanenchu.
U04214,suspicious_content,SHIWILU contiene caracteres sospechosos: ['’'],En este mercado he trabajado tres meses como barredor. ,Asu’ mercaduk saka’tulek kala duker witektamu. ,en este mercado he trabajado tres meses como barredor.,asu’ mercaduk saka’tulek kala duker witektamu.
U04215,suspicious_content,SHIWILU contiene caracteres sospechosos: ['’'],Ahí he ganado mi platita.,Nanek kana’lek kulliker’chawek.,ahí he ganado mi platita.,nanek kana’lek kulliker’chawek.
U04216,suspicious_content,SHIWILU contiene caracteres sospechosos: ['’'],Con eso he comprado lo que me faltaba.,Nanalek mapa’tulek ma’nen’unta’ pawanta’kasu’.,con eso he comprado lo que me faltaba.,nanalek mapa’tulek ma’nen’unta’ pawanta’kasu’.
U04217,suspicious_content,SHIWILU contiene caracteres sospechosos: ['’'],"En el centro del pueblo las calles son bonitas, ","Ikiñik ñinanluk kallilusa’ u’chimusha nuker’ka, ","en el centro del pueblo las calles son bonitas,","ikiñik ñinanluk kallilusa’ u’chimusha nuker’ka,"
U04218,suspicious_content,SHIWILU contiene caracteres sospechosos: ['’'],pero en las afueras las calles no son buenas.,dunsanlupi’na kallilusa’ mui’ñina’,pero en las afueras las calles no son buenas.,dunsanlupi’na kallilusa’ mui’ñina’
U04219,suspicious_content,SHIWILU contiene caracteres sospechosos: ['’'],Cuando llueve se forma barro.,U’lansik mumulu’tullina’. ,cuando llueve se forma barro.,u’lansik mumulu’tullina’.
U04220,suspicious_content,SHIWILU contiene caracteres sospechosos: ['’'],Después de la lluvia no se puede caminar,U’lan ma’ta’ yennichi’nek dekkunta’kasu’,después de la lluvia no se puede caminar,u’lan ma’ta’ yennichi’nek dekkunta’kasu’
U04221,suspicious_content,SHIWILU contiene caracteres sospechosos: ['’'],", es demasiado lodoso.",", nakusu’ mumulu’ nuka’a.",", es demasiado lodoso.",", nakusu’ mumulu’ nuka’a."
U04222,suspicious_content,SHIWILU contiene caracteres sospechosos: ['’'],Eso nomás no vale de Yurimaguas.,Nanasa’ mui’ñi Yurimawakki.,eso nomás no vale de yurimaguas.,nanasa’ mui’ñi yurimawakki.
U04223,suspicious_content,SHIWILU contiene caracteres sospechosos: ['’'],"Cuando caminas por la calle, así doble de barro se pega a tu zapato.","Pa’a’sin kallilupa’, u’ne tanalu’ mumulu’ pasuñi.","cuando caminas por la calle, así doble de barro se pega a tu zapato.","pa’a’sin kallilupa’, u’ne tanalu’ mumulu’ pasuñi."
U04224,suspicious_content,SHIWILU contiene caracteres sospechosos: ['’'],Eso nomás no me gusta.,Nanasa’ musu’ a’kankanchi’ñu.,eso nomás no me gusta.,nanasa’ musu’ a’kankanchi’ñu.
U04225,suspicious_content,SHIWILU contiene caracteres sospechosos: ['’'],A veces quiero volver a mi pueblo.,Nerpi’pu’lusa’ ñinanlu’wekkek yaadanta’lek.,a veces quiero volver a mi pueblo.,nerpi’pu’lusa’ ñinanlu’wekkek yaadanta’lek.
U04226,suspicious_content,SHIWILU contiene caracteres sospechosos: ['’'],Allá sí que después de la lluvia no se forma barro,"Nanek a’ka’ u’lan ma’ta’ lli’i’nek mumulu’,",allá sí que después de la lluvia no se forma barro,"nanek a’ka’ u’lan ma’ta’ lli’i’nek mumulu’,"
U04227,suspicious_content,SHIWILU contiene caracteres sospechosos: ['’'],", bonito se camina por la calle.", kallik u’chimusha dekkuntulek.,", bonito se camina por la calle.",kallik u’chimusha dekkuntulek.
U04228,suspicious_content,SHIWILU contiene caracteres sospechosos: ['’'],En la calle no se ensucia tu zapato.,Kallik sapatupen uchui’ñi.,en la calle no se ensucia tu zapato.,kallik sapatupen uchui’ñi.
U04229,suspicious_content,SHIWILU contiene caracteres sospechosos: ['’'],"Esta enfermedad llegó a fines del año 2019, ","Asu’ kaluwi’ ektu’kerlli 2019 ta’wantapilasik, ","esta enfermedad llegó a fines del año 2019,","asu’ kaluwi’ ektu’kerlli 2019 ta’wantapilasik,"
U04230,suspicious_content,SHIWILU contiene caracteres sospechosos: ['’'],por eso le pusieron el nombre de covid-19.,nanamalek llillinen aku’tullina’ kuvi-19.,por eso le pusieron el nombre de covid-19.,nanamalek llillinen aku’tullina’ kuvi-19.
U04231,suspicious_content,SHIWILU contiene caracteres sospechosos: ['’'],"Esta enfermedad nunca la habíamos conocido, como conocemos otras enfermedades.","Asu’ kaluwi’ ñi enpi’ luwer’chi’nekwa’, ali’la kaluwi’lusa’pu’su’.","esta enfermedad nunca la habíamos conocido, como conocemos otras enfermedades.","asu’ kaluwi’ ñi enpi’ luwer’chi’nekwa’, ali’la kaluwi’lusa’pu’su’."
U04232,suspicious_content,SHIWILU contiene caracteres sospechosos: ['’'],Las enfermedades que habían antiguamente eran: ,Napi’ kaluwi’lusa’ ñiwiñina’: ,las enfermedades que habían antiguamente eran:,napi’ kaluwi’lusa’ ñiwiñina’:
U04233,suspicious_content,SHIWILU contiene caracteres sospechosos: ['’'],"tos ferina, sarampión, viruela, quitamuro.","chinku’kaluwi’, saranpion, sa’la’pi, sa’punpi.","tos ferina, sarampión, viruela, quitamuro.","chinku’kaluwi’, saranpion, sa’la’pi, sa’punpi."
U04236,suspicious_content,"ESP contiene paréntesis (posible glosa); ESP contiene caracteres sospechosos: ['(', ')']; SHIWILU contiene caracteres sospechosos: ['’']","A estas (enfermedades) nadie las ha producido,","Asu’ kaluwi’lusa’ nawa’ ñidenler nu’chi’ñi, ","a estas (enfermedades) nadie las ha producido,","asu’ kaluwi’lusa’ nawa’ ñidenler nu’chi’ñi,"
U04237,suspicious_content,SHIWILU contiene caracteres sospechosos: ['’'], por eso desaparecieron rápidamente.,nanamalek wiuksu’ wer’llina’. ,por eso desaparecieron rápidamente.,nanamalek wiuksu’ wer’llina’.
U04238,suspicious_content,SHIWILU contiene caracteres sospechosos: ['’'],"Ahora, en cambio, dicen que el covid-19 fue producido por el hombre.",Ipa’li’na tullina’ kuvi-19 enmu’pinenler nu’tulli.,"ahora, en cambio, dicen que el covid-19 fue producido por el hombre.",ipa’li’na tullina’ kuvi-19 enmu’pinenler nu’tulli.
U04239,suspicious_content,SHIWILU contiene caracteres sospechosos: ['’'],Ya van tres años desde que llegó esta enfermedad.,Ipa’ kala ekkilala ñapilalli asu’ kaluwi’ ektu’kera’su’.,ya van tres años desde que llegó esta enfermedad.,ipa’ kala ekkilala ñapilalli asu’ kaluwi’ ektu’kera’su’.
U04240,suspicious_content,SHIWILU contiene caracteres sospechosos: ['’'],"Con eso murieron muchos hermanos de edad avanzada,",Nanalek muinchi yalli’lusa’ chimiñina’,"con eso murieron muchos hermanos de edad avanzada,",nanalek muinchi yalli’lusa’ chimiñina’
U04241,suspicious_content,SHIWILU contiene caracteres sospechosos: ['’']," las hermanas mayores murieron,",", sha’shalusa’ chimiñina’, ","las hermanas mayores murieron,",", sha’shalusa’ chimiñina’,"
U04242,suspicious_content,SHIWILU contiene caracteres sospechosos: ['’']," los señores importantes murieron,","yalli’lusa’ pa’ter’kasu’nta’ chimiñina’, ","los señores importantes murieron,","yalli’lusa’ pa’ter’kasu’nta’ chimiñina’,"
U04243,suspicious_content,SHIWILU contiene caracteres sospechosos: ['’']," los doctores murieron, ","lulentulusa’ chimiñina’, ","los doctores murieron,","lulentulusa’ chimiñina’,"
U04244,suspicious_content,SHIWILU contiene caracteres sospechosos: ['’'],muchos policías murieron.,muinchi suntaDulusa’ chimiñina’.,muchos policías murieron.,muinchi suntadulusa’ chimiñina’.
U04245,suspicious_content,SHIWILU contiene caracteres sospechosos: ['’'],"Esta enfermedad ha arrasado en toda la Tierra, ","Asu’ kaluwi’ iñer’ Lupak panker’chulli,","esta enfermedad ha arrasado en toda la tierra,","asu’ kaluwi’ iñer’ lupak panker’chulli,"
U04246,suspicious_content,SHIWILU contiene caracteres sospechosos: ['’'],"hasta hoy sigue arrasando, ","ipa’lalek panker’chapilalli,","hasta hoy sigue arrasando,","ipa’lalek panker’chapilalli,"
U04247,suspicious_content,SHIWILU contiene caracteres sospechosos: ['’'],no pueden encontrar su cura., innichi’ñina’ kananer’kasu’ ilulennanen.,no pueden encontrar su cura.,innichi’ñina’ kananer’kasu’ ilulennanen.
U04248,suspicious_content,"ESP contiene paréntesis (posible glosa); ESP contiene caracteres sospechosos: ['(', ')']; SHIWILU contiene caracteres sospechosos: ['’']","Sin embargo, ahora ya han encontrado una vacuna, con eso están tratando (a la gente).","Ipa’li’na ipa’ kanañina’ vacunanen, nanalek lulen’apadekllina’.","sin embargo, ahora ya han encontrado una vacuna, con eso están tratando (a la gente).","ipa’li’na ipa’ kanañina’ vacunanen, nanalek lulen’apadekllina’."
U04250,suspicious_content,SHIWILU contiene caracteres sospechosos: ['’'],"Los hermanos que viven en la chacra, ","Yalli’lusa’ nanpier’ka’su’ menmik,","los hermanos que viven en la chacra,","yalli’lusa’ nanpier’ka’su’ menmik,"
U04251,suspicious_content,SHIWILU contiene caracteres sospechosos: ['’'],a ellos todavía falta vacunar., nawa’ pawanpallina’pi’la lulendek’er’ka’su’.,a ellos todavía falta vacunar.,nawa’ pawanpallina’pi’la lulendek’er’ka’su’.
U04252,suspicious_content,SHIWILU contiene caracteres sospechosos: ['’'],Primero comenzaron a vacunar a los mayores,"Nanentu tenmiansu’llina’ lulenter’ka’su’ taserpilusakla, ",primero comenzaron a vacunar a los mayores,"nanentu tenmiansu’llina’ lulenter’ka’su’ taserpilusakla,"
U04253,suspicious_content,SHIWILU contiene caracteres sospechosos: ['’'],", después a los jóvenes, ","nanekla nadi’neklusa’,",", después a los jóvenes,","nanekla nadi’neklusa’,"
U04254,suspicious_content,SHIWILU contiene caracteres sospechosos: ['’'],ahora están vacunando a los niños; , ipa’la lulendek’apallina’ wilalusa’; ,ahora están vacunando a los niños;,ipa’la lulendek’apallina’ wilalusa’;
U04255,suspicious_content,SHIWILU contiene caracteres sospechosos: ['’'],"dos veces, tres veces les están vacunando.","katu’lu’, kalalu’ lulendek’apallina’.","dos veces, tres veces les están vacunando.","katu’lu’, kalalu’ lulendek’apallina’."
U04256,suspicious_content,SHIWILU contiene caracteres sospechosos: ['’'],"Con eso, dice, la enfermedad del covid-19 no les va a coger.",Nanalek ima kuvi-19 kaluwi’ler a’pinta’pilli’tudek’i’nchu. ,"con eso, dice, la enfermedad del covid-19 no les va a coger.",nanalek ima kuvi-19 kaluwi’ler a’pinta’pilli’tudek’i’nchu.
U04257,suspicious_content,SHIWILU contiene caracteres sospechosos: ['’'],"El día que te vas a mandar vacunar,.","Yayanlulenta’mapi’pu’ wa’tentetchu wanersu’, ","el día que te vas a mandar vacunar,.","yayanlulenta’mapi’pu’ wa’tentetchu wanersu’,"
U04258,suspicious_content,SHIWILU contiene caracteres sospechosos: ['’']," vas a esperar parado,","nerpi’pu’lusa’ lulentuna-pidek setllanenkek,","vas a esperar parado,","nerpi’pu’lusa’ lulentuna-pidek setllanenkek,"
U04260,suspicious_content,SHIWILU contiene caracteres sospechosos: ['’'],A mí ya me han vacunado tres veces.,Ipa’ kua lulenñiner’ku kalalu’.,a mí ya me han vacunado tres veces.,ipa’ kua lulenñiner’ku kalalu’.
U04261,suspicious_content,SHIWILU contiene caracteres sospechosos: ['’'],"Para que no contraigas el covid-19, cuídate, lávate las manos con jabón, ","Dan’inpu’ak kuvi-19, inluwekter’, inwinsekker’ shapunlek,","para que no contraigas el covid-19, cuídate, lávate las manos con jabón,","dan’inpu’ak kuvi-19, inluwekter’, inwinsekker’ shapunlek,"
U04262,suspicious_content,SHIWILU contiene caracteres sospechosos: ['’'],"ponte la mascarilla, "," aku’ker’ patannetchekmapu’, ","ponte la mascarilla,","aku’ker’ patannetchekmapu’,"
U04263,suspicious_content,SHIWILU contiene caracteres sospechosos: ['’'],en la calle lávate las manos con alcohol.,kallik alcohollek inwinsekker’.,en la calle lávate las manos con alcohol.,kallik alcohollek inwinsekker’.
U04264,suspicious_content,SHIWILU contiene caracteres sospechosos: ['’'],A mí el año pasado me agarró el covid-19.,Kua napi’ ekkilala kuvi-19 pilli’tullu.,a mí el año pasado me agarró el covid-19.,kua napi’ ekkilala kuvi-19 pilli’tullu.
U04265,suspicious_content,SHIWILU contiene caracteres sospechosos: ['’'],"Tenía dolor de cabeza, fiebre, dolor de cuerpo y dolor de garganta; pero no me agarró fuerte.","Ikermutu’lek, ukalek, ikerllupilek, ikersi’lek; ku’li’na ikersu’ pilli’chi’ñu.","tenía dolor de cabeza, fiebre, dolor de cuerpo y dolor de garganta; pero no me agarró fuerte.","ikermutu’lek, ukalek, ikerllupilek, ikersi’lek; ku’li’na ikersu’ pilli’chi’ñu."
U04266,suspicious_content,SHIWILU contiene caracteres sospechosos: ['’'],"Me he sanado tomando ivermectina, ","A’padiperllek uwamu ivermectina, ","me he sanado tomando ivermectina,","a’padiperllek uwamu ivermectina,"
U04267,suspicious_content,SHIWILU contiene caracteres sospechosos: ['’'],"jengibre cocinado con cebolla, matico cocinado,","latekmu’sana’ akusupi siullalek, patella akusupi,","jengibre cocinado con cebolla, matico cocinado,","latekmu’sana’ akusupi siullalek, patella akusupi,"
U04268,suspicious_content,SHIWILU contiene caracteres sospechosos: ['’'], esos tomando me he sanado., nanadaper uwamu a’padiperllek.,esos tomando me he sanado.,nanadaper uwamu a’padiperllek.
U04269,suspicious_content,SHIWILU contiene caracteres sospechosos: ['’'],"Cuando recién apareció la vacuna del covid-19, de todo hablaban las personas.","Nalli’tusik kuvi-19 ilulennanen, intekdudinsu’ luñina’ yalli’lusa’.","cuando recién apareció la vacuna del covid-19, de todo hablaban las personas.","nalli’tusik kuvi-19 ilulennanen, intekdudinsu’ luñina’ yalli’lusa’."
U04270,suspicious_content,SHIWILU contiene caracteres sospechosos: ['’'],"Por eso, algunos no querían mandarse a vacunar.",Nanamalek nu’unta’lusa’ ayanlulenchinpu’wiñina’.,"por eso, algunos no querían mandarse a vacunar.",nanamalek nu’unta’lusa’ ayanlulenchinpu’wiñina’.
U04271,suspicious_content,SHIWILU contiene caracteres sospechosos: ['’'],Pero ahora les están vacunando a todos.,Ipa’li’na iñer’daper lulen’apadekllina’.,pero ahora les están vacunando a todos.,ipa’li’na iñer’daper lulen’apadekllina’.
U04272,suspicious_content,SHIWILU contiene caracteres sospechosos: ['’'],"Muchos se preguntaban por qué habían creado esta enfermedad,","Muinchi tullina’ ma’ki’na nu’tullina’ asu’ kaluwi’,","muchos se preguntaban por qué habían creado esta enfermedad,","muinchi tullina’ ma’ki’na nu’tullina’ asu’ kaluwi’,"
U04273,suspicious_content,SHIWILU contiene caracteres sospechosos: ['’'],"otros decían que hemos aumentado mucho en la Tierra y va a faltar comida,","ali’ladaper tullina’ nakusi’ma nadalekwa’ Lupak, weran pawenchu,","otros decían que hemos aumentado mucho en la tierra y va a faltar comida,","ali’ladaper tullina’ nakusi’ma nadalekwa’ lupak, weran pawenchu,"
U04274,suspicious_content,SHIWILU contiene caracteres sospechosos: ['’'],"otros decían que la gente rica quería tener más dinero, ","ali’ladaper tullina’ kulliker’wanlusa’ a’pinta’ yakulliker’wañina’, ","otros decían que la gente rica quería tener más dinero,","ali’ladaper tullina’ kulliker’wanlusa’ a’pinta’ yakulliker’wañina’,"
U04275,suspicious_content,SHIWILU contiene caracteres sospechosos: ['’'],acumular más dinero vendiendo la vacuna del covid-19.,kulliker’ yadimullina’ kuvi-19 ilulennan uku’latanna’.,acumular más dinero vendiendo la vacuna del covid-19.,kulliker’ yadimullina’ kuvi-19 ilulennan uku’latanna’.
U04276,suspicious_content,SHIWILU contiene caracteres sospechosos: ['’'],¡Cuánto dinero quizás estará gastando nuestro país comprando la vacuna!,¡Kupin ñinanlu’mapu’wa’ enpu’dun kulliker’ ipa’ dekker’apalli ilulenna mapa’tan!,¡cuánto dinero quizás estará gastando nuestro país comprando la vacuna!,¡kupin ñinanlu’mapu’wa’ enpu’dun kulliker’ ipa’ dekker’apalli ilulenna mapa’tan!
U04277,suspicious_content,SHIWILU contiene caracteres sospechosos: ['’'],Pero todavía no están vacunados a todos.,Ku’li’na iñer’daper lulenpilusi’npu’pi’la.,pero todavía no están vacunados a todos.,ku’li’na iñer’daper lulenpilusi’npu’pi’la.
U04278,suspicious_content,SHIWILU contiene caracteres sospechosos: ['’'],"A partir del covid -19, están apareciendo más enfermedades, variante delta, omicron.","kuvi-19 kaluwikla a’pinta’ kaluwi’lusa’ lli’tapilallina’, variante delta, omicron.","a partir del covid -19, están apareciendo más enfermedades, variante delta, omicron.","kuvi-19 kaluwikla a’pinta’ kaluwi’lusa’ lli’tapilallina’, variante delta, omicron."
U04279,suspicious_content,SHIWILU contiene caracteres sospechosos: ['’'],"Si no nos lleva el covid-19, estaremos viviendo todavía.","kuvi-19 ekpi’npu’pachinmu’, nanpiapaterpi’la.","si no nos lleva el covid-19, estaremos viviendo todavía.","kuvi-19 ekpi’npu’pachinmu’, nanpiapaterpi’la."
U04281,suspicious_content,SHIWILU contiene caracteres sospechosos: ['’'],Más enfermedades van a ir apareciendo.,A’pinta’ kaluwi’lusa’ lli’tapilechuna’.,más enfermedades van a ir apareciendo.,a’pinta’ kaluwi’lusa’ lli’tapilechuna’.
U04283,suspicious_content,SHIWILU contiene caracteres sospechosos: ['’'],Mi pueblo está ubicado en el medio del monte.,Ñinanlu’wek ñapalli ikiñek tanak.,mi pueblo está ubicado en el medio del monte.,ñinanlu’wek ñapalli ikiñek tanak.
U04284,suspicious_content,SHIWILU contiene caracteres sospechosos: ['’'],No tiene carretera ni ríos cerca.,"Kupin dekkunwi’ñi, kupin dekshadek kawinak a’ñi’ñi.",no tiene carretera ni ríos cerca.,"kupin dekkunwi’ñi, kupin dekshadek kawinak a’ñi’ñi."
U04285,suspicious_content,SHIWILU contiene caracteres sospechosos: ['’'],Tiene caminos y quebradas.,Dekkunlusa’ dekshadeklusa’ a’ñapalli.,tiene caminos y quebradas.,dekkunlusa’ dekshadeklusa’ a’ñapalli.
U04286,suspicious_content,"ESP contiene paréntesis (posible glosa); ESP contiene caracteres sospechosos: ['(', ')']; SHIWILU contiene caracteres sospechosos: ['’']",Tiene donde aterrizan los aviones (aeropuerto).,A’ñapalli wa’napennu’a’su’ lerak.,tiene donde aterrizan los aviones (aeropuerto).,a’ñapalli wa’napennu’a’su’ lerak.
U04287,suspicious_content,SHIWILU contiene caracteres sospechosos: ['’'],Como no tiene carreteras ,"Kupin dekkunwinpu’a’su’malek, ",como no tiene carreteras,"kupin dekkunwinpu’a’su’malek,"
U04288,suspicious_content,SHIWILU contiene caracteres sospechosos: ['’'],Como no tiene ríos cerca,"kupin dekshadekwinpu’a’su’malek kawinak,",como no tiene ríos cerca,"kupin dekshadekwinpu’a’su’malek kawinak,"
U04289,suspicious_content,SHIWILU contiene caracteres sospechosos: ['’'],por eso no llegan a cada rato los foráneos., nanamalek ektu’pi’ñina’ utalinpu’sa’ nerlusa’.,por eso no llegan a cada rato los foráneos.,nanamalek ektu’pi’ñina’ utalinpu’sa’ nerlusa’.
U04290,suspicious_content,"ESP contiene paréntesis (posible glosa); ESP contiene caracteres sospechosos: ['(', ')']; SHIWILU contiene caracteres sospechosos: ['’']",En mi pueblo nunca se ve que pasan los fierros flotantes (lanchas).,Ñinanlu’wekkek ñi enpi’ lli’i’nek nakuer’kasu’ wa’nalusa’ punka’er’kasu’.,en mi pueblo nunca se ve que pasan los fierros flotantes (lanchas).,ñinanlu’wekkek ñi enpi’ lli’i’nek nakuer’kasu’ wa’nalusa’ punka’er’kasu’.
U04291,suspicious_content,SHIWILU contiene caracteres sospechosos: ['’'],Ellos son los que llevan las enfermedades.,Nawa’ nuker’ka kaluwi’ ekpa’er’kasu’.,ellos son los que llevan las enfermedades.,nawa’ nuker’ka kaluwi’ ekpa’er’kasu’.
U04292,suspicious_content,"ESP contiene paréntesis (posible glosa); ESP contiene caracteres sospechosos: ['(', ')']; SHIWILU contiene caracteres sospechosos: ['’']","Los fierros que corren (carros), ellos también llevan las enfermedades.","Wa’nalusa’ tekka’er’kasu’, nawa’nta’ kaluwi’ ekpa’pallina’.","los fierros que corren (carros), ellos también llevan las enfermedades.","wa’nalusa’ tekka’er’kasu’, nawa’nta’ kaluwi’ ekpa’pallina’."
U04293,suspicious_content,SHIWILU contiene caracteres sospechosos: ['’'],A Jeberos nunca han llegado.,Shiwiluk ñi enpi’ ektui’ñina’.,a jeberos nunca han llegado.,shiwiluk ñi enpi’ ektui’ñina’.
U04294,suspicious_content,SHIWILU contiene caracteres sospechosos: ['’'],Por eso el covid-19 no arrasó mucho.,Nanamalek kuvi-19 enpu’ni panker’chi’ñi.,por eso el covid-19 no arrasó mucho.,nanamalek kuvi-19 enpu’ni panker’chi’ñi.
U04295,suspicious_content,SHIWILU contiene caracteres sospechosos: ['’'],"Algunos se contagiaron y se sanaron tomando matico, cebolla, eucalipto hervido.","Nu’unta’lusa’ pilli’tudeklli nawa’ a’padiperllina’ uwanna’ patella, siwella, eucalipto akusupi.","algunos se contagiaron y se sanaron tomando matico, cebolla, eucalipto hervido.","nu’unta’lusa’ pilli’tudeklli nawa’ a’padiperllina’ uwanna’ patella, siwella, eucalipto akusupi."
U04296,suspicious_content,SHIWILU contiene caracteres sospechosos: ['’'],Otros se curaron tomando masato fuerte con jenjibre.,"Ali’ladaper ilulenñina’ uwanna’ uklulu’dektek, latekmu’sana’lek.",otros se curaron tomando masato fuerte con jenjibre.,"ali’ladaper ilulenñina’ uwanna’ uklulu’dektek, latekmu’sana’lek."
U04297,suspicious_content,SHIWILU contiene caracteres sospechosos: ['’'],En Jeberos ya desapareció el covid-19.,Shiwiluk ipa’ werlli kuvi-19.,en jeberos ya desapareció el covid-19.,shiwiluk ipa’ werlli kuvi-19.
U04298,suspicious_content,SHIWILU contiene caracteres sospechosos: ['’'],En mi pueblo nadie ha muerto con la enfermedad del covid-19.,Ñinanlu’wekkek ñi den chimi’ñi kuvi-19 kaluwi’lek.,en mi pueblo nadie ha muerto con la enfermedad del covid-19.,ñinanlu’wekkek ñi den chimi’ñi kuvi-19 kaluwi’lek.
U04299,suspicious_content,SHIWILU contiene caracteres sospechosos: ['’'],"Nuestro remedio es el masato, nosotros lo tomamos todos los días.","Ilulennawidek nuka’a uklulu’, kuda iñer’ ukllilusa’ uwapallidek.","nuestro remedio es el masato, nosotros lo tomamos todos los días.","ilulennawidek nuka’a uklulu’, kuda iñer’ ukllilusa’ uwapallidek."
U04300,suspicious_content,SHIWILU contiene caracteres sospechosos: ['’'],Por eso no nos enfermamos con el covid-19.,Nanamalek kaluwi’i’ñidek kuvi-19lek.,por eso no nos enfermamos con el covid-19.,nanamalek kaluwi’i’ñidek kuvi-19lek.
U04301,suspicious_content,SHIWILU contiene caracteres sospechosos: ['’'],"De todo Loreto, solo en Jeberos no murieron con el covid-19.","Iñer’ Luretuk, Shiwiluksa’ chimi’ñina’ kuvi-19lek.","de todo loreto, solo en jeberos no murieron con el covid-19.","iñer’ luretuk, shiwiluksa’ chimi’ñina’ kuvi-19lek."
U04302,suspicious_content,SHIWILU contiene caracteres sospechosos: ['’'],En otros pueblos que viven en la ribera del río,"Ali’la ñinanlu’lusak nanpier’kasu’ kupin dekshadek ukuchik, ",en otros pueblos que viven en la ribera del río,"ali’la ñinanlu’lusak nanpier’kasu’ kupin dekshadek ukuchik,"
U04304,suspicious_content,SHIWILU contiene caracteres sospechosos: ['’'],", ahí han muerto muchos.", nanek enpu’nipa’ chimiñina’.,", ahí han muerto muchos.",nanek enpu’nipa’ chimiñina’.
U04305,suspicious_content,SHIWILU contiene caracteres sospechosos: ['’'],Hasta hoy están muriendo.,Ipa’lalek chimianpallina’.,hasta hoy están muriendo.,ipa’lalek chimianpallina’.
U04306,suspicious_content,SHIWILU contiene caracteres sospechosos: ['’'],No puede desaparecer el covid-19.,Yennichi’ñi wer’a’su’ kuvi-19.,no puede desaparecer el covid-19.,yennichi’ñi wer’a’su’ kuvi-19.
U04307,suspicious_content,SHIWILU contiene caracteres sospechosos: ['’'],"Las lanchas,","Wa’na punka’a’su’daperler, ","las lanchas,","wa’na punka’a’su’daperler,"
U04308,suspicious_content,SHIWILU contiene caracteres sospechosos: ['’']," los carros, ","wa’na tekka’a’su’daperler, ","los carros,","wa’na tekka’a’su’daperler,"
U04309,suspicious_content,"ESP contiene paréntesis (posible glosa); ESP contiene caracteres sospechosos: ['(', ')']; SHIWILU contiene caracteres sospechosos: ['’']","ellos todos los días estando de paso, van dejando (el covid-19) y se van.",nawa’ iñer’ ukllilusa’ nakupilanna’ akui’lanna’ pa’llina’.,"ellos todos los días estando de paso, van dejando (el covid-19) y se van.",nawa’ iñer’ ukllilusa’ nakupilanna’ akui’lanna’ pa’llina’.
U04310,suspicious_content,SHIWILU contiene caracteres sospechosos: ['’'],"En mi pueblo no es así, por eso rápido se perdió el covid-19.","Ñinanlu’wekkek nu’si’npu’, nanamalek wiuksu’ werlli kuvi-19.","en mi pueblo no es así, por eso rápido se perdió el covid-19.","ñinanlu’wekkek nu’si’npu’, nanamalek wiuksu’ werlli kuvi-19."
U04313,suspicious_content,SHIWILU contiene caracteres sospechosos: ['’'],Les contaré la biografía de mi finado hermano Meneleo.,Wintetchenma’ yalli’shawekku’ Miñiku nanpia’su’. ,les contaré la biografía de mi finado hermano meneleo.,wintetchenma’ yalli’shawekku’ miñiku nanpia’su’.
U04314,suspicious_content,SHIWILU contiene caracteres sospechosos: ['’'],El nombre de mi finado hermano es Meneleo Cariajano Chota.,Yalli’shawekku’ llillinen nuka’a Miñiku Cariajanu Chuta. ,el nombre de mi finado hermano es meneleo cariajano chota.,yalli’shawekku’ llillinen nuka’a miñiku cariajanu chuta.
U04315,suspicious_content,SHIWILU contiene caracteres sospechosos: ['’'],"Nació el día 22, ","Wadekllina’ katu’-shunka’ katu’ta’pi’pu’, ","nació el día 22,","wadekllina’ katu’-shunka’ katu’ta’pi’pu’,"
U04316,suspicious_content,"ESP contiene paréntesis (posible glosa); ESP contiene caracteres sospechosos: ['(', ')']","del séptimo mes (julio), ","kanchis dukerkek, ","del séptimo mes (julio),","kanchis dukerkek,"
U04317,suspicious_content,SHIWILU contiene caracteres sospechosos: ['’'],en el año 1940.,ala’waranka iskun-pasak inkatu’- shunka’ ekkilalak. ,en el año 1940.,ala’waranka iskun-pasak inkatu’- shunka’ ekkilalak.
U04318,suspicious_content,SHIWILU contiene caracteres sospechosos: ['’'],Nuestra finada mamá se llamaba Soledad Chota Mozombite.,Awamapu’ peklu’lek Shulli Chuta Musunpiti. ,nuestra finada mamá se llamaba soledad chota mozombite.,awamapu’ peklu’lek shulli chuta musunpiti.
U04319,suspicious_content,SHIWILU contiene caracteres sospechosos: ['’'],Mi finado hermano desde niño hablaba la lengua shiwilu.,Yalli’shawekku’ wilaklanen luñi Shiwilu la’la’. ,mi finado hermano desde niño hablaba la lengua shiwilu.,yalli’shawekku’ wilaklanen luñi shiwilu la’la’.
U04320,suspicious_content,SHIWILU contiene caracteres sospechosos: ['’'],Creció sin padre. ,Susulli tatawi’nsu’. ,creció sin padre.,susulli tatawi’nsu’.
U04321,suspicious_content,SHIWILU contiene caracteres sospechosos: ['’'],No terminó su primaria por falta de dinero.,Kerka’nen a’ta’wanchi’ñi kulliker’ pawansu’malek.,no terminó su primaria por falta de dinero.,kerka’nen a’ta’wanchi’ñi kulliker’ pawansu’malek.
U04322,suspicious_content,"ESP contiene paréntesis (posible glosa); ESP contiene caracteres sospechosos: ['(', ')']; SHIWILU contiene caracteres sospechosos: ['’']","Siendo joven, salió (de Jeberos) a trabajar.",Nadi’nektan yunsu’lli yasakatan.,"siendo joven, salió (de jeberos) a trabajar.",nadi’nektan yunsu’lli yasakatan.
U04323,suspicious_content,SHIWILU contiene caracteres sospechosos: ['’'],Allá encontró a un señor que tenía educación formal;,Nanek kanañi ala’sa’ yalli’ kerka’ ñinchita’su’;,allá encontró a un señor que tenía educación formal;,nanek kanañi ala’sa’ yalli’ kerka’ ñinchita’su’;
U04324,suspicious_content,SHIWILU contiene caracteres sospechosos: ['’'],"él le enseñó a mi finado hermano, entonces aprendió más.","nanaler a’leklli yalli’shawekku’, nanek a’pinta’ kerka’ ñinchitulli.","él le enseñó a mi finado hermano, entonces aprendió más.","nanaler a’leklli yalli’shawekku’, nanek a’pinta’ kerka’ ñinchitulli."
U04325,suspicious_content,SHIWILU contiene caracteres sospechosos: ['’'],"Siendo mayor, se casó con una señorita de nombre Teresa Acho Chota.",Susunentan sadalli ala’sa’ wilalunlek llillinen Chirisa Achu Chuta.,"siendo mayor, se casó con una señorita de nombre teresa acho chota.",susunentan sadalli ala’sa’ wilalunlek llillinen chirisa achu chuta.
U04326,suspicious_content,SHIWILU contiene caracteres sospechosos: ['’'],"Con ella tuvieron varios hijos, tres varones y tres mujeres.","Nanalek wapu’ wilawañina’, kala enmu’pinenlusa’, kala kua’perwawalusa’.","con ella tuvieron varios hijos, tres varones y tres mujeres.","nanalek wapu’ wilawañina’, kala enmu’pinenlusa’, kala kua’perwawalusa’."
U04327,suspicious_content,SHIWILU contiene caracteres sospechosos: ['’'],Meneleo salió de Jeberos y vino a vivir por Jeberillos.,"Miñiku yunsu’lli Shiwilukla, nanpikerlli Shiwiluwawalupa’.",meneleo salió de jeberos y vino a vivir por jeberillos.,"miñiku yunsu’lli shiwilukla, nanpikerlli shiwiluwawalupa’."
U04328,suspicious_content,SHIWILU contiene caracteres sospechosos: ['’'],"Cuando vivían allá, él y su esposa se separaron.",Nanek nanpipan yanpu’llina’ sadinlek.,"cuando vivían allá, él y su esposa se separaron.",nanek nanpipan yanpu’llina’ sadinlek.
U04329,suspicious_content,SHIWILU contiene caracteres sospechosos: ['’'],"Entonces Meneleo regresó a Jeberos, vino para acompañar a nuestra mamá.","Ipa’linchi Miñiku adencha’lli Shiwiluk, ka’tanencha’lli awamapu’.","entonces meneleo regresó a jeberos, vino para acompañar a nuestra mamá.","ipa’linchi miñiku adencha’lli shiwiluk, ka’tanencha’lli awamapu’."
U04331,suspicious_content,"ESP contiene paréntesis (posible glosa); ESP contiene caracteres sospechosos: ['(', ')']; SHIWILU contiene caracteres sospechosos: ['’']","Luego, volviendo (del Marañón) participó en un grupo de teatro.",Nanekla adencha’n saka’tulli teatruk.,"luego, volviendo (del marañón) participó en un grupo de teatro.",nanekla adencha’n saka’tulli teatruk.
U04332,suspicious_content,"ESP contiene paréntesis (posible glosa); ESP contiene caracteres sospechosos: ['(', ')']; SHIWILU contiene caracteres sospechosos: ['’']","Viajó a Iquitos, a Lima y llegó hasta Chile (con el grupo de teatro).","Pa’lli Iquituk, Llimak, Chilekekwalek ektu’lli.","viajó a iquitos, a lima y llegó hasta chile (con el grupo de teatro).","pa’lli iquituk, llimak, chilekekwalek ektu’lli."
U04334,suspicious_content,SHIWILU contiene caracteres sospechosos: ['’'],Ahí colaboraron varias personas: ,Nanek saka’tullina’ wapu’daper: ,ahí colaboraron varias personas:,nanek saka’tullina’ wapu’daper:
U04335,suspicious_content,SHIWILU contiene caracteres sospechosos: ['’'],"el hermano Fernando Lachuma Cachique, ","yalli’sha Nantu Lachuma Kachiki, ","el hermano fernando lachuma cachique,","yalli’sha nantu lachuma kachiki,"
U04336,suspicious_content,SHIWILU contiene caracteres sospechosos: ['’'],"la hermana Julita Inuma Inuma, ","sha’sha Kullasha Inuma Inuma, ","la hermana julita inuma inuma,","sha’sha kullasha inuma inuma,"
U04337,suspicious_content,SHIWILU contiene caracteres sospechosos: ['’'],la hermana Emérita Guerra Acho y otros más.,"sha’sha Imicha Kira Achu, ali’ladaperunta’.",la hermana emérita guerra acho y otros más.,"sha’sha imicha kira achu, ali’ladaperunta’."
U04338,suspicious_content,SHIWILU contiene caracteres sospechosos: ['’'],"Terminando este trabajo se fue a Lima, donde sus hijos.","A’ta’wantan asu’ saka’tuna pa’lli Llimak, willinlusak.","terminando este trabajo se fue a lima, donde sus hijos.","a’ta’wantan asu’ saka’tuna pa’lli llimak, willinlusak."
U04339,suspicious_content,SHIWILU contiene caracteres sospechosos: ['’'],Allá también fue a vivir muchos años.,Nanek’unta’ wapu’ ekklilala nanpikuñi.,allá también fue a vivir muchos años.,nanek’unta’ wapu’ ekklilala nanpikuñi.
U04340,suspicious_content,SHIWILU contiene caracteres sospechosos: ['’'],"Cuando sus hijos volvieron a Yurimaguas, él","Willinlusa’ adencha’a’ser’ Yurimawak, nananta’ adenc ha’lli.","cuando sus hijos volvieron a yurimaguas, él","willinlusa’ adencha’a’ser’ yurimawak, nananta’ adenc ha’lli."
U04341,suspicious_content,SHIWILU contiene caracteres sospechosos: ['’'],"Estuvo viviendo por Jeberillos, en la casa de su hija.",Nanpipawiñi Shiwiluwawalupa’ teklapin pideknenkek.,"estuvo viviendo por jeberillos, en la casa de su hija.",nanpipawiñi shiwiluwawalupa’ teklapin pideknenkek.
U04342,suspicious_content,SHIWILU contiene caracteres sospechosos: ['’'],Desde allá venía a veces a visitarme.,Naneklanek nerpi’pu’lusa’ lli’apencha’wiñu.,desde allá venía a veces a visitarme.,naneklanek nerpi’pu’lusa’ lli’apencha’wiñu.
U04343,suspicious_content,SHIWILU contiene caracteres sospechosos: ['’'],"Estando allá, se enfermó con el covid-19.",Nanek ñapan kaluwi’lli kuvilek.,"estando allá, se enfermó con el covid-19.",nanek ñapan kaluwi’lli kuvilek.
U04344,suspicious_content,SHIWILU contiene caracteres sospechosos: ['’'],"Su hija le mandó curar en el hospital, pero no pudo sanarse, más se agravó.","Teklapinler a’lulentulli uspitalkek, ku’li’na yennichi’ñi a’padipera’su’, a’pinta’ tekkikerlli.","su hija le mandó curar en el hospital, pero no pudo sanarse, más se agravó.","teklapinler a’lulentulli uspitalkek, ku’li’na yennichi’ñi a’padipera’su’, a’pinta’ tekkikerlli."
U04346,suspicious_content,"ESP contiene paréntesis (posible glosa); ESP contiene caracteres sospechosos: ['(', ')']; SHIWILU contiene caracteres sospechosos: ['’']","Murió el veintitrés, del séptimo mes (julio), del año dos mil veintiuno.","Chimiñi katu’-shunka’ kala, kanchis dukerkek, katu’-waranka katu’-shunka’ ala’sa’ ekkilalak.","murió el veintitrés, del séptimo mes (julio), del año dos mil veintiuno.","chimiñi katu’-shunka’ kala, kanchis dukerkek, katu’-waranka katu’-shunka’ ala’sa’ ekkilalak."
U04349,suspicious_content,SHIWILU contiene caracteres sospechosos: ['’'],Con quién también hablaba . No tenía pereza de hablar.,Denlekpi’nta’ luñi. Peri’ñi yalun.,con quién también hablaba . no tenía pereza de hablar.,denlekpi’nta’ luñi. peri’ñi yalun.
U04350,suspicious_content,SHIWILU contiene caracteres sospechosos: ['’'],Cualquier cosita que tenía regalaba.,Ma’shapi’nta’ a’ña’su’ panutulli.,cualquier cosita que tenía regalaba.,ma’shapi’nta’ a’ña’su’ panutulli.
U04351,suspicious_content,SHIWILU contiene caracteres sospechosos: ['’'],Sembrador era. En su chacra sembraba de todo.,Tera’tutek ñiwiñi. Menmiñik dudinpu’ tera’lli.,sembrador era. en su chacra sembraba de todo.,tera’tutek ñiwiñi. menmiñik dudinpu’ tera’lli.
U04352,suspicious_content,SHIWILU contiene caracteres sospechosos: ['’'],"Cuando ya estaban maduros sus sembríos, una parte vendía y otra parte regalaba.","Ipa’ mer’chusik tera’nenlusa’, u’neipi’la uku’latulli, u’neipi’la panutulli.","cuando ya estaban maduros sus sembríos, una parte vendía y otra parte regalaba.","ipa’ mer’chusik tera’nenlusa’, u’neipi’la uku’latulli, u’neipi’la panutulli."
U04353,suspicious_content,SHIWILU contiene caracteres sospechosos: ['’'],Lo que sobraba lo guardaba para su comida.,Dansu’a’su’ ek’llia’lli weranenki.,lo que sobraba lo guardaba para su comida.,dansu’a’su’ ek’llia’lli weranenki.
U04354,suspicious_content,SHIWILU contiene caracteres sospechosos: ['’'],Así era Meneleo.,Nu’su’ ñiwiñi Miñiku.,así era meneleo.,nu’su’ ñiwiñi miñiku.
U04355,suspicious_content,SHIWILU contiene caracteres sospechosos: ['’'],"Una vez nos fuimos por el alto Aipena; yo en mi canoa, él en su canoa.","Ala’lu’sa’ pa’llidek Erpina’ winenñupa’; kua nunwekkek, nana nunenkek.","una vez nos fuimos por el alto aipena; yo en mi canoa, él en su canoa.","ala’lu’sa’ pa’llidek erpina’ winenñupa’; kua nunwekkek, nana nunenkek."
U04356,suspicious_content,SHIWILU contiene caracteres sospechosos: ['’'],Estando de viaje hemos dormido en la desembocadura del Rumiyacu.,Pa’apilamudek wichi’llidek La’pir chinpeñak.,estando de viaje hemos dormido en la desembocadura del rumiyacu.,pa’apilamudek wichi’llidek la’pir chinpeñak.
U04357,suspicious_content,"ESP contiene paréntesis (posible glosa); ESP contiene caracteres sospechosos: ['(', ')']; SHIWILU contiene caracteres sospechosos: ['’']",La canoa de Meneleo (estaba rajada y) goteaba un poco.,Miñiku nunen a’mercha wiserlli.,la canoa de meneleo (estaba rajada y) goteaba un poco.,miñiku nunen a’mercha wiserlli.
U04358,suspicious_content,SHIWILU contiene caracteres sospechosos: ['’'],"Quedándose bien dormido, se olvidó de botar el agua.",Nakusu’ wichi’an pinanerlli dinki’yekta’su’.,"quedándose bien dormido, se olvidó de botar el agua.",nakusu’ wichi’an pinanerlli dinki’yekta’su’.
U04359,suspicious_content,SHIWILU contiene caracteres sospechosos: ['’'],Su canoa amaneció hundida.,Nunen dankumer’su’ ukllinantulli.,su canoa amaneció hundida.,nunen dankumer’su’ ukllinantulli.
U04360,suspicious_content,SHIWILU contiene caracteres sospechosos: ['’'],Toda su sal y su azúcar que estaba llevando la disolvió el agua.,"Iñer’ damulanen, kaser’lu’nen ekpa’pila’su’, dekler su’ker’lli.",toda su sal y su azúcar que estaba llevando la disolvió el agua.,"iñer’ damulanen, kaser’lu’nen ekpa’pila’su’, dekler su’ker’lli."
U04361,suspicious_content,SHIWILU contiene caracteres sospechosos: ['’'],"Buceando, hemos sacado su canoa.",Da’dektamudek u’ser’llidek nunen.,"buceando, hemos sacado su canoa.",da’dektamudek u’ser’llidek nunen.
U04363,suspicious_content,SHIWILU contiene caracteres sospechosos: ['’'],Llegamos a Pandishal y ahí desayunamos.,"Ektu’llidek Petchulalu’, nanek werañidek.",llegamos a pandishal y ahí desayunamos.,"ektu’llidek petchulalu’, nanek werañidek."
U04364,suspicious_content,SHIWILU contiene caracteres sospechosos: ['’'],Hemos descansado un poco. Meneleo encendió su,"A’mercha nerillidek. Miñiku, a’tentan pinterñen, u’wa’t ulli.",hemos descansado un poco. meneleo encendió su,"a’mercha nerillidek. miñiku, a’tentan pinterñen, u’wa’t ulli."
U04365,suspicious_content,SHIWILU contiene caracteres sospechosos: ['’'],"Después del descanso, otra vez hemos surcado.","Neria’kawasu’ supina, penwinernunta’llidek.","después del descanso, otra vez hemos surcado.","neria’kawasu’ supina, penwinernunta’llidek."
U04366,suspicious_content,SHIWILU contiene caracteres sospechosos: ['’'],Llegamos a la boca del Sapoyacu y ahí dormimos.,"Ektu’llidek Enpuer’ chinpeñak, nanek wichi’llidek.",llegamos a la boca del sapoyacu y ahí dormimos.,"ektu’llidek enpuer’ chinpeñak, nanek wichi’llidek."
U04367,suspicious_content,SHIWILU contiene caracteres sospechosos: ['’'],"Cuando amaneció, surcamos y llegamos a Tierra Blanca, en el alto Aipena.","Ukllisik penwinerllidek, ektu’llidek Chinenluk, Erpina’ winenkek.","cuando amaneció, surcamos y llegamos a tierra blanca, en el alto aipena.","ukllisik penwinerllidek, ektu’llidek chinenluk, erpina’ winenkek."
U04368,suspicious_content,SHIWILU contiene caracteres sospechosos: ['’'],"Llevábamos una carguita de barbasco, con eso pescamos en el Cunchiyacu.","Ekpa’llidek ala’ tenpu’sha puñañin, nanalek puer’chullidek Ku’ku’chi’dek.","llevábamos una carguita de barbasco, con eso pescamos en el cunchiyacu.","ekpa’llidek ala’ tenpu’sha puñañin, nanalek puer’chullidek ku’ku’chi’dek."
U04369,suspicious_content,SHIWILU contiene caracteres sospechosos: ['’'],"Hemos agarrado muchos pejes: súngaro, palometa pintada, paña, lisa.","Wapu’ samer mallidek, da’wanser, ter’ek paluwa’pi, dunan, nerkala mallidek.","hemos agarrado muchos pejes: súngaro, palometa pintada, paña, lisa.","wapu’ samer mallidek, da’wanser, ter’ek paluwa’pi, dunan, nerkala mallidek."
U04370,suspicious_content,SHIWILU contiene caracteres sospechosos: ['’'],A Meneleo le faltaba poquito para llenar su canoa.,Miñiku u’ñisha pawanwiñi nunen pi’muer’ak.,a meneleo le faltaba poquito para llenar su canoa.,miñiku u’ñisha pawanwiñi nunen pi’muer’ak.
U04371,suspicious_content,SHIWILU contiene caracteres sospechosos: ['’'],A las once hemos vuelto de la pesca.,Tamutuk adencha’llidek pu’yekkekla.,a las once hemos vuelto de la pesca.,tamutuk adencha’llidek pu’yekkekla.
U04372,suspicious_content,SHIWILU contiene caracteres sospechosos: ['’'],Meneleo preparó chilcano y almorzamos.,Miñiku kalu’tusik werañidek.,meneleo preparó chilcano y almorzamos.,miñiku kalu’tusik werañidek.
U04373,suspicious_content,SHIWILU contiene caracteres sospechosos: ['’'],"Luego de eso, comenzamos a pishtar .","Nana supinak, tenmiansu’llidek wika’ak.","luego de eso, comenzamos a pishtar .","nana supinak, tenmiansu’llidek wika’ak."
U04374,suspicious_content,SHIWILU contiene caracteres sospechosos: ['’'],Meneleo pishtaba y yo también pishtaba; hasta la noche hemos pishtado.,"Miñiku wika’lli, kuanta’ wika’lek; kasiser’ak walek wika’llidek.",meneleo pishtaba y yo también pishtaba; hasta la noche hemos pishtado.,"miñiku wika’lli, kuanta’ wika’lek; kasiser’ak walek wika’llidek."
U04375,suspicious_content,SHIWILU contiene caracteres sospechosos: ['’'],Ahí también Meneleo ha ahumado.,Nanek’unta’ Miñiku chintulli.,ahí también meneleo ha ahumado.,nanek’unta’ miñiku chintulli.
U04377,suspicious_content,SHIWILU contiene caracteres sospechosos: ['’'],Tarde en la noche dormimos.,Utawansik wichi’llidek.,tarde en la noche dormimos.,utawansik wichi’llidek.
U04378,suspicious_content,SHIWILU contiene caracteres sospechosos: ['’'],"Cuando amaneció, cargamos nuestras canoas y bajamos el Aipena.","Ukllisik kala’tullidek nunwidek, nu’wantencha’llidek Erpina’.","cuando amaneció, cargamos nuestras canoas y bajamos el aipena.","ukllisik kala’tullidek nunwidek, nu’wantencha’llidek erpina’."
U04379,suspicious_content,SHIWILU contiene caracteres sospechosos: ['’'],Vinimos a anochecernos por Pandishal.,Kasiser’chencha’llidek Petchulalu’lupa’.,vinimos a anochecernos por pandishal.,kasiser’chencha’llidek petchulalu’lupa’.
U04380,suspicious_content,SHIWILU contiene caracteres sospechosos: ['’'],Hemos llegado tarde en la noche a la boca del Rumiyacu. Allá dormimos.,Ektue ’ncha’llidek utawan La’pir’ chinpeñak. Nanek wichi’llidek.,hemos llegado tarde en la noche a la boca del rumiyacu. allá dormimos.,ektue ’ncha’llidek utawan la’pir’ chinpeñak. nanek wichi’llidek.
U04381,suspicious_content,SHIWILU contiene caracteres sospechosos: ['’'],De ahí hemos madrugado y surcamos al Rumiyacu.,"Nanekla chidasu’lallidek, La’pir’ penwinerchullidek.",de ahí hemos madrugado y surcamos al rumiyacu.,"nanekla chidasu’lallidek, la’pir’ penwinerchullidek."
U04382,suspicious_content,SHIWILU contiene caracteres sospechosos: ['’'],En la boca del Huachiyacu hemos comido palometa ahumada y lisa ahumada.,"Namu’dek chinpeñak werañidek ter’ek chinpi, nerkala chinpilek.",en la boca del huachiyacu hemos comido palometa ahumada y lisa ahumada.,"namu’dek chinpeñak werañidek ter’ek chinpi, nerkala chinpilek."
U04383,suspicious_content,SHIWILU contiene caracteres sospechosos: ['’'],"De ahí, otra vez hemos surcado.",Nanekla penwinernunta’llidek.,"de ahí, otra vez hemos surcado.",nanekla penwinernunta’llidek.
U04384,suspicious_content,SHIWILU contiene caracteres sospechosos: ['’'],"Tardecito hemos llegado al puerto del Armanayacu, cerca de nuestra casa.","Er’washinchi ektu’llidek Ama’winan llishanak, pidekwidektak.","tardecito hemos llegado al puerto del armanayacu, cerca de nuestra casa.","er’washinchi ektu’llidek ama’winan llishanak, pidekwidektak."
U04385,suspicious_content,SHIWILU contiene caracteres sospechosos: ['’'],"Cuando amaneció, Meneleo vendió sus pejes salados y sus ahumados.","Ukllisik Miñiku uku’latulli samercheknenlusa’, chinpinenlusa’.","cuando amaneció, meneleo vendió sus pejes salados y sus ahumados.","ukllisik miñiku uku’latulli samercheknenlusa’, chinpinenlusa’."
U04386,suspicious_content,SHIWILU contiene caracteres sospechosos: ['’'],"Un poco más les regaló a sus amigas,","Nu’dunpi’la panudeklli ekkuanenlusa’, ","un poco más les regaló a sus amigas,","nu’dunpi’la panudeklli ekkuanenlusa’,"
U04387,suspicious_content,SHIWILU contiene caracteres sospechosos: ['’'], un poco más guardó para su comida.,nu’dunpi’la sekdiperlli weranenki.,un poco más guardó para su comida.,nu’dunpi’la sekdiperlli weranenki.
U04388,suspicious_content,SHIWILU contiene caracteres sospechosos: ['’'],Así era Meneleo cuando vivía.,Nu’su’ ñiwiñi Miñiku nanpiapan. ,así era meneleo cuando vivía.,nu’su’ ñiwiñi miñiku nanpiapan.
U04390,suspicious_content,SHIWILU contiene caracteres sospechosos: ['’'],Esto les contó Fidel.,Itullenma’ Pidir.,esto les contó fidel.,itullenma’ pidir.
U04391,suspicious_content,SHIWILU contiene caracteres sospechosos: ['’'],¿Cómo están? Mi nombre es Fidel Lomas Chota. ,¿Ma’pu’sin? Llillinwek nuka’a Pidir Lumas Chuta.,¿cómo están? mi nombre es fidel lomas chota.,¿ma’pu’sin? llillinwek nuka’a pidir lumas chuta.
U04392,suspicious_content,SHIWILU contiene caracteres sospechosos: ['’'],Tengo sesentinueve años., A’ñapalek sukta-shunka’ iskun ekkilala.,tengo sesentinueve años.,a’ñapalek sukta-shunka’ iskun ekkilala.
U04393,suspicious_content,SHIWILU contiene caracteres sospechosos: ['’'],"Soy shiwilu, pero vivo en Yurimaguas.","Shiwilu nuka’ka, nanpipalek Yurimawak.","soy shiwilu, pero vivo en yurimaguas.","shiwilu nuka’ka, nanpipalek yurimawak."
U04394,suspicious_content,SHIWILU contiene caracteres sospechosos: ['’'],Hace veinte años que salí de mi pueblo.,Katu’-shunka’ ekkilala ñilli yunsu’a’kasu’ ñinanlu’wekekla.,hace veinte años que salí de mi pueblo.,katu’-shunka’ ekkilala ñilli yunsu’a’kasu’ ñinanlu’wekekla.
U04395,suspicious_content,SHIWILU contiene caracteres sospechosos: ['’'],Desde niño yo hablo en la lengua shiwilu. ,Kua wilaklanek shiwilu la’lakla lunek. ,desde niño yo hablo en la lengua shiwilu.,kua wilaklanek shiwilu la’lakla lunek.
U04396,suspicious_content,SHIWILU contiene caracteres sospechosos: ['’'],Pero actualmente no hay nadie con quien pueda conversar.,Ipa’li’na ñi denlek ñi’ñi inlunta’kasu’.,pero actualmente no hay nadie con quien pueda conversar.,ipa’li’na ñi denlek ñi’ñi inlunta’kasu’.
U04397,suspicious_content,SHIWILU contiene caracteres sospechosos: ['’'],"Antiguamente, mi lengua shiwilu estaba sana, ","Shiwilu la’la’wek napi’ mudinupawiñi, ","antiguamente, mi lengua shiwilu estaba sana,","shiwilu la’la’wek napi’ mudinupawiñi,"
U04399,suspicious_content,SHIWILU contiene caracteres sospechosos: ['’'],"Cuando ellos llegaron, empezó a enfermarse.",Nawa’ ektu’ker’a’ser’ tenmiansu’lli kaluwi’a’su’.,"cuando ellos llegaron, empezó a enfermarse.",nawa’ ektu’ker’a’ser’ tenmiansu’lli kaluwi’a’su’.
U04400,suspicious_content,SHIWILU contiene caracteres sospechosos: ['’'],"Su enfermedad es el castellano, ","Kaluwi’nen nuka’a lawer’ la’la’,","su enfermedad es el castellano,","kaluwi’nen nuka’a lawer’ la’la’,"
U04401,suspicious_content,SHIWILU contiene caracteres sospechosos: ['’'],este le está matando a todas las lenguas., asu’ler dei’tapilalli iñer’ la’la’lusa’.,este le está matando a todas las lenguas.,asu’ler dei’tapilalli iñer’ la’la’lusa’.
U04402,suspicious_content,SHIWILU contiene caracteres sospechosos: ['’'],"Si desde hace tiempo le hubiesen curado a mi lengua shiwilu, no se hubiese agravado.",Napiklanek lulenñina’ shiwilu la’la’wek tekkiker’inpui’nsu’.,"si desde hace tiempo le hubiesen curado a mi lengua shiwilu, no se hubiese agravado.",napiklanek lulenñina’ shiwilu la’la’wek tekkiker’inpui’nsu’.
U04403,suspicious_content,SHIWILU contiene caracteres sospechosos: ['’'],Su remedio estaba en las escuelas y en las iglesias.,"Ilulennanen ñapawiñi ñinchituna-pideklusa’, illisialusa’.",su remedio estaba en las escuelas y en las iglesias.,"ilulennanen ñapawiñi ñinchituna-pideklusa’, illisialusa’."
U04405,suspicious_content,SHIWILU contiene caracteres sospechosos: ['’'],ahí les hubiesen permitido hablar la lengua shiwilu a los niños., nanek ta’itula’deknanta’ser’ lun’er’kek shiwilu la’la’ wilalusa’.,ahí les hubiesen permitido hablar la lengua shiwilu a los niños.,nanek ta’itula’deknanta’ser’ lun’er’kek shiwilu la’la’ wilalusa’.
U04407,suspicious_content,SHIWILU contiene caracteres sospechosos: ['’'],Ahí no se hubiese enfermado nuestra lengua shiwilu.,Nanek kaluwi’wi’nsu’ shiwilu la’la’mapu’wa’.,ahí no se hubiese enfermado nuestra lengua shiwilu.,nanek kaluwi’wi’nsu’ shiwilu la’la’mapu’wa’.
U04408,suspicious_content,SHIWILU contiene caracteres sospechosos: ['’'],Hasta hoy estuviera viviendo sana.,Ipa’lalek mudinusu’ nanpiapasu’.,hasta hoy estuviera viviendo sana.,ipa’lalek mudinusu’ nanpiapasu’.
U04409,suspicious_content,SHIWILU contiene caracteres sospechosos: ['’'],Yo entré a la escuela en el año mil novecientos sesentidós.,Kua da’lek ñinchituna-pidik ala’waranka iskun- pasak sukta-shunka’ katu’ta.,yo entré a la escuela en el año mil novecientos sesentidós.,kua da’lek ñinchituna-pidik ala’waranka iskun- pasak sukta-shunka’ katu’ta.
U04410,suspicious_content,SHIWILU contiene caracteres sospechosos: ['’'],En esos tiempos hablaban todavía la lengua shiwilu.,Napi’pu’ lunpawiñina’pi’la shiwilu la’la’.,en esos tiempos hablaban todavía la lengua shiwilu.,napi’pu’ lunpawiñina’pi’la shiwilu la’la’.
U04411,suspicious_content,SHIWILU contiene caracteres sospechosos: ['’'],Los niños entendían la lengua shiwilu.,Wilalusa’ lachek’apawiñina’ shiwilu la’la .,los niños entendían la lengua shiwilu.,wilalusa’ lachek’apawiñina’ shiwilu la’la .
U04412,suspicious_content,SHIWILU contiene caracteres sospechosos: ['’'],"Si en ese tiempo les hubiesen dicho que hablen, así sin dificultad hubieran aprendido.","Napi’pu’ a’ka wintuwideknanser lun’er’kek, nu’su’ saka’dek’inpu’ ñinchitunandaser.","si en ese tiempo les hubiesen dicho que hablen, así sin dificultad hubieran aprendido.","napi’pu’ a’ka wintuwideknanser lun’er’kek, nu’su’ saka’dek’inpu’ ñinchitunandaser."
U04413,suspicious_content,"ESP contiene paréntesis (posible glosa); ESP contiene caracteres sospechosos: ['(', ')']; SHIWILU contiene caracteres sospechosos: ['’']",A veces el profesor se molestaba cuando hablaban los niños (shiwilu).,Nerpi’pu’lusa’ a’lektutek yulli lun’a’ser’ wilalusa’.,a veces el profesor se molestaba cuando hablaban los niños (shiwilu).,nerpi’pu’lusa’ a’lektutek yulli lun’a’ser’ wilalusa’.
U04414,suspicious_content,SHIWILU contiene caracteres sospechosos: ['’'],En sus casas también sus padres les reñían cuando hablaban en shiwilu.,Pideknennak’unta’ papina’ler yutudeklli lun’a’ser’ shiwilu la’la’kla.,en sus casas también sus padres les reñían cuando hablaban en shiwilu.,pideknennak’unta’ papina’ler yutudeklli lun’a’ser’ shiwilu la’la’kla.
U04415,suspicious_content,"ESP contiene caracteres sospechosos: ['“']; SHIWILU contiene caracteres sospechosos: ['“', '’']",Les decían: “¿Por qué están hablando en shiwilu? ,Itudekllina: “¿Ma’ki’na lunpala shiwilu la’la’kla? ,les decían: ¿por qué están hablando en shiwilu?,itudekllina: ¿ma’ki’na lunpala shiwilu la’la’kla?
U04416,suspicious_content,SHIWILU contiene caracteres sospechosos: ['’'],Eso no vale. ,Nana mui’ñi. ,eso no vale.,nana mui’ñi.
U04417,suspicious_content,"ESP contiene caracteres sospechosos: ['”']; SHIWILU contiene caracteres sospechosos: ['’', '”']",Hablen en castellano”.,Lunku’ lawer’ la’la’kla”.,hablen en castellano.,lunku’ lawer’ la’la’kla.
U04418,suspicious_content,SHIWILU contiene caracteres sospechosos: ['’'],Por eso los niños de ayer y hoy se han olvidado.,"Nanamalek wilalusa’ napikla, ipa’lakla pinanerllina’.",por eso los niños de ayer y hoy se han olvidado.,"nanamalek wilalusa’ napikla, ipa’lakla pinanerllina’."
U04419,suspicious_content,SHIWILU contiene caracteres sospechosos: ['’'],Con eso nuestra lengua shiwilu más se está agravando.,Nanalek shiwilu la’la’mapu’wa’ a’pinta’ tekki’ker’apilalli.,con eso nuestra lengua shiwilu más se está agravando.,nanalek shiwilu la’la’mapu’wa’ a’pinta’ tekki’ker’apilalli.
U04420,suspicious_content,SHIWILU contiene caracteres sospechosos: ['’'],"Ahora recién quieren curarle, recién se acuerdan, recién encuentran su remedio.","Ipa’la yanalulenñina’, nalli’inutullina’, nakanañina’ ilulennanen.","ahora recién quieren curarle, recién se acuerdan, recién encuentran su remedio.","ipa’la yanalulenñina’, nalli’inutullina’, nakanañina’ ilulennanen."
U04421,suspicious_content,SHIWILU contiene caracteres sospechosos: ['’'],Dicen que su remedio es enseñar la lengua shiwilu en las escuelas.,Ilulennanen ima nuka’a a’lektanna’ shiwilu la’la’ ñinchituna-pideklusak.,dicen que su remedio es enseñar la lengua shiwilu en las escuelas.,ilulennanen ima nuka’a a’lektanna’ shiwilu la’la’ ñinchituna-pideklusak.
U04422,suspicious_content,SHIWILU contiene caracteres sospechosos: ['’'],Pero los profesores tampoco la hablan.,Ku’li’na a’lektuteklusa’nta’ ñinchilui’ñina’.,pero los profesores tampoco la hablan.,ku’li’na a’lektuteklusa’nta’ ñinchilui’ñina’.
U04423,suspicious_content,SHIWILU contiene caracteres sospechosos: ['’'],"Si hubiesen hecho esto antes, ahí los niños rápido hubieran aprendido.",Napi’ a’ka nu’tuwinanta’ser’ nanek wilalusa’ wiuksu’ ñinchitupiner’kek.,"si hubiesen hecho esto antes, ahí los niños rápido hubieran aprendido.",napi’ a’ka nu’tuwinanta’ser’ nanek wilalusa’ wiuksu’ ñinchitupiner’kek.
U04424,suspicious_content,SHIWILU contiene caracteres sospechosos: ['’'],Pero a la lengua shiwilu desde antes no le curaron;,Shiwilu la’la’ napiklanek lulen’i’ñina’;,pero a la lengua shiwilu desde antes no le curaron;,shiwilu la’la’ napiklanek lulen’i’ñina’;
U04425,suspicious_content,SHIWILU contiene caracteres sospechosos: ['’']," por eso, agravándose, de a poquito va muriendo."," nanamalek, tekki’ker’an uti’lakla chimianpilalli.","por eso, agravándose, de a poquito va muriendo.","nanamalek, tekki’ker’an uti’lakla chimianpilalli."
U04426,suspicious_content,SHIWILU contiene caracteres sospechosos: ['’'],"Antes, cuando la lengua shiwilu estaba un poco sana, el ILV le estaba curando.","Napi’ shiwilu la’la’ a’pimudinupasik, ILVler lulen’apawiñi.","antes, cuando la lengua shiwilu estaba un poco sana, el ilv le estaba curando.","napi’ shiwilu la’la’ a’pimudinupasik, ilvler lulen’apawiñi."
U04427,suspicious_content,SHIWILU contiene caracteres sospechosos: ['’'],Yo digo que no pudiendo le dejó. ,Kua tulek yennichinpu’ ta’itula’lli. ,yo digo que no pudiendo le dejó.,kua tulek yennichinpu’ ta’itula’lli.
U04428,suspicious_content,SHIWILU contiene caracteres sospechosos: ['’'],Desde ese tiempo nadie le curó.,Naneklanek ñi denler lulen’i’ñi.,desde ese tiempo nadie le curó.,naneklanek ñi denler lulen’i’ñi.
U04429,suspicious_content,"ESP contiene paréntesis (posible glosa); ESP contiene caracteres sospechosos: ['(', ')']; SHIWILU contiene caracteres sospechosos: ['’']",Olvidada ha vivido por los Ministerios (del Estado).,Pinaner’pi nanpilli Ministeriolusa’malek.,olvidada ha vivido por los ministerios (del estado).,pinaner’pi nanpilli ministeriolusa’malek.
U04430,suspicious_content,SHIWILU contiene caracteres sospechosos: ['’'],Ahora recién se acuerdan. ,Ipa’la nalli’inutullina’. ,ahora recién se acuerdan.,ipa’la nalli’inutullina’.
U04431,suspicious_content,SHIWILU contiene caracteres sospechosos: ['’'],"Por eso, siquiera de mentira están curándole.",Nanamalek da’pinanklata’la lulen’apallina’.,"por eso, siquiera de mentira están curándole.",nanamalek da’pinanklata’la lulen’apallina’.
U04432,suspicious_content,SHIWILU contiene caracteres sospechosos: ['’'],"Los hablantes del shiwilu ya nos vamos acabando,","Shiwilu la’la’ lunlusa’ ipa’ ta’wantapilalekwa’,","los hablantes del shiwilu ya nos vamos acabando,","shiwilu la’la’ lunlusa’ ipa’ ta’wantapilalekwa’,"
U04433,suspicious_content,SHIWILU contiene caracteres sospechosos: ['’'], cuando nosotros muramos nuestra lengua se perderá., kuda chimia’nsekudek’ la’la’mapu’wa’ wer’etchu.,cuando nosotros muramos nuestra lengua se perderá.,kuda chimia’nsekudek’ la’la’mapu’wa’ wer’etchu.
U04435,suspicious_content,SHIWILU contiene caracteres sospechosos: ['’'],"Siquiera mis relatos que vivan, para que otros vean."," Llinserwekta’la nanpii, ali’ladaper lli’erkek.","siquiera mis relatos que vivan, para que otros vean.","llinserwekta’la nanpii, ali’ladaper lli’erkek."
U04436,suspicious_content,SHIWILU contiene caracteres sospechosos: ['’'],Tal vez aprendan la lengua shiwilu leyendo este libro.,Ma’allipa’ ñinchitunanta’ser’ shiwilu la’la’ luntanna’ asu’ kirka’.,tal vez aprendan la lengua shiwilu leyendo este libro.,ma’allipa’ ñinchitunanta’ser’ shiwilu la’la’ luntanna’ asu’ kirka’.
U04440,suspicious_content,SHIWILU contiene caracteres sospechosos: ['’'],Se sentaba sobre el lomo de un súngaro doncella.,DU’APALLI DA’WANSER PITEKKEK.,se sentaba sobre el lomo de un súngaro doncella.,du’apalli da’wanser pitekkek.
U04441,suspicious_content,SHIWILU contiene caracteres sospechosos: ['’'],Esa doncella era de carne impecable.,NANA DA’WANSER MULU’SHA’SU’.,esa doncella era de carne impecable.,nana da’wanser mulu’sha’su’.
U04442,suspicious_content,SHIWILU contiene caracteres sospechosos: ['’'],"Sentada desde allí, empuñando el pez macana arreaba a los peces.","DU’AN NANEKLAN, SERWIN PILLI’TAN SAMELLUSA’ DIMUDEKLLI.","sentada desde allí, empuñando el pez macana arreaba a los peces.","du’an naneklan, serwin pilli’tan samellusa’ dimudeklli."
U04443,suspicious_content,SHIWILU contiene caracteres sospechosos: ['’'],La mujer de Arákayu también era bella.,ARAKAYU SADINTA’ U’CHA’PAYALUNSHA.,la mujer de arákayu también era bella.,arakayu sadinta’ u’cha’payalunsha.
U04444,suspicious_content,SHIWILU contiene caracteres sospechosos: ['’'],"Todos la apreciaban, la ambicionaban,","IÑETLLER TANTENA’SU’, LUYA’SU’,","todos la apreciaban, la ambicionaban,","iñetller tantena’su’, luya’su’,"
U04445,suspicious_content,"ESP contiene caracteres sospechosos: ['“', '”']; SHIWILU contiene caracteres sospechosos: ['“', '”', '’']",“¡Qué bonita mujer!” decían.,“¡U’CHA’PAYALUNSHA!” TULLINA’.,¡qué bonita mujer! decían.,¡u’cha’payalunsha! tullina’.
U04446,suspicious_content,"ESP contiene paréntesis (posible glosa); ESP contiene caracteres sospechosos: ['(', ')']; SHIWILU contiene caracteres sospechosos: ['’']","Después (era) de pelo largo y negro,","NU’SIK SHINENCHEK, KER’ENCHEK,","después (era) de pelo largo y negro,","nu’sik shinenchek, ker’enchek,"
U04448,suspicious_content,SHIWILU contiene caracteres sospechosos: ['’'],"cara llena,","MUR’LADATUSU’,","cara llena,","mur’ladatusu’,"
U04449,suspicious_content,SHIWILU contiene caracteres sospechosos: ['’'],mejillas templadas.,KIKITEKNEN PEKCHITEKTUSU’.,mejillas templadas.,kikiteknen pekchitektusu’.
U04450,suspicious_content,SHIWILU contiene caracteres sospechosos: ['’'],Por eso todos la ambicionaban.,NU’ASU MALEK IÑETLLER LUYALLI.,por eso todos la ambicionaban.,nu’asu malek iñetller luyalli.
U04451,suspicious_content,SHIWILU contiene caracteres sospechosos: ['’'],Antes decían las señoritas cuando se insultaban,TULLINA’ NAPI’ WILALUNLUSA’ ÑIPERCHANNA’,antes decían las señoritas cuando se insultaban,tullina’ napi’ wilalunlusa’ ñiperchanna’
U04452,suspicious_content,"ESP contiene caracteres sospechosos: ['“', '”']; SHIWILU contiene caracteres sospechosos: ['“', '”', '’']",“Te jactas como si te parecieras a la mujer de Arákayu” decían las jovencitas.,“U’AN ARAKAYU SADINLUNSHAPU’N IPA’ INTUMU’TULAMA’” TULLINA’ WILALUNLUSA’.,te jactas como si te parecieras a la mujer de arákayu decían las jovencitas.,u’an arakayu sadinlunshapu’n ipa’ intumu’tulama’ tullina’ wilalunlusa’.
U04453,suspicious_content,SHIWILU contiene caracteres sospechosos: ['’'],Los que vieron a la mujer de Arákayu decían,LLI’LUSA’LER ARAKAYU SADIN LUÑINA’,los que vieron a la mujer de arákayu decían,lli’lusa’ler arakayu sadin luñina’
U04454,suspicious_content,"ESP contiene paréntesis (posible glosa); ESP contiene caracteres sospechosos: ['“', '(', ')']; SHIWILU contiene caracteres sospechosos: ['“', '’']","“La mujer de Arákayu es como la luna llena (que quiere amanecer),","“ARAKAYU SADI’NA’ DUKER YANUKLLI,","la mujer de arákayu es como la luna llena (que quiere amanecer),","arakayu sadi’na’ duker yanuklli,"
U04456,suspicious_content,ESP contiene caracteres sospechosos: ['”'],es la mujer de Arákayu.”,ARAKAYU SADIN.,es la mujer de arákayu.,arakayu sadin.
U04616,suspicious_content,"ESP contiene paréntesis (posible glosa); ESP contiene caracteres sospechosos: ['(', ')']",paña; cintura (?),dunan,paña; cintura (?),dunan
U04742,suspicious_content,"ESP contiene paréntesis (posible glosa); ESP contiene caracteres sospechosos: ['(', ')']",podrido (pescado),analu',podrido (pescado),analu'
U04832,suspicious_content,"ESP contiene paréntesis (posible glosa); ESP contiene caracteres sospechosos: ['(', ')']",machete (antiguo),sunki,machete (antiguo),sunki
