pair_id,group_id,anchor,positive,negative,negative_anchor,negative_pair_id,negative_group_id,difficulty,sim_positive,sim_negative,margin,negative_rank
U01828,G01624,escucha atentamente.,lau'ker' musu',lli'ker' uti'lakla,mira cuidadosamente.,U02157,G01937,hard,0.6579791903495789,0.6025146245956421,0.05546456575393677,4
U01828,G01624,escucha atentamente.,lau'ker' musu',li'ker' musenkek,véase arriba.,U00404,G00328,medium,0.6579791903495789,0.5058851838111877,0.1520940065383911,10
U01104,G00962,estoy divorciada.,apu'pi nuka'ka,ku'aper'wi'nek,estoy soltero.,U00564,G00468,hard,0.6283693313598633,0.568332850933075,0.06003648042678833,3
U01104,G00962,estoy divorciada.,apu'pi nuka'ka,ñapalek dakuta'su',estoy avergonzado.,U02048,G01831,medium,0.6283693313598633,0.47295960783958435,0.15540972352027893,37
U02591,G02366,divisando lo que levanta humo tu candela.,lli'amudek mu'katapa'su' penpen.,kuanta' uklupidekwek pekkuituu.,la mía también icáramela.,U02377,G02152,medium,0.7471351027488708,0.4691378176212311,0.27799728512763977,2
U02101,G01882,curémonos.,inlulen'awa',tumu'tulundek,nos engañaste.,U02203,G01980,medium,0.8053385019302368,0.6366418600082397,0.16869664192199707,2
U00921,G00895,esperame.,wa'ten'u,wa'tentapalek,estoy esperando.,U00830,G00706,hard,0.7786465287208557,0.6425509452819824,0.1360955834388733,3
U00921,G00895,esperame.,wa'ten'u,wa'tenchi'nek,no esperé.,U01396,G01220,medium,0.7786465287208557,0.6056302785873413,0.1730162501335144,5
U01034,G00895,deme tiempo.,wa'ten'u,wa'tenker',un momento.,U00248,G02022,hard,0.7176333069801331,0.6244667768478394,0.0931665301322937,4
U01034,G00895,deme tiempo.,wa'ten'u,ta'itula'u pa'ak,déjame ir.,U01144,G00997,medium,0.7176333069801331,0.5554540157318115,0.16217929124832153,9
U00920,G00790,apágalo.,a'tashunker',ek'ker'cher',ábrela.,U01162,G01014,hard,0.7196466326713562,0.6607813835144043,0.058865249156951904,2
U00920,G00790,apágalo.,a'tashunker',pili'ker' ikersu',agárrate fuerte.,U01361,G01187,medium,0.7196466326713562,0.5623792409896851,0.15726739168167114,6
U02138,G01918,me matarán.,dei'techuner'ku,dei'techek,le mataré.,U01439,G01258,hard,0.812118411064148,0.7012150287628174,0.11090338230133057,2
U02138,G01918,me matarán.,dei'techuner'ku,pinaner'u'ku,olvídenme.,U00305,G00244,medium,0.812118411064148,0.6235253214836121,0.1885930895805359,5
U00990,G00854,¿estás perdido?,¿wer'su' ñapala?,¿inapi ñapala?,¿estás libre?,U00987,G00851,hard,0.7622284293174744,0.6405487656593323,0.12167966365814209,2
U00990,G00854,¿estás perdido?,¿wer'su' ñapala?,wer'su' ñapalek,estoy perdida.,U00204,G00157,medium,0.7622284293174744,0.6087281107902527,0.15350031852722168,6
U01102,G00961,estoy confuso.,lachek'ki'nek,ku'la lachek'i'nek,no entiendo.,U01718,G01521,hard,0.7935013771057129,0.7279314994812012,0.06556987762451172,3
U01102,G00961,estoy confuso.,lachek'ki'nek,ninchichi'nek,ni idea.,U01728,G01530,medium,0.7935013771057129,0.631838858127594,0.1616625189781189,6
U01103,G00961,estoy confundido.,lachek'ki'nek,ku'la lachek'i'nek,no entiendo.,U01718,G01521,hard,0.7830838561058044,0.7043372988700867,0.07874655723571777,3
U01103,G00961,estoy confundido.,lachek'ki'nek,ku'la ñinchitapi'nek,no estudio.,U01397,G01221,medium,0.7830838561058044,0.5890468955039978,0.19403696060180664,7
U02351,G02126,"mientras muelo voy asando también la yuca, cinco yucas enteras.",peksantapamu nana inkaluner ker'unta' a'ler'apalek alei'teklundan.,"kutunshawek a'ña'kasu', dudinpu' enka'pallinerku.","la ropita que tengo, me dan de todo.",U02271,G02046,hard,0.6394869089126587,0.5674833655357361,0.07200354337692261,3
U02351,G02126,"mientras muelo voy asando también la yuca, cinco yucas enteras.",peksantapamu nana inkaluner ker'unta' a'ler'apalek alei'teklundan.,ala'sa' kupin uktaksa' iñer nana kaladaper uktakda' sekdunek.,en una sola olla grande se mezcla todo lo de esas tres ollas.,U02380,G02155,medium,0.6394869089126587,0.4799054265022278,0.1595814824104309,8
U00760,G00639,está fingiendo comer.,intek weranpalli,pada'sa'tapalli,está vibrando.,U01806,G01603,hard,0.7725685834884644,0.6624999046325684,0.110068678855896,2
U00760,G00639,está fingiendo comer.,intek weranpalli,u'wa'tak analli,fumar apesta.,U01846,G01641,medium,0.7725685834884644,0.5878965854644775,0.18467199802398682,3
U01675,G01481,¿me conocen?,¿luwer'chapalama'u?,¿luwer'chapalun?,¿me conoce?,U01978,G01766,medium,0.8430788516998291,0.666975736618042,0.1761031150817871,2
U02116,G01897,es brasileña.,brashika nuka'a,suila nuka'ka,soy huérfano.,U01450,G01268,medium,0.7955092787742615,0.5494979023933411,0.2460113763809204,2
U00833,G00709,¿está ventoso?,¿nakusu' tanluwatulli?,¿sanekwanwiñi?,¿hacía frío?,U00926,G00795,hard,0.7164505124092102,0.6235490441322327,0.09290146827697754,3
U00833,G00709,¿está ventoso?,¿nakusu' tanluwatulli?,¿sanekwantula?,¿tienes frío?,U00984,G00848,medium,0.7164505124092102,0.5533444881439209,0.1631060242652893,5
U00669,G00559,tomás esperó.,chuma wa'tentulli,kuda wa'tentulidek,nosotros esperamos.,U00449,G00365,medium,0.844791829586029,0.5560177564620972,0.2887740731239319,2
U00887,G00759,actúa.,nu'ter',tek'ker',corre.,U00132,G00094,medium,0.8213157057762146,0.6525354385375977,0.16878026723861694,2
U01068,G00927,no sé.,ñinchichi'nek,ku'la ñinchitapi'nek,no estudio.,U01397,G01221,hard,0.763708770275116,0.6748062372207642,0.0889025330543518,3
U01068,G00927,no sé.,ñinchichi'nek,yañinchitulek,quiero saberlo.,U01058,G01813,medium,0.763708770275116,0.6135801672935486,0.15012860298156738,4
U02195,G01974,escribe algo.,llinse'cher' manen'unta',¡tuker' ma'nen'unta'!,¡di algo!,U01516,G01331,medium,0.782441258430481,0.521371603012085,0.261069655418396,2
U01295,G01126,están despedidos.,saka'tunakla usu'dekllina',mupisusa' ñapallina',están limpias.,U01546,G01358,hard,0.7299726605415344,0.6668225526809692,0.06315010786056519,4
U01295,G01126,están despedidos.,saka'tunakla usu'dekllina',saka'tusu' ñapallina',están cansados.,U01548,G01360,medium,0.7299726605415344,0.5747723579406738,0.1552003026008606,10
U02483,G02258,hace mucho yo viví en varadero.,kua napi' simirkek nanpilek.,ñapawinek nanpiladasu',estaba despierto.,U00799,G00676,medium,0.757626473903656,0.49933579564094543,0.25829067826271057,2
U01267,G01102,eres rico.,kulliker'wanpala,yaku'aper'wana,estás enamorado.,U01925,G01716,hard,0.7002918720245361,0.6081161499023438,0.09217572212219238,2
U01267,G01102,eres rico.,kulliker'wanpala,kaluwi'pala,estás enfermo.,U00980,G01721,medium,0.7002918720245361,0.535975456237793,0.16431641578674316,4
U01065,G00924,me corté.,indei'tulek,a'aper'lek',fracasé.,U00175,G00133,hard,0.764178991317749,0.6282452344894409,0.1359337568283081,2
U01065,G00924,me corté.,indei'tulek,yen'ner'lek',me incliné.,U00084,G00058,medium,0.764178991317749,0.6062905788421631,0.15788841247558594,4
U01708,G01511,ya sé.,ipa' ñinchitulek,yañinchitulek,quiero aprender.,U02029,G01813,medium,0.7749829888343811,0.557019829750061,0.21796315908432007,3
U01053,G00913,¡qué pesado!,¡enpu'ni saka'dek'ipa'!,¡enpu'ni aperpipa'!,¡qué horrible!,U01054,G00914,hard,0.717624306678772,0.6645835638046265,0.05304074287414551,3
U01053,G00913,¡qué pesado!,¡enpu'ni saka'dek'ipa'!,¡enpu'ni mupenchipa'!,¡qué romántico!,U01055,G00915,medium,0.717624306678772,0.5640270113945007,0.15359729528427124,6
U02148,G01928,son hermanas.,kaikualusa' nuker'ka,kadu'lusa' nuker'ka,son huevos.,U01206,G01047,hard,0.7843204736709595,0.7180472016334534,0.0662732720375061,3
U02148,G01928,son hermanas.,kaikualusa' nuker'ka,nuka'kawa taserpilusa',somos adultos.,U01250,G01086,medium,0.7843204736709595,0.5972867608070374,0.18703371286392212,4
U02624,G02399,"él no cría gallinas, no cría huanganas, nada de esos animales.","ñi nana wa'dantek pektawapi'ñi, ñi laman pektawapi'ñi, ñi ma'nen nanadaper.","nanekla ñi a'pinta' yapitetchi'ñina', ñi ananchi'ñina', ñi asu' pankuellinchi'ñina'.","de ahí ya no quisieron hilar, ya no desmotaban el algodón, ya no hacían ovillo.",U02987,G02762,medium,0.7285159230232239,0.5042540431022644,0.22426187992095947,2
U00973,G00839,me lastimas.,a'kaluwi'lun,luyullien,te detesto.,U00525,G00435,medium,0.778755247592926,0.6211773157119751,0.15757793188095093,2
U00201,G00154,estoy herido.,chacha'lek ñapalek,mudinui'su' ñapalek,estoy débil.,U00216,G00168,hard,0.7976048588752747,0.7305319309234619,0.06707292795181274,11
U00201,G00154,estoy herido.,chacha'lek ñapalek,sha'mu'su' ñapalek,estoy flacucho.,U00565,G00469,medium,0.7976048588752747,0.644392192363739,0.15321266651153564,16
U02793,G02568,cuando un viejo hablaba los niños no debían asomarse.,"taserpi lunpasik, wilalusa' kawichi'ñina'.",nu'unta'shasi'pa' wilaweklusa' lachek'apilanti'ñina'.,"algunitos de mis hijos quizás me estén entendiendo, pero ya no entienden bien.4",U02414,G02189,medium,0.7551804184913635,0.5295892953872681,0.22559112310409546,2
U01772,G01572,me desnudo.,inanpilechek,a'aper'lek',fracasé.,U00175,G00133,hard,0.5408846735954285,0.48522987961769104,0.05565479397773743,8
U01772,G01572,me desnudo.,inanpilechek,ma'kimpu nuka'ka,soy torpe.,U00557,G00462,medium,0.5408846735954285,0.3908020853996277,0.15008258819580078,46
U00561,G00466,me mudaré.,yunsue'chek,yute'chek,le reñiré.,U01766,G01566,medium,0.8426685333251953,0.6803711652755737,0.16229736804962158,3
U00295,G00234,no preguntes.,yalek'tuta,yainyututa,no discutas.,U01178,G01026,hard,0.8035757541656494,0.701445996761322,0.10212975740432739,2
U00295,G00234,no preguntes.,yalek'tuta,yataitula'ta,no pares.,U00488,G00401,medium,0.8035757541656494,0.5856753587722778,0.21790039539337158,5
U03009,G02784,(las mujeres) lloraban bastante y después se acostumbraban.,wellek'apawi'ni'ma tekkiyallina'.,"inmusha'iteklatanna', wellekllina'.","besándose las manos, lloraban.",U02776,G02551,hard,0.7055789828300476,0.6454927325248718,0.06008625030517578,2
U03009,G02784,(las mujeres) lloraban bastante y después se acostumbraban.,wellek'apawi'ni'ma tekkiyallina'.,inluyupallina'pi'la ipa'la walek.,se desprecian hasta la actualidad.,U03098,G02873,medium,0.7055789828300476,0.5367227792739868,0.1688562035560608,3
U01299,G01130,eres inteligente.,iñer' ñinchitapala',lu'uktutek'ken ñiker,sé confiado.,U00996,G00859,hard,0.7716723680496216,0.6335169076919556,0.13815546035766602,3
U01299,G01130,eres inteligente.,iñer' ñinchitapala',iñer' ñinchitulusa' nuker'ka,son inteligentes.,U01300,G01131,medium,0.7716723680496216,0.6177167296409607,0.1539556384086609,6
U00359,G00290,llovió.,u'lanñi,ikerlli,duele.,U00221,G00173,hard,0.800346314907074,0.6698825359344482,0.13046377897262573,3
U00359,G00290,llovió.,u'lanñi,lamapu'lek,grité.,U00543,G00449,medium,0.800346314907074,0.6446489691734314,0.15569734573364258,5
U01059,G00918,estoy lesionado.,ñapalek da'peksu',ñapalek pilli'pi,estoy atrapado.,U00829,G00705,hard,0.7808772325515747,0.7284349203109741,0.052442312240600586,11
U01059,G00918,estoy lesionado.,ñapalek da'peksu',kadulunsu' ñapalek,estoy embarazada.,U01111,G00968,medium,0.7808772325515747,0.6237666010856628,0.15711063146591187,22
U00660,G00550,tom miró.,tom lli'tulli,tom lli'inutulli,tom recordó.,U01875,G01669,hard,0.8770464658737183,0.7581346035003662,0.11891186237335205,2
U00660,G00550,tom miró.,tom lli'tulli,lli'dek'lek,los vi.,U01780,G01579,medium,0.8770464658737183,0.6469026207923889,0.23014384508132935,3
U01633,G01444,lo verás.,lli'echu,lli'echek,lo miraré.,U01446,G01264,hard,0.8614189028739929,0.7280774712562561,0.13334143161773682,3
U01633,G01444,lo verás.,lli'echu,lli'aterwa',miramos,U01589,G01400,medium,0.8614189028739929,0.6564936637878418,0.20492523908615112,4
U01634,G01444,la verás.,lli'echu,lli'echek,lo miraré.,U01446,G01264,hard,0.8479212522506714,0.7285516262054443,0.11936962604522705,3
U01634,G01444,la verás.,lli'echu,lli'aterwa',miramos,U01589,G01400,medium,0.8479212522506714,0.6516298055648804,0.19629144668579102,4
U00024,G01474,¿entendiste?,¿lachek'la?,¿lauk'lun?,¿me oíste?,U01960,G01750,hard,0.8147087097167969,0.7424622774124146,0.07224643230438232,3
U00024,G01474,¿entendiste?,¿lachek'la?,lauk'llien,te oí.,U00781,G00658,medium,0.8147087097167969,0.6357802748680115,0.1789284348487854,5
U01667,G01474,¿entendió?,¿lachek'la?,¿nu'la'lli?,¿es grave?,U00352,G00283,medium,0.8013997673988342,0.6241924166679382,0.177207350730896,3
U02797,G02572,las viejas finadas y los viejos finados se sentaban y hablaban de ese arákayu.,"tasellunku'lusa' papinkuku'lusa' du'anna', nana arakayukin luñina'.",nana mukankinpu'lalusa'ler arakayu pideknen di'setchullina'.,porque los de mal corazón quemaron la casa de arákayu.,U02788,G02563,medium,0.7936287522315979,0.5259374976158142,0.2676912546157837,2
U02082,G01864,solo pruébatela.,lataker'sa',teklerier' ninchita'mak,adivina.,U01151,G01004,medium,0.7951850295066833,0.6271113157272339,0.16807371377944946,2
U01036,G00897,buenos días.,muuklli,mulusa',buenas.,U00167,G00125,medium,0.7387444972991943,0.5583721995353699,0.18037229776382446,3
U01640,G01450,estás delgado.,sha'mu'su' nuka'ma,a'lliupiken nuka'ma,sos grande.,U00966,G00832,hard,0.7571616172790527,0.6726844906806946,0.08447712659835815,2
U01640,G01450,estás delgado.,sha'mu'su' nuka'ma,yaku'aper'wana,estás enamorado.,U01925,G01716,medium,0.7571616172790527,0.6050804853439331,0.15208113193511963,4
U02693,G02468,gritó arákayu.,lukatullima arakayu.,"yulli, willeklli, wa'inutulli arakayu.","se rabió, lloró, tuvo mucha pena arákayu.",U02694,G02469,hard,0.7745025753974915,0.6436097621917725,0.130892813205719,2
U02693,G02468,gritó arákayu.,lukatullima arakayu.,arakayu ima luntulli wa'anler.,a arákayu le habló el gobernante.,U02672,G02447,medium,0.7745025753974915,0.5602132678031921,0.21428930759429932,3
U00044,G00036,¿en serio?,¿tekinchi?,¿tekinchi'cha?,¿es verdad?,U00579,G00481,medium,0.7822904586791992,0.5777997970581055,0.20449066162109375,3
U00045,G00036,¿la verdad?,¿tekinchi?,¿tekinchi'cha?,¿es verdad?,U00579,G00481,medium,0.8394708037376404,0.6788289546966553,0.1606418490409851,3
U02661,G02436,está regalando (pescado).,panutapalli.,tanluwatapalli,hace viento.,U00590,G00721,medium,0.798625111579895,0.6333754658699036,0.16524964570999146,2
U01619,G01430,necesitas ayuda.,katu'pa' luwantula,katu'pa'a'kasu' ñapalli,debo ayudarlo.,U02014,G01799,medium,0.8963776230812073,0.7272198796272278,0.1691577434539795,2
U02220,G01997,¿son estudiantes?,¿ñinchitulusa' nuka'mama'?,a'lek'tutek'lusa' nuka'kawa',somos profesores.,U02158,G01938,hard,0.698236882686615,0.5860167145729065,0.1122201681137085,2
U02220,G01997,¿son estudiantes?,¿ñinchitulusa' nuka'mama'?,¿luwer'chapalama?,¿la conocen?,U01972,G01761,medium,0.698236882686615,0.5436034202575684,0.15463346242904663,5
U01997,G01783,¡apúrate niña!,¡wiuker' wila!,¡wiuk'ku wilalusa'!,"¡apúrensen, muchachos!",U01707,G01510,medium,0.7665728330612183,0.500490665435791,0.26608216762542725,2
U02733,G02508,sólo ellos van a poblar de nuevo.,nawa'sa' nanpichuna'.,nawa'ler a'ka di'tetchuna' nana anaka'.,ellos sí van a matar a esa fiera.,U02916,G02691,hard,0.7587321996688843,0.6956740617752075,0.06305813789367676,2
U02733,G02508,sólo ellos van a poblar de nuevo.,nawa'sa' nanpichuna'.,nanentu pa'erkasu' anaker'chuna' iñerdaper.,los que van a ir primero (el primer grupo) van a perecer todos devorados por las fieras.,U02855,G02630,medium,0.7587321996688843,0.6043591499328613,0.15437304973602295,3
U01410,G01231,te mentí.,tumu'tullien,lunnek,confesé.,U00771,G00648,hard,0.8233195543289185,0.6808555126190186,0.1424640417098999,3
U01410,G01231,te mentí.,tumu'tullien,tumu'tulun,me mentiste.,U01913,G01705,medium,0.8233195543289185,0.6417844891548157,0.18153506517410278,4
U00780,G00657,tengo vino.,vinu' a'ñapalek,a'ñapallidek vinu',tenemos vino.,U01238,G01077,medium,0.8887825012207031,0.6544201970100403,0.23436230421066284,2
U02688,G02463,"cuando pasó el carnaval regresó,","mitan nakusik ima adanta'n,","inpikanpiler'an ima unma' uklli,","dicen que revolcándose vino el paiche,",U02642,G02417,hard,0.7373311519622803,0.6797505021095276,0.057580649852752686,4
U02688,G02463,"cuando pasó el carnaval regresó,","mitan nakusik ima adanta'n,","tukuner uklli,","vino el tucunaré,",U02644,G02419,medium,0.7373311519622803,0.5678272247314453,0.16950392723083496,9
U03134,G02909,"en cambio apu'tek no sabía aborrecer mucho, no era miserable.","apu'tek i'mi'na ñinpu' ninchiluyuchi'ñi, ñi aperku'tekinpu'.","ñi nana wa'dantek pektawapi'ñi, ñi laman pektawapi'ñi, ñi ma'nen nanadaper.","él no cría gallinas, no cría huanganas, nada de esos animales.",U02624,G02399,medium,0.706605851650238,0.4645974040031433,0.24200844764709473,2
U00626,G00521,mantente despierto.,ñapaker' nanpiladasu',i'shiwansu' ñaper',mantente abrigado.,U00378,G00308,medium,0.8341293334960938,0.6575745344161987,0.17655479907989502,2
U00418,G00338,fuera.,adipi,wanerker',parate,U00249,G00196,medium,0.8414710164070129,0.6021050214767456,0.23936599493026733,2
U01586,G01397,somos egoístas.,kenmu'sak lli'i'nupalekwa',a'lek'tutek'lusa' nuka'kawa',somos profesores.,U02158,G01938,hard,0.651454508304596,0.6006425619125366,0.050811946392059326,6
U01586,G01397,somos egoístas.,kenmu'sak lli'i'nupalekwa',kenmu'wa' takeraterwa' nu'unta'nmu'wa'.,uno de nosotros va a perecer.,U02859,G02634,medium,0.651454508304596,0.4976099729537964,0.15384453535079956,25
U00489,G00402,¡no hables!,¡yalunta'!,¡a'illinker'!,¡haz ruido!,U02108,G01889,hard,0.6996405124664307,0.6362805962562561,0.06335991621017456,4
U00489,G00402,¡no hables!,¡yalunta'!,yalamapu'ta,no grites.,U00494,G00623,medium,0.6996405124664307,0.5365502834320068,0.16309022903442383,11
U02659,G02434,dice que fueron a mirar.,lli'kuñini'ma.,nawa' lli'apallinerku.,ellas me cuidan.,U02441,G02216,medium,0.8171647191047668,0.6118692755699158,0.20529544353485107,2
U02423,G02198,postrada me la paso.,ñapamu erwatapalek.,wiu'su' dekunter',camina rápido.,U01371,G01196,medium,0.7536172270774841,0.5733844041824341,0.18023282289505005,2
U00499,G00411,perdónenos.,taitula'u'kudek,ta'itula'llidek,le perdonamos.,U01882,G01676,hard,0.7337273955345154,0.6476490497589111,0.08607834577560425,3
U00499,G00411,perdónenos.,taitula'u'kudek,inmusha'wa',besémonos.,U00603,G00500,medium,0.7337273955345154,0.5735742449760437,0.16015315055847168,8
U03120,G02895,de esta manera ahora están olvidando la lengua shiwilu.,ipa'la nu'anna' ipa' shiwilu la'la' pinaner'apilallina'.,ipa'la asu' senñula' itullun ¡lunker shiwilu la'la'!,ahora esta señora me pidió ¡habla la lengua shiwilu!,U02504,G02279,medium,0.8201741576194763,0.6618368029594421,0.15833735466003418,3
U00491,G00404,¡no esperes!,¡yawa'tenta!,¡yawa'tentutama!,¡no esperen!,U00492,G00405,hard,0.8728637099266052,0.742731511592865,0.13013219833374023,2
U00491,G00404,¡no esperes!,¡yawa'tenta!,yawa'tentuta,no esperes.,U00493,G00406,medium,0.8728637099266052,0.7068579196929932,0.16600579023361206,3
U03064,G02839,"nosotros somos bastantes, ellos son doscitos nomas.","kenmu'wa' wapu'mu'wa', ma'ki'na asu' katu'shadapersa'.","kenmu'wa' mutupi muda', kenmu'wa' ñi asu'lupa'dei'npu'.","nosotros somos gente de cerro, nosotros no somos de aquí.",U03150,G02925,medium,0.840511679649353,0.6765958666801453,0.16391581296920776,2
U02347,G02122,una vez tostado se lo muele.,inyek ipa'linchi peksanek.,penwek i'na nerpi'la.,mi candela es diferente.,U02614,G02389,hard,0.588169276714325,0.5271666646003723,0.06100261211395264,5
U02347,G02122,una vez tostado se lo muele.,inyek ipa'linchi peksanek.,ukluka'pasik kenmu'nta' inyalalatulek chitetlla.,mientras está hirviendo se tuesta el maíz desgranado.,U02345,G02120,medium,0.588169276714325,0.43612954020500183,0.15203973650932312,16
U00646,G00539,esto funciona.,asu' saka'tapalli,asu' saka'techu',este funciona.,U01872,G01666,medium,0.8565344214439392,0.6952834129333496,0.1612510085105896,4
U00647,G00539,esto trabaja.,asu' saka'tapalli,asu' saka'techu',este funciona.,U01872,G01666,medium,0.8608712553977966,0.7094545364379883,0.15141671895980835,4
U01082,G00941,hablo rápido.,wiuksu' lunpalek,luyulek lansa'ak,odio bailar.,U01723,G01526,medium,0.7904069423675537,0.5996932983398438,0.19071364402770996,2
U02561,G02336,"atemorizados, cuando contaban nosotros (los jóvenes) los hemos oído a los viejos ya finados sentados en la calle,","tek kuanna', ta'ser kuda lauktullidek papinkuku'lusa' du'anna' adipik kallilalak,",ta'ser kuanta' taserpiku'lusa' laukdeklek du'amu weilan.,"cuando contaban yo también a los viejos ya finados les he escuchado, sentado desde cierta distancia.",U02789,G02564,medium,0.7641885280609131,0.5967463254928589,0.1674422025680542,2
U00675,G00565,tom morirá.,tom chiminchu,tom idenmechu,tom luchará.,U01877,G01671,medium,0.8925004601478577,0.6777917146682739,0.21470874547958374,2
U02285,G02060,a veces no puedo recordar lo que estoy hablando.,nerpi'pu' innichi'nek lli'inuta'kasu' lunpa'kasu'.,ñienkasu' ñinchichillina' namasu' la'lekla lunchinpu'dek'a'kasu' malek.,ninguno sabe de esta lengua porque no les he hablado.,U02301,G02076,medium,0.729674220085144,0.5729007720947266,0.15677344799041748,2
U00050,G00040,lo procuramos.,tekle'rier'chidek,yañinchitullidek,queremos saber.,U02171,G01951,medium,0.8026379346847534,0.6197153329849243,0.1829226016998291,2
U00897,G00768,se besaron.,inmusha'llina',tandenñiden,te amamos.,U00935,G00803,hard,0.7439634799957275,0.5968138575553894,0.14714962244033813,2
U00897,G00768,se besaron.,inmusha'llina',yamerladallina',sonrieron.,U00899,G00770,medium,0.7439634799957275,0.5801092386245728,0.16385424137115479,4
U01037,G00898,"espera, tom.",wa'tenker' tom,wa'tenker',un momento.,U00248,G02022,medium,0.891211986541748,0.623449444770813,0.26776254177093506,2
U02127,G01907,son amarillas.,sha'pi'su'sa' nuker'ka,saputek'lusa' nuker'ka,son débiles.,U01212,G01053,hard,0.7525194883346558,0.6986279487609863,0.053891539573669434,2
U02127,G01907,son amarillas.,sha'pi'su'sa' nuker'ka,uku'latak nuker'ka,son negocios.,U01482,G01300,medium,0.7525194883346558,0.5926136374473572,0.15990585088729858,5
U02279,G02054,"viniendo de lima aquí ella también quiere aprender,","llimaklan wek'an asek nananta' yañinchitulli,","nanima yañinchitulli,","ella dice que quiere aprender (mi idioma),",U02313,G02088,medium,0.7177452445030212,0.5169797539710999,0.2007654905319214,2
U01464,G01282,¿está mirando?,¿lli'tapalli?,¿luwer'chapalli?,¿le conoce?,U01973,G01762,medium,0.8884425163269043,0.677553653717041,0.21088886260986328,2
U00098,G00980,está bien.,mupalli,¡mupalli!,¡perfecto!,U00103,G00072,hard,0.883322536945343,0.7562329769134521,0.12708956003189087,4
U00098,G00980,está bien.,mupalli,¿mupallin'cha?,¿está bueno?,U00574,G00478,medium,0.883322536945343,0.722777783870697,0.160544753074646,5
U00411,G00980,está buena.,mupalli,¡mupalli!,¡perfecto!,U00103,G00072,hard,0.7993756532669067,0.6825422644615173,0.1168333888053894,4
U00411,G00980,está buena.,mupalli,mulunsha nuka'a,es guapa.,U00620,G00515,medium,0.7993756532669067,0.6244215369224548,0.1749541163444519,7
U01127,G00980,está perfecto.,mupalli,¡mupalli!,¡perfecto!,U00103,G00072,hard,0.7819719910621643,0.6682285666465759,0.11374342441558838,4
U01127,G00980,está perfecto.,mupalli,musu' nuka'a,es feliz.,U00757,G00636,medium,0.7819719910621643,0.6033161878585815,0.17865580320358276,6
U01615,G01426,pareces ocupado.,ma'nen'nu'tapa'masu'pu'su' lli'tula,yupa'masu'pu'su' lli'tula,pareces molesto.,U01916,G01707,medium,0.752651035785675,0.5996755361557007,0.15297549962997437,3
U00690,G00577,fracasaremos.,teka'per'aterwa',yennichi'nek'wa',nos rendimos.,U01247,G01084,medium,0.8233699202537537,0.6472830772399902,0.17608684301376343,2
U00568,G00472,he comido.,weranek',werampalek,estoy comiendo.,U00559,G00464,hard,0.84344881772995,0.7119622230529785,0.13148659467697144,2
U00568,G00472,he comido.,weranek',lekker',pregúntaselo.,U02222,G01999,medium,0.84344881772995,0.6193387508392334,0.22411006689071655,3
U00999,G00862,hazle pasar.,a'nakuker',a'kawiter',acércalo.,U01946,G01736,hard,0.7700580954551697,0.6765612959861755,0.09349679946899414,2
U00999,G00862,hazle pasar.,a'nakuker',a'pawilek'ker',reemplázalo.,U00616,G00512,medium,0.7700580954551697,0.6185640692710876,0.15149402618408203,6
U01008,G00871,¡míralo!,¡lli'ker'!,lli'ker',míralo.,U00858,G00734,medium,0.8812878727912903,0.7210041880607605,0.16028368473052979,2
U00606,G00502,cantemos.,tuluner'awa',tuluner'aterwa',cantaremos.,U00693,G00580,hard,0.8788991570472717,0.782416582107544,0.09648257493972778,2
U00606,G00502,cantemos.,tuluner'awa',tuluner'ker',canta.,U00621,G00516,medium,0.8788991570472717,0.6991460919380188,0.17975306510925293,4
U02342,G02117,"pelada, se trae a la casa y se la guarda.","eksu', kencha'lek pidik, aku'lek.","pillek'an, tanan, dankumelli a'pinta' tanan.","vengándose, el monte, se sumió más el monte.",U02752,G02527,medium,0.7241950035095215,0.4940759539604187,0.23011904954910278,2
U02903,G02678,ya algunos de los espíritus de los esposos muertos penaban en sus casas:,nu'unta' ipa' wa'danwañi nana pidik:,nana malek dansu'lusa' tullina':,por eso los sobrevivientes dijeron:,U02566,G02341,medium,0.663047730922699,0.4741756319999695,0.1888720989227295,2
U02037,G01821,lo arreglaré.,tekdiper'echek,dunker'echek,lo buscaré.,U02043,G01827,hard,0.7440358400344849,0.6449300646781921,0.09910577535629272,4
U02037,G01821,lo arreglaré.,tekdiper'echek,alli'echek,le mostraré.,U01443,G01261,medium,0.7440358400344849,0.5885376334190369,0.155498206615448,11
U00773,G00650,como pan.,ka'apalek tanta',ka'apalek wayupi,como fruta.,U00774,G00651,hard,0.7319232821464539,0.6231963038444519,0.10872697830200195,2
U00773,G00650,como pan.,ka'apalek tanta',patenchulek,lo abofeteé.,U01417,G01237,medium,0.7319232821464539,0.49392205476760864,0.23800122737884521,3
U02505,G02280,si usted supiera hablar conversaríamos.,ñinchilu'nma'su' ñilli inluntunansu'.,kenmami'na lawekklatekkek ñikunama' laulate.,y ustedes que fueron a vivir a los dos cerros que forman como una boca abierta son laulate.,U03166,G02941,hard,0.7022014856338501,0.5871787071228027,0.11502277851104736,2
U02505,G02280,si usted supiera hablar conversaríamos.,ñinchilu'nma'su' ñilli inluntunansu'.,innichi'ñina' lu'nkasu'.,no pueden hablar.,U02329,G02104,medium,0.7022014856338501,0.5309984087944031,0.17120307683944702,3
U02451,G02226,"ah, a ver pues, desde la mañana no he bebido nada.","- ah, enta'n'i'na dasu'laklanek uwi'nek.","ipa'lalek, ipa'la walek yunsi'ñi.","hasta hoy, hasta ahora no se levanta.",U02470,G02245,medium,0.7260153889656067,0.5055963397026062,0.2204190492630005,2
U02510,G02285,"sólo eso he hablado. yurimaguas, julio 2005",kua nanasa' lunek.,kua a'nadalek,yo exageré.,U01398,G01222,medium,0.7133123278617859,0.5333422422409058,0.17997008562088013,2
U01040,G00901,tómate algo.,uker' ma'pinta',paker' ñilupa',apártate.,U00137,G00098,medium,0.6862093210220337,0.5142803192138672,0.1719290018081665,4
U03026,G02801,"ahora más tienen aretes, tienen collar, aprendieron a leer y escribir. algunos tienen dinero.","ipa'la a'pinta' asunwekwañina', miduwañina', kerka' ñinchillintullina'. nu'unta' kulliker'wañi.","ipa'la'ka luwetchudekllina' ali'la muda'lusa', luwetchudekñina' nerpi'la lunlusa'.","ahora conocemos a otras gentes, conocemos a los que hablan otra lengua.",U03034,G02809,medium,0.7285926342010498,0.4844890832901001,0.2441035509109497,2
U01629,G01440,trabajas duro.,saka'techu watensu',saka'ta'masu'pu'su' lli'tula,pareces cansado.,U01915,G01706,hard,0.6666600108146667,0.5852494835853577,0.08141052722930908,4
U01629,G01440,trabajas duro.,saka'techu watensu',saka'dek'inpu',es simple.,U01534,G01346,medium,0.6666600108146667,0.5095204710960388,0.15713953971862793,8
U02332,G02107,nos estamos muriendo.,chimianpilallidek.,sipuk'ñapallidek,somos prisioneros.,U02182,G01962,medium,0.827210545539856,0.6545805335044861,0.17263001203536987,2
U00202,G00155,llego tarde.,erwa' ektu'lek,etu'kerlek er'wa,llegué tarde.,U00551,G00456,hard,0.6563551425933838,0.5708812475204468,0.08547389507293701,2
U00202,G00155,llego tarde.,erwa' ektu'lek,adencher' wiuk'su',regresa pronto.,U01661,G01468,medium,0.6563551425933838,0.505768358707428,0.1505867838859558,8
U00540,G00446,prometí.,tuwinek,tumui'nek,no mentí.,U01066,G00925,hard,0.716804027557373,0.617814838886261,0.09898918867111206,4
U00540,G00446,prometí.,tuwinek,tumu'tulundek,nos mentiste.,U01914,G01980,medium,0.716804027557373,0.5411126017570496,0.1756914258003235,6
U01624,G01435,¿quieres esto?,¿asu' luwantula?,¿luwantapala?,¿le quieres?,U01977,G01765,medium,0.8321126103401184,0.5830279588699341,0.24908465147018433,2
U02228,G02003,¡contrólate!,¡inlu'uk'ter!,sekdiperker',guárdalo.,U00100,G00069,hard,0.6009546518325806,0.5494290590286255,0.05152559280395508,10
U02228,G02003,¡contrólate!,¡inlu'uk'ter!,usanker',levanta. (un objeto),U00021,G00508,medium,0.6009546518325806,0.44573625922203064,0.15521839261054993,38
U00641,G00534,lo intentaron.,indek'llina',latektullina',obedecieron.,U00898,G00769,hard,0.7426920533180237,0.597175121307373,0.14551693201065063,3
U00641,G00534,lo intentaron.,indek'llina',teklerier' nu'ta'mak,intenta hacerlo.,U01559,G01371,medium,0.7426920533180237,0.5797258019447327,0.16296625137329102,4
U02364,G02139,cuando hierve se lo echa en otra olla de barro grande que está enterrada (hasta la mitad).,"ukluka'sik, ali'lak kupin uktak pekdu'a'kasu' upellek.",chiter nanpi peksanpi nananta' ali'la uktak a'ukluka'lek.,maíz crudo molido también se hierve en otra olla.,U02378,G02153,hard,0.6430175304412842,0.5672105550765991,0.07580697536468506,3
U02364,G02139,cuando hierve se lo echa en otra olla de barro grande que está enterrada (hasta la mitad).,"ukluka'sik, ali'lak kupin uktak pekdu'a'kasu' upellek.",nu'sik ker' su'watek nananta' a'ukluka'lek ali'la uktak.,así también yuca cruda rallada también se hierve en otra olla.,U02379,G02154,medium,0.6430175304412842,0.4815140962600708,0.16150343418121338,5
U03153,G02928,"otros se han quedado en el cerro. 11 literalmente, los nombres de adentro.",ali'lima llia'lli ma'i mutupik.,"ali'lima llia'kuñi ala'sa', ma'i, panpateklu' ima llillinen chota.","otros se han ido a quedar en un, este, pasto llamado chota.",U03154,G02929,hard,0.7159439325332642,0.5851896405220032,0.130754292011261,2
U03153,G02928,"otros se han quedado en el cerro. 11 literalmente, los nombres de adentro.",ali'lima llia'lli ma'i mutupik.,ali'ladaper ima ker' aku'pakuñina'.,"otros, dice, fueron a poner más yuca (para aprovisionarse).",U02959,G02734,medium,0.7159439325332642,0.5105121731758118,0.2054317593574524,3
U01731,G01533,hice panecitos.,nutulek tanta'shala,alantapalek kulliker',presto dinero.,U01711,G01514,hard,0.7884491682052612,0.6735289692878723,0.11492019891738892,2
U01731,G01533,hice panecitos.,nutulek tanta'shala,wayusa' nu'tulek,hice café.,U01412,G01233,medium,0.7884491682052612,0.617055356502533,0.17139381170272827,4
U00074,G00055,dolor,iker,ikerlli,duele.,U00221,G00173,medium,0.7467924356460571,0.5807191133499146,0.16607332229614258,2
U02876,G02651,de ahí le dijo:,naneklima itulli:,nu'an ima waneran tulli:,después poniéndose de pie dijo:,U02695,G02470,medium,0.8625182509422302,0.6628146767616272,0.19970357418060303,2
U02806,G02581,"sabiendo leer,","ñinchilli'anna' kerka'ña,","ñinchillinsetchanna',","sabiendo escribir,",U02805,G02580,hard,0.7859491109848022,0.6935596466064453,0.09238946437835693,2
U02806,G02581,"sabiendo leer,","ñinchilli'anna' kerka'ña,",ñinchitapalek lun'ak,sé leer.,U00518,G00429,medium,0.7859491109848022,0.6142935752868652,0.171655535697937,3
U02916,G02691,ellos sí van a matar a esa fiera.,nawa'ler a'ka di'tetchuna' nana anaka'.,nawa panper'chechuna',ellos atacarán.,U01866,G01660,medium,0.824773907661438,0.6510997414588928,0.17367416620254517,2
U00926,G00795,¿hacía frío?,¿sanekwanwiñi?,¿kaser'llincha?,¿es dulce?,U01469,G01287,hard,0.7059435844421387,0.588796854019165,0.11714673042297363,2
U00926,G00795,¿hacía frío?,¿sanekwanwiñi?,¿ikerli?,¿es doloroso?,U01465,G01283,medium,0.7059435844421387,0.5526881814002991,0.1532554030418396,3
U01795,G01594,fue ameno.,u'chimu ñiwiñi,musu' ñapawiñi,fue emocionante.,U02070,G01853,hard,0.849071741104126,0.7807011008262634,0.06837064027786255,4
U01795,G01594,fue ameno.,u'chimu ñiwiñi,musu' ñapawiñina',estaban felices.,U01923,G01714,medium,0.849071741104126,0.6674876809120178,0.18158406019210815,5
U01796,G01594,era perfecto.,u'chimu ñiwiñi,musu' ñapawiñi,fue emocionante.,U02070,G01853,hard,0.7932180762290955,0.6731213927268982,0.12009668350219727,4
U01796,G01594,era perfecto.,u'chimu ñiwiñi,ñiwiñi tekinchi,fue real.,U00842,G00718,medium,0.7932180762290955,0.606759786605835,0.1864582896232605,5
U00397,G00322,¡por supuesto!,te'kinchi,tekinchi,"sí, claro.",U01909,G01703,hard,0.754167377948761,0.6857806444168091,0.0683867335319519,2
U00397,G00322,¡por supuesto!,te'kinchi,¿tekinchi?,¿la verdad?,U00045,G00036,medium,0.754167377948761,0.5637131333351135,0.19045424461364746,8
U01589,G01400,miramos,lli'aterwa',lli'ker',míralo.,U00858,G00734,medium,0.7883700728416443,0.6379063129425049,0.1504637598991394,3
U00632,G00527,¡háblame!,¡luntuu!,¡lunker' kualek!,¡habla conmigo!,U00633,G00528,hard,0.8488031625747681,0.7002339959144592,0.14856916666030884,2
U00632,G00527,¡háblame!,¡luntuu!,luntuu,háblame.,U00881,G00753,medium,0.8488031625747681,0.6953038573265076,0.1534993052482605,3
U01253,G01089,estamos hambrientos.,uki'latek ñapallidek,unku'pi ñapallidek,estamos encerrados.,U01252,G01088,hard,0.7780418395996094,0.7259818315505981,0.05206000804901123,5
U01253,G01089,estamos hambrientos.,uki'latek ñapallidek,nakusu' ullidek,bebimos mucho.,U01881,G01675,medium,0.7780418395996094,0.6265823245048523,0.15145951509475708,14
U00178,G00136,lo tengo.,a'ñapalek,¡a'ñapalek!,¡tengo!,U00023,G00019,hard,0.8741430640220642,0.7589327692985535,0.11521029472351074,2
U00178,G00136,lo tengo.,a'ñapalek,nampilek,viví,U00546,G00452,medium,0.8741430640220642,0.6528748273849487,0.22126823663711548,3
U00000,G00000,ve.,paker',wanerker',parate,U00249,G00196,hard,0.5403231382369995,0.4869464337825775,0.053376704454422,18
U00000,G00000,ve.,paker',da'encher',adelante. (ingresa),U00152,G00116,medium,0.5403231382369995,0.3901742398738861,0.1501488983631134,46
U00001,G00000,vete.,paker',pa'a,vamos.,U00236,G00186,hard,0.909116268157959,0.7953894734382629,0.11372679471969604,4
U00001,G00000,vete.,paker',wencher',venga.,U00143,G00231,medium,0.909116268157959,0.756677508354187,0.15243875980377197,5
U00002,G00000,vaya.,paker',wencher',ven.,U00291,G00231,hard,0.8216444253921509,0.7148867249488831,0.10675770044326782,5
U00002,G00000,vaya.,paker',wanerker',parate,U00249,G00196,medium,0.8216444253921509,0.6663877964019775,0.15525662899017334,11
U01968,G01757,¿comés carne?,¿chuchu ka'a'pala?,¿kenma u'wa'tapala?,¿usted fuma?,U01024,G00886,medium,0.8259072303771973,0.6622285842895508,0.16367864608764648,2
U02713,G02488,"el lago junto al pelejo se secó,","kundetchek enñi,","ukilasu'tundek enñi,","el rayo caño se secó,",U02712,G02487,hard,0.7555859088897705,0.6894737482070923,0.06611216068267822,3
U02713,G02488,"el lago junto al pelejo se secó,","kundetchek enñi,","sennanlusa'nta' enñi,","también los lagos se secaron,",U02710,G02485,medium,0.7555859088897705,0.5615180730819702,0.1940678358078003,7
U02040,G01824,seré paciente.,wa'tentutek ñiechek,wa'tentapechek,estaré esperando.,U02041,G01825,hard,0.8777285218238831,0.788318932056427,0.08940958976745605,2
U02040,G01824,seré paciente.,wa'tentutek ñiechek,wa'tentechek,esperaré.,U00805,G00681,medium,0.8777285218238831,0.6775188446044922,0.20020967721939087,4
U00610,G00506,caminemos.,dek'kuntawa',dek'awa',votemos.,U00609,G00505,medium,0.8551146388053894,0.6398630142211914,0.215251624584198,2
U01248,G01085,estábamos heridos.,llipu'pi ñapawiñidek,lupersu' ñapawiñidek,estábamos borrachos.,U01577,G01388,hard,0.8755151033401489,0.8002997040748596,0.0752153992652893,3
U01248,G01085,estábamos heridos.,llipu'pi ñapawiñidek,ñapawiñina' kaluwi'su',estaban enfermos.,U01862,G01656,medium,0.8755151033401489,0.7041701674461365,0.17134493589401245,6
U01249,G01085,estábamos lastimados.,llipu'pi ñapawiñidek,lupersu' ñapawiñidek,estábamos borrachos.,U01577,G01388,hard,0.8378884792327881,0.7536069750785828,0.08428150415420532,3
U01249,G01085,estábamos lastimados.,llipu'pi ñapawiñidek,nakusu' ullidek,bebimos mucho.,U01881,G01675,medium,0.8378884792327881,0.6762517690658569,0.16163671016693115,4
U00012,G00009,¡para!,¡ta'ituler'!,¡wanerker'!,¡de pie!,U00250,G00197,hard,0.8380294442176819,0.7065467834472656,0.13148266077041626,2
U00012,G00009,¡para!,¡ta'ituler'!,¡wer'ker'!,¡piérdete!,U00150,G00110,medium,0.8380294442176819,0.6791284680366516,0.15890097618103027,3
U03075,G02850,buscaron a los yupaneros.,ma'i silutulusa' dunkerllina'.,tullina' taserpiku'lusa'.,dijeron los viejos finados también con pena.,U02774,G02549,hard,0.6646819710731506,0.6085551977157593,0.05612677335739136,4
U03075,G02850,buscaron a los yupaneros.,ma'i silutulusa' dunkerllina'.,inetchaku'lusa'ki.,de las tías (paternas) finadas.,U02308,G02083,medium,0.6646819710731506,0.512576162815094,0.15210580825805664,7
U02052,G01835,voy saliendo.,yunsu'pilalek,a'perchapalek,estoy jodiendo.,U00766,G00644,medium,0.7527493834495544,0.5808157920837402,0.1719335913658142,2
U02944,G02719,las ramas de las lupunas quebradas se mantenían colgadas (ya el duende los estaba hipnotizando).,llinanlusi'ma tanpa'nen ukunñina'.,chipetcheknenna'si'ma' pektentapalli.,(al llegar vieron que) solamente sus mosquiteros estaban templados.,U02911,G02686,hard,0.6254331469535828,0.5564122200012207,0.06902092695236206,2
U02944,G02719,las ramas de las lupunas quebradas se mantenían colgadas (ya el duende los estaba hipnotizando).,llinanlusi'ma tanpa'nen ukunñina'.,napi'ku'lusa'ler ekpa'llina' menminennak.,los antiguos lo llevaban a sus chacras.,U02463,G02238,medium,0.6254331469535828,0.4663032591342926,0.15912988781929016,6
U01863,G01657,ellos ayudarán.,nawa' katu'pa'techuna',nana katu'pa'techu,eso ayudará.,U01190,G01033,medium,0.900999128818512,0.7349951267242432,0.1660040020942688,2
U01542,G01354,ellos bailarán.,nawa' lanse'chuna',tuluner'aterwa',cantaremos.,U00693,G00580,medium,0.7763671278953552,0.5809442400932312,0.19542288780212402,2
U00988,G00852,¿estás lleno?,¿mer'su' ñapala?,¿nanpiladasu' ñapala?,¿estás despierta?,U01311,G01142,hard,0.7327365875244141,0.6188752055168152,0.11386138200759888,2
U00988,G00852,¿estás lleno?,¿mer'su' ñapala?,¿wa'danpindek ñapala?,¿estás loco?,U00716,G00601,medium,0.7327365875244141,0.5376291871070862,0.19510740041732788,8
U01974,G01763,¿lo recuerdas?,¿lli'inutapala?,¿lli'tapala?,¿estás mirando?,U01939,G01729,medium,0.7916932702064514,0.6290068030357361,0.16268646717071533,2
U02734,G02509,sólo el pueblo de ellos se reproducirá le dijo al hombre candela.,nawa' ñinanlu'nenna' a'llupitununtekchuna' itullima tanpen muda'.,nanentu saka'tulusui'pa' muyunpak walek ektui'nchuna' tullima ali'la taserpi.,tal vez los que primero están abriendo trocha lleguen hasta moyobamba dijo el otro viejo.,U02861,G02636,medium,0.7222675681114197,0.44005563855171204,0.28221192955970764,2
U01172,G01021,le disparó.,ilanñi,yutulli,la increpó.,U01698,G01501,hard,0.7480707168579102,0.617438554763794,0.1306321620941162,2
U01172,G01021,le disparó.,ilanñi,u'lanñi,llovió.,U00359,G00290,medium,0.7480707168579102,0.5553409457206726,0.19272977113723755,3
U01190,G01033,eso ayudará.,nana katu'pa'techu,asu' katu'pa'techu,esto ayudará.,U01213,G01054,hard,0.8643559813499451,0.8120139837265015,0.052341997623443604,2
U01190,G01033,eso ayudará.,nana katu'pa'techu,nana katu'pa'tulli,eso ayudó.,U00888,G00760,medium,0.8643559813499451,0.6957029104232788,0.16865307092666626,4
U00625,G00520,mantente alerta.,ñapaker' insek'dipersu',ñaper' lu'uk'tan,estate vigilante.,U00727,G00610,hard,0.7603074312210083,0.6923999190330505,0.06790751218795776,2
U00625,G00520,mantente alerta.,ñapaker' insek'dipersu',ñi'inaka inlu'uktutek,sería cuidadoso.,U01759,G01561,medium,0.7603074312210083,0.5967245101928711,0.1635829210281372,9
U02041,G01825,estaré esperando.,wa'tentapechek,wa'tentechek,esperaré.,U00805,G00681,hard,0.9091529250144958,0.8508673310279846,0.05828559398651123,2
U02041,G01825,estaré esperando.,wa'tentapechek,wa'tentechu,esperará.,U01050,G00910,medium,0.9091529250144958,0.7371205687522888,0.17203235626220703,3
U02578,G02353,así dicen que pampayacu se quemó.,nu'sui'ma asu' panpadek uksu'ketchulli.,naneklimaka asu' nana lanla' pitunta' uwentunta'lli.,"de ahí, esta la ballena poza se redujo.",U02831,G02606,medium,0.7704983949661255,0.6017860174179077,0.16871237754821777,2
U03136,G02911,"no quería que (los shiwilu) se estiraran cuando trabajaban, hasta que se hacía bien tarde (los obligaban a trabajar), hasta que se hacía bien oscuro y el grillo (cantaba) chanchanchan.","yenchenterka'su' saka'tapanna', iñer er'werwalek ipa' kasiserapilek walek ipa' asu' inkella chanchanchan.","apu'tek ima kullikerwa'su', sekputchek imi'na saka'tulusa' luwekta'su' nanakin kelli.","cuentan que apu'tek tenía plata, mientras que a sekputchek lo trajeron para que supervise a los trabajadores.",U03131,G02906,medium,0.6376206278800964,0.4338769316673279,0.20374369621276855,2
U01939,G01729,¿estás mirando?,¿lli'tapala?,¿lli'la?,¿lo viste?,U01668,G01475,hard,0.8370773196220398,0.692661702632904,0.14441561698913574,3
U01939,G01729,¿estás mirando?,¿lli'tapala?,¿lli'tapalli?,¿está mirando?,U01464,G01282,medium,0.8370773196220398,0.6644171476364136,0.17266017198562622,4
U01528,G01341,sé positivo.,inlli'inuter' musuk,nantapitek ñiker',sé valiente.,U01044,G00904,hard,0.7675336599349976,0.6454475522041321,0.12208610773086548,4
U01528,G01341,sé positivo.,inlli'inuter' musuk,musu'nakuker',pásala bien.,U00162,G00120,medium,0.7675336599349976,0.5605593323707581,0.2069743275642395,6
U01940,G01730,¿estás casado?,¿sadasu'cha ñapala?,¿kadu'lunsu' ñapala?,¿estás embarazada?,U02219,G01996,hard,0.7400803565979004,0.6378703713417053,0.10220998525619507,3
U01940,G01730,¿estás casado?,¿sadasu'cha ñapala?,"- ¿samerwanpala'ncha, alli'shá?","¿tienes pescado, hermano mayor?",U02606,G02381,medium,0.7400803565979004,0.5724132657051086,0.16766709089279175,4
U01456,G01274,estoy impaciente.,yennichinek wa'tentak,wa'tentutek ñiechek,seré paciente.,U02040,G01824,hard,0.8049917817115784,0.6897869110107422,0.11520487070083618,2
U01456,G01274,estoy impaciente.,yennichinek wa'tentak,wa'tentutek nuka'ka,soy paciente.,U00825,G00701,medium,0.8049917817115784,0.632774293422699,0.1722174882888794,3
U02035,G01819,seguiré.,tupiechek,epa'echek,lo llevaré.,U01444,G01262,medium,0.8275863528251648,0.6553932428359985,0.17219310998916626,2
U02530,G02305,"los niños se venían llorando y cuando regresaban, dice, the children left, crying, and on their way back,","wilalusa' wellek'apilenchan ima, uk'apilenchani'ma,","wilalusi'ma, ya'dandektanna', pa'anna', anaka'lli'na'.","a los muchachos, queriendo agarrar pejecitos con canasto, cuando se iban, se los comían las fieras.",U03140,G02915,medium,0.7801871299743652,0.5580655336380005,0.22212159633636475,2
U02062,G01845,¿es maestro?,¿a'lek'tutek' nuka'a?,¿lulentutek'a'cha?,¿es doctor?,U01782,G01581,hard,0.7391976714134216,0.6875549554824829,0.05164271593093872,3
U02062,G01845,¿es maestro?,¿a'lek'tutek' nuka'a?,¿luuktek' nukama?,¿eres sordo?,U00986,G00850,medium,0.7391976714134216,0.5649556517601013,0.1742420196533203,6
U02403,G02178,"esto queriendo llevar lejos, a otro pueblo, quieres aprender, de qué manera vivo aquí en jeberos.","asu' yekpantan wei ali'la ñinanluk yañinchitula, ma'pu'sui'pa nanpilek kua asu' shiwiluk.",nanentu saka'tulusui'pa' muyunpak walek ektui'nchuna' tullima ali'la taserpi.,tal vez los que primero están abriendo trocha lleguen hasta moyobamba dijo el otro viejo.,U02861,G02636,medium,0.7501431107521057,0.47441112995147705,0.27573198080062866,2
U02807,G02582,(los jóvenes) ya no valoran esas cosas.,ñi a'pinta' nanadaper lli'inuchi'ñina'.,ipa'la lacheknawi'ñina'.,ahora no se puede entender.,U03201,G02976,hard,0.7400663495063782,0.653374195098877,0.08669215440750122,2
U02807,G02582,(los jóvenes) ya no valoran esas cosas.,ñi a'pinta' nanadaper lli'inuchi'ñina'.,pitetchi'ñina' ipa' nana kapiña'su' lli'anna'.,ya no hilaban porque habían visto las telas (en moyobamba).,U02988,G02763,medium,0.7400663495063782,0.5808660387992859,0.15920031070709229,6
U01887,G01681,estábamos bromeando.,si'lentapawiñidek,lumpawiñidek,estábamos hablando.,U02175,G01955,medium,0.8924582004547119,0.6755605340003967,0.21689766645431519,2
U01786,G01585,¿está sano?,¿mudinupallincha?,¿mupallin'cha?,¿está bueno?,U00574,G00478,hard,0.7962971925735474,0.7222301363945007,0.07406705617904663,2
U01786,G01585,¿está sano?,¿mudinupallincha?,mupalli,está bien.,U00098,G00980,medium,0.7962971925735474,0.5930332541465759,0.20326393842697144,3
U02854,G02629,entonces otro viejo soñador dijo:,nanek ima ali'la taserpi wa'lata'su' tulli:,nu'an ima waneran tulli:,después poniéndose de pie dijo:,U02695,G02470,medium,0.8141558766365051,0.6207469701766968,0.19340890645980835,3
U01707,G01510,"¡apúrensen, muchachos!",¡wiuk'ku wilalusa'!,¡wiuku' wilalunlusa!,"¡apúrensen, muchachas!",U01998,G01784,hard,0.7781090140342712,0.6887980103492737,0.08931100368499756,2
U01707,G01510,"¡apúrensen, muchachos!",¡wiuk'ku wilalusa'!,"yuyu'lusa', ¡da'kerku' u'ku!","señores, ¡vengan y pasen a beber!",U03060,G02835,medium,0.7781090140342712,0.5662447214126587,0.21186429262161255,3
U02884,G02659,su higado está colgado nomás.,kankanen ukunpala'lli.,penwek i'na nerpi'la.,mi candela es diferente.,U02614,G02389,medium,0.7226159572601318,0.5689332485198975,0.15368270874023438,2
U02534,G02309,cuando estábamos agarrando pescado nos botaron porque tenemos esta enfermedad sa'la'.,samer mapa'sekudek dinsulullinerkudek asu' sa'la' a'kudeksu' malek.,maweklima kanana kenmu'wa' pitetcha'kawa'su' ta'wantulli.,"al descrubir eso, lo que hilábamos se terminó.",U02989,G02764,hard,0.6851254105567932,0.54737788438797,0.13774752616882324,2
U02534,G02309,cuando estábamos agarrando pescado nos botaron porque tenemos esta enfermedad sa'la'.,samer mapa'sekudek dinsulullinerkudek asu' sa'la' a'kudeksu' malek.,"nanapa yunsu'i kenmu'wa'kinsa' ñii asu' samer,","para que salgan para nosotros nomás, para que sean para nosotros nomás estos peces,",U02682,G02457,medium,0.6851254105567932,0.4575648605823517,0.22756054997444153,3
U02405,G02180,hace tiempo me casé con mi esposo.,napi' sudawek sudatulek.,wilaluntamu sudawek kananek.,siendo señorita encontré marido.,U02263,G02038,hard,0.7248963713645935,0.5923463106155396,0.13255006074905396,2
U02405,G02180,hace tiempo me casé con mi esposo.,napi' sudawek sudatulek.,kaikshawekleksa' llia'lek.,con mi hermana mayor nomás me quedé.,U02492,G02267,medium,0.7248963713645935,0.5239015817642212,0.20099478960037231,3
U00601,G00499,a ver.,enta'i'na,te'kinchi,¡por supuesto!,U00397,G00322,hard,0.7642821669578552,0.6390732526779175,0.12520891427993774,2
U00601,G00499,a ver.,enta'i'na,tekinchi,"sí, ciertamente.",U01910,G01703,medium,0.7642821669578552,0.5868217349052429,0.1774604320526123,3
U01750,G01552,quiero hablar.,yalun'nek,yalansa'lek,quiero bailar.,U02026,G01811,hard,0.747331976890564,0.6872573494911194,0.06007462739944458,2
U01750,G01552,quiero hablar.,yalun'nek,lamapu'lek,grité.,U00543,G00449,medium,0.747331976890564,0.5821851491928101,0.1651468276977539,4
U02930,G02705,necesitamos tu candela.,- pen luwanpa'lliyen.,kulliker' luwantullidek,necesitamos dinero.,U01572,G01383,medium,0.7941974997520447,0.5047404766082764,0.2894570231437683,2
U01913,G01705,me mentiste.,tumu'tulun,tumu'pala,estás mintiendo.,U01297,G01128,medium,0.82157963514328,0.6521021723747253,0.1694774627685547,3
U00419,G00339,aléjate.,ñilupa'sha,li'inuter',recuérdalo.,U00874,G00747,hard,0.7481344938278198,0.6249727606773376,0.12316173315048218,2
U00419,G00339,aléjate.,ñilupa'sha,paker' ñilupa',apártate.,U00137,G00098,medium,0.7481344938278198,0.5907186269760132,0.15741586685180664,3
U00623,G00518,huelan esto.,lanerku' asu',llinser'ku' nana,anoten esto.,U02200,G01977,medium,0.8268378973007202,0.6050809025764465,0.22175699472427368,2
U02864,G02639,un grupo que vaya durmiendo y el otro grupo que haga guardia.,"ala'musun wicha'pai, ali'la musui'na nanpiladapai.","amana' ñichu di'tawa', ali'la erpilu' kupiwan ñipachi nananta' di'tawa'.","si hay tigre se lo mata, si hay anaconda de altura a esa también se la mata.",U02851,G02626,medium,0.7286065220832825,0.5275550484657288,0.2010514736175537,2
U02706,G02481,"dice que cuando iba río abajo los peces lo siguieron,","nu'wanta'sik ima sameller tupitunta'lli,","enpinantek'unta'llina' dekshadeklusa',","las cuencas de las quebradas se secaron,",U02745,G02520,medium,0.6635106801986694,0.4649007022380829,0.19860997796058655,2
U00609,G00505,votemos.,dek'awa',lun'awa',charlemos.,U00602,G00504,hard,0.6386951208114624,0.5817955732345581,0.0568995475769043,4
U00609,G00505,votemos.,dek'awa',peklu'deklek,los llamé.,U01392,G01216,medium,0.6386951208114624,0.4755677282810211,0.16312739253044128,22
U02216,G01993,estás atascado.,da'sek'su' ñapala,lupersu' ñapala,estás borracha.,U01293,G01124,hard,0.7481536269187927,0.671430230140686,0.07672339677810669,3
U02216,G01993,estás atascado.,da'sek'su' ñapala,denlekpin'ta' ñapala,eres parcial.,U01635,G01445,medium,0.7481536269187927,0.5900694131851196,0.1580842137336731,5
U00028,G00023,me caí.,anu'lek,indei'tulek,me corté.,U01065,G00924,hard,0.77181476354599,0.642533540725708,0.12928122282028198,2
U00028,G00023,me caí.,anu'lek,iluwinek,me resfrié.,U02001,G01787,medium,0.77181476354599,0.5631556510925293,0.2086591124534607,3
U02653,G02428,¿estos qué peces son?,- ¿asu' ma'nen samer a'cha? itullina'.,¿shipenlusa' nuker'ka?,¿son altos?,U01308,G01139,hard,0.7038353681564331,0.6106353998184204,0.0931999683380127,2
U02653,G02428,¿estos qué peces son?,- ¿asu' ma'nen samer a'cha? itullina'.,¿pen a'cha a'ñapalama'?,¿tienen candela?,U02612,G02387,medium,0.7038353681564331,0.5232165455818176,0.18061882257461548,3
U01802,G01599,me supera.,kana'lliu,katu'palun,me salvó.,U00839,G00715,hard,0.6777161359786987,0.5960589051246643,0.08165723085403442,2
U01802,G01599,me supera.,kana'lliu,wiperi'u,abrázame.,U00027,G00022,medium,0.6777161359786987,0.48049163818359375,0.19722449779510498,4
U01535,G01347,aquí tienes.,asek a'ñapala,asek' ñapalli,aquí está.,U00506,G00418,medium,0.8902707695960999,0.6088151335716248,0.2814556360244751,2
U02863,G02638,"vamos, prevénganse hermanos, no duerman mucho, han de velar en la noche.","enchuku', inlli'inuku'la' yalli'lusa' enpu'ninchi yawichi'tama' nanpiladaku'.","du'anna', wa'inutanna', nerpi'pu' ñiper'dekllina' nana pa'lusa'.","se sentaban, sentían pena y a veces insultaban a los que habían ido (por primera vez a moyobamba).",U03016,G02791,hard,0.6531079411506653,0.5464110970497131,0.10669684410095215,2
U02863,G02638,"vamos, prevénganse hermanos, no duerman mucho, han de velar en la noche.","enchuku', inlli'inuku'la' yalli'lusa' enpu'ninchi yawichi'tama' nanpiladaku'.","asu' mukankinpu'lusa', ñi a'pinta' ma'winpu'pachina', tada ilakapi ka'achuna'.","estos malos, cuando no tengan más que comer, hasta lagarto comerán.",U02762,G02537,medium,0.6531079411506653,0.4995169937610626,0.15359094738960266,3
U01304,G01135,estás equivocado.,aper'su' ñapala,tasellun ñapala,estás vieja.,U00713,G00599,hard,0.7026457190513611,0.6425967216491699,0.06004899740219116,3
U01304,G01135,estás equivocado.,aper'su' ñapala,inapiken nuka'ma,estás soltero.,U01639,G01449,medium,0.7026457190513611,0.5453916788101196,0.15725404024124146,5
U02923,G02698,diluyó tabaco el viejo.,pinter ima sekmu'lli papinku.,da'wanler kiteklli tatawek.,la víbora mordió a mi padre.,U02489,G02264,medium,0.7398837208747864,0.5608911514282227,0.17899256944656372,2
U02477,G02252,"con ella mi padre y mi madre me criaron, yo la hablo.","nanalek tatawek awawek teksusullun, kua nana lu'nkasu'.","ta'ser kuanta' papinkuku'lusa' laukdeklek, wilakuñamu,",cuando contaban yo también a los abuelos ya finados les he escuchado.,U02575,G02350,medium,0.7632772922515869,0.5738806128501892,0.1893966794013977,2
U00863,G00739,nadie mintió.,ñiden tumui'ñi,ñiden ñinchichi'ñi,nadie sabe.,U01155,G01007,medium,0.888170599937439,0.6773629188537598,0.2108076810836792,2
U01562,G01374,estamos arruinados.,nakusu' muin'su' ñapallidek,sakeksu' ñapallidek,estamos satisfechos.,U02183,G01963,hard,0.8342618346214294,0.7296707034111023,0.10459113121032715,8
U01562,G01374,estamos arruinados.,nakusu' muin'su' ñapallidek,saka'tusu' ñapalidek,estamos cansados.,U00947,G00815,medium,0.8342618346214294,0.6738423109054565,0.1604195237159729,13
U01563,G01374,estamos condenados.,nakusu' muin'su' ñapallidek,sipuk'ñapallidek,somos prisioneros.,U02182,G01962,hard,0.7341257929801941,0.6793003678321838,0.054825425148010254,9
U01563,G01374,estamos condenados.,nakusu' muin'su' ñapallidek,chiminllinkekla nampipalekwa',sobrevivimos.,U00939,G00807,medium,0.7341257929801941,0.5798760056495667,0.15424978733062744,18
U00456,G00372,tú empieza.,kenma tenmiansuer',nanentu kenmama',ustedes primero.,U01271,G01106,hard,0.7421523928642273,0.6030727028846741,0.13907968997955322,2
U00456,G00372,tú empieza.,kenma tenmiansuer',a'pawilek'la,has cambiado.,U01931,G01722,medium,0.7421523928642273,0.5755795836448669,0.16657280921936035,4
U00275,G00221,¿quién murió?,¿den chimiñi?,¿chimiñi?,¿está muerto?,U00569,G00473,medium,0.8614950180053711,0.6488965153694153,0.2125985026359558,2
U00083,G00057,de acuerdo.,muetchun,te'kinchi,¡por supuesto!,U00397,G00322,hard,0.7350818514823914,0.6226025819778442,0.11247926950454712,4
U00083,G00057,de acuerdo.,muetchun,imanan,susto.,U00563,G00467,medium,0.7350818514823914,0.5831657648086548,0.15191608667373657,6
U00093,G00277,soy gorda.,weilunsu' nuka'ka,weipensu' ñapalek,estoy gordo.,U00092,G00064,medium,0.7760881185531616,0.5967134237289429,0.17937469482421875,5
U00346,G00277,soy obesa.,weilunsu' nuka'ka,shamu'pensu' nuka'ka,soy delgado. (masculino),U00211,G00163,hard,0.6964430809020996,0.6427952647209167,0.05364781618118286,4
U00346,G00277,soy obesa.,weilunsu' nuka'ka,sadasu' nuka'ka,soy casado.,U00821,G00697,medium,0.6964430809020996,0.5456117987632751,0.15083128213882446,9
U01686,G01491,todos pagaron.,iñer' panwilek'tullina',taker'apilallina' iñer.,van consumiéndose todos.,U02309,G02084,medium,0.8564683198928833,0.678435742855072,0.17803257703781128,2
U00642,G00535,ellos votaron.,nawa dekllina',nawa' inyutullina',ellos discutieron.,U01859,G01653,hard,0.7571339011192322,0.6927775740623474,0.06435632705688477,2
U00642,G00535,ellos votaron.,nawa dekllina',nu'anna' itullinerku,así ellas me dicen.,U02416,G02191,medium,0.7571339011192322,0.5920036435127258,0.16513025760650635,5
U01583,G01394,nos vamos.,pa'echidek,pa'awa',vayámonos.,U00857,G00733,medium,0.8284426927566528,0.6575748324394226,0.17086786031723022,3
U01178,G01026,no discutas.,yainyututa,yatumu'ta,no mientas.,U00299,G00238,hard,0.704655110836029,0.6167593598365784,0.08789575099945068,5
U01178,G01026,no discutas.,yainyututa,lun'aper'i'la,continuá hablando.,U01139,G00992,medium,0.704655110836029,0.5501605868339539,0.1544945240020752,11
U00671,G00561,tom trabajó.,tom saka'tulli,saka'tulli.,funciona.,U00222,G00174,hard,0.8052747845649719,0.6655503511428833,0.13972443342208862,2
U00671,G00561,tom trabajó.,tom saka'tulli,saka'tulli,funcionó.,U00361,G00292,medium,0.8052747845649719,0.6441689133644104,0.16110587120056152,3
U00741,G00621,no copien.,nana pu'su' yanu'tutama',empu'ni yaluntama',sean breves.,U00140,G00101,hard,0.7449267506599426,0.6026327013969421,0.1422940492630005,2
U00741,G00621,no copien.,nana pu'su' yanu'tutama',luwerchinpu'deker,ignoralos.,U00831,G00707,medium,0.7449267506599426,0.5236445665359497,0.22128218412399292,3
U01779,G01578,me demandaron.,iker'lalak aku'llinerku,usu'lliner'ku,fui despedido.,U02033,G01817,hard,0.7578391432762146,0.69794762134552,0.05989152193069458,4
U01779,G01578,me demandaron.,iker'lalak aku'llinerku,luwantudek'lek,los necesito.,U00790,G00667,medium,0.7578391432762146,0.5848881602287292,0.17295098304748535,7
U00793,G00670,leo labios.,ñinchitapalek ma'tapallinpa',linserchapalek la'la'lusa',escribo versos.,U01430,G01250,hard,0.6541992425918579,0.5876525640487671,0.06654667854309082,3
U00793,G00670,leo labios.,ñinchitapalek ma'tapallinpa',luwantulek llinserchunan,necesito pintura.,U01075,G00934,medium,0.6541992425918579,0.46157601475715637,0.19262322783470154,5
U02251,G02026,yo soy jeberina.,kui'na shiwilulunku.,kua shiwilulunku nuka'ka.,yo soy jeberina auténtica.,U02474,G02249,medium,0.7887327075004578,0.6290187835693359,0.15971392393112183,2
U02805,G02580,"sabiendo escribir,","ñinchillinsetchanna',","nanima yañinchitulli,","ella dice que quiere aprender (mi idioma),",U02313,G02088,medium,0.6981282234191895,0.545333981513977,0.1527942419052124,3
U00220,G00172,eso ayuda.,nana katu'patulli,nana katu'pa'techu,eso ayudará.,U01190,G01033,hard,0.8250129222869873,0.7651823163032532,0.05983060598373413,3
U00220,G00172,eso ayuda.,nana katu'patulli,kua katu'patulek,yo contribuí.,U01395,G01219,medium,0.8250129222869873,0.6452604532241821,0.17975246906280518,5
U02935,G02710,"cuentan que dijo así el hombre que detectó, eso dijo ese soñador:","tullima nana lunanpichita'su', tullima nana wa'lata'su':","nanima pennu'pilenchan, unchan itudeklli:","ahí vino volando, bajó y le dijo (a la gente):",U02520,G02295,medium,0.7372561097145081,0.4873318374156952,0.24992427229881287,3
U01564,G01375,tenemos hambre.,uki'lallidek,aper'llidek,fallamos.,U00446,G00362,hard,0.8030186295509338,0.7248581051826477,0.07816052436828613,2
U01564,G01375,tenemos hambre.,uki'lallidek,wer'apallidek,estamos perdiendo.,U01255,G01091,medium,0.8030186295509338,0.6367068290710449,0.16631180047988892,4
U02198,G01976,anota esto.,llinser'ker' asu',llinser'ker' nana,anota eso.,U02196,G01975,hard,0.8488093614578247,0.7430158853530884,0.10579347610473633,3
U02198,G01976,anota esto.,llinser'ker' asu',sek'diperker' asu',guarda esto.,U00374,G00305,medium,0.8488093614578247,0.6898491978645325,0.15896016359329224,4
U02199,G01976,anote esto.,llinser'ker' asu',llinser'ker' nana,anota eso.,U02196,G01975,hard,0.855401337146759,0.744195818901062,0.11120551824569702,3
U02199,G01976,anote esto.,llinser'ker' asu',sek'diperker' asu',guarda esto.,U00374,G00305,medium,0.855401337146759,0.6661443114280701,0.18925702571868896,4
U01746,G01548,quiero vivir.,yanampilek,yapa'lek,quiero ir.,U01086,G00945,hard,0.7130470275878906,0.5657912492752075,0.1472557783126831,2
U01746,G01548,quiero vivir.,yanampilek,taitula'u nanpiak,déjame vivir.,U00851,G00727,medium,0.7130470275878906,0.5587137341499329,0.15433329343795776,3
U02801,G02576,diciendo eso pescaban los antiguos.,tanna' purllina' napi'ku'lusa'.,nu'apileklima kencha'llina' inalupa' ku'apellusa' kullikerwanlusa'.,así seguía hasta que trajeron por acá (por jeberos) mujeres adineradas.,U03019,G02794,medium,0.7701747417449951,0.5790590643882751,0.19111567735671997,2
U03001,G02776,"así como algunos maltratan a sus hijos a cada instante, así estas dos personas (nos maltratan a nosotros)8 dijeron en una reunion hablando.","ma'lusa', nu'unta' willina' llikanetchi'ñina' nanapu'tullinerkenmu'wa', asu' katu'shadaper tullina' ima idiuntunna' lunna'.","napi', kuanta' wilakuñamu laukta'kasu' nana muyunpa inchilalak taker'llina', lansi' wa'danler ka'deklli tullina'.","antes cuando yo era niño he escuchado que en ese camino de moyobamba perecieron, el duende puro hueso les comió dijeron.",U03022,G02797,hard,0.6328598260879517,0.5740472674369812,0.05881255865097046,2
U03001,G02776,"así como algunos maltratan a sus hijos a cada instante, así estas dos personas (nos maltratan a nosotros)8 dijeron en una reunion hablando.","ma'lusa', nu'unta' willina' llikanetchi'ñina' nanapu'tullinerkenmu'wa', asu' katu'shadaper tullina' ima idiuntunna' lunna'.","katu'shunka' alei'teklun ekkilala ñisik ima, nana wa'anku'lusa' malallinalek lu'rnkasu' nawei'ma ipa' chimia'ser adankenñunta'llina'.",veinticinco años pasaron y cuando las autoridades que habían hablado con malallina murieron volvieron (a jeberos).,U03086,G02861,medium,0.6328598260879517,0.4574539065361023,0.17540591955184937,6
U00062,G00048,sal.,yunsuer',yunsanker',levanta. (pararse),U00022,G00018,hard,0.827041745185852,0.7046220302581787,0.12241971492767334,3
U00062,G00048,sal.,yunsuer',muer'wa,buenas tardes.,U01688,G01492,medium,0.827041745185852,0.5806443095207214,0.24639743566513062,4
U00063,G00048,sal.,damula,muer'wa,buenas tardes.,U01688,G01492,medium,0.7500497698783875,0.5806444883346558,0.1694052815437317,4
U01422,G01242,quiero comer.,yawerannek,weranek',he comido.,U00568,G00472,medium,0.7669363617897034,0.569928765296936,0.19700759649276733,2
U01682,G01487,no forcejees.,yanantapita,cheksu' ñiker',no divagues.,U01029,G00890,hard,0.6893185377120972,0.5712414383888245,0.1180770993232727,2
U01682,G01487,no forcejees.,yanantapita,nantapitek' ñiker',sé fuerte.,U00138,G00099,medium,0.6893185377120972,0.5237817764282227,0.1655367612838745,4
U01889,G01683,ahí estaremos.,nanek ñapaterwa',ñapechek nanek,estaré ahí.,U01434,G01254,hard,0.8541522026062012,0.7210699915885925,0.13308221101760864,2
U01889,G01683,ahí estaremos.,nanek ñapaterwa',nawa' wenche'chuna',ellos vendrán.,U01204,G01045,medium,0.8541522026062012,0.6553820967674255,0.19877010583877563,3
U01735,G01537,necesito trabajar.,luwantulek saka'tak,makek saka'tapi'nek,estoy desempleada.,U01775,G01574,medium,0.8242260813713074,0.6683884263038635,0.15583765506744385,2
U02481,G02256,todo eso quiere saber esta señora.,nanadaper iñer asu' senñula' yañinchitulli.,nananti'mi'na yañinchitulli.,ella también quiere aprender.,U02507,G02282,medium,0.7345452308654785,0.5339879393577576,0.20055729150772095,2
U03111,G02886,"sentados afuera, como tomando su masato, así decían, mirando las estrellas, mirando los astros.","du'anna' adipi, uklulunenna' uwanna'pu'su', tusu' tullina', tandulalusa' lli'anna', pi'tandula lli'anna'.","nanek ima dasu'la yunsa'n a'uluntulli, tekkinchima nanekla yunkelli iyun, tunka, etchu, dudinpu' lli'la muinpu'a'su'.","dice que de madrugada, al levantarse, venteó la ceniza con abanico y de ahí salieron zancudos, tábanos, tabanillos negros, toda clase de insectos que no valen.",U02956,G02731,medium,0.6916021704673767,0.4886035621166229,0.20299860835075378,2
U00021,G00508,levanta. (un objeto),usanker',ek'ker'cher',ábrela.,U01162,G01014,hard,0.6722078323364258,0.6104006171226501,0.061807215213775635,3
U00021,G00508,levanta. (un objeto),usanker',apu'ker',suéltala.,U00392,G00746,medium,0.6722078323364258,0.5133058428764343,0.15890198945999146,5
U00612,G00508,levántalo.,usanker',tenpu'ker',espósale.,U00146,G00106,hard,0.6648331880569458,0.5822200179100037,0.08261317014694214,5
U00612,G00508,levántalo.,usanker',sekdiperker',guárdalo.,U00100,G00069,medium,0.6648331880569458,0.48399266600608826,0.18084052205085754,13
U01250,G01086,somos adultos.,nuka'kawa taserpilusa',insilan nuka'kawa',somos gemelos.,U00948,G00816,hard,0.7798833847045898,0.6502743363380432,0.12960904836654663,2
U01250,G01086,somos adultos.,nuka'kawa taserpilusa',kaikualusa' nuker'ka,son hermanas.,U02148,G01928,medium,0.7798833847045898,0.5831140279769897,0.1967693567276001,3
U02611,G02386,regálanos tus pescaditos. tenemos hambre.,- panuudek sametchapen. uki'lallidek.,kenmu'wa' takeraterwa' nu'unta'nmu'wa'.,uno de nosotros va a perecer.,U02859,G02634,medium,0.7466608285903931,0.5233756303787231,0.22328519821166992,2
U00420,G00340,quedate acá.,asek lia'ker',lataker' asu',pruébate este.,U00919,G00789,hard,0.7787402272224426,0.7095047235488892,0.06923550367355347,2
U00420,G00340,quedate acá.,asek lia'ker',luntuku' asu',lean esto.,U00402,G00326,medium,0.7787402272224426,0.6097936034202576,0.16894662380218506,5
U00527,G00437,le ayudo.,katu'palek,kua katu'patulek,yo contribuí.,U01395,G01219,medium,0.9050949811935425,0.7428638935089111,0.16223108768463135,2
U01691,G01495,¿has comido?,¿werana?,weranek',he comido.,U00568,G00472,medium,0.8449386954307556,0.6295894980430603,0.2153491973876953,3
U01692,G01495,¿comiste?,¿werana?,¿ipa werana?,¿ya comiste?,U01693,G01496,medium,0.8450544476509094,0.6870875358581543,0.15796691179275513,3
U03100,G02875,"yo también soy así mismo. a los barriobajinos no los aborrezco mucho, pero tampoco quiero conversarles.","kuanta' nu'apalek i'la. chilenllusa' enpu'ninchi, enpu'ninchi ni luyuinpu'winek, ñi'na yaluntudek'i'nek.",we'chimu luntulek senñula' enpi'pu' lunchinpu'a'kasu'.,bonito le hablo a esta señora con quien nunca antes había conversado.,U02288,G02063,medium,0.6974804401397705,0.481869101524353,0.21561133861541748,2
U03144,G02919,"he hecho mi pampanilla, he hecho mi camisa, de mi tío finado su camisa he hecho.","kalantekwek nu'tulek, kutunwek nu'tulek, apetchawekku'kin kutunen nu'itulek.","iskun duker a'ña'seku awawek chiminlapillun, amishawek teksusullun.",cuando tenía nueve meses murió mi madre y me crió mi abuelita.,U02254,G02029,medium,0.7938600778579712,0.5313673615455627,0.26249271631240845,2
U02938,G02713,a esos jóvenes.,nana nadi'neklusi'ma.,kaikualusa' nuker'ka,son hermanas.,U02148,G01928,medium,0.7486428022384644,0.529557466506958,0.21908533573150635,2
U01325,G01154,tráelo aquí.,kencher' asek,ekpa'ker' asu',lleva esto.,U00471,G00386,medium,0.883136510848999,0.6841179132461548,0.19901859760284424,2
U01350,G01177,¿me ves?,¿li'apalu?,¿lli'la?,¿lo viste?,U01668,G01475,hard,0.7913981080055237,0.6987570524215698,0.09264105558395386,2
U01350,G01177,¿me ves?,¿li'apalu?,¿luwer'chapallien?,¿te conozco?,U01342,G01170,medium,0.7913981080055237,0.6047659516334534,0.1866321563720703,7
U00379,G00309,manténganse abrigados.,i'shiwansu' ñapaku',ñapaker' musu'kankantusu',estate contento.,U00465,G00380,medium,0.7834190726280212,0.6195740103721619,0.16384506225585938,4
U00569,G00473,¿está muerto?,¿chimiñi?,¿wicha'palli?,¿está durmiendo?,U01783,G01582,medium,0.7878745794296265,0.6217973828315735,0.16607719659805298,2
U02115,G01896,lo abofeteó.,lliaka'uk enka'lina,pi'ser'katulek,me tropecé.,U00332,G00267,hard,0.6300948262214661,0.5718718767166138,0.058222949504852295,4
U02115,G01896,lo abofeteó.,lliaka'uk enka'lina,pili'ker' ikersu',agárrate fuerte.,U01361,G01187,medium,0.6300948262214661,0.4735400080680847,0.15655481815338135,23
U00023,G00019,¡tengo!,¡a'ñapalek!,a'ñapalek,lo tengo.,U00178,G00136,medium,0.9014202952384949,0.7374287843704224,0.1639915108680725,2
U00925,G00794,¿estaba equivocada?,¿ñapawinek pektunsu'?,ñapawiñi kawik,estuvo cerca.,U01847,G01642,hard,0.6469744443893433,0.518328845500946,0.12864559888839722,2
U00925,G00794,¿estaba equivocada?,¿ñapawinek pektunsu'?,¿añapawinancha' ma'nen'un'ta' nuta'mak?,¿estabas ocupado?,U01594,G01405,medium,0.6469744443893433,0.4917060434818268,0.15526840090751648,3
U02068,G01851,sabía dulce.,kasersu' ñiwiñi,nudu'pi ñiwiñi,fue repugnante.,U01124,G00977,hard,0.701962411403656,0.636931836605072,0.06503057479858398,2
U02068,G01851,sabía dulce.,kasersu' ñiwiñi,lli'inupi ñiwiñi,fue planeado.,U01797,G01595,medium,0.701962411403656,0.5479624271392822,0.15399998426437378,4
U00691,G00578,ayudaremos.,katu'pa'taterwa',kuda katu'pa'techidek,nosotros ayudaremos.,U00692,G00579,hard,0.9049397706985474,0.8246294260025024,0.08031034469604492,2
U00691,G00578,ayudaremos.,katu'pa'taterwa',nawa' katu'pa'techuna',ellos ayudarán.,U01863,G01657,medium,0.9049397706985474,0.7144522070884705,0.1904875636100769,3
U01334,G01162,¿puedo quedármelo?,¿yennitulek ek'llia'ak?,¿yennitulek pilli'tak?,¿puedo tomarlo?,U01336,G01164,hard,0.7420634031295776,0.6737737059593201,0.06828969717025757,4
U01334,G01162,¿puedo quedármelo?,¿yennitulek ek'llia'ak?,¿yennitulek lli'ak?,¿puedo verlo?,U01513,G01328,medium,0.7420634031295776,0.5852707028388977,0.15679270029067993,12
U01602,G01413,¿dónde estás?,¿enñupa'cha ñapala?,¿wer'su' ñapala?,¿estás perdido?,U00990,G00854,medium,0.8503525853157043,0.6099586486816406,0.24039393663406372,2
U02993,G02768,"regresando por ese camino dijeron: por ese camino hay bastante comida, hay de todo.","nana inchilalalupa' adencha'nni'ma luncha'llina': enpu'nipa' uran ñilli nana inchilalalupa', dudinpu' ñapalli.",adencha'nni'ma luncha'llina': enpu'nipa' ali'la ñinanluk lupa'paperpidek'wañina'.,tras volver (a jeberos) contaron: mucho en otros pueblos tienen casa embarrada (tarrajeada).,U02983,G02758,medium,0.7646859288215637,0.50295490026474,0.26173102855682373,2
U00417,G00337,más despacio.,a'pinta' uti'la,dekunder' uti'la,camina lentamente.,U00924,G00793,medium,0.7716138958930969,0.5806062817573547,0.1910076141357422,2
U00152,G00116,adelante. (ingresa),da'encher',wencher',ven.,U00291,G00231,hard,0.8206146955490112,0.739091694355011,0.08152300119400024,3
U00152,G00116,adelante. (ingresa),da'encher',da'awa',entremos.,U00856,G00732,medium,0.8206146955490112,0.6346814632415771,0.18593323230743408,9
U00157,G00116,entra.,da'encher',da'kerker',pase.,U00058,G00046,hard,0.8576803207397461,0.77164626121521,0.08603405952453613,3
U00157,G00116,entra.,da'encher',paker',ve.,U00000,G00000,medium,0.8576803207397461,0.6756293177604675,0.18205100297927856,8
U02676,G02451,dice que le vieron sus pies con los dedos hacia atrás y su espalda era barriga. the front and his belly where his back should be.,lli'llini'mi'na lanteknen pi'sheksu' ali'la piteknenunta' merpinen.,"pennen alañina', lli'llina' dullinen ukunpalalli.",le pidieron su candela (al duende) y se dieron cuenta de que sus intestinos estaban colgados.,U02925,G02700,medium,0.6421360969543457,0.47775498032569885,0.16438111662864685,2
U02748,G02523,"la charapa salió,","puka' yunsu'lli,","damer'ita yunsu'lli,","la taricaya salió,",U02749,G02524,hard,0.8667907118797302,0.7749955654144287,0.09179514646530151,3
U02748,G02523,"la charapa salió,","puka' yunsu'lli,","dunanser uklli,","vino la gamitana,",U02646,G02421,medium,0.8667907118797302,0.7116901278495789,0.15510058403015137,6
U00320,G00256,quedé inconsciente.,lliya'lek inlli'inui'su',lli'inupi ñiwiñi,fue planeado.,U01797,G01595,medium,0.7873458862304688,0.6095908880233765,0.17775499820709229,2
U02716,G02491,arákayu shinguró7 (los lagos).,arakayuler pilleklli.,lukatullima arakayu.,gritó arákayu.,U02693,G02468,hard,0.7084929943084717,0.6138837337493896,0.09460926055908203,2
U02716,G02491,arákayu shinguró7 (los lagos).,arakayuler pilleklli.,arakayu nenchullinerkenmu'wa'.,somos víctimas de (la ira de) arákayu.,U02778,G02553,medium,0.7084929943084717,0.5338055491447449,0.1746874451637268,4
U02803,G02578,pero a nadie queremos contarle porque no creen.,ñi'na ñiden kudaler yawinchi'ñidek latekchiñina'.,kenmu'wa' chimiansikwa' ma'ilipa' lli'tetchu tullini'ma napi'.,cuando nosotros perezcamos qué cosas quizá aparecerán dijeron antes.,U03041,G02816,medium,0.7654457092285156,0.6128925085067749,0.15255320072174072,2
U02272,G02047,la que más me cuida es mi hija que es casada.,a'pinta' luwektapa'nkusui'na ku'aperwawa suda'su'.,kua usha'wanek a'lek'inpu'dek'amu wilaweklusa'.,yo tengo la culpa de no haberles enseñado a mis hijos.,U02303,G02078,medium,0.6969815492630005,0.5305402874946594,0.16644126176834106,2
U02826,G02601,dicen que cuando marcel bajaba el río en un patecito la ballena se lo tragó.,marcel ima pachishak nu'wantan lanla'ler lanpi'tulli.,arakayu ima lanla' akun yunsu'lli.,dicen que arákayu puso una ballena y salió (de la región).,U02819,G02594,medium,0.7487992644309998,0.5324969291687012,0.21630233526229858,2
U00039,G00033,escuchen.,lau'tuku',lauk'ter',escucha.,U00390,G00318,hard,0.8780537247657776,0.7766320705413818,0.10142165422439575,2
U00039,G00033,escuchen.,lau'tuku',lauk'tawa',escuchemos.,U01149,G01002,medium,0.8780537247657776,0.6795890927314758,0.19846463203430176,4
U02715,G02490,arakayú icaró y se fue dejándolos.,arakayuler pekkun pa'lapinta'lli.,tan ima arakayu nu'wanta'lli.,diciendo esto arákayu se fue río abajo.,U02699,G02474,medium,0.7942150235176086,0.6388174891471863,0.15539753437042236,2
U00899,G00770,sonrieron.,yamerladallina',yamerladaku',sonrian.,U01160,G01012,hard,0.8491125106811523,0.7168824672698975,0.13223004341125488,2
U00899,G00770,sonrieron.,yamerladallina',yamerku',sonrían.,U00019,G00016,medium,0.8491125106811523,0.6720786094665527,0.1770339012145996,3
U00266,G00214,mírame.,lli'u,a'lli'u,demuéstramelo.,U01836,G01632,hard,0.9015188813209534,0.7658547759056091,0.13566410541534424,3
U00266,G00214,mírame.,lli'u,¿li'apalu?,¿me ves?,U01350,G01177,medium,0.9015188813209534,0.6317875981330872,0.2697312831878662,4
U00268,G00214,obsérvame.,lli'u,a'lli'u,demuéstramelo.,U01836,G01632,medium,0.8972049951553345,0.7053707838058472,0.1918342113494873,3
U02398,G02173,"los niños ahora no la entienden, ahora sí que ellos ya no comprenden nuestra lengua shiwilu.","wilalusa' ipa'la ñi lachek'i'ñina', ipa'li'na shiwilu la'la'mapu'wa' nawa' lachek'i'ñina'.",napi' wilashakuñamu asu' shiwilu la'la' mushasu' lunek.,antes cuando era niñita hablaba bonito el shiwilu.,U02399,G02174,medium,0.8747673630714417,0.5814753770828247,0.29329198598861694,2
U02928,G02703,"hemos venido, hermano.","- ukllidek, alli'sha.",-yaluwer'amudek ukllidek.,-queriendo conocer hemos venido.,U02978,G02753,medium,0.8373737335205078,0.6573881506919861,0.17998558282852173,2
U00849,G00725,déjame ayudarte.,taitula'u katu'pe'chen,¿yennitulek katu'pa'a'kik?,¿puedo ayudarle?,U01651,G01460,hard,0.8243566751480103,0.7234748005867004,0.10088187456130981,3
U00849,G00725,déjame ayudarte.,taitula'u katu'pe'chen,katu'pa'a'kasu' ñapalli,debo ayudarlo.,U02014,G01799,medium,0.8243566751480103,0.6306755542755127,0.19368112087249756,7
U03059,G02834,y cuando (los shawala) estaban pasando a trabajar con esos castellano-hablantes los llamó y les dijo:,nakupila'ser yasaka'tanna' nana kaschilla lu'nsu'lek peklu'dek'an itudeklli:,"nana wa'anler peklu'deklli, peklu'dek'an itulli: -¿ma'i'na luwantanma' uklama'?.",el gobernante los llamó y tras llamarles les preguntó: -¿qué cosa queriendo han venido?,U02977,G02752,medium,0.6796523332595825,0.4892871081829071,0.19036522507667542,2
U01186,G01031,dinos más.,wintu'udek a'pinta',wintu'u a'pinta,especifica más.,U00725,G00608,hard,0.8180758953094482,0.7166807055473328,0.10139518976211548,4
U01186,G01031,dinos más.,wintu'udek a'pinta',llinse'cher' manen'unta',escribe algo.,U02195,G01974,medium,0.8180758953094482,0.6427189111709595,0.17535698413848877,8
U01187,G01031,dígannos más.,wintu'udek a'pinta',wintu'u a'pinta',cuéntame más.,U01183,G01030,hard,0.8026500940322876,0.7011921405792236,0.10145795345306396,4
U01187,G01031,dígannos más.,wintu'udek a'pinta',llinse'cher' manen'unta',escribe algo.,U02195,G01974,medium,0.8026500940322876,0.6236823201179504,0.17896777391433716,8
U01188,G01031,cuéntanos más.,wintu'udek a'pinta',wintu'u a'pinta,especifica más.,U00725,G00608,hard,0.7569108605384827,0.6401057243347168,0.11680513620376587,4
U01188,G01031,cuéntanos más.,wintu'udek a'pinta',a'penu'wa' cometas,remontemos cometas.,U02096,G01878,medium,0.7569108605384827,0.5335608124732971,0.22335004806518555,9
U01921,G01712,fuiste valiente.,nantapitek ñiwina,saka'tapawina,estabas ocupado.,U01625,G01436,medium,0.8235995769500732,0.6387103199958801,0.18488925695419312,2
U03056,G02831,"dice que, antiguamente, (los españoles) los maltrataban, les reñían, los paleaban, los hacían trabajar hasta muy tarde.","napi' ima llikanetchudek'i'ñina', yutudekllini'ma, llipu'tudekllini'ma, er'washinchi walek a'saka'tudekllina'.","tekkinchi walek kunparinenna' pilli'iteklatanna', kumarinenna' pilli'iteklatanna', musha'iteklanna', yensunna', willekllina'.","de verdad tomaban las manos de sus compadres, tomaban las manos de sus comadres y se las besaban, se arrodillaban y lloraban.",U03204,G02979,medium,0.759398877620697,0.5504550933837891,0.20894378423690796,2
U01719,G01522,bebo café.,ulek wayusa',luwantulek wayusa',quiero café.,U01419,G01239,hard,0.6727267503738403,0.537599503993988,0.1351272463798523,2
U01719,G01522,bebo café.,ulek wayusa',wayusa' luwantulek,necesito café.,U01414,G01235,medium,0.6727267503738403,0.5155511498451233,0.15717560052871704,3
U03095,G02870,"desde entonces en adelante, poco a poco algunos barriobajinos se rabian cuando los barrioaltinos van por ahí.",ipa'leklanlek a'metchala nu'unta' chilenñusa' yullina' winenllusa' pa'a'ser nanalupa'.,enta'n lunchek ipa'la asu' ma'pu'sui'pa' kankantanna' shiwiluku'lusa' muyunpa yaluwetchullina'.,"a ver pues, voy a contar ahora cómo se les habrá ocurrido a los shiwilu finados conocer moyobamba.",U02833,G02608,hard,0.6126563549041748,0.5278255939483643,0.08483076095581055,2
U03095,G02870,"desde entonces en adelante, poco a poco algunos barriobajinos se rabian cuando los barrioaltinos van por ahí.",ipa'leklanlek a'metchala nu'unta' chilenñusa' yullina' winenllusa' pa'a'ser nanalupa'.,nana chu'kenpa'tapasik mitan ukllik'inchi sellawalusa' chu'kenapallina'.,mientras (arákayu) estaba pandillando el día central de carnaval las golondrinas estaban también danzando.,U02684,G02459,medium,0.6126563549041748,0.45200809836387634,0.16064825654029846,6
U00759,G00638,está fingiendo.,intek apalli,latada'pilalli,está calmando. (dolor),U00191,G00146,hard,0.7223862409591675,0.6561731100082397,0.06621313095092773,3
U00759,G00638,está fingiendo.,intek apalli,¿neriapalli?,¿respira?,U02063,G01846,medium,0.7223862409591675,0.558571457862854,0.16381478309631348,6
U00117,G00083,tom ganó.,tom kana'tulli,kana'llidek,ganamos.,U00051,G00041,hard,0.7787748575210571,0.6387714147567749,0.14000344276428223,2
U00117,G00083,tom ganó.,tom kana'tulli,¿den kana'tulli?,¿quién gana?,U01605,G01416,medium,0.7787748575210571,0.5864957571029663,0.19227910041809082,3
U01297,G01128,estás mintiendo.,tumu'pala,luantapala,lo necesitas.,U00975,G00841,medium,0.8616942167282104,0.6293196678161621,0.23237454891204834,2
U01872,G01666,este funciona.,asu' saka'techu',saka'tapalli musu',funciona bien.,U01479,G01297,hard,0.6894485354423523,0.615840494632721,0.07360804080963135,8
U01872,G01666,este funciona.,asu' saka'techu',asu' u'su kua pektawapalek.,esto así estoy criando.,U02650,G02425,medium,0.6894485354423523,0.5349096059799194,0.15453892946243286,18
U01550,G01362,es incorrecto.,mui'su' nuka'a,tumu' nuka'a,es falso.,U02123,G01903,hard,0.6452297568321228,0.5843368172645569,0.06089293956756592,5
U01550,G01362,es incorrecto.,mui'su' nuka'a,mukankaninpu',qué malo.,U01854,G01648,medium,0.6452297568321228,0.476308673620224,0.1689210832118988,11
U00919,G00789,pruébate este.,lataker' asu',luntuker' asu',lee esto.,U00400,G00325,hard,0.8860319256782532,0.757374107837677,0.12865781784057617,2
U00919,G00789,pruébate este.,lataker' asu',luntuku' asu',lean esto.,U00402,G00326,medium,0.8860319256782532,0.7081999182701111,0.1778320074081421,4
U02395,G02170,usted señora quiere aprender esta nuestra lengua shiwilu.,kenma senñula' yañinchitula asu' shiwilu la'la'mapu'wa'.,napi' wilashakuñamu asu' shiwilu la'la' mushasu' lunek.,antes cuando era niñita hablaba bonito el shiwilu.,U02399,G02174,medium,0.7835119366645813,0.49318069219589233,0.29033124446868896,2
U01196,G01037,se escaparon.,chi'yek llina',anu'llina',cayeron.,U00430,G00347,hard,0.8076849579811096,0.6845040917396545,0.12318086624145508,4
U01196,G01037,se escaparon.,chi'yek llina',pa'llina',se fueron.,U01208,G01049,medium,0.8076849579811096,0.6489896178245544,0.15869534015655518,5
U02287,G02062,ella también me está enseñando.,nananta' a'lek'apilallun.,nana a'lek'apalek.,le estoy enseñando.,U02314,G02089,medium,0.7457332015037537,0.5448740720748901,0.20085912942886353,2
U00916,G00786,tom estornudó.,tom a'shulli,tom sha'pi'wiñi,tom palideció.,U01556,G01368,hard,0.7389118075370789,0.6755043268203735,0.06340748071670532,5
U00916,G00786,tom estornudó.,tom a'shulli,tom inllipu'itek'latulli,tom aplaudió.,U01551,G01363,medium,0.7389118075370789,0.5625584125518799,0.17635339498519897,9
U00721,G00605,estate preparado.,insek'dipersu' ñapaker',insek'diperpi ñape'chu,estará listo.,U01800,G01597,hard,0.6920408606529236,0.5687666535377502,0.12327420711517334,4
U00721,G00605,estate preparado.,insek'dipersu' ñapaker',tupituku' inpalerianma',sigan practicando.,U02087,G01869,medium,0.6920408606529236,0.5375884175300598,0.15445244312286377,7
U02502,G02277,"yo solita vivo, no tengo parientes,","kuashasa' ñienkasu' patunwi'nek,","nanasa', kupin uwapi'nek, u'nisha iyumu uwapalek,","eso nomás, no tomo mucho, poquito cuando tengo sed bebo,",U02455,G02230,medium,0.7649790048599243,0.5785760879516602,0.18640291690826416,2
U01373,G01198,es abogado.,chimidekpi nuka'a,tumu'tek' nuka'a,es engañoso.,U02077,G01860,hard,0.5974251627922058,0.5325771570205688,0.06484800577163696,5
U01373,G01198,es abogado.,chimidekpi nuka'a,¿a'lek'tutek' nuka'a?,¿es maestro?,U02062,G01845,medium,0.5974251627922058,0.43850624561309814,0.15891891717910767,15
U01490,G01307,solo levántate.,kenmasa' yunsanker',wiu'su' dekunter',camina rápido.,U01371,G01196,hard,0.7025879621505737,0.5724107623100281,0.13017719984054565,2
U01490,G01307,solo levántate.,kenmasa' yunsanker',tek'ker' wiuk'su',corre rápido.,U01049,G00909,medium,0.7025879621505737,0.5350211262702942,0.16756683588027954,4
U02888,G02663,"de ahí, dice, (el duende) les hizo dormir después de que comieron.",nanek ima wa'ki'lleklli urankasu' supinak ima.,"nu'tan, pidekñik sichi'dandek'an iñer urañi.","después de hacer eso, los acarreó a su casa (a todos los cadáveres) y se los comió.",U02894,G02669,medium,0.7062518000602722,0.536821186542511,0.16943061351776123,2
U01231,G01070,despiertalos.,uchinande'ker,yalenmekta',estate quieto.,U00141,G00102,medium,0.7355024218559265,0.5072369575500488,0.22826546430587769,2
U00938,G00806,nos recordamos.,lli'inutapallidek,lachek'insu' ñapallidek,estamos intrigados.,U01581,G01392,hard,0.7778959274291992,0.6386309862136841,0.13926494121551514,2
U00938,G00806,nos recordamos.,lli'inutapallidek,kenmu'sak lli'i'nupalekwa',somos egoístas.,U01586,G01397,medium,0.7778959274291992,0.5786058902740479,0.19929003715515137,4
U02134,G01914,me ataron.,tenpu'llinerku',iker'lalak aku'llinerku,me demandaron.,U01779,G01578,hard,0.7526024580001831,0.6716430187225342,0.08095943927764893,7
U02134,G01914,me ataron.,tenpu'llinerku',pinaner'u'ku,olvídenme.,U00305,G00244,medium,0.7526024580001831,0.5914199948310852,0.1611824631690979,9
U01411,G01232,les mentí.,tumu'tuleklek,tumu'llina',engañaron.,U00637,G00835,medium,0.7982598543167114,0.6235244274139404,0.174735426902771,3
U00463,G00379,¡ten cuidado!,¡li'ker'la!,inlu'uk'tuker',ten cuidado.,U01879,G01673,hard,0.8459488749504089,0.7589350342750549,0.087013840675354,3
U00463,G00379,¡ten cuidado!,¡li'ker'la!,inlli'inuker',piénsatelo.,U01870,G01664,medium,0.8459488749504089,0.679503321647644,0.1664455533027649,5
U00464,G00379,¡sé cuidadoso!,¡li'ker'la!,inlu'uk'tuker',ten cuidado.,U01879,G01673,medium,0.8673139214515686,0.7085303664207458,0.15878355503082275,3
U02873,G02648,cuentan que un joven dijo ¿ahí quién vivirá? a ver voy a ver dijo y se fue.,nana ala'sa' nadi'nek ima tulli ¿nanek den ipa' nanpipalli? enta'n lli'kunchek i'na tan ima pa'lli.,lli'kuñini'ma panpateklu'lusa'. ma'lusa' asu'? tullini'ma panpateklu' lli'anna'.,dice que se fueron a ver los pastos. ¿qué es esto? dijeron viendo el pasto.,U02969,G02744,medium,0.8128071427345276,0.5206637978553772,0.2921433448791504,2
U00493,G00406,no esperes.,yawa'tentuta,¡yawa'tenta!,¡no esperes!,U00491,G00404,medium,0.8419467210769653,0.6750085353851318,0.1669381856918335,2
U01862,G01656,estaban enfermos.,ñapawiñina' kaluwi'su',ucha'paya ñapawiñi,estuvo chevere.,U00840,G00716,medium,0.8497984409332275,0.6487301588058472,0.20106828212738037,2
U02125,G01905,son lindos.,u'chimushala nuker'ka,iyasu'lusa' nuker'ka,son ricas.,U01210,G01051,hard,0.8440086841583252,0.6979419589042664,0.14606672525405884,2
U02125,G01905,son lindos.,u'chimushala nuker'ka,sha'pi'su'sa' nuker'ka,son amarillas.,U02127,G01907,medium,0.8440086841583252,0.6645414233207703,0.17946726083755493,3
U03088,G02863,"-vengan, su pueblo es.","-wencha'ku', ñinnanlu'penma' nuka'a.",ku'apenñen nanpipalli tan ima.,su hembra vive dijeron.,U02967,G02742,medium,0.7728232741355896,0.47607579827308655,0.29674747586250305,2
U00374,G00305,guarda esto.,sek'diperker' asu',pata'ker' asu',usa esto.,U00265,G00212,hard,0.7961409687995911,0.727748453617096,0.06839251518249512,4
U00374,G00305,guarda esto.,sek'diperker' asu',sekdiperker' asu' mutu'penkek,memoriza esto.,U01514,G01329,medium,0.7961409687995911,0.6440959572792053,0.15204501152038574,9
U01017,G00879,enfríalo.,a'sanek'ker',a'tashunker',apágalo.,U00920,G00790,hard,0.7158114314079285,0.6119126677513123,0.10389876365661621,2
U01017,G00879,enfríalo.,a'sanek'ker',usanker',levanta. (un objeto),U00021,G00508,medium,0.7158114314079285,0.5497985482215881,0.16601288318634033,5
U02225,G02001,¿me permiten?,¿ta'itule'chuner'ku?,¿tupitechunku?,¿me sigues?,U01348,G01175,hard,0.7563511729240417,0.6541996002197266,0.10215157270431519,2
U02225,G02001,¿me permiten?,¿ta'itule'chuner'ku?,¿luwer'chapalama'u?,¿me conocen?,U01675,G01481,medium,0.7563511729240417,0.5989413261413574,0.15740984678268433,3
U02379,G02154,así también yuca cruda rallada también se hierve en otra olla.,nu'sik ker' su'watek nananta' a'ukluka'lek ali'la uktak.,chiter nanpi peksanpi nananta' ali'la uktak a'ukluka'lek.,maíz crudo molido también se hierve en otra olla.,U02378,G02153,medium,0.7035861611366272,0.5428317189216614,0.16075444221496582,2
U01776,G01575,estoy acostumbrado.,ñapalek da'iyasu',a'shupalekpi'la,sigo estornudando.,U02010,G01795,hard,0.7272067666053772,0.6525615453720093,0.07464522123336792,3
U01776,G01575,estoy acostumbrado.,ñapalek da'iyasu',a'apitulliner'ku,fui enmarcado.,U01088,G00947,medium,0.7272067666053772,0.575969398021698,0.1512373685836792,13
U02229,G02004,¿tienes cerveza?,¿a'ñapala cerveza?,¿pumuladawanpala?,¿tienes arroz?,U02232,G02007,medium,0.8780567646026611,0.6938100457191467,0.1842467188835144,2
U02056,G01839,sigo vivo.,nanpi'palek'i'la,nanpipalli,está vivo.,U00585,G00486,medium,0.7938902378082275,0.6062012910842896,0.187688946723938,2
U00135,G00097,pregúntale.,lek'ker',teklerier',pruébatelo.,U00442,G00359,hard,0.8079574108123779,0.6853312849998474,0.12262612581253052,4
U00135,G00097,pregúntale.,lek'ker',tekle'rier',pruébalo. (intentar),U00049,G00039,medium,0.8079574108123779,0.6170476078987122,0.19090980291366577,5
U00136,G00097,pregúntales.,lek'ker',teklerier',pruébatelo.,U00442,G00359,hard,0.7556101083755493,0.6995604634284973,0.056049644947052,3
U00136,G00097,pregúntales.,lek'ker',lek'kawa',preguntémosle.,U01499,G01315,medium,0.7556101083755493,0.6020692586898804,0.15354084968566895,7
U00246,G00194,siéntate aquí.,du'ker' asek,du'ker' nanek,sentate ahí.,U00414,G00334,hard,0.899431586265564,0.7559995055198669,0.14343208074569702,2
U00246,G00194,siéntate aquí.,du'ker' asek,cheksu' du'ker',siéntese recto.,U02118,G01898,medium,0.899431586265564,0.6987375020980835,0.20069408416748047,3
U03071,G02846,"-¿por qué vamos a matarlos?, dijo un viejo.","– ¿ma'ki'na nu'taterwa?, tullima ala'sa' taserpi.","¿ma'itetchuncha?, pidir tullima.","¿cómo lo vas a llamar?, fidel, dijo (el cura).",U03179,G02954,medium,0.7659417986869812,0.5579509139060974,0.2079908847808838,2
U02648,G02423,todo tipo de peces.,dudinpu' samer.,samellusa' iñer wetlli.,todos los peces se extinguieron.,U02785,G02560,medium,0.7008584141731262,0.5305054783821106,0.17035293579101562,2
U00824,G00700,soy neutral.,ñidenkinpu' nuka'ka,kulliker'wi'nek,soy pobre.,U00207,G00160,hard,0.699449896812439,0.5550649762153625,0.14438492059707642,2
U00824,G00700,soy neutral.,ñidenkinpu' nuka'ka,iñer' ñinchitapalek,soy listo.,U00217,G00169,medium,0.699449896812439,0.5080447196960449,0.19140517711639404,3
U02718,G02493,"por eso dice los peces salieron,","nu'an imaka samellusa' yu'nketllina',","unma' yunsu'lli,","el paiche salió,",U02747,G02522,medium,0.7658000588417053,0.574736475944519,0.19106358289718628,2
U02703,G02478,cuando se silenció desapareció.,tuna'sik wetlli.,ipia'la yennichi'ñi,está ocupado.,U01487,G01305,medium,0.7297548651695251,0.573920726776123,0.1558341383934021,2
U00900,G00771,esperaron.,wa'tentullina',chuma wa'tentulli,tomás esperó.,U00669,G00559,medium,0.8944227695465088,0.6011608839035034,0.29326188564300537,2
U02133,G01913,parecen felices.,lli'tullina' musu',sadasu' ñapallina',están casados.,U02147,G01927,hard,0.7640109062194824,0.6768465638160706,0.08716434240341187,2
U02133,G01913,parecen felices.,lli'tullina' musu',inlli'inuter' musuk,sé positivo.,U01528,G01341,medium,0.7640109062194824,0.6083134412765503,0.15569746494293213,7
U00037,G00318,escucha.,lau'ter,ta'tuler',cállate.,U01179,G01027,medium,0.8374072313308716,0.6852874755859375,0.15211975574493408,3
U00390,G00318,escucha.,lauk'ter',ta'tuler',cállate.,U01179,G01027,medium,0.8740774989128113,0.6852874755859375,0.18879002332687378,3
U00652,G00544,tom bebe.,tom uwapalli,tom wellek'echu,tom llorará.,U00674,G00564,medium,0.7662263512611389,0.5396201014518738,0.22660624980926514,3
U00653,G00544,tom toma.,tom uwapalli,tom pa'echu,tom irá.,U00441,G00358,medium,0.7462520599365234,0.5357220768928528,0.21052998304367065,3
U00140,G00101,sean breves.,empu'ni yaluntama',ninchipeklui'npu'la'pi'na'.,no saben pronunciar.,U03202,G02977,hard,0.7253221869468689,0.5979105830192566,0.1274116039276123,2
U00140,G00101,sean breves.,empu'ni yaluntama',nana pu'su' yanu'tutama',no copien.,U00741,G00621,medium,0.7253221869468689,0.5370858907699585,0.1882362961769104,3
U02015,G01800,debo advertirle.,winta'kasu' ñapalli,inlli'inuinsu' ñapalli,está inconsciente.,U02246,G02021,hard,0.8053567409515381,0.7107495665550232,0.09460717439651489,2
U02015,G01800,debo advertirle.,winta'kasu' ñapalli,insek'kita'kasu'ñapalli,debo esconderme.,U00787,G00664,medium,0.8053567409515381,0.651553213596344,0.1538035273551941,3
U00234,G00184,déjame.,tai'tula'u,a'uktu'u,mándemelos.,U02113,G01894,medium,0.8967896103858948,0.6973432898521423,0.19944632053375244,2
U02327,G02102,"no quieren (saber) nada,","ñi luwanchi'ñina',","luwetchi'ñina' panwala,","no conocen la huangana,",U02782,G02557,hard,0.7904210090637207,0.6793487071990967,0.11107230186462402,3
U02327,G02102,"no quieren (saber) nada,","ñi luwanchi'ñina',","ñinchillinsetchanna',","sabiendo escribir,",U02805,G02580,medium,0.7904210090637207,0.6395410895347595,0.15087991952896118,5
U02329,G02104,no pueden hablar.,innichi'ñina' lu'nkasu'.,yatulener'tama,no canten.,U00487,G00400,hard,0.8079690337181091,0.7009700536727905,0.1069989800453186,2
U02329,G02104,no pueden hablar.,innichi'ñina' lu'nkasu'.,ninchipeklui'npu'la'pi'na'.,no saben pronunciar.,U03202,G02977,medium,0.8079690337181091,0.6563193202018738,0.15164971351623535,4
U02747,G02522,"el paiche salió,","unma' yunsu'lli,",mapapa' yunsu'lli.....,la mata-mata salió....,U02750,G02525,hard,0.7203384637832642,0.6554550528526306,0.06488341093063354,11
U02747,G02522,"el paiche salió,","unma' yunsu'lli,","sennanlusa'nta' enñi,","también los lagos se secaron,",U02710,G02485,medium,0.7203384637832642,0.5493437051773071,0.17099475860595703,14
U01879,G01673,ten cuidado.,inlu'uk'tuker',li'inuter',recuérdalo.,U00874,G00747,hard,0.8412450551986694,0.7640253901481628,0.07721966505050659,2
U01879,G01673,ten cuidado.,inlu'uk'tuker',inlu'ukter',defiéndete.,U01959,G01749,medium,0.8412450551986694,0.6715007424354553,0.1697443127632141,6
U02542,G02317,ahí toda esta enfermedad sa'la' va a desaparecer les dijo.,nanek iñer asu' sa'la' apu'tetchun itudekllima.,nanentu pa'erkasu' anaker'chuna' iñerdaper.,los que van a ir primero (el primer grupo) van a perecer todos devorados por las fieras.,U02855,G02630,medium,0.6304740905761719,0.4676918685436249,0.162782222032547,2
U02689,G02464,and he saw that his house had been completely burned.,"arakayu lli'unta'llima enpu'ni wa'inuipa' nana pideknen uksuketchulli,",lli'an ima apu'tekku' enpu'nipa' yupilerkasu'tekka'lli insekkitulli wicha'pek.,viendo apu'tek que estaban bien enojados corrió y se escondió en su dormitorio.,U03077,G02852,medium,0.6896246671676636,0.5013425350189209,0.18828213214874268,2
U01513,G01328,¿puedo verlo?,¿yennitulek lli'ak?,¿yennitulek ek'llia'ak?,¿puedo quedármelo?,U01334,G01162,hard,0.8900675773620605,0.7461849451065063,0.1438826322555542,3
U00862,G00738,nadie vino.,ñiden u'i'ñi,ñiden pek'klu'chi'ñi,nadie llamó.,U01515,G01330,hard,0.7222780585289001,0.6471990346908569,0.07507902383804321,2
U00862,G00738,nadie vino.,ñiden u'i'ñi,ala'sa' yalli' ektukerlli,alguien llegó.,U01175,G01023,medium,0.7222780585289001,0.56251060962677,0.15976744890213013,4
U02473,G02248,"cargando (toda su vida) van a morir, todo el tiempo que vivan. jeberos, julio 2007","pipektapapachenma' chiminchuma', nanpia'mama' walek.","ma'pu'si'na kua ku'aperku ñamu... iñer itapallenma' wanerku', nu'su' waneretchuma', ma'ata'na.","cómo yo siendo mujer (me rebelo), les estoy diciendo a todos párense, les pido a todos que se pongan de pie. así se van a parar, ahí está.",U03068,G02843,medium,0.7815226912498474,0.526806116104126,0.25471657514572144,2
U00807,G00683,lo probaré.,lata'echek,tekdiper'echek,lo arreglaré.,U02037,G01821,hard,0.852822482585907,0.7133185863494873,0.13950389623641968,2
U00807,G00683,lo probaré.,lata'echek,teklerier',pruébatelo.,U00442,G00359,medium,0.852822482585907,0.6911407709121704,0.16168171167373657,4
U00302,G00241,sígueme.,tupi'tu'u,tupi'tu'udek,síguenos.,U00303,G00242,hard,0.8606628775596619,0.739414393901825,0.12124848365783691,2
U00302,G00241,sígueme.,tupi'tu'u,keritu'u,tráemelo.,U01650,G01459,medium,0.8606628775596619,0.6743347644805908,0.18632811307907104,4
U00237,G00187,cuidado.,lli'ker'llia',¡li'ker'la!,¡ten cuidado!,U00463,G00379,hard,0.6612465977668762,0.6090090274810791,0.05223757028579712,10
U00237,G00187,cuidado.,lli'ker'llia',tupiter',síguele.,U00497,G00409,medium,0.6612465977668762,0.49983492493629456,0.16141167283058167,26
U01049,G00909,corre rápido.,tek'ker' wiuk'su',wiu'su' dekunter',camina rápido.,U01371,G01196,hard,0.7873501777648926,0.6459742188453674,0.14137595891952515,3
U01049,G00909,corre rápido.,tek'ker' wiuk'su',ekpa'ker' utila',conduce lentamente.,U01030,G00891,medium,0.7873501777648926,0.6246712803840637,0.16267889738082886,4
U02691,G02466,por eso dice arákayu se enojó mucho.,nu'an ima ipa'linchi arakayu yulli.,nu'an ima arakayu sakek'an peklu'deklli inyulateknen ima.,luego alegrándose los invitó a su patio exterior.,U02595,G02370,hard,0.6639747023582458,0.5291982293128967,0.13477647304534912,3
U02691,G02466,por eso dice arákayu se enojó mucho.,nu'an ima ipa'linchi arakayu yulli.,tan ima arakayu nu'wanta'lli.,diciendo esto arákayu se fue río abajo.,U02699,G02474,medium,0.6639747023582458,0.4981183707714081,0.16585633158683777,5
U01501,G01317,hagamos eso.,nu'tawa' nana,nu'tulek'wa',lo hicimos.,U00687,G00575,hard,0.9130892157554626,0.8046737909317017,0.10841542482376099,2
U01501,G01317,hagamos eso.,nu'tawa' nana,nu'tawa' ipa'la,hagámoslo ahora.,U02092,G01874,medium,0.9130892157554626,0.7286902666091919,0.18439894914627075,3
U00394,G00319,deja sitio.,ta'iter' a'mercha,ta'ituler' pa'i,déjalo ir.,U01143,G00996,hard,0.8046483397483826,0.7404428720474243,0.06420546770095825,2
U00394,G00319,deja sitio.,ta'iter' a'mercha,tai'tuler',déjalo.,U00233,G00183,medium,0.8046483397483826,0.6265672445297241,0.17808109521865845,3
U00674,G00564,tom llorará.,tom wellek'echu,tom lun'echu,tom hablará.,U01227,G01066,medium,0.8801268935203552,0.681113600730896,0.19901329278945923,2
U02657,G02432,en ese tiempo (comentaron) dicen que existe un tal arákayu y tiene peces.,"napi'pu' arakayu ima nanpipalli, samerwanpalli.",ali'ladaper tullini'ma asu' arakayu samer luwektapalli.,otros dijeron este arákayu cuida los peces.,U02679,G02454,hard,0.6550315618515015,0.5477063655853271,0.10732519626617432,2
U02657,G02432,en ese tiempo (comentaron) dicen que existe un tal arákayu y tiene peces.,"napi'pu' arakayu ima nanpipalli, samerwanpalli.",nanekla'nka kuanta' ñinchitulek asu' arakayu ma'pu'si'pa' nanpilli.,de ahí yo también he aprendido de qué manera vivió este arákayu.,U02796,G02571,medium,0.6550315618515015,0.49343007802963257,0.1616014838218689,3
U00075,G00056,el ají pica,nuka' ikerlli,pada'sa'tapalli,está vibrando.,U01806,G01603,hard,0.6651628017425537,0.5285324454307556,0.1366303563117981,2
U00075,G00056,el ají pica,nuka' ikerlli,intek apalli,está fingiendo.,U00759,G00638,medium,0.6651628017425537,0.510735034942627,0.15442776679992676,4
U02832,G02607,dicen que antes era grande ballena poza.,a'llupima ñiwiñi napi' lanla' pitun.,tullima ala'sa' shaya'.,dijo una mujer con pena.,U02898,G02673,medium,0.6964923143386841,0.5002156496047974,0.19627666473388672,2
U02161,G01941,podemos ayudarlos.,yennitulek'wa' katu'pa'a'kawak,¿yennitulama katupa'a'muk?,¿pueden ayudarme?,U01955,G01745,hard,0.8220953941345215,0.7085677981376648,0.11352759599685669,4
U02161,G01941,podemos ayudarlos.,yennitulek'wa' katu'pa'a'kawak,nawa' katu'pa'techuna',ellos ayudarán.,U01863,G01657,medium,0.8220953941345215,0.6689825057983398,0.15311288833618164,6
U01157,G01009,ahora déjanos.,ipa'la ta'itula'u'kudek,tai'tula'udek,déjanos.,U00235,G00185,medium,0.888176441192627,0.64568692445755,0.2424895167350769,2
U01208,G01049,se fueron.,pa'llina',chi'yek llina',se escaparon.,U01196,G01037,hard,0.8366676568984985,0.6932934522628784,0.14337420463562012,2
U01208,G01049,se fueron.,pa'llina',anu'llina',cayeron.,U00430,G00347,medium,0.8366676568984985,0.6866165399551392,0.15005111694335938,3
U03063,G02838,¡vamos a matarlos a estos dos10!,¡enchuku' di'tawa' asu' katu'ta'!,nawa'ler a'ka di'tetchuna' nana anaka'.,ellos sí van a matar a esa fiera.,U02916,G02691,medium,0.7599387764930725,0.5617460608482361,0.19819271564483643,2
U00984,G00848,¿tienes frío?,¿sanekwantula?,¿pumuladawanpala?,¿tienes arroz?,U02232,G02007,hard,0.779355525970459,0.6916257739067078,0.08772975206375122,2
U00984,G00848,¿tienes frío?,¿sanekwantula?,¿chuchu ka'a'pala?,¿comés carne?,U01968,G01757,medium,0.779355525970459,0.58714359998703,0.19221192598342896,3
U02959,G02734,"otros, dice, fueron a poner más yuca (para aprovisionarse).",ali'ladaper ima ker' aku'pakuñina'.,naneklima asu' ali'lima panta'lli.,de allí le tocó el turno a otro.,U03183,G02958,medium,0.7303856611251831,0.559571385383606,0.17081427574157715,2
U01177,G01025,quedate conmigo.,llia'ker' kualek,na'pi'u,respóndeme.,U00281,G00226,medium,0.8557283878326416,0.6886138916015625,0.1671144962310791,2
U00441,G00358,tom irá.,tom pa'echu,tom chiminchu,tom morirá.,U00675,G00565,medium,0.905082643032074,0.7211014628410339,0.18398118019104004,2
U03072,G02847,"- ¡no, cállate tú! quizás tú quieres que te sigan maltratando.","-!ma'sha, ta'tuler kenma! kenmeipa' luwantula llikanerchapinpu'erkensu'",¡enchuku' pa'awa'! nupullini'ma ñinanluklan.,¡vayamos! y salieron en grupos desde el pueblo.,U02658,G02433,medium,0.7502878904342651,0.501924991607666,0.24836289882659912,2
U01653,G01461,¿puedo besarte?,¿yennitulek musha'a'kik?,¿yennitulek wiperi'a'kik?,¿puedo abrazarte?,U01332,G01160,hard,0.726227879524231,0.6186497807502747,0.1075780987739563,2
U01653,G01461,¿puedo besarte?,¿yennitulek musha'a'kik?,¿yennitulek katu'pa'a'kik?,¿puedo ayudarle?,U01651,G01460,medium,0.726227879524231,0.4831695854663849,0.24305829405784607,3
U01482,G01300,son negocios.,uku'latak nuker'ka,sha'pi'su'sa' nuker'ka,son amarillas.,U02127,G01907,hard,0.6073102951049805,0.5551875829696655,0.05212271213531494,4
U01482,G01300,son negocios.,uku'latak nuker'ka,inetchaku'lusa'ki.,de las tías (paternas) finadas.,U02308,G02083,medium,0.6073102951049805,0.44087836146354675,0.16643193364143372,18
U02902,G02677,"dice que ahí otras estaban soñando,",nanek ima nu'unta' ipa' wa'latapallina'.,"nu'su' ali'ladaper llipetchullina',",así a otros recriminan.,U03113,G02888,hard,0.7110687494277954,0.655448853969574,0.055619895458221436,2
U02902,G02677,"dice que ahí otras estaban soñando,",nanek ima nu'unta' ipa' wa'latapallina'.,nanek ima ali'la taserpi wa'lata'su' tulli:,entonces otro viejo soñador dijo:,U02854,G02629,medium,0.7110687494277954,0.4644724726676941,0.24659627676010132,3
U01311,G01142,¿estás despierta?,¿nanpiladasu' ñapala?,wichi'su' ñapala,estás dormido.,U01641,G01451,hard,0.783670961856842,0.6548948287963867,0.12877613306045532,4
U01311,G01142,¿estás despierta?,¿nanpiladasu' ñapala?,¿mer'su' ñapala?,¿estás lleno?,U00988,G00852,medium,0.783670961856842,0.6127328276634216,0.1709381341934204,5
U01305,G01136,¿estoy soñando?,¿wa'latapalek?,yalansa'lek,quiero bailar.,U02026,G01811,medium,0.8010889887809753,0.5466184616088867,0.2544705271720886,2
U00079,G01153,ayúdanos.,katu'pa'udek,katu'pa',la ayuda.,U01046,G00906,hard,0.871806800365448,0.7275838851928711,0.1442229151725769,4
U00079,G01153,ayúdanos.,katu'pa'udek,katu'pa'taterwa',ayudaremos.,U00691,G00578,medium,0.871806800365448,0.6952559351921082,0.17655086517333984,5
U01324,G01153,apóyanos.,katu'pa'udek,tupi'tu'udek,síguenos.,U00303,G00242,hard,0.8140278458595276,0.727100133895874,0.08692771196365356,4
U01324,G01153,apóyanos.,katu'pa'udek,katu'pa'taterwa',ayudaremos.,U00691,G00578,medium,0.8140278458595276,0.6572756767272949,0.15675216913223267,5
U00798,G00675,quiero este.,asu' luwantulek,luantulek,lo necesito.,U00329,G00264,medium,0.8454252481460571,0.5779567956924438,0.2674684524536133,4
U00229,G00179,es rojo.,pipersu' nuka'a,brashika nuka'a,es brasileña.,U02116,G01897,hard,0.6925213932991028,0.5745190978050232,0.11800229549407959,2
U00229,G00179,es rojo.,pipersu' nuka'a,kerpi'a'cha',era negro.,U01123,G00976,medium,0.6925213932991028,0.542236864566803,0.1502845287322998,4
U01892,G01686,somos hermanos.,iin nuka'kawa,kaikualusa' nuker'ka,son hermanas.,U02148,G01928,hard,0.7393779158592224,0.5912491679191589,0.14812874794006348,5
U01892,G01686,somos hermanos.,iin nuka'kawa,ekuanñiwiñidek,éramos amigos.,U02174,G01954,medium,0.7393779158592224,0.5784294605255127,0.16094845533370972,6
U02004,G01790,odio pelear.,luyulek idenmaak,luyulek pennu'ak,odio volar.,U01402,G01226,hard,0.8165276646614075,0.7122793197631836,0.10424834489822388,3
U02004,G01790,odio pelear.,luyulek idenmaak,empu'duncha',odio planchar.,U01725,G01527,medium,0.8165276646614075,0.5770718455314636,0.23945581912994385,5
U02005,G01790,detesto pelear.,luyulek idenmaak,luyulek pennu'ak,odio volar.,U01402,G01226,hard,0.8194290995597839,0.7308547496795654,0.0885743498802185,3
U02005,G01790,detesto pelear.,luyulek idenmaak,alantapalek kulliker',presto dinero.,U01711,G01514,medium,0.8194290995597839,0.5755692720413208,0.24385982751846313,5
U02271,G02046,"la ropita que tengo, me dan de todo.","kutunshawek a'ña'kasu', dudinpu' enka'pallinerku.","akusutuker'anna' a'ka'llinerku, a'uranñinerku.","preparando la comida me dan de comer, me alimentan.",U02444,G02219,medium,0.7124611139297485,0.5106067657470703,0.20185434818267822,2
U01927,G01718,eres paciente.,wa'tentutek nuka'ma,watensu' nuka'ma,eres duro.,U01303,G01134,hard,0.8651332855224609,0.7411210536956787,0.12401223182678223,2
U01927,G01718,eres paciente.,wa'tentutek nuka'ma,wa'tenta'masu' ñapalli,debes esperar.,U01618,G01429,medium,0.8651332855224609,0.6901116967201233,0.17502158880233765,3
U02572,G02347,a veces nos despiertan para que escuchemos y nos asustamos6 cuando escuchamos.,"nerpi'pu' uchinañinerkudek lauk'a'kudek, imanankankantullidek lauk'amudek.",ipa'la walek kuda laukta'kudeksu' ñinchitapallidek.,hasta ahora nosotros los que hemos oído conocemos (de arákayu).,U02802,G02577,medium,0.7323697209358215,0.5272835493087769,0.20508617162704468,2
U00615,G00511,sin comentarios.,ma'nen' ñi'ñi lun'ak',ñiden lauk'tapi'ñi,nadie escucha.,U01835,G01631,hard,0.5881154537200928,0.5354464054107666,0.05266904830932617,7
U00615,G00511,sin comentarios.,ma'nen' ñi'ñi lun'ak',ñinchidinupalek,tengo curiosidad.,U00813,G00689,medium,0.5881154537200928,0.4379882514476776,0.15012720227241516,25
U00755,G00634,¡ha venido!,¡wek'lli!,nana uk'lli,él vino.,U00076,G00190,hard,0.7808766961097717,0.7115969061851501,0.06927978992462158,2
U00755,G00634,¡ha venido!,¡wek'lli!,tom uk'lli,tom vino.,U00253,G00200,medium,0.7808766961097717,0.601824164390564,0.17905253171920776,6
U01450,G01268,soy huérfano.,suila nuka'ka,sudasu' nuka'ka,soy casada.,U00822,G00698,hard,0.6933754086494446,0.6249513030052185,0.06842410564422607,2
U01450,G01268,soy huérfano.,suila nuka'ka,frances nuka'ka,soy francés.,U00553,G00458,medium,0.6933754086494446,0.5381568670272827,0.15521854162216187,4
U02158,G01938,somos profesores.,a'lek'tutek'lusa' nuka'kawa',inlu'uk'tutek nuka'kawa',somos minuciosos.,U01896,G01690,medium,0.8973324298858643,0.707709550857544,0.1896228790283203,2
U01855,G01649,ellos aplaudieron.,nawa' inllipu'iteklatullina',nu'anna' insekkitullina'.,después se escondieron.,U02940,G02715,hard,0.7575870752334595,0.6214756965637207,0.13611137866973877,2
U01855,G01649,ellos aplaudieron.,nawa' inllipu'iteklatullina',nawa' inyutullina',ellos discutieron.,U01859,G01653,medium,0.7575870752334595,0.6072469353675842,0.15034013986587524,3
U01431,G01251,lo permitiré.,ta'itulekchek,ta'itula'lek,renuncié.,U00033,G00028,medium,0.8446043729782104,0.6418870091438293,0.2027173638343811,2
U00861,G00737,nadie murió.,ñiden chimii'ñi,ñiden u'i'ñi,nadie vino.,U00862,G00738,medium,0.8801460862159729,0.7000445127487183,0.18010157346725464,2
U02990,G02765,"al regresar de allí hablaron por ahí vive gente blanca, de ojos azules, de ojos claros.","nanekla adenchenna' luncha'llina' nanalupa' dadapu muda' nanpipalli, kañellu'ladatusu, adawa'ladatusu.","nanek ima dasu'la yunsa'n a'uluntulli, tekkinchima nanekla yunkelli iyun, tunka, etchu, dudinpu' lli'la muinpu'a'su'.","dice que de madrugada, al levantarse, venteó la ceniza con abanico y de ahí salieron zancudos, tábanos, tabanillos negros, toda clase de insectos que no valen.",U02956,G02731,medium,0.7864318490028381,0.6159291863441467,0.1705026626586914,2
U02686,G02461,mientras pasaba eso dice quemaron la casa.,nana nu'apasik ima di'serpidektullina'.,nanek ima tekkinchi lupa' lenmeklli.,dice que de verdad la tierra tembló (debido a que el duende venía).,U02942,G02717,hard,0.626224160194397,0.5620574951171875,0.06416666507720947,2
U02686,G02461,mientras pasaba eso dice quemaron la casa.,nana nu'apasik ima di'serpidektullina'.,nu'an ima ipa'linchi arakayu yulli.,por eso dice arákayu se enojó mucho.,U02691,G02466,medium,0.626224160194397,0.4678347706794739,0.1583893895149231,11
U03033,G02808,a eso dijeron ¡cuánto hemos sufrido para abrir el camino a moyobamba! dijeron.,nana nani'na itullina' ma'pu'si'pa' insekluteñek muyunpa inchilala yaekketchakwa' tullina'.,¡ma'allimi'na enpi' uklli llinserpi namasu' lunpa'kawa'su' ektu'nchinaa!,¡ojalá alguna vez llegue escrito esto que estamos hablando!,U03048,G02823,hard,0.7377219796180725,0.634895384311676,0.10282659530639648,2
U03033,G02808,a eso dijeron ¡cuánto hemos sufrido para abrir el camino a moyobamba! dijeron.,nana nani'na itullina' ma'pu'si'pa' insekluteñek muyunpa inchilala yaekketchakwa' tullina'.,"adanda'nni'ma, nana katu'pa'chinpu'lusa' itudeklli ¡enchuku' di'tudekawa' asu' katu'pa'chinpu'lusa'!","regresando, a los que no apoyaron la rebelión les dijeron ¡vamos a matarlos a esos que no se han adherido.",U03082,G02857,medium,0.7377219796180725,0.580363392829895,0.1573585867881775,3
U01260,G01096,¿quién renunció?,¿den yunsu'lli?,¿den ata'wantulli?,¿quién canceló?,U01258,G01094,medium,0.8746654391288757,0.6796043515205383,0.1950610876083374,2
U00014,G00011,esperen.,¡wa'ten'ku'!,wa'ten'u'kudek,espéranos.,U00922,G00791,medium,0.794772744178772,0.6122135519981384,0.18255919218063354,3
U00713,G00599,estás vieja.,tasellun ñapala,tumu'pala,estás mintiendo.,U01297,G01128,hard,0.7482000589370728,0.6967558264732361,0.05144423246383667,2
U00713,G00599,estás vieja.,tasellun ñapala,peklupi nuka'ma,estás invitado.,U01926,G01717,medium,0.7482000589370728,0.5185079574584961,0.22969210147857666,3
U00259,G00206,tom renunció.,tom yunsu'lli,tom a'ta'wantulli,tom terminó.,U01216,G01056,hard,0.8863614797592163,0.7508573532104492,0.1355041265487671,2
U00259,G00206,tom renunció.,tom yunsu'lli,tom chi'ye'klli,tom escapó.,U00911,G00781,medium,0.8863614797592163,0.6792080998420715,0.20715337991714478,4
U02654,G02429,"sábalo, y este es acarahuasú, y este es …este... fasaco, este es lisa, palometa, gamitana.... les dijo.","- nansek, asui'na iker'adu, asui'na ..ma'i.. a'lanan, asu' nerkala, terek, dunanser.... itudekllima.","nanek ima mañer, dañer, pullikariu ma'i panfilo, nanek ima ransisko, nanek ima asu', ma'i, asu' pancho, nanek ima ñilli asu' pidir aku'llima da'kanchineksu'.","allí, dice, a manuel, daniel, policarpo, pánfilo, después francisco, después, este, pancho, después había fidel, los puso en fila.",U03174,G02949,medium,0.7794920802116394,0.5314540266990662,0.24803805351257324,2
U00882,G00754,¡dejad sitio!,¡ta'ituku' du'ak!,¡ta'tu'la'ku!,¡guarden silencio!,U00594,G00494,hard,0.6658738851547241,0.5820767283439636,0.0837971568107605,4
U00882,G00754,¡dejad sitio!,¡ta'ituku' du'ak!,ta'ituler' pa'i,déjalo ir.,U01143,G00996,medium,0.6658738851547241,0.49410319328308105,0.17177069187164307,7
U02076,G01859,es irrelevante.,ma'kek'pachi'ñi,ma'nen' ñi'ñi lun'ak',sin comentarios.,U00615,G00511,hard,0.7042761445045471,0.5844667553901672,0.11980938911437988,2
U02076,G01859,es irrelevante.,ma'kek'pachi'ñi,ma'nen nu'chi'nek,soy inocente.,U01108,G00965,medium,0.7042761445045471,0.5370272994041443,0.16724884510040283,4
U01457,G01275,soy importante.,luwantulliner'ku,luwantudek'lek,los necesito.,U00790,G00667,medium,0.6803566813468933,0.5302776098251343,0.15007907152175903,2
U01702,G01505,quiere ir.,yapa'lli,ya'wencha'lli,quiere venir.,U02244,G02019,hard,0.8102627992630005,0.6808413863182068,0.1294214129447937,2
U01702,G01505,quiere ir.,yapa'lli,ta'wan'tulli,se terminó.,U00370,G00301,medium,0.8102627992630005,0.6208368539810181,0.18942594528198242,3
U00620,G00515,es guapa.,mulunsha nuka'a,¡embu'ni mushipa'!,¡qué bonito!,U00511,G00422,medium,0.8262088894844055,0.6245807409286499,0.20162814855575562,4
U02683,G02458,dijeron y le quemaron su tambo y su casa.,"tanni'ma di'ser'itullina' tanpu'nen, pideknen.",kananna' nanasa' llikantullina' dei'tullina'.,"encontrándole, a él nomás lo revolcaron golpéandolo y lo mataron.",U03079,G02854,hard,0.5708763599395752,0.48544642329216003,0.08542993664741516,2
U02683,G02458,dijeron y le quemaron su tambo y su casa.,"tanni'ma di'ser'itullina' tanpu'nen, pideknen.","pi'murllina', a'du'llina'.",llenaban el canasto y lo sentaban.,U02465,G02240,medium,0.5708763599395752,0.4205431342124939,0.1503332257270813,7
U00458,G00374,más alto.,a'pinta' musenkek,a'pinta' uti'la,más despacio.,U00417,G00337,medium,0.7335795164108276,0.47760841250419617,0.25597110390663147,2
U01911,G01704,me ignorabas.,luwer'chi'nun,luwerchinpu'deker,ignoralos.,U00831,G00707,hard,0.8115723729133606,0.7135030031204224,0.09806936979293823,3
U01911,G01704,me ignorabas.,luwer'chi'nun,luwer'chi'ñiner'ku,me ignoraron.,U02131,G01911,medium,0.8115723729133606,0.6054351925849915,0.20613718032836914,4
U01912,G01704,me ignoraste.,luwer'chi'nun,tumu'tulun,me mentiste.,U01913,G01705,medium,0.7682375311851501,0.6176198720932007,0.15061765909194946,3
U00457,G00373,lo intentaste.,intek'lli'wina,saka'tapawina,estabas ocupado.,U01625,G01436,medium,0.8336866497993469,0.589965283870697,0.2437213659286499,2
U01364,G01189,hazlo venir.,a'wencher',a'nakuker',hazle pasar.,U00999,G00862,hard,0.7311577200889587,0.6441517472267151,0.08700597286224365,3
U01364,G01189,hazlo venir.,a'wencher',a'wanerker',páralo. (poner vertical),U00109,G00077,medium,0.7311577200889587,0.5642063617706299,0.16695135831832886,7
U00927,G00796,¿estuvo bueno?,¿musu'ñapawiñi?,¿ipa' mula'lli?,¿está mejor?,U01787,G01586,medium,0.8751850128173828,0.6724892258644104,0.2026957869529724,2
U00856,G00732,entremos.,da'awa',da'encher',entra.,U00157,G00116,hard,0.8374156951904297,0.7016259431838989,0.13578975200653076,3
U00856,G00732,entremos.,da'awa',dek'awa',votemos.,U00609,G00505,medium,0.8374156951904297,0.6697081923484802,0.16770750284194946,6
U01904,G01698,¿qué necesito?,¿ma'nen luwantulek?,nana luwantulek,quiero eso.,U00797,G00674,medium,0.8699007034301758,0.6254278421401978,0.24447286128997803,2
U03202,G02977,no saben pronunciar.,ninchipeklui'npu'la'pi'na'.,yatulener'tama,no canten.,U00487,G00400,hard,0.707291841506958,0.6473599076271057,0.059931933879852295,5
U03202,G02977,no saben pronunciar.,ninchipeklui'npu'la'pi'na'.,yalli'tama,no miren.,U00485,G00398,medium,0.707291841506958,0.5495405197143555,0.15775132179260254,9
U02048,G01831,estoy avergonzado.,ñapalek dakuta'su',perwatendusu' ñapalek,estoy desesperado.,U01452,G01270,hard,0.7397531270980835,0.6829873323440552,0.05676579475402832,8
U02048,G01831,estoy avergonzado.,ñapalek dakuta'su',nanpiladapalek shampasik,despierto temprano.,U02024,G01809,medium,0.7397531270980835,0.5864717364311218,0.15328139066696167,22
U01618,G01429,debes esperar.,wa'tenta'masu' ñapalli,wa'tentechu,esperará.,U01050,G00910,medium,0.8470490574836731,0.6867726445198059,0.1602764129638672,2
U00249,G00196,parate,wanerker',paker',ve.,U00000,G00000,hard,0.8204162120819092,0.7602441906929016,0.06017202138900757,2
U00249,G00196,parate,wanerker',¡wanerker'!,¡de pie!,U00250,G00197,medium,0.8204162120819092,0.6675004959106445,0.15291571617126465,11
U01319,G01148,¿están listos?,¿insek'diperpi ñapalama'?,¿tekinchi'cha' ñapalama?,¿están seguros?,U00994,G00857,hard,0.8277043700218201,0.6809941530227661,0.14671021699905396,2
U01319,G01148,¿están listos?,¿insek'diperpi ñapalama'?,¿insek'diperpi ñapala?,¿estás lista?,U01318,G01147,medium,0.8277043700218201,0.6068789958953857,0.22082537412643433,3
U00678,G00568,¿fue divertido?,¿mulli'ncha'?,¿musu'ñapawiñi?,¿estuvo bueno?,U00927,G00796,hard,0.7320560216903687,0.6735286116600037,0.05852741003036499,2
U00678,G00568,¿fue divertido?,¿mulli'ncha'?,¿iya'tula?,¿te gustó?,U01961,G01751,medium,0.7320560216903687,0.5136452317237854,0.21841078996658325,4
U02443,G02218,"sólo ellas me cuidan, me lavan la ropa.","nawa'sa' lli'apallinerku, peksaduintullinerku.","nawa' katu'shadaper, katu'ta' ku'aperwawalusa'.","ellas son doscitas, dos hijas mujeres.",U02442,G02217,medium,0.7078444957733154,0.4790852665901184,0.22875922918319702,2
U01086,G00945,quiero ir.,yapa'lek,yayunsu'lek,quiero renunciar.,U01748,G01550,hard,0.7803553342819214,0.6648908853530884,0.11546444892883301,2
U01086,G00945,quiero ir.,yapa'lek,luwanchi'nek,me niego.,U00179,G00137,medium,0.7803553342819214,0.5928425788879395,0.18751275539398193,8
U00304,G00243,olvídame.,pinaner'u,llinser'chu'u,escríbeme.,U00277,G00223,hard,0.8297858238220215,0.7137320637702942,0.1160537600517273,2
U00304,G00243,olvídame.,pinaner'u,pinaner'u'ku,olvídenme.,U00305,G00244,medium,0.8297858238220215,0.6360428929328918,0.19374293088912964,4
U00490,G00403,no hables.,yalunta',yayamerladata,no sonrías.,U00744,G00624,hard,0.7636892795562744,0.6389986276626587,0.12469065189361572,4
U00490,G00403,no hables.,yalunta',lun'aper'i'la,continuá hablando.,U01139,G00992,medium,0.7636892795562744,0.6063548922538757,0.15733438730239868,5
U02160,G01940,podemos ayudarte.,yennitulek'wa' katu'pa'a'kik,yennitulek katu'pa'a'kik,puedo ayudarte.,U01713,G01516,hard,0.9258876442909241,0.8006627559661865,0.12522488832473755,3
U02160,G01940,podemos ayudarte.,yennitulek'wa' katu'pa'a'kik,yinnitullidek katu'pa'tak,podemos ayudar.,U00930,G00799,medium,0.9258876442909241,0.720771849155426,0.20511579513549805,4
U01575,G01386,lo entendemos.,lachek'apallidek,lli'inutapallidek,nos recordamos.,U00938,G00806,hard,0.7900404334068298,0.7180137038230896,0.07202672958374023,2
U01575,G01386,lo entendemos.,lachek'apallidek,yañinchitullidek,queremos saber.,U02171,G01951,medium,0.7900404334068298,0.6338533759117126,0.1561870574951172,4
U01967,G01756,hazlo ahoritita.,nu'ter' ipia'lashinchi,ma'pu'su'pintak nu'ter,simplemente hazlo.,U01809,G01606,hard,0.7447611093521118,0.605659008026123,0.13910210132598877,3
U01967,G01756,hazlo ahoritita.,nu'ter' ipia'lashinchi,pilli'ter' ikersu',agarra fuertemente.,U00073,G01202,medium,0.7447611093521118,0.5842710733413696,0.1604900360107422,5
U01506,G01322,mantengámoslo.,tupi'wa',tu'nek'echidek,los detendremos.,U02177,G01957,medium,0.8034917116165161,0.5826332569122314,0.22085845470428467,5
U01507,G01322,prosigamos.,tupi'wa',tupitawa',continuemos.,U01823,G01619,hard,0.8304692506790161,0.7586222887039185,0.07184696197509766,3
U01507,G01322,prosigamos.,tupi'wa',pa'aterwa',iremos.,U00270,G00216,medium,0.8304692506790161,0.6554151177406311,0.175054132938385,5
U00825,G00701,soy paciente.,wa'tentutek nuka'ka,wa'tentutek nuka'ma,eres paciente.,U01927,G01718,medium,0.8691620826721191,0.7017536759376526,0.16740840673446655,2
U00788,G00665,necesito ayuda.,luwantulek katu'pa',yakatupa'tulek,quiero ayudar.,U01745,G01547,hard,0.8460075855255127,0.6998604536056519,0.14614713191986084,2
U00788,G00665,necesito ayuda.,luwantulek katu'pa',¡luwantulek katu'pa'!,¡necesito ayuda!,U00789,G00666,medium,0.8460075855255127,0.6735520362854004,0.1724555492401123,3
U03000,G02775,las abuelas ya finadas dijeron: nosotros somos los culpables de que ahora los señores vengan y nos hagan la vida imposible sin motivo.,tullina' amiku'lusa' kuda usha'wañidek asu' ipa'la wa'danlusa' uk'anna' llikanerchi'ñinerkenmu'wa'.,shiwiluku'lusa' ipa'la ita'kawa'su' kanpana' pitun napi' i'na itullina' lanla' pitun.,los finados shiwilu a la que llamamos ahora campana poza antes la llamaban ballena poza.,U02817,G02592,medium,0.7792807221412659,0.5065408945083618,0.27273982763290405,2
U02099,G01880,llevémonos bien.,in'ekpa'wa' musu',inmusha'wa',besémonos.,U00603,G00500,medium,0.8305819034576416,0.5910423398017883,0.23953956365585327,2
U01821,G01617,déjalos pelear.,ta'itula'dek'ku' idenmaina',ta'itula'udek kudasa',déjanos solos.,U01817,G01614,medium,0.7935552597045898,0.5891330242156982,0.2044222354888916,2
U03128,G02903,hay que hacerles sembrar a estos indios.,a'teradek'awa' asu' kenma'lusa'.,a'pimuchun kenmu'wa'ki ñii asu' samer.,será mejor que nos apropiemos de estos peces.,U02680,G02455,hard,0.6307709813117981,0.5570678114891052,0.07370316982269287,2
U03128,G02903,hay que hacerles sembrar a estos indios.,a'teradek'awa' asu' kenma'lusa'.,nawa'nta' insekkitula'su' ñapalli.,ellos también escondidos están.,U02759,G02534,medium,0.6307709813117981,0.4662327170372009,0.16453826427459717,5
U00497,G00409,síguele.,tupiter',sekdiperker',guárdalo.,U00100,G00069,hard,0.7597935795783997,0.6810770034790039,0.07871657609939575,2
U00497,G00409,síguele.,tupiter',sekdiperker' nana,guarda eso.,U01362,G01188,medium,0.7597935795783997,0.5736017823219299,0.18619179725646973,3
U02000,G01786,puedo regresar.,yennitulek adanta'ak,yen'nitulek teka'ak',puedo correr.,U00318,G00254,hard,0.8517641425132751,0.7088468670845032,0.14291727542877197,2
U02000,G01786,puedo regresar.,yennitulek adanta'ak,¿yennitulek da'ak?,¿puedo entrar?,U01330,G01158,medium,0.8517641425132751,0.6416406631469727,0.2101234793663025,3
U02184,G01964,estamos separados.,yampu'su' ñapallidek,mumusu' ñapallidek,estamos organizados.,U02181,G01961,hard,0.7679304480552673,0.6994836926460266,0.06844675540924072,4
U02184,G01964,estamos separados.,yampu'su' ñapallidek,pilli'pi ñapalekwa',estamos atrapados.,U01591,G01402,medium,0.7679304480552673,0.6148616671562195,0.15306878089904785,12
U01846,G01641,fumar apesta.,u'wa'tak analli,u'lan untunan enñi.,el puerto de lluvia se secó.,U02714,G02489,medium,0.7740141153335571,0.5308430194854736,0.2431710958480835,2
U02179,G01959,estamos seguros.,musu'lu'ukpi ñapallidek,musu' ñape'chidek,estaremos felices.,U01888,G01682,hard,0.7926419377326965,0.6843790411949158,0.10826289653778076,2
U02179,G01959,estamos seguros.,musu'lu'ukpi ñapallidek,inapi ñapallidek,estamos disponibles.,U02178,G01958,medium,0.7926419377326965,0.61881422996521,0.17382770776748657,7
U02519,G02294,este era asistente del gobernante.,nana wa'an wala'wanen.,nana nadi'neklusi'ma.,a esos jóvenes.,U02938,G02713,medium,0.7444586753845215,0.5535858273506165,0.19087284803390503,2
U02893,G02668,"cuando se durmieron, dice que de veras vino el duende puro hueso y a toditos los mató mordiéndoles el cuello,",wichi'a'ser ima tekkinchi lansi' wa'dan uk'an iñer ima laki'kerdeklli.,"naneklima luncha'llina' asu'lupa' lansi'sa' ala'sa' ya'lli, dullinen iñer ukunpala'lli,","entonces contaron por acá hay un hombre puro hueso y sus intestinos le cuelgan,",U02883,G02658,medium,0.7039072513580322,0.5016036629676819,0.20230358839035034,2
U01909,G01703,"sí, claro.",tekinchi,te'kinchi,¡por supuesto!,U00397,G00322,hard,0.7981975674629211,0.6946858763694763,0.10351169109344482,3
U01909,G01703,"sí, claro.",tekinchi,muetchun,de acuerdo.,U00083,G00057,medium,0.7981975674629211,0.6087093353271484,0.1894882321357727,4
U01910,G01703,"sí, ciertamente.",tekinchi,te'kinchi,¡por supuesto!,U00397,G00322,hard,0.8387133479118347,0.7698821425437927,0.06883120536804199,3
U01910,G01703,"sí, ciertamente.",tekinchi,tekkinchi nuka'a,es verdad.,U00373,G00304,medium,0.8387133479118347,0.6232970952987671,0.21541625261306763,4
U02089,G01871,déjame averiguarlo.,ta'itula'u lek'techek,ta'itula'u lli'echek,déjame ver.,U00600,G01313,hard,0.7414686679840088,0.688633143901825,0.05283552408218384,5
U02089,G01871,déjame averiguarlo.,ta'itula'u lek'techek,lliya'lek inlli'inui'su',quedé inconsciente.,U00320,G00256,medium,0.7414686679840088,0.5880308747291565,0.1534377932548523,8
U00305,G00244,olvídenme.,pinaner'u'ku,llinser'chu'u,escríbeme.,U00277,G00223,hard,0.811093270778656,0.7376124858856201,0.07348078489303589,3
U00305,G00244,olvídenme.,pinaner'u'ku,na'piu'ku,respóndanme.,U00282,G00227,medium,0.811093270778656,0.6454361081123352,0.1656571626663208,5
U02837,G02612,"por eso nosotros ahora decimos otra gente también quizá vivirán,","nu'akkui'na kenmu'wa' ipa'la tapalekwa' ali'la muda'nti'pa' nanpipalli,","nu'su' ipa'la ñaterwa', ñi kenmu'wa' ipa'la chu'kenapi'nterwa' iñer ñinanlu'.","ahora vamos a vivir así, ahora ya no vamos a pandillar todo el pueblo.",U03091,G02866,medium,0.7884470820426941,0.5454229712486267,0.24302411079406738,2
U02350,G02125,ahora a máquina muelen bien menudito.,ipa'li'na makinak peksanpallina' damellu'shasu'.,ipa'la asu' shaya'lusa' inllinsellina' asu' ladanenna'.,ahora las mujeres se pintan sus caras.,U03013,G02788,medium,0.7556435465812683,0.5064241290092468,0.24921941757202148,2
U02618,G02393,¿han traído candela?,¿pen ipa' kellama'?,¿pen a'cha a'ñapalama'?,¿tienen candela?,U02612,G02387,medium,0.780507504940033,0.5768401622772217,0.20366734266281128,2
U01100,G00959,soy adulta.,taserlunku nuka'ka,luanpi nuka'ka,soy amado.,U00343,G00275,hard,0.6426475048065186,0.5871356129646301,0.05551189184188843,8
U01100,G00959,soy adulta.,taserlunku nuka'ka,nuwek'mutu'ku,soy calvo.,U00188,G00143,medium,0.6426475048065186,0.4863802492618561,0.15626725554466248,27
U01074,G00933,te extrañé.,lu'wañen,a'chiyek'echiden,te salvaremos.,U01891,G01685,medium,0.8189361691474915,0.6135531067848206,0.2053830623626709,2
U02152,G01932,tom aceleró.,tom nakusu' a'teka'lli,chuma wa'tentulli,tomás esperó.,U00669,G00559,hard,0.6655985713005066,0.609415590763092,0.05618298053741455,3
U02152,G01932,tom aceleró.,tom nakusu' a'teka'lli,wa'tenker' a'mercha.,sea paciente.,U00466,G00381,medium,0.6655985713005066,0.5098352432250977,0.15576332807540894,8
U02710,G02485,"también los lagos se secaron,","sennanlusa'nta' enñi,","shidek enñi,","los lagos grandes se secaron,",U02711,G02486,hard,0.7619372606277466,0.6480929851531982,0.11384427547454834,2
U02710,G02485,"también los lagos se secaron,","sennanlusa'nta' enñi,","kundetchek enñi,","el lago junto al pelejo se secó,",U02713,G02488,medium,0.7619372606277466,0.5644699931144714,0.19746726751327515,3
U00747,G00627,termine esto.,a'ta'wanter asu',ma'ta asu',tome esto.,U00427,G00344,hard,0.7488453388214111,0.6544229984283447,0.0944223403930664,3
U00747,G00627,termine esto.,a'ta'wanter asu',a'ta'wantuku' asu',terminen esto.,U00749,G00628,medium,0.7488453388214111,0.5864254236221313,0.16241991519927979,5
U00748,G00627,termina esto.,a'ta'wanter asu',a'ta'wantuku' asu',terminen esto.,U00749,G00628,medium,0.7546288967132568,0.6044684052467346,0.15016049146652222,3
U02602,G02377,arakayu.,da'pachenma' kenmama' tekwetchuma' itudekllima. si entran ustedes van a tener miedo les dijo.,peklue'chen,te invitaré.,U01767,G01567,medium,0.6959630250930786,0.5303595662117004,0.16560345888137817,2
U01050,G00910,esperará.,wa'tentechu,wa'tentapechek,estaré esperando.,U02041,G01825,medium,0.9091436266899109,0.6937514543533325,0.21539217233657837,2
U01842,G01637,la cogieron.,pilli'tullina',pilli'ter',atrápalo.,U00289,G00329,medium,0.880121111869812,0.6876698136329651,0.19245129823684692,3
U00548,G00454,vomité.,enmu'lek,yulek,me enfadé.,U00777,G00654,hard,0.7393438220024109,0.6766473650932312,0.06269645690917969,5
U00548,G00454,vomité.,enmu'lek,chinku'lli,tosió.,U00501,G00413,medium,0.7393438220024109,0.5618714094161987,0.17747241258621216,12
U02357,G02132,"mientras se masca en la boca, ya está hirviendo la olla de aluminio con la yuca.","katentapek walek, ukluka'palli wa'naukta kellek.",nana chu'kenpa'tapasik mitan ukllik'inchi sellawalusa' chu'kenapallina'.,mientras (arákayu) estaba pandillando el día central de carnaval las golondrinas estaban también danzando.,U02684,G02459,hard,0.7508981823921204,0.6268125772476196,0.12408560514450073,2
U02357,G02132,"mientras se masca en la boca, ya está hirviendo la olla de aluminio con la yuca.","katentapek walek, ukluka'palli wa'naukta kellek.","ukluka'sik, ali'lak kupin uktak pekdu'a'kasu' upellek.",cuando hierve se lo echa en otra olla de barro grande que está enterrada (hasta la mitad).,U02364,G02139,medium,0.7508981823921204,0.5510204434394836,0.19987773895263672,3
U02735,G02510,"dicen que el hombre candela era alto,","tanpen mudei'ma shipen,","kua asu' senñula' a'lunpallun,","a mí esta señora me está hacienda hablar,",U02478,G02253,medium,0.6988855600357056,0.516478955745697,0.18240660429000854,3
U00354,G00285,¿está lejos?,¿weia'cha ñapalli?,¿sulliman wanpalli?,¿es venenoso?,U02065,G01848,hard,0.6990596652030945,0.5964319109916687,0.10262775421142578,2
U00354,G00285,¿está lejos?,¿weia'cha ñapalli?,¿luwer'chapalli?,¿le conoce?,U01973,G01762,medium,0.6990596652030945,0.5453653335571289,0.15369433164596558,5
U00207,G00160,soy pobre.,kulliker'wi'nek,ñidenkinpu' nuka'ka,soy neutral.,U00824,G00700,medium,0.7193810343742371,0.5553699731826782,0.16401106119155884,3
U01706,G01509,¿cuánto es?,¿enpuduncha?,¿mapu'la?,¿qué pasa?,U00703,G00589,medium,0.8057142496109009,0.6405957937240601,0.16511845588684082,2
U01022,G00884,¿firmaron?,¿llillinpenma' nu'tulama'?,tumu'llina',engañaron.,U00637,G00835,hard,0.6923800110816956,0.6068467497825623,0.0855332612991333,2
U01022,G00884,¿firmaron?,¿llillinpenma' nu'tulama'?,¿tekinchi'cha' ñapalama?,¿están seguros?,U00994,G00857,medium,0.6923800110816956,0.537520170211792,0.15485984086990356,5
U02775,G02550,"diciendo así a veces, con sus comadres agarrándose de las manos,","tanna' nerpi'pu', kumarinenna'lek inpilli'iteklatanna',","nana ekpanta'i, ekpanta'i nerñinanluk,","ella que lleve (mi palabra) a otro pueblo,",U02290,G02065,medium,0.6915122270584106,0.5182061791419983,0.17330604791641235,2
U02414,G02189,"algunitos de mis hijos quizás me estén entendiendo, pero ya no entienden bien.4",nu'unta'shasi'pa' wilaweklusa' lachek'apilanti'ñina'.,ñienkasu' wilaweklusa' lachek'i'ñina'.,ninguno de mis hijos entiende.,U02299,G02074,hard,0.7513343095779419,0.6985778212547302,0.05275648832321167,2
U02414,G02189,"algunitos de mis hijos quizás me estén entendiendo, pero ya no entienden bien.4",nu'unta'shasi'pa' wilaweklusa' lachek'apilanti'ñina'.,"wilalusa' ipa'la ñi lachek'i'ñina', ipa'li'na shiwilu la'la'mapu'wa' nawa' lachek'i'ñina'.","los niños ahora no la entienden, ahora sí que ellos ya no comprenden nuestra lengua shiwilu.",U02398,G02173,medium,0.7513343095779419,0.5654616951942444,0.1858726143836975,5
U02920,G02695,de veras se fueron.,tekkinchima pa'llina'.,chi'yek llina',se escaparon.,U01196,G01037,medium,0.8678392171859741,0.6010801196098328,0.26675909757614136,2
U00452,G00368,¡hemos ganado!,¡kana'tullidek!,¡kananekwa'!,¡lo logramos!,U01246,G01083,hard,0.9117436408996582,0.769377589225769,0.14236605167388916,2
U00452,G00368,¡hemos ganado!,¡kana'tullidek!,kana'llidek,ganamos.,U00051,G00041,medium,0.9117436408996582,0.6997440457344055,0.21199959516525269,4
U01812,G01609,consérvalo contigo.,sekdiperker' kenmalek,kenma lli'ker',encárgate tú.,U00425,G00343,hard,0.7797307968139648,0.6519948840141296,0.1277359127998352,2
U01812,G01609,consérvalo contigo.,sekdiperker' kenmalek,sekdiperker' mutu'penkek,memorízalo.,U00860,G00736,medium,0.7797307968139648,0.6172151565551758,0.16251564025878906,3
U02038,G01822,estaré contento.,musu' ñape'chek,musu' ñape'chu,estarás bien.,U01290,G01121,hard,0.8832588791847229,0.7647272944450378,0.11853158473968506,3
U02038,G01822,estaré contento.,musu' ñape'chek,musu' ñape'chidek,estaremos felices.,U01888,G01682,medium,0.8832588791847229,0.6898813247680664,0.1933775544166565,4
U02875,G02650,"todos sus intestinos estaban fuera colgados, no tenía piel.","iñer ima dullinen adipi, ukunpala'lli, ñi chipitekwi'ñi.","nana sekputchek ima'ka nana aperku'tek ima, ñima luwanchi'ñi u'ñisha.","ese sekputchek era bien miserable, no se conformaba con poquito.",U03135,G02910,medium,0.7542168498039246,0.5797930955886841,0.17442375421524048,2
U01391,G01215,les creo.,latekdeklek,latek'iñen,lo dudo.,U00521,G00432,hard,0.7477228045463562,0.6656765341758728,0.0820462703704834,2
U01391,G01215,les creo.,latekdeklek,lachek'apilalek,estoy comprendiendo.,U02046,G01829,medium,0.7477228045463562,0.5829320549964905,0.16479074954986572,6
U01905,G01699,¿cuándo termina?,¿enpi' ta'wantechu?,¿enpi'ta'wantulli?,¿cuándo acabó?,U02191,G01971,hard,0.7472019195556641,0.671809732913971,0.07539218664169312,2
U01905,G01699,¿cuándo termina?,¿enpi' ta'wantechu?,¿enpi'teke'chu?,¿cuándo correrás?,U02192,G01972,medium,0.7472019195556641,0.5668153166770935,0.18038660287857056,4
U02264,G02039,al convivir salí embarazada.,nanpiapamu wilawanek.,kaikshawekleksa' llia'lek.,con mi hermana mayor nomás me quedé.,U02492,G02267,hard,0.6365909576416016,0.5749942064285278,0.06159675121307373,4
U02264,G02039,al convivir salí embarazada.,nanpiapamu wilawanek.,ala'sa' ku'aperwawa luwektapallun.,una hija mujer me está sirviendo.,U02273,G02048,medium,0.6365909576416016,0.4825887978076935,0.15400215983390808,15
U01676,G01482,¿nos conoces?,¿luwer'chapalama'udek?,¿luwer'chapala?,¿la conoces?,U01971,G01760,medium,0.774522602558136,0.5887067914009094,0.18581581115722656,2
U02898,G02673,dijo una mujer con pena.,tullima ala'sa' shaya'.,arakayu ima luntulli wa'anler.,a arákayu le habló el gobernante.,U02672,G02447,medium,0.7577478289604187,0.5307096838951111,0.22703814506530762,2
U02314,G02089,le estoy enseñando.,nana a'lek'apalek.,kua a'nadalek,yo exageré.,U01398,G01222,medium,0.797389566898346,0.5998219847679138,0.19756758213043213,2
U02824,G02599,"a la ballena la mató marcel,","lanla' i'na di'tulli marceller,","malallina nana nu'su' aku'llundek,","malallina es la que nos ha puesto así,",U03102,G02877,hard,0.684473991394043,0.6157293319702148,0.06874465942382812,2
U02824,G02599,"a la ballena la mató marcel,","lanla' i'na di'tulli marceller,","kundetchek enñi,","el lago junto al pelejo se secó,",U02713,G02488,medium,0.684473991394043,0.5099541544914246,0.1745198369026184,5
U01124,G00977,fue repugnante.,nudu'pi ñiwiñi,nana taserpitulli,él envejeció.,U00754,G00633,medium,0.7495651245117188,0.5883684754371643,0.16119664907455444,3
U00375,G00306,guarden esto.,sek'diperku' asu',sek'diperker' asu',guarda esto.,U00374,G00305,hard,0.8046587109565735,0.6980827450752258,0.10657596588134766,2
U00375,G00306,guarden esto.,sek'diperku' asu',a'ta'wantuku' asu',terminen esto.,U00749,G00628,medium,0.8046587109565735,0.6211187243461609,0.1835399866104126,4
U03086,G02861,veinticinco años pasaron y cuando las autoridades que habían hablado con malallina murieron volvieron (a jeberos).,"katu'shunka' alei'teklun ekkilala ñisik ima, nana wa'anku'lusa' malallinalek lu'rnkasu' nawei'ma ipa' chimia'ser adankenñunta'llina'.","ektu'sik ima muyunpak, nana inka' la'la' lunlusa'ler ima, yadi'tudeklli.",cuentan que cando llegaron a moyobamba los que hablaban en lengua inca los quisieron matar.,U02973,G02748,medium,0.7410132884979248,0.5045585632324219,0.23645472526550293,2
U00597,G00496,¡déjale irse!,¡ta'ituler' pa'i!,¡ta'itula'u pa'ak!,¡déjame irme!,U01145,G00998,hard,0.8641712665557861,0.7386115193367004,0.1255597472190857,2
U00597,G00496,¡déjale irse!,¡ta'ituler' pa'i!,ta'ituler' pa'i,déjalo ir.,U01143,G00996,medium,0.8641712665557861,0.700514018535614,0.16365724802017212,3
U01996,G01782,¿cómo terminará?,¿ma'pu'su' ta'wantechu?,¿enpi'teke'chu?,¿cuándo correrás?,U02192,G01972,medium,0.7592909932136536,0.5953668355941772,0.16392415761947632,3
U01540,G01352,deben morir.,chimin'er'kasu'ñapalli,chimin'ina'ka,preferiría morir.,U01760,G01562,medium,0.8236331343650818,0.6479817628860474,0.17565137147903442,2
U02075,G01858,¡es increíble!,¡latek'inbu' nuka'a!,¡dakuti'ñi!,¡qué listo!,U01531,G01344,hard,0.7380449771881104,0.6234905123710632,0.11455446481704712,3
U02075,G01858,¡es increíble!,¡latek'inbu' nuka'a!,¡empu'ni ñinchidinusu'ta'!,¡qué curioso!,U00763,G00641,medium,0.7380449771881104,0.5608508586883545,0.17719411849975586,6
U01468,G01286,¿está lloviendo?,¿ulanpallincha?,¿neriapalli?,¿respira?,U02063,G01846,hard,0.7847647666931152,0.7202864289283752,0.06447833776473999,2
U01468,G01286,¿está lloviendo?,¿ulanpallincha?,¿sulliman wanpalli?,¿es venenoso?,U02065,G01848,medium,0.7847647666931152,0.627977728843689,0.15678703784942627,3
U02997,G02772,"van a experimentar cambios estas mujeres, los jóvenes, los viejos, los abuelos dijo.","nerpi'lantetchuna' asu' kaiklusa', nadi'neklusa', taserpilusa', papinkulusa' tullima.","nanipa' luwantula' yalli'apalinpa' sadanpen, teklapinpen, erkunpenlusa' llipu'taperkasu'.","tal vez querrás estar viendo que a tu esposa, a tu hija, a tus hijos varones los estén azotando.",U03073,G02848,medium,0.7809471487998962,0.5710921883583069,0.20985496044158936,2
U00153,G00112,adelante. (parte superior),ekter,da'encher',adelante. (ingresa),U00152,G00116,hard,0.6115403175354004,0.5556999444961548,0.055840373039245605,2
U00153,G00112,adelante. (parte superior),ekter,kawiter',acercate.,U00733,G00874,medium,0.6115403175354004,0.45377281308174133,0.15776750445365906,8
U01683,G01488,cómete todo.,ka'ker' iñer',ka'ku' iñer',cómanse todo.,U01684,G01489,hard,0.818443775177002,0.6919198632240295,0.1265239119529724,2
U00251,G00198,¡genial!,¡u'chimu!,muuklli,buenos días.,U01036,G00897,hard,0.7742888331413269,0.6882825493812561,0.0860062837600708,2
U00251,G00198,¡genial!,¡u'chimu!,¡muek'kilala!,¡feliz año!,U01690,G01494,medium,0.7742888331413269,0.6181920766830444,0.15609675645828247,5
U01412,G01233,hice café.,wayusa' nu'tulek,weranek',he comido.,U00568,G00472,hard,0.7342555522918701,0.6350750923156738,0.09918045997619629,2
U01412,G01233,hice café.,wayusa' nu'tulek,weranpi'nek,estoy ayunando.,U00817,G00693,medium,0.7342555522918701,0.576227068901062,0.1580284833908081,5
U00767,G00645,estoy leseando.,si'lentapalek,lunpalek,estoy leyendo.,U00826,G00702,hard,0.7453734278678894,0.6787120699882507,0.06666135787963867,3
U00767,G00645,estoy leseando.,si'lentapalek,lektapaleksa',solo pregunto.,U02050,G01833,medium,0.7453734278678894,0.5697709918022156,0.17560243606567383,5
U02560,G02335,"entonces (los jeberinos) se arrepintieron, no pescaron más.","naneklima luna'tullina', ñi a'pinta' pur'i'ñina'.","nanekla ñi a'pinta' yapitetchi'ñina', ñi ananchi'ñina', ñi asu' pankuellinchi'ñina'.","de ahí ya no quisieron hilar, ya no desmotaban el algodón, ya no hacían ovillo.",U02987,G02762,medium,0.7833664417266846,0.5462257266044617,0.2371407151222229,2
U03003,G02778,lo que ellos hablaron y nosotros escuchamos cuando éramos niños eso estamos contando.,nawa' lu'rnka'su' kudanta' laukta'kudeksu' wilakudek ñamudek lunpallidek.,"ta'ser kuanta' wilaku ñamu lawektulek, ipa'la winta'pallenma'.",así lo que han dicho he oído cuando era muchacho y ahora les estoy contando.,U03146,G02921,medium,0.8112245202064514,0.5689635276794434,0.24226099252700806,2
U00922,G00791,espéranos.,wa'ten'u'kudek,kuda wa'tentulidek,nosotros esperamos.,U00449,G00365,hard,0.8135575652122498,0.7106931805610657,0.10286438465118408,2
U00922,G00791,espéranos.,wa'ten'u'kudek,wa'tentaterwa',esperaremos.,U00694,G00581,medium,0.8135575652122498,0.632014811038971,0.1815427541732788,3
U02385,G02160,entonces cuando se está cutipando (se está haciendo hervir nuevamente) está amaneciendo.,ipa'linchi a'pi'dektapa'sik ukllapilelli.,inyek ipa'linchi peksanek.,una vez tostado se lo muele.,U02347,G02122,hard,0.6324530839920044,0.49510833621025085,0.13734474778175354,2
U02385,G02160,entonces cuando se está cutipando (se está haciendo hervir nuevamente) está amaneciendo.,ipa'linchi a'pi'dektapa'sik ukllapilelli.,"ukllinantusik ipa'linchi pamu'lek, a'du'lek uktak.",cuando amanece entonces se lava (la yuca) y se la pone en una olla.,U02343,G02118,medium,0.6324530839920044,0.4579932689666748,0.1744598150253296,3
U02340,G02115,"primero se va a traer yuca de la chacra,","nanentu ker' manta'lek menmikda',","ipa'laka kenmama' uki'la nakuchuma',","ahora sí ustedes sufrirán hambre,",U02696,G02471,hard,0.629716694355011,0.5713719725608826,0.05834472179412842,2
U02340,G02115,"primero se va a traer yuca de la chacra,","nanentu ker' manta'lek menmikda',","ka'a'mamasu' supinak ala'sa' dekshadek kanenchuma' inchilalak,","después de comer van a encontrar una quebradita en el camino,",U02538,G02313,medium,0.629716694355011,0.4767518639564514,0.15296483039855957,6
U00081,G00609,resista.,yan'katek'ter',yan'katekter',aguanta.,U01358,G01185,hard,0.8365539312362671,0.6869484186172485,0.14960551261901855,4
U00081,G00609,resista.,yan'katek'ter',iwa'taper'i'la,sigue cavando.,U01132,G00985,medium,0.8365539312362671,0.6844062805175781,0.15214765071868896,5
U00082,G00609,resiste.,yan'katek'ter',iwa'taper'i'la,sigue cavando.,U01132,G00985,medium,0.8454671502113342,0.6672000288963318,0.17826712131500244,4
U00726,G00609,sé tolerante.,yan'katek'ter',nantapitek' ñiker',sé fuerte.,U00138,G00099,hard,0.7382003664970398,0.6726017594337463,0.06559860706329346,4
U00726,G00609,sé tolerante.,yan'katek'ter',ñapaker' insek'dipersu',mantente alerta.,U00625,G00520,medium,0.7382003664970398,0.5646394491195679,0.17356091737747192,11
U02084,G01866,siempre ríe.,nerpi'pu' yamer'ker,yamerladaper'i'la,sigue sonriendo.,U02083,G01865,hard,0.8005408644676208,0.6822633743286133,0.11827749013900757,2
U02084,G01866,siempre ríe.,nerpi'pu' yamer'ker,iñer'daper yamerladallina',todos sonrieron.,U01984,G01771,medium,0.8005408644676208,0.5820900201797485,0.21845084428787231,3
U00053,G00043,sean gentiles.,mukankan ñiker',musu'nakuku',pásenla bien.,U00163,G00121,hard,0.8002931475639343,0.675898551940918,0.12439459562301636,3
U00053,G00043,sean gentiles.,mukankan ñiker',¡u'chimu ñinalu'!,¡buen país!,U01901,G01695,medium,0.8002931475639343,0.6482738852500916,0.15201926231384277,8
U00054,G00043,sé agradable.,mukankan ñiker',musu'nakuku',pásenla bien.,U00163,G00121,hard,0.8200901746749878,0.7426836490631104,0.07740652561187744,4
U00054,G00043,sé agradable.,mukankan ñiker',nantapitek ñiker',sé valiente.,U01044,G00904,medium,0.8200901746749878,0.6656884551048279,0.1544017195701599,6
U00386,G00314,déjanos entrar.,ta'itula'udek yada'llidek,-yaluwer'amudek ukllidek.,-queriendo conocer hemos venido.,U02978,G02753,medium,0.8086788058280945,0.6491194367408752,0.15955936908721924,2
U02963,G02738,"la olla se rompió y le bañó toda la cara al, este, tigre negro.","ukta nudektulli ama'ladatulli nana, ma'i, kelluluñiñi'.","pillek'an, tanan, dankumelli a'pinta' tanan.","vengándose, el monte, se sumió más el monte.",U02752,G02527,medium,0.6859596967697144,0.4635429084300995,0.22241678833961487,2
U02616,G02391,por eso con mi candela no van a cocinar.,nana malek asu' penweklek penwei'nchuma'.,nana pu'su' yanu'tutama',no copien.,U00741,G00621,medium,0.7214415073394775,0.5376476049423218,0.18379390239715576,3
U03203,G02978,"así oigo ahora en nuestro pueblo de jeberos, no es como antes.","nu'su' ipa'la lawektapalek asu' shiwilumapu'wek, ñi napi'pu'su'.",ta'ser kuanta' taserpiku'lusa' laukdeklek du'amu weilan.,"cuando contaban yo también a los viejos ya finados les he escuchado, sentado desde cierta distancia.",U02789,G02564,medium,0.7401578426361084,0.5530838370323181,0.18707400560379028,2
U02601,G02376,"no, sólo vayan alrededor, por la vereda de mi casa nomás, por los cantos de mi casa den la vuelta, pero no vayan a entrar.","- ma'sha, kunetlla'ku', pidekwek sekllanen, pidekwek dunsanen kunetchuku', ñi'na da'i'nchuma'.","da'ilek i'na kua tekpa ñichek, ñichek iyun, tunka, etchu, lu'wellu, isekpila ñichek, ukladekpenma' uwapetchekpi'la enpi'walekpi'nta',","por eso me voy a convertir en garrapata, voy a ser zancudo, tábano, tabanillo negro, mosquito, mosca grandecita voy a ser, voy a estar tomando su sangre por siempre,",U02952,G02727,medium,0.7222101092338562,0.46828019618988037,0.25392991304397583,2
U02281,G02056,de esta lengua le voy a hablar.,namasu' la'leklan luntetchek.,nanek waleksa' winterkenma' asu' muyunpaki.,"hasta aquí nomás les voy a contar sobre moyobamba. jeberos, julio 2007",U03053,G02828,medium,0.8043301105499268,0.5395616292953491,0.26476848125457764,2
U00602,G00504,charlemos.,lun'awa',lansa'wa',bailemos.,U00854,G00730,hard,0.7916197776794434,0.7058395147323608,0.08578026294708252,4
U00602,G00504,charlemos.,lun'awa',¿lansa'wa?,¿bailamos?,U01841,G01636,medium,0.7916197776794434,0.6165542006492615,0.17506557703018188,8
U00608,G00504,conversemos.,lun'awa',lunñidek,conversamos.,U00448,G00364,medium,0.8475534319877625,0.6892501711845398,0.15830326080322266,3
U01341,G01169,¿le conozco?,¿luwer'chapalek?,¿li'apalu?,¿me ves?,U01350,G01177,hard,0.7600012421607971,0.6850882768630981,0.07491296529769897,3
U01341,G01169,¿le conozco?,¿luwer'chapalek?,¿luwer'chapalun?,¿me conoce?,U01978,G01766,medium,0.7600012421607971,0.6094595193862915,0.15054172277450562,7
U02577,G02352,"de ahí, escuchándoles, nosotros también hasta ahora nos acordamos de eso que hablaban.",nanekla'nka lawektapamudek kudanta' ipa'la walek lli'inutapallidek nana lunka'su'.,"lli'inutapaku' nu'sukla'nka kenmu'wa' ipa'la itullinerkenmu'wa', gente civilizada tullima.","vayan acordándose de esa clase (de nombres) nos dicen ahora, gente civilizada dicen.",U03190,G02965,medium,0.754275381565094,0.5587886571884155,0.19548672437667847,2
U02124,G01904,hay reglas.,ñapalli la'la'lusa',amu utek'wañi,tiene barba.,U01695,G01498,hard,0.6658552885055542,0.5226137042045593,0.14324158430099487,2
U02124,G01904,hay reglas.,ñapalli la'la'lusa',inlli'inuinsu' ñapalli,está inconsciente.,U02246,G02021,medium,0.6658552885055542,0.5127980709075928,0.15305721759796143,3
U01684,G01489,cómanse todo.,ka'ku' iñer',cheksu' ñiker',no divagues.,U01029,G00890,medium,0.7282344102859497,0.4823049306869507,0.24592947959899902,3
U02402,G02177,lo domino.,"musu' lunpalek i'la shiwilu la'la'mapu'wa', kuaki shiwilu la'la' musu' lunpalek i'la. todavía hablo bien nuestra lengua shiwilu, mi idioma shiwilu todavía",sadalek (hombre) / sudalek (mujer),me casé.,U01401,G01225,hard,0.6404864192008972,0.5153630971908569,0.12512332201004028,2
U02402,G02177,lo domino.,"musu' lunpalek i'la shiwilu la'la'mapu'wa', kuaki shiwilu la'la' musu' lunpalek i'la. todavía hablo bien nuestra lengua shiwilu, mi idioma shiwilu todavía",llinserchapalek,estoy pintando.,U01110,G00967,medium,0.6404864192008972,0.42971476912498474,0.21077165007591248,3
U03093,G02868,el pueblo puso policías en el medio del pueblo. policía para el barrio bajo y policía para el barrio alto.,"ninanlu' aku'llina' wala'wan ikiñek ñinanlu'. wala'wan chilenki, wala'wan winenki.","u'dun wawalu' wadek'a'kasu', u'dun wawalu' kua teksusu'kasu'.","hartos hijos he parido, hartos hijos he criado.",U02300,G02075,medium,0.7262473106384277,0.4967488944530487,0.22949841618537903,2
U01397,G01221,no estudio.,ku'la ñinchitapi'nek,ñinchidinupalek,tengo curiosidad.,U00813,G00689,hard,0.7262908816337585,0.6670510172843933,0.059239864349365234,3
U01397,G01221,no estudio.,ku'la ñinchitapi'nek,iñer' ñinchitapalek,soy listo.,U00217,G00169,medium,0.7262908816337585,0.5674136877059937,0.1588771939277649,6
U02273,G02048,una hija mujer me está sirviendo.,ala'sa' ku'aperwawa luwektapallun.,kaikshawekleksa' llia'lek.,con mi hermana mayor nomás me quedé.,U02492,G02267,medium,0.7634005546569824,0.5359351634979248,0.22746539115905762,2
U00685,G00573,nos reímos.,yamerlek'wa',sakeklekwa',nos divertimos.,U00684,G00572,hard,0.7992077469825745,0.6535604596138,0.14564728736877441,2
U00685,G00573,nos reímos.,yamerlek'wa',we'inutulidek,lo sentimos.,U00946,G00814,medium,0.7992077469825745,0.6262664198875427,0.17294132709503174,3
U02441,G02216,ellas me cuidan.,nawa' lli'apallinerku.,nawa' ipa'la lli'apallinerku.,ellos ahora ven por mí.,U02407,G02182,hard,0.7502949833869934,0.6418088674545288,0.1084861159324646,2
U02441,G02216,ellas me cuidan.,nawa' lli'apallinerku.,ñi'inaka inlu'uktutek,sería cuidadoso.,U01759,G01561,medium,0.7502949833869934,0.5337375402450562,0.21655744314193726,3
U00894,G00766,lo hicieron.,nu'tullina',nu'tulek'wa',lo hicimos.,U00687,G00575,medium,0.8789387941360474,0.6714603900909424,0.20747840404510498,3
U00895,G00766,lo lograron.,nu'tullina',latektullina',obedecieron.,U00898,G00769,medium,0.8283723592758179,0.6529811024665833,0.17539125680923462,3
U00704,G00590,¿dónde estoy?,¿enñupa'cha ñapalek?,¿enñupa'cha ñapala?,¿dónde estás?,U01602,G01413,medium,0.8606896996498108,0.6484173536300659,0.21227234601974487,2
U00009,G00006,¡socorro! ¡auxilio!,¡katu'pa'! ¡katu'pa'!,¡apu'u!,¡suéltame!,U00382,G00311,hard,0.6480135321617126,0.5138078927993774,0.1342056393623352,4
U00009,G00006,¡socorro! ¡auxilio!,¡katu'pa'! ¡katu'pa'!,"¡tom, na'piu!","¡tom, respóndeme!",U01878,G01672,medium,0.6480135321617126,0.4845481514930725,0.16346538066864014,5
U00573,G00477,¿es gratis?,¿pa'chi'ñin'cha?,¿yennitater'a'cha?,¿es posible?,U01785,G01584,hard,0.6699671149253845,0.5310977697372437,0.13886934518814087,2
U00573,G00477,¿es gratis?,¿pa'chi'ñin'cha?,¿sekipia'cha?,¿es privado?,U01467,G01285,medium,0.6699671149253845,0.47769230604171753,0.192274808883667,3
U00421,G00341,deténlos.,nanek lia'ina',lau'tuku',escuchen.,U00039,G00033,hard,0.7632333040237427,0.6868488788604736,0.07638442516326904,3
U00421,G00341,deténlos.,nanek lia'ina',lau'tullina',escucharon.,U00040,G00034,medium,0.7632333040237427,0.5258519649505615,0.23738133907318115,7
U00422,G00341,párales.,nanek lia'ina',de'a'merker',achícalo.,U02107,G01888,hard,0.7488603591918945,0.6926231384277344,0.056237220764160156,3
U00422,G00341,párales.,nanek lia'ina',a'wanerker',páralo. (poner vertical),U00109,G00077,medium,0.7488603591918945,0.5674558281898499,0.18140453100204468,7
U02520,G02295,"ahí vino volando, bajó y le dijo (a la gente):","nanima pennu'pilenchan, unchan itudeklli:",nu'an ima waneran tulli:,después poniéndose de pie dijo:,U02695,G02470,medium,0.8043241500854492,0.6510649919509888,0.15325915813446045,2
U01301,G01132,eres listo.,insekdiperpi nuka'ma,wa'tentutek nuka'ma,eres paciente.,U01927,G01718,hard,0.7752185463905334,0.7188478708267212,0.056370675563812256,2
U01301,G01132,eres listo.,insekdiperpi nuka'ma,watensu' nuka'ma,eres duro.,U01303,G01134,medium,0.7752185463905334,0.6194007992744446,0.15581774711608887,7
U01999,G01785,la llamé.,peklu'lek,peklu'deklek,los llamé.,U01392,G01216,hard,0.8392015695571899,0.7540830969810486,0.08511847257614136,3
U01999,G01785,la llamé.,peklu'lek,kua peklu'tulek,yo invito.,U00838,G00714,medium,0.8392015695571899,0.6417073607444763,0.19749420881271362,5
U01591,G01402,estamos atrapados.,pilli'pi ñapalekwa',yampu'su' ñapallidek,estamos separados.,U02184,G01964,hard,0.8655210137367249,0.7687219977378845,0.09679901599884033,3
U01591,G01402,estamos atrapados.,pilli'pi ñapalekwa',mumusu' ñapallidek,estamos organizados.,U02181,G01961,medium,0.8655210137367249,0.6942264437675476,0.17129456996917725,7
U00187,G01794,he vuelto.,adencha'lek,adenche'chek,volveré.,U01092,G00951,hard,0.8800569772720337,0.7837953567504883,0.09626162052154541,3
U00187,G01794,he vuelto.,adencha'lek,yada'lek,necesito entrar.,U02017,G01802,medium,0.8800569772720337,0.7047067880630493,0.17535018920898438,5
U02009,G01794,volví.,adencha'lek,erwa' ektu'lek,llego tarde.,U00202,G00155,medium,0.8628855347633362,0.6920868158340454,0.17079871892929077,3
U01723,G01526,odio bailar.,luyulek lansa'ak,luyulek idenmaak,detesto pelear.,U02005,G01790,medium,0.8129833340644836,0.6078919768333435,0.20509135723114014,3
U01724,G01526,detesto bailar.,luyulek lansa'ak,luyulek idenmaak,detesto pelear.,U02005,G01790,medium,0.8199735879898071,0.6185859441757202,0.20138764381408691,3
U00473,G00388,escoge uno.,wadunker' ala'sa',ala'sa' luantulek,¡quiero uno!,U00549,G00455,medium,0.7173667550086975,0.5125448107719421,0.20482194423675537,2
U00110,G00078,páralo. (detener),tu'neker',ta'tuler',cálmate.,U00284,G01027,hard,0.7793949842453003,0.7129806280136108,0.06641435623168945,6
U00110,G00078,páralo. (detener),tu'neker',a'tender',enciéndelo. (fuego),U00677,G00567,medium,0.7793949842453003,0.6286143660545349,0.15078061819076538,10
U00111,G00078,deténlo.,tu'neker',ta'tuler',cálmate.,U00284,G01027,hard,0.7798016667366028,0.7244469523429871,0.05535471439361572,3
U00111,G00078,deténlo.,tu'neker',tañituker',señálalo.,U01161,G01013,medium,0.7798016667366028,0.5703231692314148,0.209478497505188,13
U01452,G01270,estoy desesperado.,perwatendusu' ñapalek,ñapalek sakek'su',estoy emocionado.,U00816,G00692,hard,0.778861939907074,0.6823721528053284,0.0964897871017456,3
U01452,G01270,estoy desesperado.,perwatendusu' ñapalek,ñapalek a'mechailusu,estoy constipado.,U02058,G01841,medium,0.778861939907074,0.6164155006408691,0.16244643926620483,7
U02895,G02670,dice que ahí las esposas de los que se habían ido tuvieron un mal sueño.,nanek ima nana pa'lusa' sadinai'ma wa'apetchullina'.,nanek ima wa'ki'lleklli urankasu' supinak ima.,"de ahí, dice, (el duende) les hizo dormir después de que comieron.",U02888,G02663,medium,0.7012452483177185,0.5091469883918762,0.19209825992584229,2
U01729,G01531,tengo hermanas.,utrinwanpalek,kulliker'wi'nek,soy pobre.,U00207,G00160,medium,0.719886064529419,0.5672717690467834,0.1526142954826355,2
U02114,G01895,ella desapareció.,nana wer'lli,tom wer'lli,tom desapareció.,U02153,G01933,medium,0.8548548817634583,0.6412205696105957,0.21363431215286255,2
U01067,G00926,no pagué.,panwilekchi'nek,ka'api'nek,no como.,U00772,G00649,medium,0.8224108219146729,0.5595754384994507,0.26283538341522217,2
U01868,G01662,están fatal.,muinsu' ñapallina',dei'techuner'kudek,seremos asesinados.,U02176,G01956,medium,0.7522172927856445,0.590923011302948,0.16129428148269653,2
U02579,G02354,"ahora les digo hasta ahí nomás, todo lo de pampayacu les he contado.","ipa'la itullenma' nanek waleksa', iñer panpadekkin lunek.",nanek kua wek'amu ipa'la asek asu' senñula' a'lunpallun.,entonces a mí viniendo ahora esta señora me está haciendo contar.,U02500,G02275,medium,0.7647336721420288,0.5676321387290955,0.19710153341293335,2
U02416,G02191,así ellas me dicen.,nu'anna' itullinerku,kua nanasa' lunek.,"sólo eso he hablado. yurimaguas, julio 2005",U02510,G02285,hard,0.7890212535858154,0.6652625799179077,0.12375867366790771,2
U02416,G02191,así ellas me dicen.,nu'anna' itullinerku,nawa' inyutullina',ellos discutieron.,U01859,G01653,medium,0.7890212535858154,0.5424818396568298,0.2465394139289856,3
U02781,G02556,"los niños no conocen la vacamarina,","wilalusa' luwetchi'ñina' panwalalan,","wilalunlusa', ñi ñinchichi'ñina' namasu' la'la'mapu'wa',","muchachas, no saben pues esta lengua nuestra,",U02321,G02096,medium,0.8844843506813049,0.6962671279907227,0.18821722269058228,3
U01798,G01596,estaba nevando.,pulunker'apawiñi,ucha'paya ñapawiñi,estuvo chevere.,U00840,G00716,hard,0.7433061003684998,0.6216897964477539,0.12161630392074585,4
U01798,G01596,estaba nevando.,pulunker'apawiñi,nudu'pi ñiwiñi,fue repugnante.,U01124,G00977,medium,0.7433061003684998,0.5907868146896362,0.15251928567886353,5
U01799,G01596,nevaba.,pulunker'apawiñi,pulunker' ñapawiñi,había nevado.,U01473,G01291,hard,0.7671566605567932,0.6857243776321411,0.0814322829246521,3
U01799,G01596,nevaba.,pulunker'apawiñi,u'lanñi,llovió.,U00359,G00290,medium,0.7671566605567932,0.6099498867988586,0.15720677375793457,6
U02242,G02017,odia correr.,luyu'lli teka'ak,luyulek pennu'ak,odio volar.,U01402,G01226,hard,0.8428260087966919,0.7138333916664124,0.12899261713027954,2
U02242,G02017,odia correr.,luyu'lli teka'ak,luyulek idenmaak,odio pelear.,U02004,G01790,medium,0.8428260087966919,0.6366878151893616,0.20613819360733032,4
U01765,G01566,lo regañaré.,yute'chek,mape'chek,lo compraré.,U01435,G01255,hard,0.7990418672561646,0.7406613230705261,0.05838054418563843,4
U01765,G01566,lo regañaré.,yute'chek,dei'techek,lo mataré.,U01438,G01258,medium,0.7990418672561646,0.6342037916183472,0.16483807563781738,8
U01766,G01566,le reñiré.,yute'chek,dunker'echek,lo buscaré.,U02043,G01827,hard,0.8065921664237976,0.7525685429573059,0.0540236234664917,3
U01766,G01566,le reñiré.,yute'chek,indei'techek,me corto.,U01064,G00923,medium,0.8065921664237976,0.6536647081375122,0.1529274582862854,6
U00163,G00121,pásenla bien.,musu'nakuku',musu' dek'la,¡buen tiro!,U00396,G00321,hard,0.8349055647850037,0.7215249538421631,0.11338061094284058,3
U00163,G00121,pásenla bien.,musu'nakuku',mukankan ñiker',sé agradable.,U00054,G00043,medium,0.8349055647850037,0.6755844354629517,0.159321129322052,4
U02464,G02239,"sacando yuca la depositaban,","ker' uka'nna' kala'tullina',","- pu'yek aperku'tullinerkudek,",(los hombres de jeberos) nos mezquinaron la pesca.,U02533,G02308,hard,0.7864607572555542,0.6518699526786804,0.13459080457687378,2
U02464,G02239,"sacando yuca la depositaban,","ker' uka'nna' kala'tullina',","sennanlusa'nta' enñi,","también los lagos se secaron,",U02710,G02485,medium,0.7864607572555542,0.5983794927597046,0.1880812644958496,3
U02853,G02628,"no vamos a perecer atrapados por ningún animal, no vamos a temer nada.","ñi anaki'nterwa', ñi tekkwi'nterwa'.","kenmu'wa' mutupi muda', kenmu'wa' ñi asu'lupa'dei'npu'.","nosotros somos gente de cerro, nosotros no somos de aquí.",U03150,G02925,medium,0.7940800189971924,0.5856478214263916,0.20843219757080078,2
U01274,G01109,puedes nadar.,yennitula' idun'a'mak,¿yennitapala dekkunta'mak?,¿puedes andar?,U01006,G00869,medium,0.7162325382232666,0.5535032749176025,0.16272926330566406,2
U02435,G02210,"felizmente bonito les he criado a mis hijos, con su padre.","mula'si'la u'chimusha teksusudeklek wilaweklusa', papinalek.",shiwiluwekkek wilaweklusa' teksusudeklek papina' nanpipasik.,en mi jeberos a mis hijos he criado cuando su padre vivía.,U02404,G02179,medium,0.809121310710907,0.5863922834396362,0.22272902727127075,2
U01541,G01353,gritaron.,lamapu'llina',nawa lamapu'llina',ellos gritaron.,U00904,G00775,medium,0.8927596211433411,0.7320142388343811,0.16074538230895996,2
U00725,G00608,especifica más.,wintu'u a'pinta,wintu'udek a'pinta',dinos más.,U01186,G01031,hard,0.6073048114776611,0.549344539642334,0.05796027183532715,7
U00725,G00608,especifica más.,wintu'u a'pinta,lunker' lachek'ak,habla claramente.,U01523,G01338,medium,0.6073048114776611,0.4498231112957001,0.15748170018196106,12
U02288,G02063,bonito le hablo a esta señora con quien nunca antes había conversado.,we'chimu luntulek senñula' enpi'pu' lunchinpu'a'kasu'.,ñienkasu' ñinchichillina' namasu' la'lekla lunchinpu'dek'a'kasu' malek.,ninguno sabe de esta lengua porque no les he hablado.,U02301,G02076,medium,0.6925486922264099,0.46886664628982544,0.22368204593658447,2
U01717,G01520,no sigo.,ku'la tupiapi'nek,manennu'tapi'nek,tengo tiempo.,U00779,G00656,hard,0.8299317359924316,0.7089428305625916,0.12098890542984009,2
U01717,G01520,no sigo.,ku'la tupiapi'nek,ka'api'nek,no como.,U00772,G00649,medium,0.8299317359924316,0.6395747661590576,0.19035696983337402,3
U01252,G01088,estamos encerrados.,unku'pi ñapallidek,yampu'su' ñapallidek,estamos separados.,U02184,G01964,hard,0.8052404522895813,0.7526230216026306,0.052617430686950684,2
U01252,G01088,estamos encerrados.,unku'pi ñapallidek,nampilalasu' ñapalidek,estamos despiertos.,U00943,G00811,medium,0.8052404522895813,0.6496063470840454,0.1556341052055359,11
U00166,G00124,ayúdalo.,katu'per',katu'pa',la ayuda.,U01046,G00906,hard,0.833765983581543,0.7474445700645447,0.08632141351699829,2
U00166,G00124,ayúdalo.,katu'per',nana katu'patulli,eso ayuda.,U00220,G00172,medium,0.833765983581543,0.6434120535850525,0.19035392999649048,3
U02290,G02065,"ella que lleve (mi palabra) a otro pueblo,","nana ekpanta'i, ekpanta'i nerñinanluk,","nanentu ker' manta'lek menmikda',","primero se va a traer yuca de la chacra,",U02340,G02115,hard,0.6611689925193787,0.5310213565826416,0.13014763593673706,2
U02290,G02065,"ella que lleve (mi palabra) a otro pueblo,","nana ekpanta'i, ekpanta'i nerñinanluk,","nanasa', kupin uwapi'nek, u'nisha iyumu uwapalek,","eso nomás, no tomo mucho, poquito cuando tengo sed bebo,",U02455,G02230,medium,0.6611689925193787,0.47772282361984253,0.18344616889953613,4
U00506,G00418,aquí está.,asek' ñapalli,asek ñapallina',están aquí.,U01536,G01348,hard,0.8971772789955139,0.7572149634361267,0.1399623155593872,2
U00506,G00418,aquí está.,asek' ñapalli,¡nanek ñapalli!,¡allá está!,U00890,G00762,medium,0.8971772789955139,0.7373645901679993,0.15981268882751465,6
U02349,G02124,ahora ya no hacen así.,ipa'li'na nui'ñina'.,ipa'la lacheknawi'ñina'.,ahora no se puede entender.,U03201,G02976,medium,0.8483058214187622,0.6881890296936035,0.1601167917251587,2
U02812,G02587,"cuando contaron los he escuchado, los antiguos viejos y las abuelas finadas hablaban.","ta'ser lauktulek papinkuku'lusa', amiku'lusa' luñina'.","shunka' katu' ekkilala a'ñamu nana lunpa'kasu' ipa'la lauktulek, kuanta' supinawantamu amiwekku'.","cuando tenia 12 años he escuchado lo que digo ahora, me ponía detrás de mi abuelita finada.",U03122,G02897,hard,0.6931253671646118,0.5577645301818848,0.13536083698272705,2
U02812,G02587,"cuando contaron los he escuchado, los antiguos viejos y las abuelas finadas hablaban.","ta'ser lauktulek papinkuku'lusa', amiku'lusa' luñina'.","ta'ser lauktulek, asu' muyunpa inchilala malek, nu'unta' taketllina'.","lo que contaron he escuchado, que por causa del camino de moyobamba algunos se terminaron.",U03052,G02827,medium,0.6931253671646118,0.49816274642944336,0.19496262073516846,3
U02017,G01802,necesito entrar.,yada'lek,adencha'lek,volví.,U02009,G01794,hard,0.7407212257385254,0.6417868137359619,0.09893441200256348,2
U02017,G01802,necesito entrar.,yada'lek,ya'wencha'lli,quiere venir.,U02244,G02019,medium,0.7407212257385254,0.5694844722747803,0.17123675346374512,4
U00898,G00769,obedecieron.,latektullina',wa'tentullina',esperaron.,U00900,G00771,medium,0.8053440451622009,0.5937206149101257,0.2116234302520752,2
U00955,G00822,¡qué confusión!,¡embu'ni luwer'chi'ñi!,lachek'ki'nek,estoy confuso.,U01102,G00961,hard,0.6589311361312866,0.5665033459663391,0.09242779016494751,6
U00955,G00822,¡qué confusión!,¡embu'ni luwer'chi'ñi!,ñinchichi'nek,no sé.,U01068,G00927,medium,0.6589311361312866,0.5067804455757141,0.1521506905555725,16
U00749,G00628,terminen esto.,a'ta'wantuku' asu',a'ta'wanter asu',termina esto.,U00748,G00627,hard,0.7951844334602356,0.6709167957305908,0.12426763772964478,2
U00749,G00628,terminen esto.,a'ta'wantuku' asu',lanerku' asu',huelan esto.,U00623,G00518,medium,0.7951844334602356,0.6351365447044373,0.16004788875579834,4
U02371,G02146,cuando vuelve a hervir se vuelve a batir....,"ukluka'nunta'sik, utawinunta'lek...","ali'la uncha'lli, ali'la uncha'lli....",uno a uno van llegando.....,U02428,G02203,medium,0.7486631274223328,0.5463449954986572,0.20231813192367554,2
U01356,G01183,dame algunos.,enka'u nu'unta'lusa',maechek alasa',cogeré uno.,U01445,G01263,medium,0.7689471244812012,0.5671852827072144,0.20176184177398682,3
U01504,G01320,volvamos.,adanta'wa',da'encha'ku',entren.,U00158,G00117,medium,0.8174172639846802,0.6669207811355591,0.1504964828491211,2
U00487,G00400,no canten.,yatulener'tama,empu'ni yaluntama',sean breves.,U00140,G00101,hard,0.7987546324729919,0.7036619186401367,0.09509271383285522,2
U00487,G00400,no canten.,yatulener'tama,yawellektama',no lloren.,U00298,G00237,medium,0.7987546324729919,0.6337649822235107,0.1649896502494812,4
U00197,G00152,¡soy libre!,¡inapiku!,¡a'ñapalek!,¡tengo!,U00023,G00019,medium,0.7642241716384888,0.583316445350647,0.1809077262878418,2
U02436,G02211,yo nunca he tenido hijos sin haberme esposado.,ñi wilanwanpa'tamu ñi'nek.,wilaweklusa'pa' ma'sha a'lekdek'i'nek.,ya que a mis hijos no les enseñé.,U02298,G02073,hard,0.6684748530387878,0.5860432386398315,0.0824316143989563,2
U02436,G02211,yo nunca he tenido hijos sin haberme esposado.,ñi wilanwanpa'tamu ñi'nek.,kui'na kaluwi'mu innichi'nek ñi enñupa' pa'a'kasu'.,en cambio yo por estar enferma no puedo ir a ninguna parte.,U02422,G02197,medium,0.6684748530387878,0.5157811641693115,0.15269368886947632,5
U02620,G02395,"dicen que ellos, los shawala, se reunieron y comentaron.","nawi'mi'na, shawalalusa', indiuntunna' luñina'.","ishpañakla nananta', katu'daper i'la shiwilu la'la', inka' la'la' lui'nta'ser, lachekllini'mi'na.","él era de españa también, los dos mismos no hablaban la lengua shiwilu ni la lengua inka, pero entendían.",U03132,G02907,medium,0.7195146083831787,0.4562336504459381,0.2632809579372406,2
U00102,G00071,abre.,ek'ke'cher',usanker',levanta. (un objeto),U00021,G00508,hard,0.6186287999153137,0.559180498123169,0.059448301792144775,3
U00102,G00071,abre.,ek'ke'cher',dekundunlli,anda.,U00410,G00331,medium,0.6186287999153137,0.4572945833206177,0.16133421659469604,11
U02919,G02694,"¡no teman, ustedes tienen machetes, píquen con eso (a las fieras)!","¡aner yatek kuatama', sunkiwanpalama', pasektuku' nanalek!","¡ma'nen ilipa' ñapalli anaka'lusa', nana inchilala yekketcha'kawa'su'lupa'!","¡qué fieras habrán ahí, por donde vamos a abrir el camino!",U02847,G02622,medium,0.6697953939437866,0.489256352186203,0.18053904175758362,2
U01943,G01733,¿estás ganando?,¿kana'tapala?,¿kana'tula?,¿ganaste?,U00737,G00617,hard,0.8207597136497498,0.7236232757568359,0.09713643789291382,2
U01943,G01733,¿estás ganando?,¿kana'tapala?,¿a'pe'chapala?,¿estás jodiendo?,U01938,G01728,medium,0.8207597136497498,0.6531262397766113,0.16763347387313843,3
U02475,G02250,ahí me alumbró mi madre en jeberos.,nanek wadekllun awawek shiwiluk.,nu'amu amishawekkek pipetchulek.,por eso me arrimé donde mi abuelita.,U02259,G02034,hard,0.7283535599708557,0.6481841802597046,0.08016937971115112,2
U02475,G02250,ahí me alumbró mi madre en jeberos.,nanek wadekllun awawek shiwiluk.,nanekla amitullinerku.,después me hicieron abuela.,U02499,G02274,medium,0.7283535599708557,0.5647578835487366,0.16359567642211914,4
U00624,G00519,empieza aquí.,tenmian'suer' asu',adencher' asek,vuelve aquí.,U01660,G01467,medium,0.7489901781082153,0.5347720384597778,0.2142181396484375,2
U02754,G02529,inunda bastante y se forman tahuampales.,wisunanpalli enpu'nipa' tanpennan ñapalli.,enpu'nipi'ma ituwetchapalli ulunta'su'.,enorme se levantaba el ardor.,U02549,G02324,medium,0.738282322883606,0.5029659867286682,0.23531633615493774,2
U01233,G01072,camina conmigo.,dek'kunter' kualek,llia'ker' kualek,quedate conmigo.,U01177,G01025,medium,0.8150647282600403,0.6056877970695496,0.20937693119049072,2
U01780,G01579,los vi.,lli'dek'lek,lli'apalek,lo noto.,U01715,G01518,hard,0.7294641733169556,0.6737600564956665,0.05570411682128906,3
U01780,G01579,los vi.,lli'dek'lek,lli'ker'llia',cuidado.,U00237,G00187,medium,0.7294641733169556,0.5659497380256653,0.16351443529129028,4
U00475,G00390,vente.,wenller',maker',cógelo.,U00112,G00079,hard,0.6179064512252808,0.5564991235733032,0.06140732765197754,7
U00475,G00390,vente.,wenller',muer'wa,buenas tardes.,U01688,G01492,medium,0.6179064512252808,0.4617905020713806,0.15611594915390015,40
U02880,G02655,en la noche les voy a visitar para conversar. (duende),dekpilli lli'kunchenma' lunpawa'.,"- enta'n, er'washinchi lli'kunkenma'.","a ver, por la tarde les voy a ir a visitar.",U02929,G02704,hard,0.7796280980110168,0.6580683588981628,0.121559739112854,2
U02880,G02655,en la noche les voy a visitar para conversar. (duende),dekpilli lli'kunchenma' lunpawa'.,enta'ten i'na lunterkenma'.,"a ver, pues, vamos a conversar.",U02394,G02169,medium,0.7796280980110168,0.5671769976615906,0.21245110034942627,4
U01794,G01593,parece fácil.,saka'dek'inpu' lli'tulli,saka'dekinpu' ñiwiñi,fue fácil.,U00841,G00717,hard,0.7649688720703125,0.6188154816627502,0.14615339040756226,3
U01794,G01593,parece fácil.,saka'dek'inpu' lli'tulli,saka'tapalli musu',funciona bien.,U01479,G01297,medium,0.7649688720703125,0.6128248572349548,0.15214401483535767,4
U01175,G01023,alguien llegó.,ala'sa' yalli' ektukerlli,"da'wanser uklli,","vino la doncella,",U02645,G02420,medium,0.7914717197418213,0.5743622183799744,0.21710950136184692,2
U00603,G00500,besémonos.,inmusha'wa',tantenlek'wa',lo queremos.,U00689,G00576,medium,0.8501821756362915,0.6143704056739807,0.2358117699623108,2
U01476,G01294,fue irónico.,si'len ñiwiñi,kasersu' ñiwiñi,sabía dulce.,U02068,G01851,medium,0.7310937643051147,0.5767890214920044,0.15430474281311035,2
U00380,G00310,ahora vete.,paker' ipa'la,nu'wanker',baje.,U01014,G00876,medium,0.8608297109603882,0.6134604215621948,0.24736928939819336,3
U00381,G00310,ahora lárgate.,paker' ipa'la,ipa'la du'ker',ahora sientate.,U01158,G01010,hard,0.6858198642730713,0.6218951344490051,0.06392472982406616,3
U00381,G00310,ahora lárgate.,paker' ipa'la,nu'ter' ipa'la,hazlo ahora.,U00294,G00233,medium,0.6858198642730713,0.5236701369285583,0.16214972734451294,4
U00483,G00396,no vengas.,yawencha'ta,ku'la dai'nchu,no entrar.,U00232,G00182,medium,0.821760892868042,0.6350095272064209,0.1867513656616211,2
U03204,G02979,"de verdad tomaban las manos de sus compadres, tomaban las manos de sus comadres y se las besaban, se arrodillaban y lloraban.","tekkinchi walek kunparinenna' pilli'iteklatanna', kumarinenna' pilli'iteklatanna', musha'iteklanna', yensunna', willekllina'.","napi' ima llikanetchudek'i'ñina', yutudekllini'ma, llipu'tudekllini'ma, er'washinchi walek a'saka'tudekllina'.","dice que, antiguamente, (los españoles) los maltrataban, les reñían, los paleaban, los hacían trabajar hasta muy tarde.",U03056,G02831,medium,0.8128891587257385,0.5637462735176086,0.24914288520812988,2
U02949,G02724,"lo mataron, atizaron la candela y lo metieron (al fuego).","dei'tanna', pen dintunna', aku'lalatullina'.",kananna' nanasa' llikantullina' dei'tullina'.,"encontrándole, a él nomás lo revolcaron golpéandolo y lo mataron.",U03079,G02854,medium,0.8109350204467773,0.6206454634666443,0.19028955698013306,2
U01876,G01670,tom entendió.,tom lachek'lli,tom lli'tulli,tom miró.,U00660,G00550,hard,0.7039470672607422,0.5965045690536499,0.10744249820709229,3
U01876,G01670,tom entendió.,tom lachek'lli,tom latek'chi'ñi,tom dudó.,U01552,G01364,medium,0.7039470672607422,0.5537461042404175,0.1502009630203247,6
U00254,G00201,dia.,uklli,dekundunlli,anda.,U00410,G00331,hard,0.7976278066635132,0.723108172416687,0.07451963424682617,2
U00254,G00201,dia.,uklli,shin,largo,U00066,G00050,medium,0.7976278066635132,0.6432687640190125,0.15435904264450073,5
U01419,G01239,quiero café.,luwantulek wayusa',ulek wayusa',bebo café.,U01719,G01522,medium,0.808777391910553,0.6229014992713928,0.18587589263916016,3
U00684,G00572,nos divertimos.,sakeklekwa',saka'tapalekwa',estamos trabajando.,U01593,G01404,medium,0.7687432169914246,0.5790373086929321,0.18970590829849243,2
U03052,G02827,"lo que contaron he escuchado, que por causa del camino de moyobamba algunos se terminaron.","ta'ser lauktulek, asu' muyunpa inchilala malek, nu'unta' taketllina'.","ektu'sik ima muyunpak, nana inka' la'la' lunlusa'ler ima, yadi'tudeklli.",cuentan que cando llegaron a moyobamba los que hablaban en lengua inca los quisieron matar.,U02973,G02748,medium,0.6919696927070618,0.5000728964805603,0.19189679622650146,2
U02042,G01826,traeré vino.,kere'chek vinu',kencher' vinu',trae vino.,U00469,G00384,medium,0.8557208180427551,0.6467000246047974,0.20902079343795776,2
U02877,G02652,"¿has venido, hermano menor? (duende)","- ¿ukla'ncha, yalli'wá?","- ukllidek, alli'sha.","hemos venido, hermano.",U02928,G02703,medium,0.8007168173789978,0.6180042028427124,0.1827126145362854,2
U02599,G02374,"por acá he entrado yo para criar peces, se llama pampayacu arákayu les respondió","- asui'na asu'lupa' da'kellek kua samer yapektawamu, panpadek nuka'a tullima.","ipa'la itullenma' nanek waleksa', iñer panpadekkin lunek.","ahora les digo hasta ahí nomás, todo lo de pampayacu les he contado.",U02579,G02354,medium,0.7187289595603943,0.5199361443519592,0.19879281520843506,2
U00226,G00178,es nuevo.,nalu' nuka'a,ñiñuduker' nuka'a,es mes de navidad.,U01801,G01598,hard,0.6955312490463257,0.5612810850143433,0.13425016403198242,2
U00226,G00178,es nuevo.,nalu' nuka'a,er'wa nuka'a,es tarde.,U00367,G00298,medium,0.6955312490463257,0.5412169098854065,0.1543143391609192,3
U01021,G00883,¿firmaste?,¿llillinpen nu'tula?,kenma nu'techun tuwina,tú prometiste.,U01276,G01110,medium,0.747260570526123,0.5736770033836365,0.17358356714248657,2
U01621,G01432,deberías ir.,pa'a'masu' ñapalli,yawencha'ta,no vengas.,U00483,G00396,medium,0.7593268156051636,0.5567678809165955,0.20255893468856812,3
U02985,G02760,"de ahí, otro grupo se fue otra vez colocando puentes.",nanekla ali'la musun pa'nunta'lli pentunanlusa' aku'pilan.,naneklima asu' ali'lima panta'lli.,de allí le tocó el turno a otro.,U03183,G02958,medium,0.8043017387390137,0.599348783493042,0.20495295524597168,2
U00512,G00423,¡encantador!,¡mupencha!,¡muek'kilala!,¡feliz año!,U01690,G01494,hard,0.8243718147277832,0.7505856156349182,0.07378619909286499,2
U00512,G00423,¡encantador!,¡mupencha!,¡embu'ni mushipa'!,¡qué bonito!,U00511,G00422,medium,0.8243718147277832,0.6706656217575073,0.15370619297027588,3
U00913,G00783,tom gruñó.,tom mermiñi,tom welliek'lli,tom lloró.,U00261,G00208,hard,0.848973274230957,0.7611339092254639,0.08783936500549316,3
U00913,G00783,tom gruñó.,tom mermiñi,tom idenmalli,tom luchó.,U00657,G00547,medium,0.848973274230957,0.6882590651512146,0.16071420907974243,5
U01499,G01315,preguntémosle.,lek'kawa',lliya'lek',me quedé.,U00184,G00140,hard,0.7680043578147888,0.660642147064209,0.10736221075057983,2
U01499,G01315,preguntémosle.,lek'kawa',lun'awa',conversemos.,U00608,G00504,medium,0.7680043578147888,0.6127308011054993,0.15527355670928955,6
U00633,G00528,¡habla conmigo!,¡lunker' kualek!,¡iyasu' lanelliek!,¡huele rico!,U01793,G01592,medium,0.8781496286392212,0.6389724612236023,0.2391771674156189,2
U02237,G02012,escaparon todos.,iñer' chiyekllina',samellusa' iñer wetlli.,todos los peces se extinguieron.,U02785,G02560,hard,0.77064448595047,0.6407358646392822,0.12990862131118774,2
U02237,G02012,escaparon todos.,iñer' chiyekllina',iñer' kana'tullina',todos ganan.,U01353,G01180,medium,0.77064448595047,0.6200450658798218,0.1505994200706482,5
U00816,G00692,estoy emocionado.,ñapalek sakek'su',ñapalek a'mechailusu,estoy constipado.,U02058,G01841,hard,0.8268111944198608,0.720951497554779,0.10585969686508179,4
U00816,G00692,estoy emocionado.,ñapalek sakek'su',ñapalek sakeksu',estoy satisfecho.,U01461,G01279,medium,0.8268111944198608,0.667123019695282,0.15968817472457886,8
U00167,G00125,buenas.,mulusa',muuklli,buenos días.,U01036,G00897,medium,0.7900936007499695,0.6247851848602295,0.16530841588974,2
U01971,G01760,¿la conoces?,¿luwer'chapala?,¿lli'inutapala?,¿lo recuerdas?,U01974,G01763,hard,0.7448417544364929,0.6461078524589539,0.09873390197753906,2
U01971,G01760,¿la conoces?,¿luwer'chapala?,¿kerka' ñinchitapala?,¿estudias?,U02221,G01998,medium,0.7448417544364929,0.5841698050498962,0.16067194938659668,5
U02034,G01818,estaba escuchando.,lauk'tapawinek,ellia'pawinek,estaba sudando.,U01755,G01557,hard,0.8822464346885681,0.7564403414726257,0.12580609321594238,2
U02034,G01818,estaba escuchando.,lauk'tapawinek,tom lauki'lli,tom bostezó.,U00672,G00562,medium,0.8822464346885681,0.6577901840209961,0.22445625066757202,3
U02745,G02520,"las cuencas de las quebradas se secaron,","enpinantek'unta'llina' dekshadeklusa',","kupiwanlusa' ñapallinpi'la,","las boas todavía están ahí,",U02757,G02532,hard,0.5703979134559631,0.5201471447944641,0.05025076866149902,12
U02745,G02520,"las cuencas de las quebradas se secaron,","enpinantek'unta'llina' dekshadeklusa',","nadi'neklusa',","jóvenes,",U02320,G02095,medium,0.5703979134559631,0.4189302623271942,0.15146765112876892,28
U00628,G00523,quédate ahí.,nanek llia'ker',nanek watenker',espera ahí.,U01359,G01186,medium,0.8451299667358398,0.6338834166526794,0.2112465500831604,4
U02515,G02290,dicen que en ese tiempo el dueño (del pampayacu) todavía vivía ahí en esa ribera del río.,nanimi'na napi'pui'mi'na wa'anen nanpi'pawiñinpi'la nana panpadek ukuchinkek.,nana ali'lima tulli kui'na ñinchitulek nana mutupik nanpipalli llumallun13'.,"ese otro dijo yo he sabido que en el cerro vive llumallun. 12 laulate es un apellido muy común en jeberos. según este relato, su etimología se hallaría en el nombre laweklatek el de la boca abierta. 13 llumallun era viejita que vivia sola y era sabia.",U03161,G02936,medium,0.7076148986816406,0.5397824645042419,0.16783243417739868,2
U02343,G02118,cuando amanece entonces se lava (la yuca) y se la pone en una olla.,"ukllinantusik ipa'linchi pamu'lek, a'du'lek uktak.",ipa'linchi chitetllu' kellu'lek seklekka'lek.,"después, al maíz pulverizado y la yuca asada desmenuzada se los apiacha (se mezclan a mano formando una masa).",U02352,G02127,hard,0.6955775618553162,0.5788838267326355,0.11669373512268066,2
U02343,G02118,cuando amanece entonces se lava (la yuca) y se la pone en una olla.,"ukllinantusik ipa'linchi pamu'lek, a'du'lek uktak.","ipa'linchi katentamupu'su' pitawitapalek, ka'latulek.",entonces mientras se va masticando se va batiendo el líquido y se masca el afrecho (lo último de la yuca disuelta).,U02372,G02147,medium,0.6955775618553162,0.5288028120994568,0.16677474975585938,3
U02722,G02497,"cuando arákayu icaró al lago junto al pelejo la joven de primera menstruación se acabó,","kuntetchek arakayuler pekkusik nana leklun ta'wantulli,","arakayu lli'unta'llima enpu'ni wa'inuipa' nana pideknen uksuketchulli,",and he saw that his house had been completely burned.,U02689,G02464,hard,0.6764208078384399,0.5771252512931824,0.09929555654525757,2
U02722,G02497,"cuando arákayu icaró al lago junto al pelejo la joven de primera menstruación se acabó,","kuntetchek arakayuler pekkusik nana leklun ta'wantulli,",arakayu ima lanla' akun yunsu'lli.,dicen que arákayu puso una ballena y salió (de la región).,U02819,G02594,medium,0.6764208078384399,0.5059964656829834,0.17042434215545654,3
U03146,G02921,así lo que han dicho he oído cuando era muchacho y ahora les estoy contando.,"ta'ser kuanta' wilaku ñamu lawektulek, ipa'la winta'pallenma'.",nawa' lu'rnka'su' kudanta' laukta'kudeksu' wilakudek ñamudek lunpallidek.,lo que ellos hablaron y nosotros escuchamos cuando éramos niños eso estamos contando.,U03003,G02778,hard,0.7503449320793152,0.6431861519813538,0.10715878009796143,2
U03146,G02921,así lo que han dicho he oído cuando era muchacho y ahora les estoy contando.,"ta'ser kuanta' wilaku ñamu lawektulek, ipa'la winta'pallenma'.","shunka' katu' ekkilala a'ñamu nana lunpa'kasu' ipa'la lauktulek, kuanta' supinawantamu amiwekku'.","cuando tenia 12 años he escuchado lo que digo ahora, me ponía detrás de mi abuelita finada.",U03122,G02897,medium,0.7503449320793152,0.5845088362693787,0.16583609580993652,3
U02087,G01869,sigan practicando.,tupituku' inpalerianma',tupiter' inpalerian,sigue practicando.,U02086,G01868,hard,0.7991455793380737,0.6678496599197388,0.13129591941833496,2
U02087,G01869,sigan practicando.,tupituku' inpalerianma',ñaper' lu'uk'tan,estate atento.,U00728,G00610,medium,0.7991455793380737,0.5960529446601868,0.20309263467788696,3
U00944,G00812,estamos limpios.,pekuipi ñapalidek,inapi ñapallidek,estamos disponibles.,U02178,G01958,hard,0.7428315877914429,0.6906644701957703,0.05216711759567261,3
U00944,G00812,estamos limpios.,pekuipi ñapalidek,yanpu'su' ñapallidek,estamos divorciados.,U01893,G01687,medium,0.7428315877914429,0.5899573564529419,0.15287423133850098,8
U02352,G02127,"después, al maíz pulverizado y la yuca asada desmenuzada se los apiacha (se mezclan a mano formando una masa).",ipa'linchi chitetllu' kellu'lek seklekka'lek.,"ipa'linchi katentamupu'su' pitawitapalek, ka'latulek.",entonces mientras se va masticando se va batiendo el líquido y se masca el afrecho (lo último de la yuca disuelta).,U02372,G02147,hard,0.8053504228591919,0.662863552570343,0.14248687028884888,2
U02352,G02127,"después, al maíz pulverizado y la yuca asada desmenuzada se los apiacha (se mezclan a mano formando una masa).",ipa'linchi chitetllu' kellu'lek seklekka'lek.,ipa'linchi ukdinu'ta'kasu'lek a'kasetllek.,"entonces con lo que se ha mascado (entre varias mujeres) se endulza. 2 ramichi, en español regional.",U02381,G02156,medium,0.8053504228591919,0.5414993762969971,0.2638510465621948,3
U02230,G02005,¿tienen hijos?,¿wilawanpalama'?,¿wilawanpala'?,¿tienes hijos?,U02231,G02006,medium,0.8451365828514099,0.6414464712142944,0.20369011163711548,2
U02623,G02398,"no dijo un viejo,","ma'sha tullima ala'sa' taserpi,","lanla' i'na di'tulli marceller,","a la ballena la mató marcel,",U02824,G02599,medium,0.7471276521682739,0.5841909646987915,0.16293668746948242,2
U01685,G01490,todos mienten.,iñer' tumu'llina',ñiden tumui'ñi,nadie mintió.,U00863,G00739,medium,0.8291372060775757,0.6211935877799988,0.2079436182975769,2
U02187,G01967,¿estabas llorando?,¿welliek'apawina?,welliek'apawiñi,estaba llorando.,U01843,G01638,medium,0.8641560077667236,0.6745961308479309,0.18955987691879272,2
U00343,G00275,soy amado.,luanpi nuka'ka,insilanpi nuka'ka,soy gemelo.,U00555,G00460,medium,0.8367611169815063,0.6816443800926208,0.1551167368888855,4
U00344,G00275,soy amada.,luanpi nuka'ka,sudasu' nuka'ka,soy casada.,U00822,G00698,hard,0.7795124053955078,0.6699859499931335,0.10952645540237427,4
U00344,G00275,soy amada.,luanpi nuka'ka,shamu'pensu' nuka'ka,soy delgado. (masculino),U00211,G00163,medium,0.7795124053955078,0.6164035797119141,0.16310882568359375,7
U01095,G00954,me arriesgaré.,inpalerichek,lata'echek,lo probaré.,U00807,G00683,hard,0.733837902545929,0.6525785326957703,0.08125936985015869,3
U01095,G00954,me arriesgaré.,inpalerichek,inanpilechek,me desnudo.,U01772,G01572,medium,0.733837902545929,0.5613812208175659,0.17245668172836304,8
U02183,G01963,estamos satisfechos.,sakeksu' ñapallidek,nampilalasu' ñapalidek,estamos despiertos.,U00943,G00811,hard,0.84331214427948,0.783320426940918,0.05999171733856201,3
U02183,G01963,estamos satisfechos.,sakeksu' ñapallidek,sadasu' ñapalek',estamos casados.,U01584,G01395,medium,0.84331214427948,0.6813045740127563,0.16200757026672363,6
U00276,G00222,¿quién nadó?,¿den iduñi?,¿den kana'tulli?,¿quién gana?,U01605,G01416,hard,0.6870235204696655,0.5848687291145325,0.10215479135513306,4
U00276,G00222,¿quién nadó?,¿den iduñi?,¿den'ina' kana'tulli?,¿quién ganó?,U00131,G00093,medium,0.6870235204696655,0.529120147228241,0.15790337324142456,11
U00216,G00168,estoy débil.,mudinui'su' ñapalek,ukapisu' ñapalek,estoy caliente.,U00215,G00167,hard,0.7772124409675598,0.7213833332061768,0.05582910776138306,7
U00216,G00168,estoy débil.,mudinui'su' ñapalek,ñapalek pilli'pi,estoy atrapado.,U00829,G00705,medium,0.7772124409675598,0.6244000196456909,0.1528124213218689,14
U03179,G02954,"¿cómo lo vas a llamar?, fidel, dijo (el cura).","¿ma'itetchuncha?, pidir tullima.","– ¿ma'ki'na nu'taterwa?, tullima ala'sa' taserpi.","-¿por qué vamos a matarlos?, dijo un viejo.",U03071,G02846,hard,0.5802813768386841,0.49994584918022156,0.08033552765846252,2
U03179,G02954,"¿cómo lo vas a llamar?, fidel, dijo (el cura).","¿ma'itetchuncha?, pidir tullima.",¿ma'ki'na kenmama' u'lama'? itullinerkudek.,¿por qué se portan así? nos decían.,U02794,G02569,medium,0.5802813768386841,0.4249594807624817,0.1553218960762024,4
U02509,G02284,yo le voy a enseñar todo lo que sé.,kualer a'lek'etchek iñer ñinchita'kasu'.,a'lek'etchenma' kuda ukluta'kudeksu'.,les voy a enseñar la elaboración de la chicha punta.,U02335,G02110,medium,0.8675941228866577,0.6346689462661743,0.2329251766204834,2
U01983,G01770,todos oraron.,iñer'daper' mallia'llina',iñer'daper yamerladallina',todos sonrieron.,U01984,G01771,hard,0.7726887464523315,0.652131199836731,0.12055754661560059,2
U01983,G01770,todos oraron.,iñer'daper' mallia'llina',adipi du'kunna' wa'inutullina'.,yendo a sentarse afuera y sintieron pena.,U02770,G02545,medium,0.7726887464523315,0.5320619940757751,0.2406267523765564,3
U01151,G01004,adivina.,teklerier' ninchita'mak,luwerchinpu'deker,ignoralos.,U00831,G00707,hard,0.7760717868804932,0.6788387894630432,0.09723299741744995,2
U01151,G01004,adivina.,teklerier' ninchita'mak,llinser'ku' nana,anoten eso.,U02197,G01977,medium,0.7760717868804932,0.6241148710250854,0.15195691585540771,6
U02790,G02565,antes los viejos ya finados no querían que nos acercáramos cuando éramos niños.,napi' taserpiku'lusa' luwanchiñina' kawita'kasu' wilakudek ña'sekkudek.,tullina' amiku'lusa' kuda usha'wañidek asu' ipa'la wa'danlusa' uk'anna' llikanerchi'ñinerkenmu'wa'.,las abuelas ya finadas dijeron: nosotros somos los culpables de que ahora los señores vengan y nos hagan la vida imposible sin motivo.,U03000,G02775,medium,0.8103544116020203,0.5770060420036316,0.23334836959838867,2
U01561,G01373,estamos llorando.,welliek'apallidek,idunwa',nademos.,U00607,G00503,medium,0.8588892221450806,0.6779784560203552,0.18091076612472534,2
U03195,G02970,"ahora se escoge los nombres leyendo en papel, a veces.","wadunek kerkek lli'amu llillinlusa', nerpi'pu'.",ipa'la walek kuda laukta'kudeksu' ñinchitapallidek.,hasta ahora nosotros los que hemos oído conocemos (de arákayu).,U02802,G02577,medium,0.6642662286758423,0.4776005148887634,0.18666571378707886,2
U03183,G02958,de allí le tocó el turno a otro.,naneklima asu' ali'lima panta'lli.,nanek tawetchulli.,ahí se pudrió.,U02830,G02605,medium,0.7400795817375183,0.5791175365447998,0.1609620451927185,2
U00930,G00799,podemos ayudar.,yinnitullidek katu'pa'tak,yennitulek'wa' katu'pa'a'kawak,podemos ayudarlos.,U02161,G01941,hard,0.920324981212616,0.8027033805847168,0.11762160062789917,2
U00930,G00799,podemos ayudar.,yinnitullidek katu'pa'tak,kuda katu'pa'techidek,nosotros ayudaremos.,U00692,G00579,medium,0.920324981212616,0.7258518934249878,0.19447308778762817,4
U01848,G01643,¡increíble!,¡latek'i'nek!,¡latek'inbu' nuka'a!,¡es increíble!,U02075,G01858,hard,0.8153437972068787,0.7052335143089294,0.11011028289794922,2
U01848,G01643,¡increíble!,¡latek'i'nek!,¡yatumu'ta!,¡no mientas!,U01981,G01768,medium,0.8153437972068787,0.5948930978775024,0.22045069932937622,3
U00953,G00820,¡qué desastre!,¡embu'ni panger'ipa'!,¡enpu'ni saka'dek'ipa'!,¡qué pesado!,U01053,G00913,hard,0.7114472389221191,0.6326265335083008,0.07882070541381836,7
U00953,G00820,¡qué desastre!,¡embu'ni panger'ipa'!,¡enpu'ni mupenchipa'!,¡qué romántico!,U01055,G00915,medium,0.7114472389221191,0.5407739877700806,0.17067325115203857,10
U01316,G01145,¿eres feliz?,¿musu' ñapala?,¿sadasu'cha ñapala?,¿estás casado?,U01940,G01730,medium,0.8200139403343201,0.6536156535148621,0.166398286819458,2
U02337,G02112,"ustedes también quieren aprender de qué manera se hace,","yañinchitulama' kenmama'nta' ma'pu'si'pa' nu'tulek,","iñer ñinchita'kudeksu' napi'ku'lusa'ki,","todo lo que sabemos de los antiguos,",U02306,G02081,medium,0.7459036707878113,0.5329987406730652,0.2129049301147461,2
U02932,G02707,"cuando se la llevaron, el viejo la agarró y la detectó.",ekpantasik ima taserpiler pilli'tan lutu'lli.,"pennen alañina', lli'llina' dullinen ukunpalalli.",le pidieron su candela (al duende) y se dieron cuenta de que sus intestinos estaban colgados.,U02925,G02700,hard,0.6826313138008118,0.585551381111145,0.09707993268966675,2
U02932,G02707,"cuando se la llevaron, el viejo la agarró y la detectó.",ekpantasik ima taserpiler pilli'tan lutu'lli.,penwanpasik pidekñik.,alguien estaba haciendo fuego en su casa.,U02584,G02359,medium,0.6826313138008118,0.5026883482933044,0.17994296550750732,4
U01194,G01036,se chocaron.,da'pañina',pilli'tullina',la cogieron.,U01842,G01637,hard,0.7436434626579285,0.647476315498352,0.09616714715957642,5
U01194,G01036,se chocaron.,da'pañina',muisu' kankantullina,se desmayaron.,U00970,G00836,medium,0.7436434626579285,0.5901875495910645,0.153455913066864,9
U01195,G01036,se estrellaron.,da'pañina',chi'yek llina',se escaparon.,U01196,G01037,hard,0.7871324419975281,0.6870452761650085,0.10008716583251953,3
U01195,G01036,se estrellaron.,da'pañina',anu'llina',cayeron.,U00430,G00347,medium,0.7871324419975281,0.6343404054641724,0.1527920365333557,5
U02169,G01949,andamos mucho.,dek'kuntapallidek' wapu',tupi'wa' ekter'lupa',sigamos adelante.,U01510,G01325,medium,0.8144631385803223,0.5873117446899414,0.22715139389038086,2
U00159,G00118,¡buen trabajo!,¡musa'ka'tuna!,¡u'chimu ñinalu'!,¡buen país!,U01901,G01695,hard,0.7940543293952942,0.7055277824401855,0.08852654695510864,2
U00159,G00118,¡buen trabajo!,¡musa'ka'tuna!,musu'nakuku',pásenla bien.,U00163,G00121,medium,0.7940543293952942,0.6231055855751038,0.17094874382019043,6
U01745,G01547,quiero ayudar.,yakatupa'tulek,katu'pa',la ayuda.,U01046,G00906,hard,0.8551262021064758,0.7353463172912598,0.11977988481521606,3
U01745,G01547,quiero ayudar.,yakatupa'tulek,katu'palek,le ayudo.,U00527,G00437,medium,0.8551262021064758,0.7049126625061035,0.15021353960037231,4
U02232,G02007,¿tienes arroz?,¿pumuladawanpala?,¿a'ñapala cerveza?,¿tienes cerveza?,U02229,G02004,hard,0.7652448415756226,0.7031964659690857,0.062048375606536865,2
U02232,G02007,¿tienes arroz?,¿pumuladawanpala?,¿indekllitapala bulichi?,¿juegas boliche?,U00739,G00619,medium,0.7652448415756226,0.5810984969139099,0.18414634466171265,5
U01789,G01588,no funcionó.,ku'la saka'chi'ñi,ma'kek'pachi'ñi,es irrelevante.,U02076,G01859,hard,0.7917218208312988,0.6514810919761658,0.14024072885513306,2
U01789,G01588,no funcionó.,ku'la saka'chi'ñi,kana'chi'ñina',perdieron.,U00431,G00348,medium,0.7917218208312988,0.6015827059745789,0.19013911485671997,3
U01215,G01056,tom canceló.,tom a'ta'wantulli,tom yunsu'lli,tom renunció.,U00259,G00206,hard,0.7954214215278625,0.7133585810661316,0.08206284046173096,3
U01215,G01056,tom canceló.,tom a'ta'wantulli,tom si'lentulli,tom vaciló.,U01554,G01366,medium,0.7954214215278625,0.6123005151748657,0.18312090635299683,4
U01216,G01056,tom terminó.,tom a'ta'wantulli,tom yunsu'lli,tom renunció.,U00259,G00206,hard,0.8415882587432861,0.6965943574905396,0.14499390125274658,3
U01216,G01056,tom terminó.,tom a'ta'wantulli,ta'wan'tulli,se terminó.,U00370,G00301,medium,0.8415882587432861,0.6425333619117737,0.19905489683151245,4
U00842,G00718,fue real.,ñiwiñi tekinchi,tekkinchi nuka'a,es verdad.,U00373,G00304,medium,0.7739390134811401,0.6038599014282227,0.17007911205291748,2
U00482,G00395,¿fue tom?,¿tom ñiwiñi?,¿ñapalli tom?,¿está tom?,U00351,G00282,hard,0.7630674839019775,0.6217159628868103,0.14135152101516724,2
U00482,G00395,¿fue tom?,¿tom ñiwiñi?,tom nuka'a,es tom.,U00223,G00175,medium,0.7630674839019775,0.5815610885620117,0.18150639533996582,3
U00173,G00131,puedo ir.,yennitulek pa'ak,yen'nitulek teka'ak',puedo correr.,U00318,G00254,hard,0.8896695375442505,0.7729231715202332,0.11674636602401733,2
U00173,G00131,puedo ir.,yennitulek pa'ak,¿yen'nitulek pa'ak?,¿puedo ir?,U00239,G00189,medium,0.8896695375442505,0.7148558497428894,0.17481368780136108,3
U00813,G00689,tengo curiosidad.,ñinchidinupalek,ñinchichi'nek,no sé.,U01068,G00927,hard,0.7866423726081848,0.6440687775611877,0.14257359504699707,2
U00813,G00689,tengo curiosidad.,ñinchidinupalek,yañinchitulek,quiero aprender.,U02029,G01813,medium,0.7866423726081848,0.6292228698730469,0.15741950273513794,3
U01044,G00904,sé valiente.,nantapitek ñiker',mukankan ñiker',sé agradable.,U00054,G00043,hard,0.745686948299408,0.6369108557701111,0.10877609252929688,3
U01044,G00904,sé valiente.,nantapitek ñiker',cheksu' ñiker',sé específico.,U00724,G00890,medium,0.745686948299408,0.5917714238166809,0.15391552448272705,7
U02984,G02759,"sin embargo, aquí ninguno de nosotros tiene casa embarrada así dijeron los que se habían ido a ver.",kenmu'wi'na asek ñiden lupa'paperwi'ñi tullima nana lli'tukunlusa'.,kenmu'wa' chimiansikwa' ma'ilipa' lli'tetchu tullini'ma napi'.,cuando nosotros perezcamos qué cosas quizá aparecerán dijeron antes.,U03041,G02816,medium,0.6674720048904419,0.452321857213974,0.2151501476764679,2
U02047,G01830,me carcajeo.,yamerlek,pi'ser'katulek,me tropecé.,U00332,G00267,hard,0.62693852186203,0.5752497911453247,0.05168873071670532,10
U02047,G01830,me carcajeo.,yamerlek,yawerannek,quiero comer.,U01422,G01242,medium,0.62693852186203,0.4665040373802185,0.16043448448181152,35
U00215,G00167,estoy caliente.,ukapisu' ñapalek,muin'su' ñapalek,estoy afectado.,U00094,G00425,hard,0.7389723062515259,0.6882265210151672,0.05074578523635864,11
U00215,G00167,estoy caliente.,ukapisu' ñapalek,¿weipensu' ñapalek?,¿estoy gordo?,U00134,G00096,medium,0.7389723062515259,0.5827440023422241,0.15622830390930176,25
U01769,G01569,soy músico.,tuluner'cheku nuka'ka,llinserchutek' nuka'ka,soy escritor.,U01099,G00958,medium,0.8147058486938477,0.6134527921676636,0.20125305652618408,2
U03113,G02888,así a otros recriminan.,"nu'su' ali'ladaper llipetchullina',",nanek ima nu'unta' ipa' wa'latapallina'.,"dice que ahí otras estaban soñando,",U02902,G02677,hard,0.6681561470031738,0.5674567818641663,0.10069936513900757,2
U03113,G02888,así a otros recriminan.,"nu'su' ali'ladaper llipetchullina',",ali'ladaper ima ker' aku'pakuñina'.,"otros, dice, fueron a poner más yuca (para aprovisionarse).",U02959,G02734,medium,0.6681561470031738,0.5144817233085632,0.1536744236946106,6
U01777,G01576,me vieron.,lli'lliner'ku,luwer'chuwiñiner'ku,me conocían.,U01197,G01038,medium,0.8560349345207214,0.6561707854270935,0.19986414909362793,2
U02941,G02716,"ahí mascaron ají, pusieron tabaco en su boca, tomaron tabaco diluido para no dormirse.","nanek nuka' uklullina', pinter katenñina', pinchiyek nu'tanna' ullina' wichi'inpu'erkek.","nu'sik sunka'teklusa', sunkapilusa' kananpallina', ama'nna'pu'su' dadektanna' usu'pallina'.","también hallaban restos de cerámica, restos de adobe para parar las ollas, al bañarse, al bucear sacaban.",U02574,G02349,medium,0.7759770154953003,0.49868738651275635,0.27728962898254395,2
U01442,G01260,te mostraré.,alli'echen,alli'echek,le mostraré.,U01443,G01261,hard,0.8728029727935791,0.7394184470176697,0.13338452577590942,2
U01442,G01260,te mostraré.,alli'echen,lu'wañen,te extrañé.,U01074,G00933,medium,0.8728029727935791,0.677307665348053,0.19549530744552612,4
U01982,G01769,todos miraron.,iñer'daper' lli'tullina',lli'tullina' musu',parecen felices.,U02133,G01913,medium,0.8162530064582825,0.6018142700195312,0.21443873643875122,2
U02595,G02370,luego alegrándose los invitó a su patio exterior.,nu'an ima arakayu sakek'an peklu'deklli inyulateknen ima.,nanek ima ipa'linchi tanpen peklu'lli.,entonces dice que ahí llamó al hombre candela.,U02727,G02502,hard,0.6942098736763,0.6155093908309937,0.0787004828453064,2
U02595,G02370,luego alegrándose los invitó a su patio exterior.,nu'an ima arakayu sakek'an peklu'deklli inyulateknen ima.,nanekla ali'la musun pa'nunta'lli pentunanlusa' aku'pilan.,"de ahí, otro grupo se fue otra vez colocando puentes.",U02985,G02760,medium,0.6942098736763,0.5045539140701294,0.18965595960617065,4
U01678,G01484,¿me quieres?,¿luwantulun?,¿luwantapala?,¿le quieres?,U01977,G01765,hard,0.832848310470581,0.6915544867515564,0.14129382371902466,3
U01678,G01484,¿me quieres?,¿luwantulun?,luwantudek'lek,los necesito.,U00790,G00667,medium,0.832848310470581,0.6097308397293091,0.22311747074127197,4
U01679,G01484,¿me amas?,¿luwantulun?,luantullien,te quiero.,U00534,G00441,hard,0.7589287757873535,0.6128013134002686,0.14612746238708496,4
U01679,G01484,¿me amas?,¿luwantulun?,sadalek (hombre) / sudalek (mujer),me casé.,U01401,G01225,medium,0.7589287757873535,0.6003446578979492,0.1585841178894043,6
U02874,G02649,yendo vio a alguien tocando flauta (era el duende).,pa'an ima lli'kuñi pilenñantapalli.,nanek da'an lli'itulli dinlupinen.,"ahí entrando (dentro de la ballena, marcel) le vio su corazón.",U02827,G02602,hard,0.6475329399108887,0.5398504137992859,0.10768252611160278,2
U02874,G02649,yendo vio a alguien tocando flauta (era el duende).,pa'an ima lli'kuñi pilenñantapalli.,arakayu ima luntulli wa'anler.,a arákayu le habló el gobernante.,U02672,G02447,medium,0.6475329399108887,0.4864231050014496,0.1611098349094391,4
U02847,G02622,"¡qué fieras habrán ahí, por donde vamos a abrir el camino!","¡ma'nen ilipa' ñapalli anaka'lusa', nana inchilala yekketcha'kawa'su'lupa'!",ali'la taserpima tununta'llin pitan ¡ma'sha aner yatek kuatama'! ¿kenmu'shasa' a'ta' pa'aterwa'?,dicen que otro viejo se levantó y dijo también ¡no teman! ¿acaso vamos a ir solos?,U02849,G02624,medium,0.7536224722862244,0.5762985348701477,0.17732393741607666,2
U01259,G01095,¿quién escuchó?,¿den lauk'tulli?,¿den lamapu'lli?,¿quién gritó?,U00705,G00591,medium,0.9208397269248962,0.6641411185264587,0.2566986083984375,2
U02680,G02455,será mejor que nos apropiemos de estos peces.,a'pimuchun kenmu'wa'ki ñii asu' samer.,nanadaper a'ka di'tupatekwa' musu' pa'aterwa'.,a todos ellos matándolos bien vamos a ir.,U02852,G02627,medium,0.7322348952293396,0.5375410914421082,0.19469380378723145,2
U01531,G01344,¡qué listo!,¡dakuti'ñi!,¡latek'inbu' nuka'a!,¡es increíble!,U02075,G01858,hard,0.5959697365760803,0.5312408208847046,0.06472891569137573,6
U01531,G01344,¡qué listo!,¡dakuti'ñi!,¡katu'lada!,¡hipócrita!,U01614,G01425,medium,0.5959697365760803,0.44032683968544006,0.15564289689064026,24
U02947,G02722,"entonces de verdad cuando llegó (el duende) pelearon, pelearon mucho rato.","nanek ima ipa'linchi ma'i... nanek tekkinchi uksik idenmallini'ma, enpu'nipi'ma idenmallina'.","ipa'linchi nawa' ektu'na' palenñantullina', puñañin llisantullina'.","entonces los hombres llegaron y construyeron tambo, chancaron barbasco.",U02516,G02291,hard,0.7762844562530518,0.6281183362007141,0.14816612005233765,2
U02947,G02722,"entonces de verdad cuando llegó (el duende) pelearon, pelearon mucho rato.","nanek ima ipa'linchi ma'i... nanek tekkinchi uksik idenmallini'ma, enpu'nipi'ma idenmallina'.","nawei'mi'na nana malek ima nawa' ta'tushalanna' pa'llina', ta'tushalanni'ma dekkuntullina'.","por eso ellos se fueron calladitos, caminaron cuidadosamente sin hacer ruido.",U02971,G02746,medium,0.7762844562530518,0.5770514607429504,0.19923299551010132,3
U02175,G01955,estábamos hablando.,lumpawiñidek,ñinpi' lunpi'ñidek,nunca hablamos.,U01573,G01384,hard,0.6963269710540771,0.5672838687896729,0.1290431022644043,5
U02175,G01955,estábamos hablando.,lumpawiñidek,lun'awa',charlemos.,U00602,G00504,medium,0.6963269710540771,0.5455184578895569,0.15080851316452026,9
U01418,G01238,dormí mucho.,nakusu' wichilek,nakusu' wichi'llidek,dormimos demasiado.,U01243,G01081,hard,0.7698743343353271,0.6797556281089783,0.09011870622634888,2
U01418,G01238,dormí mucho.,nakusu' wichilek,wichi'lek,dormí.,U00085,G01223,medium,0.7698743343353271,0.6198478937149048,0.15002644062042236,5
U00786,G00663,lo extrañaba.,lu'wanwinek,luwantudek'lek,los necesito.,U00790,G00667,medium,0.7948081493377686,0.5692982077598572,0.22550994157791138,2
U00030,G00025,mentí.,tumu'lek,tumu'lli,hizo trampa.,U00968,G00834,medium,0.8737952709197998,0.6927306652069092,0.18106460571289062,3
U00986,G00850,¿eres sordo?,¿luuktek' nukama?,¿tekinchi nuka'ma?,¿eres real?,U02218,G01995,hard,0.5956212282180786,0.5303391218185425,0.06528210639953613,5
U00986,G00850,¿eres sordo?,¿luuktek' nukama?,¿sekipia'cha?,¿es privado?,U01467,G01285,medium,0.5956212282180786,0.4359453320503235,0.15967589616775513,18
U02776,G02551,"besándose las manos, lloraban.","inmusha'iteklatanna', wellekllina'.","wadeklek, susullina'.",los parí y crecieron.,U02266,G02041,medium,0.8386351466178894,0.6138386130332947,0.22479653358459473,2
U01720,G01523,me arrestaron.,pilli'tulliner'ku',enka'lliner'ku,me alcanzaron.,U00322,G00257,hard,0.7319498062133789,0.6654968857765198,0.06645292043685913,4
U01720,G01523,me arrestaron.,pilli'tulliner'ku',luwer'chuwiñiner'ku,me conocían.,U01197,G01038,medium,0.7319498062133789,0.5780853033065796,0.15386450290679932,14
U02498,G02273,por eso ahora estoy aquí.,ipa'la nu'amu asek ñapalek.,¡asek ñapallidek!,¡aquí estamos!,U00761,G00640,medium,0.8798103928565979,0.6283949017524719,0.251415491104126,2
U02298,G02073,ya que a mis hijos no les enseñé.,wilaweklusa'pa' ma'sha a'lekdek'i'nek.,nu'unta'shasi'pa' wilaweklusa' lachek'apilanti'ñina'.,"algunitos de mis hijos quizás me estén entendiendo, pero ya no entienden bien.4",U02414,G02189,medium,0.8888921737670898,0.7359368801116943,0.1529552936553955,2
U01359,G01186,espera ahí.,nanek watenker',llia'ker nanek,quédese ahí.,U01920,G01711,medium,0.7954419851303101,0.5738115310668945,0.22163045406341553,3
U01360,G01186,espere allí.,nanek watenker',wa'tenker' a'mercha.,sea paciente.,U00466,G00381,medium,0.7998906970024109,0.621121883392334,0.1787688136100769,3
U00020,G00017,¡al ataque!,¡paku' llipu'tudek'kunku'!,¡daker'ku'!,¡entren!,U00059,G00047,hard,0.7329713106155396,0.597555935382843,0.13541537523269653,2
U00020,G00017,¡al ataque!,¡paku' llipu'tudek'kunku'!,¡pilli'ter'!,¡sujétalo!,U01378,G01203,medium,0.7329713106155396,0.5809781551361084,0.15199315547943115,4
U01237,G01076,almorzamos.,ikinek'uklli werañidek,nakusu' wichi'llidek,dormimos demasiado.,U01243,G01081,medium,0.8381500244140625,0.6648141741752625,0.17333585023880005,2
U01865,G01659,atacarán.,panper'echuna',ekte'chechu,se adelantará.,U00155,G00114,hard,0.7246736884117126,0.6402170062065125,0.0844566822052002,3
U01865,G01659,atacarán.,panper'echuna',tom idenmechu,tom luchará.,U01877,G01671,medium,0.7246736884117126,0.5724300146102905,0.15224367380142212,6
U00650,G00542,tomás bailó.,chuma lansa'lli,tomas tumu'palli,tomás miente.,U00256,G00203,medium,0.7809942364692688,0.6115323901176453,0.16946184635162354,2
U00566,G00470,¡tengo sueño!,¡yawichi'lek!,yawichi'lek,tengo sueño.,U00567,G00471,medium,0.8136337995529175,0.6055395603179932,0.20809423923492432,2
U00616,G00512,reemplázalo.,a'pawilek'ker',a'kawiter',acércalo.,U01946,G01736,hard,0.678522527217865,0.5405542850494385,0.1379682421684265,2
U00616,G00512,reemplázalo.,a'pawilek'ker',a'tashunker',apágalo.,U00920,G00790,medium,0.678522527217865,0.5200479626655579,0.15847456455230713,3
U01064,G00923,me corto.,indei'techek,yunsu'pilalek,voy saliendo.,U02052,G01835,hard,0.7238043546676636,0.6326429843902588,0.09116137027740479,3
U01064,G00923,me corto.,indei'techek,wiperi'u,abrázame.,U00027,G00022,medium,0.7238043546676636,0.5669378042221069,0.15686655044555664,8
U02861,G02636,tal vez los que primero están abriendo trocha lleguen hasta moyobamba dijo el otro viejo.,nanentu saka'tulusui'pa' muyunpak walek ektui'nchuna' tullima ali'la taserpi.,nawa' ñinanlu'nenna' a'llupitununtekchuna' itullima tanpen muda'.,sólo el pueblo de ellos se reproducirá le dijo al hombre candela.,U02734,G02509,medium,0.7451353073120117,0.5175725221633911,0.2275627851486206,2
U01966,G01755,¿me extrañaste?,¿lu'wan'nun?,¿luwantulun?,¿me amas?,U01679,G01484,hard,0.7481088042259216,0.5992359519004822,0.14887285232543945,2
U01966,G01755,¿me extrañaste?,¿lu'wan'nun?,¿luwer'chapallien?,¿te conozco?,U01342,G01170,medium,0.7481088042259216,0.5889014601707458,0.15920734405517578,4
U00683,G00571,podemos ganar.,yennitulekwa' kana'tak,kana'ta'kawa'su' ñapalli,deberíamos ganar.,U02165,G01945,hard,0.8074336051940918,0.7172883152961731,0.0901452898979187,2
U00683,G00571,podemos ganar.,yennitulekwa' kana'tak,yennitulekwa' nu'tak,podemos hacerlo.,U01234,G01073,medium,0.8074336051940918,0.6322377920150757,0.1751958131790161,4
U02906,G02681,"como después de tres días no aparecieron, el gobernante convocó al pueblo.","kala ukllima lli'chinpu'a'ser, wa'an peklu'deklli ñinanlu' nanapu'si'la.","nu'sui'ma pa'apan, ala'lu'sa' wa'anler a'peklu'tulli.","así dice cuando estaba transcurriendo, una vez el gobernante le hizo llamar.",U02664,G02439,medium,0.6358743906021118,0.4839808940887451,0.1518934965133667,2
U01557,G01369,tom cocinará.,tom akusute'chu,tom panwilek'techu,tom pagará.,U00676,G00566,hard,0.7859917283058167,0.6466947197914124,0.1392970085144043,3
U01557,G01369,tom cocinará.,tom akusute'chu,ekte'chechu,se adelantará.,U00155,G00114,medium,0.7859917283058167,0.556650698184967,0.2293410301208496,4
U00797,G00674,quiero eso.,nana luwantulek,asu' luwantulek,quiero este.,U00798,G00675,hard,0.8698427081108093,0.7781854867935181,0.09165722131729126,2
U00797,G00674,quiero eso.,nana luwantulek,nanalatekapalek,eso creo.,U00547,G00453,medium,0.8698427081108093,0.6648350954055786,0.2050076127052307,4
U02633,G02408,"no conocían el tucunaré,","ñi luwetchi'ñina' asu' tukuner,","ñinchillinsetchanna',","sabiendo escribir,",U02805,G02580,hard,0.6683180928230286,0.6111495494842529,0.057168543338775635,4
U02633,G02408,"no conocían el tucunaré,","ñi luwetchi'ñina' asu' tukuner,","wilalusa' luwetchi'ñina' panwalalan,","los niños no conocen la vacamarina,",U02781,G02556,medium,0.6683180928230286,0.5157811045646667,0.15253698825836182,9
U02036,G01820,estaría agradecido.,yuspeine'pi ñapina'ka,musu' ñape'chu,estarás bien.,U01290,G01121,medium,0.7908283472061157,0.5946313738822937,0.19619697332382202,2
U00703,G00589,¿qué pasa?,¿mapu'la?,¿ma'nen ñapalli?,¿qué hay?,U00453,G00369,hard,0.7654286026954651,0.6498739719390869,0.11555463075637817,3
U00703,G00589,¿qué pasa?,¿mapu'la?,¿enpuduncha?,¿cuánto es?,U01706,G01509,medium,0.7654286026954651,0.6149687767028809,0.15045982599258423,5
U01088,G00947,fui enmarcado.,a'apitulliner'ku,inlu'uktuwinek,tuve cuidado.,U01425,G01245,hard,0.736664891242981,0.6583952307701111,0.07826966047286987,2
U01088,G00947,fui enmarcado.,a'apitulliner'ku,iker'lalak aku'llinerku,me demandaron.,U01779,G01578,medium,0.736664891242981,0.5847678780555725,0.15189701318740845,9
U00161,G00119,diviértanse.,sakek'ku',paker' ñilupa',apártate.,U00137,G00098,hard,0.5879795551300049,0.5061014890670776,0.08187806606292725,4
U00161,G00119,diviértanse.,sakek'ku',a'sanek'ker',enfríalo.,U01017,G00879,medium,0.5879795551300049,0.4376131594181061,0.1503663957118988,11
U02185,G01965,tenemos esos.,nanadaper a'ñapallidek,a'ñapallidek ñiñi'wa,tenemos perro.,U01569,G01380,hard,0.8052207827568054,0.7189623117446899,0.08625847101211548,2
U02185,G01965,tenemos esos.,nanadaper a'ñapallidek,nawa'sa' ñapallina',están solos.,U01544,G01356,medium,0.8052207827568054,0.6320990324020386,0.17312175035476685,3
U01466,G01284,¿es popular?,¿luwer'pia'cha?,¿suntadulusa'cha?,¿son polis?,U01307,G01138,hard,0.5842909216880798,0.5199310779571533,0.06435984373092651,3
U01466,G01284,¿es popular?,¿luwer'pia'cha?,¿luwer'chapalama'u?,¿me conocen?,U01675,G01481,medium,0.5842909216880798,0.40338778495788574,0.1809031367301941,15
U00170,G00128,¡date prisa!,¡wiuker'!,¡latada'ker'!,¡relajate!,U01182,G01029,hard,0.6986188888549805,0.6447007060050964,0.05391818284988403,4
U00170,G00128,¡date prisa!,¡wiuker'!,¡li'ker'la!,¡sé cuidadoso!,U00464,G00379,medium,0.6986188888549805,0.5386663675308228,0.15995252132415771,12
U02503,G02278,acá no tengo ningún familiar.,asek kua patun a'ñinekta'la.,kua asek wilawañun awawek.,aquí me engendró mi madre.,U02252,G02027,hard,0.7794778347015381,0.6476314663887024,0.1318463683128357,2
U02503,G02278,acá no tengo ningún familiar.,asek kua patun a'ñinekta'la.,ipa'la nu'amu asek ñapalek.,por eso ahora estoy aquí.,U02498,G02273,medium,0.7794778347015381,0.6050598621368408,0.17441797256469727,3
U02753,G02528,"todas las temporadas de lluvias inunda,","iñer u'lan'ukllik wisunanpalli,","iñer ka'latak saneksik,",cuando todo está mascado y enfriado,U02373,G02148,hard,0.772527277469635,0.6795303821563721,0.09299689531326294,2
U02753,G02528,"todas las temporadas de lluvias inunda,","iñer u'lan'ukllik wisunanpalli,","iñerdaper yu'nkellapilli,","todos (los peces) salieron,",U02744,G02519,medium,0.772527277469635,0.6108194589614868,0.1617078185081482,3
U03025,G02800,"nadie lo ve, no se deja que lo vean, así.","ñidenler lli'api'ñi, yaya'nlli'chi'ñi, nu'su'.",ñi a'pinta' nanadaper lli'inuchi'ñina'.,(los jóvenes) ya no valoran esas cosas.,U02807,G02582,medium,0.8086510300636292,0.5565242171287537,0.2521268129348755,2
U00384,G00313,déjame entrar.,ta'itula'u yada'lek,ta'itula'u pae'chek,déjame irme.,U01810,G01607,hard,0.8268306851387024,0.6947397589683533,0.13209092617034912,3
U00384,G00313,déjame entrar.,ta'itula'u yada'lek,erwa' ektu'lek,llego tarde.,U00202,G00155,medium,0.8268306851387024,0.6413661241531372,0.18546456098556519,4
U00385,G00313,déjeme entrar.,ta'itula'u yada'lek,ta'itula'u pae'chek,déjame irme.,U01810,G01607,hard,0.8200961947441101,0.7106209993362427,0.10947519540786743,3
U00385,G00313,déjeme entrar.,ta'itula'u yada'lek,ta'ituler' da'encha'i,déjalo entrar.,U00598,G00497,medium,0.8200961947441101,0.6323903799057007,0.18770581483840942,4
U01747,G01549,quiero jugar.,yaintekllitulek,yasaka'tulek,quiero trabajar.,U01751,G01553,hard,0.7353082895278931,0.6418757438659668,0.09343254566192627,3
U01747,G01549,quiero jugar.,yaintekllitulek,yanampilek,quiero vivir.,U01746,G01548,medium,0.7353082895278931,0.5794010162353516,0.1559072732925415,9
U02794,G02569,¿por qué se portan así? nos decían.,¿ma'ki'na kenmama' u'lama'? itullinerkudek.,"¿ma'itetchuncha?, pidir tullima.","¿cómo lo vas a llamar?, fidel, dijo (el cura).",U03179,G02954,hard,0.694662868976593,0.5657511353492737,0.12891173362731934,3
U02794,G02569,¿por qué se portan así? nos decían.,¿ma'ki'na kenmama' u'lama'? itullinerkudek.,¿napi'lanlek a'ta' na'wa' saka'tukellina'?.,"¿acaso desde antes, pues, ellos han venido a trabajar?",U03142,G02917,medium,0.694662868976593,0.5153228640556335,0.17934000492095947,7
U03118,G02893,ellos ahora nos estan enseñando el castellano.,nawa' ipa'la asu' kaschilla la'la' a'lek'apallinerkudek.,ipa'la peklu'lek leklun pitun.,ahora le llamamos a ese lugar la poza de la niña.,U02725,G02500,medium,0.832912266254425,0.5661323070526123,0.26677995920181274,2
U01207,G01048,son rápidos.,wiuksu'lusa' nuker'ka,saputek'lusa' nuker'ka,son débiles.,U01212,G01053,hard,0.7414743900299072,0.6361150741577148,0.10535931587219238,2
U01207,G01048,son rápidos.,wiuksu'lusa' nuker'ka,sha'pi'su'sa' nuker'ka,son amarillas.,U02127,G01907,medium,0.7414743900299072,0.5905426740646362,0.150931715965271,4
U02632,G02407,"pero dice que no conocían el acarahuasú,","ñimi'na luwetchi'ñina' iker'adu,","luwetchi'ñina' panwala,","no conocen la huangana,",U02782,G02557,hard,0.7095283269882202,0.6499056816101074,0.05962264537811279,2
U02632,G02407,"pero dice que no conocían el acarahuasú,","ñimi'na luwetchi'ñina' iker'adu,",yalli'tama,no miren.,U00485,G00398,medium,0.7095283269882202,0.528788685798645,0.1807396411895752,6
U02695,G02470,después poniéndose de pie dijo:,nu'an ima waneran tulli:,"nanima pennu'pilenchan, unchan itudeklli:","ahí vino volando, bajó y le dijo (a la gente):",U02520,G02295,hard,0.787533700466156,0.6457070708274841,0.14182662963867188,2
U02695,G02470,después poniéndose de pie dijo:,nu'an ima waneran tulli:,naneklima itulli:,de ahí le dijo:,U02876,G02651,medium,0.787533700466156,0.6327176690101624,0.15481603145599365,3
U01126,G00979,me toca. (tocar),pata'lliu,wiperi'u,abrázame.,U00027,G00022,medium,0.7678237557411194,0.5737550258636475,0.19406872987747192,2
U01764,G01567,te llamaré.,peklue'chen,peclu'echek,lo llamaré.,U01436,G01256,hard,0.8636638522148132,0.7177653312683105,0.14589852094650269,3
U01764,G01567,te llamaré.,peklue'chen,lu'wañen,te extrañé.,U01074,G00933,medium,0.8636638522148132,0.6668376922607422,0.19682615995407104,4
U01767,G01567,te invitaré.,peklue'chen,peclu'echek,lo llamaré.,U01436,G01256,hard,0.8339093327522278,0.696584939956665,0.13732439279556274,3
U01767,G01567,te invitaré.,peklue'chen,panuerken,te recompensaré.,U02045,G01828,medium,0.8339093327522278,0.6748786568641663,0.15903067588806152,4
U01698,G01501,la increpó.,yutulli,lliaka'uk enka'lina,lo abofeteó.,U02115,G01896,hard,0.7312861680984497,0.648869514465332,0.08241665363311768,2
U01698,G01501,la increpó.,yutulli,pi'ser'katulek,me tropecé.,U00332,G00267,medium,0.7312861680984497,0.5674928426742554,0.16379332542419434,5
U01462,G01280,soy sensible.,manenpita' ikerchulek,kuakeksa' lli'inupalek,soy egoísta.,U00828,G00704,hard,0.65352463722229,0.6030895709991455,0.05043506622314453,7
U01462,G01280,soy sensible.,manenpita' ikerchulek,lachek'apilalek,estoy comprendiendo.,U02046,G01829,medium,0.65352463722229,0.502143144607544,0.1513814926147461,32
U03087,G02862,¿nos van a querer?,"adencha'n ima wa'an lekllina' -adanpilencha'llidek kuda, ¿luwandetchuma' a'cha? regresando le pidieron al gobernante -nosotros estamos volviendo,",¿luwer'chapalama?,¿la conocen?,U01972,G01761,hard,0.5819381475448608,0.4907623529434204,0.09117579460144043,6
U03087,G02862,¿nos van a querer?,"adencha'n ima wa'an lekllina' -adanpilencha'llidek kuda, ¿luwandetchuma' a'cha? regresando le pidieron al gobernante -nosotros estamos volviendo,",kuda a'nañiechidek,nosotros compartiremos.,U00941,G00809,medium,0.5819381475448608,0.4311807453632355,0.15075740218162537,24
U02672,G02447,a arákayu le habló el gobernante.,arakayu ima luntulli wa'anler.,arakayuler tanpen peklu'n itulli,arakáyu llamó al hombre candela y le dijo,U02728,G02503,hard,0.708874523639679,0.6135189533233643,0.0953555703163147,2
U02672,G02447,a arákayu le habló el gobernante.,arakayu ima luntulli wa'anler.,tan ima arakayu nana lanla' aku'lli.,dijo arákayu y puso la ballena.,U02821,G02596,medium,0.708874523639679,0.549150288105011,0.15972423553466797,5
U01534,G01346,es simple.,saka'dek'inpu',ku'la saka'chi'ñi,no funcionó.,U01789,G01588,medium,0.7444309592247009,0.5731574892997742,0.17127346992492676,2
U02942,G02717,dice que de verdad la tierra tembló (debido a que el duende venía).,nanek ima tekkinchi lupa' lenmeklli.,tuna'sik wetlli.,cuando se silenció desapareció.,U02703,G02478,hard,0.6661028265953064,0.5815958976745605,0.08450692892074585,2
U02942,G02717,dice que de verdad la tierra tembló (debido a que el duende venía).,nanek ima tekkinchi lupa' lenmeklli.,kala ekkilala ima uketlli.,cuentan que tres años ardió.,U02552,G02327,medium,0.6661028265953064,0.48694583773612976,0.17915698885917664,3
U02353,G02128,ahí nomás se endulza con azúcar.,nanekpi'la a'kasetllek asukallek.,nu'sik upetchununta'lek deklek.,luego se vuelve a agregar agua.,U02370,G02145,hard,0.7019959092140198,0.5988494157791138,0.103146493434906,2
U02353,G02128,ahí nomás se endulza con azúcar.,nanekpi'la a'kasetllek asukallek.,inyek ipa'linchi peksanek.,una vez tostado se lo muele.,U02347,G02122,medium,0.7019959092140198,0.5426957607269287,0.15930014848709106,5
U00936,G00804,te extrañamos.,lu'wanñiden,luwer'chapalliñer'ken,te conocen.,U01539,G01351,hard,0.7955512404441833,0.6499677896499634,0.14558345079421997,2
U00936,G00804,te extrañamos.,lu'wanñiden,luwantulliden,te necesitamos.,U00937,G00805,medium,0.7955512404441833,0.628577709197998,0.1669735312461853,3
U00138,G00099,sé fuerte.,nantapitek' ñiker',ñapaker' nanpiladasu',mantente despierto.,U00626,G00521,hard,0.71807461977005,0.6526734232902527,0.06540119647979736,3
U00138,G00099,sé fuerte.,nantapitek' ñiker',cheksu' ñiker',sé específico.,U00724,G00890,medium,0.71807461977005,0.5656624436378479,0.15241217613220215,9
U02731,G02506,"los de mal corazón que se quemen bien,","mukankinpu'lusa' uksu'ketchina',","u'ñikuchu'chekshalima, kunsek kutu',","sus piernitas eran muy flaquitas, piernas chuecas,",U02461,G02236,hard,0.791120171546936,0.6582005620002747,0.13291960954666138,2
U02731,G02506,"los de mal corazón que se quemen bien,","mukankinpu'lusa' uksu'ketchina',","aner yatek kuatama',","no tengan miedo,",U02639,G02414,medium,0.791120171546936,0.617283284664154,0.17383688688278198,3
U02774,G02549,dijeron los viejos finados también con pena.,tullina' taserpiku'lusa'.,lli'kuñina' chipetcheklusa'sa' pektentapa'ser nanek.,vieron solamente los mosquiteros templados ahí.,U02921,G02696,hard,0.6529094576835632,0.5689550638198853,0.08395439386367798,3
U02774,G02549,dijeron los viejos finados también con pena.,tullina' taserpiku'lusa'.,sapana'lusa'sa' pekpillina'.,sólo los bufeos salieron.,U02704,G02479,medium,0.6529094576835632,0.4909604787826538,0.16194897890090942,7
U01875,G01669,tom recordó.,tom lli'inutulli,tom lli'inutapalli,tom recuerda.,U01553,G01365,hard,0.8193662166595459,0.7010309100151062,0.1183353066444397,2
U01875,G01669,tom recordó.,tom lli'inutulli,tom lli'tulli,tom miró.,U00660,G00550,medium,0.8193662166595459,0.661439836025238,0.15792638063430786,3
U01823,G01619,continuemos.,tupitawa',llia'terwa',nos quedamos.,U01588,G01399,hard,0.8692217469215393,0.7463812828063965,0.12284046411514282,4
U01823,G01619,continuemos.,tupitawa',pa'aterwa',iremos.,U00270,G00216,medium,0.8692217469215393,0.6561223864555359,0.21309936046600342,5
U00522,G00433,como aquí.,mapu'sina asek',asek nanpipalek,vivo aquí.,U00784,G00661,medium,0.7509036660194397,0.5585179328918457,0.192385733127594,2
U01380,G01205,¿cuántos murieron?,¿enpu'dun chimiñina'?,nu'misansu' chimiñina',ambos murieron.,U01857,G01651,medium,0.8261387348175049,0.5475295186042786,0.2786092162132263,2
U00453,G00369,¿qué hay?,¿ma'nen ñapalli?,¿ma'nenpawanpalli?,¿qué falta?,U02190,G01970,medium,0.8885340690612793,0.7152955532073975,0.17323851585388184,2
U00942,G00810,compartiremos.,a'nañiechidek,ek'ker'chawa',abrámoslo.,U01509,G01324,hard,0.8004845380783081,0.6855344176292419,0.11495012044906616,3
U00942,G00810,compartiremos.,a'nañiechidek,tu'nek'echidek,los detendremos.,U02177,G01957,medium,0.8004845380783081,0.635242223739624,0.16524231433868408,4
U02139,G01919,les gustará.,iyatechuna',ekte'chechuna',se adelantarán.,U00156,G00115,hard,0.7692086100578308,0.6435718536376953,0.1256367564201355,2
U02139,G01919,les gustará.,iyatechuna',panper'echuna',atacarán.,U01865,G01659,medium,0.7692086100578308,0.5153251886367798,0.253883421421051,5
U02740,G02515,"¡gobernante, vamos a hacer pesca con barbasco!","- ¡wa'an, enchuku' pur'awa'!",¡enchuku' di'tawa' asu' katu'ta'!,¡vamos a matarlos a estos dos10!,U03063,G02838,medium,0.7688247561454773,0.5146169066429138,0.2542078495025635,2
U02306,G02081,"todo lo que sabemos de los antiguos,","iñer ñinchita'kudeksu' napi'ku'lusa'ki,","enpu'nipa' kenmu'wa' samerwanpanansu'wa',","nosotros tendríamos muchísimo pescado,",U02766,G02541,medium,0.7385295033454895,0.5558731555938721,0.18265634775161743,2
U01642,G01452,estás tratando.,yanu'tapala,luantapala,lo necesitas.,U00975,G00841,medium,0.8336750864982605,0.6013458967208862,0.23232918977737427,2
U01290,G01121,estarás bien.,musu' ñape'chu,musu' sek'kaperechuner'ken,serás bienvenido.,U01344,G01172,medium,0.8108752965927124,0.658348023891449,0.15252727270126343,2
U01784,G01583,¿está dormido?,¿wichisu'a'cha?,¿wichi'su' ñapala?,¿estás dormido?,U01645,G01455,hard,0.7768157720565796,0.7258774042129517,0.05093836784362793,3
U01784,G01583,¿está dormido?,¿wichisu'a'cha?,¿yalansa'lli?,¿quiere bailar?,U01840,G01635,medium,0.7768157720565796,0.6090419292449951,0.16777384281158447,5
U00469,G00384,trae vino.,kencher' vinu',kerlliek vinu',traje vino.,U01712,G01515,medium,0.8721091747283936,0.7154403924942017,0.1566687822341919,2
U00950,G00818,¡qué burro!,¡ma'nen ñinchichi'na!,¡enpu'ni aperpipa'!,¡qué horrible!,U01054,G00914,hard,0.688581109046936,0.5989068746566772,0.08967423439025879,4
U00950,G00818,¡qué burro!,¡ma'nen ñinchichi'na!,¡enpu'ni saka'dek'ipa'!,¡qué pesado!,U01053,G00913,medium,0.688581109046936,0.5368463397026062,0.15173476934432983,10
U00951,G00818,¡qué imbécil!,¡ma'nen ñinchichi'na!,¡enpu'ni aperpipa'!,¡qué horrible!,U01054,G00914,hard,0.7255215644836426,0.5758654475212097,0.14965611696243286,4
U00951,G00818,¡qué imbécil!,¡ma'nen ñinchichi'na!,!embu'ni uchutek'ipa'!,¡qué mugre!,U00954,G00821,medium,0.7255215644836426,0.5618364810943604,0.16368508338928223,5
U00774,G00651,como fruta.,ka'apalek wayupi,empu'duncha',odio planchar.,U01725,G01527,hard,0.7543325424194336,0.6382486820220947,0.11608386039733887,2
U00774,G00651,como fruta.,ka'apalek wayupi,ka'apalek tanta',como pan.,U00773,G00650,medium,0.7543325424194336,0.6018860340118408,0.15244650840759277,3
U01170,G01020,¡avergüénzate!,¡dakuta'ker'!,¡wiuker'!,¡date prisa!,U00170,G00128,medium,0.8181092739105225,0.6396197080612183,0.1784895658493042,2
U02321,G02096,"muchachas, no saben pues esta lengua nuestra,","wilalunlusa', ñi ñinchichi'ñina' namasu' la'la'mapu'wa',","wilalusa' ipa'la kaschilla' la'leklansa' lunna',",los niños ahora hablan sólo el castellano,U02325,G02100,medium,0.8212732076644897,0.6361775994300842,0.18509560823440552,2
U02485,G02260,yendo al monte mi padre baleaba (animales).,tanak pa'an tatawek ilantulli.,papinalek teksusudeklek.,con su padre les he criado.,U02437,G02212,hard,0.7259088754653931,0.6112713813781738,0.11463749408721924,3
U02485,G02260,yendo al monte mi padre baleaba (animales).,tanak pa'an tatawek ilantulli.,nanekla papina chiminlapillun.,después su padre murió dejándome sola.,U02438,G02213,medium,0.7259088754653931,0.5042080879211426,0.2217007875442505,6
U01681,G01486,¿duele esto?,¿ikerlli asu'?,asek ikerlli,aquí duele.,U01474,G01292,medium,0.7729958891868591,0.5917798280715942,0.1812160611152649,2
U01243,G01081,dormimos demasiado.,nakusu' wichi'llidek,nakusu' wichilek,dormí mucho.,U01418,G01238,medium,0.7975634932518005,0.6452114582061768,0.15235203504562378,2
U02565,G02340,de esa manera quizá los antiguos perecieron.,nu'si'pa' papinkuku'lusa' taketllina'.,papinkumapu'wa'ku'lusa' nana nu'llina'.,nuestros abuelos finados ellos han sido así.,U03193,G02968,hard,0.646142303943634,0.5352126359939575,0.11092966794967651,2
U02565,G02340,de esa manera quizá los antiguos perecieron.,nu'si'pa' papinkuku'lusa' taketllina'.,tanna' purllina' napi'ku'lusa'.,diciendo eso pescaban los antiguos.,U02801,G02576,medium,0.646142303943634,0.49103406071662903,0.155108243227005,5
U02907,G02682,¿quiénes de ustedes quisieran ir (a buscar a los otros hombres)?,¿den ilanma' a'cha yapa'etchunma'?,kenma luwanta'masu'pu'su',como quieras.,U00719,G00603,hard,0.5440336465835571,0.4593607485294342,0.08467289805412292,3
U02907,G02682,¿quiénes de ustedes quisieran ir (a buscar a los otros hombres)?,¿den ilanma' a'cha yapa'etchunma'?,kenmu'wa' takeraterwa' nu'unta'nmu'wa'.,uno de nosotros va a perecer.,U02859,G02634,medium,0.5440336465835571,0.38663139939308167,0.15740224719047546,11
U00621,G00516,canta.,tuluner'ker',lansa'llina',bailaron.,U00893,G00765,medium,0.8190967440605164,0.6090781092643738,0.21001863479614258,2
U02192,G01972,¿cuándo correrás?,¿enpi'teke'chu?,¿enpi' ta'wantechu?,¿cuándo termina?,U01905,G01699,medium,0.7504088282585144,0.4760374128818512,0.2743714153766632,2
U00545,G00451,sobreviví.,chiminllinkekla nampilek,chiminllinkekla nampilli,sobrevivió.,U01288,G01119,medium,0.7861732840538025,0.6167307496070862,0.1694425344467163,2
U00771,G00648,confesé.,lunnek,tumu'lek,mentí.,U00030,G00025,medium,0.8779281973838806,0.7104828953742981,0.16744530200958252,2
U01953,G01743,¿puedes oírnos?,¿yennitula lauk'a'mudek?,¿yennitula lauk'a'muk?,¿puedes oírme?,U01952,G01742,hard,0.9146183133125305,0.8356261253356934,0.07899218797683716,2
U01953,G01743,¿puedes oírnos?,¿yennitula lauk'a'mudek?,yennitula winta'mudek,puedes decírnoslo.,U02205,G01982,medium,0.9146183133125305,0.638014018535614,0.2766042947769165,3
U02204,G01981,puedes entrar.,yennitulada'a'mak,yen'nitulek teka'ak',puedo correr.,U00318,G00254,hard,0.6171931028366089,0.5216498970985413,0.09554320573806763,8
U02204,G01981,puedes entrar.,yennitulada'a'mak,da'sek'su' ñapala,estás atascado.,U02216,G01993,medium,0.6171931028366089,0.4655897617340088,0.1516033411026001,16
U00571,G00475,¿es alto? (estatura - femenino),¿shilun a'cha?,¿musenkek a'cha?,¿es alto? (muy arriba),U00572,G00476,hard,0.6966027021408081,0.608910322189331,0.08769237995147705,3
U00571,G00475,¿es alto? (estatura - femenino),¿shilun a'cha?,¿sulliman wanpalli?,¿es venenoso?,U02065,G01848,medium,0.6966027021408081,0.541131317615509,0.15547138452529907,5
U01925,G01716,estás enamorado.,yaku'aper'wana,wa'danpilapilun,me traicionaste.,U02201,G01978,hard,0.8086689114570618,0.6610594987869263,0.1476094126701355,2
U01925,G01716,estás enamorado.,yaku'aper'wana,wa'danpintek ñapala,estás loco.,U01291,G01122,medium,0.8086689114570618,0.6542062759399414,0.15446263551712036,3
U01781,G01580,¿es médico?,¿lulentuteken'a'cha?,¿luwer'pia'cha?,¿es popular?,U01466,G01284,hard,0.7905728816986084,0.6727126836776733,0.11786019802093506,4
U01781,G01580,¿es médico?,¿lulentuteken'a'cha?,¿luuktek' nukama?,¿eres sordo?,U00986,G00850,medium,0.7905728816986084,0.6405264735221863,0.15004640817642212,5
U00055,G00044,llámame.,peklu'u,luntuu,háblame.,U00881,G00753,hard,0.8088006377220154,0.7188915610313416,0.08990907669067383,3
U00055,G00044,llámame.,peklu'u,peklu'udek,llámanos.,U00056,G00045,medium,0.8088006377220154,0.6340254545211792,0.17477518320083618,7
U01296,G01127,estás gordo.,weipensu' ñapala,we'inutusu' ñapala,estás triste.,U00714,G00600,hard,0.8047613501548767,0.659715473651886,0.14504587650299072,5
U01296,G01127,estás gordo.,weipensu' ñapala,¿kaluwipala?,¿estás enfermo?,U00991,G00855,medium,0.8047613501548767,0.6126928329467773,0.19206851720809937,6
U02243,G02018,ama cantar.,tantenñi tuluker'ak,tanluwatapalli,hace viento.,U00590,G00721,medium,0.8075942397117615,0.5878388285636902,0.2197554111480713,2
U00241,G00191,ella murió.,nana chimiñi,¿chimiñi?,¿está muerto?,U00569,G00473,medium,0.8270601034164429,0.6323855519294739,0.194674551486969,2
U02372,G02147,entonces mientras se va masticando se va batiendo el líquido y se masca el afrecho (lo último de la yuca disuelta).,"ipa'linchi katentamupu'su' pitawitapalek, ka'latulek.","ukllinantusik ipa'linchi pamu'lek, a'du'lek uktak.",cuando amanece entonces se lava (la yuca) y se la pone en una olla.,U02343,G02118,medium,0.7852972745895386,0.5974031686782837,0.18789410591125488,3
U02527,G02302,"¡bótenlos, que se regresen! les dijeron.","¡dinsuludekku', adanti'na'! itudekllima.",¡enchuku' pa'awa'! nupullini'ma ñinanluklan.,¡vayamos! y salieron en grupos desde el pueblo.,U02658,G02433,hard,0.7456687688827515,0.6691935658454895,0.07647520303726196,3
U02527,G02302,"¡bótenlos, que se regresen! les dijeron.","¡dinsuludekku', adanti'na'! itudekllima.","yuyu'lusa', ¡da'kerku' u'ku!","señores, ¡vengan y pasen a beber!",U03060,G02835,medium,0.7456687688827515,0.5884667634963989,0.15720200538635254,5
U03010,G02785,"cuando ya pasaban veinte años ahora sí, vayan a su pueblo, les decían los viejos, este, los que tenían mal corazón.","katu' shunka' ekkilala ñisik ima ipa'a'ka panta'ku' ñinanlu'penmek, itudekllina' nana taserpiku'lusa', ma'i, mukankinpu'lusa'.","ipa'la' winterkenma' ma'pu'si'pa' napi' shawala kenma' ñapanna'pi'la idenmalli'na' asu' nerñinalukla uklusa'lek, kaschilla lunlusa'.","ahora les voy a contar cómo quiza cuando vivían los antiguos indios shawala pelearon contra los que vinieron de otro pueblo, los catellano- hablantes.",U03054,G02829,hard,0.7185036540031433,0.6400983333587646,0.07840532064437866,2
U03010,G02785,"cuando ya pasaban veinte años ahora sí, vayan a su pueblo, les decían los viejos, este, los que tenían mal corazón.","katu' shunka' ekkilala ñisik ima ipa'a'ka panta'ku' ñinanlu'penmek, itudekllina' nana taserpiku'lusa', ma'i, mukankinpu'lusa'.","nanekla adenchenna' luncha'llina' nanalupa' dadapu muda' nanpipalli, kañellu'ladatusu, adawa'ladatusu.","al regresar de allí hablaron por ahí vive gente blanca, de ojos azules, de ojos claros.",U02990,G02765,medium,0.7185036540031433,0.48313549160957336,0.23536816239356995,3
U00460,G00376,¿estoy equivocada?,¿aper'suku a'cha?,¿weipensu' ñapalek?,¿estoy gordo?,U00134,G00096,hard,0.6226794123649597,0.566021740436554,0.05665767192840576,2
U00460,G00376,¿estoy equivocada?,¿aper'suku a'cha?,ñapalek a'mechailusu,estoy constipado.,U02058,G01841,medium,0.6226794123649597,0.4660787582397461,0.15660065412521362,9
U01874,G01668,tom canta.,tom tuluner'lli,tom tukulu'palli,tom ronca.,U00667,G00557,hard,0.7929587364196777,0.6883434057235718,0.10461533069610596,3
U01874,G01668,tom canta.,tom tuluner'lli,tom wellek'echu,tom llorará.,U00674,G00564,medium,0.7929587364196777,0.607840895652771,0.18511784076690674,5
U00026,G00021,métete adentro.,da'ker' kinekla,wek'ker' ipia'la,ven enseguida.,U01010,G00873,hard,0.7809975147247314,0.6465098261833191,0.13448768854141235,3
U00026,G00021,métete adentro.,da'ker' kinekla,ñapaker' kawik,mantente cerca.,U00627,G00522,medium,0.7809975147247314,0.5784738063812256,0.20252370834350586,4
U01648,G01457,¿estás bromeando?,¿si'lentapala?,¿kenma tukulu'pala?,¿usted ronca?,U01026,G00888,medium,0.8942814469337463,0.7255117297172546,0.1687697172164917,3
U02466,G02241,su dueño dice le decía ¡tú vete yendo!,"wa'anler imi'na itulli ¡pa'apilanter, kenmá!","¡dinsuludekku', adanti'na'! itudekllima.","¡bótenlos, que se regresen! les dijeron.",U02527,G02302,medium,0.7219555974006653,0.4581810235977173,0.263774573802948,2
U01946,G01736,acércalo.,a'kawiter',ek'ker'cher',ábrela.,U01162,G01014,hard,0.695132315158844,0.63224196434021,0.06289035081863403,2
U01946,G01736,acércalo.,a'kawiter',a'sanek'ker',enfríalo.,U01017,G00879,medium,0.695132315158844,0.5439170002937317,0.1512153148651123,17
U01395,G01219,yo contribuí.,kua katu'patulek,kua katu'pekchen,cuenta conmigo.,U00736,G00616,hard,0.7942759990692139,0.6532074213027954,0.14106857776641846,2
U01395,G01219,yo contribuí.,kua katu'patulek,nana katu'patulli,eso ayuda.,U00220,G00172,medium,0.7942759990692139,0.5951287746429443,0.19914722442626953,3
U02704,G02479,sólo los bufeos salieron.,sapana'lusa'sa' pekpillina'.,ma'i silutulusa' dunkerllina'.,buscaron a los yupaneros.,U03075,G02850,hard,0.709123969078064,0.6287540793418884,0.08036988973617554,2
U02704,G02479,sólo los bufeos salieron.,sapana'lusa'sa' pekpillina'.,papinkumapu'wa'ku'lusa' nana nu'llina'.,nuestros abuelos finados ellos han sido así.,U03193,G02968,medium,0.709123969078064,0.5551376342773438,0.15398633480072021,7
U00811,G00687,soy panadero.,tanta' nu'tutek nuka'ka,sadasu' nuka'ka,soy casado.,U00821,G00697,hard,0.740260124206543,0.6348446011543274,0.10541552305221558,2
U00811,G00687,soy panadero.,tanta' nu'tutek nuka'ka,ma'kimpu nuka'ka,soy torpe.,U00557,G00462,medium,0.740260124206543,0.5883378982543945,0.15192222595214844,9
U03185,G02960,"diciendo así, desde entonces, nosotros ahora estos nombres estamos llevando.","tusu'si'ma, naneklima, kenmu'wa' ipa'la nana llillin ekpa'palekwa'.",naneklima llia'lli asu' wa'dan panpateklu' ipa'la walek luwetchapalekwa'.,"de ahí, dice, ha quedado este pasto que hasta ahora conocemos.",U03130,G02905,medium,0.7850958704948425,0.6201556921005249,0.16494017839431763,2
U01636,G01446,¿bromeas?,¿si'lentapala'?,¿peklu'tula?,¿llamaste?,U00706,G00592,hard,0.6882023811340332,0.5725988149642944,0.11560356616973877,3
U01636,G01446,¿bromeas?,¿si'lentapala'?,¿pumuladawanpala?,¿tienes arroz?,U02232,G02007,medium,0.6882023811340332,0.5203909277915955,0.16781145334243774,4
U00667,G00557,tom ronca.,tom tukulu'palli,tom a'lektapalli,tom enseña.,U00917,G00787,hard,0.7493856549263,0.6160408854484558,0.13334476947784424,2
U00667,G00557,tom ronca.,tom tukulu'palli,tom idenmalli,tom peleó.,U00656,G00547,medium,0.7493856549263,0.563520610332489,0.18586504459381104,4
U01115,G00971,estoy estudiando.,kerka' ñinchitapalek,lataker'sa',solo pruébatela.,U02082,G01864,hard,0.7425990104675293,0.6527899503707886,0.08980906009674072,3
U01115,G00971,estoy estudiando.,kerka' ñinchitapalek,kerka' luntapallidek,estamos leyendo.,U01585,G01396,medium,0.7425990104675293,0.5782461762428284,0.16435283422470093,5
U01833,G01629,muévase ya.,lenme'ker' ipa,a'nakuker',hazle pasar.,U00999,G00862,hard,0.6322543025016785,0.5813248753547668,0.05092942714691162,3
U01833,G01629,muévase ya.,lenme'ker' ipa,a'wanerker',páralo. (poner vertical),U00109,G00077,medium,0.6322543025016785,0.4443870484828949,0.18786725401878357,19
U01755,G01557,estaba sudando.,ellia'pawinek,si'lentapawiñidek,estábamos bromeando.,U01887,G01681,medium,0.7305983304977417,0.5772544145584106,0.15334391593933105,2
U02303,G02078,yo tengo la culpa de no haberles enseñado a mis hijos.,kua usha'wanek a'lek'inpu'dek'amu wilaweklusa'.,wilaweklusa'pa' ma'sha a'lekdek'i'nek.,ya que a mis hijos no les enseñé.,U02298,G02073,hard,0.8348169326782227,0.7082672119140625,0.12654972076416016,2
U02303,G02078,yo tengo la culpa de no haberles enseñado a mis hijos.,kua usha'wanek a'lek'inpu'dek'amu wilaweklusa'.,iya'linchi muinchi kua insekluten'amu wilaweklusa' a'ñinchillintudeklek.,"entonces, mucho he sufrido para hacer educar a mis hijos.",U02497,G02272,medium,0.8348169326782227,0.679926872253418,0.1548900604248047,3
U00706,G00592,¿llamaste?,¿peklu'tula?,peklue'chen,te invitaré.,U01767,G01567,hard,0.687417209148407,0.6123112440109253,0.07510596513748169,2
U00706,G00592,¿llamaste?,¿peklu'tula?,peklu'u,llámame.,U00055,G00044,medium,0.687417209148407,0.5359800457954407,0.1514371633529663,6
U01900,G01694,¿estabas allí?,¿nanek ñapawina?,¿kenmasa' ñapawina?,¿estabas solo?,U01899,G01693,medium,0.8933299779891968,0.6907106637954712,0.20261931419372559,2
U02921,G02696,vieron solamente los mosquiteros templados ahí.,lli'kuñina' chipetcheklusa'sa' pektentapa'ser nanek.,nana sakanlupi'mi'na lli'llina' pen mukatapa'su'.,en esa bajada vieron humo.,U02872,G02647,medium,0.7219439148902893,0.5610188841819763,0.160925030708313,2
U01891,G01685,te salvaremos.,a'chiyek'echiden,panuerken,te recompensaré.,U02045,G01828,medium,0.7809416651725769,0.5962244868278503,0.18471717834472656,2
U00112,G00079,cógelo.,maker',luntuu,háblame.,U00881,G00753,hard,0.7320772409439087,0.6112645864486694,0.12081265449523926,2
U00112,G00079,cógelo.,maker',lekker',pregúntaselo.,U02222,G01999,medium,0.7320772409439087,0.559353232383728,0.17272400856018066,5
U00162,G00120,pásala bien.,musu'nakuker',musu'nakuku',pásenla bien.,U00163,G00121,hard,0.8467884063720703,0.7787183523178101,0.06807005405426025,2
U00162,G00120,pásala bien.,musu'nakuker',mukankan ñiker',sean gentiles.,U00053,G00043,medium,0.8467884063720703,0.6365923285484314,0.21019607782363892,4
U02310,G02085,el idioma shiwilu se está terminando.,shiwilu la'la' ta'wantapilalli.,shiwilu la'la' yañinchitulli.,quiere aprender el idioma shiwilu.,U02280,G02055,medium,0.7418217658996582,0.5202479362487793,0.2215738296508789,2
U01951,G01741,¿puedes encontrarlo?,¿yennitula kanan'a'mak?,¿yennitula ek'ker'cha'mak?,¿puedes abrirlo?,U01956,G01746,hard,0.7024170160293579,0.5681218504905701,0.13429516553878784,2
U01951,G01741,¿puedes encontrarlo?,¿yennitula kanan'a'mak?,¿yennitapala dekkunta'mak?,¿puedes andar?,U01006,G00869,medium,0.7024170160293579,0.5192601680755615,0.1831568479537964,4
U02119,G01899,alguien llamó.,denipa' peklu'tulli,tom peklu'tulli,tom llamó.,U00649,G00541,medium,0.8100990056991577,0.6173737049102783,0.1927253007888794,2
U01840,G01635,¿quiere bailar?,¿yalansa'lli?,¿ulanpallincha?,¿está lloviendo?,U01468,G01286,hard,0.7308138608932495,0.6713045835494995,0.05950927734375,2
U01840,G01635,¿quiere bailar?,¿yalansa'lli?,tantenñi tuluker'ak,ama cantar.,U02243,G02018,medium,0.7308138608932495,0.578080415725708,0.1527334451675415,4
U01871,G01665,piénsalo.,inlli'inuer',li'inuter',recuérdalo.,U00874,G00747,hard,0.832977294921875,0.7453199625015259,0.08765733242034912,5
U01871,G01665,piénsalo.,inlli'inuer',inlu'uk'tuker',ten cuidado.,U01879,G01673,medium,0.832977294921875,0.6403527855873108,0.1926245093345642,9
U00271,G00217,estamos bien.,mu'pallidek',u'chimuinchi ñapalek,estoy perfectamente.,U00196,G00151,medium,0.873904287815094,0.6660087704658508,0.20789551734924316,2
U00835,G00711,¿es todo?,¿iñer'a'cha?,¿enpuduncha?,¿cuánto es?,U01706,G01509,hard,0.7821930050849915,0.6633042097091675,0.11888879537582397,3
U00835,G00711,¿es todo?,¿iñer'a'cha?,¿nana'cha?,¿es ese?,U00580,G00482,medium,0.7821930050849915,0.6293985247612,0.1527944803237915,4
U01276,G01110,tú prometiste.,kenma nu'techun tuwina,tumu'tullien,te mentí.,U01410,G01231,medium,0.8305824398994446,0.6543314456939697,0.17625099420547485,2
U00594,G00494,¡guarden silencio!,¡ta'tu'la'ku!,¡wa'ten'ku'!,esperen.,U00014,G00011,hard,0.7117904424667358,0.6220273375511169,0.0897631049156189,2
U00594,G00494,¡guarden silencio!,¡ta'tu'la'ku!,¡a'illinker'!,¡haz ruido!,U02108,G01889,medium,0.7117904424667358,0.5606805086135864,0.15110993385314941,6
U03177,G02952,"el muchacho, dice, fue, miró y escogió (un santito) agarrándolo.",wileima panta'n lli'an pilli'tulli.,nana wilalusa' wanererkek walek ima uketlli.,"hasta donde se detuvieron los niños, dice, ardió todo.",U02551,G02326,medium,0.8266566395759583,0.5728269815444946,0.2538296580314636,2
U02356,G02131,luego se pone en la boca.,ipa'linchi katennek.,nu'sik upetchununta'lek deklek.,luego se vuelve a agregar agua.,U02370,G02145,hard,0.7083775997161865,0.5921275615692139,0.11625003814697266,2
U02356,G02131,luego se pone en la boca.,ipa'linchi katennek.,nanek tawetchulli.,ahí se pudrió.,U02830,G02605,medium,0.7083775997161865,0.5476905703544617,0.16068702936172485,6
U01485,G01303,está mejorado.,tekdiperpi ñapalli,saka'tunakla usu'llina,está despedido.,U01294,G01125,hard,0.694193422794342,0.6152967214584351,0.07889670133590698,3
U01485,G01303,está mejorado.,tekdiperpi ñapalli,nanpipalli,está vivo.,U00585,G00486,medium,0.694193422794342,0.5424976348876953,0.15169578790664673,11
U02989,G02764,"al descrubir eso, lo que hilábamos se terminó.",maweklima kanana kenmu'wa' pitetcha'kawa'su' ta'wantulli.,naneklimaka asu' nana lanla' pitunta' uwentunta'lli.,"de ahí, esta la ballena poza se redujo.",U02831,G02606,medium,0.6850426197052002,0.44703206419944763,0.23801055550575256,2
U03138,G02913,bien poquito les daba de comer y les mandaba a sus casas.,"u'ñishima awerandeklli, a'panta'deklli pideknennek.","yun pa'lapinta'lli, pekkun pa'lapinta'lli.","enojándose (arákayu) se fue dejándolos, tras icarar se fue y los dejó.",U02721,G02496,medium,0.7383026480674744,0.5669649243354797,0.17133772373199463,2
U00360,G00291,apesta.,analli,iyalli,es rico. (sabor),U00309,G00300,medium,0.7759722471237183,0.609008252620697,0.16696399450302124,2
U02763,G02538,"cuando no tengan nada, boa alguna vez van a comer","ma'winpu'pachina', kupiwan enpulu ka'achuna'","asu' mukankinpu'lusa', ñi a'pinta' ma'winpu'pachina', tada ilakapi ka'achuna'.","estos malos, cuando no tengan más que comer, hasta lagarto comerán.",U02762,G02537,medium,0.6724827289581299,0.45968687534332275,0.21279585361480713,2
U02387,G02162,"hecho esto, se cubre con esteras (formando un techo).","nu'tak, lanchimeklek atantulek.",nanekpi'la a'kasetllek asukallek.,ahí nomás se endulza con azúcar.,U02353,G02128,hard,0.6063302159309387,0.49140045046806335,0.11492976546287537,2
U02387,G02162,"hecho esto, se cubre con esteras (formando un techo).","nu'tak, lanchimeklek atantulek.",- ¡ma'ata'na pen maku'!,"¡ahí está, la candela agarren!",U02931,G02706,medium,0.6063302159309387,0.4168897271156311,0.18944048881530762,8
U02067,G01850,¡suena genial!,¡illiñi u'chimu!,¡empu'ni mushipa'!,¡qué encanto!,U00168,G00126,hard,0.7414726614952087,0.6660428643226624,0.07542979717254639,2
U02067,G01850,¡suena genial!,¡illiñi u'chimu!,¡iyasu' lanelliek!,¡huele rico!,U01793,G01592,medium,0.7414726614952087,0.5797972083091736,0.16167545318603516,3
U02808,G02583,de esa manera estos lagos de pampayacu desaparecieron.,nu'sikla'nka asu' panpadek sennanlusa' wetlli.,nu'sui'ma asu' panpadek uksu'ketchulli.,así dicen que pampayacu se quemó.,U02578,G02353,medium,0.737238347530365,0.5522023439407349,0.18503600358963013,2
U02054,G01837,soy miope.,umilu'lada' nuka'ka,weilunsu' nuka'ka,soy obesa.,U00346,G00277,hard,0.694302499294281,0.6186449527740479,0.07565754652023315,7
U02054,G01837,soy miope.,umilu'lada' nuka'ka,mukankanku',soy justo. (soy bueno),U00194,G00149,medium,0.694302499294281,0.5399152040481567,0.15438729524612427,16
U01225,G01064,tom sobrevivió.,tom chimillinkekla nampilli,chiminllinkekla nampilli,sobrevivió.,U01288,G01119,hard,0.738577127456665,0.6419054269790649,0.0966717004776001,2
U01225,G01064,tom sobrevivió.,tom chimillinkekla nampilli,tom kana'tulli,tom ganó.,U00117,G00083,medium,0.738577127456665,0.5610226988792419,0.1775544285774231,3
U00485,G00398,no miren.,yalli'tama,luwer'chi'nun,me ignorabas.,U01911,G01704,hard,0.7732439041137695,0.6549206972122192,0.11832320690155029,2
U00485,G00398,no miren.,yalli'tama,!enta'n lli'ku'!,¡más miren!,U02945,G02720,medium,0.7732439041137695,0.6135909557342529,0.1596529483795166,5
U00510,G00421,¡qué aburrimiento!,¡musu' kankanchi'nek!,¡enpu'ni mupenchipa'!,¡qué romántico!,U01055,G00915,hard,0.7186728119850159,0.6621177196502686,0.056555092334747314,4
U00510,G00421,¡qué aburrimiento!,¡musu' kankanchi'nek!,¡iyasu' lanelliek!,¡huele rico!,U01793,G01592,medium,0.7186728119850159,0.563408374786377,0.15526443719863892,16
U03156,G02931,"otros, dice, hay dos lomas que parecen una boca abierta.",ali'limi'na katu'ta mutupi laweklatekkasu'pu'si'ma ñilli.,da'ilek ala'si'mi'na lachik'apalli asu' shiwilu la'la'.,"entonces, dice que había uno que entendía la lengua shiwilu.",U02974,G02749,medium,0.6509736180305481,0.47921276092529297,0.17176085710525513,2
U00070,G01018,¡hasta luego!,¡pante'chek!,ñapechek nanek,estaré ahí.,U01434,G01254,medium,0.8511411547660828,0.605536162853241,0.2456049919128418,5
U00071,G01018,¡chau!,¡pante'chek!,nanek pa'echek,ahí voy.,U00558,G00463,hard,0.6364942789077759,0.5650804042816162,0.07141387462615967,9
U00071,G01018,¡chau!,¡pante'chek!,ta'itula'lek,renuncié.,U00033,G00028,medium,0.6364942789077759,0.4846930503845215,0.1518012285232544,26
U01167,G01018,¡hasta pronto!,¡pante'chek!,adenche'chek,volveré.,U01092,G00951,medium,0.691341757774353,0.5061387419700623,0.18520301580429077,5
U01168,G01018,hasta entonces.,¡pante'chek!,ñapechek nanek,estaré ahí.,U01434,G01254,hard,0.7965076565742493,0.6998663544654846,0.09664130210876465,5
U01168,G01018,hasta entonces.,¡pante'chek!,tupiechek,seguiré.,U02035,G01819,medium,0.7965076565742493,0.5924746990203857,0.20403295755386353,7
U00789,G00666,¡necesito ayuda!,¡luwantulek katu'pa'!,luwantulek katu'pa',necesito ayuda.,U00788,G00665,medium,0.8663278818130493,0.6920814514160156,0.1742464303970337,2
U02286,G02061,a veces me olvido.,nerpi'pu' pinanetllek.,ñaper' lu'uk'tan,estate atento.,U00728,G00610,medium,0.7226141691207886,0.5240382552146912,0.1985759139060974,2
U00525,G00435,te detesto.,luyullien,luantullien,te amo.,U00535,G00441,hard,0.7846007347106934,0.6943361163139343,0.09026461839675903,2
U00525,G00435,te detesto.,luyullien,lu'wañen,te extrañé.,U01074,G00933,medium,0.7846007347106934,0.6077370643615723,0.1768636703491211,4
U02193,G01973,¿quien ayudó?,¿den'katu'pa'tulli?,¿den kana'tulli?,¿quién gana?,U01605,G01416,hard,0.8734202980995178,0.7507029175758362,0.12271738052368164,3
U02193,G01973,¿quien ayudó?,¿den'katu'pa'tulli?,¿den'ina' kana'tulli?,¿quién ganó?,U00131,G00093,medium,0.8734202980995178,0.7129002809524536,0.1605200171470642,4
U02194,G01973,¿quién contribuyó?,¿den'katu'pa'tulli?,¿den kana'tulli?,¿quién gana?,U01605,G01416,hard,0.8439731597900391,0.6981383562088013,0.1458348035812378,3
U02194,G01973,¿quién contribuyó?,¿den'katu'pa'tulli?,¿den'ina' kana'tulli?,¿quién ganó?,U00131,G00093,medium,0.8439731597900391,0.6804105043411255,0.16356265544891357,4
U01083,G00942,simpatizo.,musu' lli'apalek,a'imanantulun,me asustas.,U01285,G01117,hard,0.725497305393219,0.6333786249160767,0.09211868047714233,2
U01083,G00942,simpatizo.,musu' lli'apalek,patenchulek,lo abofeteé.,U01417,G01237,medium,0.725497305393219,0.5657846927642822,0.15971261262893677,9
U00784,G00661,vivo aquí.,asek nanpipalek,¿asek nanpipala?,¿vives aquí?,U02235,G02010,hard,0.8419231176376343,0.6987671256065369,0.1431559920310974,2
U00784,G00661,vivo aquí.,asek nanpipalek,¿asek nanpipalama'?,¿viven aquí?,U02236,G02011,medium,0.8419231176376343,0.6208298802375793,0.22109323740005493,3
U01662,G01469,baja aquí.,nu'wanker' asek,kencher' asek,tráelo aquí.,U01325,G01154,medium,0.8653779625892639,0.6956391334533691,0.16973882913589478,2
U03172,G02947,así nomás dice tenían sus nombres.,tula'si'ma llinlliwañina'.,lli'kuñini'ma.,dice que fueron a mirar.,U02659,G02434,medium,0.7865110635757446,0.5503460764884949,0.23616498708724976,2
U01454,G01272,soy olvidadizo.,pinanerchek'ku nukaka,llinserchutek' nuka'ka,soy escritor.,U01099,G00958,medium,0.7384154796600342,0.5618417859077454,0.17657369375228882,2
U00943,G00811,estamos despiertos.,nampilalasu' ñapalidek,unku'pi ñapallidek,estamos encerrados.,U01252,G01088,hard,0.7860569357872009,0.7172231078147888,0.06883382797241211,2
U00943,G00811,estamos despiertos.,nampilalasu' ñapalidek,sipuk'ñapallidek,somos prisioneros.,U02182,G01962,medium,0.7860569357872009,0.6290174126625061,0.15703952312469482,8
U01792,G01591,huele bien.,u'chimu lanelliek,¡illiñi u'chimu!,¡suena genial!,U02067,G01850,hard,0.7212280631065369,0.590853214263916,0.13037484884262085,2
U01792,G01591,huele bien.,u'chimu lanelliek,musu' dek'la,¡buen tiro!,U00396,G00321,medium,0.7212280631065369,0.5428975820541382,0.17833048105239868,4
U01123,G00976,era negro.,kerpi'a'cha',chimidekpi nuka'a,es abogado.,U01373,G01198,medium,0.7204345464706421,0.5568732619285583,0.16356128454208374,2
U00718,G00602,¿eres nuevo?,¿naektu'kellia?,¿kenmashasa' ñapala?,¿estás sola?,U01309,G01140,hard,0.6705809235572815,0.5972005128860474,0.07338041067123413,2
U00718,G00602,¿eres nuevo?,¿naektu'kellia?,¿kenmakin'cha?,¿es suyo?,U00834,G00710,medium,0.6705809235572815,0.510313093662262,0.16026782989501953,4
U01139,G00992,continuá hablando.,lun'aper'i'la,luntaper'i'la,siga leyendo.,U01135,G00988,hard,0.797654390335083,0.673557460308075,0.12409693002700806,2
U01139,G00992,continuá hablando.,lun'aper'i'la,lansa'per'i'la,sigue bailando.,U01131,G00984,medium,0.797654390335083,0.6456849575042725,0.15196943283081055,3
U01076,G00935,necesito dormir.,luwantulek wichi'ak,yawichi'lek,tengo sueño.,U00567,G00471,hard,0.8643047213554382,0.7579300403594971,0.10637468099594116,2
U01076,G00935,necesito dormir.,luwantulek wichi'ak,luwantulek neriak,necesito descansar.,U01734,G01536,medium,0.8643047213554382,0.6975217461585999,0.16678297519683838,3
U01180,G01028,¡felices sueños!,¡u'chimusha wichi'ker'!,¡u'chimu ñiñuduker!,¡feliz navidad!,U02109,G01890,hard,0.7935589551925659,0.6575779914855957,0.13598096370697021,3
U01180,G01028,¡felices sueños!,¡u'chimusha wichi'ker'!,¡u'chimu ñinalu'!,¡buen país!,U01901,G01695,medium,0.7935589551925659,0.5759444832801819,0.21761447191238403,4
U01181,G01028,¡dulces sueños!,¡u'chimusha wichi'ker'!,¡enpu'ni dakuta'ipa'!,¡qué fiasco!,U01597,G01408,medium,0.7661405801773071,0.5480005145072937,0.21814006567001343,3
U01857,G01651,ambos murieron.,nu'misansu' chimiñina',chimin'ina'ka,preferiría morir.,U01760,G01562,medium,0.7356692552566528,0.5561102628707886,0.17955899238586426,2
U00486,G00399,no cantes.,yatuluner'ta,yayamerladata,no sonrías.,U00744,G00624,hard,0.6696898341178894,0.5874321460723877,0.08225768804550171,6
U00486,G00399,no cantes.,yatuluner'ta,yatumu'ta,no mientas.,U00299,G00238,medium,0.6696898341178894,0.5054231286048889,0.1642667055130005,14
U01156,G01008,nadie preguntó.,ñiden lekchi'ñi,ñiden lauk'tapi'ñi,nadie escucha.,U01835,G01631,hard,0.8218348622322083,0.7480391263961792,0.07379573583602905,2
U01156,G01008,nadie preguntó.,ñiden lekchi'ñi,ñiden tumui'ñi,nadie mintió.,U00863,G00739,medium,0.8218348622322083,0.6573552489280701,0.16447961330413818,5
U00235,G00185,déjanos.,tai'tula'udek,nuwanta'wa',vayamos abajo.,U01505,G01321,medium,0.8931759595870972,0.7255233526229858,0.16765260696411133,2
U03130,G02905,"de ahí, dice, ha quedado este pasto que hasta ahora conocemos.",naneklima llia'lli asu' wa'dan panpateklu' ipa'la walek luwetchapalekwa'.,nanekla'nka lawektapamudek kudanta' ipa'la walek lli'inutapallidek nana lunka'su'.,"de ahí, escuchándoles, nosotros también hasta ahora nos acordamos de eso que hablaban.",U02577,G02352,medium,0.7492424249649048,0.5175437331199646,0.23169869184494019,2
U03124,G02899,ya me voy.,pantetchek.,¿ekpa'ak?,¿para llevar?,U00832,G00708,hard,0.7419504523277283,0.6222811937332153,0.11966925859451294,4
U03124,G02899,ya me voy.,pantetchek.,a'perchapalek,estoy jodiendo.,U00766,G00644,medium,0.7419504523277283,0.5875269174575806,0.1544235348701477,6
U01238,G01077,tenemos vino.,a'ñapallidek vinu',vinu' a'ñapalek,tengo vino.,U00780,G00657,medium,0.8956620097160339,0.6975999474525452,0.19806206226348877,2
U02375,G02150,"abeja mi'len, tú sí que nunca has hecho una chicha insípida.","mi'lencháaaa, kenmapa ñenpi' laki'dek uwapi'naaa.","mi'lencháaa, kenma enpu'nipi'nta' uklutetchu iñer a'kaser apalaaa.","abeja mi'len, tú qué cantidad de chicha que hagas siempre la endulzas.",U02376,G02151,medium,0.7917713522911072,0.5808696150779724,0.21090173721313477,2
U00051,G00041,ganamos.,kana'llidek,¡kananekwa'!,¡lo logramos!,U01246,G01083,medium,0.8977818489074707,0.6907069087028503,0.20707494020462036,2
U02532,G02307,¿por qué regresan muchachitos? les preguntó.,"- ¿ma'kin adanpilenchalama', wilashala? itudekllima.","¿ma'itetchuncha?, pidir tullima.","¿cómo lo vas a llamar?, fidel, dijo (el cura).",U03179,G02954,medium,0.687794029712677,0.5019849538803101,0.18580907583236694,2
U02977,G02752,el gobernante los llamó y tras llamarles les preguntó: -¿qué cosa queriendo han venido?,"nana wa'anler peklu'deklli, peklu'dek'an itulli: -¿ma'i'na luwantanma' uklama'?.",nakupila'ser yasaka'tanna' nana kaschilla lu'nsu'lek peklu'dek'an itudeklli:,y cuando (los shawala) estaban pasando a trabajar con esos castellano-hablantes los llamó y les dijo:,U03059,G02834,medium,0.8086950778961182,0.5347405076026917,0.2739545702934265,2
U01511,G01326,hazlo rápido.,wiuk'su' nu'ter',nu'ter' ipia'la,hazlo ahorita.,U00738,G00618,hard,0.7766586542129517,0.6581313014030457,0.118527352809906,4
U01511,G01326,hazlo rápido.,wiuk'su' nu'ter',eklli nu'ter',hágalo mañana.,U01669,G01476,medium,0.7766586542129517,0.5772131681442261,0.19944548606872559,6
U02182,G01962,somos prisioneros.,sipuk'ñapallidek,nuka'kawa taserpilusa',somos adultos.,U01250,G01086,hard,0.7068426609039307,0.6511321067810059,0.055710554122924805,2
U02182,G01962,somos prisioneros.,sipuk'ñapallidek,iin nuka'kawa,somos hermanos.,U01892,G01686,medium,0.7068426609039307,0.5465728640556335,0.16026979684829712,12
U00389,G00317,¡intentémoslo!,¡intek'klieriwa'!,¡tenmiansu'wa'!,¡empecemos!,U00852,G00728,hard,0.8301315903663635,0.7305030226707458,0.09962856769561768,2
U00389,G00317,¡intentémoslo!,¡intek'klieriwa'!,wa'tentaterwa',esperaremos.,U00694,G00581,medium,0.8301315903663635,0.5368492603302002,0.29328233003616333,3
U02355,G02130,entonces se empieza a mascar formando líquido.,ipa'linchi ukdinu'tulek.,ipa'linchi katennek.,luego se pone en la boca.,U02356,G02131,hard,0.6837834119796753,0.632764995098114,0.05101841688156128,5
U02355,G02130,entonces se empieza a mascar formando líquido.,ipa'linchi ukdinu'tulek.,ipa'li'na tanantapilalli,en cambio ahora crece la maleza,U02768,G02543,medium,0.6837834119796753,0.5257132649421692,0.1580701470375061,11
U00822,G00698,soy casada.,sudasu' nuka'ka,insilanpi nuka'ka,soy gemelo.,U00555,G00460,hard,0.8079990148544312,0.720658004283905,0.08734101057052612,3
U00822,G00698,soy casada.,sudasu' nuka'ka,luanpi nuka'ka,soy amado.,U00343,G00275,medium,0.8079990148544312,0.64742112159729,0.1605778932571411,5
U01656,G01464,¿podemos proseguir?,¿yennitaterwa tupitak?,yennituwinaskudek dek'kuntak,podríamos caminar.,U01566,G01377,medium,0.8618745803833008,0.5890766382217407,0.27279794216156006,3
U01657,G01464,¿podemos continuar?,¿yennitaterwa tupitak?,yennitulekwa' nu'tak,podemos hacerlo.,U01234,G01073,medium,0.8565755486488342,0.6091246008872986,0.24745094776153564,3
U03094,G02869,así vivieron cuántos años quizás.,nu'si'ma nanpillina' enpu'dun ekkilalei'pa'.,nu'su'sa' ñillina' napi'.,así nomas han sido antes.,U03145,G02920,hard,0.6431067585945129,0.5860806107521057,0.05702614784240723,3
U03094,G02869,así vivieron cuántos años quizás.,nu'si'ma nanpillina' enpu'dun ekkilalei'pa'.,nawa'sa' nanpichuna'.,sólo ellos van a poblar de nuevo.,U02733,G02508,medium,0.6431067585945129,0.47095173597335815,0.17215502262115479,4
U01339,G01167,baila conmigo.,lansa'ker' kualek,¡lunker' kualek!,¡habla conmigo!,U00633,G00528,medium,0.8228365778923035,0.6481353044509888,0.1747012734413147,2
U02701,G02476,de pie cayeron al agua.,wanersu' anu'dektullina'.,nana lantekpi dekkuntulli.,el canasto caminaba.,U02460,G02235,medium,0.7335149049758911,0.5508881211280823,0.18262678384780884,2
U00670,G00560,tom caminó.,tom dek'kuntulli,tom ektu'lli,tom llegó.,U00906,G00777,hard,0.861823558807373,0.7584613561630249,0.10336220264434814,3
U00670,G00560,tom caminó.,tom dek'kuntulli,tomas ekpa'lli,tomás condujo.,U00432,G00349,medium,0.861823558807373,0.6594644784927368,0.20235908031463623,4
U02785,G02560,todos los peces se extinguieron.,samellusa' iñer wetlli.,iñer samer ekpanta'lli.,todos los peces se llevó.,U02707,G02482,hard,0.8166099786758423,0.674406111240387,0.14220386743545532,2
U02785,G02560,todos los peces se extinguieron.,samellusa' iñer wetlli.,iñer' chiyekllina',escaparon todos.,U02237,G02012,medium,0.8166099786758423,0.5790351629257202,0.23757481575012207,3
U00735,G00615,cocíname (con sopa).,kaluitu'u,a'uktuwu,mándamelo.,U01518,G01333,hard,0.7152458429336548,0.6535271406173706,0.06171870231628418,2
U00735,G00615,cocíname (con sopa).,kaluitu'u,sadalek (hombre) / sudalek (mujer),me casé.,U01401,G01225,medium,0.7152458429336548,0.5636188983917236,0.15162694454193115,10
U02146,G01926,están celosos.,a'pisadatuteklusa' ñapallina',i'shiwansu' ñaper',mantente abrigado.,U00378,G00308,hard,0.6130601167678833,0.5621442794799805,0.05091583728790283,11
U02146,G01926,están celosos.,a'pisadatuteklusa' ñapallina',ipa'la lacheknawi'ñina'.,ahora no se puede entender.,U03201,G02976,medium,0.6130601167678833,0.46055856347084045,0.15250155329704285,36
U00106,G00075,enséñamelo. (muestramelo),alli'u,alek'u,enséñamelo. (pasar conocimiento),U00105,G00074,hard,0.8856929540634155,0.8019356727600098,0.08375728130340576,3
U00106,G00075,enséñamelo. (muestramelo),alli'u,itununta'u,repítemelo.,U02112,G01893,medium,0.8856929540634155,0.7293851375579834,0.15630781650543213,5
U00107,G00075,muestrame.,alli'u,alek'u,enséñamelo. (pasar conocimiento),U00105,G00074,hard,0.8436692953109741,0.7754024863243103,0.06826680898666382,4
U00107,G00075,muestrame.,alli'u,a'uktuwu,mándamelo.,U01518,G01333,medium,0.8436692953109741,0.6844481825828552,0.1592211127281189,7
U02636,G02411,la vacamarina.,panwalalan.,anapila,hueles mal.,U01622,G01433,medium,0.678015947341919,0.48320189118385315,0.1948140561580658,2
U01093,G00952,estaré bien.,musu' ñapechek,musu' ñape'chu,estarás bien.,U01290,G01121,medium,0.8486676812171936,0.6750550270080566,0.17361265420913696,3
U00350,G00281,ólvidalo.,pinaner'ker',sekdiperker',guárdalo.,U00100,G00069,hard,0.7610112428665161,0.6321098208427429,0.1289014220237732,2
U00350,G00281,ólvidalo.,pinaner'ker',¡pilli'ter'!,¡sujétalo!,U01378,G01203,medium,0.7610112428665161,0.5843838453292847,0.17662739753723145,5
U01690,G01494,¡feliz año!,¡muek'kilala!,¡u'chimu ñinalu'!,¡buen país!,U01901,G01695,hard,0.8097681999206543,0.6754444241523743,0.13432377576828003,2
U01690,G01494,¡feliz año!,¡muek'kilala!,¡mupencha!,¡encantador!,U00512,G00423,medium,0.8097681999206543,0.6303436160087585,0.17942458391189575,3
U03129,G02904,"vamos a mandarles a hacer chacra, diciendo vinieron (a jeberos).",menmi a'nu'tudek'awa' tannima u'anna'.,a'lek'etchenma' kuda ukluta'kudeksu'.,les voy a enseñar la elaboración de la chicha punta.,U02335,G02110,hard,0.6617247462272644,0.5670732259750366,0.09465152025222778,2
U03129,G02904,"vamos a mandarles a hacer chacra, diciendo vinieron (a jeberos).",menmi a'nu'tudek'awa' tannima u'anna'.,dekpilli lli'kunchenma' lunpawa'.,en la noche les voy a visitar para conversar. (duende),U02880,G02655,medium,0.6617247462272644,0.48219743371009827,0.17952731251716614,5
U01091,G00950,tenía sueño.,yawichi'winek,sanek'wantuwinek,tenía frío.,U00775,G00652,hard,0.7092114090919495,0.6275661587715149,0.08164525032043457,3
U01091,G00950,tenía sueño.,yawichi'winek,wicha'pawinek,estaba durmiendo.,U01754,G01556,medium,0.7092114090919495,0.5441837906837463,0.16502761840820312,12
U02159,G01939,comimos juntos.,weranekwa' kenmu'lek,adipi ka'awa',comamos fuera.,U01502,G01318,medium,0.7481991648674011,0.5870829224586487,0.16111624240875244,2
U00727,G00610,estate vigilante.,ñaper' lu'uk'tan,ñi'inaka inlu'uktutek,sería cuidadoso.,U01759,G01561,hard,0.808896005153656,0.6923084855079651,0.11658751964569092,3
U00727,G00610,estate vigilante.,ñaper' lu'uk'tan,ñapaker' insek'dipersu',mantente alerta.,U00625,G00520,medium,0.808896005153656,0.6465401649475098,0.16235584020614624,4
U00728,G00610,estate atento.,ñaper' lu'uk'tan,ñapaker' insek'dipersu',mantente alerta.,U00625,G00520,hard,0.7818730473518372,0.678015410900116,0.10385763645172119,3
U00728,G00610,estate atento.,ñaper' lu'uk'tan,tupituku' inpalerianma',sigan practicando.,U02087,G01869,medium,0.7818730473518372,0.6254770755767822,0.15639597177505493,6
U02096,G01878,remontemos cometas.,a'penu'wa' cometas,uketchu samellusa'.,van a venir los peces.,U02641,G02416,medium,0.8751175999641418,0.6224963665008545,0.25262123346328735,3
U02097,G01878,volemos cometas.,a'penu'wa' cometas,kulliker' luwantullidek,necesitamos dinero.,U01572,G01383,medium,0.8378652930259705,0.5576579570770264,0.2802073359489441,3
U00281,G00226,respóndeme.,na'pi'u,a'uktuwu,mándamelo.,U01518,G01333,medium,0.7975375652313232,0.6326572895050049,0.16488027572631836,4
U01882,G01676,le perdonamos.,ta'itula'llidek,a'ta'wantullidek,terminamos.,U00697,G00584,hard,0.8221256732940674,0.677674412727356,0.14445126056671143,2
U01882,G01676,le perdonamos.,ta'itula'llidek,pinaner'llidek,nos olvidamos.,U00447,G00363,medium,0.8221256732940674,0.5929088592529297,0.2292168140411377,3
U02013,G01798,debo encontrarlo.,kanan'a'kasu' ñapalli,llia'a'mamasu' ñapalli,deberían quedarse.,U02208,G01985,hard,0.7132993340492249,0.6212204098701477,0.09207892417907715,2
U02013,G01798,debo encontrarlo.,kanan'a'kasu' ñapalli,chimin'er'kasu'ñapalli,deben morir.,U01540,G01352,medium,0.7132993340492249,0.5499798059463501,0.16331952810287476,5
U02092,G01874,hagámoslo ahora.,nu'tawa' ipa'la,nu'ter' ipa'la,hazlo ahora.,U00294,G00233,medium,0.8722587823867798,0.7135205268859863,0.15873825550079346,2
U02480,G02255,a qué he venido a yurimaguas.,"ma'pu'a'kasu' asek weklek yurimawek,",ipa'linchi ukdinu'tulek.,entonces se empieza a mascar formando líquido.,U02355,G02130,medium,0.6718265414237976,0.4395724833011627,0.2322540581226349,3
U00253,G00200,tom vino.,tom uk'lli,tom ektu'lli,tom llegó.,U00906,G00777,medium,0.8846080899238586,0.7324099540710449,0.15219813585281372,2
U02425,G02200,yo solita sentada me pongo a llorar.,kuashasa' du'wimu willeklek.,kua napi' simirkek nanpilek.,hace mucho yo viví en varadero.,U02483,G02258,medium,0.7611287236213684,0.5349485874176025,0.22618013620376587,2
U02608,G02383,y los llamó (a los peces) y toda clase de peces salieron.,"peklu'dekllima, intekdudui'su' samellusa' yunsu'lli.","pennen alañina', lli'llina' dullinen ukunpalalli.",le pidieron su candela (al duende) y se dieron cuenta de que sus intestinos estaban colgados.,U02925,G02700,medium,0.7187792062759399,0.43360093235969543,0.2851782739162445,2
U01734,G01536,necesito descansar.,luwantulek neriak,yawichi'lek,tengo sueño.,U00567,G00471,hard,0.780594527721405,0.672923743724823,0.10767078399658203,3
U01734,G01536,necesito descansar.,luwantulek neriak,ta'itula'u du'echek,déjame sentarme.,U02091,G01873,medium,0.780594527721405,0.5924203395843506,0.18817418813705444,4
U02507,G02282,ella también quiere aprender.,nananti'mi'na yañinchitulli.,nananta' a'lek'apilallun.,ella también me está enseñando.,U02287,G02062,medium,0.7630515694618225,0.5384950637817383,0.22455650568008423,2
U02252,G02027,aquí me engendró mi madre.,kua asek wilawañun awawek.,nu'amu amishawekkek pipetchulek.,por eso me arrimé donde mi abuelita.,U02259,G02034,hard,0.7420840859413147,0.6154153347015381,0.1266687512397766,2
U02252,G02027,aquí me engendró mi madre.,kua asek wilawañun awawek.,nanek wadekllun awawek shiwiluk.,ahí me alumbró mi madre en jeberos.,U02475,G02250,medium,0.7420840859413147,0.5859511494636536,0.15613293647766113,4
U01487,G01305,está ocupado.,ipia'la yennichi'ñi,ma'kek'pachi'ñi,es irrelevante.,U02076,G01859,hard,0.710781991481781,0.6087826490402222,0.10199934244155884,3
U01487,G01305,está ocupado.,ipia'la yennichi'ñi,saka'tapalli,está funcionando.,U01129,G00982,medium,0.710781991481781,0.5520902872085571,0.15869170427322388,5
U02516,G02291,"entonces los hombres llegaron y construyeron tambo, chancaron barbasco.","ipa'linchi nawa' ektu'na' palenñantullina', puñañin llisantullina'.","naneklima ipa'linchi pacherler aku'lli kenmami'na makanma', maka aku'deklli.","en base a eso, entonces, el cura le puso (el nombre) ustedes son maka, maka15 les pusieron.",U03164,G02939,medium,0.7134259939193726,0.5408934950828552,0.17253249883651733,2
U02535,G02310,"un pescadito nomás he traído, mi hermanito también unito nomás le respondió.","alla'shasa' samer kencha'lek, yalli'washawek'unta' alla'shasa'pi'la itullima.","katentapek walek, ukluka'palli wa'naukta kellek.","mientras se masca en la boca, ya está hirviendo la olla de aluminio con la yuca.",U02357,G02132,medium,0.7358502149581909,0.5066947937011719,0.22915542125701904,2
U00064,G00049,salgan.,yunsu'ku',chi'yek llina',se escaparon.,U01196,G01037,medium,0.8360052108764648,0.6434115171432495,0.19259369373321533,2
U00581,G00483,¿es así?,¿nu'su' nuka'a?,¿enpuduncha?,¿cuánto es?,U01706,G01509,hard,0.7918566465377808,0.7235945463180542,0.06826210021972656,3
U00581,G00483,¿es así?,¿nu'su' nuka'a?,nu'su' nuka'a,así es.,U01191,G01034,medium,0.7918566465377808,0.6307665705680847,0.16109007596969604,4
U00503,G00415,está arruinado.,sapusu' ñapalli,kasiser' ñapalli,está oscuro.,U00365,G00296,hard,0.8305849432945251,0.7787637710571289,0.05182117223739624,2
U00503,G00415,está arruinado.,sapusu' ñapalli,ñapalli napi'da',está obsoleto.,U01488,G01306,medium,0.8305849432945251,0.6748679280281067,0.15571701526641846,3
U00963,G00829,¿quién vitoreó?,¿den inllipu'iteklatulli?,¿den tenmian'su'lli?,¿quién parte?,U01263,G01098,hard,0.7209668159484863,0.6055954694747925,0.11537134647369385,3
U00963,G00829,¿quién vitoreó?,¿den inllipu'iteklatulli?,¿den lauk'tulli?,¿quién escuchó?,U01259,G01095,medium,0.7209668159484863,0.5673156976699829,0.15365111827850342,5
U00879,G00751,¿debería ir?,¿pa'echek'ata'?,¿pa'chi'ñin'cha?,¿es gratis?,U00573,G00477,hard,0.7697221636772156,0.6332564353942871,0.13646572828292847,2
U00879,G00751,¿debería ir?,¿pa'echek'ata'?,¿enpi' ta'wantechu?,¿cuándo termina?,U01905,G01699,medium,0.7697221636772156,0.5860137939453125,0.18370836973190308,4
U02504,G02279,ahora esta señora me pidió ¡habla la lengua shiwilu!,ipa'la asu' senñula' itullun ¡lunker shiwilu la'la'!,"nu'su' ipa'la lawektapalek asu' shiwilumapu'wek, ñi napi'pu'su'.","así oigo ahora en nuestro pueblo de jeberos, no es como antes.",U03203,G02978,medium,0.8992899656295776,0.6052327752113342,0.2940571904182434,2
U00677,G00567,enciéndelo. (fuego),a'tender',a'wanerker',páralo. (poner vertical),U00109,G00077,hard,0.7991833686828613,0.657518744468689,0.14166462421417236,2
U00677,G00567,enciéndelo. (fuego),a'tender',a'wencher',hazlo venir.,U01364,G01189,medium,0.7991833686828613,0.6380513310432434,0.16113203763961792,3
U03068,G02843,"cómo yo siendo mujer (me rebelo), les estoy diciendo a todos párense, les pido a todos que se pongan de pie. así se van a parar, ahí está.","ma'pu'si'na kua ku'aperku ñamu... iñer itapallenma' wanerku', nu'su' waneretchuma', ma'ata'na.","yenchenterka'su' saka'tapanna', iñer er'werwalek ipa' kasiserapilek walek ipa' asu' inkella chanchanchan.","no quería que (los shiwilu) se estiraran cuando trabajaban, hasta que se hacía bien tarde (los obligaban a trabajar), hasta que se hacía bien oscuro y el grillo (cantaba) chanchanchan.",U03136,G02911,hard,0.643416702747345,0.5834487676620483,0.05996793508529663,2
U03068,G02843,"cómo yo siendo mujer (me rebelo), les estoy diciendo a todos párense, les pido a todos que se pongan de pie. así se van a parar, ahí está.","ma'pu'si'na kua ku'aperku ñamu... iñer itapallenma' wanerku', nu'su' waneretchuma', ma'ata'na.",katu' pa'tapalek,estoy ayudando.,U02049,G01832,medium,0.643416702747345,0.4280291795730591,0.2153875231742859,3
U02369,G02144,"entonces cuando se termina, nuevamente la yuca sobrante se hierve (con el agua nueva que ha puesto) y se vuelve a trasladar.",ipa'linchi ta'wantununta'sik nu'nipi'la ñapalli ker‘ ukluka'sik upetñunta'lek.,"ukllinantusik ipa'linchi pamu'lek, a'du'lek uktak.",cuando amanece entonces se lava (la yuca) y se la pone en una olla.,U02343,G02118,hard,0.7251766920089722,0.6089826226234436,0.11619406938552856,2
U02369,G02144,"entonces cuando se termina, nuevamente la yuca sobrante se hierve (con el agua nueva que ha puesto) y se vuelve a trasladar.",ipa'linchi ta'wantununta'sik nu'nipi'la ñapalli ker‘ ukluka'sik upetñunta'lek.,nu'sik ker' su'watek nananta' a'ukluka'lek ali'la uktak.,así también yuca cruda rallada también se hierve en otra olla.,U02379,G02154,medium,0.7251766920089722,0.5714977383613586,0.15367895364761353,4
U00891,G00763,se quemaron.,uker'llina',inwiperi'llina',se abrazaron.,U00896,G00767,hard,0.8084343075752258,0.6889846920967102,0.11944961547851562,2
U00891,G00763,se quemaron.,uker'llina',da'pañina',se estrellaron.,U01195,G01036,medium,0.8084343075752258,0.6390988230705261,0.1693354845046997,3
U03103,G02878,"malallina es la que nos ha hecho reflexionar,","malallina nana nu'su' a'kankantullundek,",malallina nu'su' a'lli'tullundek.,malallina es la que nos ha hecho darnos cuenta.,U03104,G02879,hard,0.7805220484733582,0.6468783020973206,0.1336437463760376,3
U03103,G02878,"malallina es la que nos ha hecho reflexionar,","malallina nana nu'su' a'kankantullundek,","ñinchilu'nkudeksu' taker'apilallidek,","los que sabemos hablar nos estamos extinguiendo,",U02331,G02106,medium,0.7805220484733582,0.48054271936416626,0.2999793291091919,4
U00400,G00325,lee esto.,luntuker' asu',asek lia'ker',quedate acá.,U00420,G00340,medium,0.8267658948898315,0.6692720651626587,0.15749382972717285,5
U00401,G00325,lea esto.,luntuker' asu',asek lia'ker',quedate acá.,U00420,G00340,medium,0.8370532989501953,0.6850705742835999,0.15198272466659546,5
U00598,G00497,déjalo entrar.,ta'ituler' da'encha'i,ya'wencha'lli,quiere venir.,U02244,G02019,medium,0.8094980716705322,0.6038435101509094,0.2056545615196228,2
U02213,G01990,estás soñando.,wa'latapala,luantapala,lo necesitas.,U00975,G00841,medium,0.8278437852859497,0.6726338863372803,0.15520989894866943,2
U01801,G01598,es mes de navidad.,ñiñuduker' nuka'a,sawadu' nuka'a,es sábado.,U01791,G01590,hard,0.6954222917556763,0.6256072521209717,0.06981503963470459,2
U01801,G01598,es mes de navidad.,ñiñuduker' nuka'a,brashika nuka'a,es brasileña.,U02116,G01897,medium,0.6954222917556763,0.5351923704147339,0.16022992134094238,4
U01307,G01138,¿son polis?,¿suntadulusa'cha?,¿shipen a'cha?,¿es alto? (estatura - masculino),U00570,G00474,medium,0.7496159672737122,0.5654218792915344,0.18419408798217773,2
U02103,G01884,descansemos aquí.,neriawa' asek,du'ker' asek,siéntate aquí.,U00246,G00194,medium,0.8364261388778687,0.5884031057357788,0.24802303314208984,2
U00736,G00616,cuenta conmigo.,kua katu'pekchen,katu'palun,me salvó.,U00839,G00715,hard,0.7044349908828735,0.6160202026367188,0.08841478824615479,2
U00736,G00616,cuenta conmigo.,kua katu'pekchen,sekdiperker' kenmalek,consérvalo contigo.,U01812,G01609,medium,0.7044349908828735,0.5499321222305298,0.15450286865234375,4
U02265,G02040,después tuve mis hijos.,nu'amui'na wadeklek wilaweklusa'.,nanekla amitullinerku.,después me hicieron abuela.,U02499,G02274,medium,0.8337597846984863,0.645729124546051,0.1880306601524353,2
U01230,G01069,espera fuera.,adipi wantenter',nanek watenker',espera ahí.,U01359,G01186,hard,0.6692394614219666,0.5650390386581421,0.10420042276382446,3
U01230,G01069,espera fuera.,adipi wantenter',yunsuer' adipi,sal fuera.,U01015,G00877,medium,0.6692394614219666,0.5136756896972656,0.15556377172470093,6
U01579,G01390,sobreviviremos.,chiminllinkekla nanpiterwa',chiminllinkekla nampipalekwa',sobrevivimos.,U00939,G00807,hard,0.8371014595031738,0.7044509649276733,0.1326504945755005,2
U01579,G01390,sobreviviremos.,chiminllinkekla nanpiterwa',dei'techuner'kudek,seremos asesinados.,U02176,G01956,medium,0.8371014595031738,0.6743302345275879,0.16277122497558594,4
U02752,G02527,"vengándose, el monte, se sumió más el monte.","pillek'an, tanan, dankumelli a'pinta' tanan.","nu'sui'ma pa'apan, ala'lu'sa' wa'anler a'peklu'tulli.","así dice cuando estaba transcurriendo, una vez el gobernante le hizo llamar.",U02664,G02439,hard,0.58455890417099,0.45710131525993347,0.12745758891105652,3
U02752,G02527,"vengándose, el monte, se sumió más el monte.","pillek'an, tanan, dankumelli a'pinta' tanan.","katentapek walek, ukluka'palli wa'naukta kellek.","mientras se masca en la boca, ya está hirviendo la olla de aluminio con la yuca.",U02357,G02132,medium,0.58455890417099,0.4335187077522278,0.1510401964187622,5
U03133,G02908,sekputchek no era de buen corazón.,nana sekputchek ima nana mukankinpu'a'su'.,tullima ala'sa' shaya'.,dijo una mujer con pena.,U02898,G02673,medium,0.7391535639762878,0.5041758418083191,0.23497772216796875,2
U03199,G02974,ahora cualquier nombre ya les ponen.,ipa'li'na ma'nen llillinlusi'pa' aku'llina'.,ipa'la a'pinta' lliwaitullina'.,ahora los han espantado más lejos.,U02814,G02589,hard,0.6410946249961853,0.5687631368637085,0.0723314881324768,2
U03199,G02974,ahora cualquier nombre ya les ponen.,ipa'li'na ma'nen llillinlusi'pa' aku'llina'.,ipa'li'na shiwilu la'la' pinanetllina'.,y han olvidado la lengua shiwilu.,U02326,G02101,medium,0.6410946249961853,0.4729164242744446,0.16817820072174072,6
U01428,G01248,estaba atrapado.,pilli'pi ñapawinek,ñapawiñi kawik,estuvo cerca.,U01847,G01642,hard,0.8449689745903015,0.7035349607467651,0.14143401384353638,2
U01428,G01248,estaba atrapado.,pilli'pi ñapawinek,inanpilatek ñapawinek,estaba desnudo.,U00802,G00678,medium,0.8449689745903015,0.6536523103713989,0.1913166642189026,3
U02642,G02417,"dicen que revolcándose vino el paiche,","inpikanpiler'an ima unma' uklli,","lapi'samer uklli,","vino la corvina,",U02647,G02422,hard,0.7722774744033813,0.7010637521743774,0.0712137222290039,3
U02642,G02417,"dicen que revolcándose vino el paiche,","inpikanpiler'an ima unma' uklli,","shidek enñi,","los lagos grandes se secaron,",U02711,G02486,medium,0.7722774744033813,0.5813658833503723,0.19091159105300903,7
U00607,G00503,nademos.,idunwa',lansa'wa',bailemos.,U00854,G00730,hard,0.6460305452346802,0.5887569785118103,0.05727356672286987,7
U00607,G00503,nademos.,idunwa',ta'itula'u du'echek,déjame sentarme.,U02091,G01873,medium,0.6460305452346802,0.49543043971061707,0.1506001055240631,27
U02267,G02042,ayudándome a criarlos su padre murió y quedé sola.,teksusupa'nku tatanenna' chiminlapillun.,ku'apenñenleksa' musu' nanpillina' tatawek.,mi padre con su mujer nomás vivían bien.,U02260,G02035,medium,0.7378510236740112,0.5832537412643433,0.15459728240966797,2
U00821,G00697,soy casado.,sadasu' nuka'ka,shamu'pensu' nuka'ka,soy delgado. (masculino),U00211,G00163,hard,0.8190069794654846,0.71433025598526,0.10467672348022461,3
U00821,G00697,soy casado.,sadasu' nuka'ka,tanta' nu'tutek nuka'ka,soy panadero.,U00811,G00687,medium,0.8190069794654846,0.625981330871582,0.1930256485939026,6
U01725,G01527,odio planchar.,empu'duncha',panwalalan.,la vacamarina.,U02636,G02411,medium,0.6407700777053833,0.4607534110546112,0.1800166666507721,7
U02113,G01894,mándemelos.,a'uktu'u,keritu'u,tráemelo.,U01650,G01459,hard,0.738351047039032,0.6852072477340698,0.05314379930496216,3
U02113,G01894,mándemelos.,a'uktu'u,enka'u nu'unta'lusa',dame algunos.,U01356,G01183,medium,0.738351047039032,0.5581851601600647,0.18016588687896729,7
U03161,G02936,"ese otro dijo yo he sabido que en el cerro vive llumallun. 12 laulate es un apellido muy común en jeberos. según este relato, su etimología se hallaría en el nombre laweklatek el de la boca abierta. 13 llumallun era viejita que vivia sola y era sabia.",nana ali'lima tulli kui'na ñinchitulek nana mutupik nanpipalli llumallun13'.,"nu'unta' ima lanpi'tasu' nana pendalu' penlu'pasu'. nanekla ima ñilli kuwer', tuner, dudinpu' kaluwi' ñilli merpimapu'wek tullina'.","algunos percibieron la ceniza que volaba. dicen que de ahí se originó la lombriz, el iluli, toda clase de enfermedades que hay en nuestro estómago, dijeron.",U02957,G02732,hard,0.6062402129173279,0.49030646681785583,0.11593374609947205,2
U03161,G02936,"ese otro dijo yo he sabido que en el cerro vive llumallun. 12 laulate es un apellido muy común en jeberos. según este relato, su etimología se hallaría en el nombre laweklatek el de la boca abierta. 13 llumallun era viejita que vivia sola y era sabia.",nana ali'lima tulli kui'na ñinchitulek nana mutupik nanpipalli llumallun13'.,"shunka' katu' ekkilala a'ñamu nana lunpa'kasu' ipa'la lauktulek, kuanta' supinawantamu amiwekku'.","cuando tenia 12 años he escuchado lo que digo ahora, me ponía detrás de mi abuelita finada.",U03122,G02897,medium,0.6062402129173279,0.42462393641471863,0.18161627650260925,3
U02940,G02715,después se escondieron.,nu'anna' insekkitullina'.,nanek ima inpinanerllanna' pek kuallina'.,ahí dice se olvidaron y se acostaron.,U02892,G02667,hard,0.7304784059524536,0.6598417162895203,0.07063668966293335,2
U02940,G02715,después se escondieron.,nu'anna' insekkitullina'.,nu'su'sa' ñillina' napi'.,así nomas han sido antes.,U03145,G02920,medium,0.7304784059524536,0.5554967522621155,0.17498165369033813,5
U02757,G02532,"las boas todavía están ahí,","kupiwanlusa' ñapallinpi'la,","sennanlusa'nta' enñi,","también los lagos se secaron,",U02710,G02485,medium,0.7808622121810913,0.5925905108451843,0.18827170133590698,2
U01020,G00882,¿ayudaste?,¿katu'pa'tula?,nana katu'patulli,eso ayuda.,U00220,G00172,hard,0.7640504837036133,0.6160231232643127,0.14802736043930054,2
U01020,G00882,¿ayudaste?,¿katu'pa'tula?,kana'tula,has ganado.,U00133,G00095,medium,0.7640504837036133,0.60158371925354,0.16246676445007324,3
U00149,G00109,túmbate.,anu'ker',wiuker',apresúrate.,U00171,G00129,hard,0.7788689136505127,0.6551758050918579,0.12369310855865479,2
U00149,G00109,túmbate.,anu'ker',nanpiker',despierta.,U00120,G00086,medium,0.7788689136505127,0.6114700436592102,0.1673988699913025,3
U00636,G00531,eso funciona.,nana saka'tapalli,asu' saka'tapalli,esto trabaja.,U00647,G00539,hard,0.8433620929718018,0.792039155960083,0.05132293701171875,2
U00636,G00531,eso funciona.,nana saka'tapalli,saka'tapalli,está funcionando.,U01129,G00982,medium,0.8433620929718018,0.6822527647018433,0.1611093282699585,5
U03135,G02910,"ese sekputchek era bien miserable, no se conformaba con poquito.","nana sekputchek ima'ka nana aperku'tek ima, ñima luwanchi'ñi u'ñisha.",nana sekputchek ima nana mukankinpu'a'su'.,sekputchek no era de buen corazón.,U03133,G02908,medium,0.7839040160179138,0.6070384383201599,0.1768655776977539,2
U01893,G01687,estamos divorciados.,yanpu'su' ñapallidek,unku'pi ñapallidek,estamos encerrados.,U01252,G01088,hard,0.7759095430374146,0.7189374566078186,0.05697208642959595,3
U01893,G01687,estamos divorciados.,yanpu'su' ñapallidek,uki'latek ñapallidek,estamos hambrientos.,U01253,G01089,medium,0.7759095430374146,0.6242662072181702,0.15164333581924438,7
U00434,G00351,tom sabe.,tom ñinchitapalli,tom lli'inutapalli,tom recuerda.,U01553,G01365,hard,0.7688330411911011,0.628349781036377,0.14048326015472412,2
U00434,G00351,tom sabe.,tom ñinchitapalli,ñinchitapallidek,lo sabemos.,U00123,G00088,medium,0.7688330411911011,0.5774304866790771,0.19140255451202393,3
U02739,G02514,"al gobernante le dijeron,","wa'an wintullina',","ñinchillinsetchanna',","sabiendo escribir,",U02805,G02580,medium,0.730770468711853,0.5348406434059143,0.19592982530593872,2
U01793,G01592,¡huele rico!,¡iyasu' lanelliek!,¡illiñi u'chimu!,¡suena genial!,U02067,G01850,hard,0.6442131996154785,0.5820783376693726,0.06213486194610596,2
U01793,G01592,¡huele rico!,¡iyasu' lanelliek!,lanerapalek gas,huelo gas.,U00795,G00672,medium,0.6442131996154785,0.4834200441837311,0.16079315543174744,6
U01669,G01476,hágalo mañana.,eklli nu'ter',wiuk'su' nu'ter',hazlo rápido.,U01511,G01326,hard,0.7567234039306641,0.6924499869346619,0.0642734169960022,2
U01669,G01476,hágalo mañana.,eklli nu'ter',wayusa' nu'tulek,hice café.,U01412,G01233,medium,0.7567234039306641,0.49420687556266785,0.2625165283679962,5
U01596,G01407,¿estabas enfermo?,¿kaluwi'su' ñapawina?,¿kaluwipala?,¿estás enfermo?,U00991,G00855,medium,0.8606099486351013,0.6204456090927124,0.24016433954238892,2
U00570,G00474,¿es alto? (estatura - masculino),¿shipen a'cha?,¿suntadulusa'cha?,¿son polis?,U01307,G01138,hard,0.6583977937698364,0.569732129573822,0.0886656641960144,4
U00570,G00474,¿es alto? (estatura - masculino),¿shipen a'cha?,¿kaser'llincha?,¿es dulce?,U01469,G01287,medium,0.6583977937698364,0.5070497989654541,0.15134799480438232,6
U01554,G01366,tom vaciló.,tom si'lentulli,tom idenmalli,tom peleó.,U00656,G00547,hard,0.7957767844200134,0.6841689348220825,0.11160784959793091,2
U01554,G01366,tom vaciló.,tom si'lentulli,tom a'shulli,tom estornudó.,U00916,G00786,medium,0.7957767844200134,0.6390005946159363,0.15677618980407715,4
U00265,G00212,usa esto.,pata'ker' asu',ekpa'ker' asu',lleva esto.,U00471,G00386,hard,0.80105060338974,0.7263409495353699,0.07470965385437012,4
U00265,G00212,usa esto.,pata'ker' asu',sek'diperker' asu',guarda esto.,U00374,G00305,medium,0.80105060338974,0.6354237198829651,0.1656268835067749,8
U02539,G02314,agua blanquísima y cristalina van a encontrar.,enpu'ni dadapudekshipa' enpu'ni pektudekshipa' kanenchuma'.,a'lek'etchenma' kuda ukluta'kudeksu'.,les voy a enseñar la elaboración de la chicha punta.,U02335,G02110,medium,0.6748961210250854,0.49840468168258667,0.17649143934249878,2
U02261,G02036,a nosotras mi padre ya no nos ha querido.,kudei'na ma'sha musu' kankanwapei'ñundek a'pinta' tatawek.,ipa'la tatawek awawek chiminsik i'na dinsuwilallidek.,"ahora, cuando murieron mis padres nos hemos quedado huérfanos.",U02490,G02265,hard,0.7862563133239746,0.6595178246498108,0.12673848867416382,2
U02261,G02036,a nosotras mi padre ya no nos ha querido.,kudei'na ma'sha musu' kankanwapei'ñundek a'pinta' tatawek.,kui'na a'pinta' musu' eknanpi'ñu tatawek.,pero a mí ya no me quería bien mi padre.,U02258,G02033,medium,0.7862563133239746,0.6144909858703613,0.17176532745361328,3
U02091,G01873,déjame sentarme.,ta'itula'u du'echek,luwantulek wichi'ak,necesito dormir.,U01076,G00935,medium,0.8742930889129639,0.6682966351509094,0.20599645376205444,2
U02378,G02153,maíz crudo molido también se hierve en otra olla.,chiter nanpi peksanpi nananta' ali'la uktak a'ukluka'lek.,"ukluka'sik, ali'lak kupin uktak pekdu'a'kasu' upellek.",cuando hierve se lo echa en otra olla de barro grande que está enterrada (hasta la mitad).,U02364,G02139,hard,0.6610586047172546,0.5184686779975891,0.14258992671966553,2
U02378,G02153,maíz crudo molido también se hierve en otra olla.,chiter nanpi peksanpi nananta' ali'la uktak a'ukluka'lek.,peksantapamu nana inkaluner ker'unta' a'ler'apalek alei'teklundan.,"mientras muelo voy asando también la yuca, cinco yucas enteras.",U02351,G02126,medium,0.6610586047172546,0.4844125509262085,0.17664605379104614,3
U03105,G02880,todos los hombres deberían ser como malallina.,nana malallinapu'wa'su' ñillin iñer enmu'pinen.,mukankanlusa'sa' dansu'chuna'.,sólo los de buen corazón sobrevivirán.,U02732,G02507,medium,0.6775214672088623,0.5038560628890991,0.17366540431976318,2
U03141,G02916,"viendo todas esas cosas, malallina dijo ¿esos dos hablantes de lengua española nos van a hacer todas esas cosas?",nanadaper imaka lli'an malallina tulli asu' katu'ta' ishpaña la'la' lunlusa' a'ta' kenmu'wa' utetchinerkenmu'wa'.,nanek waleksa' winterkenma' asu' malallina idenma'su' ispaña la'la'lusa'lek.,hasta acá nomás les he contado la lucha de malallina con los españoles.,U03123,G02898,medium,0.7943660020828247,0.5198920965194702,0.2744739055633545,2
U02044,G01828,te premiaré.,panuerken,alli'echen,te mostraré.,U01442,G01260,medium,0.8182181119918823,0.6062138080596924,0.21200430393218994,3
U02045,G01828,te recompensaré.,panuerken,a'chiyek'echiden,te salvaremos.,U01891,G01685,hard,0.7834141254425049,0.648169755935669,0.13524436950683594,3
U02045,G01828,te recompensaré.,panuerken,alli'echen,te mostraré.,U01442,G01260,medium,0.7834141254425049,0.5757712125778198,0.20764291286468506,5
U02513,G02288,ya el verano empezó. ¡vamos a pescar muchachos y muchachas! les dijo.,"ipa' ekkilala pilli'ncha'lli. ¡enchuku' pur'awa' nadi'neklusa', wilalunlusa'! itudekllima.","¡nantapiku'la', nasu'ku', wilalusa'! itudekllima.","¡ánimo muchachos, tengan valor, en acción! les dijo.",U02946,G02721,medium,0.7724055051803589,0.4745413362979889,0.29786416888237,2
U00196,G00151,estoy perfectamente.,u'chimuinchi ñapalek,musu' nampipalek,soy feliz,U00515,G00426,hard,0.7923104763031006,0.707141637802124,0.08516883850097656,2
U00196,G00151,estoy perfectamente.,u'chimuinchi ñapalek,¡musu' nampipalek!,¡estoy feliz!,U00516,G00427,medium,0.7923104763031006,0.6240083575248718,0.16830211877822876,5
U03173,G02948,entonces el cura ha traído santitos chiquititos.,nanek imi'na pacher kelli u'ñishala shanchushala.,ipa'linchi arakayu ima pekkutulli naneklanek dekshadeklusa' samerwa'nsu'.,entonces dicen que arákayu icaró (con su saber) desde allí a los riachuelos que tenían peces.,U02743,G02518,medium,0.7681171298027039,0.5482556223869324,0.21986150741577148,2
U02778,G02553,somos víctimas de (la ira de) arákayu.,arakayu nenchullinerkenmu'wa'.,lukatullima arakayu.,gritó arákayu.,U02693,G02468,medium,0.694830596446991,0.5398486256599426,0.15498197078704834,2
U01637,G01447,¡estás bromeando!,¡si'lentapala!,¿si'lentapala?,¿estás bromeando?,U01648,G01457,medium,0.9018467664718628,0.7034397721290588,0.19840699434280396,2
U00812,G00688,soy mujer.,ku'aper nuka'ka,kua nuka'ka,soy yo.,U00099,G00068,hard,0.8143447041511536,0.6940893530845642,0.12025535106658936,2
U00812,G00688,soy mujer.,ku'aper nuka'ka,ma'kimpu nuka'ka,soy torpe.,U00557,G00462,medium,0.8143447041511536,0.6299226880073547,0.18442201614379883,3
U01878,G01672,"¡tom, respóndeme!","¡tom, na'piu!",¡ta'itula'u'ku yapanta'lek!,¡déjeme ir!,U00383,G00312,medium,0.7717853784561157,0.5238925814628601,0.24789279699325562,2
U00972,G00838,se desmayó.,muisu' kankatulli,yutulli,la increpó.,U01698,G01501,medium,0.818616509437561,0.6370378136634827,0.18157869577407837,2
U01389,G01214,estoy estornudando.,a'shupalek,a'shupalekpi'la,sigo estornudando.,U02010,G01795,hard,0.8214643001556396,0.6892325282096863,0.13223177194595337,2
U01389,G01214,estoy estornudando.,a'shupalek,llinserchapalek,estoy pintando.,U01110,G00967,medium,0.8214643001556396,0.6647340655326843,0.15673023462295532,3
U02851,G02626,"si hay tigre se lo mata, si hay anaconda de altura a esa también se la mata.","amana' ñichu di'tawa', ali'la erpilu' kupiwan ñipachi nananta' di'tawa'.","ala'musun wicha'pai, ali'la musui'na nanpiladapai.",un grupo que vaya durmiendo y el otro grupo que haga guardia.,U02864,G02639,medium,0.7908486127853394,0.5434591770172119,0.24738943576812744,2
U02559,G02334,cuentan que así sucedió hace mucho tiempo.,nu'sui'ma napi' nakulli.,kala ekkilala ima uketlli.,cuentan que tres años ardió.,U02552,G02327,medium,0.7504336833953857,0.554604709148407,0.19582897424697876,2
U01728,G01530,ni idea.,ninchichi'nek,ñinchidinupalek,tengo curiosidad.,U00813,G00689,hard,0.7976563572883606,0.6828535199165344,0.11480283737182617,4
U01728,G01530,ni idea.,ninchichi'nek,yañinchitulek,quiero saberlo.,U01058,G01813,medium,0.7976563572883606,0.6293271780014038,0.1683291792869568,6
U00076,G00190,él vino.,nana uk'lli,tom uk'lli,tom vino.,U00253,G00200,medium,0.8873412013053894,0.6980959177017212,0.1892452836036682,3
U00240,G00190,ella vino.,nana uk'lli,¿ukllin'cha?,¿ha venido?,U00752,G00631,medium,0.8730136156082153,0.6379078030586243,0.23510581254959106,3
U02222,G01999,pregúntaselo.,lekker',teklerier',pruébatelo.,U00442,G00359,hard,0.8035916686058044,0.6802306175231934,0.12336105108261108,4
U02222,G01999,pregúntaselo.,lekker',lauk'ter',escucha.,U00390,G00318,medium,0.8035916686058044,0.6402202248573303,0.16337144374847412,5
U03092,G02867,"nuestro pueblo, los que viven en el barrio bajo, van a pandillar por el barrio bajo; los que viven por el barrio alto, por el barrio alto, dijeron.","ñinanlu'mapu'wa', chilenkek ña'su', chilenllupa' chu'kenetchu; winenllupa' ña'su', winenllupa', tanni'ma.","ninanlu' aku'llina' wala'wan ikiñek ñinanlu'. wala'wan chilenki, wala'wan winenki.",el pueblo puso policías en el medio del pueblo. policía para el barrio bajo y policía para el barrio alto.,U03093,G02868,medium,0.6144505143165588,0.4352688491344452,0.17918166518211365,2
U00367,G00298,es tarde.,er'wa nuka'a,¿weia'cha ñapalli?,¿está lejos?,U00354,G00285,medium,0.7698865532875061,0.5236390829086304,0.24624747037887573,2
U00965,G00831,¿quién viene?,¿den u'apilelli?,¿den'ina' teka'lli?,¿quién corrió?,U00130,G00092,hard,0.6294707655906677,0.5688523054122925,0.060618460178375244,3
U00965,G00831,¿quién viene?,¿den u'apilelli?,ya'wencha'lli,quiere venir.,U02244,G02019,medium,0.6294707655906677,0.4777389466762543,0.15173181891441345,19
U01595,G01406,¿te dispararon?,¿ilañiner'ken?,¿peklu'tula?,¿llamaste?,U00706,G00592,medium,0.8131524324417114,0.5145165324211121,0.29863590002059937,2
U01643,G01453,¿estoy calificado para el trabajo?,¿mupalek saka'tunanki?,saka'tusu' ñapalek,estoy agotado.,U01453,G01271,medium,0.7775030136108398,0.5772126913070679,0.20029032230377197,2
U01169,G01019,¡qué vergüenza!,¡dakuta'lek!,!embu'ni we'inuipa'!,¡qué lástima!,U00959,G00825,hard,0.7738606929779053,0.6838444471359253,0.09001624584197998,2
U01169,G01019,¡qué vergüenza!,¡dakuta'lek!,¡dakuta'ker'!,¡avergüénzate!,U01170,G01020,medium,0.7738606929779053,0.6208329796791077,0.1530277132987976,4
U00516,G00427,¡estoy feliz!,¡musu' nampipalek!,musu' nampipalek,soy feliz,U00515,G00426,hard,0.8903264403343201,0.7679229378700256,0.12240350246429443,2
U00516,G00427,¡estoy feliz!,¡musu' nampipalek!,u'chimuinchi ñapalek,estoy perfectamente.,U00196,G00151,medium,0.8903264403343201,0.6923958659172058,0.19793057441711426,4
U00814,G00690,estoy bailando.,lansa'palek,lunpalek,estoy leyendo.,U00826,G00702,hard,0.8887358903884888,0.7709145545959473,0.1178213357925415,2
U00814,G00690,estoy bailando.,lansa'palek,si'lentapalek,estoy leseando.,U00767,G00645,medium,0.8887358903884888,0.7218620181083679,0.16687387228012085,3
U00194,G00149,soy justo. (soy bueno),mukankanku',u'chimu nuka'ma,eres bueno.,U01265,G01100,hard,0.7016895413398743,0.621061384677887,0.0806281566619873,2
U00194,G00149,soy justo. (soy bueno),mukankanku',musu'nakuku',pásenla bien.,U00163,G00121,medium,0.7016895413398743,0.5509336590766907,0.1507558822631836,11
U02256,G02031,después vivendo (solo) nuevamente mi padre encontró otra mujer.,nanekla nanapu'si'la nanpipan tatawek ali'la ku'aper kanañi.,nanekla papina chiminlapillun.,después su padre murió dejándome sola.,U02438,G02213,medium,0.7438629865646362,0.5082102417945862,0.23565274477005005,2
U01570,G01381,tenemos planes.,a'ñapallidek ma'nen'un'ta' nu'tak,a'ñapalekwa' da'lusa',tenemos visita.,U02163,G01943,hard,0.6534290313720703,0.5998564958572388,0.05357253551483154,3
U01570,G01381,tenemos planes.,a'ñapallidek ma'nen'un'ta' nu'tak,lli'inutapallidek,nos recordamos.,U00938,G00806,medium,0.6534290313720703,0.4946758449077606,0.1587531864643097,9
U02112,G01893,repítemelo.,itununta'u,alek'u,enséñamelo. (pasar conocimiento),U00105,G00074,hard,0.8211460113525391,0.7018879055976868,0.1192581057548523,2
U02112,G01893,repítemelo.,itununta'u,llinser'chu'u,escríbeme.,U00277,G00223,medium,0.8211460113525391,0.6595873236656189,0.16155868768692017,3
U02555,G02330,"(el jefe) hizo reunir a los policías, y cuando se reunieron les mandó que se vayan a ver y ellos vieron.","wala'wanlusi'ma a'idiuntundek'an, indiuntunser a'panta'deklli lli'unta'llina'.","pennen alañina', lli'llina' dullinen ukunpalalli.",le pidieron su candela (al duende) y se dieron cuenta de que sus intestinos estaban colgados.,U02925,G02700,medium,0.6750704050064087,0.5119796395301819,0.1630907654762268,2
U00142,G00103,anímate.,nanta'piker,inlli'inuker',piénsatelo.,U01870,G01664,hard,0.592639684677124,0.5330054759979248,0.05963420867919922,7
U00142,G00103,anímate.,nanta'piker,a'nakuker',hazle pasar.,U00999,G00862,medium,0.592639684677124,0.43899157643318176,0.15364810824394226,26
U02315,G02090,llevándolo ella también que enseñe por otros lugares,"ekpanta'n nananta' a'lekchii, a'lektan nanalupa'","a'lek'erken, ekpanta'n kenmanta' ñinchiter.","te voy a enseñar, llévala tú también y aprende.",U02282,G02057,hard,0.6880835890769958,0.5501834154129028,0.13790017366409302,2
U02315,G02090,llevándolo ella también que enseñe por otros lugares,"ekpanta'n nananta' a'lekchii, a'lektan nanalupa'","nananta' a'lekchii, ñinchichii,","ella también que enseñe para que (otros) la aprendan,",U02291,G02066,medium,0.6880835890769958,0.49681004881858826,0.1912735402584076,3
U00567,G00471,tengo sueño.,yawichi'lek,¡yawichi'lek!,¡tengo sueño!,U00566,G00470,hard,0.7652842998504639,0.6409212350845337,0.12436306476593018,2
U00567,G00471,tengo sueño.,yawichi'lek,yawichi'winek,tenía sueño.,U01091,G00950,medium,0.7652842998504639,0.6058880686759949,0.159396231174469,6
U00794,G00671,vendo autos.,uku'latapalek wa'nateka'asu',alantapalek kulliker',presto dinero.,U01711,G01514,hard,0.6591090559959412,0.548861563205719,0.11024749279022217,3
U00794,G00671,vendo autos.,uku'latapalek wa'nateka'asu',linserchapalek la'la'lusa',escribo versos.,U01430,G01250,medium,0.6591090559959412,0.49649783968925476,0.1626112163066864,5
U02580,G02355,"jeberos, julio 2007","yuspainek'etchun, senñula'lusa'. muchas gracias, señoras.",¡u'chimu ñinalu'!,¡buen país!,U01901,G01695,medium,0.6219720244407654,0.44049495458602905,0.18147706985473633,2
U02388,G02163,ahí se enfría sola.,nanek sanek'i nanasa'.,nana ka'amu susulek.,comiendo eso he crecido.,U02487,G02262,medium,0.7605520486831665,0.5799350738525391,0.18061697483062744,2
U01110,G00967,estoy pintando.,llinserchapalek,si'lentapalek,estoy leseando.,U00767,G00645,hard,0.7844869494438171,0.696782112121582,0.08770483732223511,2
U01110,G00967,estoy pintando.,llinserchapalek,lansa'palek,estoy bailando.,U00814,G00690,medium,0.7844869494438171,0.6164351105690002,0.1680518388748169,4
U01445,G01263,cogeré uno.,maechek alasa',ka'apalek tanta',como pan.,U00773,G00650,medium,0.734906017780304,0.5507658123970032,0.18414020538330078,2
U02780,G02555,"los niños no conocen el paiche,","wilalusa' luwetchi'ñina' unma',","wilalunlusa', ñi ñinchichi'ñina' namasu' la'la'mapu'wa',","muchachas, no saben pues esta lengua nuestra,",U02321,G02096,medium,0.8493251204490662,0.6781482100486755,0.17117691040039062,3
U01392,G01216,los llamé.,peklu'deklek,peklu'tullina',llamaron.,U00892,G00764,hard,0.7959426045417786,0.6554190516471863,0.14052355289459229,4
U01392,G01216,los llamé.,peklu'deklek,peklu'u,llámame.,U00055,G00044,medium,0.7959426045417786,0.6394935846328735,0.15644901990890503,5
U03139,G02914,las viejitas lloraban de hambre.,amilusi'ma' willekllina' ukki'lanna'.,"inmusha'iteklatanna', wellekllina'.","besándose las manos, lloraban.",U02776,G02551,hard,0.7261091470718384,0.6356777548789978,0.09043139219284058,2
U03139,G02914,las viejitas lloraban de hambre.,amilusi'ma' willekllina' ukki'lanna'.,adipi du'kunna' wa'inutullina'.,yendo a sentarse afuera y sintieron pena.,U02770,G02545,medium,0.7261091470718384,0.5651917457580566,0.16091740131378174,3
U00137,G00098,apártate.,paker' ñilupa',kawiter',acércate.,U01011,G00874,hard,0.7321003675460815,0.598511815071106,0.13358855247497559,2
U00137,G00098,apártate.,paker' ñilupa',anu'ker',túmbate.,U00149,G00109,medium,0.7321003675460815,0.5696349143981934,0.16246545314788818,5
U00649,G00541,tom llamó.,tom peklu'tulli,chuma peklu'tulli,tomás llamó.,U00663,G00553,medium,0.8641848564147949,0.671114981174469,0.19306987524032593,2
U03162,G02937,"donde llumallun hemos ido a vivir, así dijo el otro.","llumallunkek ñikuñidek, tullima nana ali'la.","alla'shasa' samer kencha'lek, yalli'washawek'unta' alla'shasa'pi'la itullima.","un pescadito nomás he traído, mi hermanito también unito nomás le respondió.",U02535,G02310,medium,0.7494921684265137,0.5012128353118896,0.24827933311462402,2
U00599,G00498,¡déjame salir!,¡ta'itula'u yunsue'chek!,¡ta'itula'u'ku yapanta'lek!,¡déjeme ir!,U00383,G00312,hard,0.8161540627479553,0.7301498055458069,0.08600425720214844,3
U00599,G00498,¡déjame salir!,¡ta'itula'u yunsue'chek!,¿yennitulek yunsu'ak?,¿puedo salir?,U02226,G02002,medium,0.8161540627479553,0.6317839026451111,0.18437016010284424,4
U03154,G02929,"otros se han ido a quedar en un, este, pasto llamado chota.","ali'lima llia'kuñi ala'sa', ma'i, panpateklu' ima llillinen chota.",ali'lima llia'lli ma'i mutupik.,"otros se han quedado en el cerro. 11 literalmente, los nombres de adentro.",U03153,G02928,medium,0.7199733257293701,0.5537627339363098,0.1662105917930603,2
U01677,G01483,¿te gusta?,¿iyatula?,¿luwantapala?,¿le quieres?,U01977,G01765,medium,0.7799926400184631,0.5589329600334167,0.2210596799850464,4
U01149,G01002,escuchemos.,lauk'tawa',lau'tuku',escuchen.,U00039,G00033,hard,0.8394256234169006,0.7765598297119141,0.06286579370498657,2
U01149,G01002,escuchemos.,lauk'tawa',tuluner'awa',cantemos.,U00606,G00502,medium,0.8394256234169006,0.6613035202026367,0.17812210321426392,5
U03174,G02949,"allí, dice, a manuel, daniel, policarpo, pánfilo, después francisco, después, este, pancho, después había fidel, los puso en fila.","nanek ima mañer, dañer, pullikariu ma'i panfilo, nanek ima ransisko, nanek ima asu', ma'i, asu' pancho, nanek ima ñilli asu' pidir aku'llima da'kanchineksu'.","- nansek, asui'na iker'adu, asui'na ..ma'i.. a'lanan, asu' nerkala, terek, dunanser.... itudekllima.","sábalo, y este es acarahuasú, y este es …este... fasaco, este es lisa, palometa, gamitana.... les dijo.",U02654,G02429,medium,0.744236171245575,0.48429250717163086,0.2599436640739441,2
U01436,G01256,lo llamaré.,peclu'echek,peklue'chen,te llamaré.,U01764,G01567,hard,0.839385986328125,0.7027695775032043,0.13661640882492065,2
U01436,G01256,lo llamaré.,peclu'echek,dunker'echek,lo buscaré.,U02043,G01827,medium,0.839385986328125,0.6855732798576355,0.1538127064704895,4
U01291,G01122,estás loco.,wa'danpintek ñapala,we'inutusu' ñapala,estás triste.,U00714,G00600,hard,0.7799082398414612,0.7161136865615845,0.06379455327987671,2
U01291,G01122,estás loco.,wa'danpintek ñapala,¿wa'danpindek ñapala?,¿estás loco?,U00716,G00601,medium,0.7799082398414612,0.6172194480895996,0.16268879175186157,6
U00318,G00254,puedo correr.,yen'nitulek teka'ak',yennitulek pa'ak,puedo ir.,U00173,G00131,hard,0.8733794689178467,0.745901346206665,0.12747812271118164,2
U00318,G00254,puedo correr.,yen'nitulek teka'ak',¿yennitulek yunsu'ak?,¿puedo salir?,U02226,G02002,medium,0.8733794689178467,0.6105157732963562,0.2628636956214905,4
U01510,G01325,sigamos adelante.,tupi'wa' ekter'lupa',pa'awa' ekter'lupa',avancemos.,U01508,G01323,hard,0.7793518304824829,0.6904224157333374,0.08892941474914551,2
U01510,G01325,sigamos adelante.,tupi'wa' ekter'lupa',in'ekpa'wa' musu',llevémonos bien.,U02099,G01880,medium,0.7793518304824829,0.5814911723136902,0.19786065816879272,3
U00361,G00292,funcionó.,saka'tulli,saka'tapalli,está funcionando.,U01129,G00982,medium,0.8148143887519836,0.6566535234451294,0.15816086530685425,3
U02024,G01809,despierto temprano.,nanpiladapalek shampasik,yunsansu' ñapalek,estoy levantado.,U00036,G00031,hard,0.717725396156311,0.6672821640968323,0.05044323205947876,2
U02024,G01809,despierto temprano.,nanpiladapalek shampasik,ñapalek dakuta'su',estoy avergonzado.,U02048,G01831,medium,0.717725396156311,0.5640925765037537,0.15363281965255737,8
U03137,G02912,"así dice, cuando no podían ver bien en la noche, vamos a regresar, decía (sekputchek).","tusik ima ipa' tulli ipa' mulli'chinpu'a'ser enchuku' adanta'wa', tullima.","- enta'n, er'washinchi lli'kunkenma'.","a ver, por la tarde les voy a ir a visitar.",U02929,G02704,medium,0.6855590343475342,0.45099422335624695,0.23456481099128723,2
U03067,G02842,!pónganse de pie como varones! 10 se refiere a las autoridades españolas conocidos como apu'tek y sekputchek. léase el texto siguiente.,¡wanerku' enmu'pinenpu'su'!,¡paku' llipu'tudek'kunku'!,¡al ataque!,U00020,G00017,hard,0.5965715050697327,0.546424388885498,0.05014711618423462,2
U03067,G02842,!pónganse de pie como varones! 10 se refiere a las autoridades españolas conocidos como apu'tek y sekputchek. léase el texto siguiente.,¡wanerku' enmu'pinenpu'su'!,"yuyu'lusa', ¡da'kerku' u'ku!","señores, ¡vengan y pasen a beber!",U03060,G02835,medium,0.5965715050697327,0.4208202660083771,0.1757512390613556,3
U01808,G01605,olvídalo ya.,ipa' pinanerker',ipa' lli'echu,ya verás.,U00711,G00597,medium,0.7122026681900024,0.540963888168335,0.17123878002166748,2
U01255,G01091,estamos perdiendo.,wer'apallidek,wer'su' ñapallidek,estamos perdidos.,U00699,G00585,hard,0.8174253702163696,0.7305226922035217,0.0869026780128479,2
U01255,G01091,estamos perdiendo.,wer'apallidek,uki'lallidek,tenemos hambre.,U01564,G01375,medium,0.8174253702163696,0.6635707020759583,0.15385466814041138,5
U02576,G02351,"cuando era niño me acercaba, sentándome cerca les escuchaba contar. 6 se expresa en shiwilu como late nuestro hígado.","wilaku ñamu kawitulek, du'pa'tamu laweklek lunpa'ser.",nawa' lu'rnka'su' kudanta' laukta'kudeksu' wilakudek ñamudek lunpallidek.,lo que ellos hablaron y nosotros escuchamos cuando éramos niños eso estamos contando.,U03003,G02778,hard,0.6805266737937927,0.5585671663284302,0.12195950746536255,2
U02576,G02351,"cuando era niño me acercaba, sentándome cerca les escuchaba contar. 6 se expresa en shiwilu como late nuestro hígado.","wilaku ñamu kawitulek, du'pa'tamu laweklek lunpa'ser.",napi' wilashakuñamu asu' shiwilu la'la' mushasu' lunek.,antes cuando era niñita hablaba bonito el shiwilu.,U02399,G02174,medium,0.6805266737937927,0.5088062882423401,0.17172038555145264,3
U02018,G01803,pedí pizza.,pizza lektulek,luwantulek wayusa',quiero café.,U01419,G01239,medium,0.6955693364143372,0.5253794193267822,0.17018991708755493,2
U02190,G01970,¿qué falta?,¿ma'nenpawanpalli?,¿ma'pu'su' ta'wantechu?,¿cómo terminará?,U01996,G01782,medium,0.7728877663612366,0.5926371812820435,0.18025058507919312,3
U00437,G00354,tomás votó.,tomas dek'lli,chuma lansa'lli,tomás bailó.,U00650,G00542,hard,0.6478950381278992,0.5511770248413086,0.09671801328659058,3
U00437,G00354,tomás votó.,tomas dek'lli,tomas tumu'palli,tomás miente.,U00256,G00203,medium,0.6478950381278992,0.48997530341148376,0.1579197347164154,5
U03164,G02939,"en base a eso, entonces, el cura le puso (el nombre) ustedes son maka, maka15 les pusieron.","naneklima ipa'linchi pacherler aku'lli kenmami'na makanma', maka aku'deklli.","naneklima adencha'a'ser lekdekllina' ¿enñupa' i'na kenmama' nanpikunama', pa'anma' mutupik?","de ahí, cuando regresaron les preguntaron ¿dónde se han ido a vivir ustedes, yéndose al cerro?",U03159,G02934,medium,0.7712501287460327,0.5260055065155029,0.24524462223052979,2
U02258,G02033,pero a mí ya no me quería bien mi padre.,kui'na a'pinta' musu' eknanpi'ñu tatawek.,kudei'na ma'sha musu' kankanwapei'ñundek a'pinta' tatawek.,a nosotras mi padre ya no nos ha querido.,U02261,G02036,hard,0.7319004535675049,0.6617681384086609,0.070132315158844,2
U02258,G02033,pero a mí ya no me quería bien mi padre.,kui'na a'pinta' musu' eknanpi'ñu tatawek.,da'wanler kiteklli tatawek.,la víbora mordió a mi padre.,U02489,G02264,medium,0.7319004535675049,0.5305169224739075,0.2013835310935974,3
U02167,G01947,hablamos francés.,lumpallidek frances,a'lek'apalliner'ku frances,estudio francés.,U01741,G01543,hard,0.6762951612472534,0.5767837762832642,0.09951138496398926,4
U02167,G01947,hablamos francés.,lumpallidek frances,ñinchiter' italianu,aprende italiano.,U01491,G01308,medium,0.6762951612472534,0.4475191533565521,0.2287760078907013,6
U01433,G01253,seré breve.,wiuksu' ñin'chek,wa'tentutek ñiechek,seré paciente.,U02040,G01824,hard,0.7627203464508057,0.6478402018547058,0.11488014459609985,2
U01433,G01253,seré breve.,wiuksu' ñin'chek,inapi ñechek,seré libre.,U01094,G00953,medium,0.7627203464508057,0.5981547236442566,0.16456562280654907,4
U00695,G00582,trabajaremos.,saka'taterwa',saka'tapalekwa',estamos trabajando.,U01593,G01404,medium,0.8524153828620911,0.6979312896728516,0.1544840931892395,2
U03062,G02837,diciéndoles así les ha hecho entrar y les dijo.,itudek'an ima a'da'dekan ima itudeklli.,nana nu'amudek ukllidek itullini'ma.,por eso hemos venido dijeron.,U02980,G02755,hard,0.6934754848480225,0.5594760775566101,0.13399940729141235,2
U03062,G02837,diciéndoles así les ha hecho entrar y les dijo.,itudek'an ima a'da'dekan ima itudeklli.,nu'an ipa' yunsu'n panta'lli. 7 hizo daño.,"ocurrido esto, (arákayu) salió del lugar y se fue.",U02726,G02501,medium,0.6934754848480225,0.5179271697998047,0.17554831504821777,3
U03049,G02824,para que mis hijos y los hijos de todos nosotros lo lean y que ellos también conozcan.,"wilawek wilamapu'wa'lusa' lli'erkek, nawa'nta' luwetcherkek.","wilalunlusa', ñi ñinchichi'ñina' namasu' la'la'mapu'wa',","muchachas, no saben pues esta lengua nuestra,",U02321,G02096,hard,0.7728571891784668,0.6288159489631653,0.1440412402153015,2
U03049,G02824,para que mis hijos y los hijos de todos nosotros lo lean y que ellos también conozcan.,"wilawek wilamapu'wa'lusa' lli'erkek, nawa'nta' luwetcherkek.",asu' a'lektupideklusek ñinchitupideklusek nana kaschillasa' luñina'.,en la escuela primaria y secundaria soló hablan puro castellano.,U03119,G02894,medium,0.7728571891784668,0.6157138347625732,0.15714335441589355,3
U00450,G00366,después veremos.,nanekla lli'aterwa',ipa' lli'aterwa',ya veremos.,U00451,G00367,hard,0.8625906705856323,0.7659478187561035,0.09664285182952881,2
U00450,G00366,después veremos.,nanekla lli'aterwa',ipa' lli'echu,ya verás.,U00711,G00597,medium,0.8625906705856323,0.6624118089675903,0.200178861618042,4
U01331,G01159,¿puedo tenerlo?,¿yennitulek a'ñak?,¿yennitulek pilli'tak?,¿puedo tomarlo?,U01336,G01164,hard,0.8355884552001953,0.7690850496292114,0.06650340557098389,2
U01331,G01159,¿puedo tenerlo?,¿yennitulek a'ñak?,¿yennitulek da'ak?,¿puedo entrar?,U01330,G01158,medium,0.8355884552001953,0.6275069117546082,0.20808154344558716,3
U00432,G00349,tomás condujo.,tomas ekpa'lli,chuma ekpa'palli,tomás conduce.,U00654,G00545,medium,0.8215839266777039,0.6310542821884155,0.19052964448928833,3
U00739,G00619,¿juegas boliche?,¿indekllitapala bulichi?,¿sanekwantula?,¿tienes frío?,U00984,G00848,hard,0.6631688475608826,0.5496704578399658,0.11349838972091675,2
U00739,G00619,¿juegas boliche?,¿indekllitapala bulichi?,¿pumuladawanpala?,¿tienes arroz?,U02232,G02007,medium,0.6631688475608826,0.5100196003913879,0.15314924716949463,12
U00890,G00762,¡allá está!,¡nanek ñapalli!,¡tekkinchi nuka'a!,¡es verdad!,U00372,G00303,hard,0.8156368732452393,0.682104766368866,0.1335321068763733,2
U00890,G00762,¡allá está!,¡nanek ñapalli!,asek' ñapalli,aquí está.,U00506,G00418,medium,0.8156368732452393,0.6261768341064453,0.18946003913879395,4
U02974,G02749,"entonces, dice que había uno que entendía la lengua shiwilu.",da'ilek ala'si'mi'na lachik'apalli asu' shiwilu la'la'.,ipa'li'na shiwilu la'la' pinanetllina'.,y han olvidado la lengua shiwilu.,U02326,G02101,medium,0.7948574423789978,0.5316534638404846,0.2632039785385132,2
U01960,G01750,¿me oíste?,¿lauk'lun?,¿lachek'la?,¿entendió?,U01667,G01474,medium,0.8811550140380859,0.7196001410484314,0.16155487298965454,2
U02866,G02641,"en la mañana, cuando salgan (de su mosquitero), todos ustedes cuenten qué han soñado.","dasu'la yunsa'nma', lunku' ma'pu'sui'pa' wa'latulama'.",wichi'a'ser ima tekkinchi lansi' wa'dan uk'an iñer ima laki'kerdeklli.,"cuando se durmieron, dice que de veras vino el duende puro hueso y a toditos los mató mordiéndoles el cuello,",U02893,G02668,medium,0.7038546800613403,0.4668855667114258,0.23696911334991455,2
U00038,G00032,escuché.,lau'tulek,lauk'i'nek,no escuché.,U02003,G01789,hard,0.8966687917709351,0.7550864219665527,0.14158236980438232,2
U00038,G00032,escuché.,lau'tulek,lauk'llien,te oí.,U00781,G00658,medium,0.8966687917709351,0.7349048852920532,0.16176390647888184,3
U01984,G01771,todos sonrieron.,iñer'daper yamerladallina',iñer'daper' mallia'llina',todos oraron.,U01983,G01770,medium,0.8254566192626953,0.6652582287788391,0.1601983904838562,2
U00893,G00765,bailaron.,lansa'llina',lamapu'llina',gritaron.,U01541,G01353,medium,0.8538397550582886,0.6974231600761414,0.15641659498214722,2
U02323,G02098,el shiwilu que yo hablo no lo saben.,shiwilu lu'nkasu' ñinchichi'ñina'.,"a'pinta' kaschilleklansa' lunna', ñi a'pinta' shiwilu la'la' lunpi'ñina'.",hablando más en castellano ya no hablan shiwilu.,U02413,G02188,medium,0.7887411117553711,0.5888823866844177,0.19985872507095337,2
U00698,G00797,estamos acá.,asek ñapallidek,¡asek ñapallidek!,¡aquí estamos!,U00761,G00640,hard,0.8800954222679138,0.7720245718955994,0.10807085037231445,4
U00698,G00797,estamos acá.,asek ñapallidek,asek ñapallina',están aquí.,U01536,G01348,medium,0.8800954222679138,0.719804584980011,0.16029083728790283,6
U00762,G00797,aquí estamos.,asek ñapallidek,¡asek ñapallidek!,¡aquí estamos!,U00761,G00640,hard,0.881341814994812,0.7996301054954529,0.08171170949935913,4
U00762,G00797,aquí estamos.,asek ñapallidek,asek' ñapalli,aquí está.,U00506,G00418,medium,0.881341814994812,0.715609073638916,0.165732741355896,5
U00928,G00797,estamos aquí.,asek ñapallidek,¡asek ñapallidek!,¡aquí estamos!,U00761,G00640,hard,0.8831397294998169,0.7638930082321167,0.1192467212677002,4
U00928,G00797,estamos aquí.,asek ñapallidek,asek ñapallina',están aquí.,U01536,G01348,medium,0.8831397294998169,0.7277496457099915,0.15539008378982544,7
U00970,G00836,se desmayaron.,muisu' kankantullina,yamerladallina',sonrieron.,U00899,G00770,medium,0.8400997519493103,0.6568328142166138,0.18326693773269653,2
U00164,G00122,él habló.,nana lunñi,nana lamapu'lli,él gritó.,U01045,G00905,medium,0.8119049072265625,0.6287327408790588,0.18317216634750366,2
U02141,G01921,están discutiendo.,inyutapallina',tumu'pallina',están mintiendo.,U01547,G01359,hard,0.7399325966835022,0.6616092324256897,0.0783233642578125,2
U02141,G01921,están discutiendo.,inyutapallina',nawa' inyutullina',ellos discutieron.,U01859,G01653,medium,0.7399325966835022,0.5231204628944397,0.2168121337890625,4
U02326,G02101,y han olvidado la lengua shiwilu.,ipa'li'na shiwilu la'la' pinanetllina'.,shiwilu lu'nkasu' ñinchichi'ñina'.,el shiwilu que yo hablo no lo saben.,U02323,G02098,hard,0.6793025732040405,0.5988040566444397,0.08049851655960083,2
U02326,G02101,y han olvidado la lengua shiwilu.,ipa'li'na shiwilu la'la' pinanetllina'.,shiwilu la'la' yañinchitulli.,quiere aprender el idioma shiwilu.,U02280,G02055,medium,0.6793025732040405,0.4950921833515167,0.1842103898525238,5
U01885,G01679,deberíamos ayudar.,katu'pa'tuwinansu',yinnitullidek katu'pa'tak,podemos ayudar.,U00930,G00799,hard,0.8776246309280396,0.7865790724754333,0.0910455584526062,2
U01885,G01679,deberíamos ayudar.,katu'pa'tuwinansu',kana'ta'kawa'su' ñapalli,deberíamos ganar.,U02165,G01945,medium,0.8776246309280396,0.7140473127365112,0.16357731819152832,7
U01265,G01100,eres bueno.,u'chimu nuka'ma,musu'nakuker',pásala bien.,U00162,G00120,medium,0.8361343145370483,0.6673984527587891,0.16873586177825928,2
U02987,G02762,"de ahí ya no quisieron hilar, ya no desmotaban el algodón, ya no hacían ovillo.","nanekla ñi a'pinta' yapitetchi'ñina', ñi ananchi'ñina', ñi asu' pankuellinchi'ñina'.","nawei'mi'na nana malek ima nawa' ta'tushalanna' pa'llina', ta'tushalanni'ma dekkuntullina'.","por eso ellos se fueron calladitos, caminaron cuidadosamente sin hacer ruido.",U02971,G02746,medium,0.7749332785606384,0.5796896815299988,0.19524359703063965,2
U03008,G02783,"una vez que las vendían, (los hermanos) se escondían y las abandonaban, se venían (a jeberos) dejándolas.","uku'latudek'anna', insekkilapidek'anna', uk'lapincha'dekllina' nana.","nana inpikanpasik ima, pa'anna', pasek pasekka'tullina', paki'tullina'.","dice que mientras (el tigre negro) se revolcaba, (los hombres) se acercaron, lo picaron varias veces y lo mataron violentamente.",U02964,G02739,hard,0.7341203689575195,0.6073483824729919,0.1267719864845276,2
U03008,G02783,"una vez que las vendían, (los hermanos) se escondían y las abandonaban, se venían (a jeberos) dejándolas.","uku'latudek'anna', insekkilapidek'anna', uk'lapincha'dekllina' nana.","naku'tanni'ma, ukllinantanna', ektu'llina' muyunpak.","después de pasar (ese lugar peligroso), amaneciéndose, llegaron a moyobamba.",U02972,G02747,medium,0.7341203689575195,0.5788347721099854,0.15528559684753418,3
U03073,G02848,"tal vez querrás estar viendo que a tu esposa, a tu hija, a tus hijos varones los estén azotando.","nanipa' luwantula' yalli'apalinpa' sadanpen, teklapinpen, erkunpenlusa' llipu'taperkasu'.","nerpi'lantetchuna' asu' kaiklusa', nadi'neklusa', taserpilusa', papinkulusa' tullima.","van a experimentar cambios estas mujeres, los jóvenes, los viejos, los abuelos dijo.",U02997,G02772,medium,0.7003721594810486,0.5410304069519043,0.1593417525291443,2
U00474,G00389,ven solo.,wenller' kenmasa',paker' ñilupa',apártate.,U00137,G00098,medium,0.8088588118553162,0.624911367893219,0.18394744396209717,2
U01261,G01097,¿quién desapareció?,¿den wer'lli?,¿den ata'wantulli?,¿quién canceló?,U01258,G01094,medium,0.8576605319976807,0.6386606693267822,0.21899986267089844,2
U03069,G02844,ahí está echado un shungo (palo sangre). ¡hagan mazos.,unkuenñan pek kua'palli. ¡llisanala nu'tu'ku'!,ma'atasu' nala inner'apalli. ¡wanera!,aquí está el árbol inclinado. ¡detengámonos!,U02547,G02322,hard,0.6842407584190369,0.5419303774833679,0.14231038093566895,2
U03069,G02844,ahí está echado un shungo (palo sangre). ¡hagan mazos.,unkuenñan pek kua'palli. ¡llisanala nu'tu'ku'!,enta' winterkenma'. ¡lawekku'!,entonces les voy a contar. ¡escuchen!,U03055,G02830,medium,0.6842407584190369,0.4197360873222351,0.26450467109680176,3
U01873,G01667,falta tomás.,pawanpalli chuma,chuma wer'lli,tomás desapareció.,U01226,G01065,medium,0.7210410833358765,0.526988685131073,0.19405239820480347,2
U00066,G00050,largo,shin,uklli,dia.,U00254,G00201,hard,0.7005609273910522,0.5820224285125732,0.118538498878479,4
U00066,G00050,largo,shin,ma'sha.,no.,U02324,G02099,medium,0.7005609273910522,0.534172534942627,0.1663883924484253,7
U01080,G00939,lo llamé.,pekklu'lek,peklu'u,llámame.,U00055,G00044,hard,0.8066602945327759,0.7220780253410339,0.08458226919174194,4
U01080,G00939,lo llamé.,pekklu'lek,kua peklu'tulek,yo invito.,U00838,G00714,medium,0.8066602945327759,0.6242821216583252,0.18237817287445068,5
U03106,G02881,"hubiéramos extinguido a todos los de habla española,","nana asu' ishpaña la'la'lunlusa' lliketchudeknanta'ser,","iñer ñinchita'kudeksu' napi'ku'lusa'ki,","todo lo que sabemos de los antiguos,",U02306,G02081,medium,0.7206832766532898,0.5496237874031067,0.1710594892501831,2
U00733,G00874,acercate.,kawiter',ekpa'ker kenmalek,llévalo contigo.,U01811,G01608,hard,0.7222621440887451,0.5958331227302551,0.12642902135849,3
U00733,G00874,acercate.,kawiter',a'kawiter',acércalo.,U01946,G01736,medium,0.7222621440887451,0.5453318357467651,0.17693030834197998,4
U01011,G00874,acércate.,kawiter',yunsanker',levanta. (pararse),U00022,G00018,medium,0.7420724034309387,0.5875339508056641,0.15453845262527466,3
U00505,G00417,es inteligente.,ñinchidinusu'nuka'a,inlli'inuinsu' ñapalli,está inconsciente.,U02246,G02021,hard,0.7273515462875366,0.6668408513069153,0.06051069498062134,2
U00505,G00417,es inteligente.,ñinchidinusu'nuka'a,tekinchilusa' nuker'ka,son correctos.,U02142,G01922,medium,0.7273515462875366,0.5692591667175293,0.15809237957000732,8
U00705,G00591,¿quién gritó?,¿den lamapu'lli?,¿den iduñi?,¿quién nadó?,U00276,G00222,medium,0.8993624448776245,0.7085537910461426,0.19080865383148193,2
U00415,G00335,tú mantente.,llia'ker' kenma,sekdiperker' kenmalek,consérvalo contigo.,U01812,G01609,hard,0.752809464931488,0.6852181553840637,0.06759130954742432,2
U00415,G00335,tú mantente.,llia'ker' kenma,kenma techu,tú decides.,U00707,G00593,medium,0.752809464931488,0.5706803202629089,0.1821291446685791,11
U03140,G02915,"a los muchachos, queriendo agarrar pejecitos con canasto, cuando se iban, se los comían las fieras.","wilalusi'ma, ya'dandektanna', pa'anna', anaka'lli'na'.",willeklek wilaweklusa' chiketllapitapallinerku menmik.,lloro porque mis hijos se van todos a la chacra y me quedo sola.,U02426,G02201,medium,0.7350714802742004,0.5745015740394592,0.1605699062347412,2
U00991,G00855,¿estás enfermo?,¿kaluwipala?,kaluwi'pala,estás enfermo.,U00980,G01721,hard,0.8564139008522034,0.7914946675300598,0.06491923332214355,2
U00991,G00855,¿estás enfermo?,¿kaluwipala?,!kaluwi'pala!,¡estás enfermo!,U00979,G00844,medium,0.8564139008522034,0.6564398407936096,0.19997406005859375,5
U01131,G00984,sigue bailando.,lansa'per'i'la,luntaper'i'la,siga leyendo.,U01135,G00988,hard,0.7873525023460388,0.7116886973381042,0.07566380500793457,2
U01131,G00984,sigue bailando.,lansa'per'i'la,yamerladaper'i'la,sigue sonriendo.,U02083,G01865,medium,0.7873525023460388,0.6203423738479614,0.1670101284980774,4
U02069,G01852,todo terminó.,iñer' ta'wantulli,iñer' kana'tullina',todos ganan.,U01353,G01180,medium,0.7852035164833069,0.55684494972229,0.22835856676101685,2
U00518,G00429,sé leer.,ñinchitapalek lun'ak,yennitulek lauk'ak,puedo sentirlo.,U01393,G01217,hard,0.7354258894920349,0.598815381526947,0.1366105079650879,2
U00518,G00429,sé leer.,ñinchitapalek lun'ak,lataker'sa',solo pruébatela.,U02082,G01864,medium,0.7354258894920349,0.5499694347381592,0.18545645475387573,4
U01539,G01351,te conocen.,luwer'chapalliñer'ken,luwerchinpu'deker,ignoralos.,U00831,G00707,medium,0.8043221235275269,0.6358824372291565,0.16843968629837036,2
U01277,G01111,prometió.,nana tuwiñi nu'techu,tuwinek,prometí.,U00540,G00446,hard,0.6688071489334106,0.5854948163032532,0.08331233263015747,2
U01277,G01111,prometió.,nana tuwiñi nu'techu,tumu'lli,hizo trampa.,U00968,G00834,medium,0.6688071489334106,0.5158634185791016,0.15294373035430908,8
U01197,G01038,me conocían.,luwer'chuwiñiner'ku,luwer'chi'ñiner'ku,me ignoraron.,U02131,G01911,hard,0.7986570000648499,0.7466102838516235,0.05204671621322632,2
U01197,G01038,me conocían.,luwer'chuwiñiner'ku,pinaner'u'ku,olvídenme.,U00305,G00244,medium,0.7986570000648499,0.6322793364524841,0.16637766361236572,5
U00188,G00143,soy calvo.,nuwek'mutu'ku,umilu'lada' nuka'ka,soy miope.,U02054,G01837,hard,0.6897833943367004,0.6219618916511536,0.06782150268554688,5
U00188,G00143,soy calvo.,nuwek'mutu'ku,ñidenkinpu' nuka'ka,soy neutral.,U00824,G00700,medium,0.6897833943367004,0.5206924080848694,0.16909098625183105,18
U02647,G02422,"vino la corvina,","lapi'samer uklli,","puka' yunsu'lli,","la charapa salió,",U02748,G02523,hard,0.7977944016456604,0.7334086894989014,0.06438571214675903,6
U02647,G02422,"vino la corvina,","lapi'samer uklli,","kundetchek enñi,","el lago junto al pelejo se secó,",U02713,G02488,medium,0.7977944016456604,0.6465473771095276,0.1512470245361328,8
U02063,G01846,¿respira?,¿neriapalli?,¿ulanpallincha?,¿está lloviendo?,U01468,G01286,hard,0.7751744985580444,0.6569507122039795,0.11822378635406494,2
U02063,G01846,¿respira?,¿neriapalli?,¿wicha'palli?,¿está durmiendo?,U01783,G01582,medium,0.7751744985580444,0.5811780095100403,0.19399648904800415,3
U03166,G02941,y ustedes que fueron a vivir a los dos cerros que forman como una boca abierta son laulate.,kenmami'na lawekklatekkek ñikunama' laulate.,kenmami'na llumallunku'lupa' lomas.,ustedes (los que viven) por (donde) llumallun son lomas.,U03165,G02940,medium,0.7600870132446289,0.5141955614089966,0.24589145183563232,2
U03048,G02823,¡ojalá alguna vez llegue escrito esto que estamos hablando!,¡ma'allimi'na enpi' uklli llinserpi namasu' lunpa'kawa'su' ektu'nchinaa!,ta'wanchinpu'ek asu'lupa namasu' la'la' lu'nkawasu'.,para que no se acabe aquí esta lengua que hablamos.,U02316,G02091,medium,0.6983147859573364,0.5265386700630188,0.17177611589431763,2
U01469,G01287,¿es dulce?,¿kaser'llincha?,¿shilun a'cha?,¿es alto? (estatura - femenino),U00571,G00475,hard,0.7994046807289124,0.6585535407066345,0.14085114002227783,2
U01469,G01287,¿es dulce?,¿kaser'llincha?,¿musenkek a'cha?,¿es alto? (muy arriba),U00572,G00476,medium,0.7994046807289124,0.6342658400535583,0.165138840675354,3
U01477,G01295,no dolerá.,ku'la ikerinchu,ku'la nakui'nchu,prohibido pasar.,U00231,G00181,hard,0.7651783227920532,0.6729503273963928,0.0922279953956604,3
U01477,G01295,no dolerá.,ku'la ikerinchu,ekte'chechu,se adelantará.,U00155,G00114,medium,0.7651783227920532,0.6095104217529297,0.15566790103912354,5
U02569,G02344,"hasta ahora escuchamos y vemos gallos que cantan,","ipa'la walek lauk'apallidek, lli'apallidek wa'dantek pekla'su',",ipa'la walek kuda laukta'kudeksu' ñinchitapallidek.,hasta ahora nosotros los que hemos oído conocemos (de arákayu).,U02802,G02577,medium,0.8043053150177002,0.580052375793457,0.22425293922424316,2
U02544,G02319,de ahí sí voltéense y miren.,"nanekla, nanekla'nka pi'shek'anma' lli'ku'.","- enta'n, er'washinchi lli'kunkenma'.","a ver, por la tarde les voy a ir a visitar.",U02929,G02704,hard,0.7316826581954956,0.5886321067810059,0.14305055141448975,2
U02544,G02319,de ahí sí voltéense y miren.,"nanekla, nanekla'nka pi'shek'anma' lli'ku'.",nawa' ipa'la lli'apallinerku.,ellos ahora ven por mí.,U02407,G02182,medium,0.7316826581954956,0.5120338797569275,0.21964877843856812,3
U00092,G00064,estoy gordo.,weipensu' ñapalek,apu'pi nuka'ka,estoy divorciada.,U01104,G00962,hard,0.8303183317184448,0.7616087794303894,0.06870955228805542,4
U00092,G00064,estoy gordo.,weipensu' ñapalek,muin'su' ñapalek,estoy aburrida.,U00514,G00425,medium,0.8303183317184448,0.6648391485214233,0.16547918319702148,11
U02401,G02176,"pero no la desvío, todavía la sé bien.","ma'shi'na teknerinek, ñinchitapalek i'la.","a'lek'erken, ekpanta'n kenmanta' ñinchiter.","te voy a enseñar, llévala tú también y aprende.",U02282,G02057,medium,0.6516571640968323,0.4704497754573822,0.18120738863945007,2
U02418,G02193,"sí, aquí estoy, hermana. ven a visitarme.","- ajá, ñapalek, ñañá. uker lli'ker'ú.","- ñapala, ñañá? itukellu.","¿estás aquí, hermana? me viene a decir. 3 una forma alternativa es weranwekkeklan. 4 se refiere a sus hijos presentes durante la sesión de grabación.",U02417,G02192,medium,0.7676374912261963,0.5128011703491211,0.2548363208770752,2
U02845,G02620,"ahí dice un viejo se levantó y dijo, levantó su mano en alto y dijo:","nanek ima ala'sa' taserpi yunsa'n tulli, iteklanen ima usañin musenkek aku'n tulli.",nanek ima ala'sa' taserpi wa'latutek tulli:,cuentan que ahí un viejo soñador dijo:,U02913,G02688,medium,0.7366583347320557,0.5273071527481079,0.20935118198394775,2
U02741,G02516,"¡así hagan entonces ustedes, vayan a hacer la pesca!","- ¡nu'ku' nu'pachi kenmama', pur'unta'ku'!","nu'anma' nanalek i'la inpamu'pi'ku', inpanka'pi'ku'.",entonces con eso mismo lávense y frótense sus cuerpos.,U02541,G02316,medium,0.7773768901824951,0.5948089361190796,0.18256795406341553,2
U00940,G00808,nosotros conduciremos.,kuda ekpekchidek,tupi'wa' ekter'lupa',sigamos adelante.,U01510,G01325,hard,0.8008978962898254,0.6763550043106079,0.12454289197921753,2
U00940,G00808,nosotros conduciremos.,kuda ekpekchidek,kuda a'nañiechidek,nosotros compartiremos.,U00941,G00809,medium,0.8008978962898254,0.6411823630332947,0.15971553325653076,4
U01867,G01661,vienen.,uk'apilellina',da'encha'ku',entren.,U00158,G00117,hard,0.8440768122673035,0.7402547597885132,0.10382205247879028,2
U01867,G01661,vienen.,uk'apilellina',da'pañina',se chocaron.,U01194,G01036,medium,0.8440768122673035,0.6553152203559875,0.18876159191131592,3
U01599,G01410,¿qué ocurrió?,¿ma'nen'a'cha nakulli?,¿mapu'la?,¿qué pasa?,U00703,G00589,medium,0.8353343605995178,0.6648586392402649,0.17047572135925293,2
U01622,G01433,hueles mal.,anapila,dekllina',votaron.,U00643,G00536,medium,0.6969008445739746,0.487976610660553,0.20892423391342163,2
U01822,G01618,seamos valientes.,ñiawa' nantapitek lusa',ta'itula'udek kudasa',déjanos solos.,U01817,G01614,hard,0.7606320381164551,0.648076593875885,0.11255544424057007,2
U01822,G01618,seamos valientes.,ñiawa' nantapitek lusa',ta'itula'dek'ku' idenmaina',déjalos pelear.,U01821,G01617,medium,0.7606320381164551,0.5994006395339966,0.1612313985824585,3
U02470,G02245,"hasta hoy, hasta ahora no se levanta.","ipa'lalek, ipa'la walek yunsi'ñi.","- ah, enta'n'i'na dasu'laklanek uwi'nek.","ah, a ver pues, desde la mañana no he bebido nada.",U02451,G02226,medium,0.7494753003120422,0.4731284976005554,0.2763468027114868,2
U01424,G01244,quiero ganar.,yakana'lek,yapa'lek,quiero ir.,U01086,G00945,hard,0.7350210547447205,0.6265414953231812,0.1084795594215393,2
U01424,G01244,quiero ganar.,yakana'lek,yawerannek,quiero comer.,U01422,G01242,medium,0.7350210547447205,0.5720289945602417,0.16299206018447876,5
U02471,G02246,el canasto habló ¿por qué ustedes se burlaron de mí?,nana lantekpi luñi ¿ma'ki'na kenmama' lumellama'u'ku?,itullinerkudek ¿ma'nen i'na kenmama' yalauklama'?,nos decían ¿qué quieren escuchar ustedes?,U02791,G02566,medium,0.7708203196525574,0.5627432465553284,0.208077073097229,2
U01191,G01034,así es.,nu'su' nuka'a,nuka'a nana,es ese.,U01853,G01647,hard,0.7632384300231934,0.7002748250961304,0.06296360492706299,4
U01191,G01034,así es.,nu'su' nuka'a,nanapu'su' nuka'a,es idéntico.,U01805,G01602,medium,0.7632384300231934,0.6128922700881958,0.15034615993499756,8
U00600,G01313,déjame ver.,ta'itula'u lli'echek,ta'itula'u wintechen,déjame explicar.,U01818,G01615,medium,0.8436248898506165,0.6372089982032776,0.20641589164733887,3
U01496,G01313,déjame verlo.,ta'itula'u lli'echek,ta'itula'u lek'techek,déjame averiguarlo.,U02089,G01871,medium,0.8675447106361389,0.6152195930480957,0.2523251175880432,3
U02836,G02611,"sabemos que otros también viven, pero nunca les hemos visto.","ñinchitapalekwa' ali'ladaperunta' nanpi'perkasu', ñi'na ñienpi' lli'dek'i'nekwa'.",kenmu'wa' chimiansikwa' ma'ilipa' lli'tetchu tullini'ma napi'.,cuando nosotros perezcamos qué cosas quizá aparecerán dijeron antes.,U03041,G02816,medium,0.8039070963859558,0.5429242253303528,0.260982871055603,2
U01056,G00916,te admiro.,kenmapu'su' ñiina'ka,wa'danpilapilun,me traicionaste.,U02201,G01978,hard,0.7232009172439575,0.6267098784446716,0.09649103879928589,3
U01056,G00916,te admiro.,kenmapu'su' ñiina'ka,nananta' a'lek'apilallun.,ella también me está enseñando.,U02287,G02062,medium,0.7232009172439575,0.5723859667778015,0.150814950466156,4
U00433,G00350,tom teje.,tom lanteñi,tumu'lli,hizo trampa.,U00968,G00834,hard,0.7806730270385742,0.6760829091072083,0.10459011793136597,4
U00433,G00350,tom teje.,tom lanteñi,tuwinek,prometí.,U00540,G00446,medium,0.7806730270385742,0.5921298265457153,0.1885432004928589,7
U02335,G02110,les voy a enseñar la elaboración de la chicha punta.,a'lek'etchenma' kuda ukluta'kudeksu'.,sellawa kualer a'uk'apencha'deklek.,a las golondrinas yo las envío.,U02670,G02445,medium,0.8198848962783813,0.6157782673835754,0.2041066288948059,2
U00792,G00669,necesito tiempo.,insek'dipersu' ñapi'nek,luwantulek ali'la,quiero otro.,U01744,G01546,hard,0.5783121585845947,0.5102875232696533,0.0680246353149414,5
U00792,G00669,necesito tiempo.,insek'dipersu' ñapi'nek,perwatendusu' ñapalek,estoy desesperado.,U01452,G01270,medium,0.5783121585845947,0.42517125606536865,0.15314090251922607,23
U02383,G02158,antes las abuelitas ya finadas hacían sedama de los tallos de la palmera ma'a.,napi' amishaku'lusa' nu'tullina' ukllin ma'alanlankekla.,wala'wanlusa'ler pa'an samenñenna' siwetchudek'an,"los policías fueron (hacia los niños enfermos), les quitaron sus pescados y les dijeron:",U02528,G02303,hard,0.6412560343742371,0.5157424211502075,0.12551361322402954,3
U02383,G02158,antes las abuelitas ya finadas hacían sedama de los tallos de la palmera ma'a.,napi' amishaku'lusa' nu'tullina' ukllin ma'alanlankekla.,nana mukankinpu'lalusa'ler arakayu pideknen di'setchullina'.,porque los de mal corazón quemaron la casa de arákayu.,U02788,G02563,medium,0.6412560343742371,0.4716411828994751,0.16961485147476196,4
U02727,G02502,entonces dice que ahí llamó al hombre candela.,nanek ima ipa'linchi tanpen peklu'lli.,nanek imi'na pacher kelli u'ñishala shanchushala.,entonces el cura ha traído santitos chiquititos.,U03173,G02948,medium,0.8267152309417725,0.5816830396652222,0.2450321912765503,2
U01699,G01502,parece enfadada.,yupa'masu'pusu' lli'tula,sapusu' ñapalli,está arruinado.,U00503,G00415,hard,0.7547333240509033,0.6142866015434265,0.1404467225074768,3
U01699,G01502,parece enfadada.,yupa'masu'pusu' lli'tula,lli'ker' uti'lakla,mira cuidadosamente.,U02157,G01937,medium,0.7547333240509033,0.5915795564651489,0.1631537675857544,4
U01626,G01437,eras mío.,kuakin ñiwina,¿kenmasa' ñapawina?,¿estabas solo?,U01899,G01693,hard,0.839016854763031,0.6911651492118835,0.14785170555114746,2
U01626,G01437,eras mío.,kuakin ñiwina,kenmamentu,usted primero.,U00279,G00224,medium,0.839016854763031,0.6161808967590332,0.2228359580039978,3
U02270,G02045,"como varios de ellos han estudiado ellos me dan mi comida,","ñinchillintulusa' ñanna' nu'unta' nawa' enka'pallinerku ka'a'kasu',","tanna' nerpi'pu', kumarinenna'lek inpilli'iteklatanna',","diciendo así a veces, con sus comadres agarrándose de las manos,",U02775,G02550,medium,0.6855699419975281,0.4830770194530487,0.20249292254447937,2
U00914,G00784,tom inhaló.,tom lanerlli,tom lamapu'lli,tom gritó.,U00673,G00563,hard,0.7755597233772278,0.6947347521781921,0.08082497119903564,5
U00914,G00784,tom inhaló.,tom lanerlli,tom welliek'lli,tom lloró.,U00261,G00208,medium,0.7755597233772278,0.5983008742332458,0.17725884914398193,8
U02699,G02474,diciendo esto arákayu se fue río abajo.,tan ima arakayu nu'wanta'lli.,tan ima arakayu nana lanla' aku'lli.,dijo arákayu y puso la ballena.,U02821,G02596,hard,0.817671537399292,0.7024407386779785,0.11523079872131348,3
U02699,G02474,diciendo esto arákayu se fue río abajo.,tan ima arakayu nu'wanta'lli.,arakayu ima lanla' akun yunsu'lli.,dicen que arákayu puso una ballena y salió (de la región).,U02819,G02594,medium,0.817671537399292,0.6305654048919678,0.18710613250732422,5
U01309,G01140,¿estás sola?,¿kenmashasa' ñapala?,¿inapi ñapala?,¿estás libre?,U00987,G00851,hard,0.7960774898529053,0.6972275376319885,0.09884995222091675,2
U01309,G01140,¿estás sola?,¿kenmashasa' ñapala?,inapiken nuka'ma,estás soltero.,U01639,G01449,medium,0.7960774898529053,0.637641191482544,0.15843629837036133,5
U00278,G00224,tú primero.,kenmamentu,nanentu kenmama',ustedes primero.,U01271,G01106,hard,0.8616026639938354,0.7745912075042725,0.08701145648956299,3
U00278,G00224,tú primero.,kenmamentu,kenma tenmiansuer',tú empieza.,U00456,G00372,medium,0.8616026639938354,0.652557909488678,0.20904475450515747,5
U00279,G00224,usted primero.,kenmamentu,nanentu kenmama',ustedes primero.,U01271,G01106,hard,0.863158643245697,0.7962312698364258,0.06692737340927124,3
U00279,G00224,usted primero.,kenmamentu,kenma tenmiansuer',tú empieza.,U00456,G00372,medium,0.863158643245697,0.6693007349967957,0.19385790824890137,5
U01572,G01383,necesitamos dinero.,kulliker' luwantullidek,luwantullidek katu'pa',necesitamos ayuda.,U01240,G01678,medium,0.7528951168060303,0.6016861200332642,0.1512089967727661,2
U02151,G01931,están trabajando.,saka'tapallina',saka'tapalekwa',estamos trabajando.,U01593,G01404,hard,0.802201509475708,0.6593929529190063,0.14280855655670166,2
U02151,G01931,están trabajando.,saka'tapallina',saka'tusu' ñapallina',están cansados.,U01548,G01360,medium,0.802201509475708,0.6347918510437012,0.16740965843200684,3
U01908,G01702,¿lo harán?,¿nu'techuma'?,¿nu'techu'?,¿lo harás?,U01907,G01701,hard,0.8971751928329468,0.7594743967056274,0.13770079612731934,2
U01908,G01702,¿lo harán?,¿nu'techuma'?,¿pa'echek'ata'?,¿debería ir?,U00879,G00751,medium,0.8971751928329468,0.66305011510849,0.2341250777244568,3
U01199,G01040,se negaron.,luwanchi'ñina',kana'chi'ñina',perdieron.,U00431,G00348,hard,0.7618554830551147,0.6792319416999817,0.08262354135513306,2
U01199,G01040,se negaron.,luwanchi'ñina',lu'wanñiden,te extrañamos.,U00936,G00804,medium,0.7618554830551147,0.5851824879646301,0.17667299509048462,5
U00449,G00365,nosotros esperamos.,kuda wa'tentulidek,wa'tentaterwa',esperaremos.,U00694,G00581,medium,0.8683242201805115,0.6058750748634338,0.26244914531707764,2
U00085,G01223,dormí.,wichi'lek,wicha'pawinek,estaba durmiendo.,U01754,G01556,hard,0.8747730255126953,0.7675886750221252,0.10718435049057007,3
U00085,G01223,dormí.,wichi'lek,wicha'palek,durmiendo,U00086,G00059,medium,0.8747730255126953,0.7124035954475403,0.16236943006515503,4
U01399,G01223,me dormí.,wichi'lek,wicha'pawinek,estaba durmiendo.,U01754,G01556,hard,0.8738422989845276,0.8163337707519531,0.05750852823257446,3
U01399,G01223,me dormí.,wichi'lek,wicha'palek,durmiendo,U00086,G00059,medium,0.8738422989845276,0.6889883875846863,0.1848539113998413,4
U02411,G02186,"pero como tengo hijos ellos me están viendo, de mi comida, de mi bebida, de todo me están viendo mis hijos.","wilawamui'na nawa' lli'apallinerku, uran'ukeklan3, uweklan, iñerkeklan lli'apallinerku wilaweklusa'.","wilawi'nek'ipa' chiminpinek, uki'la di'tunansinku, kaluwi' uki'la di'tunansinku.","si no tuviera hijos ya me habría muerto, el hambre me hubiera matado, la enfermedad y el hambre me hubieran matado.",U02410,G02185,medium,0.7853591442108154,0.5090895295143127,0.2762696146965027,2
U02848,G02623,yo ya he soñado.,kua ipa' wa'latulek.,nu'amu du'apalek.,por eso estoy sentada.,U02453,G02228,medium,0.8257775902748108,0.5876007080078125,0.2381768822669983,2
U02995,G02770,dice que ahí se puso de pie un viejo y dijo: ahora sí hemos conocido otro pueblo. porque ya se aproxima el día del perecimiento (el día del fin) estamos así.,nanek ima ala'sa' taserpi waneran tulli ipa'la'ka ali'la ñinanlu' luwetchulekwa'. ipa' wer'uklli kawi'ta'su malek u'apalekwa'.,nanek ima' pa'lli' ipa'linchi ala'sa' taserpima tulli enchuku' pa'awa' mutupik.,"ahí, dice, se ha ido un viejo y ha dicho vamos a ir al cerro.",U03149,G02924,medium,0.7577121257781982,0.5100036263465881,0.2477084994316101,2
U01372,G01197,quiere más.,a'pinta' luwantulli,luwantulek ali'la,quiero otro.,U01744,G01546,medium,0.8119952082633972,0.6028897166252136,0.2091054916381836,2
U02834,G02609,"ahí, dice, las personas del pueblo se concentraron primero, el jefe les llamó:","nanek ima ñinanlu' indiuntuñina' nanentu, wa'anler peklu'deklli.",nanek ima ali'la taserpi wa'lata'su' tulli:,entonces otro viejo soñador dijo:,U02854,G02629,medium,0.76034015417099,0.49862682819366455,0.26171332597732544,2
U00096,G00066,soy tímido.,tekua'dande'ku,nuwek'mutu'ku,soy calvo.,U00188,G00143,hard,0.7653848528862,0.6594650149345398,0.10591983795166016,2
U00096,G00066,soy tímido.,tekua'dande'ku,ñinchidinupalek,tengo curiosidad.,U00813,G00689,medium,0.7653848528862,0.5936543941497803,0.17173045873641968,4
U02738,G02513,"entonces el pueblo en asamblea dijo,","ipa'linchi ñinanlu' indiuntun tulli,",naneklima shawalalusa'ler itullina':,de ahí los shawala le dijeron:,U02605,G02380,medium,0.7594515085220337,0.6023802161216736,0.1570712924003601,2
U01204,G01045,ellos vendrán.,nawa' wenche'chuna',wei ek'tue'chuna',llegaran lejos.,U01631,G01442,medium,0.8859584331512451,0.6765938997268677,0.20936453342437744,2
U00471,G00386,lleva esto.,ekpa'ker' asu',i'shiker' asu',póngase esto.,U00872,G00745,hard,0.8084577918052673,0.6962904930114746,0.11216729879379272,5
U00471,G00386,lleva esto.,ekpa'ker' asu',kencher' asek,tráelo aquí.,U01325,G01154,medium,0.8084577918052673,0.6279288530349731,0.1805289387702942,7
U02308,G02083,de las tías (paternas) finadas.,inetchaku'lusa'ki.,"kaikku'lusa'ki,","de las mujeres ya fallecidas,",U02307,G02082,hard,0.7627543210983276,0.6732937693595886,0.08946055173873901,2
U02308,G02083,de las tías (paternas) finadas.,inetchaku'lusa'ki.,sha'pi'su'sa' nuker'ka,son amarillas.,U02127,G01907,medium,0.7627543210983276,0.5976969003677368,0.16505742073059082,3
U02956,G02731,"dice que de madrugada, al levantarse, venteó la ceniza con abanico y de ahí salieron zancudos, tábanos, tabanillos negros, toda clase de insectos que no valen.","nanek ima dasu'la yunsa'n a'uluntulli, tekkinchima nanekla yunkelli iyun, tunka, etchu, dudinpu' lli'la muinpu'a'su'.",wichi'a'ser ima tekkinchi lansi' wa'dan uk'an iñer ima laki'kerdeklli.,"cuando se durmieron, dice que de veras vino el duende puro hueso y a toditos los mató mordiéndoles el cuello,",U02893,G02668,medium,0.7074861526489258,0.4811192452907562,0.22636690735816956,2
U02320,G02095,"jóvenes,","nadi'neklusa',",kaikualusa' nuker'ka,son hermanas.,U02148,G01928,medium,0.6813664436340332,0.5097057819366455,0.1716606616973877,2
U02300,G02075,"hartos hijos he parido, hartos hijos he criado.","u'dun wawalu' wadek'a'kasu', u'dun wawalu' kua teksusu'kasu'.","wilawi'nek'ipa' chiminpinek, uki'la di'tunansinku, kaluwi' uki'la di'tunansinku.","si no tuviera hijos ya me habría muerto, el hambre me hubiera matado, la enfermedad y el hambre me hubieran matado.",U02410,G02185,hard,0.7314631342887878,0.6337644457817078,0.09769868850708008,2
U02300,G02075,"hartos hijos he parido, hartos hijos he criado.","u'dun wawalu' wadek'a'kasu', u'dun wawalu' kua teksusu'kasu'.","uper'apilalek, uper'apilalek.","se sigue trasladando el líquido, se sigue vaciando (la yuca disuelta).",U02368,G02143,medium,0.7314631342887878,0.5185388922691345,0.21292424201965332,3
U02972,G02747,"después de pasar (ese lugar peligroso), amaneciéndose, llegaron a moyobamba.","naku'tanni'ma, ukllinantanna', ektu'llina' muyunpak.","ukkapinchasik, uktalek i'la pidanantullina' mutu'ñik.","cuando venía (el tigre negro), con la olla de barro y todo se lo echaron en su cabeza.",U02962,G02737,medium,0.7449256181716919,0.5422999858856201,0.20262563228607178,2
U02309,G02084,van consumiéndose todos.,taker'apilallina' iñer.,iñer' panwilek'tullina',todos pagaron.,U01686,G01491,medium,0.7451054453849792,0.5890067219734192,0.15609872341156006,2
U03090,G02865,"ahora nosotros, ahora este pueblo se ha dividido en dos: barrio bajo y barrio alto.","ipa'li'na' kenmu'wa', ipa' asu' ñinanlu' katu'ta' ñillin: chilen, winen.","ipa'la asu' kai kua wei ñinanlukla weklli, senñula'.","ahora esta hermana ha venido desde un pueblo lejano, la señora.",U02278,G02053,medium,0.7187988758087158,0.49318015575408936,0.22561872005462646,2
U01061,G00920,comí manzanas.,ka'lek manzanas,nutulek tanta'shala,hice panecitos.,U01731,G01533,medium,0.810937762260437,0.5818614363670349,0.2290763258934021,2
U02066,G01849,no duele.,ku'la iker'i'ñi,yalamapu'ta,no chilles.,U00743,G00623,medium,0.8017197847366333,0.6192680597305298,0.18245172500610352,2
U02147,G01927,están casados.,sadasu' ñapallina',mupisusa' ñapallina',están limpias.,U01546,G01358,hard,0.8601093292236328,0.7385407090187073,0.12156862020492554,2
U02147,G01927,están casados.,sadasu' ñapallina',sadasu' ñapalek',estamos casados.,U01584,G01395,medium,0.8601093292236328,0.6762046813964844,0.18390464782714844,3
U02726,G02501,"ocurrido esto, (arákayu) salió del lugar y se fue.",nu'an ipa' yunsu'n panta'lli. 7 hizo daño.,nanek ta'wantulli.,aquí termina.,U02816,G02591,hard,0.6661236882209778,0.5941491723060608,0.07197451591491699,5
U02726,G02501,"ocurrido esto, (arákayu) salió del lugar y se fue.",nu'an ipa' yunsu'n panta'lli. 7 hizo daño.,naneklima asu' ali'lima panta'lli.,de allí le tocó el turno a otro.,U03183,G02958,medium,0.6661236882209778,0.5109599828720093,0.1551637053489685,17
U00101,G00070,"yo, también.",kuanta',¿kenma?,¿y tú?,U01903,G01697,hard,0.7597193121910095,0.6482307314872742,0.11148858070373535,2
U00101,G00070,"yo, también.",kuanta',¿kenma'cha'?,¿eres tú?,U00355,G00286,medium,0.7597193121910095,0.5920198559761047,0.16769945621490479,4
U00303,G00242,síguenos.,tupi'tu'udek,tupi'tu'u,sígueme.,U00302,G00241,medium,0.8689724206924438,0.6965429186820984,0.17242950201034546,2
U02188,G01968,¿qué dijo?,¿ma'tulli?,¿mapu'la?,¿qué pasa?,U00703,G00589,medium,0.8781094551086426,0.6144865155220032,0.2636229395866394,2
U01649,G01458,¿estás soltero?,¿inapiken ñapala?,¿wer'su' ñapala?,¿estás perdido?,U00990,G00854,hard,0.6867579221725464,0.6290664076805115,0.05769151449203491,4
U01649,G01458,¿estás soltero?,¿inapiken ñapala?,¿mer'su' ñapala?,¿estás lleno?,U00988,G00852,medium,0.6867579221725464,0.5244147777557373,0.16234314441680908,11
U02058,G01841,estoy constipado.,ñapalek a'mechailusu,ñapalek da'iyasu',estoy acostumbrado.,U01776,G01575,hard,0.7840577363967896,0.7074621319770813,0.07659560441970825,4
U02058,G01841,estoy constipado.,ñapalek a'mechailusu,añapalek kisek'mutu',tengo caspa.,U02007,G01792,medium,0.7840577363967896,0.632611870765686,0.15144586563110352,11
U02070,G01853,fue emocionante.,musu' ñapawiñi,lli'inupi ñiwiñi,fue planeado.,U01797,G01595,hard,0.7079413533210754,0.6427981853485107,0.0651431679725647,3
U02070,G01853,fue emocionante.,musu' ñapawiñi,nu'su' ñiwiñi napi'.,así era antes.,U03206,G02981,medium,0.7079413533210754,0.5561538934707642,0.15178745985031128,18
U01768,G01568,soy principiante.,tenmiansu'palek,insek'diperpiku' nuka'ka,estoy listo. (preparado),U00218,G00170,medium,0.804284393787384,0.6243166923522949,0.1799677014350891,2
U02732,G02507,sólo los de buen corazón sobrevivirán.,mukankanlusa'sa' dansu'chuna'.,nawa'sa' nanpichuna'.,sólo ellos van a poblar de nuevo.,U02733,G02508,hard,0.6880214214324951,0.5832036733627319,0.10481774806976318,2
U02732,G02507,sólo los de buen corazón sobrevivirán.,mukankanlusa'sa' dansu'chuna'.,ali'la ku'apellek nanpillina' musu'.,con otra mujer vivían bien.,U02257,G02032,medium,0.6880214214324951,0.5364287495613098,0.1515926718711853,5
U01227,G01066,tom hablará.,tom lun'echu,tom wellek'echu,tom llorará.,U00674,G00564,medium,0.8827338218688965,0.634822428226471,0.24791139364242554,2
U00586,G00487,está vacío.,inantek' nuka'a,pulunker' wanta'palli,está nublado.,U00846,G00722,hard,0.6542873978614807,0.5969748497009277,0.05731254816055298,7
U00586,G00487,está vacío.,inantek' nuka'a,iwa'taper'i'la,sigue cavando.,U01132,G00985,medium,0.6542873978614807,0.502411425113678,0.15187597274780273,18
U00851,G00727,déjame vivir.,taitula'u nanpiak,wa'ten'u nanpisu',espérame despierto.,U00118,G00084,hard,0.8404519557952881,0.6939216256141663,0.14653033018112183,2
U00851,G00727,déjame vivir.,taitula'u nanpiak,kua napi' simirkek nanpilek.,hace mucho yo viví en varadero.,U02483,G02258,medium,0.8404519557952881,0.5744646787643433,0.2659872770309448,3
U00885,G00757,¡alto! ¡ladrón!,¡wanerker'! ¡apechutek!,¡katu'pa'! ¡katu'pa'!,¡socorro! ¡auxilio!,U00009,G00006,hard,0.6458072662353516,0.528419554233551,0.11738771200180054,3
U00885,G00757,¡alto! ¡ladrón!,¡wanerker'! ¡apechutek!,"!paku', adanta'ku'! itudekllini'ma'.","¡váyanse, regrésense por donde vinieron!.",U02529,G02304,medium,0.6458072662353516,0.4750727117061615,0.17073455452919006,6
U01328,G01156,pidan ayuda.,lektuku' katu'pa',luwantullidek katu'pa',necesitábamos ayuda.,U01884,G01678,medium,0.7360193133354187,0.582828938961029,0.15319037437438965,4
U03065,G02840,"no se cansan de reñirnos, no dejan de pegarnos, ¿acaso eso es bueno?","tukaner'chi'ñinerkenmu'wa', llikaner'chi'ñinerkenmu'wa', ¿nana'cha mulli?",¿napi'lanlek a'ta' na'wa' saka'tukellina'?.,"¿acaso desde antes, pues, ellos han venido a trabajar?",U03142,G02917,medium,0.710798978805542,0.47741660475730896,0.23338237404823303,2
U00892,G00764,llamaron.,peklu'tullina',peklu'deklek,los llamé.,U01392,G01216,medium,0.8682790398597717,0.6958878040313721,0.17239123582839966,2
U02462,G02237,como el motelo caminaba.,madupu'su' dekkuntuwiñi.,nana lantekpi dekkuntulli.,el canasto caminaba.,U02460,G02235,hard,0.7453263998031616,0.6154347658157349,0.12989163398742676,2
U02462,G02237,como el motelo caminaba.,madupu'su' dekkuntuwiñi.,nu'su' lantekpi dekkuntuwiñi napi'.,así el canasto caminaba antiguamente.,U02467,G02242,medium,0.7453263998031616,0.5791040658950806,0.16622233390808105,3
U03083,G02858,¡que los cobardes se terminen!,¡ma'ki'na tek kualu'lusa' ta'wanchi!,¡paku' llipu'tudek'kunku'!,¡al ataque!,U00020,G00017,hard,0.7412307262420654,0.680088222026825,0.06114250421524048,2
U03083,G02858,¡que los cobardes se terminen!,¡ma'ki'na tek kualu'lusa' ta'wanchi!,¡ta'tu'la'ku!,¡guarden silencio!,U00594,G00494,medium,0.7412307262420654,0.5880540013313293,0.15317672491073608,4
U01340,G01168,¿hablaste?,¿lun'na?,¿lauk'lun?,¿me oíste?,U01960,G01750,hard,0.7691361308097839,0.6386441588401794,0.1304919719696045,6
U01340,G01168,¿hablaste?,¿lun'na?,¡si'lentapala!,¡estás bromeando!,U01637,G01447,medium,0.7691361308097839,0.5811524987220764,0.18798363208770752,8
U00155,G00114,se adelantará.,ekte'chechu,ekte'chechuna',se adelantarán.,U00156,G00115,hard,0.802894651889801,0.6842373013496399,0.11865735054016113,2
U00155,G00114,se adelantará.,ekte'chechu,ekte'cher',adelántante,U00154,G00113,medium,0.802894651889801,0.6476086974143982,0.15528595447540283,3
U00823,G00699,estoy nervioso.,amercha tekuasu' ñapalek,ñapalek da'iyasu',estoy acostumbrado.,U01776,G01575,hard,0.7365140318870544,0.6554380059242249,0.08107602596282959,8
U00823,G00699,estoy nervioso.,amercha tekuasu' ñapalek,saka'tusu' ñapalek,estoy agotado.,U01453,G01271,medium,0.7365140318870544,0.5849853754043579,0.15152865648269653,18
U02800,G02575,¿qué les voy a dar de comer a mis hijos? diciendo.,¿wilaweklusa' ma'nen i'na a'ka'dek'etchek? tanna'.,wilaweklusa'pa' ma'sha a'lekdek'i'nek.,ya que a mis hijos no les enseñé.,U02298,G02073,medium,0.7854316234588623,0.5692687034606934,0.21616291999816895,2
U00193,G00148,he terminado.,a'ta'wantulek,indei'tulek,me corté.,U01065,G00924,medium,0.8207189440727234,0.6533751487731934,0.16734379529953003,2
U03191,G02966,"así quizás somos, o no quizás. no creo yo.","la'i nu'lekweipa', ku'leipa'. latekchi'lek kua.",nu'awa' nu'pachi tanni'ma llisanala nu'tanna'.,"así vamos a hacer entonces, dijeron haciendo mazo.",U03074,G02849,medium,0.6933791041374207,0.5042542815208435,0.18912482261657715,2
U00952,G00819,¡qué pérdida!,¡embu'ni wer'ipa'!,!embu'ni we'inuipa'!,¡qué lástima!,U00959,G00825,hard,0.7239904403686523,0.6136335730552673,0.11035686731338501,2
U00952,G00819,¡qué pérdida!,¡embu'ni wer'ipa'!,¡enpu'ni mui'pa!,¡qué alivio!,U01598,G01409,medium,0.7239904403686523,0.5662485361099243,0.15774190425872803,6
U00557,G00462,soy torpe.,ma'kimpu nuka'ka,taserpiku',estoy viejo.,U00172,G00130,hard,0.7472891807556152,0.6919417977333069,0.05534738302230835,3
U00557,G00462,soy torpe.,ma'kimpu nuka'ka,kerpi'a'cha',era negro.,U01123,G00976,medium,0.7472891807556152,0.581464946269989,0.16582423448562622,13
U00806,G00682,trabajo aquí.,saka'tapallek asek,saka'tapalek,estoy trabajando.,U00034,G00029,medium,0.7896395325660706,0.6337898373603821,0.15584969520568848,2
U02197,G01977,anoten eso.,llinser'ku' nana,llinser'ker' nana,anota eso.,U02196,G01975,medium,0.8627374768257141,0.646969735622406,0.2157677412033081,3
U02200,G01977,anoten esto.,llinser'ku' nana,llinser'ker' asu',anote esto.,U02199,G01976,hard,0.7691540718078613,0.6642727255821228,0.10488134622573853,3
U02200,G01977,anoten esto.,llinser'ku' nana,nawa' lli'apallinerku.,ellas me cuidan.,U02441,G02216,medium,0.7691540718078613,0.5982570648193359,0.1708970069885254,7
U00672,G00562,tom bostezó.,tom lauki'lli,tom lauktapalli,tom escucha.,U00915,G00785,medium,0.8940019011497498,0.7251850366592407,0.16881686449050903,2
U00329,G00264,lo necesito.,luantulek,nana luwantulek,quiero eso.,U00797,G00674,hard,0.7703964114189148,0.66572105884552,0.10467535257339478,2
U00329,G00264,lo necesito.,luantulek,luwantudek'lek,los necesito.,U00790,G00667,medium,0.7703964114189148,0.6180770397186279,0.15231937170028687,3
U02640,G02415,no lloren!,aner yawellektama'!,yawellektama',no lloren.,U00298,G00237,hard,0.8302118182182312,0.7652158737182617,0.06499594449996948,2
U02640,G02415,no lloren!,aner yawellektama'!,yalamapu'ta,no grites.,U00494,G00623,medium,0.8302118182182312,0.6506185531616211,0.1795932650566101,3
U01182,G01029,¡relajate!,¡latada'ker'!,¡dakuta'ker'!,¡avergüénzate!,U01170,G01020,hard,0.7420804500579834,0.6509090065956116,0.09117144346237183,4
U01182,G01029,¡relajate!,¡latada'ker'!,¡yawellekta!,¡no llores!,U00297,G00236,medium,0.7420804500579834,0.563349723815918,0.17873072624206543,7
U00036,G00031,estoy levantado.,yunsansu' ñapalek,ukapisha ñapalek,estoy calientito.,U00214,G00166,hard,0.8165084719657898,0.6901205778121948,0.12638789415359497,2
U00036,G00031,estoy levantado.,yunsansu' ñapalek,ñapalek dakuta'su',estoy avergonzado.,U02048,G01831,medium,0.8165084719657898,0.6554638147354126,0.1610446572303772,7
U03007,G02782,"diez años, catorce, quince, como mujeres (de los españoles) se fueron. a todas las fueron a vender.","shunka' ekkilala, shunka' ínkatu', shunka' alei'teklun ku'apellusa'pu'su' pa'llina'. iñer uku'latukun.","sekllintulli iñer uklli, ala' simana', katu' simana', kala simana', ala' dukerkek ima ektu'llina' muyunpak. hicieron trocha todos los días, una semana, dos semanas, tres","semanas, un mes y llegaron a moyobamba.",U02968,G02743,hard,0.6099072694778442,0.4854910969734192,0.12441617250442505,2
U03007,G02782,"diez años, catorce, quince, como mujeres (de los españoles) se fueron. a todas las fueron a vender.","shunka' ekkilala, shunka' ínkatu', shunka' alei'teklun ku'apellusa'pu'su' pa'llina'. iñer uku'latukun.","ñinanlu'mapu'wa', chilenkek ña'su', chilenllupa' chu'kenetchu; winenllupa' ña'su', winenllupa', tanni'ma.","nuestro pueblo, los que viven en el barrio bajo, van a pandillar por el barrio bajo; los que viven por el barrio alto, por el barrio alto, dijeron.",U03092,G02867,medium,0.6099072694778442,0.4185689389705658,0.19133833050727844,3
U02191,G01971,¿cuándo acabó?,¿enpi'ta'wantulli?,¿enpi' ta'wantechu?,¿cuándo termina?,U01905,G01699,hard,0.7625557780265808,0.6326711177825928,0.12988466024398804,2
U02191,G01971,¿cuándo acabó?,¿enpi'ta'wantulli?,¿ma'nen'a'cha nakulli?,¿qué ocurrió?,U01599,G01410,medium,0.7625557780265808,0.5800963640213013,0.18245941400527954,3
U02971,G02746,"por eso ellos se fueron calladitos, caminaron cuidadosamente sin hacer ruido.","nawei'mi'na nana malek ima nawa' ta'tushalanna' pa'llina', ta'tushalanni'ma dekkuntullina'.","ipa'linchi nawa' ektu'na' palenñantullina', puñañin llisantullina'.","entonces los hombres llegaron y construyeron tambo, chancaron barbasco.",U02516,G02291,hard,0.6913174986839294,0.6017701029777527,0.08954739570617676,2
U02971,G02746,"por eso ellos se fueron calladitos, caminaron cuidadosamente sin hacer ruido.","nawei'mi'na nana malek ima nawa' ta'tushalanna' pa'llina', ta'tushalanni'ma dekkuntullina'.","naneklima luna'tullina', ñi a'pinta' pur'i'ñina'.","entonces (los jeberinos) se arrepintieron, no pescaron más.",U02560,G02335,medium,0.6913174986839294,0.5318687558174133,0.1594487428665161,4
U01046,G00906,la ayuda.,katu'pa',katu'per',ayúdalo.,U00166,G00124,hard,0.8672742247581482,0.7493407130241394,0.11793351173400879,2
U01046,G00906,la ayuda.,katu'pa',nana katu'pa'tulli,eso ayudó.,U00888,G00760,medium,0.8672742247581482,0.6719825863838196,0.1952916383743286,3
U02307,G02082,"de las mujeres ya fallecidas,","kaikku'lusa'ki,","mukankinpu'lusa' uksu'ketchina',","los de mal corazón que se quemen bien,",U02731,G02506,hard,0.7639014720916748,0.6590149998664856,0.10488647222518921,2
U02307,G02082,"de las mujeres ya fallecidas,","kaikku'lusa'ki,","sennanlusa'nta' enñi,","también los lagos se secaron,",U02710,G02485,medium,0.7639014720916748,0.5953630805015564,0.1685383915901184,3
U00553,G00458,soy francés.,frances nuka'ka,a'lek'tapalek frances,enseño francés.,U01743,G01545,medium,0.8895957469940186,0.6145123243331909,0.27508342266082764,2
U00109,G00077,páralo. (poner vertical),a'wanerker',a'tender',enciéndelo. (fuego),U00677,G00567,hard,0.6851786971092224,0.6104024052619934,0.074776291847229,3
U00109,G00077,páralo. (poner vertical),a'wanerker',¡a'illinker'!,¡haz ruido!,U02108,G01889,medium,0.6851786971092224,0.5338078141212463,0.15137088298797607,15
U02892,G02667,ahí dice se olvidaron y se acostaron.,nanek ima inpinanerllanna' pek kuallina'.,kananna' nanasa' llikantullina' dei'tullina'.,"encontrándole, a él nomás lo revolcaron golpéandolo y lo mataron.",U03079,G02854,hard,0.6798458099365234,0.6204758882522583,0.05936992168426514,2
U02892,G02667,ahí dice se olvidaron y se acostaron.,nanek ima inpinanerllanna' pek kuallina'.,"naneklima luna'tullina', ñi a'pinta' pur'i'ñina'.","entonces (los jeberinos) se arrepintieron, no pescaron más.",U02560,G02335,medium,0.6798458099365234,0.5279026031494141,0.15194320678710938,4
U00692,G00579,nosotros ayudaremos.,kuda katu'pa'techidek,nawa' katu'pa'techuna',ellos ayudarán.,U01863,G01657,medium,0.8571892976760864,0.6855589151382446,0.1716303825378418,3
U01632,G01443,llegará lejos.,wei ek'tue'chu,wei ek'tue'chuna',llegaran lejos.,U01631,G01442,hard,0.7691268920898438,0.6315537095069885,0.13757318258285522,2
U01632,G01443,llegará lejos.,wei ek'tue'chu,ku'la ikerinchu,no dolerá.,U01477,G01295,medium,0.7691268920898438,0.6012794971466064,0.1678473949432373,3
U00666,G00556,tom sonrió.,tom yamerladalli,tom lachek'lli,tom entendió.,U01876,G01670,medium,0.8470704555511475,0.6930297017097473,0.15404075384140015,2
U01972,G01761,¿la conocen?,¿luwer'chapalama?,¿luwer'chapadekla?,¿los conoces?,U02234,G02009,hard,0.7756891250610352,0.7230992317199707,0.05258989334106445,2
U01972,G01761,¿la conocen?,¿luwer'chapalama?,¿yennitullina lli'er'kenmuak?,¿pueden vernos?,U01949,G01739,medium,0.7756891250610352,0.5762268900871277,0.19946223497390747,3
U02283,G02058,"llévala por ahí a un pueblo lejano, madre, diciendo así le estoy enseñando.","nanalupa' wei ñinanluk ekpanter, awá, itamu a'lek'apalek.","nanalek tatawek awawek teksusullun, kua nana lu'nkasu'.","con ella mi padre y mi madre me criaron, yo la hablo.",U02477,G02252,medium,0.6911440491676331,0.49212533235549927,0.1990187168121338,2
U01608,G01419,¡estás borracho!,¡lupersu' ñapala!,lupersu' ñapala,estás borracha.,U01293,G01124,hard,0.7520854473114014,0.6826311349868774,0.06945431232452393,2
U01608,G01419,¡estás borracho!,¡lupersu' ñapala!,!kaluwi'pala!,¡estás enfermo!,U00979,G00844,medium,0.7520854473114014,0.5968594551086426,0.1552259922027588,3
U00345,G00276,soy obeso.,weipensu' nuka'ka,apu'pi nuka'ka,estoy divorciada.,U01104,G00962,hard,0.7311888933181763,0.6546582579612732,0.07653063535690308,4
U00345,G00276,soy obeso.,weipensu' nuka'ka,sudasu' nuka'ka,soy casada.,U00822,G00698,medium,0.7311888933181763,0.5715824365615845,0.1596064567565918,7
U02359,G02134,"una vez tanteado entonces se chanca,","patak ipa'linchi u'deklek,","nanentu ker' manta'lek menmikda',","primero se va a traer yuca de la chacra,",U02340,G02115,medium,0.7560573816299438,0.5917498469352722,0.16430753469467163,2
U01819,G01616,déjame sentirlo.,ta'itula'u lauk'echek,yennitulek lauk'ak,puedo sentirlo.,U01393,G01217,medium,0.7575626969337463,0.5750851631164551,0.18247753381729126,3
U01820,G01616,déjame oírlo.,ta'itula'u lauk'echek,yennitulek lauk'ak,puedo sentirlo.,U01393,G01217,medium,0.8900536298751831,0.724002480506897,0.16605114936828613,3
U02736,G02511,"de cuello colorado, de cara colorada.","piper'unkellu', pipelladasu'.","uper'apilalek, uper'apilalek.","se sigue trasladando el líquido, se sigue vaciando (la yuca disuelta).",U02368,G02143,medium,0.7702498435974121,0.5985080003738403,0.17174184322357178,2
U02869,G02644,"que eso que has soñado así así va a suceder, por eso estén alertas muchachos dijo un viejo.","nana wa'lata'masui'na tusu' tusu' nu'aterwa', nana malek i'na nasu'ku' wilalusa' nasu' tullima ala'sa' taserpi.","ma'pu'si'pa' lli'etchuma' kenmama', ñienpi' lli'npu'a'mama'su' itudekllima wilalusa'.","a ver qué cosa van a ver ustedes, algo que nunca antes han visto les dijo a los niños.",U02545,G02320,medium,0.774793803691864,0.5413188338279724,0.2334749698638916,2
U02361,G02136,se lo va batiendo con este.... con un remo se lo bate.,pitawilek ma'ilek nerku'teklek pitawilek.,"uper'apilalek, uper'apilalek.","se sigue trasladando el líquido, se sigue vaciando (la yuca disuelta).",U02368,G02143,hard,0.6660701632499695,0.5325366258621216,0.1335335373878479,2
U02361,G02136,se lo va batiendo con este.... con un remo se lo bate.,pitawilek ma'ilek nerku'teklek pitawilek.,"uka'lek, eksu'lek.","se la extrae, se la pela.",U02341,G02116,medium,0.6660701632499695,0.47895848751068115,0.18711167573928833,3
U01761,G01563,estaré cerca.,kawik ñapechek,inapi ñechek,seré libre.,U01094,G00953,medium,0.8792635202407837,0.6775729656219482,0.20169055461883545,2
U02835,G02610,"vamos a conocer a otro tipo de gente nosotros también,","enchuku' nermuda' luwetchawa' kenmu'wa'nta',","enpu'nipa' kenmu'wa' samerwanpanansu'wa',","nosotros tendríamos muchísimo pescado,",U02766,G02541,hard,0.7439613938331604,0.5983407497406006,0.14562064409255981,2
U02835,G02610,"vamos a conocer a otro tipo de gente nosotros también,","enchuku' nermuda' luwetchawa' kenmu'wa'nta',","nana wintupatekwa' nana tetchu,","cuando le contemos el viejo va a decir,",U02868,G02643,medium,0.7439613938331604,0.5623063445091248,0.18165504932403564,3
U02742,G02517,cuando ya iba a empezar el fuego.,nana yadi'setchusik.,ñapamu erwatapalek.,postrada me la paso.,U02423,G02198,medium,0.7372933030128479,0.529966413974762,0.20732688903808594,2
U02235,G02010,¿vives aquí?,¿asek nanpipala?,¿asek nanpipalama'?,¿viven aquí?,U02236,G02011,medium,0.8572478890419006,0.6864516735076904,0.1707962155342102,2
U01628,G01439,fracasarás.,nu'chin'chu,ekte'chechu,se adelantará.,U00155,G00114,hard,0.7520518898963928,0.6918529272079468,0.060198962688446045,2
U01628,G01439,fracasarás.,nu'chin'chu,teka'per'aterwa',fracasaremos.,U00690,G00577,medium,0.7520518898963928,0.577756941318512,0.17429494857788086,6
U00089,G00062,lo intenté.,tekle'rilek',tekle'rier',pruébalo. (intentar),U00049,G00039,medium,0.823521614074707,0.6611932516098022,0.16232836246490479,2
U01345,G01173,hazlo rápidamente.,wiu'su' nu'ter',nu'ter' ipia'la,hazlo ahorita.,U00738,G00618,hard,0.8040306568145752,0.688757061958313,0.11527359485626221,4
U01345,G01173,hazlo rápidamente.,wiu'su' nu'ter',tek'ker' wiuk'su',corre rápido.,U01049,G00909,medium,0.8040306568145752,0.6266395449638367,0.17739111185073853,5
U01346,G01173,hágalo rápido.,wiu'su' nu'ter',nu'ter' ipia'la,hazlo ahorita.,U00738,G00618,medium,0.8124025464057922,0.640719473361969,0.17168307304382324,4
U01474,G01292,aquí duele.,asek ikerlli,nana ikerlli,eso duele.,U00635,G00530,medium,0.8459066152572632,0.5617597699165344,0.28414684534072876,2
U00769,G01587,puedo hacerlo.,yennitulek nu'tak,yennitulekwa' nu'tak,podemos hacerlo.,U01234,G01073,medium,0.9043951034545898,0.7113773822784424,0.19301772117614746,3
U01788,G01587,puede hacerse.,yennitulek nu'tak,apinta'a'tekalli,él aceleró.,U01694,G01497,hard,0.7327792644500732,0.6528928279876709,0.07988643646240234,7
U01788,G01587,puede hacerse.,yennitulek nu'tak,saka'tulli.,funciona.,U00222,G00174,medium,0.7327792644500732,0.5805324912071228,0.15224677324295044,9
U01850,G01645,es evidente.,latek'lanañi,inlli'inuinsu' ñapalli,está inconsciente.,U02246,G02021,medium,0.7178727388381958,0.558970034122467,0.15890270471572876,4
U02759,G02534,ellos también escondidos están.,nawa'nta' insekkitula'su' ñapalli.,nawa'sa' nanpichuna'.,sólo ellos van a poblar de nuevo.,U02733,G02508,hard,0.7675679922103882,0.6366541385650635,0.1309138536453247,2
U02759,G02534,ellos también escondidos están.,nawa'nta' insekkitula'su' ñapalli.,nawa' lli'apallinerku.,ellas me cuidan.,U02441,G02216,medium,0.7675679922103882,0.5908579230308533,0.1767100691795349,3
U02413,G02188,hablando más en castellano ya no hablan shiwilu.,"a'pinta' kaschilleklansa' lunna', ñi a'pinta' shiwilu la'la' lunpi'ñina'.",shiwilu lu'nkasu' ñinchichi'ñina'.,el shiwilu que yo hablo no lo saben.,U02323,G02098,medium,0.769830584526062,0.5565431714057922,0.21328741312026978,2
U02244,G02019,quiere venir.,ya'wencha'lli,wencha'winsu',debería venir.,U01701,G01504,medium,0.823521614074707,0.6283573508262634,0.1951642632484436,2
U02811,G02586,hace cuántos miles de años habrá pasado eso lo que ha sido así!,enpu'dun waranka ekkilaleipa' ñilli nana nu'su' ña'su'!,"¡enpi'pui'pa' nana nu'su' ña'su',","¡cuándo habrá sucedido eso,",U02810,G02585,hard,0.6555226445198059,0.557464599609375,0.09805804491043091,2
U02811,G02586,hace cuántos miles de años habrá pasado eso lo que ha sido así!,enpu'dun waranka ekkilaleipa' ñilli nana nu'su' ña'su'!,¡enpu'ni aperpipa'!,¡qué horrible!,U01054,G00914,medium,0.6555226445198059,0.4186097979545593,0.23691284656524658,3
U01581,G01392,estamos intrigados.,lachek'insu' ñapallidek,nakusu' muin'su' ñapallidek,estamos condenados.,U01563,G01374,hard,0.792823314666748,0.7039137482643127,0.0889095664024353,2
U01581,G01392,estamos intrigados.,lachek'insu' ñapallidek,nampilalasu' ñapalidek,estamos despiertos.,U00943,G00811,medium,0.792823314666748,0.6407119035720825,0.15211141109466553,4
U02625,G02400,"él es, éste es criador de peces exclusivamente.",nani'na asi'na samersa' pektawa'su' nuka'a.,asek kua patun a'ñinekta'la.,acá no tengo ningún familiar.,U02503,G02278,medium,0.7226383686065674,0.4979706108570099,0.2246677577495575,2
U00546,G00452,viví,nampilek,anu'lek,me caí.,U00028,G00023,medium,0.82569420337677,0.6239442825317383,0.20174992084503174,2
U00852,G00728,¡empecemos!,¡tenmiansu'wa'!,wa'tentaterwa',esperaremos.,U00694,G00581,medium,0.7940900921821594,0.6411546468734741,0.1529354453086853,3
U02153,G01933,tom desapareció.,tom wer'lli,tom chi'ye'klli,tom escapó.,U00911,G00781,medium,0.861268937587738,0.7024034857749939,0.15886545181274414,2
U00905,G00776,esto apesta.,asu' analli,asu' saka'tapalli,esto trabaja.,U00647,G00539,medium,0.7837061882019043,0.568429172039032,0.21527701616287231,2
U00123,G00088,lo sabemos.,ñinchitapallidek,a'nañiechidek,compartiremos.,U00942,G00810,hard,0.77676922082901,0.6806854009628296,0.09608381986618042,3
U00123,G00088,lo sabemos.,ñinchitapallidek,a'ñapalekdekwa',los tenemos.,U01897,G01691,medium,0.77676922082901,0.6066383719444275,0.17013084888458252,6
U02894,G02669,"después de hacer eso, los acarreó a su casa (a todos los cadáveres) y se los comió.","nu'tan, pidekñik sichi'dandek'an iñer urañi.",nanek imi'na pacher kelli u'ñishala shanchushala.,entonces el cura ha traído santitos chiquititos.,U03173,G02948,hard,0.6857388615608215,0.5770573616027832,0.10868149995803833,2
U02894,G02669,"después de hacer eso, los acarreó a su casa (a todos los cadáveres) y se los comió.","nu'tan, pidekñik sichi'dandek'an iñer urañi.","naneklima yunsu'lli dellutekkek, yunsu'n chimiñi.",ahí dice (la ballena) salió a la playa y saliendo murió.,U02829,G02604,medium,0.6857388615608215,0.5343431830406189,0.15139567852020264,3
U00061,G00876,bájate.,nu'wanker',anu'ker',túmbate.,U00149,G00109,hard,0.8679322600364685,0.7677119970321655,0.10022026300430298,4
U00061,G00876,bájate.,nu'wanker',paker' ñilupa',apártate.,U00137,G00098,medium,0.8679322600364685,0.7026081681251526,0.16532409191131592,5
U01013,G00876,baja.,nu'wanker',anu'ker',túmbate.,U00149,G00109,hard,0.8422387838363647,0.7521561980247498,0.09008258581161499,4
U01013,G00876,baja.,nu'wanker',paker' ñilupa',apártate.,U00137,G00098,medium,0.8422387838363647,0.6359260678291321,0.20631271600723267,7
U01014,G00876,baje.,nu'wanker',anu'ker',túmbate.,U00149,G00109,hard,0.8376258611679077,0.7194403409957886,0.11818552017211914,4
U01014,G00876,baje.,nu'wanker',yunsanker',levanta. (pararse),U00022,G00018,medium,0.8376258611679077,0.6600884199142456,0.1775374412536621,6
U03034,G02809,"ahora conocemos a otras gentes, conocemos a los que hablan otra lengua.","ipa'la'ka luwetchudekllina' ali'la muda'lusa', luwetchudekñina' nerpi'la lunlusa'.",ipa'la walek kuda laukta'kudeksu' ñinchitapallidek.,hasta ahora nosotros los que hemos oído conocemos (de arákayu).,U02802,G02577,hard,0.7243156433105469,0.5755898356437683,0.14872580766677856,2
U03034,G02809,"ahora conocemos a otras gentes, conocemos a los que hablan otra lengua.","ipa'la'ka luwetchudekllina' ali'la muda'lusa', luwetchudekñina' nerpi'la lunlusa'.","ipa'la walek lauk'apallidek, lli'apallidek wa'dantek pekla'su',","hasta ahora escuchamos y vemos gallos que cantan,",U02569,G02344,medium,0.7243156433105469,0.5496471524238586,0.17466849088668823,3
U01030,G00891,conduce lentamente.,ekpa'ker' utila',tek'ker' wiuk'su',corre rápido.,U01049,G00909,hard,0.7289739847183228,0.6162600517272949,0.11271393299102783,3
U01030,G00891,conduce lentamente.,ekpa'ker' utila',wek'ker' ipia'la,ven enseguida.,U01010,G00873,medium,0.7289739847183228,0.5525681972503662,0.17640578746795654,5
U00515,G00426,soy feliz,musu' nampipalek,u'chimuinchi ñapalek,estoy perfectamente.,U00196,G00151,hard,0.8116233348846436,0.7495481371879578,0.06207519769668579,3
U00515,G00426,soy feliz,musu' nampipalek,¡musu' nampipalek!,¡estoy feliz!,U00516,G00427,medium,0.8116233348846436,0.6474047899246216,0.16421854496002197,6
U02839,G02614,no sabemos.,ñinchichi'nekwa'.,yañinchitullidek,queremos saber.,U02171,G01951,hard,0.7830962538719177,0.6656564474105835,0.11743980646133423,3
U02839,G02614,no sabemos.,ñinchichi'nekwa'.,yalli'tama,no miren.,U00485,G00398,medium,0.7830962538719177,0.6259944438934326,0.1571018099784851,4
U03190,G02965,"vayan acordándose de esa clase (de nombres) nos dicen ahora, gente civilizada dicen.","lli'inutapaku' nu'sukla'nka kenmu'wa' ipa'la itullinerkenmu'wa', gente civilizada tullima.","ipa'la'ka luwetchudekllina' ali'la muda'lusa', luwetchudekñina' nerpi'la lunlusa'.","ahora conocemos a otras gentes, conocemos a los que hablan otra lengua.",U03034,G02809,medium,0.7030799388885498,0.5048671364784241,0.19821280241012573,2
U00337,G00271,soy ciega.,dapinantek' nuka'ka,insilanpi nuka'ka,soy gemelo.,U00555,G00460,medium,0.7423999905586243,0.5861407518386841,0.15625923871994019,4
U00338,G00271,soy ciego.,dapinantek' nuka'ka,insilanpi nuka'ka,soy gemelo.,U00555,G00460,hard,0.6800851225852966,0.5978367924690247,0.08224833011627197,4
U00338,G00271,soy ciego.,dapinantek' nuka'ka,ma'kimpu nuka'ka,soy torpe.,U00557,G00462,medium,0.6800851225852966,0.5116103291511536,0.16847479343414307,8
U01759,G01561,sería cuidadoso.,ñi'inaka inlu'uktutek,ñaper' lu'uk'tan,estate vigilante.,U00727,G00610,hard,0.7860423922538757,0.7213574051856995,0.06468498706817627,2
U01759,G01561,sería cuidadoso.,ñi'inaka inlu'uktutek,insekdipersu' ñapaker',estar atento.,U00995,G00858,medium,0.7860423922538757,0.6226535439491272,0.16338884830474854,6
U02345,G02120,mientras está hirviendo se tuesta el maíz desgranado.,ukluka'pasik kenmu'nta' inyalalatulek chitetlla.,ekpantasik ima taserpiler pilli'tan lutu'lli.,"cuando se la llevaron, el viejo la agarró y la detectó.",U02932,G02707,hard,0.5455220341682434,0.4951080083847046,0.05041402578353882,6
U02345,G02120,mientras está hirviendo se tuesta el maíz desgranado.,ukluka'pasik kenmu'nta' inyalalatulek chitetlla.,nana sakanlupi'mi'na lli'llina' pen mukatapa'su'.,en esa bajada vieron humo.,U02872,G02647,medium,0.5455220341682434,0.381210058927536,0.1643119752407074,14
U01942,G01732,¿son hermanas?,¿kai'kualusa' nuka'mama'?,¿denlusa'acha?,¿quiénes sois?,U00961,G00827,hard,0.6975319981575012,0.6383273601531982,0.05920463800430298,3
U01942,G01732,¿son hermanas?,¿kai'kualusa' nuka'mama'?,kadu'lusa' nuker'ka,son huevos.,U01206,G01047,medium,0.6975319981575012,0.5277758240699768,0.16975617408752441,9
U02881,G02656,"muy bien, hermano. (joven)","- ta'iter, alli'shá.",muuklli,buenos días.,U01036,G00897,hard,0.6790139079093933,0.5723744034767151,0.10663950443267822,2
U02881,G02656,"muy bien, hermano. (joven)","- ta'iter, alli'shá.",¡u'chimu ñinalu'!,¡buen país!,U01901,G01695,medium,0.6790139079093933,0.5265244245529175,0.15248948335647583,5
U02782,G02557,"no conocen la huangana,","luwetchi'ñina' panwala,","ñinchilli'anna' kerka'ña,","sabiendo leer,",U02806,G02581,medium,0.808296799659729,0.6575038433074951,0.1507929563522339,2
U01320,G01149,¿estás?,¿ñapala?,¿kenma?,¿y tú?,U01903,G01697,hard,0.8583124279975891,0.7676416635513306,0.09067076444625854,2
U01320,G01149,¿estás?,¿ñapala?,¿kenmakin'cha?,¿es suyo?,U00834,G00710,medium,0.8583124279975891,0.6873905062675476,0.1709219217300415,5
U02594,G02369,después dice que arákayu se alegró.,nu'an ima arakayu sakeklli.,nu'an ima ipa'linchi arakayu yulli.,por eso dice arákayu se enojó mucho.,U02691,G02466,hard,0.7395513653755188,0.6753302216529846,0.06422114372253418,2
U02594,G02369,después dice que arákayu se alegró.,nu'an ima arakayu sakeklli.,nanek da'an lli'itulli dinlupinen.,"ahí entrando (dentro de la ballena, marcel) le vio su corazón.",U02827,G02602,medium,0.7395513653755188,0.5734301209449768,0.166121244430542,3
U01183,G01030,cuéntame más.,wintu'u a'pinta',wintu'udek a'pinta',dinos más.,U01186,G01031,hard,0.8503867387771606,0.7166837453842163,0.13370299339294434,5
U01183,G01030,cuéntame más.,wintu'u a'pinta',musu' wintu'u,explícamelo.,U02238,G02013,medium,0.8503867387771606,0.6296204924583435,0.22076624631881714,8
U01184,G01030,dime más.,wintu'u a'pinta',wintu'udek a'pinta',dinos más.,U01186,G01031,hard,0.8891192078590393,0.7404040694236755,0.14871513843536377,5
U01184,G01030,dime más.,wintu'u a'pinta',musu' wintu'u,explícamelo.,U02238,G02013,medium,0.8891192078590393,0.6249642968177795,0.26415491104125977,8
U01185,G01030,dígame más.,wintu'u a'pinta',wintu'udek a'pinta',cuéntanos más.,U01188,G01031,hard,0.8816964030265808,0.7460867166519165,0.1356096863746643,5
U01185,G01030,dígame más.,wintu'u a'pinta',llinse'cher' manen'unta',escribe algo.,U02195,G01974,medium,0.8816964030265808,0.6513049006462097,0.2303915023803711,8
U02008,G01793,tengo tarea.,añapalek yanu'tak,kalutulek,preparé cena.,U01413,G01234,medium,0.7774695754051208,0.5858449935913086,0.19162458181381226,2
U02107,G01888,achícalo.,de'a'merker',pilli'ter',¡prendedlo!,U00407,G00329,hard,0.4527033269405365,0.3989597260951996,0.053743600845336914,48
U01896,G01690,somos minuciosos.,inlu'uk'tutek nuka'kawa',a'lek'tutek'lusa' nuka'kawa',somos profesores.,U02158,G01938,medium,0.8408984541893005,0.667956531047821,0.1729419231414795,2
U02455,G02230,"eso nomás, no tomo mucho, poquito cuando tengo sed bebo,","nanasa', kupin uwapi'nek, u'nisha iyumu uwapalek,","tanna' nerpi'pu', kumarinenna'lek inpilli'iteklatanna',","diciendo así a veces, con sus comadres agarrándose de las manos,",U02775,G02550,medium,0.849868893623352,0.5536487698554993,0.2962201237678528,2
U00119,G00085,¡despierta!,¡nanpiker'!,¡wiuker'!,¡date prisa!,U00170,G00128,medium,0.7989513874053955,0.6234363913536072,0.17551499605178833,2
U02030,G01814,quise llorar.,yawelliekwinek,welliek'apawiñi,estaba llorando.,U01843,G01638,hard,0.7982796430587769,0.7078002095222473,0.09047943353652954,2
U02030,G01814,quise llorar.,yawelliekwinek,awa wellek'lli,mamá lloró.,U00614,G00510,medium,0.7982796430587769,0.6246086359024048,0.17367100715637207,8
U03055,G02830,entonces les voy a contar. ¡escuchen!,enta' winterkenma'. ¡lawekku'!,"lauk'apetchuma', ipa'la u'etchu. ¡idenmaku'la'!",van a escuchar (ruido) y en ese momento va a venir. ¡peleen!,U02936,G02711,hard,0.7440853714942932,0.6728975772857666,0.07118779420852661,2
U03055,G02830,entonces les voy a contar. ¡escuchen!,enta' winterkenma'. ¡lawekku'!,lauk'echen,te escucharé.,U01460,G01278,medium,0.7440853714942932,0.5886409878730774,0.15544438362121582,4
U00467,G00382,sé serio.,yamercha,yatumu'ta,no mientas.,U00299,G00238,medium,0.73798006772995,0.49451687932014465,0.2434631884098053,2
U00372,G00303,¡es verdad!,¡tekkinchi nuka'a!,tekkinchi nuka'a,es verdad.,U00373,G00304,hard,0.8251550197601318,0.7448259592056274,0.0803290605545044,2
U00372,G00303,¡es verdad!,¡tekkinchi nuka'a!,¡nanek ñapalli!,¡allá está!,U00890,G00762,medium,0.8251550197601318,0.6546210646629333,0.1705339550971985,3
U00956,G00823,qué dolor.,embu'ni iker'ipa',!embu'ni we'inuipa'!,¡qué lástima!,U00959,G00825,hard,0.701876699924469,0.5863447785377502,0.11553192138671875,2
U00956,G00823,qué dolor.,embu'ni iker'ipa',ku'la iker'i'ñi,no duele.,U02066,G01849,medium,0.701876699924469,0.545722246170044,0.15615445375442505,3
U01213,G01054,esto ayudará.,asu' katu'pa'techu,nawa' katu'pa'techuna',ellos ayudarán.,U01863,G01657,medium,0.8872936367988586,0.7283355593681335,0.1589580774307251,3
U02541,G02316,entonces con eso mismo lávense y frótense sus cuerpos.,"nu'anma' nanalek i'la inpamu'pi'ku', inpanka'pi'ku'.","naneklima ipa'linchi pacherler aku'lli kenmami'na makanma', maka aku'deklli.","en base a eso, entonces, el cura le puso (el nombre) ustedes son maka, maka15 les pusieron.",U03164,G02939,hard,0.6572504043579102,0.5605846047401428,0.09666579961776733,4
U02541,G02316,entonces con eso mismo lávense y frótense sus cuerpos.,"nu'anma' nanalek i'la inpamu'pi'ku', inpanka'pi'ku'.","- ¡nu'ku' nu'pachi kenmama', pur'unta'ku'!","¡así hagan entonces ustedes, vayan a hacer la pesca!",U02741,G02516,medium,0.6572504043579102,0.5037831664085388,0.15346723794937134,8
U02460,G02235,el canasto caminaba.,nana lantekpi dekkuntulli.,penwanpasik pidekñik.,alguien estaba haciendo fuego en su casa.,U02584,G02359,hard,0.7737246751785278,0.6660551428794861,0.10766953229904175,3
U02460,G02235,el canasto caminaba.,nana lantekpi dekkuntulli.,nu'su' lantekpi dekkuntuwiñi napi'.,así el canasto caminaba antiguamente.,U02467,G02242,medium,0.7737246751785278,0.5769422650337219,0.1967824101448059,5
U00651,G00543,tom baila.,tom lansa'palli,tom tuluner'lli,tom canta.,U01874,G01668,hard,0.8603779673576355,0.7238034605979919,0.13657450675964355,2
U00651,G00543,tom baila.,tom lansa'palli,tom lauktapalli,tom escucha.,U00915,G00785,medium,0.8603779673576355,0.709291934967041,0.15108603239059448,3
U01727,G01529,tengo tos.,ilulek,lamapu'lek,grité.,U00543,G00449,hard,0.7796558737754822,0.7130538821220398,0.06660199165344238,2
U01727,G01529,tengo tos.,ilulek,lunpalek,estoy leyendo.,U00826,G00702,medium,0.7796558737754822,0.6150398254394531,0.16461604833602905,4
U01961,G01751,¿te gustó?,¿iya'tula?,¿iyatula?,¿te gusta?,U01677,G01483,hard,0.7340341806411743,0.6439101696014404,0.09012401103973389,3
U01961,G01751,¿te gustó?,¿iya'tula?,¿kana'tula?,¿ganaste?,U00737,G00617,medium,0.7340341806411743,0.5753312706947327,0.15870290994644165,4
U00839,G00715,me salvó.,katu'palun,kananek,la rescaté.,U01415,G01236,hard,0.6949582695960999,0.5756617188453674,0.11929655075073242,4
U00839,G00715,me salvó.,katu'palun,kanandeklek,los encontré.,U01071,G00930,medium,0.6949582695960999,0.5359745621681213,0.15898370742797852,11
U02282,G02057,"te voy a enseñar, llévala tú también y aprende.","a'lek'erken, ekpanta'n kenmanta' ñinchiter.",alli'echen,te mostraré.,U01442,G01260,medium,0.7276684045791626,0.5470691323280334,0.18059927225112915,2
U02293,G02068,más que sigan ellos (difundiéndola).,a'pinta' tupichina' nawa'.,tupituku' inpalerianma',sigan practicando.,U02087,G01869,medium,0.7673701643943787,0.5494174957275391,0.2179526686668396,2
U02770,G02545,yendo a sentarse afuera y sintieron pena.,adipi du'kunna' wa'inutullina'.,"adipi wichi'llina', inyulatekkek.","afuera dormía la gente, en el patio exterior.",U02663,G02438,hard,0.6738474369049072,0.592749297618866,0.08109813928604126,2
U02770,G02545,yendo a sentarse afuera y sintieron pena.,adipi du'kunna' wa'inutullina'.,wellek'apawi'ni'ma tekkiyallina'.,(las mujeres) lloraban bastante y después se acostumbraban.,U03009,G02784,medium,0.6738474369049072,0.511664628982544,0.16218280792236328,3
U02177,G01957,los detendremos.,tu'nek'echidek,a'nañiechidek,compartiremos.,U00942,G00810,hard,0.7847257852554321,0.6708755493164062,0.11385023593902588,2
U02177,G01957,los detendremos.,tu'nek'echidek,wa'tentaterwa',esperaremos.,U00694,G00581,medium,0.7847257852554321,0.6281689405441284,0.1565568447113037,5
U02278,G02053,"ahora esta hermana ha venido desde un pueblo lejano, la señora.","ipa'la asu' kai kua wei ñinanlukla weklli, senñula'.","ipa'li'na' kenmu'wa', ipa' asu' ñinanlu' katu'ta' ñillin: chilen, winen.","ahora nosotros, ahora este pueblo se ha dividido en dos: barrio bajo y barrio alto.",U03090,G02865,medium,0.7662538290023804,0.4918527603149414,0.27440106868743896,2
U00543,G00449,grité.,lamapu'lek,ilulek,tengo tos.,U01727,G01529,hard,0.8712125420570374,0.7985451817512512,0.07266736030578613,2
U00543,G00449,grité.,lamapu'lek,luyulek',lo odio.,U00323,G00258,medium,0.8712125420570374,0.7044476866722107,0.16676485538482666,4
U00659,G00549,tom saltó.,tom indek'lli,tom idenmalli,tom luchó.,U00657,G00547,hard,0.6473557949066162,0.5956103205680847,0.051745474338531494,8
U00659,G00549,tom saltó.,tom indek'lli,nana yunsu'lli,ella salió.,U01173,G01775,medium,0.6473557949066162,0.4896162450313568,0.1577395498752594,20
U01012,G00875,regresa.,adencher',adencher' wiuk'su',regresa pronto.,U01661,G01468,hard,0.7834689617156982,0.6710530519485474,0.11241590976715088,3
U01012,G00875,regresa.,adencher',erwa' ektu'lek,llego tarde.,U00202,G00155,medium,0.7834689617156982,0.6169984936714172,0.166470468044281,7
U00551,G00456,llegué tarde.,etu'kerlek er'wa,lek'ku ek'klli,pregúntame mañana.,U01945,G01735,medium,0.7868582010269165,0.6333478093147278,0.15351039171218872,2
U00831,G00707,ignoralos.,luwerchinpu'deker,ñaper' lu'uk'tan,estate atento.,U00728,G00610,hard,0.8039885759353638,0.6935826539993286,0.11040592193603516,2
U00831,G00707,ignoralos.,luwerchinpu'deker,yatulener'tama,no canten.,U00487,G00400,medium,0.8039885759353638,0.5899279713630676,0.21406060457229614,5
U01661,G01468,regresa pronto.,adencher' wiuk'su',adencher' asek,vuelve aquí.,U01660,G01467,medium,0.9024554491043091,0.6473209261894226,0.2551345229148865,3
U02887,G02662,"dijeron eso e hicieron fuego con la candela de, este, el duende puro hueso.","tan ipa'linchi penwañina' nana, ma'i, lansi' wa'dan pennenlek.","ipa'la aku'llina', ma'i, giovanna, ma'nen ilipa'.","ahora ponen, este, giovana, y otros nombres más.",U03197,G02972,medium,0.7072208523750305,0.5339123010635376,0.17330855131149292,2
U01732,G01534,debo regresar.,adanta'a'kasu' ñapalli,llia'a'mamasu' ñapalli,deberían quedarse.,U02208,G01985,medium,0.8359485864639282,0.6609652638435364,0.17498332262039185,2
U00382,G00311,¡suéltame!,¡apu'u!,¡lunker' kualek!,¡habla conmigo!,U00633,G00528,hard,0.7220534682273865,0.6070578098297119,0.11499565839767456,2
U00382,G00311,¡suéltame!,¡apu'u!,wiperi'u,abrázame.,U00027,G00022,medium,0.7220534682273865,0.55714350938797,0.1649099588394165,5
U00426,G00344,toma esto.,ma'ta asu',ekpa'ker' asu',lleva esto.,U00471,G00386,hard,0.7545963525772095,0.6867367625236511,0.06785959005355835,6
U00426,G00344,toma esto.,ma'ta asu',u'nu'wanger',bájalo.,U00870,G00744,medium,0.7545963525772095,0.5892748832702637,0.1653214693069458,11
U00427,G00344,tome esto.,ma'ta asu',keritu'u nana,traeme eso.,U01947,G01737,hard,0.7695454955101013,0.6728442311286926,0.09670126438140869,6
U00427,G00344,tome esto.,ma'ta asu',u'nu'wanger',bájalo.,U00870,G00744,medium,0.7695454955101013,0.5960546731948853,0.17349082231521606,10
U02367,G02142,se lo sienta y entonces ahí se vacea (el líquido para ser guardado).,nana a'duk ipa'linchi nanek upellek.,"ipa'lalek, ipa'la walek yunsi'ñi.","hasta hoy, hasta ahora no se levanta.",U02470,G02245,hard,0.5899755358695984,0.4707931876182556,0.11918234825134277,2
U02367,G02142,se lo sienta y entonces ahí se vacea (el líquido para ser guardado).,nana a'duk ipa'linchi nanek upellek.,nanasa' lunek. ipa'li'na kua yunsanpateku nellupa' pa'achek.,sólo eso he hablado. ahora me voy a levantar y me voy a ir por otra parte.,U03047,G02822,medium,0.5899755358695984,0.4343908727169037,0.1555846631526947,6
U02248,G02023,¿cuánto mides?,¿empu'dun pichiapala?,ninchiter' wapu',estudia mucho.,U00631,G00526,medium,0.7672664523124695,0.5068235993385315,0.260442852973938,2
U01366,G01191,le cogieron.,pilli'tullina,pilli'tulliner'ku',me arrestaron.,U01720,G01523,medium,0.8405067324638367,0.663811206817627,0.17669552564620972,3
U00298,G00237,no lloren.,yawellektama',yalamapu'ta,no grites.,U00494,G00623,hard,0.844034731388092,0.7554528713226318,0.0885818600654602,2
U00298,G00237,no lloren.,yawellektama',yatulener'tama,no canten.,U00487,G00400,medium,0.844034731388092,0.6679819226264954,0.17605280876159668,6
U00772,G00649,no como.,ka'api'nek,ma'nen nu'chi'nek,soy inocente.,U01108,G00965,hard,0.6861783862113953,0.6150258183479309,0.07115256786346436,2
U00772,G00649,no como.,ka'api'nek,lu'wanek,lo extraño.,U00538,G00444,medium,0.6861783862113953,0.5242834687232971,0.16189491748809814,6
U02129,G01909,ellos cenaron.,nawa' werañina',werañina',cenaron.,U02128,G01908,medium,0.8401784300804138,0.6356183290481567,0.20456010103225708,2
U01362,G01188,guarda eso.,sekdiperker' nana,llia'ker nanek,quédese ahí.,U01920,G01711,hard,0.8071029782295227,0.6841126680374146,0.12299031019210815,3
U01362,G01188,guarda eso.,sekdiperker' nana,sek'diperker' asu',guarda esto.,U00374,G00305,medium,0.8071029782295227,0.6224163770675659,0.1846866011619568,5
U01363,G01188,conserva eso.,sekdiperker' nana,sek'diperker' asu',guarda esto.,U00374,G00305,medium,0.8324941992759705,0.6546310782432556,0.17786312103271484,3
U03112,G02887,"dice que el astro le había tocado el corazón a malallina, decían algunos.","pi'tandulaler ima pata'kankañi asu' malallina, tullina'nta'.","llumallunkek ñikuñidek, tullima nana ali'la.","donde llumallun hemos ido a vivir, así dijo el otro.",U03162,G02937,medium,0.7119109034538269,0.5130664110183716,0.19884449243545532,2
U01444,G01262,lo llevaré.,epa'echek,pantetchek.,ya me voy.,U03124,G02899,hard,0.8795329928398132,0.7773736119270325,0.10215938091278076,2
U01444,G01262,lo llevaré.,epa'echek,nanek pa'echek,ahí voy.,U00558,G00463,medium,0.8795329928398132,0.7282865047454834,0.15124648809432983,4
U02922,G02697,entonces dijeron estos fueron atrapados por las fieras.,ipa'linchi itudeklli asi'na anaka'llina'.,nanek ima inpinanerllanna' pek kuallina'.,ahí dice se olvidaron y se acostaron.,U02892,G02667,hard,0.7600064277648926,0.6168177127838135,0.1431887149810791,2
U02922,G02697,entonces dijeron estos fueron atrapados por las fieras.,ipa'linchi itudeklli asi'na anaka'llina'.,nu'sikla'nka asu' panpadek sennanlusa' wetlli.,de esa manera estos lagos de pampayacu desaparecieron.,U02808,G02583,medium,0.7600064277648926,0.5727148056030273,0.18729162216186523,3
U02442,G02217,"ellas son doscitas, dos hijas mujeres.","nawa' katu'shadaper, katu'ta' ku'aperwawalusa'.",ma'ata'na katu'ta'shadaper ku'tinweklusa'.,ahí están doscitas mis hijas.,U02440,G02215,medium,0.7222161293029785,0.5681551098823547,0.15406101942062378,2
U02756,G02531,"en esos lagos, dice, todavía viven sus dueños, adentro.","sennanlusek ima nanpipallinpi'la wa'anen, kinekla.",ku'apenñen nanpipalli tan ima.,su hembra vive dijeron.,U02967,G02742,medium,0.73312908411026,0.570881724357605,0.16224735975265503,2
U02865,G02640,"cuando se despierten los unos, hasta que estén despiertos ellos los otros que duerman.",nanpincha'a'ser nawa' nanpiladaperkek walek ali'la musun'unta' wichi'chu'.,"ala'musun wicha'pai, ali'la musui'na nanpiladapai.",un grupo que vaya durmiendo y el otro grupo que haga guardia.,U02864,G02639,medium,0.7486660480499268,0.5578468441963196,0.19081920385360718,2
U02472,G02247,ahora sí nunca más voy a caminar.,ipa'la'ka enpi'pu'sha dekkunchi'nchek.,nu'sik upetchununta'lek deklek.,luego se vuelve a agregar agua.,U02370,G02145,medium,0.8270541429519653,0.5720316171646118,0.2550225257873535,2
U01631,G01442,llegaran lejos.,wei ek'tue'chuna',wei ek'tue'chu,llegará lejos.,U01632,G01443,medium,0.7865310311317444,0.6112785339355469,0.1752524971961975,2
U00451,G00367,ya veremos.,ipa' lli'aterwa',ipa' lli'echu,ya verás.,U00711,G00597,medium,0.9032244682312012,0.7396490573883057,0.1635754108428955,3
U02957,G02732,"algunos percibieron la ceniza que volaba. dicen que de ahí se originó la lombriz, el iluli, toda clase de enfermedades que hay en nuestro estómago, dijeron.","nu'unta' ima lanpi'tasu' nana pendalu' penlu'pasu'. nanekla ima ñilli kuwer', tuner, dudinpu' kaluwi' ñilli merpimapu'wek tullina'.","nanek ima dasu'la yunsa'n a'uluntulli, tekkinchima nanekla yunkelli iyun, tunka, etchu, dudinpu' lli'la muinpu'a'su'.","dice que de madrugada, al levantarse, venteó la ceniza con abanico y de ahí salieron zancudos, tábanos, tabanillos negros, toda clase de insectos que no valen.",U02956,G02731,medium,0.7145760655403137,0.4755930006504059,0.23898306488990784,2
U00782,G00659,los conozco.,luwer'chapadeklek,luwer'chapalek,la conozco.,U00528,G00438,hard,0.7887142896652222,0.719482958316803,0.06923133134841919,2
U00782,G00659,los conozco.,luwer'chapadeklek,nawa' lli'apallinerku.,ellas me cuidan.,U02441,G02216,medium,0.7887142896652222,0.6158415079116821,0.17287278175354004,5
U02821,G02596,dijo arákayu y puso la ballena.,tan ima arakayu nana lanla' aku'lli.,arakayu ima luntulli wa'anler.,a arákayu le habló el gobernante.,U02672,G02447,medium,0.7691654562950134,0.6024602055549622,0.16670525074005127,2
U01617,G01428,puedes hablar.,yennitula lun'a'mak,yennitula winta'mudek,puedes decírnoslo.,U02205,G01982,medium,0.8691825270652771,0.684003472328186,0.18517905473709106,2
U01614,G01425,¡hipócrita!,¡katu'lada!,¡pilli'ter'!,¡sujétalo!,U01378,G01203,hard,0.7336956262588501,0.5932648777961731,0.140430748462677,2
U01614,G01425,¡hipócrita!,¡katu'lada!,¡yailantuta!,¡no dispares!,U00742,G00622,medium,0.7336956262588501,0.5300348997116089,0.2036607265472412,3
U02180,G01960,estamos escuchando.,lauk'tapallidek,lansa'pallidek,estamos bailando.,U01582,G01393,medium,0.9162782430648804,0.7606431841850281,0.1556350588798523,2
U00040,G00034,escucharon.,lau'tullina',lau'tuku',escuchen.,U00039,G00033,medium,0.8987319469451904,0.7138879895210266,0.18484395742416382,2
U02550,G02325,"sobrepasaba las copas de los árboles, muy cerca del cielo ardía.","nalamulu'lusa' nakutusu', kekkilu'tek kawima uluntulli.",nana lupa' lenmek'a'su' supinak nalalusi'ma pada'sa'tulli.,cuando calmó el temblor los árboles se sacudieron.,U02943,G02718,medium,0.7023370862007141,0.532452404499054,0.16988468170166016,2
U01161,G01013,señálalo.,tañituker',lli'ker',míralo.,U00858,G00734,hard,0.7290059328079224,0.6609433889389038,0.06806254386901855,4
U01161,G01013,señálalo.,tañituker',inluukter',¡cuidate!,U00423,G00342,medium,0.7290059328079224,0.5575882196426392,0.1714177131652832,11
U02999,G02774,de esa manera construyeron el camino de moyobamba.,nu'siklimaka asu' muyunpa inchilala nu'tullina'.,¿ma'ki'nta' asu' muyunpa inchilala ekketchullina'?,¿por qué pues han abierto ese camino a moyobamaba?,U03114,G02889,medium,0.6731960773468018,0.5143850445747375,0.1588110327720642,2
U00211,G00163,soy delgado. (masculino),shamu'pensu' nuka'ka,sudasu' nuka'ka,soy casada.,U00822,G00698,hard,0.7037751078605652,0.647010326385498,0.05676478147506714,8
U00211,G00163,soy delgado. (masculino),shamu'pensu' nuka'ka,ku'aper nuka'ka,soy mujer.,U00812,G00688,medium,0.7037751078605652,0.5519617795944214,0.1518133282661438,15
U03042,G02817,"se fueron hasta moyobamba, regresaron, tuvieron reuniones y hablaron.","muyunpak walek pa'anna', adencha'nna', indiuntunna' luñina'.","ektu'sik ima muyunpak, nana inka' la'la' lunlusa'ler ima, yadi'tudeklli.",cuentan que cando llegaron a moyobamba los que hablaban en lengua inca los quisieron matar.,U02973,G02748,hard,0.7851762771606445,0.6423841118812561,0.14279216527938843,2
U03042,G02817,"se fueron hasta moyobamba, regresaron, tuvieron reuniones y hablaron.","muyunpak walek pa'anna', adencha'nna', indiuntunna' luñina'.","wadunni'ma chintanna', adenchanna' ñinanluk luncha'llina'.","escogieron (el pescado) y lo ahumaron, regresaron al pueblo y contaron (lo que había sucedido).",U02655,G02430,medium,0.7851762771606445,0.5801623463630676,0.2050139307975769,3
U00290,G00230,vuelve.,aden'cher',ya'wencha'lli,quiere venir.,U02244,G02019,medium,0.860191285610199,0.6268556118011475,0.2333356738090515,3
U01800,G01597,estará listo.,insek'diperpi ñape'chu,insek'diperpi ñapalli,está listo.,U00587,G00488,hard,0.8403130173683167,0.7112310528755188,0.12908196449279785,2
U01800,G01597,estará listo.,insek'diperpi ñape'chu,insek'kita'kasu'ñapalli,debo esconderme.,U00787,G00664,medium,0.8403130173683167,0.6587502360343933,0.18156278133392334,3
U00858,G00734,míralo.,lli'ker',¡lli'ker'!,¡míralo!,U01008,G00871,hard,0.9051029682159424,0.7654178142547607,0.13968515396118164,2
U00858,G00734,míralo.,lli'ker',¿lli'la?,¿lo viste?,U01668,G01475,medium,0.9051029682159424,0.7400550246238708,0.16504794359207153,3
U03078,G02853,los del grupo del malallina entraron y encontraron solamente a sekputchek.,nana malallinalek ñapalusi'mi'na danker'kuñina' kani'ñina' sekputcheksa'.,"pi'tandulaler ima pata'kankañi asu' malallina, tullina'nta'.","dice que el astro le había tocado el corazón a malallina, decían algunos.",U03112,G02887,medium,0.7153376340866089,0.5325981974601746,0.18273943662643433,2
U02899,G02674,"quizás no, quizas es un anuncio de lluvias.","ma'shipa', yu'lanla'pi' nuka'a.",ñinchilu'nma'su' ñilli inluntunansu'.,si usted supiera hablar conversaríamos.,U02505,G02280,hard,0.6121625304222107,0.48642030358314514,0.12574222683906555,2
U02899,G02674,"quizás no, quizas es un anuncio de lluvias.","ma'shipa', yu'lanla'pi' nuka'a.",itudek'an ima a'da'dekan ima itudeklli.,diciéndoles así les ha hecho entrar y les dijo.,U03062,G02837,medium,0.6121625304222107,0.42721185088157654,0.18495067954063416,5
U01588,G01399,nos quedamos.,llia'terwa',nuwanta'wa',vayamos abajo.,U01505,G01321,hard,0.754529595375061,0.6583057045936584,0.09622389078140259,4
U01588,G01399,nos quedamos.,llia'terwa',pa'aterwa',iremos.,U00270,G00216,medium,0.754529595375061,0.5941264629364014,0.16040313243865967,8
U01538,G01350,lo encontraron.,kanañina',anu'llina',cayeron.,U00430,G00347,hard,0.7974865436553955,0.6627174615859985,0.13476908206939697,2
U01538,G01350,lo encontraron.,kanañina',pilli'tullina,le cogieron.,U01366,G01191,medium,0.7974865436553955,0.5945120453834534,0.20297449827194214,3
U00896,G00767,se abrazaron.,inwiperi'llina',usu'lliner'ku,me despidieron.,U00801,G01817,hard,0.7121241092681885,0.6179226040840149,0.09420150518417358,4
U00896,G00767,se abrazaron.,inwiperi'llina',aperlliner'kudek,nos robaron.,U01568,G01379,medium,0.7121241092681885,0.5532235503196716,0.15890055894851685,10
U02852,G02627,a todos ellos matándolos bien vamos a ir.,nanadaper a'ka di'tupatekwa' musu' pa'aterwa'.,kenmu'wa' takeraterwa' nu'unta'nmu'wa'.,uno de nosotros va a perecer.,U02859,G02634,medium,0.7780604958534241,0.5656851530075073,0.21237534284591675,2
U00800,G00677,estaba mareado.,ñapawinek lupersu',ñapawinek nanpiladasu',estaba despierto.,U00799,G00676,hard,0.7761620283126831,0.7013757228851318,0.07478630542755127,4
U00800,G00677,estaba mareado.,ñapawinek lupersu',saka'tusu' ñapawinek,estaba cansado.,U00803,G00679,medium,0.7761620283126831,0.6202753186225891,0.155886709690094,11
U00323,G00258,lo odio.,luyulek',yulek,me enfadé.,U00777,G00654,hard,0.7382859587669373,0.6040310859680176,0.13425487279891968,2
U00323,G00258,lo odio.,luyulek',luantulek,lo necesito.,U00329,G00264,medium,0.7382859587669373,0.5649275183677673,0.17335844039916992,4
U01343,G01171,¿necesito uno?,¿luantulek ala'sa'?,luwantulek ali'la,quiero otro.,U01744,G01546,hard,0.6865376830101013,0.577362596988678,0.10917508602142334,4
U01343,G01171,¿necesito uno?,¿luantulek ala'sa'?,luwantulek kulliker',quiero dinero.,U01085,G00944,medium,0.6865376830101013,0.5334574580192566,0.15308022499084473,6
U00184,G00140,me quedé.,lliya'lek',tekle'rilek',lo intenté.,U00089,G00062,medium,0.8570128679275513,0.668118417263031,0.18889445066452026,2
U02291,G02066,"ella también que enseñe para que (otros) la aprendan,","nananta' a'lekchii, ñinchichii,","nanima yañinchitulli,","ella dice que quiere aprender (mi idioma),",U02313,G02088,hard,0.7057841420173645,0.6150704026222229,0.0907137393951416,2
U02291,G02066,"ella también que enseñe para que (otros) la aprendan,","nananta' a'lekchii, ñinchichii,","nana wintupatekwa' nana tetchu,","cuando le contemos el viejo va a decir,",U02868,G02643,medium,0.7057841420173645,0.5527167916297913,0.15306735038757324,3
U02363,G02138,"cuando está humeando, humeando, humeando,","mu'ka mu'ka mu'katapasik,","nana ekpanta'i, ekpanta'i nerñinanluk,","ella que lleve (mi palabra) a otro pueblo,",U02290,G02065,medium,0.771373987197876,0.5173857808113098,0.25398820638656616,2
U00583,G00713,eso pasa.,nana nakulli,nana chimiñi,ella murió.,U00241,G00191,medium,0.8316332697868347,0.5985762476921082,0.23305702209472656,3
U00837,G00713,eso sucedió.,nana nakulli,nana chimiñi,ella murió.,U00241,G00191,medium,0.8630028963088989,0.6251766681671143,0.23782622814178467,3
U00656,G00547,tom peleó.,tom idenmalli,tom teka'lli,tom corrió.,U00116,G01060,medium,0.7929860949516296,0.6408050656318665,0.15218102931976318,3
U00657,G00547,tom luchó.,tom idenmalli,tom si'lentulli,tom vaciló.,U01554,G01366,hard,0.8369919657707214,0.7451119422912598,0.09188002347946167,3
U00657,G00547,tom luchó.,tom idenmalli,tom sha'pi'wiñi,tom palideció.,U01556,G01368,medium,0.8369919657707214,0.6267160177230835,0.21027594804763794,4
U02746,G02521,se secaron las cochas.,enpinantekllina' sennanlusa'.,ma'i silutulusa' dunkerllina'.,buscaron a los yupaneros.,U03075,G02850,hard,0.663844108581543,0.5804606676101685,0.08338344097137451,2
U02746,G02521,se secaron las cochas.,enpinantekllina' sennanlusa'.,nawa dek'kuntillina',ellos caminaron.,U00902,G00773,medium,0.663844108581543,0.51187664270401,0.15196746587753296,5
U02951,G02726,"ya me han muerto, ya me están quemando para que no vea más nada.","ipa' dei'tulamau'ku, ipa' kekkapalama'u'ku lli'chinpuek a'pinta'.",pitetchi'ñina' ipa' nana kapiña'su' lli'anna'.,ya no hilaban porque habían visto las telas (en moyobamba).,U02988,G02763,medium,0.7969329357147217,0.5485402345657349,0.24839270114898682,2
U00213,G00165,estoy limpio.,pekuipi ñapalek,nupek'pi ñapalek,estoy quebrado.,U00339,G00272,hard,0.7218006253242493,0.6223239898681641,0.0994766354560852,3
U00213,G00165,estoy limpio.,pekuipi ñapalek,pekuipi ñapalidek,estamos limpios.,U00944,G00812,medium,0.7218006253242493,0.5579440593719482,0.16385656595230103,6
U01664,G01471,"vamos, hazlo.","pa'awa, nu'ter'","pa'awa, nu'tuku'","vamos, háganlo.",U01665,G01472,hard,0.8072530031204224,0.6929070949554443,0.11434590816497803,2
U01664,G01471,"vamos, hazlo.","pa'awa, nu'ter'",nu'tawa' nana,hagamos eso.,U01501,G01317,medium,0.8072530031204224,0.573217511177063,0.23403549194335938,4
U01924,G01715,son increíbles.,latek'inpu'pilusa' nuker'ka,ninchipeklui'npu'la'pi'na'.,no saben pronunciar.,U03202,G02977,hard,0.7659480571746826,0.6740024089813232,0.09194564819335938,2
U01924,G01715,son increíbles.,latek'inpu'pilusa' nuker'ka,sha'pi'su'sa' nuker'ka,son amarillas.,U02127,G01907,medium,0.7659480571746826,0.611086368560791,0.1548616886138916,5
U00768,G00646,lo compré.,mapa'lek,kananek,lo encontré.,U00523,G01236,hard,0.7864238023757935,0.6606857180595398,0.12573808431625366,2
U00768,G00646,lo compré.,mapa'lek,kalutulek,preparé cena.,U01413,G01234,medium,0.7864238023757935,0.620307207107544,0.1661165952682495,5
U02725,G02500,ahora le llamamos a ese lugar la poza de la niña.,ipa'la peklu'lek leklun pitun.,nawa' ipa'la asu' kaschilla la'la' a'lek'apallinerkudek.,ellos ahora nos estan enseñando el castellano.,U03118,G02893,hard,0.6731963157653809,0.5327558517456055,0.1404404640197754,2
U02725,G02500,ahora le llamamos a ese lugar la poza de la niña.,ipa'la peklu'lek leklun pitun.,kua asek wilawañun awawek.,aquí me engendró mi madre.,U02252,G02027,medium,0.6731963157653809,0.47267723083496094,0.20051908493041992,3
U01379,G01204,¿cómo estáis?,¿ma'pu'sin?,¿enñupa'cha ñapala?,¿dónde estás?,U01602,G01413,hard,0.7064324617385864,0.5715456008911133,0.13488686084747314,2
U01379,G01204,¿cómo estáis?,¿ma'pu'sin?,¿kenma latektapala?,¿usted cree?,U01976,G01764,medium,0.7064324617385864,0.470426470041275,0.2360059916973114,3
U00775,G00652,tenía frío.,sanek'wantuwinek,yawichi'winek,tenía sueño.,U01091,G00950,hard,0.7340145707130432,0.6619790196418762,0.07203555107116699,3
U00775,G00652,tenía frío.,sanek'wantuwinek,welliek'apawiñi,estaba llorando.,U01843,G01638,medium,0.7340145707130432,0.5744295120239258,0.15958505868911743,9
U00934,G00803,te queremos.,tandenñiden,luantullien,te amo.,U00535,G00441,hard,0.8002139329910278,0.669585108757019,0.1306288242340088,4
U00934,G00803,te queremos.,tandenñiden,lu'wanñiden,te extrañamos.,U00936,G00804,medium,0.8002139329910278,0.6252396106719971,0.17497432231903076,6
U00935,G00803,te amamos.,tandenñiden,luantullien,te amo.,U00535,G00441,hard,0.7718756198883057,0.6365508437156677,0.13532477617263794,3
U00935,G00803,te amamos.,tandenñiden,luwantulliden,te necesitamos.,U00937,G00805,medium,0.7718756198883057,0.6004679799079895,0.17140763998031616,5
U00886,G00758,descansad.,neriker',nanpiker',despierta.,U00120,G00086,hard,0.7409875988960266,0.655129611492157,0.08585798740386963,2
U00886,G00758,descansad.,neriker',muer'wa,buenas tardes.,U01688,G01492,medium,0.7409875988960266,0.5563058853149414,0.1846817135810852,4
U03082,G02857,"regresando, a los que no apoyaron la rebelión les dijeron ¡vamos a matarlos a esos que no se han adherido.","adanda'nni'ma, nana katu'pa'chinpu'lusa' itudeklli ¡enchuku' di'tudekawa' asu' katu'pa'chinpu'lusa'!",tullina' amiku'lusa' kuda usha'wañidek asu' ipa'la wa'danlusa' uk'anna' llikanerchi'ñinerkenmu'wa'.,las abuelas ya finadas dijeron: nosotros somos los culpables de que ahora los señores vengan y nos hagan la vida imposible sin motivo.,U03000,G02775,medium,0.7337146401405334,0.5289286971092224,0.20478594303131104,2
U02444,G02219,"preparando la comida me dan de comer, me alimentan.","akusutuker'anna' a'ka'llinerku, a'uranñinerku.","pipektapapachenma' chiminchuma', nanpia'mama' walek.","cargando (toda su vida) van a morir, todo el tiempo que vivan. jeberos, julio 2007",U02473,G02248,hard,0.6673849821090698,0.547252357006073,0.12013262510299683,2
U02444,G02219,"preparando la comida me dan de comer, me alimentan.","akusutuker'anna' a'ka'llinerku, a'uranñinerku.","uper'apilalek, uper'apilalek.","se sigue trasladando el líquido, se sigue vaciando (la yuca disuelta).",U02368,G02143,medium,0.6673849821090698,0.5065578818321228,0.16082710027694702,4
U00830,G00706,estoy esperando.,wa'tentapalek,wa'ten'nek',esperé.,U00185,G00141,medium,0.8797759413719177,0.6784932613372803,0.20128268003463745,2
U00365,G00296,está oscuro.,kasiser' ñapalli,sapusu' ñapalli,está arruinado.,U00503,G00415,hard,0.7261849045753479,0.6522104144096375,0.07397449016571045,2
U00365,G00296,está oscuro.,kasiser' ñapalli,amu utek'wañi,tiene barba.,U01695,G01498,medium,0.7261849045753479,0.5539709329605103,0.17221397161483765,6
U01203,G01044,ellos llamarán.,nawa' peklu'techuna',nawa' lanse'chuna',ellos bailarán.,U01542,G01354,hard,0.8495066165924072,0.7357417345046997,0.11376488208770752,2
U01203,G01044,ellos llamarán.,nawa' peklu'techuna',nawa' wenche'chuna',ellos vendrán.,U01204,G01045,medium,0.8495066165924072,0.6140179634094238,0.2354886531829834,3
U02943,G02718,cuando calmó el temblor los árboles se sacudieron.,nana lupa' lenmek'a'su' supinak nalalusi'ma pada'sa'tulli.,ekpantasik ima taserpiler pilli'tan lutu'lli.,"cuando se la llevaron, el viejo la agarró y la detectó.",U02932,G02707,hard,0.6754918098449707,0.5651702284812927,0.11032158136367798,3
U02943,G02718,cuando calmó el temblor los árboles se sacudieron.,nana lupa' lenmek'a'su' supinak nalalusi'ma pada'sa'tulli.,nana chu'kenpa'tapasik mitan ukllik'inchi sellawalusa' chu'kenapallina'.,mientras (arákayu) estaba pandillando el día central de carnaval las golondrinas estaban también danzando.,U02684,G02459,medium,0.6754918098449707,0.5011029839515686,0.1743888258934021,5
U03108,G02883,"ellos nos han enseñado a mentir, a robar, a matar, todas esas cosas.","nawa' asu' a'lekllinerkenmu'wa' tumu'akawek, apetchakawek, di'akawek, nanadaper ima'ka.","nanapu'a'su' taserpilusa' ñinchia'lachekterkasu', ñinchilawer'erkasu' a'lachektetchuna', laweretchuna' ma'tusui'pa' wa'lata'kawa'su'.","eso los viejos que saben hacer entender, que saben interpretar, van a hacerles entender nuestros sueños,",U02867,G02642,medium,0.7366218566894531,0.5050381422042847,0.23158371448516846,2
U02645,G02420,"vino la doncella,","da'wanser uklli,","puka' yunsu'lli,","la charapa salió,",U02748,G02523,hard,0.7737053036689758,0.6976689100265503,0.07603639364242554,5
U02645,G02420,"vino la doncella,","da'wanser uklli,","kundetchek enñi,","el lago junto al pelejo se secó,",U02713,G02488,medium,0.7737053036689758,0.5974500179290771,0.17625528573989868,8
U00572,G00476,¿es alto? (muy arriba),¿musenkek a'cha?,¿sulliman wanpalli?,¿es venenoso?,U02065,G01848,hard,0.6291825175285339,0.5309310555458069,0.09825146198272705,4
U00572,G00476,¿es alto? (muy arriba),¿musenkek a'cha?,¿sekipia'cha?,¿es privado?,U01467,G01285,medium,0.6291825175285339,0.4761945605278015,0.15298795700073242,8
U01965,G01754,¿lo hiciste?,¿nu'tula?,¿werana?,¿has comido?,U01691,G01495,medium,0.8723098039627075,0.6725654602050781,0.1997443437576294,2
U00402,G00326,lean esto.,luntuku' asu',lataker' asu',pruébate este.,U00919,G00789,hard,0.8226460218429565,0.7294488549232483,0.09319716691970825,4
U00402,G00326,lean esto.,luntuku' asu',llinser'ker' asu',anota esto.,U02198,G01976,medium,0.8226460218429565,0.6466092467308044,0.1760367751121521,6
U02630,G02405,"dicen que en esa época ellos, los shiwilu finados, no conocían (todos) los peces.","napi'pui'mi'na ñi nawa', asu' shiwiluku'lusa', samerunta' luwetchi'ñina'.","nawi'mi'na, shawalalusa', indiuntunna' luñina'.","dicen que ellos, los shawala, se reunieron y comentaron.",U02620,G02395,medium,0.7408097386360168,0.5300825238227844,0.21072721481323242,2
U00190,G00145,estoy calmado.,tuna'su' ñapalek,ñapalek sakek'su',estoy emocionado.,U00816,G00692,hard,0.6956327557563782,0.6368238925933838,0.058808863162994385,4
U00190,G00145,estoy calmado.,tuna'su' ñapalek,ñapalek dakuta'su',estoy avergonzado.,U02048,G01831,medium,0.6956327557563782,0.5397576093673706,0.15587514638900757,11
U00787,G00664,debo esconderme.,insek'kita'kasu'ñapalli,inlli'inuinsu' ñapalli,está inconsciente.,U02246,G02021,hard,0.6435304880142212,0.5894948244094849,0.05403566360473633,9
U00787,G00664,debo esconderme.,insek'kita'kasu'ñapalli,insek'diperpi ñape'chu,estará listo.,U01800,G01597,medium,0.6435304880142212,0.4892996549606323,0.15423083305358887,22
U02280,G02055,quiere aprender el idioma shiwilu.,shiwilu la'la' yañinchitulli.,shiwilu lu'nkasu' ñinchichi'ñina'.,el shiwilu que yo hablo no lo saben.,U02323,G02098,hard,0.6758891940116882,0.5811665058135986,0.0947226881980896,2
U02280,G02055,quiere aprender el idioma shiwilu.,shiwilu la'la' yañinchitulli.,shiwilu la'la' ta'wantapilalli.,el idioma shiwilu se está terminando.,U02310,G02085,medium,0.6758891940116882,0.5101557970046997,0.16573339700698853,3
U01028,G00889,¿duele?,¿ikerlli?,ikerlli,duele.,U00221,G00173,hard,0.7824851274490356,0.6484660506248474,0.13401907682418823,3
U01028,G00889,¿duele?,¿ikerlli?,¿nu'la'lli?,¿es grave?,U00352,G00283,medium,0.7824851274490356,0.5748127698898315,0.2076723575592041,4
U00143,G00231,venga.,wencher',da'encher',entra.,U00157,G00116,hard,0.8750706911087036,0.7773042917251587,0.09776639938354492,3
U00143,G00231,venga.,wencher',wenller',vente.,U00475,G00390,medium,0.8750706911087036,0.7236655950546265,0.15140509605407715,9
U00291,G00231,ven.,wencher',wenller',vente.,U00475,G00390,hard,0.905325710773468,0.8019368052482605,0.10338890552520752,3
U00291,G00231,ven.,wencher',paker',ve.,U00000,G00000,medium,0.905325710773468,0.7507108449935913,0.1546148657798767,4
U02792,G02567,"¡váyanse, caramba, lejos!",¡paku' tekchi wei!.,"yunsanker', enchu","vamos, levántate.",U01958,G01748,medium,0.8046094179153442,0.6025086045265198,0.20210081338882446,2
U01144,G00997,déjame ir.,ta'itula'u pa'ak,tai'tula'u,déjame.,U00234,G00184,hard,0.8655005693435669,0.7717209458351135,0.09377962350845337,3
U01144,G00997,déjame ir.,ta'itula'u pa'ak,ta'itula'u ata'wantak,déjame terminar.,U01494,G01311,medium,0.8655005693435669,0.6958544850349426,0.16964608430862427,5
U02967,G02742,su hembra vive dijeron.,ku'apenñen nanpipalli tan ima.,"sennanlusek ima nanpipallinpi'la wa'anen, kinekla.","en esos lagos, dice, todavía viven sus dueños, adentro.",U02756,G02531,medium,0.7389519810676575,0.48713231086730957,0.2518196702003479,2
U02981,G02756,ahí efectivamente apareció un hombre blanco. al verlo se asustaron de ver lo que nunca antes habían visto.,"tekkinchi ala'sa' dadapu mudi'ma lli'tulli. lli'anna' imanantullina', lli'anna' ñi enpi' lli'inpu'erkasu'.","nu'unti'ma aper'kulli. yalun'i'ñi uncha'n muyunpakla ma'pu'si'pa' lli'lli senñulalusa', ñima nanapinta' yalun'i'ñi, ta'tula'nna' pa'llina'.","algunos mezquinaban. volviendo de moyobamba no querían contar cómo habían visto a las señoras, ni querian contar más, sin despedirse se iban.",U03035,G02810,medium,0.731652021408081,0.5582215785980225,0.1734304428100586,2
U02816,G02591,aquí termina.,nanek ta'wantulli.,nanek tawetchulli.,ahí se pudrió.,U02830,G02605,hard,0.7355207800865173,0.6277952790260315,0.10772550106048584,2
U02816,G02591,aquí termina.,nanek ta'wantulli.,nanek sanek'i nanasa'.,ahí se enfría sola.,U02388,G02163,medium,0.7355207800865173,0.5674520134925842,0.1680687665939331,3
U00442,G00359,pruébatelo.,teklerier',lek'ker',pregúntales.,U00136,G00097,hard,0.8957335948944092,0.8418810367584229,0.05385255813598633,3
U00442,G00359,pruébatelo.,teklerier',lli'ker',míralo.,U00858,G00734,medium,0.8957335948944092,0.7163354158401489,0.17939817905426025,6
U02614,G02389,mi candela es diferente.,penwek i'na nerpi'la.,lli'amudek mu'katapa'su' penpen.,divisando lo que levanta humo tu candela.,U02591,G02366,medium,0.6919600963592529,0.4902926981449127,0.2016673982143402,2
U01026,G00888,¿usted ronca?,¿kenma tukulu'pala?,¿peklu'tula?,¿llamaste?,U00706,G00592,hard,0.7579347491264343,0.6531997323036194,0.10473501682281494,4
U01026,G00888,¿usted ronca?,¿kenma tukulu'pala?,¿chuchu ka'a'pala?,¿comés carne?,U01968,G01757,medium,0.7579347491264343,0.5581356883049011,0.1997990608215332,5
U01027,G00888,¿tú roncas?,¿kenma tukulu'pala?,¿si'lentapala'?,¿bromeas?,U01636,G01446,hard,0.7165066599845886,0.6598424911499023,0.05666416883468628,3
U01027,G00888,¿tú roncas?,¿kenma tukulu'pala?,¿indekllitapala bulichi?,¿juegas boliche?,U00739,G00619,medium,0.7165066599845886,0.5151623487472534,0.2013443112373352,7
U02721,G02496,"enojándose (arákayu) se fue dejándolos, tras icarar se fue y los dejó.","yun pa'lapinta'lli, pekkun pa'lapinta'lli.","ya'ullini'ma uklulu', arakayu iyui'ñi.",quisieron hacerle tomar chicha punta pero arákayu no quiso tomar.,U02673,G02448,hard,0.7171162366867065,0.5980942845344543,0.1190219521522522,2
U02721,G02496,"enojándose (arákayu) se fue dejándolos, tras icarar se fue y los dejó.","yun pa'lapinta'lli, pekkun pa'lapinta'lli.",yaaurañini'ma arakayu luwanchiñi.,quisieron hacerle comer pero arákayu no quiso.,U02674,G02449,medium,0.7171162366867065,0.5378296375274658,0.17928659915924072,3
U01806,G01603,está vibrando.,pada'sa'tapalli,lansa'per'i'la,sigue bailando.,U01131,G00984,hard,0.7055395841598511,0.649522066116333,0.056017518043518066,4
U01806,G01603,está vibrando.,pada'sa'tapalli,luntaper'i'la,siga leyendo.,U01135,G00988,medium,0.7055395841598511,0.534760057926178,0.1707795262336731,14
U01338,G01166,venga mañana.,weker' eklli,wenller' dasu'la,ven temprano.,U00476,G00391,hard,0.7937865853309631,0.7365204095840454,0.057266175746917725,2
U01338,G01166,venga mañana.,weker' eklli,¡wencher' wiuksu'!,¡vení rápido!,U00480,G00393,medium,0.7937865853309631,0.6429774165153503,0.1508091688156128,6
U02605,G02380,de ahí los shawala le dijeron:,naneklima shawalalusa'ler itullina':,nana malek dansu'lusa' tullina':,por eso los sobrevivientes dijeron:,U02566,G02341,hard,0.8771443963050842,0.7370731234550476,0.14007127285003662,2
U02605,G02380,de ahí los shawala le dijeron:,naneklima shawalalusa'ler itullina':,arakayuler itudeklli:,arakayu les dijo:,U02760,G02535,medium,0.8771443963050842,0.5990155339241028,0.27812886238098145,3
U02376,G02151,"abeja mi'len, tú qué cantidad de chicha que hagas siempre la endulzas.","mi'lencháaa, kenma enpu'nipi'nta' uklutetchu iñer a'kaser apalaaa.","mi'lencháaaa, kenmapa ñenpi' laki'dek uwapi'naaa.","abeja mi'len, tú sí que nunca has hecho una chicha insípida.",U02375,G02150,hard,0.6902902722358704,0.6137153506278992,0.07657492160797119,2
U02376,G02151,"abeja mi'len, tú qué cantidad de chicha que hagas siempre la endulzas.","mi'lencháaa, kenma enpu'nipi'nta' uklutetchu iñer a'kaser apalaaa.",we'chimu luntulek senñula' enpi'pu' lunchinpu'a'kasu'.,bonito le hablo a esta señora con quien nunca antes había conversado.,U02288,G02063,medium,0.6902902722358704,0.4648560881614685,0.22543418407440186,3
U01158,G01010,ahora sientate.,ipa'la du'ker',du'ker' nanek,sentate ahí.,U00414,G00334,medium,0.8561368584632874,0.6515216827392578,0.20461517572402954,2
U01370,G01195,¡me pellizcó!,¡sek'tek'lliu!,¡dakuta'lek!,¡qué vergüenza!,U01169,G01019,medium,0.8455187678337097,0.6519115567207336,0.19360721111297607,2
U02574,G02349,"también hallaban restos de cerámica, restos de adobe para parar las ollas, al bañarse, al bucear sacaban.","nu'sik sunka'teklusa', sunkapilusa' kananpallina', ama'nna'pu'su' dadektanna' usu'pallina'.","nanek nuka' uklullina', pinter katenñina', pinchiyek nu'tanna' ullina' wichi'inpu'erkek.","ahí mascaron ají, pusieron tabaco en su boca, tomaron tabaco diluido para no dormirse.",U02941,G02716,hard,0.6525604128837585,0.5841681361198425,0.06839227676391602,2
U02574,G02349,"también hallaban restos de cerámica, restos de adobe para parar las ollas, al bañarse, al bucear sacaban.","nu'sik sunka'teklusa', sunkapilusa' kananpallina', ama'nna'pu'su' dadektanna' usu'pallina'.","¡aner yatek kuatama', sunkiwanpalama', pasektuku' nanalek!","¡no teman, ustedes tienen machetes, píquen con eso (a las fieras)!",U02919,G02694,medium,0.6525604128837585,0.47536876797676086,0.17719164490699768,7
U02202,G01979,nos traicionaste.,wa'danpilapilundek,ekuanñiwiñidek,éramos amigos.,U02174,G01954,medium,0.7237436771392822,0.5568327903747559,0.16691088676452637,2
U00175,G00133,fracasé.,a'aper'lek',iluwinek,me resfrié.,U02001,G01787,hard,0.7315060496330261,0.6007473468780518,0.13075870275497437,2
U00175,G00133,fracasé.,a'aper'lek',aper'lek,he pecado.,U01408,G01229,medium,0.7315060496330261,0.5780832767486572,0.1534227728843689,5
U00663,G00553,tomás llamó.,chuma peklu'tulli,chuma peklu'tulli penmek'tan,tomás llamó soplando hoja.,U00664,G00554,medium,0.8486984968185425,0.6961839199066162,0.15251457691192627,2
U03027,G02802,lo que hablaron las abuelitas ya finadas se esta cumpliendo ahora.,amiku'lusa' lu'rnka'su'pi'la nana ipa' innitapallin ipa'la.,ipa'la asu' shaya'lusa' inllinsellina' asu' ladanenna'.,ahora las mujeres se pintan sus caras.,U03013,G02788,medium,0.8079677820205688,0.5310558080673218,0.27691197395324707,2
U00132,G00094,corre.,tek'ker',paker',ve.,U00000,G00000,hard,0.7297741174697876,0.6279856562614441,0.1017884612083435,4
U00132,G00094,corre.,tek'ker',wanerker',parate,U00249,G00196,medium,0.7297741174697876,0.575425386428833,0.1543487310409546,11
U00088,G00061,voy a dormir,wichi'echek,yawichi'lek,tengo sueño.,U00567,G00471,medium,0.8521809577941895,0.6275874376296997,0.22459352016448975,3
U01756,G01558,fui bienvenido.,musu' sekaper'llinerku,musu' ñapawiñina',estaban felices.,U01923,G01714,hard,0.723968505859375,0.5813345313072205,0.14263397455215454,4
U01756,G01558,fui bienvenido.,musu' sekaper'llinerku,enka'lliner'ku,me alcanzaron.,U00322,G00257,medium,0.723968505859375,0.5720264315605164,0.15194207429885864,6
U02253,G02028,"conviviendo con mi padre me engendraron, me parieron y aquí mismo crecí.","nanpipakun tatawek ima wilawañinerku, wadekllinerku, asek i'la susulek.",teksusupa'nku tatanenna' chiminlapillun.,ayudándome a criarlos su padre murió y quedé sola.,U02267,G02042,medium,0.7220031023025513,0.5062845945358276,0.21571850776672363,2
U03123,G02898,hasta acá nomás les he contado la lucha de malallina con los españoles.,nanek waleksa' winterkenma' asu' malallina idenma'su' ispaña la'la'lusa'lek.,enta'n lunchek ipa'la asu' ma'pu'sui'pa' kankantanna' shiwiluku'lusa' muyunpa yaluwetchullina'.,"a ver pues, voy a contar ahora cómo se les habrá ocurrido a los shiwilu finados conocer moyobamba.",U02833,G02608,medium,0.769778847694397,0.5259886980056763,0.2437901496887207,2
U02627,G02402,en verdad le dijeron:,tekkinchima itulli:,naneklima itulli:,de ahí le dijo:,U02876,G02651,medium,0.8068819642066956,0.6369707584381104,0.1699112057685852,2
U01646,G01456,¿vendrás?,¿wenche'chun?,yute'chek,lo regañaré.,U01765,G01566,hard,0.5285426378250122,0.4707525074481964,0.057790130376815796,12
U01646,G01456,¿vendrás?,¿wenche'chun?,pa'echidek,nos vamos.,U01583,G01394,medium,0.5285426378250122,0.3716607987880707,0.15688183903694153,43
U01647,G01456,¿vienes?,¿wenche'chun?,¿ukllin'cha?,¿ha venido?,U00752,G00631,medium,0.817733645439148,0.627869188785553,0.18986445665359497,3
U01650,G01459,tráemelo.,keritu'u,a'uktu'u,mándemelos.,U02113,G01894,hard,0.8838762044906616,0.803219199180603,0.0806570053100586,2
U01650,G01459,tráemelo.,keritu'u,enka'u nana,dame eso.,U01033,G00894,medium,0.8838762044906616,0.7306028604507446,0.153273344039917,5
U00131,G00093,¿quién ganó?,¿den'ina' kana'tulli?,¿den'ina' teka'lli?,¿quién corría?,U00129,G00092,medium,0.8085247874259949,0.6041430234909058,0.2043817639350891,3
U03159,G02934,"de ahí, cuando regresaron les preguntaron ¿dónde se han ido a vivir ustedes, yéndose al cerro?","naneklima adencha'a'ser lekdekllina' ¿enñupa' i'na kenmama' nanpikunama', pa'anma' mutupik?",tanni'ma adenchanna' lunchallina' da'mupa'ser nana musun.,dijeron eso y regresando (el joven y otros) vinieron a contar al grupo de personas.,U02882,G02657,medium,0.7472688555717468,0.4762665033340454,0.2710023522377014,2
U02006,G01791,odio estudiar.,luyulek kerka',luntulek kerka'lusa',leo libros.,U01081,G00940,hard,0.7413581609725952,0.6195092797279358,0.12184888124465942,2
U02006,G01791,odio estudiar.,luyulek kerka',luyulek idenmaak,detesto pelear.,U02005,G01790,medium,0.7413581609725952,0.5905112624168396,0.15084689855575562,3
U00696,G00583,estamos ocupados.,a'ñapallidek dudimpu' nu'ta'kawa'su',saka'tapalekwa',estamos trabajando.,U01593,G01404,hard,0.7034119963645935,0.5855380892753601,0.1178739070892334,4
U00696,G00583,estamos ocupados.,a'ñapallidek dudimpu' nu'ta'kawa'su',yanpu'su' ñapallidek,estamos divorciados.,U01893,G01687,medium,0.7034119963645935,0.5521557331085205,0.151256263256073,9
U01574,G01385,deberíamos comer.,ka'a'kawa'su' ñapalli,kana'ta'kawa'su' ñapalli,deberíamos ganar.,U02165,G01945,hard,0.7648089528083801,0.6274959444999695,0.13731300830841064,2
U01574,G01385,deberíamos comer.,ka'a'kawa'su' ñapalli,pa'a'kawa'su' ñapalli,deberíamos irnos.,U01244,G01082,medium,0.7648089528083801,0.6097950339317322,0.15501391887664795,3
U02613,G02388,con mi candela no van a cocinar.,- ñi asu' penweklek akusuchi'nchuma'.,nana pu'su' yanu'tutama',no copien.,U00741,G00621,medium,0.7529802322387695,0.55155348777771,0.20142674446105957,2
U00156,G00115,se adelantarán.,ekte'chechuna',ekte'chechu,se adelantará.,U00155,G00114,hard,0.8301852345466614,0.6912543773651123,0.13893085718154907,2
U00156,G00115,se adelantarán.,ekte'chechuna',panper'echuna',atacarán.,U01865,G01659,medium,0.8301852345466614,0.6616964340209961,0.16848880052566528,3
U01002,G00865,¿puedes venir?,¿yennitula uk'a'mak?,yennitula' uk'a'mak,puedes venir.,U01268,G01103,hard,0.8709574341773987,0.7532137632369995,0.11774367094039917,2
U01002,G00865,¿puedes venir?,¿yennitula uk'a'mak?,¿yennitapala dekkunta'mak?,¿puedes andar?,U01006,G00869,medium,0.8709574341773987,0.6701151132583618,0.20084232091903687,3
U00349,G00280,he perdido.,a'wer'lek,anu'lek,me caí.,U00028,G00023,hard,0.7724224925041199,0.674393892288208,0.09802860021591187,4
U00349,G00280,he perdido.,a'wer'lek,kananek,la rescaté.,U01415,G01236,medium,0.7724224925041199,0.6194466352462769,0.15297585725784302,6
U03045,G02820,hemos escuchado lo que han hablado aquellos que hicieron el camino a moyobamba.,laukdekllidek lu'rnkasu' nana asu' muyunpa inchilala nu'ter'kasu'.,ta'ser kuanta' taserpiku'lusa' laukdeklek du'amu weilan.,"cuando contaban yo también a los viejos ya finados les he escuchado, sentado desde cierta distancia.",U02789,G02564,hard,0.6924424171447754,0.5650445818901062,0.1273978352546692,2
U03045,G02820,hemos escuchado lo que han hablado aquellos que hicieron el camino a moyobamba.,laukdekllidek lu'rnkasu' nana asu' muyunpa inchilala nu'ter'kasu'.,ipa'la walek kuda laukta'kudeksu' ñinchitapallidek.,hasta ahora nosotros los que hemos oído conocemos (de arákayu).,U02802,G02577,medium,0.6924424171447754,0.46907690167427063,0.22336551547050476,3
U02724,G02499,se hundió mientras arákayu la estaba mirando.,dankumelli arakayuler lli'apasik.,yaaurañini'ma arakayu luwanchiñi.,quisieron hacerle comer pero arákayu no quiso.,U02674,G02449,hard,0.6652100086212158,0.5222418308258057,0.14296817779541016,2
U02724,G02499,se hundió mientras arákayu la estaba mirando.,dankumelli arakayuler lli'apasik.,lawinñini'ma arakayu.,se corrió la voz sobre arákayu.,U02656,G02431,medium,0.6652100086212158,0.456064909696579,0.20914509892463684,3
U03149,G02924,"ahí, dice, se ha ido un viejo y ha dicho vamos a ir al cerro.",nanek ima' pa'lli' ipa'linchi ala'sa' taserpima tulli enchuku' pa'awa' mutupik.,"nanek ima ala'sa' taserpi yunsa'n tulli, iteklanen ima usañin musenkek aku'n tulli.","ahí dice un viejo se levantó y dijo, levantó su mano en alto y dijo:",U02845,G02620,hard,0.7794050574302673,0.6615791320800781,0.11782592535018921,2
U03149,G02924,"ahí, dice, se ha ido un viejo y ha dicho vamos a ir al cerro.",nanek ima' pa'lli' ipa'linchi ala'sa' taserpima tulli enchuku' pa'awa' mutupik.,"tusik ima ipa' tulli ipa' mulli'chinpu'a'ser enchuku' adanta'wa', tullima.","así dice, cuando no podían ver bien en la noche, vamos a regresar, decía (sekputchek).",U03137,G02912,medium,0.7794050574302673,0.6080779433250427,0.1713271141052246,3
U01441,G01261,lo demostraré.,alli'echek,alli'echen,te mostraré.,U01442,G01260,hard,0.8571704030036926,0.7409484386444092,0.11622196435928345,3
U01441,G01261,lo demostraré.,alli'echek,mape'chek,lo compraré.,U01435,G01255,medium,0.8571704030036926,0.6955646872520447,0.16160571575164795,4
U01443,G01261,le mostraré.,alli'echek,alli'echen,te mostraré.,U01442,G01260,hard,0.8758159875869751,0.7633132934570312,0.11250269412994385,3
U01443,G01261,le mostraré.,alli'echek,lli'echek,lo miraré.,U01446,G01264,medium,0.8758159875869751,0.7040792107582092,0.17173677682876587,4
U01810,G01607,déjame irme.,ta'itula'u pae'chek,¡ta'itula'u pa'ak!,¡déjame irme!,U01145,G00998,hard,0.8792755603790283,0.7578476667404175,0.12142789363861084,3
U01810,G01607,déjame irme.,ta'itula'u pae'chek,ta'itula'u ata'wantak,déjame terminar.,U01494,G01311,medium,0.8792755603790283,0.6972532868385315,0.18202227354049683,4
U01024,G00886,¿usted fuma?,¿kenma u'wa'tapala?,¿kenma tukulu'pala?,¿usted ronca?,U01026,G00888,medium,0.8298743367195129,0.6161752343177795,0.2136991024017334,2
U02374,G02149,ese líquido al anochecer se lo endulza discursando a la abeja mi'len2:,nana di'din er'washinchi a'kasekchulek mi'len ulen'ak:,nakupila'ser yasaka'tanna' nana kaschilla lu'nsu'lek peklu'dek'an itudeklli:,y cuando (los shawala) estaban pasando a trabajar con esos castellano-hablantes los llamó y les dijo:,U03059,G02834,medium,0.7187783122062683,0.48014208674430847,0.23863622546195984,2
U02817,G02592,los finados shiwilu a la que llamamos ahora campana poza antes la llamaban ballena poza.,shiwiluku'lusa' ipa'la ita'kawa'su' kanpana' pitun napi' i'na itullina' lanla' pitun.,samer mapa'sekudek dinsulullinerkudek asu' sa'la' a'kudeksu' malek.,cuando estábamos agarrando pescado nos botaron porque tenemos esta enfermedad sa'la'.,U02534,G02309,medium,0.7701288461685181,0.4758264124393463,0.29430243372917175,2
U01941,G01731,¿estás casada?,¿sudasu'cha ñapala?,¿sadasu'cha ñapala?,¿estás casado?,U01940,G01730,hard,0.7815617918968201,0.7038425207138062,0.07771927118301392,2
U01941,G01731,¿estás casada?,¿sudasu'cha ñapala?,¿kadu'lunsu' ñapala?,¿estás embarazada?,U02219,G01996,medium,0.7815617918968201,0.6243423819541931,0.15721940994262695,3
U01129,G00982,está funcionando.,saka'tapalli,saka'tapalli musu',funciona bien.,U01479,G01297,hard,0.8370296359062195,0.7434993982315063,0.09353023767471313,3
U01129,G00982,está funcionando.,saka'tapalli,saka'tunakla usu'llina,está despedido.,U01294,G01125,medium,0.8370296359062195,0.662071168422699,0.1749584674835205,10
U02950,G02725,aunque había muerto hablaba:,chiminla'pi'n ima lunpalli:,napi' ima wa'an yunsa'n luñi:,cuentan que antiguamente el gobernante (de jeberos) se levantó y habló:,U02512,G02287,medium,0.8141311407089233,0.6487667560577393,0.16536438465118408,2
U00416,G00336,quieto.,du'la'ker',neriker',descansad.,U00886,G00758,hard,0.6914253234863281,0.5895822048187256,0.10184311866760254,4
U00416,G00336,quieto.,du'la'ker',lauk'ter',escucha.,U00390,G00318,medium,0.6914253234863281,0.539836049079895,0.1515892744064331,7
U02546,G02321,de veras corrieron ellos hasta que se cansaron.,tekkinchi tekka'llini'ma nawa' saka'terkek walek.,nanek ima inpinanerllanna' pek kuallina'.,ahí dice se olvidaron y se acostaron.,U02892,G02667,medium,0.7634314894676208,0.5442903637886047,0.2191411256790161,2
U00353,G00284,¿es malo?,¿mukankan'inpu'?,¿ipa' mula'lli?,¿está mejor?,U01787,G01586,hard,0.7311433553695679,0.6596464514732361,0.07149690389633179,2
U00353,G00284,¿es malo?,¿mukankan'inpu'?,¿enpuduncha?,¿cuánto es?,U01706,G01509,medium,0.7311433553695679,0.571394681930542,0.15974867343902588,5
U01388,G01213,me indigna.,a'yiulliu,inanpilechek,me desnudo.,U01772,G01572,hard,0.7674967050552368,0.6389703750610352,0.12852632999420166,2
U01388,G01213,me indigna.,a'yiulliu,ilusu' ñapalek,estoy resfriado.,U01406,G01228,medium,0.7674967050552368,0.6172040104866028,0.15029269456863403,3
U00404,G00328,véase arriba.,li'ker' musenkek,lli'ker' uti'lakla,mira cuidadosamente.,U02157,G01937,hard,0.7390254139900208,0.639358401298523,0.0996670126914978,2
U00404,G00328,véase arriba.,li'ker' musenkek,¡lli'ker' mupallinpa'!,¡compruébalo!,U01009,G00872,medium,0.7390254139900208,0.5284141302108765,0.2106112837791443,3
U00462,G00378,¿estás levantado?,¿yunsansu' ñapala?,¿nanpiladasu' ñapala?,¿estás despierta?,U01311,G01142,hard,0.8499066829681396,0.7392982244491577,0.11060845851898193,2
U00462,G00378,¿estás levantado?,¿yunsansu' ñapala?,¿mer'su' ñapala?,¿estás lleno?,U00988,G00852,medium,0.8499066829681396,0.6467804312705994,0.20312625169754028,4
U00591,G00491,jesús lloró.,kishu wellek'lli,tom welliek'lli,tom lloró.,U00261,G00208,hard,0.7949513792991638,0.6980613470077515,0.09689003229141235,2
U00591,G00491,jesús lloró.,kishu wellek'lli,¿den lamapu'lli?,¿quién gritó?,U00705,G00591,medium,0.7949513792991638,0.5912168622016907,0.20373451709747314,6
U00335,G00966,estoy enojado.,yusu' ñapalek,muin'su' ñapalek,estoy aburrida.,U00514,G00425,hard,0.8559439778327942,0.7608988285064697,0.09504514932632446,6
U00335,G00966,estoy enojado.,yusu' ñapalek,kaluwi'su' ñapalek,estoy enferma.,U00210,G00162,medium,0.8559439778327942,0.6970683932304382,0.15887558460235596,14
U01109,G00966,estoy indignado.,yusu' ñapalek,inapilante'ñapalek,estoy descalzo.,U01101,G00960,hard,0.824559211730957,0.7342422008514404,0.0903170108795166,5
U01109,G00966,estoy indignado.,yusu' ñapalek,ñapalek a'mechailusu,estoy constipado.,U02058,G01841,medium,0.824559211730957,0.6609525084495544,0.1636067032814026,11
U02396,G02171,nuestra lengua shiwilu es bonita.,shiwilu la'la'mapu'wa' u'chimusha.,kua shiwilulunku nuka'ka.,yo soy jeberina auténtica.,U02474,G02249,medium,0.7608999609947205,0.5087251663208008,0.2521747946739197,2
U03101,G02876,así han vivido antes.,nu'su' nanpillina' napi'.,nawa'sa' nanpichuna'.,sólo ellos van a poblar de nuevo.,U02733,G02508,medium,0.7455506920814514,0.5646110773086548,0.18093961477279663,3
U01797,G01595,fue planeado.,lli'inupi ñiwiñi,nudu'pi ñiwiñi,fue repugnante.,U01124,G00977,medium,0.7659175992012024,0.5973200798034668,0.1685975193977356,2
U00803,G00679,estaba cansado.,saka'tusu' ñapawinek,saka'dekinpu' ñiwiñi,fue fácil.,U00841,G00717,hard,0.7382596731185913,0.6721541285514832,0.06610554456710815,3
U00803,G00679,estaba cansado.,saka'tusu' ñapawinek,nakusu' sanekwantulek,estoy helado.,U01106,G00963,medium,0.7382596731185913,0.5716010928153992,0.16665858030319214,9
U00799,G00676,estaba despierto.,ñapawinek nanpiladasu',inanpilatek ñapawinek,estaba desnudo.,U00802,G00678,hard,0.8029014468193054,0.691763162612915,0.11113828420639038,2
U00799,G00676,estaba despierto.,ñapawinek nanpiladasu',wicha'pawinek,estaba durmiendo.,U01754,G01556,medium,0.8029014468193054,0.6486712694168091,0.15423017740249634,3
U02952,G02727,"por eso me voy a convertir en garrapata, voy a ser zancudo, tábano, tabanillo negro, mosquito, mosca grandecita voy a ser, voy a estar tomando su sangre por siempre,","da'ilek i'na kua tekpa ñichek, ñichek iyun, tunka, etchu, lu'wellu, isekpila ñichek, ukladekpenma' uwapetchekpi'la enpi'walekpi'nta',","nanipa' luwantula' yalli'apalinpa' sadanpen, teklapinpen, erkunpenlusa' llipu'taperkasu'.","tal vez querrás estar viendo que a tu esposa, a tu hija, a tus hijos varones los estén azotando.",U03073,G02848,medium,0.6760228276252747,0.5231154561042786,0.1529073715209961,2
U01164,G01015,pónganlo allí.,aku'ku' nanek,nawa panper'chechuna',ellos atacarán.,U01866,G01660,hard,0.7627825140953064,0.6409032940864563,0.1218792200088501,2
U01164,G01015,pónganlo allí.,aku'ku' nanek,nawa' wenche'chuna',ellos vendrán.,U01204,G01045,medium,0.7627825140953064,0.5649831891059875,0.19779932498931885,3
U02982,G02757,"entonces cuando amanecieron, otro día cuando amanecieron nuevamente dijeron ya queremos volver.","nanek ukllinantanna', ali'la uklli ukllinantununta'nna' tullina' yadanta'llidek.",nanek ima' pa'lli' ipa'linchi ala'sa' taserpima tulli enchuku' pa'awa' mutupik.,"ahí, dice, se ha ido un viejo y ha dicho vamos a ir al cerro.",U03149,G02924,medium,0.7857571244239807,0.49767005443573,0.28808706998825073,2
U02500,G02275,entonces a mí viniendo ahora esta señora me está haciendo contar.,nanek kua wek'amu ipa'la asek asu' senñula' a'lunpallun.,nawa' ipa'la asu' kaschilla la'la' a'lek'apallinerkudek.,ellos ahora nos estan enseñando el castellano.,U03118,G02893,medium,0.7397029995918274,0.526040256023407,0.2136627435684204,2
U01603,G01414,¿dónde están?,¿enñupa'cha ñapalama'?,¿pen a'cha a'ñapalama'?,¿tienen candela?,U02612,G02387,medium,0.8412317633628845,0.5705859065055847,0.2706458568572998,2
U01166,G01017,repítelo.,tununter',luwe'chinbuer',ignórala.,U02080,G01862,medium,0.7449806332588196,0.5476923584938049,0.19728827476501465,2
U02729,G02504,quémalos.,"tanpen, enpulula' yapur'anna' uncha'a'ser di'setchudekker. hombre candela, cuando alguna vez queriendo pescar vengan,",pinaner'ker',ólvidalo.,U00350,G00281,hard,0.6098228693008423,0.5423464775085449,0.06747639179229736,3
U02729,G02504,quémalos.,"tanpen, enpulula' yapur'anna' uncha'a'ser di'setchudekker. hombre candela, cuando alguna vez queriendo pescar vengan,",pilli'ter',atrápalo.,U00289,G00329,medium,0.6098228693008423,0.44567766785621643,0.16414520144462585,11
U00388,G00316,veamos.,lli'awa',lli'aterwa',miramos,U01589,G01400,hard,0.8574839234352112,0.7552915215492249,0.10219240188598633,2
U00388,G00316,veamos.,lli'awa',lli'ker',míralo.,U00858,G00734,medium,0.8574839234352112,0.6885815262794495,0.16890239715576172,3
U00765,G00643,soy cocinero.,kalu'tutek' nuka'ka,taserlunku nuka'ka,soy adulta.,U01100,G00959,hard,0.7208858132362366,0.658909261226654,0.06197655200958252,3
U00765,G00643,soy cocinero.,kalu'tutek' nuka'ka,doktor nuka'ka,soy doctor.,U01098,G00957,medium,0.7208858132362366,0.5247906446456909,0.19609516859054565,15
U02604,G02379,por eso todos en el patio nomás se quedaron.,nu'anni'ma iñer inyulatekkeksa' llia'llina'.,"nu'tan, pidekñik sichi'dandek'an iñer urañi.","después de hacer eso, los acarreó a su casa (a todos los cadáveres) y se los comió.",U02894,G02669,medium,0.775675356388092,0.5790060758590698,0.19666928052902222,2
U02849,G02624,dicen que otro viejo se levantó y dijo también ¡no teman! ¿acaso vamos a ir solos?,ali'la taserpima tununta'llin pitan ¡ma'sha aner yatek kuatama'! ¿kenmu'shasa' a'ta' pa'aterwa'?,nanek ima ala'sa' taserpi waneran tulli ipa'la'ka ali'la ñinanlu' luwetchulekwa'. ipa' wer'uklli kawi'ta'su malek u'apalekwa'.,dice que ahí se puso de pie un viejo y dijo: ahora sí hemos conocido otro pueblo. porque ya se aproxima el día del perecimiento (el día del fin) estamos así.,U02995,G02770,hard,0.7264543175697327,0.6150059700012207,0.11144834756851196,2
U02849,G02624,dicen que otro viejo se levantó y dijo también ¡no teman! ¿acaso vamos a ir solos?,ali'la taserpima tununta'llin pitan ¡ma'sha aner yatek kuatama'! ¿kenmu'shasa' a'ta' pa'aterwa'?,nanek ima' pa'lli' ipa'linchi ala'sa' taserpima tulli enchuku' pa'awa' mutupik.,"ahí, dice, se ha ido un viejo y ha dicho vamos a ir al cerro.",U03149,G02924,medium,0.7264543175697327,0.5661903023719788,0.1602640151977539,3
U00711,G00597,ya verás.,ipa' lli'echu,lli'echu,la verás.,U01634,G01444,hard,0.8686102032661438,0.7213607430458069,0.14724946022033691,2
U00711,G00597,ya verás.,ipa' lli'echu,ipa' lli'aterwa',ya veremos.,U00451,G00367,medium,0.8686102032661438,0.6591604351997375,0.20944976806640625,4
U02670,G02445,a las golondrinas yo las envío.,sellawa kualer a'uk'apencha'deklek.,kua panwilek'te'chek',yo pagaré.,U00186,G00142,medium,0.8117612600326538,0.5642775297164917,0.2474837303161621,2
U02165,G01945,deberíamos ganar.,kana'ta'kawa'su' ñapalli,ka'a'kawa'su' ñapalli,deberíamos comer.,U01574,G01385,hard,0.8370742797851562,0.721985936164856,0.11508834362030029,2
U02165,G01945,deberíamos ganar.,kana'ta'kawa'su' ñapalli,pa'a'kawa'su' ñapalli,deberíamos irnos.,U01244,G01082,medium,0.8370742797851562,0.6026827096939087,0.23439157009124756,3
U01206,G01047,son huevos.,kadu'lusa' nuker'ka,saputek'lusa' nuker'ka,son débiles.,U01212,G01053,hard,0.733418881893158,0.676116406917572,0.05730247497558594,2
U01206,G01047,son huevos.,kadu'lusa' nuker'ka,nuka'kawa taserpilusa',somos adultos.,U01250,G01086,medium,0.733418881893158,0.5795380473136902,0.15388083457946777,8
U01606,G01417,¿ella vendrá?,¿nana wenche'chu?,¿wenche'chun?,¿vendrás?,U01646,G01456,medium,0.8402442336082458,0.616654098033905,0.22359013557434082,3
U01358,G01185,aguanta.,yan'katekter',iwa'taper'i'la,sigue cavando.,U01132,G00985,hard,0.7808979153633118,0.6324372291564941,0.14846068620681763,2
U01358,G01185,aguanta.,yan'katekter',intek apalli,está fingiendo.,U00759,G00638,medium,0.7808979153633118,0.5623341798782349,0.2185637354850769,3
U02526,G02301,¿por qué ustedes han venido por acá? nos van a contagiar la viruela.,¿ma'ki'na kenmama' asu'lupa' uklama'? sa'la' a'dantetchenmu'wa'.,nanalupa' uk'anna' asu' utapakellinerkenmu'wa'.,viniendo por ahí nos están viniendo a hacer esto.,U03115,G02890,medium,0.7779903411865234,0.5065425038337708,0.2714478373527527,2
U01914,G01980,nos mentiste.,tumu'tulundek,tumu'tullien,te mentí.,U01410,G01231,medium,0.8318271040916443,0.6549328565597534,0.17689424753189087,3
U02203,G01980,nos engañaste.,tumu'tulundek,tumu'tulun,me mentiste.,U01913,G01705,medium,0.7954411506652832,0.6154582500457764,0.17998290061950684,3
U00236,G00186,vamos.,pa'a,da'awa',entremos.,U00856,G00732,hard,0.857337474822998,0.7435624003410339,0.11377507448196411,2
U00236,G00186,vamos.,pa'a,pa'awa',vayámonos.,U00857,G00733,medium,0.857337474822998,0.7004675269126892,0.15686994791030884,6
U00996,G00859,sé confiado.,lu'uktutek'ken ñiker,musuk'i'la lli'inuper',sigue positivo.,U01529,G01342,hard,0.766294538974762,0.6695806980133057,0.0967138409614563,3
U00996,G00859,sé confiado.,lu'uktutek'ken ñiker,wa'tentutek nuka'ma,eres paciente.,U01927,G01718,medium,0.766294538974762,0.6029587984085083,0.16333574056625366,9
U02804,G02579,"ahora aún más teniendo educación formal,","ipa'la a'pinta' ñinchillintanna',","nanentu ker' manta'lek menmikda',","primero se va a traer yuca de la chacra,",U02340,G02115,medium,0.7458897829055786,0.5022160410881042,0.24367374181747437,2
U01760,G01562,preferiría morir.,chimin'ina'ka,dei'techuner'ku,me matarán.,U02138,G01918,medium,0.7467842698097229,0.5846874117851257,0.16209685802459717,2
U02980,G02755,por eso hemos venido dijeron.,nana nu'amudek ukllidek itullini'ma.,nana nu'su' aku'llinerkenmu'wa'.,así nos han puesto.,U03192,G02967,medium,0.8689786791801453,0.6887750029563904,0.18020367622375488,2
U01584,G01395,estamos casados.,sadasu' ñapalek',ñapalek sadasu',estoy casado.,U00820,G00696,hard,0.839431643486023,0.6905156373977661,0.14891600608825684,2
U01584,G01395,estamos casados.,sadasu' ñapalek',chiminllinkekla nampipalekwa',sobrevivimos.,U00939,G00807,medium,0.839431643486023,0.6408586502075195,0.19857299327850342,3
U00399,G00324,póntelo.,i'shi'ker',a'wanerker',páralo. (poner vertical),U00109,G00077,hard,0.7825521230697632,0.686863124370575,0.09568899869918823,2
U00399,G00324,póntelo.,i'shi'ker',llia'ker nanek,quédese ahí.,U01920,G01711,medium,0.7825521230697632,0.6262720227241516,0.15628010034561157,3
U01721,G01524,me divorcié.,yanpu'lek,indei'tulek,me corté.,U01065,G00924,hard,0.7384690046310425,0.6537110209465027,0.0847579836845398,2
U01721,G01524,me divorcié.,yanpu'lek,yayunsu'lek,quiero renunciar.,U01748,G01550,medium,0.7384690046310425,0.5699649453163147,0.16850405931472778,4
U00047,G00037,gracias.,yuspeinet'echun,¡yuspeinet'echun!,¡muchas gracias!,U00859,G00735,medium,0.8063304424285889,0.6093755960464478,0.1969548463821411,2
U00924,G00793,camina lentamente.,dekunder' uti'la,ekpa'ker' utila',conduce lentamente.,U01030,G00891,medium,0.8181867599487305,0.6665226817131042,0.15166407823562622,2
U01635,G01445,eres parcial.,denlekpin'ta' ñapala,a'lliupiken nuka'ma,sos grande.,U00966,G00832,hard,0.782522439956665,0.6528484225273132,0.1296740174293518,4
U01635,G01445,eres parcial.,denlekpin'ta' ñapala,aper'su' ñapala,estás equivocado.,U01304,G01135,medium,0.782522439956665,0.6090667843818665,0.17345565557479858,6
U01545,G01357,están enojados.,yusu' ñapallina',inyutapallina',están discutiendo.,U02141,G01921,medium,0.8339909911155701,0.6764062643051147,0.15758472681045532,2
U00954,G00821,¡qué mugre!,!embu'ni uchutek'ipa'!,¡enpu'ni mupenchipa'!,¡qué romántico!,U01055,G00915,hard,0.737690269947052,0.6364274024963379,0.10126286745071411,7
U00954,G00821,¡qué mugre!,!embu'ni uchutek'ipa'!,¡yalenmekta nanek!,¡quieto ahí!,U00883,G00755,medium,0.737690269947052,0.5644492506980896,0.1732410192489624,10
U01475,G01293,me enferma.,a'kaluwi'liu,a'kaluwi'lun,me lastimas.,U00973,G00839,hard,0.7606417536735535,0.6941081881523132,0.06653356552124023,2
U01475,G01293,me enferma.,a'kaluwi'liu,kaluwi'su' ñapalek,estoy enferma.,U00210,G00162,medium,0.7606417536735535,0.5807915925979614,0.17985016107559204,3
U00923,G00792,despertalo.,a'nambiker',pinaner'ker',ólvidalo.,U00350,G00281,hard,0.7056790590286255,0.5645014047622681,0.14117765426635742,2
U00923,G00792,despertalo.,a'nambiker',a'sanek'ker',enfríalo.,U01017,G00879,medium,0.7056790590286255,0.49758416414260864,0.20809489488601685,3
U01321,G01150,¿estás cansado?,¿saka'tusu' ñapala?,¿yunsansu' ñapala?,¿estás levantado?,U00462,G00378,hard,0.7612531781196594,0.6971842050552368,0.06406897306442261,3
U01321,G01150,¿estás cansado?,¿saka'tusu' ñapala?,saka'tusu' ñapala,estás cansado.,U01302,G01133,medium,0.7612531781196594,0.5860819220542908,0.17517125606536865,5
U00980,G01721,estás enfermo.,kaluwi'pala,weipensu' ñapala,estás gordo.,U01296,G01127,medium,0.8670598864555359,0.694113552570343,0.17294633388519287,3
U01930,G01721,estás herida.,kaluwi'pala,weipensu' ñapala,estás gordo.,U01296,G01127,hard,0.8273646831512451,0.7428760528564453,0.0844886302947998,3
U01930,G01721,estás herida.,kaluwi'pala,llipu'tula,lo heriste.,U01272,G01107,medium,0.8273646831512451,0.6557680368423462,0.17159664630889893,6
U02276,G02051,más son las mujeres las que me acompañan.,a'pinta' ku'aperwawalusa' musu' eknanpipallun.,a'pinta' luwektapa'nkusui'na ku'aperwawa suda'su'.,la que más me cuida es mi hija que es casada.,U02272,G02047,hard,0.7383880019187927,0.603679895401001,0.13470810651779175,2
U02276,G02051,más son las mujeres las que me acompañan.,a'pinta' ku'aperwawalusa' musu' eknanpipallun.,ala'sa' ku'aperwawa luwektapallun.,una hija mujer me está sirviendo.,U02273,G02048,medium,0.7383880019187927,0.5739324688911438,0.16445553302764893,3
U02489,G02264,la víbora mordió a mi padre.,da'wanler kiteklli tatawek.,teksusupa'nku tatanenna' chiminlapillun.,ayudándome a criarlos su padre murió y quedé sola.,U02267,G02042,medium,0.7537845969200134,0.5649983286857605,0.18878626823425293,3
U00177,G00135,lo entiendo.,lachek'apalek,lli'inutapalek,me acuerdo.,U00541,G00447,hard,0.7732831239700317,0.682310938835144,0.0909721851348877,3
U00177,G00135,lo entiendo.,lachek'apalek,musu' lli'apalek,simpatizo.,U01083,G00942,medium,0.7732831239700317,0.6154157519340515,0.15786737203598022,6
U02050,G01833,solo pregunto.,lektapaleksa',lataker'sa',solo pruébatela.,U02082,G01864,hard,0.7093449234962463,0.6263133883476257,0.0830315351486206,2
U02050,G01833,solo pregunto.,lektapaleksa',yañinchitulek,quiero aprender.,U02029,G01813,medium,0.7093449234962463,0.5590663552284241,0.15027856826782227,5
U03050,G02825,así hablaron los antiguos….,nu'sui'ma luñi taserpiku'lusa'.....,nana malek dansu'lusa' tullina':,por eso los sobrevivientes dijeron:,U02566,G02341,medium,0.7244800925254822,0.5278679132461548,0.1966121792793274,2
U00995,G00858,estar atento.,insekdipersu' ñapaker',tupituku' inpalerianma',sigan practicando.,U02087,G01869,hard,0.6971780061721802,0.6304592490196228,0.06671875715255737,9
U00995,G00858,estar atento.,insekdipersu' ñapaker',teklerier' ninchita'mak,adivina.,U01151,G01004,medium,0.6971780061721802,0.5461385846138,0.15103942155838013,16
U02983,G02758,tras volver (a jeberos) contaron: mucho en otros pueblos tienen casa embarrada (tarrajeada).,adencha'nni'ma luncha'llina': enpu'nipa' ali'la ñinanluk lupa'paperpidek'wañina'.,"nana inchilalalupa' adencha'nni'ma luncha'llina': enpu'nipa' uran ñilli nana inchilalalupa', dudinpu' ñapalli.","regresando por ese camino dijeron: por ese camino hay bastante comida, hay de todo.",U02993,G02768,medium,0.733626127243042,0.5658617615699768,0.16776436567306519,2
U01919,G01710,hueles bien.,lanerllien u'chimu,u'chimu lanelliek,huele bien.,U01792,G01591,hard,0.7349688410758972,0.6521722674369812,0.08279657363891602,2
U01919,G01710,hueles bien.,lanerllien u'chimu,musu'nakuku',pásenla bien.,U00163,G00121,medium,0.7349688410758972,0.5494709610939026,0.18549787998199463,3
U02789,G02564,"cuando contaban yo también a los viejos ya finados les he escuchado, sentado desde cierta distancia.",ta'ser kuanta' taserpiku'lusa' laukdeklek du'amu weilan.,"ta'ser kuanta' papinkuku'lusa' laukdeklek, wilakuñamu,",cuando contaban yo también a los abuelos ya finados les he escuchado.,U02575,G02350,medium,0.8280763626098633,0.5472891926765442,0.2807871699333191,2
U02771,G02546,todos dijeron ¿por qué nos hicieron eso?,iñerdaper ¿ma'ki'nta' nu'tullinerkenmu'wa' ten?,¿ma'kin nu'tullinerkenmu'wa' chi,¿por qué nos hicieron esto?,U02773,G02548,medium,0.7566444277763367,0.6040081977844238,0.15263622999191284,2
U01287,G01120,tú sobreviviste.,kenma chiminllinkekla nampila,chiminllinkekla nampilli,sobrevivió.,U01288,G01119,medium,0.8490464091300964,0.5936585664749146,0.2553878426551819,3
U01289,G01120,usted sobrevivió.,kenma chiminllinkekla nampila,chiminllinkekla nampilli,sobrevivió.,U01288,G01119,medium,0.8088493943214417,0.5682113170623779,0.24063807725906372,3
U01142,G00995,sigue escribiendo.,llinsecher'pi'la,tupiter' inpalerian,sigue practicando.,U02086,G01868,hard,0.7690927982330322,0.715838611125946,0.05325418710708618,2
U01142,G00995,sigue escribiendo.,llinsecher'pi'la,lansa'per'i'la,sigue bailando.,U01131,G00984,medium,0.7690927982330322,0.5659494400024414,0.20314335823059082,3
U01226,G01065,tomás desapareció.,chuma wer'lli,tom wer'lli,tom desapareció.,U02153,G01933,medium,0.8483926653862,0.615620493888855,0.23277217149734497,2
U02117,G01898,siéntate derecho.,cheksu' du'ker',du'ker' asek,siéntate aquí.,U00246,G00194,medium,0.8145485520362854,0.621924638748169,0.19262391328811646,3
U02118,G01898,siéntese recto.,cheksu' du'ker',du'ker' asek,siéntate aquí.,U00246,G00194,medium,0.8483453989028931,0.6382710933685303,0.2100743055343628,3
U00294,G00233,hazlo ahora.,nu'ter' ipa'la,nu'tawa' ipa'la,hagámoslo ahora.,U02092,G01874,hard,0.8751277327537537,0.7318641543388367,0.143263578414917,2
U00294,G00233,hazlo ahora.,nu'ter' ipa'la,ma'ta asu',tome esto.,U00427,G00344,medium,0.8751277327537537,0.6116660237312317,0.263461709022522,3
U02631,G02406,"solamente las mojarras, bujurquis, fasacos, shirui grande, los pucahuicsa, sólo eso conocían.","pektalusa'sa', adu, a'lanan, punkapi, asu' pupunlusa', nanasi'ma luwetchullina'.","shunka' ekkilala, shunka' ínkatu', shunka' alei'teklun ku'apellusa'pu'su' pa'llina'. iñer uku'latukun.","diez años, catorce, quince, como mujeres (de los españoles) se fueron. a todas las fueron a vender.",U03007,G02782,medium,0.732594907283783,0.4806784689426422,0.25191643834114075,2
U02026,G01811,quiero bailar.,yalansa'lek,yamerladalek',sonreí.,U00182,G00139,hard,0.7948863506317139,0.6960336565971375,0.09885269403457642,2
U02026,G01811,quiero bailar.,yalansa'lek,yalun'nek,quiero hablar.,U01750,G01552,medium,0.7948863506317139,0.6034260392189026,0.19146031141281128,5
U02937,G02712,"desde ahora pónganse en acción les dijo a los muchachos,","nasu'ku' ipia'laklanek itudekllima wilalusa',","wilalusa' ipa'la kaschilla' la'leklansa' lunna',",los niños ahora hablan sólo el castellano,U02325,G02100,medium,0.7886109352111816,0.5710489749908447,0.21756196022033691,2
U01582,G01393,estamos bailando.,lansa'pallidek,lansa'wa',bailemos.,U00854,G00730,hard,0.8890525102615356,0.793659508228302,0.09539300203323364,2
U01582,G01393,estamos bailando.,lansa'pallidek,tuluner'awa',cantemos.,U00606,G00502,medium,0.8890525102615356,0.7254201769828796,0.163632333278656,3
U00269,G00215,obsérvalos.,lli'dek'ku',lli'ker'llia',cuidado.,U00237,G00187,hard,0.786708414554596,0.6499184370040894,0.1367899775505066,3
U00269,G00215,obsérvalos.,lli'dek'ku',inlli'inuker',piénsatelo.,U01870,G01664,medium,0.786708414554596,0.5823788642883301,0.20432955026626587,6
U01888,G01682,estaremos felices.,musu' ñape'chidek,musu' ñape'chu,estarás bien.,U01290,G01121,hard,0.8569853901863098,0.7432143092155457,0.11377108097076416,2
U01888,G01682,estaremos felices.,musu' ñape'chidek,musu' ñapechek,estaré bien.,U01093,G00952,medium,0.8569853901863098,0.7040119171142578,0.152973473072052,4
U00668,G00558,tom charló.,tom lunñi,tom lauki'lli,tom bostezó.,U00672,G00562,hard,0.8780748844146729,0.7646456956863403,0.11342918872833252,4
U00668,G00558,tom charló.,tom lunñi,tom lun'echu,tom hablará.,U01227,G01066,medium,0.8780748844146729,0.6650159955024719,0.21305888891220093,5
U00590,G00721,hace viento.,tanluwatapalli,intek weranpalli,está fingiendo comer.,U00760,G00639,hard,0.7516274452209473,0.6088115572929382,0.14281588792800903,3
U00590,G00721,hace viento.,tanluwatapalli,pada'sa'tapalli,está vibrando.,U01806,G01603,medium,0.7516274452209473,0.5828462243080139,0.16878122091293335,4
U00845,G00721,hace fresco.,tanluwatapalli,panutapalli.,está regalando (pescado).,U02661,G02436,medium,0.7708027362823486,0.6175212264060974,0.15328150987625122,3
U02537,G02312,voy a cerrar mi boca fuerte. cuando vuelva a abrirla y saque (los pescados) coman.,inlasiser'chek. lauknunta' asek kui'na usunma' ka'ku'.,pantetchek.,ya me voy.,U03124,G02899,medium,0.7100111842155457,0.5086040496826172,0.20140713453292847,2
U02827,G02602,"ahí entrando (dentro de la ballena, marcel) le vio su corazón.",nanek da'an lli'itulli dinlupinen.,nana sakanlupi'mi'na lli'llina' pen mukatapa'su'.,en esa bajada vieron humo.,U02872,G02647,medium,0.714693546295166,0.44674167037010193,0.2679518759250641,2
U02186,G01966,los perdimos.,a'wer'llidek,wer'apallidek,estamos perdiendo.,U01255,G01091,medium,0.8184782862663269,0.6535913348197937,0.1648869514465332,4
U03165,G02940,ustedes (los que viven) por (donde) llumallun son lomas.,kenmami'na llumallunku'lupa' lomas.,kui'na shiwilulunku.,yo soy jeberina.,U02251,G02026,medium,0.8253013491630554,0.5441288948059082,0.2811724543571472,2
U00018,G00015,sonríe.,yamer,yamerku',sonrían.,U00019,G00016,hard,0.7262017726898193,0.6647719144821167,0.06142985820770264,3
U00018,G00015,sonríe.,yamer,damula,sal.,U00063,G00048,medium,0.7262017726898193,0.5754022598266602,0.15079951286315918,7
U00127,G00090,bienvenido.,muwencha'ker',muwencha'ku',bienvenidos.,U00125,G00089,hard,0.7342402935028076,0.6605624556541443,0.07367783784866333,2
U00127,G00090,bienvenido.,muwencha'ker',¡u'chimu!,¡genial!,U00251,G00198,medium,0.7342402935028076,0.5537932515144348,0.1804470419883728,7
U02226,G02002,¿puedo salir?,¿yennitulek yunsu'ak?,¿yennitulek da'ak?,¿puedo entrar?,U01330,G01158,hard,0.8522058129310608,0.7541822195053101,0.09802359342575073,3
U02226,G02002,¿puedo salir?,¿yennitulek yunsu'ak?,yennitulek adanta'ak,puedo regresar.,U02000,G01786,medium,0.8522058129310608,0.6374943256378174,0.2147114872932434,6
U00903,G00774,pasearon.,da'llina',da'pañina',se estrellaron.,U01195,G01036,hard,0.8381934762001038,0.7196995615959167,0.11849391460418701,2
U00903,G00774,pasearon.,da'llina',anu'llina',cayeron.,U00430,G00347,medium,0.8381934762001038,0.6090753078460693,0.22911816835403442,5
U00511,G00422,¡qué bonito!,¡embu'ni mushipa'!,¡enpu'ni mupenchipa'!,¡qué romántico!,U01055,G00915,medium,0.8506742119789124,0.6911869049072266,0.1594873070716858,3
U00104,G00073,nos vemos.,inlli'ter,lli'echek,lo miraré.,U01446,G01264,medium,0.7945320010185242,0.6278445720672607,0.16668742895126343,2
U00707,G00593,tú decides.,kenma techu,kenmamentu,tú primero.,U00278,G00224,hard,0.6245946884155273,0.5715287327766418,0.0530659556388855,4
U00707,G00593,tú decides.,kenma techu,kenma nu'techun tuwina,tú prometiste.,U01276,G01110,medium,0.6245946884155273,0.47120606899261475,0.1533886194229126,19
U02802,G02577,hasta ahora nosotros los que hemos oído conocemos (de arákayu).,ipa'la walek kuda laukta'kudeksu' ñinchitapallidek.,"ipa'la walek lauk'apallidek, lli'apallidek wa'dantek pekla'su',","hasta ahora escuchamos y vemos gallos que cantan,",U02569,G02344,medium,0.7651007771492004,0.5635411143302917,0.2015596628189087,2
U01212,G01053,son débiles.,saputek'lusa' nuker'ka,iyasu'lusa' nuker'ka,son ricas.,U01210,G01051,hard,0.61446213722229,0.5597043037414551,0.05475783348083496,11
U01212,G01053,son débiles.,saputek'lusa' nuker'ka,pinanerchek'ku nukaka,soy olvidadizo.,U01454,G01272,medium,0.61446213722229,0.4609033465385437,0.15355879068374634,27
U02446,G02221,trabajar les digo.,"- ah, pakuuu kenmamá'. lliinuta'mama'su' yasaka'tulama' itudeklek. ah, vayan ustedes, conforme acordaron van a",enka'u nu'unta'lusa',dame algunos.,U01356,G01183,medium,0.6345459818840027,0.4642350673675537,0.17031091451644897,2
U01368,G01193,la besó.,musha'lli,u'lanñi,llovió.,U00359,G00290,medium,0.7777847051620483,0.5874570608139038,0.19032764434814453,2
U02939,G02714,unos cortaron trozos de madera para meterlos dentro de sus mosquiteros (y hacerle creer al duende que eran ellos durmiendo).,"ali'ladaper nalatuntun llituntullina', chipetcheknenna' lalak yakala'nna'.",ala'sa' taserpiler ima pinter setmun a'u'deklli.,"un viejo, dice, diluyó tabaco y les dio de beber (para que se despierten).",U02890,G02665,hard,0.5823631882667542,0.46062979102134705,0.1217333972454071,2
U02939,G02714,unos cortaron trozos de madera para meterlos dentro de sus mosquiteros (y hacerle creer al duende que eran ellos durmiendo).,"ali'ladaper nalatuntun llituntullina', chipetcheknenna' lalak yakala'nna'.","lli'llini'ma tekka'pilasik panpadeklupa', tupitullina' ñi kasek'i'ñina'.","lo vieron corriendo hacia el pampayacu, lo siguieron pero no lo alcanzaron.",U03081,G02856,medium,0.5823631882667542,0.42845848202705383,0.15390470623970032,4
U01978,G01766,¿me conoce?,¿luwer'chapalun?,¿li'apalu?,¿me ves?,U01350,G01177,hard,0.7021164298057556,0.6117242574691772,0.09039217233657837,4
U01978,G01766,¿me conoce?,¿luwer'chapalun?,llinser'chu'u,escríbeme.,U00277,G00223,medium,0.7021164298057556,0.5435864329338074,0.15852999687194824,6
U00655,G00546,tom fracasó.,tom aper'lli,tom chi'ye'klli,tom escapó.,U00911,G00781,hard,0.7927146553993225,0.6974146366119385,0.09530001878738403,2
U00655,G00546,tom fracasó.,tom aper'lli,tom mermiñi,tom gruñó.,U00913,G00783,medium,0.7927146553993225,0.5900257229804993,0.20268893241882324,5
U00250,G00197,¡de pie!,¡wanerker'!,da'kerker',entre.,U00057,G00046,hard,0.7514820694923401,0.6682738065719604,0.08320826292037964,4
U00250,G00197,¡de pie!,¡wanerker'!,¡nanpiker'!,¡despierta!,U00119,G00085,medium,0.7514820694923401,0.587026059627533,0.16445600986480713,10
U02217,G01994,¿eres mago?,¿nuka'ma a'i'kechektutek?,¿tekinchi nuka'ma?,¿eres real?,U02218,G01995,hard,0.6626214385032654,0.6117465496063232,0.05087488889694214,2
U02217,G01994,¿eres mago?,¿nuka'ma a'i'kechektutek?,¿kenma tukulu'pala?,¿tú roncas?,U01027,G00888,medium,0.6626214385032654,0.510007381439209,0.1526140570640564,9
U02913,G02688,cuentan que ahí un viejo soñador dijo:,nanek ima ala'sa' taserpi wa'latutek tulli:,napi' ima wa'an yunsa'n luñi:,cuentan que antiguamente el gobernante (de jeberos) se levantó y habló:,U02512,G02287,medium,0.7947264909744263,0.6214509010314941,0.17327558994293213,3
U03085,G02860,"entonces los que se escaparon, los que se corrieron, dice, se fueron a vivir por los cerros, se fueron a vivir.","nanek ima chi'yek'erkasu' tekka'erkasu' ima, pa'llima mutupilupa' yananpinna', nanpikuñina'.","nu'sik sunka'teklusa', sunkapilusa' kananpallina', ama'nna'pu'su' dadektanna' usu'pallina'.","también hallaban restos de cerámica, restos de adobe para parar las ollas, al bañarse, al bucear sacaban.",U02574,G02349,medium,0.7617313265800476,0.6077818274497986,0.15394949913024902,2
U00501,G00413,tosió.,chinku'lli,uklli,dia.,U00254,G00201,hard,0.6697140336036682,0.6156038045883179,0.05411022901535034,7
U00501,G00413,tosió.,chinku'lli,tom mermiñi,tom gruñó.,U00913,G00783,medium,0.6697140336036682,0.5162023305892944,0.15351170301437378,24
U02166,G01946,compartimos ideas.,a'nañiwa' lli'inulusa',a'penu'wa' cometas,remontemos cometas.,U02096,G01878,medium,0.7371379137039185,0.5799902677536011,0.15714764595031738,2
U00946,G00814,lo sentimos.,we'inutulidek,lachek'apallidek,lo entendemos.,U01575,G01386,hard,0.7120391130447388,0.6172518730163574,0.09478724002838135,3
U00946,G00814,lo sentimos.,we'inutulidek,lli'inutapallidek,nos recordamos.,U00938,G00806,medium,0.7120391130447388,0.5527715086936951,0.1592676043510437,5
U01007,G00870,¿pueden andar?,¿yennitulama' dekkunta'mamak?,¿yennitulama katupa'a'muk?,¿pueden ayudarme?,U01955,G01745,medium,0.8300901055335999,0.5881041884422302,0.24198591709136963,2
U02150,G01930,están conmigo.,kualek ñapallina',pekuipi ñapalek,estoy limpio.,U00213,G00165,medium,0.8372714519500732,0.5736402869224548,0.2636311650276184,2
U02511,G02286,ahora les voy a contar cómo antiguamente se quemaron estas riberas del río pampayacu.,ipa'la lunchek ma'pu'si'pa' napi' uketllin asu' panpadek ukuchinlusa'.,nanek waleksa' winterkenma' asu' muyunpaki.,"hasta aquí nomás les voy a contar sobre moyobamba. jeberos, julio 2007",U03053,G02828,medium,0.7416618466377258,0.5418293476104736,0.1998324990272522,2
U02032,G01816,nací aquí.,asek wadeklliner'ku,kua asek wilawañun awawek.,aquí me engendró mi madre.,U02252,G02027,hard,0.6962384581565857,0.5994244813919067,0.09681397676467896,2
U02032,G01816,nací aquí.,asek wadeklliner'ku,weranwa' asek,comamos aquí.,U01824,G01620,medium,0.6962384581565857,0.5418645739555359,0.1543738842010498,3
U02598,G02373,¿cómo se llama esta quebrada? preguntaron.,- ¿ma'dek a'cha asu'? itullini'mi'na'.,¿ma'ki'na kenmama' u'lama'? itullinerkudek.,¿por qué se portan así? nos decían.,U02794,G02569,medium,0.657876193523407,0.5017292499542236,0.15614694356918335,3
U02448,G02223,"mamá, estoy viniendo de la chacra.","- mamá, uk'apincha'lek menmiklan.","- ¡wa'an, enchuku' pur'awa'!","¡gobernante, vamos a hacer pesca con barbasco!",U02740,G02515,medium,0.7549512386322021,0.4740263521671295,0.28092488646507263,2
U00629,G00524,¡más rápido!,¡a'pinta' wiuksu'!,¡wencher' wiuksu'!,¡vení rápido!,U00480,G00393,medium,0.7153787612915039,0.5488659739494324,0.16651278734207153,2
U00185,G00141,esperé.,wa'ten'nek',wa'tentapalek,estoy esperando.,U00830,G00706,hard,0.80409836769104,0.73076331615448,0.07333505153656006,2
U00185,G00141,esperé.,wa'ten'nek',wa'tentechek,esperaré.,U00805,G00681,medium,0.80409836769104,0.5950178503990173,0.2090805172920227,4
U01551,G01363,tom aplaudió.,tom inllipu'itek'latulli,tom yamerladalli,tom sonrió.,U00666,G00556,hard,0.7668999433517456,0.7128163576126099,0.05408358573913574,2
U01551,G01363,tom aplaudió.,tom inllipu'itek'latulli,tom nakusu' a'teka'lli,tom aceleró.,U02152,G01932,medium,0.7668999433517456,0.5943771004676819,0.17252284288406372,4
U02765,G02540,"si arakayu no hubiera salido (de pampayacu),","arakayu yunsui'npu'a'su' ñilli,","kuashasa' ñienkasu' patunwi'nek,","yo solita vivo, no tengo parientes,",U02502,G02277,medium,0.7425457835197449,0.46263960003852844,0.27990618348121643,2
U01426,G01246,estaba furioso.,yupawinek,ñapawinek lupersu',estaba mareado.,U00800,G00677,hard,0.8254226446151733,0.7303920984268188,0.09503054618835449,2
U01426,G01246,estaba furioso.,yupawinek,welliek'apawiñi,estaba llorando.,U01843,G01638,medium,0.8254226446151733,0.6180108785629272,0.2074117660522461,7
U03109,G02884,nos han hecho quedar a nosotros malos en nuestro corazón,a'lliyanantulekwa' kenmu'wa' kankanmapu'wek,nu'an asu' kekkilu'tek yunsu'lli ya'lli'minmu'wa' yapekkiwantanminmu'wa',quizás aparecieron estas nubes para pronosticarnos mal agüero,U02900,G02675,medium,0.7473078966140747,0.5585246086120605,0.18878328800201416,2
U00358,G00289,fracasó.,a'aper'lli,chinku'lli,tosió.,U00501,G00413,hard,0.7842992544174194,0.675053596496582,0.1092456579208374,2
U00358,G00289,fracasó.,a'aper'lli,¿ikerlli?,¿duele?,U01028,G00889,medium,0.7842992544174194,0.5998539924621582,0.18444526195526123,6
U01773,G01574,estoy desempleado.,makek saka'tapi'nek,saka'tusu' ñapalek,estoy agotado.,U01453,G01271,hard,0.7878925204277039,0.6705163717269897,0.11737614870071411,3
U01773,G01574,estoy desempleado.,makek saka'tapi'nek,luwantulek saka'tak,necesito trabajar.,U01735,G01537,medium,0.7878925204277039,0.6336946487426758,0.15419787168502808,4
U01775,G01574,estoy desempleada.,makek saka'tapi'nek,saka'tusu' ñapalek,estoy agotado.,U01453,G01271,hard,0.7761806845664978,0.6634905934333801,0.11269009113311768,3
U01775,G01574,estoy desempleada.,makek saka'tapi'nek,kulliker'wi'nek,soy pobre.,U00207,G00160,medium,0.7761806845664978,0.6227707862854004,0.1534098982810974,5
U00191,G00146,está calmando. (dolor),latada'pilalli,yan'katekter',aguanta.,U01358,G01185,medium,0.7300966382026672,0.5677449703216553,0.16235166788101196,2
U01375,G01200,abrazame fuertemente.,wiperi'u ikersu',pilli'ter' ikersu',agarra fuertemente.,U00073,G01202,hard,0.8048022985458374,0.6550588607788086,0.1497434377670288,2
U01375,G01200,abrazame fuertemente.,wiperi'u ikersu',pili'ker' ikersu',agárrate fuerte.,U01361,G01187,medium,0.8048022985458374,0.6309715509414673,0.17383074760437012,4
U02671,G02446,ellas se van a contarme de qué manera celebraron el carnaval dijo arákayu.,nawi'na wintapanta'llinerku ma'pu'si'pa mitan nakulama' tullima arakayu.,nanek waleksa' winterkenma' asu' malallina idenma'su' ispaña la'la'lusa'lek.,hasta acá nomás les he contado la lucha de malallina con los españoles.,U03123,G02898,hard,0.6452442407608032,0.5246755480766296,0.12056869268417358,3
U02671,G02446,ellas se van a contarme de qué manera celebraron el carnaval dijo arákayu.,nawi'na wintapanta'llinerku ma'pu'si'pa mitan nakulama' tullima arakayu.,enta' winterkenma' ma'pu'si'pa' kineklada' llillin ñilli.,ahora les voy a contar cómo quizás los nombres shiwilu11 han sido.,U03147,G02922,medium,0.6452442407608032,0.49388471245765686,0.15135952830314636,4
U02083,G01865,sigue sonriendo.,yamerladaper'i'la,nerpi'pu' yamer'ker,siempre ríe.,U02084,G01866,hard,0.7522186636924744,0.6510268449783325,0.10119181871414185,2
U02083,G01865,sigue sonriendo.,yamerladaper'i'la,luntaper'i'la,siga leyendo.,U01135,G00988,medium,0.7522186636924744,0.5313337445259094,0.22088491916656494,3
U00714,G00600,estás triste.,we'inutusu' ñapala,kaluwi'pala,estás enfermo.,U00980,G01721,hard,0.7819543480873108,0.719165027141571,0.06278932094573975,3
U00714,G00600,estás triste.,we'inutusu' ñapala,lupersu' ñapala,estás borracha.,U01293,G01124,medium,0.7819543480873108,0.630494236946106,0.15146011114120483,9
U03014,G02789,los culpables son los que abrieron el camino a moyobamba.,nana usha'wañen muyunpa inchilala ekketcherka'su'.,napi'ku'lusa'ler ekpa'llina' menminennak.,los antiguos lo llevaban a sus chacras.,U02463,G02238,medium,0.668867290019989,0.5025179982185364,0.16634929180145264,2
U00781,G00658,te oí.,lauk'llien,lauk'apallien,te oigo.,U00526,G00436,medium,0.911666989326477,0.7098433375358582,0.2018236517906189,2
U03030,G02805,"eso a nosotros nos está diciendo así van a volar ustedes también algún día, cuentan que dijeron las abuelas ya finadas.","nani'na kenmu'wa' itapallinerkenmu'wa' u'su' pennu'chuma' kenmama'nta' enpi' uklli, tullina' ima amiku'lusa'.","lli'inutapaku' nu'sukla'nka kenmu'wa' ipa'la itullinerkenmu'wa', gente civilizada tullima.","vayan acordándose de esa clase (de nombres) nos dicen ahora, gente civilizada dicen.",U03190,G02965,hard,0.7124893069267273,0.600271999835968,0.11221730709075928,2
U03030,G02805,"eso a nosotros nos está diciendo así van a volar ustedes también algún día, cuentan que dijeron las abuelas ya finadas.","nani'na kenmu'wa' itapallinerkenmu'wa' u'su' pennu'chuma' kenmama'nta' enpi' uklli, tullina' ima amiku'lusa'.","nana wa'lata'masui'na tusu' tusu' nu'aterwa', nana malek i'na nasu'ku' wilalusa' nasu' tullima ala'sa' taserpi.","que eso que has soñado así así va a suceder, por eso estén alertas muchachos dijo un viejo.",U02869,G02644,medium,0.7124893069267273,0.5397068858146667,0.17278242111206055,4
U00959,G00825,¡qué lástima!,!embu'ni we'inuipa'!,¡embu'ni panger'ipa'!,¡qué desastre!,U00953,G00820,hard,0.7856587171554565,0.6546145081520081,0.1310442090034485,2
U00959,G00825,¡qué lástima!,!embu'ni we'inuipa'!,!embu'ni uchutek'ipa'!,¡qué mugre!,U00954,G00821,medium,0.7856587171554565,0.6313447952270508,0.15431392192840576,4
U00857,G00733,vayámonos.,pa'awa',nuwanta'wa',vayamos abajo.,U01505,G01321,hard,0.8601698279380798,0.7772942185401917,0.08287560939788818,3
U00857,G00733,vayámonos.,pa'awa',pa'echidek,nos vamos.,U01583,G01394,medium,0.8601698279380798,0.7075831890106201,0.15258663892745972,6
U01856,G01650,le preguntaron.,lek'kllina',indek'llina',lo intentaron.,U00641,G00534,medium,0.7946320176124573,0.6329696178436279,0.16166239976882935,2
U03114,G02889,¿por qué pues han abierto ese camino a moyobamaba?,¿ma'ki'nta' asu' muyunpa inchilala ekketchullina'?,nu'siklimaka asu' muyunpa inchilala nu'tullina'.,de esa manera construyeron el camino de moyobamba.,U02999,G02774,hard,0.7496131658554077,0.6156390309333801,0.1339741349220276,2
U03114,G02889,¿por qué pues han abierto ese camino a moyobamaba?,¿ma'ki'nta' asu' muyunpa inchilala ekketchullina'?,tanni'ma adenchanna' lunchallina' da'mupa'ser nana musun.,dijeron eso y regresando (el joven y otros) vinieron a contar al grupo de personas.,U02882,G02657,medium,0.7496131658554077,0.484449565410614,0.2651636004447937,3
U01824,G01620,comamos aquí.,weranwa' asek,neriawa' asek,descansemos aquí.,U02103,G01884,hard,0.8022835850715637,0.7387616634368896,0.06352192163467407,2
U01824,G01620,comamos aquí.,weranwa' asek,adipi ka'awa',comamos fuera.,U01502,G01318,medium,0.8022835850715637,0.578875720500946,0.22340786457061768,6
U00072,G00054,¡un segundo!,¡ipia'lasha!,¡wa'ten'ker'!,¡espera!,U00013,G00010,hard,0.6107645630836487,0.5565117597579956,0.054252803325653076,2
U00072,G00054,¡un segundo!,¡ipia'lasha!,¡lli'ker'!,¡míralo!,U01008,G00871,medium,0.6107645630836487,0.42778322100639343,0.18298134207725525,21
U01726,G01528,odio trabajar.,luyulek saka'tak,luyulek idenmaak,detesto pelear.,U02005,G01790,medium,0.8156545758247375,0.6491249799728394,0.1665295958518982,2
U02969,G02744,dice que se fueron a ver los pastos. ¿qué es esto? dijeron viendo el pasto.,lli'kuñini'ma panpateklu'lusa'. ma'lusa' asu'? tullini'ma panpateklu' lli'anna'.,nana ala'sa' nadi'nek ima tulli ¿nanek den ipa' nanpipalli? enta'n lli'kunchek i'na tan ima pa'lli.,cuentan que un joven dijo ¿ahí quién vivirá? a ver voy a ver dijo y se fue.,U02873,G02648,medium,0.7643296718597412,0.5662426948547363,0.19808697700500488,2
U02628,G02403,"tus pececitos regálanos, por favor, hermano le dijeron.","sametchapen panula'udek, chai, yallí' itullima.","ukta nudektulli ama'ladatulli nana, ma'i, kelluluñiñi'.","la olla se rompió y le bañó toda la cara al, este, tigre negro.",U02963,G02738,medium,0.7970709800720215,0.5242416858673096,0.2728292942047119,2
U00915,G00785,tom escucha.,tom lauktapalli,tom lauki'lli,tom bostezó.,U00672,G00562,hard,0.9082778096199036,0.7971943616867065,0.11108344793319702,2
U00915,G00785,tom escucha.,tom lauktapalli,tom lansa'palli,tom baila.,U00651,G00543,medium,0.9082778096199036,0.6580517292022705,0.25022608041763306,3
U01514,G01329,memoriza esto.,sekdiperker' asu' mutu'penkek,llinser'ker' asu',anota esto.,U02198,G01976,hard,0.8044617772102356,0.7288194298744202,0.07564234733581543,2
U01514,G01329,memoriza esto.,sekdiperker' asu' mutu'penkek,llinser'ker' nana,anota eso.,U02196,G01975,medium,0.8044617772102356,0.5698978900909424,0.2345638871192932,5
U02003,G01789,no escuché.,lauk'i'nek,yalun'nek,quiero hablar.,U01750,G01552,hard,0.8465059399604797,0.7542998790740967,0.09220606088638306,2
U02003,G01789,no escuché.,lauk'i'nek,lau'tulek,escuché.,U00038,G00032,medium,0.8465059399604797,0.6772559285163879,0.1692500114440918,3
U02055,G01838,soy responsable.,latek'tutek nuka'ka,tanta' nu'tutek nuka'ka,soy panadero.,U00811,G00687,medium,0.7724680304527283,0.6035647988319397,0.16890323162078857,2
U00428,G00345,eso es.,nana nuka'a,nu'su' nuka'a,así es.,U01191,G01034,hard,0.8935921788215637,0.7800933718681335,0.11349880695343018,3
U00428,G00345,eso es.,nana nuka'a,asu' nuka'a,éste es.,U00645,G00538,medium,0.8935921788215637,0.7398687601089478,0.15372341871261597,4
U00015,G00012,¡he ganado!,¡kana'tulek!,kana'tulek,gané.,U00219,G00171,hard,0.8454182744026184,0.719874382019043,0.12554389238357544,2
U00015,G00012,¡he ganado!,¡kana'tulek!,¡kananekwa'!,¡lo logramos!,U01246,G01083,medium,0.8454182744026184,0.6702191233634949,0.17519915103912354,3
U00802,G00678,estaba desnudo.,inanpilatek ñapawinek,pilli'pi ñapawinek,estaba atrapado.,U01428,G01248,hard,0.7471641302108765,0.6801367402076721,0.06702739000320435,5
U00802,G00678,estaba desnudo.,inanpilatek ñapawinek,sanek'wantuwinek,tenía frío.,U00775,G00652,medium,0.7471641302108765,0.5916885733604431,0.15547555685043335,12
U02673,G02448,quisieron hacerle tomar chicha punta pero arákayu no quiso tomar.,"ya'ullini'ma uklulu', arakayu iyui'ñi.",yaaurañini'ma arakayu luwanchiñi.,quisieron hacerle comer pero arákayu no quiso.,U02674,G02449,hard,0.7596362233161926,0.6274270415306091,0.1322091817855835,2
U02673,G02448,quisieron hacerle tomar chicha punta pero arákayu no quiso tomar.,"ya'ullini'ma uklulu', arakayu iyui'ñi.",tan ima arakayu nu'wanta'lli.,diciendo esto arákayu se fue río abajo.,U02699,G02474,medium,0.7596362233161926,0.5078933835029602,0.2517428398132324,3
U02682,G02457,"para que salgan para nosotros nomás, para que sean para nosotros nomás estos peces,","nanapa yunsu'i kenmu'wa'kinsa' ñii asu' samer,","asu'lupa' pekpikellidek, luwer'inpu'la'pi'mudek,","por este lugar hemos salido sin saber dónde,",U02590,G02365,hard,0.7143447995185852,0.5851358771324158,0.12920892238616943,2
U02682,G02457,"para que salgan para nosotros nomás, para que sean para nosotros nomás estos peces,","nanapa yunsu'i kenmu'wa'kinsa' ñii asu' samer,","enchuku' nermuda' luwetchawa' kenmu'wa'nta',","vamos a conocer a otro tipo de gente nosotros también,",U02835,G02610,medium,0.7143447995185852,0.5601751208305359,0.15416967868804932,3
U01611,G01422,¡puedes hacerlo!,¡yennitula nu'ta'mak!,yennitula nu'ta'mak,puedes hacerlo.,U01612,G01423,medium,0.8903617858886719,0.7206757664680481,0.16968601942062378,2
U02240,G02015,no duerme.,ku'la wicha'pi'ñi,ta'itula'u du'echek,déjame sentarme.,U02091,G01873,hard,0.7955353260040283,0.6755293011665344,0.1200060248374939,2
U02240,G02015,no duerme.,ku'la wicha'pi'ñi,yawichi'lek,tengo sueño.,U00567,G00471,medium,0.7955353260040283,0.6324822902679443,0.16305303573608398,4
U00425,G00343,encárgate tú.,kenma lli'ker',inlu'ukter',defiéndete.,U01959,G01749,hard,0.7806769013404846,0.7148858308792114,0.0657910704612732,3
U00425,G00343,encárgate tú.,kenma lli'ker',inlu'uk'tuker',ten cuidado.,U01879,G01673,medium,0.7806769013404846,0.6302589774131775,0.15041792392730713,8
U02255,G02030,mi padre quedó viudo.,tatawek ekdusipen ñilli.,kaikshawekleksa' llia'lek.,con mi hermana mayor nomás me quedé.,U02492,G02267,hard,0.6625881195068359,0.5335595607757568,0.1290285587310791,2
U02255,G02030,mi padre quedó viudo.,tatawek ekdusipen ñilli.,teksusupa'nku tatanenna' chiminlapillun.,ayudándome a criarlos su padre murió y quedé sola.,U02267,G02042,medium,0.6625881195068359,0.4939998984336853,0.16858822107315063,4
U02209,G01986,tú dormías.,kenma wichi'wina',kenma chiminllinkekla nampila,tú sobreviviste.,U01287,G01120,medium,0.8178703784942627,0.6179333925247192,0.19993698596954346,2
U01592,G01403,estamos ganando.,kana'tapalekwa',kana'llidek,ganamos.,U00051,G00041,hard,0.8320732116699219,0.687258243560791,0.14481496810913086,2
U01592,G01403,estamos ganando.,kana'tapalekwa',mu'pallidek',estamos bien.,U00271,G00217,medium,0.8320732116699219,0.6547494530677795,0.17732375860214233,3
U01515,G01330,nadie llamó.,ñiden pek'klu'chi'ñi,denipa' peklu'tulli,alguien llamó.,U02119,G01899,hard,0.8150326013565063,0.6730769872665405,0.14195561408996582,2
U01515,G01330,nadie llamó.,ñiden pek'klu'chi'ñi,ñiden lamapui'ñi,nadie gritó.,U01834,G01630,medium,0.8150326013565063,0.6413456797599792,0.1736869215965271,3
U01404,G01227,odio perder.,luyulek wer'ak,yanpu'lek,me divorcié.,U01721,G01524,medium,0.7968035936355591,0.529538631439209,0.2672649621963501,3
U01405,G01227,detesto perder.,luyulek wer'ak,yanpu'lek,me divorcié.,U01721,G01524,medium,0.8037479519844055,0.5952987670898438,0.20844918489456177,3
U00060,G00746,suéltalo.,apu'ker',usanker',levanta. (un objeto),U00021,G00508,hard,0.8444245457649231,0.7207229733467102,0.12370157241821289,6
U00060,G00746,suéltalo.,apu'ker',tuluner'ker',canta.,U00621,G00516,medium,0.8444245457649231,0.6456555724143982,0.1987689733505249,9
U00391,G00746,aflójalo.,apu'ker',tenpu'ker',espósale.,U00146,G00106,medium,0.8687035441398621,0.6951580047607422,0.17354553937911987,6
U00392,G00746,suéltala.,apu'ker',tenpu'ker',espósale.,U00146,G00106,hard,0.8534881472587585,0.7118887305259705,0.14159941673278809,6
U00392,G00746,suéltala.,apu'ker',tuluner'ker',canta.,U00621,G00516,medium,0.8534881472587585,0.7014386057853699,0.15204954147338867,7
U00393,G00746,aflójala.,apu'ker',tenpu'ker',espósale.,U00146,G00106,medium,0.8761729001998901,0.681667685508728,0.1945052146911621,6
U00873,G00746,libérale.,apu'ker',tenpu'ker',espósale.,U00146,G00106,hard,0.7508352994918823,0.6124715209007263,0.138363778591156,6
U00873,G00746,libérale.,apu'ker',usanker',levántalo.,U00612,G00508,medium,0.7508352994918823,0.5954321026802063,0.15540319681167603,7
U02929,G02704,"a ver, por la tarde les voy a ir a visitar.","- enta'n, er'washinchi lli'kunkenma'.","nanekla, nanekla'nka pi'shek'anma' lli'ku'.",de ahí sí voltéense y miren.,U02544,G02319,medium,0.8266928195953369,0.6561933755874634,0.17049944400787354,2
U01480,G01298,será fácil.,saka'dekimpu ñichu,saka'techu watensu',trabajas duro.,U01629,G01440,hard,0.7883316874504089,0.7120307087898254,0.0763009786605835,2
U01480,G01298,será fácil.,saka'dekimpu ñichu,saka'techu empu'nipa,trabajas mucho.,U01630,G01441,medium,0.7883316874504089,0.6381233930587769,0.15020829439163208,4
U01894,G01688,somos inquietos.,wadanpintek nuka'kawa',lachek'insu' ñapallidek,estamos intrigados.,U01581,G01392,hard,0.7813757061958313,0.6862512826919556,0.09512442350387573,3
U01894,G01688,somos inquietos.,wadanpintek nuka'kawa',mumusu' ñapallidek,estamos organizados.,U02181,G01961,medium,0.7813757061958313,0.6016241908073425,0.17975151538848877,7
U01417,G01237,lo abofeteé.,patenchulek,a'shupalek,estoy estornudando.,U01389,G01214,medium,0.8039806485176086,0.6354143619537354,0.1685662865638733,2
U01434,G01254,estaré ahí.,ñapechek nanek,kawik ñapechek,estaré cerca.,U01761,G01563,hard,0.8726653456687927,0.7422347068786621,0.13043063879013062,2
U01434,G01254,estaré ahí.,ñapechek nanek,tupiechek,seguiré.,U02035,G01819,medium,0.8726653456687927,0.6987623572349548,0.1739029884338379,3
U01292,G01123,es cruel.,mukankan'inpu' nuka'a,we'inu nuka'a,es triste.,U00230,G00180,hard,0.7699345946311951,0.7178129553794861,0.052121639251708984,2
U01292,G01123,es cruel.,mukankan'inpu' nuka'a,nuka' ikerlli,el ají pica,U00075,G00056,medium,0.7699345946311951,0.5926725268363953,0.1772620677947998,6
U00979,G00844,¡estás enfermo!,!kaluwi'pala!,kaluwi'pala,estás herida.,U01930,G01721,hard,0.849657416343689,0.7615687251091003,0.08808869123458862,2
U00979,G00844,¡estás enfermo!,!kaluwi'pala!,¿kaluwipala?,¿estás enfermo?,U00991,G00855,medium,0.849657416343689,0.67572021484375,0.17393720149993896,4
U00524,G00434,me perdí.,awer'lek,a'wer'lek,he perdido.,U00349,G00280,hard,0.8430420160293579,0.7525976896286011,0.09044432640075684,3
U00524,G00434,me perdí.,awer'lek,tom wer'lli,tom desapareció.,U02153,G01933,medium,0.8430420160293579,0.6478898525238037,0.1951521635055542,5
U02684,G02459,mientras (arákayu) estaba pandillando el día central de carnaval las golondrinas estaban también danzando.,nana chu'kenpa'tapasik mitan ukllik'inchi sellawalusa' chu'kenapallina'.,"ektu'sik ima muyunpak, nana inka' la'la' lunlusa'ler ima, yadi'tudeklli.",cuentan que cando llegaron a moyobamba los que hablaban en lengua inca los quisieron matar.,U02973,G02748,medium,0.7031306624412537,0.48597052693367004,0.21716013550758362,2
U00643,G00536,votaron.,dekllina',nu'tullina',lo hicieron.,U00894,G00766,hard,0.7348608374595642,0.5937509536743164,0.1411098837852478,2
U00643,G00536,votaron.,dekllina',da'llina',pasearon.,U00903,G00774,medium,0.7348608374595642,0.5777192711830139,0.1571415662765503,4
U02931,G02706,"¡ahí está, la candela agarren!",- ¡ma'ata'na pen maku'!,¡yalenmekta nanek!,¡quieto ahí!,U00883,G00755,medium,0.73433917760849,0.529824435710907,0.204514741897583,3
U01834,G01630,nadie gritó.,ñiden lamapui'ñi,ñiden lauk'tapi'ñi,nadie escucha.,U01835,G01631,medium,0.8726325631141663,0.6863932609558105,0.1862393021583557,2
U01671,G01478,¿lo tienes?,¿a'ñapala?,¿ñapala?,¿estás?,U01320,G01149,medium,0.8951123356819153,0.7363737225532532,0.1587386131286621,2
U02316,G02091,para que no se acabe aquí esta lengua que hablamos.,ta'wanchinpu'ek asu'lupa namasu' la'la' lu'nkawasu'.,¡ma'allimi'na enpi' uklli llinserpi namasu' lunpa'kawa'su' ektu'nchinaa!,¡ojalá alguna vez llegue escrito esto que estamos hablando!,U03048,G02823,medium,0.7382248044013977,0.5212720036506653,0.21695280075073242,2
U01739,G01541,estornudo mucho.,a'shulek wapu',wiperi'u ikersu',abrazame fuertemente.,U01375,G01200,medium,0.7868692874908447,0.6247389912605286,0.16213029623031616,2
U00520,G00431,sé nadar.,ñinchitapalek idun'ak,alantapalek kulliker',presto dinero.,U01711,G01514,medium,0.7202847599983215,0.5178312063217163,0.20245355367660522,2
U01097,G00956,soy médico.,lulentutek' nuka'ka,llinserchutek' nuka'ka,soy escritor.,U01099,G00958,hard,0.7408660650253296,0.645325243473053,0.09554082155227661,3
U01097,G00956,soy médico.,lulentutek' nuka'ka,kalu'tutek' nuka'ka,soy cocinero.,U00765,G00643,medium,0.7408660650253296,0.5753505825996399,0.1655154824256897,5
U02744,G02519,"todos (los peces) salieron,","iñerdaper yu'nkellapilli,","dunanser uklli,","vino la gamitana,",U02646,G02421,hard,0.6488696932792664,0.5937091112136841,0.055160582065582275,5
U02744,G02519,"todos (los peces) salieron,","iñerdaper yu'nkellapilli,","kundetchek enñi,","el lago junto al pelejo se secó,",U02713,G02488,medium,0.6488696932792664,0.48662495613098145,0.1622447371482849,20
U01854,G01648,qué malo.,mukankaninpu',!embu'ni we'inuipa'!,¡qué lástima!,U00959,G00825,hard,0.7592814564704895,0.6169061064720154,0.14237534999847412,2
U01854,G01648,qué malo.,mukankaninpu',¿mukankan'inpu'?,¿es malo?,U00353,G00284,medium,0.7592814564704895,0.6072750091552734,0.15200644731521606,4
U02964,G02739,"dice que mientras (el tigre negro) se revolcaba, (los hombres) se acercaron, lo picaron varias veces y lo mataron violentamente.","nana inpikanpasik ima, pa'anna', pasek pasekka'tullina', paki'tullina'.","naku'tanni'ma, ukllinantanna', ektu'llina' muyunpak.","después de pasar (ese lugar peligroso), amaneciéndose, llegaron a moyobamba.",U02972,G02747,hard,0.6445713639259338,0.5904564261436462,0.0541149377822876,3
U02964,G02739,"dice que mientras (el tigre negro) se revolcaba, (los hombres) se acercaron, lo picaron varias veces y lo mataron violentamente.","nana inpikanpasik ima, pa'anna', pasek pasekka'tullina', paki'tullina'.",kananna' nanasa' llikantullina' dei'tullina'.,"encontrándole, a él nomás lo revolcaron golpéandolo y lo mataron.",U03079,G02854,medium,0.6445713639259338,0.4865855872631073,0.15798577666282654,9
U01333,G01161,¿puedo participar?,¿yennitulek katupa'tak?,¿yennitulek da'ak?,¿puedo entrar?,U01330,G01158,hard,0.7651799321174622,0.7005543112754822,0.06462562084197998,4
U01333,G01161,¿puedo participar?,¿yennitulek katupa'tak?,yennitulek nu'tak,puedo hacerlo.,U00769,G01587,medium,0.7651799321174622,0.6074937582015991,0.15768617391586304,10
U00232,G00182,no entrar.,ku'la dai'nchu,yatu'nektuta,no interfieras.,U01979,G01767,hard,0.7011172771453857,0.6242252588272095,0.07689201831817627,5
U00232,G00182,no entrar.,ku'la dai'nchu,wei ek'tue'chu,llegará lejos.,U01632,G01443,medium,0.7011172771453857,0.5487486720085144,0.15236860513687134,9
U02644,G02419,"vino el tucunaré,","tukuner uklli,","lapi'samer uklli,","vino la corvina,",U02647,G02422,hard,0.8267050981521606,0.7445430755615234,0.08216202259063721,3
U02644,G02419,"vino el tucunaré,","tukuner uklli,","shidek enñi,","los lagos grandes se secaron,",U02711,G02486,medium,0.8267050981521606,0.658348023891449,0.16835707426071167,5
U00715,G01724,¿hemos terminado?,¿a'ta'wantulekwa'?,a'ta'wantullidek,terminamos.,U00697,G00584,hard,0.7428264021873474,0.6404153108596802,0.10241109132766724,3
U00715,G01724,¿hemos terminado?,¿a'ta'wantulekwa'?,¿ma'kin nu'tullinerkenmu'wa' chi,¿por qué nos hicieron esto?,U02773,G02548,medium,0.7428264021873474,0.552442729473114,0.1903836727142334,4
U01933,G01724,¿terminamos?,¿a'ta'wantulekwa'?,a'ta'wantullidek,terminamos.,U00697,G00584,medium,0.7523049116134644,0.5877003073692322,0.16460460424423218,3
U01384,G01209,siempre camino.,nerpi'pu' dekundapalek,dapinantek' nuka'ka,soy ciego.,U00338,G00271,medium,0.7548544406890869,0.5468208193778992,0.20803362131118774,2
U02043,G01827,lo buscaré.,dunker'echek,lli'echek,lo miraré.,U01446,G01264,hard,0.7367326021194458,0.6722663640975952,0.06446623802185059,4
U02043,G01827,lo buscaré.,dunker'echek,tekle'rier'chidek,lo procuramos.,U00050,G00040,medium,0.7367326021194458,0.5768767595291138,0.15985584259033203,9
U03180,G02955,ahora tú. otro (niño) fue. estuvo viendo y escogió (otro santito) agarrándolo.,kenmei'na. ali'la panta'lli. lli'apallima pilli'tulli. 16 shapingo significa sacharuna o espíritu de la selva.,"- ajá, ñapalek, ñañá. uker lli'ker'ú.","sí, aquí estoy, hermana. ven a visitarme.",U02418,G02193,medium,0.7540743350982666,0.46126776933670044,0.29280656576156616,2
U02552,G02327,cuentan que tres años ardió.,kala ekkilala ima uketlli.,tuna'sik wetlli.,cuando se silenció desapareció.,U02703,G02478,medium,0.7683217525482178,0.5628047585487366,0.2055169939994812,2
U01688,G01492,buenas tardes.,muer'wa,muuklli,buenos días.,U01036,G00897,hard,0.7990598082542419,0.6907814145088196,0.10827839374542236,2
U01688,G01492,buenas tardes.,muer'wa,damula,sal.,U00063,G00048,medium,0.7990598082542419,0.5364704728126526,0.26258933544158936,3
U02587,G02362,diciendo (eso) se acercaron y (arákayu) salió de su casa (a encontrarlos). al verlos los llamó:,tanni'ma kawinta'llini'ma yunsu'lli pidekñikla. lli'dek'an peklu'deklli:,"pennen alañina', lli'llina' dullinen ukunpalalli.",le pidieron su candela (al duende) y se dieron cuenta de que sus intestinos estaban colgados.,U02925,G02700,medium,0.7866060137748718,0.4942266047000885,0.2923794090747833,2
U01826,G01622,sentémonos.,du'awa',du'ker',tome asiento.,U00753,G00632,medium,0.8551179766654968,0.6873889565467834,0.16772902011871338,2
U02669,G02444,arákayu dijo a estas golondrinas yo las estoy criando.,arakayu ima tulli asu' sellawa i'na kualer pektawapalek.,peksantapamu nana inkaluner ker'unta' a'ler'apalek alei'teklundan.,"mientras muelo voy asando también la yuca, cinco yucas enteras.",U02351,G02126,medium,0.72266685962677,0.4450443387031555,0.2776225209236145,2
U00757,G00636,es feliz.,musu' nuka'a,musu'nakuker',pásala bien.,U00162,G00120,hard,0.7546341419219971,0.6900026202201843,0.06463152170181274,5
U00757,G00636,es feliz.,musu' nuka'a,musu' nampipalek,soy feliz,U00515,G00426,medium,0.7546341419219971,0.5814336538314819,0.17320048809051514,11
U01751,G01553,quiero trabajar.,yasaka'tulek,luwantulek saka'tak,necesito trabajar.,U01735,G01537,hard,0.8033882975578308,0.7231282591819763,0.08026003837585449,2
U01751,G01553,quiero trabajar.,yasaka'tulek,luyulek saka'tak,odio trabajar.,U01726,G01528,medium,0.8033882975578308,0.6292526721954346,0.17413562536239624,4
U01294,G01125,está despedido.,saka'tunakla usu'llina,tanluwatapalli,hace viento.,U00590,G00721,hard,0.6672950983047485,0.6161542534828186,0.05114084482192993,4
U01294,G01125,está despedido.,saka'tunakla usu'llina,saka'tapalli musu',funciona bien.,U01479,G01297,medium,0.6672950983047485,0.510539174079895,0.15675592422485352,17
U01353,G01180,todos ganan.,iñer' kana'tullina',iñer ta'wantapilallina'.,"todo se está terminando. jeberos, 25 de julio del 2005",U02333,G02108,medium,0.8329929709434509,0.5957946181297302,0.2371983528137207,2
U03192,G02967,así nos han puesto.,nana nu'su' aku'llinerkenmu'wa'.,nu'anna' insekkitullina'.,después se escondieron.,U02940,G02715,medium,0.8337919116020203,0.6025775074958801,0.23121440410614014,2
U02313,G02088,"ella dice que quiere aprender (mi idioma),","nanima yañinchitulli,","nananta' a'lekchii, ñinchichii,","ella también que enseñe para que (otros) la aprendan,",U02291,G02066,medium,0.7555771470069885,0.5675232410430908,0.1880539059638977,2
U02568,G02343,no vamos a mezquinar. ¡no sean mezquinos! por ser miserables les hicieron eso.,aperkwi'nterwa'. ¡aner yaperku'tama'! aperku'teklusa' ñerkasu' malek nana nu'tudekllina'.,¡enchuku' pa'awa'! nupullini'ma ñinanluklan.,¡vayamos! y salieron en grupos desde el pueblo.,U02658,G02433,hard,0.7893925905227661,0.6451906561851501,0.14420193433761597,2
U02568,G02343,no vamos a mezquinar. ¡no sean mezquinos! por ser miserables les hicieron eso.,aperkwi'nterwa'. ¡aner yaperku'tama'! aperku'teklusa' ñerkasu' malek nana nu'tudekllina'.,"¡enñupa' ñinanlu' ipa' pa'achuma'! ali'la ñinanlu'lupa' pa'achuma', muyunpalupa' a'pinta' pa'api'nchuma'.","¡a que ciudad quizá van a ir! a otra ciudad desconocida van a ir, a moyobamba ya no van a ir más.",U03038,G02813,medium,0.7893925905227661,0.5397721529006958,0.2496204376220703,3
U00850,G00726,házmelo saber.,a'ñinchitu'u,llinser'chu'u,escríbeme.,U00277,G00223,hard,0.8044404983520508,0.6683363318443298,0.13610416650772095,3
U00850,G00726,házmelo saber.,a'ñinchitu'u,ta'itula'u lli'echek,déjame ver.,U00600,G01313,medium,0.8044404983520508,0.6136146187782288,0.19082587957382202,4
U00217,G00169,soy listo.,iñer' ñinchitapalek,pinanerchek'ku nukaka,soy olvidadizo.,U01454,G01272,hard,0.6162998080253601,0.5601768493652344,0.05612295866012573,8
U00217,G00169,soy listo.,iñer' ñinchitapalek,amercha tekuasu' ñapalek,estoy nervioso.,U00823,G00699,medium,0.6162998080253601,0.4649999141693115,0.15129989385604858,28
U00985,G00849,¿estás muerto?,¿chimipi ñapala?,¿wer'su' ñapala?,¿estás perdido?,U00990,G00854,hard,0.753769040107727,0.6717566847801208,0.0820123553276062,3
U00985,G00849,¿estás muerto?,¿chimipi ñapala?,¿ñapala?,¿estás?,U01320,G01149,medium,0.753769040107727,0.5928719639778137,0.16089707612991333,4
U02259,G02034,por eso me arrimé donde mi abuelita.,nu'amu amishawekkek pipetchulek.,nu'sik upetchununta'lek deklek.,luego se vuelve a agregar agua.,U02370,G02145,medium,0.7828519940376282,0.6128358840942383,0.1700161099433899,2
U00192,G00147,estoy tranquilo. (estoy bien),u'chimuñapalek,pekuipi ñapalek,estoy limpio.,U00213,G00165,hard,0.6610115170478821,0.5862247347831726,0.07478678226470947,5
U00192,G00147,estoy tranquilo. (estoy bien),u'chimuñapalek,musu' ñapechek,estaré bien.,U01093,G00952,medium,0.6610115170478821,0.505047082901001,0.1559644341468811,15
U02409,G02184,felizmente tengo hijos.,mula'si'la wilawanek.,ñi wilanwanpa'tamu ñi'nek.,yo nunca he tenido hijos sin haberme esposado.,U02436,G02211,medium,0.7585290670394897,0.5891055464744568,0.16942352056503296,2
U00154,G00113,adelántante,ekte'cher',a'nambiker',despertalo.,U00923,G00792,hard,0.6965377926826477,0.5850112438201904,0.11152654886245728,2
U00154,G00113,adelántante,ekte'cher',tupiter',síguele.,U00497,G00409,medium,0.6965377926826477,0.5385490655899048,0.15798872709274292,5
U01081,G00940,leo libros.,luntulek kerka'lusa',ñinchitapalek ma'tapallinpa',leo labios.,U00793,G00670,hard,0.7935926914215088,0.6733995676040649,0.12019312381744385,2
U01081,G00940,leo libros.,luntulek kerka'lusa',llinsercher' kerka'lusa',escribe libros.,U01992,G01778,medium,0.7935926914215088,0.6383465528488159,0.15524613857269287,4
U01578,G01389,teníamos razón.,a'persu' ñapiñidek,lli'inupi ñiwiñi,fue planeado.,U01797,G01595,medium,0.7617831230163574,0.6011762619018555,0.16060686111450195,2
U00352,G00283,¿es grave?,¿nu'la'lli?,¿sulliman wanpalli?,¿es venenoso?,U02065,G01848,hard,0.574800968170166,0.522781491279602,0.052019476890563965,10
U00352,G00283,¿es grave?,¿nu'la'lli?,¿shipen a'cha?,¿es alto? (estatura - masculino),U00570,G00474,medium,0.574800968170166,0.4245832860469818,0.1502176821231842,42
U00853,G00729,comencemos.,tenmiansu'wa,insek'diperlekwa',nos preparamos.,U01235,G01074,medium,0.7942857146263123,0.6060407161712646,0.1882449984550476,2
U02452,G02227,como ahora con este dolor de pierna no puedo caminar.,ma'pu'sui'na ikellandu'mu innichi'nek dekkunta'kasu'.,"ipa'lalek, ipa'la walek yunsi'ñi.","hasta hoy, hasta ahora no se levanta.",U02470,G02245,hard,0.5844765305519104,0.4785881042480469,0.10588842630386353,4
U02452,G02227,como ahora con este dolor de pierna no puedo caminar.,ma'pu'sui'na ikellandu'mu innichi'nek dekkunta'kasu'.,yen'nitulek teka'ak',puedo correr.,U00318,G00254,medium,0.5844765305519104,0.43077534437179565,0.15370118618011475,10
U01533,G01842,es suficiente.,nanasa',nu'su' nuka'a,así es.,U01191,G01034,medium,0.7261507511138916,0.5379254221916199,0.18822532892227173,3
U02059,G01842,suficiente.,nanasa',kuanta',"yo, también.",U00101,G00070,hard,0.7248184084892273,0.594754159450531,0.1300642490386963,3
U02059,G01842,suficiente.,nanasa',muetchun,de acuerdo.,U00083,G00057,medium,0.7248184084892273,0.5500941276550293,0.174724280834198,4
U01693,G01496,¿ya comiste?,¿ipa werana?,¿kenma u'wa'tapala?,¿usted fuma?,U01024,G00886,hard,0.7554568648338318,0.6194180250167847,0.13603883981704712,4
U01693,G01496,¿ya comiste?,¿ipa werana?,¿nanek ñapawina?,¿estabas allí?,U01900,G01694,medium,0.7554568648338318,0.5875245928764343,0.16793227195739746,5
U00975,G00841,lo necesitas.,luantapala,¿luwantapala?,¿le quieres?,U01977,G01765,hard,0.7350518703460693,0.5895093679428101,0.14554250240325928,3
U00975,G00841,lo necesitas.,luantapala,katu'pa' luwantula,necesitas ayuda.,U01619,G01430,medium,0.7350518703460693,0.568974494934082,0.1660773754119873,4
U00716,G00601,¿estás loco?,¿wa'danpindek ñapala?,¿yusu' ñapala?,¿estás enojada?,U01310,G01141,hard,0.8173606395721436,0.7349836230278015,0.08237701654434204,2
U00716,G00601,¿estás loco?,¿wa'danpindek ñapala?,¿saka'tusu' ñapala?,¿estás cansado?,U01321,G01150,medium,0.8173606395721436,0.6348651051521301,0.18249553442001343,5
U00214,G00166,estoy calientito.,ukapisha ñapalek,wa'tentapechek,estaré esperando.,U02041,G01825,hard,0.5852299928665161,0.5305714011192322,0.054658591747283936,12
U00214,G00166,estoy calientito.,ukapisha ñapalek,pekuipi ñapalek,estoy limpio.,U00213,G00165,medium,0.5852299928665161,0.4345064163208008,0.15072357654571533,32
U03131,G02906,"cuentan que apu'tek tenía plata, mientras que a sekputchek lo trajeron para que supervise a los trabajadores.","apu'tek ima kullikerwa'su', sekputchek imi'na saka'tulusa' luwekta'su' nanakin kelli.","lli'llini'ma tekka'pilasik panpadeklupa', tupitullina' ñi kasek'i'ñina'.","lo vieron corriendo hacia el pampayacu, lo siguieron pero no lo alcanzaron.",U03081,G02856,hard,0.6632170081138611,0.5576159358024597,0.10560107231140137,2
U03131,G02906,"cuentan que apu'tek tenía plata, mientras que a sekputchek lo trajeron para que supervise a los trabajadores.","apu'tek ima kullikerwa'su', sekputchek imi'na saka'tulusa' luwekta'su' nanakin kelli.","yenchenterka'su' saka'tapanna', iñer er'werwalek ipa' kasiserapilek walek ipa' asu' inkella chanchanchan.","no quería que (los shiwilu) se estiraran cuando trabajaban, hasta que se hacía bien tarde (los obligaban a trabajar), hasta que se hacía bien oscuro y el grillo (cantaba) chanchanchan.",U03136,G02911,medium,0.6632170081138611,0.5129156112670898,0.15030139684677124,5
U02370,G02145,luego se vuelve a agregar agua.,nu'sik upetchununta'lek deklek.,inyek ipa'linchi peksanek.,una vez tostado se lo muele.,U02347,G02122,hard,0.6984249353408813,0.5754782557487488,0.12294667959213257,5
U02370,G02145,luego se vuelve a agregar agua.,nu'sik upetchununta'lek deklek.,nana yadi'setchusik.,cuando ya iba a empezar el fuego.,U02742,G02517,medium,0.6984249353408813,0.5165049433708191,0.18191999197006226,8
U02533,G02308,(los hombres de jeberos) nos mezquinaron la pesca.,"- pu'yek aperku'tullinerkudek,",arakayu nenchullinerkenmu'wa'.,somos víctimas de (la ira de) arákayu.,U02778,G02553,hard,0.68723464012146,0.6356735825538635,0.051561057567596436,2
U02533,G02308,(los hombres de jeberos) nos mezquinaron la pesca.,"- pu'yek aperku'tullinerkudek,",aperlliner'kudek,nos robaron.,U01568,G01379,medium,0.68723464012146,0.5356366038322449,0.1515980362892151,8
U01038,G00899,feliz pascua.,musu' paskua',¡musu' paskua'!,¡feliz pascua!,U01039,G00900,hard,0.9043472409248352,0.7670508027076721,0.13729643821716309,2
U00777,G00654,me enfadé.,yulek,yupawinek,estaba furioso.,U01426,G01246,hard,0.8194082379341125,0.7419288754463196,0.07747936248779297,3
U00777,G00654,me enfadé.,yulek,yamerlek',reí.,U00183,G00261,medium,0.8194082379341125,0.641526997089386,0.17788124084472656,9
U02593,G02368,entonces dijo arákayu¿por qué no llamaron de lejos para oírlos?,tulli ma'pu'mi'na' peklu'chi'nama' weilan lauk'a'killek tullima arakayu.,nu'an ima arakayu sakek'an peklu'deklli inyulateknen ima.,luego alegrándose los invitó a su patio exterior.,U02595,G02370,medium,0.6877397298812866,0.4864847660064697,0.2012549638748169,2
U02393,G02168,como hacían antes las abuelas ya finadas.,napi' amiku'lusa'pu'su'.,papinkumapu'wa'ku'lusa' nana nu'llina'.,nuestros abuelos finados ellos han sido así.,U03193,G02968,hard,0.7115217447280884,0.6176095008850098,0.09391224384307861,2
U02393,G02168,como hacían antes las abuelas ya finadas.,napi' amiku'lusa'pu'su'.,nu'si'pa' papinkuku'lusa' taketllina'.,de esa manera quizá los antiguos perecieron.,U02565,G02340,medium,0.7115217447280884,0.5073816776275635,0.2041400671005249,3
U02380,G02155,en una sola olla grande se mezcla todo lo de esas tres ollas.,ala'sa' kupin uktaksa' iñer nana kaladaper uktakda' sekdunek.,peksantapamu nana inkaluner ker'unta' a'ler'apalek alei'teklundan.,"mientras muelo voy asando también la yuca, cinco yucas enteras.",U02351,G02126,hard,0.692377507686615,0.5527727007865906,0.13960480690002441,2
U02380,G02155,en una sola olla grande se mezcla todo lo de esas tres ollas.,ala'sa' kupin uktaksa' iñer nana kaladaper uktakda' sekdunek.,"mi'lencháaa, kenma enpu'nipi'nta' uklutetchu iñer a'kaser apalaaa.","abeja mi'len, tú qué cantidad de chicha que hagas siempre la endulzas.",U02376,G02151,medium,0.692377507686615,0.520455002784729,0.171922504901886,3
U00981,G00845,estás débil.,nantapi'na,denlekpin'ta' ñapala,eres parcial.,U01635,G01445,hard,0.7595463991165161,0.6522751450538635,0.10727125406265259,3
U00981,G00845,estás débil.,nantapi'na,inapiken nuka'ma,eres libre.,U00977,G01449,medium,0.7595463991165161,0.598388135433197,0.1611582636833191,4
U00500,G00412,dios existe.,yus nampipalli,nalu ñapalli,está fresco.,U00364,G00295,medium,0.8265151381492615,0.5782727599143982,0.24824237823486328,2
U03041,G02816,cuando nosotros perezcamos qué cosas quizá aparecerán dijeron antes.,kenmu'wa' chimiansikwa' ma'ilipa' lli'tetchu tullini'ma napi'.,nanekla'nka lawektapamudek kudanta' ipa'la walek lli'inutapallidek nana lunka'su'.,"de ahí, escuchándoles, nosotros también hasta ahora nos acordamos de eso que hablaban.",U02577,G02352,medium,0.6790990829467773,0.5056979060173035,0.17340117692947388,2
U01269,G01104,puedes quedarte.,yennitula' llia'a'mak,yennitula pa'a'masu',puedes irte.,U00708,G00594,hard,0.7649639844894409,0.6983648538589478,0.06659913063049316,2
U01269,G01104,puedes quedarte.,yennitula' llia'a'mak,yennitula' uk'a'mak,puedes venir.,U01268,G01103,medium,0.7649639844894409,0.6089795827865601,0.15598440170288086,4
U01500,G01316,hagamos más.,a'pinta' nu'tawa',a'ñapallidek ma'nen'un'ta' nu'tak,tenemos planes.,U01570,G01381,medium,0.8281461596488953,0.5950674414634705,0.2330787181854248,2
U02136,G01916,estaban listos.,insekdiperpi ñapawiñina',insek'diperpi ñapawiñidek,estábamos listos.,U01236,G01075,hard,0.8112166523933411,0.713272750377655,0.09794390201568604,2
U02136,G01916,estaban listos.,insekdiperpi ñapawiñina',inanpilatek ñapawinek,estaba desnudo.,U00802,G00678,medium,0.8112166523933411,0.6440539360046387,0.1671627163887024,3
U02890,G02665,"un viejo, dice, diluyó tabaco y les dio de beber (para que se despierten).",ala'sa' taserpiler ima pinter setmun a'u'deklli.,ekpantasik ima taserpiler pilli'tan lutu'lli.,"cuando se la llevaron, el viejo la agarró y la detectó.",U02932,G02707,medium,0.7513159513473511,0.5467616319656372,0.20455431938171387,2
U01609,G01420,llegaste temprano.,dasu'la ektu'kerllia,wenller' dasu'la,ven temprano.,U00476,G00391,medium,0.7727766633033752,0.6114725470542908,0.16130411624908447,2
U02829,G02604,ahí dice (la ballena) salió a la playa y saliendo murió.,"naneklima yunsu'lli dellutekkek, yunsu'n chimiñi.",nu'an ipa' yunsu'n panta'lli. 7 hizo daño.,"ocurrido esto, (arákayu) salió del lugar y se fue.",U02726,G02501,medium,0.853411078453064,0.5958073735237122,0.2576037049293518,2
U03167,G02942,"y ustedes los de la pampa chota, ustedes son chota.","kenmami'na nana panpateklu' chota, chotanma'.",kenmamentu,tú primero.,U00278,G00224,medium,0.794463574886322,0.5294344425201416,0.2650291323661804,2
U02831,G02606,"de ahí, esta la ballena poza se redujo.",naneklimaka asu' nana lanla' pitunta' uwentunta'lli.,nu'sui'ma asu' panpadek uksu'ketchulli.,así dicen que pampayacu se quemó.,U02578,G02353,hard,0.8103908896446228,0.685722827911377,0.12466806173324585,2
U02831,G02606,"de ahí, esta la ballena poza se redujo.",naneklimaka asu' nana lanla' pitunta' uwentunta'lli.,nu'sikla'nka asu' panpadek sennanlusa' wetlli.,de esa manera estos lagos de pampayacu desaparecieron.,U02808,G02583,medium,0.8103908896446228,0.5889647603034973,0.2214261293411255,3
U01155,G01007,nadie sabe.,ñiden ñinchichi'ñi,ñiden tumui'ñi,nadie mintió.,U00863,G00739,hard,0.7926704287528992,0.7058103084564209,0.08686012029647827,2
U01155,G01007,nadie sabe.,ñiden ñinchichi'ñi,iñer' ñinchitapala',eres inteligente.,U01299,G01130,medium,0.7926704287528992,0.6129550933837891,0.1797153353691101,3
U02955,G02730,uno que madrugó no se acordó nada de lo que le habían advertido (que no ventee la candela antes de que la icaren).,nana chida'su'la'sui'mi'na ñi illi'inui'ñi winter'kasu'.,ñienkasu' ñinchichillina' namasu' la'lekla lunchinpu'dek'a'kasu' malek.,ninguno sabe de esta lengua porque no les he hablado.,U02301,G02076,medium,0.7461186051368713,0.5175715684890747,0.22854703664779663,2
U02663,G02438,"afuera dormía la gente, en el patio exterior.","adipi wichi'llina', inyulatekkek.",adipi du'kunna' wa'inutullina'.,yendo a sentarse afuera y sintieron pena.,U02770,G02545,medium,0.7383626699447632,0.4940217435359955,0.2443409264087677,2
U02841,G02616,antes los soñadores decían por ahí por donde el sol se oculta hay un pueblo.,napi' wa'latulusa' tullina' ina asu' kekki da'asu'lupa' ala'sa' ñinanlu' ñapalli.,nana ali'lima tulli kui'na ñinchitulek nana mutupik nanpipalli llumallun13'.,"ese otro dijo yo he sabido que en el cerro vive llumallun. 12 laulate es un apellido muy común en jeberos. según este relato, su etimología se hallaría en el nombre laweklatek el de la boca abierta. 13 llumallun era viejita que vivia sola y era sabia.",U03161,G02936,medium,0.7070411443710327,0.5437927842140198,0.16324836015701294,2
U02584,G02359,alguien estaba haciendo fuego en su casa.,penwanpasik pidekñik.,kankanen ukunpala'lli.,su higado está colgado nomás.,U02884,G02659,hard,0.6189904808998108,0.5583656430244446,0.06062483787536621,2
U02584,G02359,alguien estaba haciendo fuego en su casa.,penwanpasik pidekñik.,ali'lima llia'lli ma'i mutupik.,"otros se han quedado en el cerro. 11 literalmente, los nombres de adentro.",U03153,G02928,medium,0.6189904808998108,0.46250346302986145,0.15648701786994934,5
U01899,G01693,¿estabas solo?,¿kenmasa' ñapawina?,¿nanek ñapawina?,¿estabas allí?,U01900,G01694,medium,0.8394126892089844,0.6869511604309082,0.15246152877807617,2
U02768,G02543,en cambio ahora crece la maleza,ipa'li'na tanantapilalli,"- ¿ah, ipa'cha uncha'la?","¿ah, ya has venido?",U02449,G02224,medium,0.7664081454277039,0.5196539163589478,0.2467542290687561,2
U01737,G01539,ahora recuerdo.,ipa'la lli'inutulek,nawa' ipa'la lli'apallinerku.,ellos ahora ven por mí.,U02407,G02182,medium,0.8009026050567627,0.6461310386657715,0.1547715663909912,2
U02410,G02185,"si no tuviera hijos ya me habría muerto, el hambre me hubiera matado, la enfermedad y el hambre me hubieran matado.","wilawi'nek'ipa' chiminpinek, uki'la di'tunansinku, kaluwi' uki'la di'tunansinku.","iskun duker a'ña'seku awawek chiminlapillun, amishawek teksusullun.",cuando tenía nueve meses murió mi madre y me crió mi abuelita.,U02254,G02029,medium,0.8016867637634277,0.5605241656303406,0.24116259813308716,2
U01349,G01176,¿lo ves?,¿li'apala?,lli'ker',míralo.,U00858,G00734,medium,0.8445242047309875,0.6809996962547302,0.16352450847625732,4
U01460,G01278,te escucharé.,lauk'echen,lauk'apallien,te oigo.,U00526,G00436,medium,0.8897467851638794,0.6736339926719666,0.21611279249191284,2
U01440,G01259,te mataré.,dei'techen,dei'techek,lo mataré.,U01438,G01258,hard,0.7932813167572021,0.7420071959495544,0.051274120807647705,2
U01440,G01259,te mataré.,dei'techen,panuerken,te premiaré.,U02044,G01828,medium,0.7932813167572021,0.6336263418197632,0.15965497493743896,5
U00635,G00530,eso duele.,nana ikerlli,embu'ni iker'ipa',qué dolor.,U00956,G00823,hard,0.7982900142669678,0.6509402990341187,0.14734971523284912,2
U00635,G00530,eso duele.,nana ikerlli,nana lamapu'lli,él gritó.,U01045,G00905,medium,0.7982900142669678,0.6288302540779114,0.1694597601890564,3
U02958,G02733,"de ahí otro grupo se fue, trochando semanas, han hecho trocha.","naneklima ali'la musun pa'an, sekllintan ima simana' ima sekllintullina'.","ali'ladaper nalatuntun llituntullina', chipetcheknenna' lalak yakala'nna'.",unos cortaron trozos de madera para meterlos dentro de sus mosquiteros (y hacerle creer al duende que eran ellos durmiendo).,U02939,G02714,medium,0.7582423686981201,0.5413876175880432,0.2168547511100769,2
U00151,G00111,¡piénsalo bien!,¡musu' lli'inuter'!,¡lli'ker' mupallinpa'!,¡compruébalo!,U01009,G00872,hard,0.8719464540481567,0.7850243449211121,0.08692210912704468,2
U00151,G00111,¡piénsalo bien!,¡musu' lli'inuter'!,inlli'inuter' musuk,sé positivo.,U01528,G01341,medium,0.8719464540481567,0.6602899432182312,0.21165651082992554,6
U02389,G02164,nadie la toca para que no se malogre.,ñidenler pata'pi'ñi aper'inpu'ek.,"ñiden usha'wi'ñi ma'kinpa',","nadie más tiene la culpa,",U02787,G02562,medium,0.7410659193992615,0.5573484301567078,0.1837174892425537,2
U02333,G02108,"todo se está terminando. jeberos, 25 de julio del 2005",iñer ta'wantapilallina'.,taker'apilallina' iñer.,van consumiéndose todos.,U02309,G02084,hard,0.6942487955093384,0.5518388152122498,0.14240998029708862,2
U02333,G02108,"todo se está terminando. jeberos, 25 de julio del 2005",iñer ta'wantapilallina'.,iñer' ta'wantulli,todo terminó.,U02069,G01852,medium,0.6942487955093384,0.48410895466804504,0.21013984084129333,3
U02181,G01961,estamos organizados.,mumusu' ñapallidek,uki'latek ñapallidek,estamos hambrientos.,U01253,G01089,hard,0.7131835222244263,0.6569274067878723,0.056256115436553955,8
U02181,G01961,estamos organizados.,mumusu' ñapallidek,musu'lu'ukpi ñapallidek,estamos seguros.,U02179,G01959,medium,0.7131835222244263,0.5630381107330322,0.15014541149139404,18
U00183,G00261,reí.,yamerlek',yamerladalek',sonreí.,U00182,G00139,hard,0.8324683904647827,0.688910722732544,0.14355766773223877,4
U00183,G00261,reí.,yamerlek',iluwinek,me resfrié.,U02001,G01787,medium,0.8324683904647827,0.5908634066581726,0.2416049838066101,5
U00326,G00261,me reí.,yamerlek',yamerladalek',sonreí.,U00182,G00139,hard,0.8263428807258606,0.6792514324188232,0.14709144830703735,4
U00326,G00261,me reí.,yamerlek',tom lachek'lli,tom entendió.,U01876,G01670,medium,0.8263428807258606,0.5937156677246094,0.23262721300125122,5
U02296,G02071,"nuestras costumbres,","nanpikudeksu',","kaikku'lusa'ki,","de las mujeres ya fallecidas,",U02307,G02082,hard,0.6866865754127502,0.6109126806259155,0.07577389478683472,2
U02296,G02071,"nuestras costumbres,","nanpikudeksu',","ñinchilu'nkudeksu' taker'apilallidek,","los que sabemos hablar nos estamos extinguiendo,",U02331,G02106,medium,0.6866865754127502,0.5191274881362915,0.16755908727645874,4
U01841,G01636,¿bailamos?,¿lansa'wa?,lansa'wa',bailemos.,U00854,G00730,medium,0.9185194969177246,0.7584669589996338,0.16005253791809082,2
U01630,G01441,trabajas mucho.,saka'techu empu'nipa,saka'dek'inpu',es simple.,U01534,G01346,hard,0.687239408493042,0.5752239227294922,0.1120154857635498,5
U01630,G01441,trabajas mucho.,saka'techu empu'nipa,ma'pu'su'pintak nu'ter,simplemente hazlo.,U01809,G01606,medium,0.687239408493042,0.5369701385498047,0.1502692699432373,9
U01119,G00974,¿es suficiente?,¿nanasa'cha iñer'?,¿nana'cha?,¿es ese?,U00580,G00482,hard,0.611994206905365,0.5607498288154602,0.051244378089904785,5
U01119,G00974,¿es suficiente?,¿nanasa'cha iñer'?,¿ipa' mula'lli?,¿está mejor?,U01787,G01586,medium,0.611994206905365,0.4525676965713501,0.1594265103340149,20
U02656,G02431,se corrió la voz sobre arákayu.,lawinñini'ma arakayu.,arakayu ima luntulli wa'anler.,a arákayu le habló el gobernante.,U02672,G02447,medium,0.7052454352378845,0.5434288382530212,0.16181659698486328,3
U01577,G01388,estábamos borrachos.,lupersu' ñapawiñidek,llipu'pi ñapawiñidek,estábamos lastimados.,U01249,G01085,hard,0.8564092516899109,0.7894860506057739,0.06692320108413696,2
U01577,G01388,estábamos borrachos.,lupersu' ñapawiñidek,ñapawinek lupersu',estaba mareado.,U00800,G00677,medium,0.8564092516899109,0.6962839365005493,0.16012531518936157,4
U02843,G02618,"diciendo eso se cansaron de hablar y ya perecieron ellos, ahora nosotros también eso mismo estamos recordando.","tanna' pellunna' ipa' takerllina' nawa', ipa'li'na kenmu'wa'nta' nani'la lli'inutapalekwa'.",nanekla'nka lawektapamudek kudanta' ipa'la walek lli'inutapallidek nana lunka'su'.,"de ahí, escuchándoles, nosotros también hasta ahora nos acordamos de eso que hablaban.",U02577,G02352,medium,0.7247283458709717,0.5602972507476807,0.16443109512329102,2
U00917,G00787,tom enseña.,tom a'lektapalli,tom lli'inutapalli,tom recuerda.,U01553,G01365,medium,0.7829478979110718,0.5600046515464783,0.2229432463645935,2
U03018,G02793,"allá, decían.","da'ilek, ali'ladaper tullina' saka'tunan dunkerpatekkudek nanalupa' pa'achidek, tullima. sin embargo, otros opinaban a buscar trabajo tenemos que ir por",nu'anna' itullinerku,así ellas me dicen.,U02416,G02191,hard,0.5962236523628235,0.5285621285438538,0.06766152381896973,2
U03018,G02793,"allá, decían.","da'ilek, ali'ladaper tullina' saka'tunan dunkerpatekkudek nanalupa' pa'achidek, tullima. sin embargo, otros opinaban a buscar trabajo tenemos que ir por","wa'an wintullina',","al gobernante le dijeron,",U02739,G02514,medium,0.5962236523628235,0.4440062642097473,0.15221738815307617,13
U03079,G02854,"encontrándole, a él nomás lo revolcaron golpéandolo y lo mataron.",kananna' nanasa' llikantullina' dei'tullina'.,"dei'tanna', pen dintunna', aku'lalatullina'.","lo mataron, atizaron la candela y lo metieron (al fuego).",U02949,G02724,medium,0.8011900782585144,0.5928863286972046,0.20830374956130981,2
U00073,G01202,agarra fuertemente.,pilli'ter' ikersu',ekpa'ker' utila',conduce lentamente.,U01030,G00891,medium,0.827412486076355,0.6687206029891968,0.1586918830871582,4
U01377,G01202,sujétalo fuerte.,pilli'ter' ikersu',wiperi'u ikersu',abrazame fuertemente.,U01375,G01200,hard,0.8166220188140869,0.677862823009491,0.13875919580459595,4
U01377,G01202,sujétalo fuerte.,pilli'ter' ikersu',ekpa'ker' utila',conduce lentamente.,U01030,G00891,medium,0.8166220188140869,0.6188365817070007,0.19778543710708618,5
U01481,G01299,es adorable.,u'chimusha nuka'a,mulunsha nuka'a,es guapa.,U00620,G00515,hard,0.8204929828643799,0.7623339891433716,0.0581589937210083,2
U01481,G01299,es adorable.,u'chimusha nuka'a,u'chimushala nuker'ka,son lindos.,U02125,G01905,medium,0.8204929828643799,0.5958722829818726,0.22462069988250732,5
U03104,G02879,malallina es la que nos ha hecho darnos cuenta.,malallina nu'su' a'lli'tullundek.,"malallina nana nu'su' a'kankantullundek,","malallina es la que nos ha hecho reflexionar,",U03103,G02878,medium,0.8396006226539612,0.5865108370780945,0.2530897855758667,2
U02606,G02381,"¿tienes pescado, hermano mayor?","- ¿samerwanpala'ncha, alli'shá?","- ¿ukla'ncha, yalli'wá?","¿has venido, hermano menor? (duende)",U02877,G02652,hard,0.6997706294059753,0.5624476671218872,0.13732296228408813,2
U02606,G02381,"¿tienes pescado, hermano mayor?","- ¿samerwanpala'ncha, alli'shá?",¿a'ñapala cerveza?,¿tienes cerveza?,U02229,G02004,medium,0.6997706294059753,0.5255767107009888,0.17419391870498657,4
U01200,G01041,pararon.,ta'itula'llina,pa'llina',se fueron.,U01208,G01049,hard,0.7843441367149353,0.7174353003501892,0.0669088363647461,2
U01200,G01041,pararon.,ta'itula'llina,dekllina',votaron.,U00643,G00536,medium,0.7843441367149353,0.626067578792572,0.15827655792236328,6
U01517,G01332,¡digan algo!,¡tuku' ma'nen'unta'!,wintu'udek a'pinta',dinos más.,U01186,G01031,medium,0.7931844592094421,0.5218592286109924,0.2713252305984497,3
U01668,G01475,¿lo viste?,¿lli'la?,¿li'apala?,¿lo ves?,U01349,G01176,hard,0.885640561580658,0.8352563977241516,0.05038416385650635,2
U01668,G01475,¿lo viste?,¿lli'la?,lli'ker',míralo.,U00858,G00734,medium,0.885640561580658,0.6641477346420288,0.22149282693862915,4
U00099,G00068,soy yo.,kua nuka'ka,ku'aper nuka'ka,soy mujer.,U00812,G00688,hard,0.8427894711494446,0.6953797340393066,0.14740973711013794,2
U00099,G00068,soy yo.,kua nuka'ka,¿kenma'cha'?,¿eres tú?,U00355,G00286,medium,0.8427894711494446,0.6807254552841187,0.16206401586532593,3
U02338,G02113,cómo se prepara la bebida.,uklutulek.,a'shupalekpi'la,sigo estornudando.,U02010,G01795,medium,0.7034028768539429,0.5437691807746887,0.15963369607925415,2
U01938,G01728,¿estás jodiendo?,¿a'pe'chapala?,yanu'tapala,estás tratando.,U01642,G01452,medium,0.8619251847267151,0.6379794478416443,0.2239457368850708,2
U01150,G01003,no vayamos.,pa'inpu'wa',yennichi'nek'wa',nos rendimos.,U01247,G01084,hard,0.7981820106506348,0.6926701068878174,0.10551190376281738,3
U01150,G01003,no vayamos.,pa'inpu'wa',pa'awa',vayámonos.,U00857,G00733,medium,0.7981820106506348,0.6167707443237305,0.1814112663269043,7
U01035,G00896,ve adentro.,paker' kinekla,li'ker' musenkek,véase arriba.,U00404,G00328,hard,0.6618615984916687,0.5984090566635132,0.06345254182815552,3
U01035,G00896,ve adentro.,paker' kinekla,ñapaker' kawik,mantente cerca.,U00627,G00522,medium,0.6618615984916687,0.49257969856262207,0.16928189992904663,5
U02408,G02183,ahora que soy una mujer enferma ellos me cuidan.,kaluwi'tekku ipa'la ñaseku nawa' luwektapallinerku.,"ipa' dei'tulamau'ku, ipa' kekkapalama'u'ku lli'chinpuek a'pinta'.","ya me han muerto, ya me están quemando para que no vea más nada.",U02951,G02726,medium,0.6742504835128784,0.521665096282959,0.15258538722991943,2
U02897,G02672,"¿ay, quién de nosotras irá a quedar viuda?","¿denkenmu'wa' ekdulunterwa', ten",¿den ilanma' a'cha yapa'etchunma'?,¿quiénes de ustedes quisieran ir (a buscar a los otros hombres)?,U02907,G02682,hard,0.6409167051315308,0.5502055287361145,0.09071117639541626,2
U02897,G02672,"¿ay, quién de nosotras irá a quedar viuda?","¿denkenmu'wa' ekdulunterwa', ten","enpu'nipa' kenmu'wa' samerwanpanansu'wa',","nosotros tendríamos muchísimo pescado,",U02766,G02541,medium,0.6409167051315308,0.46712011098861694,0.17379659414291382,3
U01176,G01024,concéntrate.,lli'ker' musu',lau'ker' musu',escucha atentamente.,U01828,G01624,hard,0.7359785437583923,0.6689821481704712,0.06699639558792114,4
U01176,G01024,concéntrate.,lli'ker' musu',li'ker' musenkek,véase arriba.,U00404,G00328,medium,0.7359785437583923,0.5842936038970947,0.1516849398612976,12
U00826,G00702,estoy leyendo.,lunpalek,si'lentapalek,estoy leseando.,U00767,G00645,hard,0.7854368686676025,0.7283445596694946,0.05709230899810791,3
U00826,G00702,estoy leyendo.,lunpalek,neriapalek,estoy descansando.,U00827,G00703,medium,0.7854368686676025,0.6309397220611572,0.1544971466064453,4
U02538,G02313,"después de comer van a encontrar una quebradita en el camino,","ka'a'mamasu' supinak ala'sa' dekshadek kanenchuma' inchilalak,",- nanekla yunsanma' tekka'nta'ku' ala'sa' nala inner'apek walek.,después levántense y corran hasta un árbol inclinado.,U02543,G02318,hard,0.6555845141410828,0.5396696925163269,0.11591482162475586,2
U02538,G02313,"después de comer van a encontrar una quebradita en el camino,","ka'a'mamasu' supinak ala'sa' dekshadek kanenchuma' inchilalak,","mitan nakusik ima adanta'n,","cuando pasó el carnaval regresó,",U02688,G02463,medium,0.6555845141410828,0.4716264605522156,0.1839580535888672,3
U01085,G00944,quiero dinero.,luwantulek kulliker',luwantudek'lek,los necesito.,U00790,G00667,hard,0.7455821633338928,0.6345860958099365,0.1109960675239563,2
U01085,G00944,quiero dinero.,luwantulek kulliker',luwantulek wayusa',quiero café.,U01419,G01239,medium,0.7455821633338928,0.5917822122573853,0.15379995107650757,5
U03193,G02968,nuestros abuelos finados ellos han sido así.,papinkumapu'wa'ku'lusa' nana nu'llina'.,napi' amiku'lusa'pu'su'.,como hacían antes las abuelas ya finadas.,U02393,G02168,medium,0.7724491953849792,0.5759294033050537,0.19651979207992554,2
U01712,G01515,traje vino.,kerlliek vinu',kencher' vinu',trae vino.,U00469,G00384,medium,0.8688823580741882,0.681424081325531,0.18745827674865723,2
U02299,G02074,ninguno de mis hijos entiende.,ñienkasu' wilaweklusa' lachek'i'ñina'.,nu'unta'shasi'pa' wilaweklusa' lachek'apilanti'ñina'.,"algunitos de mis hijos quizás me estén entendiendo, pero ya no entienden bien.4",U02414,G02189,hard,0.857812762260437,0.7478009462356567,0.11001181602478027,2
U02299,G02074,ninguno de mis hijos entiende.,ñienkasu' wilaweklusa' lachek'i'ñina'.,"wilalusa' luwetchi'ñina' unma',","los niños no conocen el paiche,",U02780,G02555,medium,0.857812762260437,0.6313155293464661,0.22649723291397095,4
U02543,G02318,después levántense y corran hasta un árbol inclinado.,- nanekla yunsanma' tekka'nta'ku' ala'sa' nala inner'apek walek.,ipa'linchi ta'wantununta'sik nu'nipi'la ñapalli ker‘ ukluka'sik upetñunta'lek.,"entonces cuando se termina, nuevamente la yuca sobrante se hierve (con el agua nueva que ha puesto) y se vuelve a trasladar.",U02369,G02144,medium,0.7601271271705627,0.5737624764442444,0.18636465072631836,2
U02815,G02590,eso nomás les he contado sobre arákayu.,nanasa' winterkenma' arakayuki.,lawinñini'ma arakayu.,se corrió la voz sobre arákayu.,U02656,G02431,medium,0.7329705953598022,0.5361013412475586,0.19686925411224365,2
U01703,G01506,se ahogó.,chimidek'tulli,ikerlli,duele.,U00221,G00173,hard,0.7727331519126892,0.6544281840324402,0.11830496788024902,4
U01703,G01506,se ahogó.,chimidek'tulli,u'lanñi,llovió.,U00359,G00290,medium,0.7727331519126892,0.6161801218986511,0.15655303001403809,6
U00284,G01027,cálmate.,ta'tuler',tai'tuler',déjalo.,U00233,G00183,medium,0.8716744184494019,0.6386526823043823,0.23302173614501953,4
U00285,G01027,tranquilízate.,ta'tuler',du'la'ker',quieto.,U00416,G00336,hard,0.8569026589393616,0.7142333984375,0.14266926050186157,4
U00285,G01027,tranquilízate.,ta'tuler',tai'tuler',déjalo.,U00233,G00183,medium,0.8569026589393616,0.7058713436126709,0.15103131532669067,5
U01179,G01027,cállate.,ta'tuler',nu'wanker',baja.,U01013,G00876,hard,0.8567436337471008,0.7348403334617615,0.12190330028533936,4
U01179,G01027,cállate.,ta'tuler',ta'ituler',déjelo.,U01489,G01345,medium,0.8567436337471008,0.699619472026825,0.15712416172027588,7
U00120,G00086,despierta.,nanpiker',yunsanker',levanta. (pararse),U00022,G00018,hard,0.7352455854415894,0.6598108410835266,0.07543474435806274,2
U00120,G00086,despierta.,nanpiker',¡nanpiker'!,¡despierta!,U00119,G00085,medium,0.7352455854415894,0.5710743069648743,0.1641712784767151,5
U00614,G00510,mamá lloró.,awa wellek'lli,welliek'apawiñi,estaba llorando.,U01843,G01638,hard,0.8029142618179321,0.6754427552223206,0.12747150659561157,2
U00614,G00510,mamá lloró.,awa wellek'lli,tom welliek'lli,tom lloró.,U00261,G00208,medium,0.8029142618179321,0.6524898409843445,0.15042442083358765,3
U03196,G02971,nombres extranjeros han puesto sin saber hablar (la lengua).,nerpi'la llillin aku'llina' ñinchiluinpu'la'pi'na'.,innichi'ñina' lu'nkasu'.,no pueden hablar.,U02329,G02104,hard,0.668889582157135,0.6157463192939758,0.05314326286315918,2
U03196,G02971,nombres extranjeros han puesto sin saber hablar (la lengua).,nerpi'la llillin aku'llina' ñinchiluinpu'la'pi'na'.,ñi'na ñiden kudaler yawinchi'ñidek latekchiñina'.,pero a nadie queremos contarle porque no creen.,U02803,G02578,medium,0.668889582157135,0.5188091397285461,0.15008044242858887,5
U03132,G02907,"él era de españa también, los dos mismos no hablaban la lengua shiwilu ni la lengua inka, pero entendían.","ishpañakla nananta', katu'daper i'la shiwilu la'la', inka' la'la' lui'nta'ser, lachekllini'mi'na.","a'pinta' kaschilleklansa' lunna', ñi a'pinta' shiwilu la'la' lunpi'ñina'.",hablando más en castellano ya no hablan shiwilu.,U02413,G02188,hard,0.765375554561615,0.6447762250900269,0.12059932947158813,2
U03132,G02907,"él era de españa también, los dos mismos no hablaban la lengua shiwilu ni la lengua inka, pero entendían.","ishpañakla nananta', katu'daper i'la shiwilu la'la', inka' la'la' lui'nta'ser, lachekllini'mi'na.","napi'pui'mi'na ñi nawa', asu' shiwiluku'lusa', samerunta' luwetchi'ñina'.","dicen que en esa época ellos, los shiwilu finados, no conocían (todos) los peces.",U02630,G02405,medium,0.765375554561615,0.5035547614097595,0.26182079315185547,3
U00742,G00622,¡no dispares!,¡yailantuta!,¡yatumu'ta!,¡no mientas!,U01981,G01768,hard,0.7037218809127808,0.5935190320014954,0.1102028489112854,2
U00742,G00622,¡no dispares!,¡yailantuta!,¡yalunta'!,¡no hables!,U00489,G00402,medium,0.7037218809127808,0.5207934975624084,0.18292838335037231,3
U02449,G02224,"¿ah, ya has venido?","- ¿ah, ipa'cha uncha'la?",¿ukllin'cha?,¿ha venido?,U00752,G00631,hard,0.7681138515472412,0.6539238095283508,0.11419004201889038,2
U02449,G02224,"¿ah, ya has venido?","- ¿ah, ipa'cha uncha'la?",¿nana wenche'chu?,¿ella vendrá?,U01606,G01417,medium,0.7681138515472412,0.5429979562759399,0.22511589527130127,3
U00552,G00457,lo haré.,nu'techek,epa'echek,lo llevaré.,U01444,G01262,medium,0.8572171330451965,0.6643185019493103,0.19289863109588623,2
U00817,G00693,estoy ayunando.,weranpi'nek,neriapalek,estoy descansando.,U00827,G00703,hard,0.6712921261787415,0.5892100930213928,0.08208203315734863,6
U00817,G00693,estoy ayunando.,weranpi'nek,llinserchapalek,estoy pintando.,U01110,G00967,medium,0.6712921261787415,0.5123646855354309,0.15892744064331055,11
U00033,G00028,renuncié.,ta'itula'lek,indei'tulek,me corté.,U01065,G00924,hard,0.7625771164894104,0.6899487376213074,0.07262837886810303,3
U00033,G00028,renuncié.,ta'itula'lek,nanek pa'echek,ahí voy.,U00558,G00463,medium,0.7625771164894104,0.5930124521255493,0.16956466436386108,11
U02173,G01953,queremos votar.,yadekllidek,we'inutulidek,lo sentimos.,U00946,G00814,medium,0.774013340473175,0.5616376399993896,0.2123757004737854,2
U00059,G00047,¡entren!,¡daker'ku'!,da'encha'ku',entren.,U00158,G00117,medium,0.8479692339897156,0.6978845596313477,0.15008467435836792,2
U03126,G02901,"los que vinieron a ver dijeron, los que hacían comprender, los que interpretaban (la lengua) dijeron:","lli'kerenni'ma tullina'ka nawa', nana a'lachekta'su', lawer'a'su' tulli:","muyunpak walek pa'anna', adencha'nna', indiuntunna' luñina'.","se fueron hasta moyobamba, regresaron, tuvieron reuniones y hablaron.",U03042,G02817,medium,0.6830768585205078,0.4642629325389862,0.2188139259815216,2
U00247,G00195,prepárate.,insek'diper'ker',inlu'ukter',defiéndete.,U01959,G01749,hard,0.6381853222846985,0.5464910864830017,0.09169423580169678,2
U00247,G00195,prepárate.,insek'diper'ker',inlu'uk'tuker',ten cuidado.,U01879,G01673,medium,0.6381853222846985,0.4868023097515106,0.15138301253318787,6
U00410,G00331,anda.,dekundunlli,chinku'lli,tosió.,U00501,G00413,hard,0.8433941006660461,0.7490168213844299,0.09437727928161621,3
U00410,G00331,anda.,dekundunlli,paker',vaya.,U00002,G00000,medium,0.8433941006660461,0.6663711667060852,0.17702293395996094,5
U01979,G01767,no interfieras.,yatu'nektuta,yataitula'ta,no pares.,U00488,G00401,hard,0.7427063584327698,0.6791800260543823,0.06352633237838745,2
U01979,G01767,no interfieras.,yatu'nektuta,ku'la dai'nchu,no entrar.,U00232,G00182,medium,0.7427063584327698,0.5870351791381836,0.15567117929458618,5
U01859,G01653,ellos discutieron.,nawa' inyutullina',nawa' inllipu'iteklatullina',ellos aplaudieron.,U01855,G01649,hard,0.8101352453231812,0.715031623840332,0.09510362148284912,2
U01859,G01653,ellos discutieron.,nawa' inyutullina',nu'anna' itullinerku,así ellas me dicen.,U02416,G02191,medium,0.8101352453231812,0.5908520817756653,0.21928316354751587,3
U00296,G00235,no llores.,yawellekta,yayamerladata,no sonrías.,U00744,G00624,hard,0.7964412569999695,0.7129745483398438,0.08346670866012573,2
U00296,G00235,no llores.,yawellekta,¡yawellekta!,¡no llores!,U00297,G00236,medium,0.7964412569999695,0.6342378854751587,0.1622033715248108,6
U02236,G02011,¿viven aquí?,¿asek nanpipalama'?,¿asek nanpipala?,¿vives aquí?,U02235,G02010,medium,0.8293283581733704,0.6520363092422485,0.17729204893112183,2
U00639,G00533,se quedaron.,llia'llina',chi'yek llina',se escaparon.,U01196,G01037,hard,0.8766435980796814,0.7417672276496887,0.13487637042999268,3
U00639,G00533,se quedaron.,llia'llina',pa'llina',se fueron.,U01208,G01049,medium,0.8766435980796814,0.6890979409217834,0.18754565715789795,5
U00640,G00533,se mantuvieron.,llia'llina',anu'llina',cayeron.,U00430,G00347,medium,0.8830353617668152,0.6846715807914734,0.1983637809753418,3
U02968,G02743,"semanas, un mes y llegaron a moyobamba.","sekllintulli iñer uklli, ala' simana', katu' simana', kala simana', ala' dukerkek ima ektu'llina' muyunpak. hicieron trocha todos los días, una semana, dos semanas, tres","du'anna', wa'inutanna', nerpi'pu' ñiper'dekllina' nana pa'lusa'.","se sentaban, sentían pena y a veces insultaban a los que habían ido (por primera vez a moyobamba).",U03016,G02791,medium,0.648452877998352,0.46029427647590637,0.18815860152244568,2
U01374,G01199,aquí viene.,asek uk'apilelli,adencher' asek,vuelve aquí.,U01660,G01467,hard,0.8441879153251648,0.7615540623664856,0.0826338529586792,2
U01374,G01199,aquí viene.,asek uk'apilelli,nanek tawetchulli.,ahí se pudrió.,U02830,G02605,medium,0.8441879153251648,0.6075425744056702,0.23664534091949463,4
U00339,G00272,estoy quebrado.,nupek'pi ñapalek,chacha'lek ñapalek,estoy herido.,U00201,G00154,hard,0.8224691152572632,0.7696227431297302,0.05284637212753296,8
U00339,G00272,estoy quebrado.,nupek'pi ñapalek,sha'mu'su' ñapalek,estoy flacucho.,U00565,G00469,medium,0.8224691152572632,0.6718510389328003,0.1506180763244629,19
U01774,G01573,estoy parado.,wanerapalek,ku'la tupiapi'nek,no sigo.,U01717,G01520,medium,0.8401468992233276,0.647193968296051,0.1929529309272766,2
U02123,G01903,es falso.,tumu' nuka'a,tumu'tek' nuka'a,es engañoso.,U02077,G01860,hard,0.8468250036239624,0.7913775444030762,0.05544745922088623,2
U02123,G01903,es falso.,tumu' nuka'a,tekkinchi nuka'a,es verdad.,U00373,G00304,medium,0.8468250036239624,0.6105113625526428,0.23631364107131958,3
U00541,G00447,me acuerdo.,lli'inutapalek,kua lli'inutapalek,yo recuerdo.,U00542,G00448,hard,0.7858224511146545,0.6756830215454102,0.11013942956924438,2
U00541,G00447,me acuerdo.,lli'inutapalek,tom lli'inutulli,tom recordó.,U01875,G01669,medium,0.7858224511146545,0.5862909555435181,0.19953149557113647,5
U02773,G02548,¿por qué nos hicieron esto?,¿ma'kin nu'tullinerkenmu'wa' chi,¿ma'nen'a'cha nu'taterwa'?,¿qué haremos?,U01600,G01411,medium,0.831088662147522,0.6216824650764465,0.20940619707107544,2
U03150,G02925,"nosotros somos gente de cerro, nosotros no somos de aquí.","kenmu'wa' mutupi muda', kenmu'wa' ñi asu'lupa'dei'npu'.","kenmu'wa' wapu'mu'wa', ma'ki'na asu' katu'shadapersa'.","nosotros somos bastantes, ellos son doscitos nomas.",U03064,G02839,medium,0.7803517580032349,0.626015305519104,0.15433645248413086,2
U03119,G02894,en la escuela primaria y secundaria soló hablan puro castellano.,asu' a'lektupideklusek ñinchitupideklusek nana kaschillasa' luñina'.,napi' wilashakuñamu asu' shiwilu la'la' mushasu' lunek.,antes cuando era niñita hablaba bonito el shiwilu.,U02399,G02174,hard,0.6323806643486023,0.5001561045646667,0.13222455978393555,2
U03119,G02894,en la escuela primaria y secundaria soló hablan puro castellano.,asu' a'lektupideklusek ñinchitupideklusek nana kaschillasa' luñina'.,"a'pinta' kaschilleklansa' lunna', ñi a'pinta' shiwilu la'la' lunpi'ñina'.",hablando más en castellano ya no hablan shiwilu.,U02413,G02188,medium,0.6323806643486023,0.47859036922454834,0.15379029512405396,3
U02621,G02396,¿por qué este hermano vive solo?,¿ma'pu'a'su' asu' yalli' i'na nanashasa' nanpipalli?,¿asek nanpipalama'?,¿viven aquí?,U02236,G02011,medium,0.7195912599563599,0.4767841100692749,0.24280714988708496,2
U01753,G01555,estaba soñando.,wa'latapawinek,yawelliekwinek,quise llorar.,U02030,G01814,medium,0.8023738265037537,0.6186643838882446,0.18370944261550903,2
U02106,G01887,esperemos aquí.,watendawa' asek,wanerawa' asek,paremos aquí.,U02105,G01886,hard,0.7476819157600403,0.6284215450286865,0.11926037073135376,3
U02106,G01887,esperemos aquí.,watendawa' asek,kuda wa'tentulidek,nosotros esperamos.,U00449,G00365,medium,0.7476819157600403,0.5971373319625854,0.15054458379745483,5
U02404,G02179,en mi jeberos a mis hijos he criado cuando su padre vivía.,shiwiluwekkek wilaweklusa' teksusudeklek papina' nanpipasik.,teksusupa'nku tatanenna' chiminlapillun.,ayudándome a criarlos su padre murió y quedé sola.,U02267,G02042,medium,0.7756096124649048,0.6075739860534668,0.168035626411438,2
U01300,G01131,son inteligentes.,iñer' ñinchitulusa' nuker'ka,u'chimuinchilusa' nuker'ka,son especiales.,U02149,G01929,hard,0.7953081727027893,0.7395122647285461,0.055795907974243164,3
U01300,G01131,son inteligentes.,iñer' ñinchitulusa' nuker'ka,innichi'ñina' lu'nkasu'.,no pueden hablar.,U02329,G02104,medium,0.7953081727027893,0.6319639086723328,0.16334426403045654,8
U02856,G02631,"después, los que van de nuevo (el segundo grupo) ellos sí van a matar a las fieras.","naneklan, pa'nunta'lusa' nawa' a'ka di'tetchuna' nana anaka'.",nanentu pa'erkasu' anaker'chuna' iñerdaper.,los que van a ir primero (el primer grupo) van a perecer todos devorados por las fieras.,U02855,G02630,hard,0.7854872345924377,0.7093661427497864,0.07612109184265137,2
U02856,G02631,"después, los que van de nuevo (el segundo grupo) ellos sí van a matar a las fieras.","naneklan, pa'nunta'lusa' nawa' a'ka di'tetchuna' nana anaka'.",nawa'ler a'ka di'tetchuna' nana anaka'.,ellos sí van a matar a esa fiera.,U02916,G02691,medium,0.7854872345924377,0.5960946083068848,0.18939262628555298,3
U00282,G00227,respóndanme.,na'piu'ku,tupi'tu'u,sígueme.,U00302,G00241,hard,0.8187152743339539,0.7202020883560181,0.09851318597793579,2
U00282,G00227,respóndanme.,na'piu'ku,na'pi'u,respóndeme.,U00281,G00226,medium,0.8187152743339539,0.6655016541481018,0.15321362018585205,3
U00563,G00467,susto.,imanan,tumu' nuka'a,es falso.,U02123,G01903,medium,0.7432965636253357,0.5606932044029236,0.1826033592224121,2
U00766,G00644,estoy jodiendo.,a'perchapalek,yunsu'pilalek,voy saliendo.,U02052,G01835,hard,0.7737265825271606,0.6298787593841553,0.14384782314300537,2
U00766,G00644,estoy jodiendo.,a'perchapalek,indei'techek,me corto.,U01064,G00923,medium,0.7737265825271606,0.5824160575866699,0.19131052494049072,3
U01805,G01602,es idéntico.,nanapu'su' nuka'a,ñiñuduker' nuka'a,es mes de navidad.,U01801,G01598,medium,0.7008203268051147,0.5276910662651062,0.17312926054000854,2
U00116,G01060,tom corrió.,tom teka'lli,tom ektu'lli,tom llegó.,U00906,G00777,hard,0.8044636249542236,0.6616583466529846,0.142805278301239,3
U00116,G01060,tom corrió.,tom teka'lli,tom dek'kuntulli,tom caminó.,U00670,G00560,medium,0.8044636249542236,0.6521427631378174,0.15232086181640625,6
U01220,G01060,tom huyó.,tom teka'lli,tom dek'kuntulli,tom caminó.,U00670,G00560,hard,0.7082481384277344,0.6503720879554749,0.05787605047225952,8
U01220,G01060,tom huyó.,tom teka'lli,"puka' yunsu'lli,","la charapa salió,",U02748,G02523,medium,0.7082481384277344,0.5533152222633362,0.1549329161643982,19
U00048,G00038,pruébalo. (saborear),lata'ker,tekle'rilek',lo intenté.,U00089,G00062,hard,0.8139129877090454,0.7022385597229004,0.11167442798614502,6
U00048,G00038,pruébalo. (saborear),lata'ker,tañituker',señálalo.,U01161,G01013,medium,0.8139129877090454,0.6477794647216797,0.16613352298736572,7
U03036,G02811,"desde entonces, ahora todos uno y otro lugar nos vamos a conocer.","nanekla, ipa'li'na iñer inapu'su' pa'akwa' luwetllekwa'.",nu'unta'nmu'wa' ipa' muyunpa luwetchaterwa'.,tal vez algunos de nosotros vamos a conocer moyobamba.,U02860,G02635,hard,0.6444368958473206,0.5261680483818054,0.11826884746551514,2
U03036,G02811,"desde entonces, ahora todos uno y otro lugar nos vamos a conocer.","nanekla, ipa'li'na iñer inapu'su' pa'akwa' luwetllekwa'.",- nanekla yunsanma' tekka'nta'ku' ala'sa' nala inner'apek walek.,después levántense y corran hasta un árbol inclinado.,U02543,G02318,medium,0.6444368958473206,0.48120632767677307,0.16323056817054749,7
U02787,G02562,"nadie más tiene la culpa,","ñiden usha'wi'ñi ma'kinpa',","ñimi'na luwetchi'ñina' iker'adu,","pero dice que no conocían el acarahuasú,",U02632,G02407,medium,0.7412267327308655,0.5718829035758972,0.16934382915496826,2
U01478,G01296,no servirá.,ku'la pa'chinchu,ku'la nakui'nchu,prohibido pasar.,U00231,G00181,hard,0.7193182110786438,0.668438732624054,0.050879478454589844,4
U01478,G01296,no servirá.,ku'la pa'chinchu,kana'chi'ñina',perdieron.,U00431,G00348,medium,0.7193182110786438,0.5389431118965149,0.1803750991821289,7
U00494,G00623,no grites.,yalamapu'ta,yayamerladata,no sonrías.,U00744,G00624,medium,0.8260950446128845,0.6579027771949768,0.16819226741790771,3
U00743,G00623,no chilles.,yalamapu'ta,ku'la u'wa'ta'pi'ñi,no fuma.,U02241,G02016,medium,0.7242482900619507,0.5709242224693298,0.15332406759262085,3
U01526,G01340,habla bajito.,ta'tula'shasu' lunker',tullima ala'sa' shaya'.,dijo una mujer con pena.,U02898,G02673,medium,0.7363489270210266,0.5553588271141052,0.1809900999069214,3
U01527,G01340,habla calladito.,ta'tula'shasu' lunker',lunker' lachek'ak,habla claramente.,U01523,G01338,medium,0.759965717792511,0.5668299794197083,0.19313573837280273,3
U03142,G02917,"¿acaso desde antes, pues, ellos han venido a trabajar?",¿napi'lanlek a'ta' na'wa' saka'tukellina'?.,tekkinchi tekka'llini'ma nawa' saka'terkek walek.,de veras corrieron ellos hasta que se cansaron.,U02546,G02321,medium,0.7162879109382629,0.5170789957046509,0.19920891523361206,2
U01906,G01700,¿dónde estabas?,¿enñupa' ñapawina?,¿kenmasa' ñapawina?,¿estabas solo?,U01899,G01693,hard,0.8793889284133911,0.7332022786140442,0.14618664979934692,2
U01906,G01700,¿dónde estabas?,¿enñupa' ñapawina?,¿nanek ñapawina?,¿estabas allí?,U01900,G01694,medium,0.8793889284133911,0.7257190346717834,0.15366989374160767,3
U00274,G00220,¿quién vino?,¿den uk'lli?,¿ukllin'cha?,¿ha venido?,U00752,G00631,medium,0.8937909603118896,0.6146156787872314,0.2791752815246582,2
U00446,G00362,fallamos.,aper'llidek,wer'llidek,perdimos.,U00124,G00802,hard,0.7362340092658997,0.6572940349578857,0.07893997430801392,3
U00446,G00362,fallamos.,aper'llidek,a'ta'wantullidek,terminamos.,U00697,G00584,medium,0.7362340092658997,0.5748988389968872,0.16133517026901245,9
U02218,G01995,¿eres real?,¿tekinchi nuka'ma?,¿inapiken ñapala?,¿estás soltero?,U01649,G01458,hard,0.6939982771873474,0.621082067489624,0.07291620969772339,2
U02218,G01995,¿eres real?,¿tekinchi nuka'ma?,¿naektu'kellia?,¿eres nuevo?,U00718,G00602,medium,0.6939982771873474,0.5334299802780151,0.16056829690933228,5
U02664,G02439,"así dice cuando estaba transcurriendo, una vez el gobernante le hizo llamar.","nu'sui'ma pa'apan, ala'lu'sa' wa'anler a'peklu'tulli.","nanek ima ala'sa' taserpi yunsa'n tulli, iteklanen ima usañin musenkek aku'n tulli.","ahí dice un viejo se levantó y dijo, levantó su mano en alto y dijo:",U02845,G02620,medium,0.7032101154327393,0.509861946105957,0.19334816932678223,2
U00141,G00102,estate quieto.,yalenmekta',yalamapu'ta,no chilles.,U00743,G00623,hard,0.6658048033714294,0.597122311592102,0.06868249177932739,2
U00141,G00102,estate quieto.,yalenmekta',du'la'ker',quieto.,U00416,G00336,medium,0.6658048033714294,0.4954327344894409,0.17037206888198853,7
U02904,G02679,"golpea, abre la puerta, toca una y otra cosa en la cocina.","llipu'lli, unkunan ekketchulli, pata'tulli kusinek.","pillek'an, tanan, dankumelli a'pinta' tanan.","vengándose, el monte, se sumió más el monte.",U02752,G02527,hard,0.5983525514602661,0.5298587083816528,0.06849384307861328,2
U02904,G02679,"golpea, abre la puerta, toca una y otra cosa en la cocina.","llipu'lli, unkunan ekketchulli, pata'tulli kusinek.","katentapek walek, ukluka'palli wa'naukta kellek.","mientras se masca en la boca, ya está hirviendo la olla de aluminio con la yuca.",U02357,G02132,medium,0.5983525514602661,0.4336528778076172,0.16469967365264893,4
U02324,G02099,no.,ma'sha.,te'kinchi,¡por supuesto!,U00397,G00322,hard,0.6415011882781982,0.5615951418876648,0.07990604639053345,4
U02324,G02099,no.,ma'sha.,¿tekinchi?,¿en serio?,U00044,G00036,medium,0.6415011882781982,0.44962143898010254,0.1918797492980957,7
U02331,G02106,"los que sabemos hablar nos estamos extinguiendo,","ñinchilu'nkudeksu' taker'apilallidek,","nana wintupatekwa' nana tetchu,","cuando le contemos el viejo va a decir,",U02868,G02643,hard,0.6848929524421692,0.6170408129692078,0.06785213947296143,2
U02331,G02106,"los que sabemos hablar nos estamos extinguiendo,","ñinchilu'nkudeksu' taker'apilallidek,","wilalunlusa', ñi ñinchichi'ñina' namasu' la'la'mapu'wa',","muchachas, no saben pues esta lengua nuestra,",U02321,G02096,medium,0.6848929524421692,0.5092010498046875,0.1756919026374817,4
U00838,G00714,yo invito.,kua peklu'tulek,kua a'nadalek,yo exageré.,U01398,G01222,medium,0.8026819229125977,0.5693390369415283,0.23334288597106934,2
U02328,G02103,"no les importa,","ñi yalui'ñina',","ñinchillinsetchanna',","sabiendo escribir,",U02805,G02580,hard,0.7116088271141052,0.5650426745414734,0.14656615257263184,3
U02328,G02103,"no les importa,","ñi yalui'ñina',","ñimi'na luwetchi'ñina' iker'adu,","pero dice que no conocían el acarahuasú,",U02632,G02407,medium,0.7116088271141052,0.5544660091400146,0.15714281797409058,5
U00223,G00175,es tom.,tom nuka'a,nuka'ku tom,soy tom.,U00091,G00063,medium,0.8968959450721741,0.7412065863609314,0.15568935871124268,2
U00827,G00703,estoy descansando.,neriapalek,wicha'palek,durmiendo,U00086,G00059,hard,0.7687560319900513,0.6614069938659668,0.10734903812408447,2
U00827,G00703,estoy descansando.,neriapalek,lansa'palek,estoy bailando.,U00814,G00690,medium,0.7687560319900513,0.5734691023826599,0.19528692960739136,3
U00547,G00453,eso creo.,nanalatekapalek,latekdeklek,les creo.,U01391,G01215,medium,0.7840037941932678,0.5768944621086121,0.20710933208465576,2
U01015,G00877,sal fuera.,yunsuer' adipi,adipi wantenter',espera fuera.,U01230,G01069,medium,0.8526486158370972,0.5556850433349609,0.29696357250213623,2
U02090,G01872,déjame arreglarlo.,ta'itula'u tekdiperechek,ta'itula'u pilli'te'chek,déjame cogerlo.,U01495,G01312,hard,0.698188841342926,0.5677440166473389,0.13044482469558716,2
U02090,G01872,déjame arreglarlo.,ta'itula'u tekdiperechek,ta'itula'u lek'techek,déjame averiguarlo.,U02089,G01871,medium,0.698188841342926,0.531441867351532,0.16674697399139404,3
U02728,G02503,arakáyu llamó al hombre candela y le dijo,arakayuler tanpen peklu'n itulli,chuma peklu'tulli penmek'tan,tomás llamó soplando hoja.,U00664,G00554,medium,0.7862529158592224,0.6317601799964905,0.15449273586273193,2
U03206,G02981,así era antes.,nu'su' ñiwiñi napi'.,nu'sui'ma napi' nakulli.,cuentan que así sucedió hace mucho tiempo.,U02559,G02334,hard,0.7898901700973511,0.673835277557373,0.11605489253997803,2
U03206,G02981,así era antes.,nu'su' ñiwiñi napi'.,nu'su'sa' ñillina' napi'.,así nomas han sido antes.,U03145,G02920,medium,0.7898901700973511,0.5989899635314941,0.19090020656585693,3
U02031,G01815,quise pagar.,yapanwilek'tuwinek,panwilekchi'nek,no pagué.,U01067,G00926,hard,0.687187135219574,0.5870823264122009,0.10010480880737305,2
U02031,G01815,quise pagar.,yapanwilek'tuwinek,lu'wanwinek,lo extrañaba.,U00786,G00663,medium,0.687187135219574,0.5259428024291992,0.16124433279037476,3
U00077,G01775,él renunció.,nana yunsu'lli,ta'wan'tulli,se terminó.,U00370,G00301,hard,0.8761487007141113,0.758194088935852,0.11795461177825928,4
U00077,G01775,él renunció.,nana yunsu'lli,nanek ta'wantulli.,aquí termina.,U02816,G02591,medium,0.8761487007141113,0.6977490782737732,0.17839962244033813,5
U01173,G01775,ella salió.,nana yunsu'lli,nanek tawetchulli.,ahí se pudrió.,U02830,G02605,hard,0.7517480850219727,0.60581374168396,0.1459343433380127,4
U01173,G01775,ella salió.,nana yunsu'lli,nana uk'lli,ella vino.,U00240,G00190,medium,0.7517480850219727,0.5675762891769409,0.18417179584503174,5
U01989,G01775,él salió.,nana yunsu'lli,nanek tawetchulli.,ahí se pudrió.,U02830,G02605,hard,0.7568109035491943,0.6362812519073486,0.1205296516418457,4
U01989,G01775,él salió.,nana yunsu'lli,nana uk'lli,él vino.,U00076,G00190,medium,0.7568109035491943,0.5773186683654785,0.17949223518371582,5
U00645,G00538,éste es.,asu' nuka'a,nana nuka'a,eso es.,U00428,G00345,hard,0.8842208385467529,0.7399768829345703,0.14424395561218262,2
U00645,G00538,éste es.,asu' nuka'a,nuka'a nana,es ese.,U01853,G01647,medium,0.8842208385467529,0.734045147895813,0.15017569065093994,3
U02260,G02035,mi padre con su mujer nomás vivían bien.,ku'apenñenleksa' musu' nanpillina' tatawek.,ali'la ku'apellek nanpillina' musu'.,con otra mujer vivían bien.,U02257,G02032,hard,0.7349494099617004,0.6056089401245117,0.12934046983718872,2
U02260,G02035,mi padre con su mujer nomás vivían bien.,ku'apenñenleksa' musu' nanpillina' tatawek.,mikekweklek i'la we'chimu1 mukankanlusa'.,con mi yerno ambos son de buen corazón.,U02274,G02049,medium,0.7349494099617004,0.5406692028045654,0.194280207157135,4
U01421,G01241,quiero morir.,yachiminek,luyulek',lo odio.,U00323,G00258,hard,0.544389009475708,0.48675012588500977,0.05763888359069824,13
U01421,G01241,quiero morir.,yachiminek,¡yawichi'lek!,¡tengo sueño!,U00566,G00470,medium,0.544389009475708,0.39258942008018494,0.15179958939552307,45
U02196,G01975,anota eso.,llinser'ker' nana,llinser'ker' asu',anote esto.,U02199,G01976,hard,0.8468418717384338,0.7484491467475891,0.09839272499084473,2
U02196,G01975,anota eso.,llinser'ker' nana,sekdiperker' nana,conserva eso.,U01363,G01188,medium,0.8468418717384338,0.6783074736595154,0.16853439807891846,4
U00222,G00174,funciona.,saka'tulli.,apinta'a'tekalli,él aceleró.,U01694,G01497,hard,0.7292507886886597,0.6302788257598877,0.09897196292877197,6
U00222,G00174,funciona.,saka'tulli.,yan'katekter',aguanta.,U01358,G01185,medium,0.7292507886886597,0.5774862766265869,0.15176451206207275,10
U01509,G01324,abrámoslo.,ek'ker'chawa',a'nañiechidek,compartiremos.,U00942,G00810,hard,0.8244198560714722,0.725196897983551,0.09922295808792114,2
U01509,G01324,abrámoslo.,ek'ker'chawa',mape'chek,lo compraré.,U01435,G01255,medium,0.8244198560714722,0.6568806767463684,0.16753917932510376,3
U02214,G01991,eres nervioso.,tekua'tek nuka'ma,wa'danpintek ñapala,estás loco.,U01291,G01122,hard,0.7450318336486816,0.6891223192214966,0.05590951442718506,2
U02214,G01991,eres nervioso.,tekua'tek nuka'ma,denlekpin'ta' ñapala,eres parcial.,U01635,G01445,medium,0.7450318336486816,0.5846027135848999,0.16042912006378174,10
U03060,G02835,"señores, ¡vengan y pasen a beber!","yuyu'lusa', ¡da'kerku' u'ku!","!paku', adanta'ku'! itudekllini'ma'.","¡váyanse, regrésense por donde vinieron!.",U02529,G02304,medium,0.8414424061775208,0.6037780046463013,0.23766440153121948,2
U01665,G01472,"vamos, háganlo.","pa'awa, nu'tuku'",¿nu'techuma'?,¿lo harán?,U01908,G01702,medium,0.760202169418335,0.5813460350036621,0.17885613441467285,3
U01704,G01507,está deprimido.,we'inutapalli,we'inu nuka'a,es triste.,U00230,G00180,hard,0.8442383408546448,0.7550190687179565,0.08921927213668823,3
U01704,G01507,está deprimido.,we'inutapalli,weipensu' ñapala,estás gordo.,U01296,G01127,medium,0.8442383408546448,0.6897308230400085,0.15450751781463623,4
U03151,G02926,"nuestros abuelos finados dijeron que los que aborrecían, los que nos aborrecían, diciendo se fueron.","papinkumapu'wa'ku' tanni'ma nana luyurka'su', luyullinerkenmu'wa', tanni'ma pa'llina'.",tullina' amiku'lusa' kuda usha'wañidek asu' ipa'la wa'danlusa' uk'anna' llikanerchi'ñinerkenmu'wa'.,las abuelas ya finadas dijeron: nosotros somos los culpables de que ahora los señores vengan y nos hagan la vida imposible sin motivo.,U03000,G02775,medium,0.8144840002059937,0.5505753755569458,0.26390862464904785,2
U03127,G02902,el palo de yuca es bueno para trabajar.,asek ima u'chimu saka'takawek ketñala.,saka'tapalli musu',funciona bien.,U01479,G01297,hard,0.683732807636261,0.5919623374938965,0.0917704701423645,2
U03127,G02902,el palo de yuca es bueno para trabajar.,asek ima u'chimu saka'takawek ketñala.,saka'tunakla usu'llina,está despedido.,U01294,G01125,medium,0.683732807636261,0.5337229371070862,0.1500098705291748,4
U03037,G02812,lo que han anunciado los abuelos ya finados algún día ustedes con sus madres ya no van a estar caminando.,ter'kasu'pi'la papinkuku'lusa' enpi' uklli kenmama' awapenma'lek pa'api'nchuma'.,enpi' uklli pen ala'sa' wa'natek pennu'a'su' kenmama'nta' pa'achuma'.,algún día en un fierro viejo que vuela ustedes también van a viajar.,U03031,G02806,medium,0.7408302426338196,0.5261361002922058,0.21469414234161377,2
U01598,G01409,¡qué alivio!,¡enpu'ni mui'pa!,!embu'ni uchutek'ipa'!,¡qué mugre!,U00954,G00821,hard,0.5879625678062439,0.5340952277183533,0.053867340087890625,5
U01598,G01409,¡qué alivio!,¡enpu'ni mui'pa!,¡tante'ñek!,¡lo adoro!,U00328,G00263,medium,0.5879625678062439,0.43305838108062744,0.15490418672561646,24
U01705,G01508,aquí vienen.,asek uk'apilellina',asek wadeklliner'ku,nací aquí.,U02032,G01816,medium,0.8596701622009277,0.6904830932617188,0.16918706893920898,2
U01544,G01356,están solos.,nawa'sa' ñapallina',inapi ñapallidek,estamos disponibles.,U02178,G01958,hard,0.689177930355072,0.5819810032844543,0.10719692707061768,5
U01544,G01356,están solos.,nawa'sa' ñapallina',nantapi'na,estás débil.,U00981,G00845,medium,0.689177930355072,0.5254931449890137,0.16368478536605835,7
U00846,G00722,está nublado.,pulunker' wanta'palli,ñapalli napi'da',está obsoleto.,U01488,G01306,medium,0.6931846737861633,0.5220881104469299,0.1710965633392334,2
U01039,G00900,¡feliz pascua!,¡musu' paskua'!,musu' paskua',feliz pascua.,U01038,G00899,hard,0.900098979473114,0.7965883016586304,0.10351067781448364,2
U01039,G00900,¡feliz pascua!,¡musu' paskua'!,¡muek'kilala!,¡feliz año!,U01690,G01494,medium,0.900098979473114,0.6471829414367676,0.25291603803634644,3
U02428,G02203,uno a uno van llegando.....,"ali'la uncha'lli, ali'la uncha'lli....",ala'sa' yalli' ektukerlli,alguien llegó.,U01175,G01023,medium,0.6391521096229553,0.4637853503227234,0.17536675930023193,2
U00307,G00248,agarra esto.,pilliter' asu',ekpa'ker' asu',lleva esto.,U00471,G00386,hard,0.9122014045715332,0.7776937484741211,0.1345076560974121,4
U00307,G00248,agarra esto.,pilliter' asu',i'shiker' asu',póngase esto.,U00872,G00745,medium,0.9122014045715332,0.7577506303787231,0.15445077419281006,5
U00311,G00248,sostén esto.,pilliter' asu',i'shiker' asu',póngase esto.,U00872,G00745,hard,0.8274635672569275,0.7703008055686951,0.05716276168823242,4
U00311,G00248,sostén esto.,pilliter' asu',sek'diperker' asu',guarda esto.,U00374,G00305,medium,0.8274635672569275,0.6694483160972595,0.15801525115966797,8
U01236,G01075,estábamos listos.,insek'diperpi ñapawiñidek,insekdiperpi ñapawiñina',estaban listos.,U02136,G01916,medium,0.8369563221931458,0.6595222353935242,0.17743408679962158,2
U02105,G01886,paremos aquí.,wanerawa' asek,llia'awa' asek,quedémonos acá.,U02104,G01885,hard,0.797633707523346,0.7194069027900696,0.07822680473327637,2
U02105,G01886,paremos aquí.,wanerawa' asek,asek uk'apilellina',aquí vienen.,U01705,G01508,medium,0.797633707523346,0.6278103590011597,0.16982334852218628,6
U00219,G00171,gané.,kana'tulek,kanandeklek,los encontré.,U01071,G00930,medium,0.8198428750038147,0.6578139066696167,0.162028968334198,5
U03053,G02828,"hasta aquí nomás les voy a contar sobre moyobamba. jeberos, julio 2007",nanek waleksa' winterkenma' asu' muyunpaki.,a'lek'etchenma' kuda ukluta'kudeksu'.,les voy a enseñar la elaboración de la chicha punta.,U02335,G02110,hard,0.7265883684158325,0.6320134997367859,0.09457486867904663,2
U03053,G02828,"hasta aquí nomás les voy a contar sobre moyobamba. jeberos, julio 2007",nanek waleksa' winterkenma' asu' muyunpaki.,namasu' la'leklan luntetchek.,de esta lengua le voy a hablar.,U02281,G02056,medium,0.7265883684158325,0.5756397247314453,0.1509486436843872,4
U02872,G02647,en esa bajada vieron humo.,nana sakanlupi'mi'na lli'llina' pen mukatapa'su'.,nanek da'an lli'itulli dinlupinen.,"ahí entrando (dentro de la ballena, marcel) le vio su corazón.",U02827,G02602,hard,0.674289882183075,0.5417865514755249,0.13250333070755005,2
U02872,G02647,en esa bajada vieron humo.,nana sakanlupi'mi'na lli'llina' pen mukatapa'su'.,"pennen alañina', lli'llina' dullinen ukunpalalli.",le pidieron su candela (al duende) y se dieron cuenta de que sus intestinos estaban colgados.,U02925,G02700,medium,0.674289882183075,0.48672786355018616,0.1875620186328888,4
U00699,G00585,estamos perdidos.,wer'su' ñapallidek,wer'apallidek,estamos perdiendo.,U01255,G01091,hard,0.8765994906425476,0.7701141238212585,0.10648536682128906,2
U00699,G00585,estamos perdidos.,wer'su' ñapallidek,unku'pi ñapallidek,estamos encerrados.,U01252,G01088,medium,0.8765994906425476,0.7259206771850586,0.150678813457489,3
U00087,G00060,me voy a dormir,wichin'dek'chek,yawichi'lek,tengo sueño.,U00567,G00471,medium,0.8363534808158875,0.630934476852417,0.20541900396347046,3
U00103,G00072,¡perfecto!,¡mupalli!,¡u'chimu!,¡genial!,U00251,G00198,hard,0.7598473429679871,0.6906002163887024,0.06924712657928467,2
U00103,G00072,¡perfecto!,¡mupalli!,mupalli,está bien.,U00098,G00980,medium,0.7598473429679871,0.6018157005310059,0.1580316424369812,4
U02707,G02482,todos los peces se llevó.,iñer samer ekpanta'lli.,samellusa' iñer wetlli.,todos los peces se extinguieron.,U02785,G02560,medium,0.8221590518951416,0.6276925206184387,0.19446653127670288,2
U00261,G00208,tom lloró.,tom welliek'lli,tom mermiñi,tom gruñó.,U00913,G00783,hard,0.8734768033027649,0.7306816577911377,0.1427951455116272,3
U00261,G00208,tom lloró.,tom welliek'lli,welliek'apawiñi,estaba llorando.,U01843,G01638,medium,0.8734768033027649,0.7191075682640076,0.15436923503875732,4
U02860,G02635,tal vez algunos de nosotros vamos a conocer moyobamba.,nu'unta'nmu'wa' ipa' muyunpa luwetchaterwa'.,a'lek'etchenma' kuda ukluta'kudeksu'.,les voy a enseñar la elaboración de la chicha punta.,U02335,G02110,medium,0.7697688937187195,0.5148929357528687,0.25487595796585083,2
U01494,G01311,déjame terminar.,ta'itula'u ata'wantak,a'ta'wantulek,he terminado.,U00193,G00148,hard,0.7944196462631226,0.6627094149589539,0.1317102313041687,2
U01494,G01311,déjame terminar.,ta'itula'u ata'wantak,ta'itula'u pae'chek,déjame irme.,U01810,G01607,medium,0.7944196462631226,0.5922636389732361,0.20215600728988647,3
U02925,G02700,le pidieron su candela (al duende) y se dieron cuenta de que sus intestinos estaban colgados.,"pennen alañina', lli'llina' dullinen ukunpalalli.","peklu'dekllima, intekdudui'su' samellusa' yunsu'lli.",y los llamó (a los peces) y toda clase de peces salieron.,U02608,G02383,medium,0.7454349398612976,0.580786406993866,0.16464853286743164,2
U01607,G01418,¿vendrá ella?,¿wenche'chu nana?,¿nana wenche'chu?,¿ella vendrá?,U01606,G01417,hard,0.6801683306694031,0.6094875335693359,0.07068079710006714,2
U01607,G01418,¿vendrá ella?,¿wenche'chu nana?,¿pa'echek'ata'?,¿debería ir?,U00879,G00751,medium,0.6801683306694031,0.4794869124889374,0.2006814181804657,3
U01060,G00919,estoy rezando.,mallia'palek,neriapalek,estoy descansando.,U00827,G00703,hard,0.7563002705574036,0.6374165415763855,0.11888372898101807,2
U01060,G00919,estoy rezando.,mallia'palek,¿wa'latapalek?,¿estoy soñando?,U01305,G01136,medium,0.7563002705574036,0.5961595773696899,0.16014069318771362,3
U01465,G01283,¿es doloroso?,¿ikerli?,¿kaser'llincha?,¿es dulce?,U01469,G01287,hard,0.7002148032188416,0.6128312349319458,0.08738356828689575,5
U01465,G01283,¿es doloroso?,¿ikerli?,nuka' ikerlli,el ají pica,U00075,G00056,medium,0.7002148032188416,0.539898157119751,0.16031664609909058,10
U00146,G00106,espósale.,tenpu'ker',a'tashunker',apágalo.,U00920,G00790,hard,0.7147718071937561,0.6267651319503784,0.08800667524337769,7
U00146,G00106,espósale.,tenpu'ker',ek'ker'cher',ábrela.,U01162,G01014,medium,0.7147718071937561,0.5490982532501221,0.16567355394363403,13
U02250,G02025,me engripé.,ilu enka'lliu,iluwinek,me resfrié.,U02001,G01787,hard,0.7280148267745972,0.6038700342178345,0.1241447925567627,4
U02250,G02025,me engripé.,ilu enka'lliu,a'yiulliu,me indigna.,U01388,G01213,medium,0.7280148267745972,0.5573611855506897,0.17065364122390747,6
U00513,G00424,lo admito.,yan'katektulek,lachek'apalek,lo entiendo.,U00177,G00135,hard,0.7704670429229736,0.6907166242599487,0.0797504186630249,2
U00513,G00424,lo admito.,yan'katektulek,"ah, lachek'apalek","ah, entiendo.",U01159,G01011,medium,0.7704670429229736,0.6149802803993225,0.15548676252365112,4
U01408,G01229,he pecado.,aper'lek,a'aper'lek',fracasé.,U00175,G00133,hard,0.6967178583145142,0.6029929518699646,0.09372490644454956,2
U01408,G01229,he pecado.,aper'lek,kananek,lo rescaté.,U01416,G01236,medium,0.6967178583145142,0.5233761072158813,0.1733417510986328,9
U00752,G00631,¿ha venido?,¿ukllin'cha?,¿den uk'lli?,¿quién vino?,U00274,G00220,medium,0.8671486377716064,0.6986267566680908,0.16852188110351562,2
U01293,G01124,estás borracha.,lupersu' ñapala,weipensu' ñapala,estás gordo.,U01296,G01127,hard,0.7943991422653198,0.6917017102241516,0.10269743204116821,2
U01293,G01124,estás borracha.,lupersu' ñapala,tasellun ñapala,estás vieja.,U00713,G00599,medium,0.7943991422653198,0.6287558674812317,0.16564327478408813,4
U01429,G01249,estaba desarmado.,illiapalek'inpu ñapawinek,ñapawinek saka'tusu',estaba agotado.,U01757,G01559,hard,0.7769609689712524,0.6739092469215393,0.10305172204971313,4
U01429,G01249,estaba desarmado.,illiapalek'inpu ñapawinek,saka'dekinpu' ñiwiñi,fue fácil.,U00841,G00717,medium,0.7769609689712524,0.6181787252426147,0.1587822437286377,9
U02499,G02274,después me hicieron abuela.,nanekla amitullinerku.,nanek wadekllun awawek shiwiluk.,ahí me alumbró mi madre en jeberos.,U02475,G02250,medium,0.8535078167915344,0.6186078190803528,0.23489999771118164,2
U01075,G00934,necesito pintura.,luwantulek llinserchunan,luwantulek kulliker',quiero dinero.,U01085,G00944,hard,0.6687588691711426,0.5585079789161682,0.11025089025497437,2
U01075,G00934,necesito pintura.,luwantulek llinserchunan,luwantulek sanek,necesito hielo.,U00539,G00445,medium,0.6687588691711426,0.4991740584373474,0.16958481073379517,4
U02394,G02169,"a ver, pues, vamos a conversar.",enta'ten i'na lunterkenma'.,namasu' la'leklan luntetchek.,de esta lengua le voy a hablar.,U02281,G02056,medium,0.808437705039978,0.641502857208252,0.16693484783172607,2
U02549,G02324,enorme se levantaba el ardor.,enpu'nipi'ma ituwetchapalli ulunta'su'.,kala ekkilala ima uketlli.,cuentan que tres años ardió.,U02552,G02327,hard,0.6812692880630493,0.5665959119796753,0.11467337608337402,2
U02549,G02324,enorme se levantaba el ardor.,enpu'nipi'ma ituwetchapalli ulunta'su'.,iñer samer ekpanta'lli.,todos los peces se llevó.,U02707,G02482,medium,0.6812692880630493,0.5243827104568481,0.15688657760620117,5
U02945,G02720,¡más miren!,!enta'n lli'ku'!,¡li'ker'la!,¡ten cuidado!,U00463,G00379,medium,0.8451104760169983,0.6002246141433716,0.2448858618736267,2
U00847,G00723,es inútil. (sujeto),ma'kinpu' nuka'a,mui'su' nuka'a,es incorrecto.,U01550,G01362,hard,0.7412500977516174,0.6322124600410461,0.10903763771057129,3
U00847,G00723,es inútil. (sujeto),ma'kinpu' nuka'a,nu'su' nuka'a,así es.,U01191,G01034,medium,0.7412500977516174,0.5570905804634094,0.184159517288208,5
U01471,G01289,se quebró.,nupek'tulli,chinku'lli,tosió.,U00501,G00413,hard,0.6850393414497375,0.6298180818557739,0.05522125959396362,11
U01471,G01289,se quebró.,nupek'tulli,u'lanñi,llovió.,U00359,G00290,medium,0.6850393414497375,0.5324231386184692,0.1526162028312683,24
U01881,G01675,bebimos mucho.,nakusu' ullidek,u'wa'tak analli,fumar apesta.,U01846,G01641,hard,0.7098179459571838,0.5902773141860962,0.11954063177108765,2
U01881,G01675,bebimos mucho.,nakusu' ullidek,nakusu' weranek,comí demasiado.,U01709,G01512,medium,0.7098179459571838,0.5559264421463013,0.15389150381088257,5
U02163,G01943,tenemos visita.,a'ñapalekwa' da'lusa',kuda ekpekchidek,nosotros conduciremos.,U00940,G00808,hard,0.7212309241294861,0.609002947807312,0.11222797632217407,2
U02163,G01943,tenemos visita.,a'ñapalekwa' da'lusa',a'ñapallidek ñiñi'wa,tenemos perro.,U01569,G01380,medium,0.7212309241294861,0.546705424785614,0.17452549934387207,8
U01348,G01175,¿me sigues?,¿tupitechunku?,tupi'tu'u,sígueme.,U00302,G00241,hard,0.638481616973877,0.5669608116149902,0.07152080535888672,2
U01348,G01175,¿me sigues?,¿tupitechunku?,na'piu'ku,respóndanme.,U00282,G00227,medium,0.638481616973877,0.4738582670688629,0.16462334990501404,7
U02277,G02052,así yo también vivo bien.,nu'amui'na kuanta' musu' nanpiapalek.,kua napi' simirkek nanpilek.,hace mucho yo viví en varadero.,U02483,G02258,medium,0.9128603935241699,0.6387495994567871,0.2741107940673828,2
U02571,G02346,despertamos y escuchamos.,"nanadaper panta'mudek wichi'nta'mudek, ikineklli' nanpincha'mudek laukllidek. todas esas cosas cuando nos vamos a dormir, a medianoche",nakusu' wichi'llidek,dormimos demasiado.,U01243,G01081,hard,0.7057791352272034,0.5582243800163269,0.14755475521087646,2
U02571,G02346,despertamos y escuchamos.,"nanadaper panta'mudek wichi'nta'mudek, ikineklli' nanpincha'mudek laukllidek. todas esas cosas cuando nos vamos a dormir, a medianoche",ikinek'uklli werañidek,almorzamos.,U01237,G01076,medium,0.7057791352272034,0.551947832107544,0.15383130311965942,3
U01718,G01521,no entiendo.,ku'la lachek'i'nek,ninchichi'nek,ni idea.,U01728,G01530,hard,0.7261348962783813,0.6585894823074341,0.06754541397094727,5
U01718,G01521,no entiendo.,ku'la lachek'i'nek,lu'wanek,lo extraño.,U00538,G00444,medium,0.7261348962783813,0.5649755597114563,0.16115933656692505,9
U02474,G02249,yo soy jeberina auténtica.,kua shiwilulunku nuka'ka.,nu'amui'na kuanta' musu' nanpiapalek.,así yo también vivo bien.,U02277,G02052,medium,0.6878306865692139,0.528718113899231,0.1591125726699829,3
U00840,G00716,estuvo chevere.,ucha'paya ñapawiñi,nudu'pi ñiwiñi,fue repugnante.,U01124,G00977,hard,0.8339229226112366,0.7002838850021362,0.13363903760910034,2
U00840,G00716,estuvo chevere.,ucha'paya ñapawiñi,ñapawinek lupersu',estaba mareado.,U00800,G00677,medium,0.8339229226112366,0.6802007555961609,0.15372216701507568,4
U02417,G02192,"¿estás aquí, hermana? me viene a decir. 3 una forma alternativa es weranwekkeklan. 4 se refiere a sus hijos presentes durante la sesión de grabación.","- ñapala, ñañá? itukellu.","- ¿ukla'ncha, yalli'wá?","¿has venido, hermano menor? (duende)",U02877,G02652,medium,0.6987402439117432,0.5236489176750183,0.17509132623672485,2
U00277,G00223,escríbeme.,llinser'chu'u,itununta'u,repítemelo.,U02112,G01893,hard,0.7574580311775208,0.6470828056335449,0.11037522554397583,2
U00277,G00223,escríbeme.,llinser'chu'u,pinaner'u,olvídame.,U00304,G00243,medium,0.7574580311775208,0.5973514318466187,0.1601065993309021,4
U01234,G01073,podemos hacerlo.,yennitulekwa' nu'tak,yennitulek nu'tak,puedo hacerlo.,U00769,G01587,medium,0.9080904126167297,0.7371556758880615,0.1709347367286682,2
U02961,G02736,"sangraron lechecaspi, la hicieron hervir y lo esperaron.","ekkadek pektañina', a'ukluka'llina', wa'tenñina'.","dei'tanna', pen dintunna', aku'lalatullina'.","lo mataron, atizaron la candela y lo metieron (al fuego).",U02949,G02724,medium,0.7665496468544006,0.5193483829498291,0.24720126390457153,2
U02262,G02037,por eso me crió mi abuelita y me hice señorita.,nu'amui'na i'pa amishawek teksusullun wilaluntulek.,nu'amu amishawekkek pipetchulek.,por eso me arrimé donde mi abuelita.,U02259,G02034,medium,0.7616774439811707,0.5886922478675842,0.17298519611358643,2
U00902,G00773,ellos caminaron.,nawa dek'kuntillina',nawa dekllina',ellos votaron.,U00642,G00535,medium,0.8554736971855164,0.7030407786369324,0.15243291854858398,2
U01813,G01610,siga intentando.,inpaleriaper',tupiter' inpalerian,sigue practicando.,U02086,G01868,hard,0.7632910013198853,0.6819573044776917,0.0813336968421936,2
U01813,G01610,siga intentando.,inpaleriaper',iwa'taper'i'la,sigue cavando.,U01132,G00985,medium,0.7632910013198853,0.5997225046157837,0.16356849670410156,3
U01955,G01745,¿pueden ayudarme?,¿yennitulama katupa'a'muk?,¿yennitechek katu'pa'tak?,¿puedo ayudar?,U00470,G00385,hard,0.8244072794914246,0.7663902044296265,0.058017075061798096,2
U01955,G01745,¿pueden ayudarme?,¿yennitulama katupa'a'muk?,taitula'u katu'pe'chen,déjame ayudarte.,U00849,G00725,medium,0.8244072794914246,0.6603295207023621,0.1640777587890625,6
U02440,G02215,ahí están doscitas mis hijas.,ma'ata'na katu'ta'shadaper ku'tinweklusa'.,kua usha'wanek a'lek'inpu'dek'amu wilaweklusa'.,yo tengo la culpa de no haberles enseñado a mis hijos.,U02303,G02078,medium,0.7718449234962463,0.5919657945632935,0.17987912893295288,3
U02743,G02518,entonces dicen que arákayu icaró (con su saber) desde allí a los riachuelos que tenían peces.,ipa'linchi arakayu ima pekkutulli naneklanek dekshadeklusa' samerwa'nsu'.,ipa'la lunchek arakayu ma'pu'si'pa' nanpilli panpadek ukuchik.,ahora voy a contar de qué manera vivió arákayu en la ribera del río pampayacu.,U02581,G02356,medium,0.7633181214332581,0.5647433400154114,0.19857478141784668,2
U03066,G02841,¿les gusta a eso a ustedes?,musu' a'cha kankantulama' kenmama'.,¿ma'nen ila'cha luwantekchuma' kenmama'?,¿qué más van a necesitar ustedes?,U02651,G02426,hard,0.7218813896179199,0.5793499946594238,0.1425313949584961,2
U03066,G02841,¿les gusta a eso a ustedes?,musu' a'cha kankantulama' kenmama'.,¿kenmama' a'cha u'pidekta'mama'u'kusu' kua musu' nu'tapallenma'?,¿quiénes son ustedes para que hagan esto a mi casa a pesar de que yo les trataba bien?,U02692,G02467,medium,0.7218813896179199,0.5439440011978149,0.17793738842010498,3
U00907,G00778,tom cambió.,tom a'pawillek'lli,tom a'shulli,tom estornudó.,U00916,G00786,hard,0.7106732130050659,0.6140806078910828,0.09659260511398315,3
U00907,G00778,tom cambió.,tom a'pawillek'lli,tom panwilek'tulli,tom pagó.,U00258,G00205,medium,0.7106732130050659,0.5186253190040588,0.19204789400100708,6
U00908,G00778,tom varió.,tom a'pawillek'lli,ta'wan'tulli,se terminó.,U00370,G00301,hard,0.63614821434021,0.5637856721878052,0.07236254215240479,8
U00908,G00778,tom varió.,tom a'pawillek'lli,¿den yunsu'lli?,¿quién renunció?,U01260,G01096,medium,0.63614821434021,0.48241814970970154,0.15373006463050842,21
U03005,G02780,dice que ahí algunos (españoles) les decían (a los shiwilu) traigan a sus hermanas para vendérnoslas.,nanek ima nu'unta' itudekllina' kerku' sha'wapenma' uku'lakeru'kudek.,nana nani'na itullina' ma'pu'si'pa' insekluteñek muyunpa inchilala yaekketchakwa' tullina'.,a eso dijeron ¡cuánto hemos sufrido para abrir el camino a moyobamba! dijeron.,U03033,G02808,hard,0.683569073677063,0.563501238822937,0.12006783485412598,2
U03005,G02780,dice que ahí algunos (españoles) les decían (a los shiwilu) traigan a sus hermanas para vendérnoslas.,nanek ima nu'unta' itudekllina' kerku' sha'wapenma' uku'lakeru'kudek.,tullina' amiku'lusa' kuda usha'wañidek asu' ipa'la wa'danlusa' uk'anna' llikanerchi'ñinerkenmu'wa'.,las abuelas ya finadas dijeron: nosotros somos los culpables de que ahora los señores vengan y nos hagan la vida imposible sin motivo.,U03000,G02775,medium,0.683569073677063,0.533242404460907,0.150326669216156,5
U02494,G02269,después he salido a yurimaguas.,nanekla yunsu'lek yurimawek.,ipa'linchi ukdinu'tulek.,entonces se empieza a mascar formando líquido.,U02355,G02130,medium,0.8391183614730835,0.6381279826164246,0.20099037885665894,2
U01556,G01368,tom palideció.,tom sha'pi'wiñi,ucha'paya ñapawiñi,estuvo chevere.,U00840,G00716,hard,0.742827296257019,0.6504569053649902,0.09237039089202881,5
U01556,G01368,tom palideció.,tom sha'pi'wiñi,sanek'wantuwinek,tenía frío.,U00775,G00652,medium,0.742827296257019,0.5901516079902649,0.15267568826675415,13
U00523,G01236,lo encontré.,kananek,awer'lek,me perdí.,U00524,G00434,hard,0.7955506443977356,0.653740644454956,0.14180999994277954,4
U00523,G01236,lo encontré.,kananek,nampilek,viví,U00546,G00452,medium,0.7955506443977356,0.6366139650344849,0.15893667936325073,5
U01415,G01236,la rescaté.,kananek,kanandeklek,los encontré.,U01071,G00930,medium,0.8324419856071472,0.6682612895965576,0.1641806960105896,4
U01416,G01236,lo rescaté.,kananek,kanandeklek,los encontré.,U01071,G00930,medium,0.8348931670188904,0.6309302449226379,0.20396292209625244,4
U01730,G01532,adoro ganar.,iyatulek kana'tak,luyulek idenmaak,odio pelear.,U02004,G01790,medium,0.71515291929245,0.5145806074142456,0.20057231187820435,2
U00321,G00257,me dieron.,enka'lliner'ku,ilanñiner'ku,me dispararon.,U01778,G01577,medium,0.853496253490448,0.6969234347343445,0.15657281875610352,3
U00322,G00257,me alcanzaron.,enka'lliner'ku,ilanñiner'ku,me dispararon.,U01778,G01577,hard,0.8248577117919922,0.7146804332733154,0.11017727851867676,3
U00322,G00257,me alcanzaron.,enka'lliner'ku,iker'lalak aku'llinerku,me demandaron.,U01779,G01578,medium,0.8248577117919922,0.6730761528015137,0.15178155899047852,7
U00172,G00130,estoy viejo.,taserpiku',llinserchutek' nuka'ka,soy escritor.,U01099,G00958,hard,0.5063067674636841,0.45370781421661377,0.05259895324707031,6
U00172,G00130,estoy viejo.,taserpiku',ninchichi'nek,ni idea.,U01728,G01530,medium,0.5063067674636841,0.35520583391189575,0.15110093355178833,47
U01069,G00928,lo desconozco.,luver'chi'nek,kerka' ñinchitapalek,estoy estudiando.,U01115,G00971,hard,0.6557745933532715,0.6009294986724854,0.05484509468078613,6
U01069,G00928,lo desconozco.,luver'chi'nek,luwer'chapadeklek,los conozco.,U00782,G00659,medium,0.6557745933532715,0.5003648400306702,0.15540975332260132,25
U00258,G00205,tom pagó.,tom panwilek'tulli,tom si'lentulli,tom vaciló.,U01554,G01366,medium,0.7950707674026489,0.6070604920387268,0.18801027536392212,2
U02046,G01829,estoy comprendiendo.,lachek'apilalek,lli'inutapalek,me acuerdo.,U00541,G00447,hard,0.7440393567085266,0.6715048551559448,0.07253450155258179,3
U02046,G01829,estoy comprendiendo.,lachek'apilalek,yan'katektulek,lo admito.,U00513,G00424,medium,0.7440393567085266,0.5869742631912231,0.15706509351730347,6
U02946,G02721,"¡ánimo muchachos, tengan valor, en acción! les dijo.","¡nantapiku'la', nasu'ku', wilalusa'! itudekllima.","wilalusi'ma, ya'dandektanna', pa'anna', anaka'lli'na'.","a los muchachos, queriendo agarrar pejecitos con canasto, cuando se iban, se los comían las fieras.",U03140,G02915,medium,0.7630441784858704,0.5522959232330322,0.21074825525283813,2
U02456,G02231,no como antes que bebía bastante.,ñi napi'pu'su' kupin uwapawinek.,napi' sudawek sudatulek.,hace tiempo me casé con mi esposo.,U02405,G02180,medium,0.7382929921150208,0.5099002122879028,0.22839277982711792,2
U02796,G02571,de ahí yo también he aprendido de qué manera vivió este arákayu.,nanekla'nka kuanta' ñinchitulek asu' arakayu ma'pu'si'pa' nanpilli.,ipa'la lunchek ma'pu'si'pa' napi' uketllin asu' panpadek ukuchinlusa'.,ahora les voy a contar cómo antiguamente se quemaron estas riberas del río pampayacu.,U02511,G02286,medium,0.7380224466323853,0.4802355170249939,0.25778692960739136,2
U01847,G01642,estuvo cerca.,ñapawiñi kawik,pulunker' ñapawiñi,había nevado.,U01473,G01291,medium,0.8491848111152649,0.6633726954460144,0.1858121156692505,2
U03016,G02791,"se sentaban, sentían pena y a veces insultaban a los que habían ido (por primera vez a moyobamba).","du'anna', wa'inutanna', nerpi'pu' ñiper'dekllina' nana pa'lusa'.","enchuku', inlli'inuku'la' yalli'lusa' enpu'ninchi yawichi'tama' nanpiladaku'.","vamos, prevénganse hermanos, no duerman mucho, han de velar en la noche.",U02863,G02638,medium,0.6840330362319946,0.4788591265678406,0.20517390966415405,2
U02766,G02541,"nosotros tendríamos muchísimo pescado,","enpu'nipa' kenmu'wa' samerwanpanansu'wa',","- pu'yek aperku'tullinerkudek,",(los hombres de jeberos) nos mezquinaron la pesca.,U02533,G02308,hard,0.7453658580780029,0.6032878160476685,0.14207804203033447,2
U02766,G02541,"nosotros tendríamos muchísimo pescado,","enpu'nipa' kenmu'wa' samerwanpanansu'wa',","enchuku' nermuda' luwetchawa' kenmu'wa'nta',","vamos a conocer a otro tipo de gente nosotros también,",U02835,G02610,medium,0.7453658580780029,0.5860886573791504,0.15927720069885254,3
U00593,G00493,¡quédate tranquilo!,¡musu' llia'ker'!,¡ñiker' musu!,¡ponte serio!,U00751,G00630,hard,0.7659152746200562,0.6800890564918518,0.08582621812820435,2
U00593,G00493,¡quédate tranquilo!,¡musu' llia'ker'!,¡ta'ituku' du'ak!,¡dejad sitio!,U00882,G00754,medium,0.7659152746200562,0.5900875329971313,0.1758277416229248,3
U00378,G00308,mantente abrigado.,i'shiwansu' ñaper',ñapaker' musu'kankantusu',estate contento.,U00465,G00380,hard,0.7983822226524353,0.6933431029319763,0.10503911972045898,4
U00378,G00308,mantente abrigado.,i'shiwansu' ñaper',nantapitek ñiker',sé valiente.,U01044,G00904,medium,0.7983822226524353,0.6151196360588074,0.18326258659362793,6
U01898,G01692,tenemos esto.,a'ñapalekwa' asu',asek ñapallidek,estamos aquí.,U00928,G00797,hard,0.8928478956222534,0.7501582503318787,0.14268964529037476,2
U01898,G01692,tenemos esto.,a'ñapalekwa' asu',nanadaper a'ñapallidek,tenemos esos.,U02185,G01965,medium,0.8928478956222534,0.7258867025375366,0.1669611930847168,5
U00630,G00525,detente ahí.,llia'ker' nanek,sekdiperker' nana,guarda eso.,U01362,G01188,hard,0.685979425907135,0.6152262687683105,0.07075315713882446,4
U00630,G00525,detente ahí.,llia'ker' nanek,llinser'ker' nana,anota eso.,U02196,G01975,medium,0.685979425907135,0.5339915156364441,0.15198791027069092,8
U01145,G00998,¡déjame irme!,¡ta'itula'u pa'ak!,¡ta'itula'u yunsue'chek!,¡déjame salir!,U00599,G00498,hard,0.8939752578735352,0.7689766883850098,0.12499856948852539,2
U01145,G00998,¡déjame irme!,¡ta'itula'u pa'ak!,ta'itula'u pae'chek,déjame irme.,U01810,G01607,medium,0.8939752578735352,0.7304800152778625,0.1634952425956726,3
U02609,G02384,ahí dice se sorprendieron.,nanek ima imanankankantullina'.,ipa'la lacheknawi'ñina'.,ahora no se puede entender.,U03201,G02976,medium,0.8139522671699524,0.643897533416748,0.17005473375320435,2
U00834,G00710,¿es suyo?,¿kenmakin'cha?,¿kenma'cha'?,¿eres tú?,U00355,G00286,hard,0.8180172443389893,0.7483310103416443,0.06968623399734497,2
U00834,G00710,¿es suyo?,¿kenmakin'cha?,¿kenma?,¿y tú?,U01903,G01697,medium,0.8180172443389893,0.6313114166259766,0.1867058277130127,4
U01240,G01678,necesitamos ayuda.,luwantullidek katu'pa',katu'pa'tuwinansu',deberíamos ayudar.,U01885,G01679,hard,0.8864797949790955,0.7636122703552246,0.12286752462387085,3
U01240,G01678,necesitamos ayuda.,luwantullidek katu'pa',luwantulek katu'pa',necesito ayuda.,U00788,G00665,medium,0.8864797949790955,0.6750553846359253,0.21142441034317017,5
U01884,G01678,necesitábamos ayuda.,luwantullidek katu'pa',katu'pa'tuwinansu',deberíamos ayudar.,U01885,G01679,hard,0.8804135918617249,0.8216657638549805,0.058747828006744385,3
U01884,G01678,necesitábamos ayuda.,luwantullidek katu'pa',kuda katu'pa'techidek,nosotros ayudaremos.,U00692,G00579,medium,0.8804135918617249,0.6236706376075745,0.2567429542541504,5
U01803,G01600,es delicioso.,iyasu' nuka'a,u'chimusha nuka'a,es adorable.,U01481,G01299,hard,0.8204078674316406,0.6829555034637451,0.1374523639678955,2
U01803,G01600,es delicioso.,iyasu' nuka'a,tanluwatapalli,hace viento.,U00590,G00721,medium,0.8204078674316406,0.637262225151062,0.1831456422805786,3
U00300,G00239,¡fantástico!,¡u'chimuinchi!,¡u'chimu ñinalu'!,¡buen país!,U01901,G01695,hard,0.573962926864624,0.5229740142822266,0.05098891258239746,9
U00300,G00239,¡fantástico!,¡u'chimuinchi!,¡musu' paskua'!,¡feliz pascua!,U01039,G00900,medium,0.573962926864624,0.419902503490448,0.15406042337417603,30
U02420,G02195,por eso te estoy echando de menos. ¿qué teniendo mi hermana no me visita? estoy diciendo.,- nu'amuntana luwanpallen. ¿ma'pun a'cha kai kuawek lli'ker'i'ñu? tapalek.,- uk'apincha'lek yalli'amun. pa'amu menmik u'dun uklli lli'ker'i'ñen.,estoy viniendo queriendo verte. como fui a la chacra tantos días no te he visitado.,U02419,G02194,medium,0.6849592328071594,0.5343025922775269,0.15065664052963257,2
U00413,G00333,firma esto.,linserker' asu',i'shiker' asu',póngase esto.,U00872,G00745,hard,0.7720671892166138,0.6435967683792114,0.12847042083740234,4
U00413,G00333,firma esto.,linserker' asu',sek'diperker' asu',guarda esto.,U00374,G00305,medium,0.7720671892166138,0.6207970380783081,0.15127015113830566,8
U02239,G02014,¡buen viaje!,¡paker' musu'!,musu' dek'la,¡buen tiro!,U00396,G00321,hard,0.7234134674072266,0.6351391077041626,0.08827435970306396,2
U02239,G02014,¡buen viaje!,¡paker' musu'!,kawiter',acercate.,U00733,G00874,medium,0.7234134674072266,0.5230697989463806,0.20034366846084595,6
U01715,G01518,lo noto.,lli'apalek,luwer'chapalek,lo conozco.,U00529,G00438,medium,0.789239764213562,0.6359785795211792,0.1532611846923828,2
U03115,G02890,viniendo por ahí nos están viniendo a hacer esto.,nanalupa' uk'anna' asu' utapakellinerkenmu'wa'.,menmi a'nu'tudek'awa' tannima u'anna'.,"vamos a mandarles a hacer chacra, diciendo vinieron (a jeberos).",U03129,G02904,medium,0.6874718070030212,0.505635678768158,0.18183612823486328,2
U02012,G01797,adoro aprender.,iyatulek ñinchitak,ñinchitapalek idun'ak,sé nadar.,U00520,G00431,hard,0.7105297446250916,0.5909367203712463,0.11959302425384521,2
U02012,G01797,adoro aprender.,iyatulek ñinchitak,ñinchitapalek ma'tapallinpa',leo labios.,U00793,G00670,medium,0.7105297446250916,0.5552428960800171,0.15528684854507446,3
U00203,G00156,soy vago.,perchek' nuka'ka,ku'aper nuka'ka,soy mujer.,U00812,G00688,medium,0.7952467203140259,0.5958017706871033,0.1994449496269226,2
U00299,G00238,no mientas.,yatumu'ta,tumu'tulun,me mentiste.,U01913,G01705,medium,0.7933129072189331,0.6432778239250183,0.1500350832939148,2
U01680,G01485,¿te gusto?,¿iyatulun?,¿iya'tula?,¿te gustó?,U01961,G01751,hard,0.8144093751907349,0.7054651379585266,0.10894423723220825,2
U01680,G01485,¿te gusto?,¿iyatulun?,luantullien,te amo.,U00535,G00441,medium,0.8144093751907349,0.6085042357444763,0.20590513944625854,4
U00832,G00708,¿para llevar?,¿ekpa'ak?,¿pa'echek'ata'?,¿debería ir?,U00879,G00751,medium,0.7776310443878174,0.620266854763031,0.15736418962478638,2
U01336,G01164,¿puedo tomarlo?,¿yennitulek pilli'tak?,¿yennitulek a'ñak?,¿puedo tenerlo?,U01331,G01159,hard,0.8661018013954163,0.7378634810447693,0.12823832035064697,2
U01336,G01164,¿puedo tomarlo?,¿yennitulek pilli'tak?,¿yen'nitulek pa'ak?,¿puedo ir?,U00239,G00189,medium,0.8661018013954163,0.6725156903266907,0.19358611106872559,3
U00078,G01152,ayúdame.,katu'pa'u,katu'pa',la ayuda.,U01046,G00906,medium,0.8931108117103577,0.7003247141838074,0.1927860975265503,3
U01323,G01152,apóyame.,katu'pa'u,katu'palun,me salvó.,U00839,G00715,hard,0.8851898312568665,0.796093761920929,0.0890960693359375,3
U01323,G01152,apóyame.,katu'pa'u,tupi'tu'u,sígueme.,U00302,G00241,medium,0.8851898312568665,0.7308653593063354,0.154324471950531,5
U02978,G02753,-queriendo conocer hemos venido.,-yaluwer'amudek ukllidek.,ta'itula'udek yada'llidek,déjanos entrar.,U00386,G00314,medium,0.86106276512146,0.6823567152023315,0.17870604991912842,2
U01809,G01606,simplemente hazlo.,ma'pu'su'pintak nu'ter,nu'ter' ipia'lashinchi,hazlo ahoritita.,U01967,G01756,hard,0.6756559014320374,0.6103460192680359,0.06530988216400146,6
U01809,G01606,simplemente hazlo.,ma'pu'su'pintak nu'ter,eklli nu'ter',hágalo mañana.,U01669,G01476,medium,0.6756559014320374,0.5217808485031128,0.15387505292892456,13
U00708,G00594,puedes irte.,yennitula pa'a'masu',yennitula' uk'a'mak,puedes venir.,U01268,G01103,hard,0.8118878602981567,0.6980116963386536,0.11387616395950317,2
U00708,G00594,puedes irte.,yennitula pa'a'masu',yennitulek pa'ak,puedo ir.,U00173,G00131,medium,0.8118878602981567,0.6194698214530945,0.19241803884506226,4
U02590,G02365,"por este lugar hemos salido sin saber dónde,","asu'lupa' pekpikellidek, luwer'inpu'la'pi'mudek,","nanapa yunsu'i kenmu'wa'kinsa' ñii asu' samer,","para que salgan para nosotros nomás, para que sean para nosotros nomás estos peces,",U02682,G02457,hard,0.7462530732154846,0.6164602637290955,0.12979280948638916,2
U02590,G02365,"por este lugar hemos salido sin saber dónde,","asu'lupa' pekpikellidek, luwer'inpu'la'pi'mudek,","llimaklan wek'an asek nananta' yañinchitulli,","viniendo de lima aquí ella también quiere aprender,",U02279,G02054,medium,0.7462530732154846,0.5751595497131348,0.17109352350234985,3
U01488,G01306,está obsoleto.,ñapalli napi'da',ipia'la yennichi'ñi,está ocupado.,U01487,G01305,hard,0.6641395688056946,0.5967066287994385,0.0674329400062561,2
U01488,G01306,está obsoleto.,ñapalli napi'da',wer'su' ñapallidek,estamos perdidos.,U00699,G00585,medium,0.6641395688056946,0.499923974275589,0.1642155945301056,9
U02705,G02480,eso hizo arákayu y se fue río abajo.,nana nu'tan arakayu nu'wanta'lli.,tan ima arakayu nana lanla' aku'lli.,dijo arákayu y puso la ballena.,U02821,G02596,hard,0.7945182919502258,0.7052671313285828,0.08925116062164307,3
U02705,G02480,eso hizo arákayu y se fue río abajo.,nana nu'tan arakayu nu'wanta'lli.,arakayu ima lanla' akun yunsu'lli.,dicen que arákayu puso una ballena y salió (de la región).,U02819,G02594,medium,0.7945182919502258,0.6202027201652527,0.17431557178497314,5
U00218,G00170,estoy listo. (preparado),insek'diperpiku' nuka'ka,insekdiperpi ñapalidek,estamos listos.,U00945,G00813,hard,0.7529547810554504,0.6411967277526855,0.11175805330276489,3
U00218,G00170,estoy listo. (preparado),insek'diperpiku' nuka'ka,perwatendusu' ñapalek,estoy desesperado.,U01452,G01270,medium,0.7529547810554504,0.6021673679351807,0.15078741312026978,5
U02859,G02634,uno de nosotros va a perecer.,kenmu'wa' takeraterwa' nu'unta'nmu'wa'.,chiminllinkekla nanpiterwa',sobreviviremos.,U01579,G01390,hard,0.7218641042709351,0.6280034780502319,0.09386062622070312,2
U02859,G02634,uno de nosotros va a perecer.,kenmu'wa' takeraterwa' nu'unta'nmu'wa'.,dei'techuner'kudek,seremos asesinados.,U02176,G01956,medium,0.7218641042709351,0.5640509128570557,0.1578131914138794,4
U03122,G02897,"cuando tenia 12 años he escuchado lo que digo ahora, me ponía detrás de mi abuelita finada.","shunka' katu' ekkilala a'ñamu nana lunpa'kasu' ipa'la lauktulek, kuanta' supinawantamu amiwekku'.","wilaku ñamu kawitulek, du'pa'tamu laweklek lunpa'ser.","cuando era niño me acercaba, sentándome cerca les escuchaba contar. 6 se expresa en shiwilu como late nuestro hígado.",U02576,G02351,medium,0.7384507060050964,0.4811823070049286,0.25726839900016785,2
U02655,G02430,"escogieron (el pescado) y lo ahumaron, regresaron al pueblo y contaron (lo que había sucedido).","wadunni'ma chintanna', adenchanna' ñinanluk luncha'llina'.","muyunpak walek pa'anna', adencha'nna', indiuntunna' luñina'.","se fueron hasta moyobamba, regresaron, tuvieron reuniones y hablaron.",U03042,G02817,hard,0.6336885094642639,0.5509008169174194,0.08278769254684448,2
U02655,G02430,"escogieron (el pescado) y lo ahumaron, regresaron al pueblo y contaron (lo que había sucedido).","wadunni'ma chintanna', adenchanna' ñinanluk luncha'llina'.","naku'tanni'ma, ukllinantanna', ektu'llina' muyunpak.","después de pasar (ese lugar peligroso), amaneciéndose, llegaron a moyobamba.",U02972,G02747,medium,0.6336885094642639,0.4780159592628479,0.15567255020141602,6
U02465,G02240,llenaban el canasto y lo sentaban.,"pi'murllina', a'du'llina'.","adipi wichi'llina', inyulatekkek.","afuera dormía la gente, en el patio exterior.",U02663,G02438,hard,0.6515567302703857,0.5669678449630737,0.08458888530731201,2
U02465,G02240,llenaban el canasto y lo sentaban.,"pi'murllina', a'du'llina'.","wadeklek, susullina'.",los parí y crecieron.,U02266,G02041,medium,0.6515567302703857,0.4883692264556885,0.16318750381469727,5
U02301,G02076,ninguno sabe de esta lengua porque no les he hablado.,ñienkasu' ñinchichillina' namasu' la'lekla lunchinpu'dek'a'kasu' malek.,nerpi'pu' innichi'nek lli'inuta'kasu' lunpa'kasu'.,a veces no puedo recordar lo que estoy hablando.,U02285,G02060,medium,0.7431241273880005,0.5496575236320496,0.19346660375595093,2
U01757,G01559,estaba agotado.,ñapawinek saka'tusu',ñapawinek nanpiladasu',estaba despierto.,U00799,G00676,hard,0.7108707427978516,0.6460806727409363,0.06479007005691528,7
U01757,G01559,estaba agotado.,ñapawinek saka'tusu',lupersu' ñapawiñidek,estábamos borrachos.,U01577,G01388,medium,0.7108707427978516,0.5452483296394348,0.16562241315841675,16
U01651,G01460,¿puedo ayudarle?,¿yennitulek katu'pa'a'kik?,¿yennitulama katupa'a'muk?,¿pueden ayudarme?,U01955,G01745,hard,0.8097007274627686,0.7011290788650513,0.10857164859771729,5
U01651,G01460,¿puedo ayudarle?,¿yennitulek katu'pa'a'kik?,taitula'u katu'pe'chen,déjame ayudarte.,U00849,G00725,medium,0.8097007274627686,0.6511844396591187,0.1585162878036499,9
U01652,G01460,¿puedo ayudarte?,¿yennitulek katu'pa'a'kik?,yennitulek katu'pa'a'kik,puedo ayudarte.,U01713,G01516,hard,0.9363856911659241,0.8409451842308044,0.09544050693511963,3
U01652,G01460,¿puedo ayudarte?,¿yennitulek katu'pa'a'kik?,¿yennitechek katu'pa'tak?,¿puedo ayudar?,U00470,G00385,medium,0.9363856911659241,0.7605799436569214,0.17580574750900269,4
U01733,G01535,necesito respuestas.,luwantulek na'pia'musu',luwantulek saka'tak,necesito trabajar.,U01735,G01537,hard,0.5135317444801331,0.46078386902809143,0.052747875452041626,6
U01733,G01535,necesito respuestas.,luwantulek na'pia'musu',luwantulek katu'pa',necesito ayuda.,U00788,G00665,medium,0.5135317444801331,0.35855716466903687,0.1549745798110962,27
U01559,G01371,intenta hacerlo.,teklerier' nu'ta'mak,nu'ter' ipia'la,hazlo ahorita.,U00738,G00618,medium,0.7509428858757019,0.5831041932106018,0.1678386926651001,2
U00580,G00482,¿es ese?,¿nana'cha?,¿nu'su' nuka'a?,¿es así?,U00581,G00483,hard,0.9023561477661133,0.7886769771575928,0.11367917060852051,2
U00580,G00482,¿es ese?,¿nana'cha?,asu' nuka'a,éste es.,U00645,G00538,medium,0.9023561477661133,0.6470474004745483,0.25530874729156494,5
U02666,G02441,"arákayu, el gobernante ha dicho que te vayas a pandillar para el carnaval.","- arakayú, wa'an tulli chu'kenpa'tunter ima asu' mitanpi'.","mi'lencháaa, kenma enpu'nipi'nta' uklutetchu iñer a'kaser apalaaa.","abeja mi'len, tú qué cantidad de chicha que hagas siempre la endulzas.",U02376,G02151,medium,0.7094932794570923,0.5288988351821899,0.18059444427490234,2
U00447,G00363,nos olvidamos.,pinaner'llidek,yennichi'nek'wa',nos rendimos.,U01247,G01084,hard,0.6966617107391357,0.6086622476577759,0.08799946308135986,3
U00447,G00363,nos olvidamos.,pinaner'llidek,a'nañiechidek,compartiremos.,U00942,G00810,medium,0.6966617107391357,0.5387156009674072,0.15794610977172852,9
U01467,G01285,¿es privado?,¿sekipia'cha?,¿luwer'pia'cha?,¿es popular?,U01466,G01284,hard,0.6471686959266663,0.5920808911323547,0.05508780479431152,2
U01467,G01285,¿es privado?,¿sekipia'cha?,¿yennitater'a'cha?,¿es posible?,U01785,G01584,medium,0.6471686959266663,0.46778303384780884,0.17938566207885742,13
U00508,G00420,"hey, cálmate.",lauk'la tuna'ker',ta'tuler',cállate.,U01179,G01027,hard,0.7672851085662842,0.6232074499130249,0.14407765865325928,2
U00508,G00420,"hey, cálmate.",lauk'la tuna'ker',lau'ker' musu',escucha atentamente.,U01828,G01624,medium,0.7672851085662842,0.6109086275100708,0.15637648105621338,5
U02490,G02265,"ahora, cuando murieron mis padres nos hemos quedado huérfanos.",ipa'la tatawek awawek chiminsik i'na dinsuwilallidek.,teksusupa'nku tatanenna' chiminlapillun.,ayudándome a criarlos su padre murió y quedé sola.,U02267,G02042,medium,0.8336209654808044,0.5590328574180603,0.27458810806274414,2
U02911,G02686,(al llegar vieron que) solamente sus mosquiteros estaban templados.,chipetcheknenna'si'ma' pektentapalli.,llinanlusi'ma tanpa'nen ukunñina'.,las ramas de las lupunas quebradas se mantenían colgadas (ya el duende los estaba hipnotizando).,U02944,G02719,hard,0.669166624546051,0.5437214374542236,0.1254451870918274,2
U02911,G02686,(al llegar vieron que) solamente sus mosquiteros estaban templados.,chipetcheknenna'si'ma' pektentapalli.,sadinleksi'ma chu'kenñi.,sólo con su mujer pandillaba.,U02675,G02450,medium,0.669166624546051,0.5189517140388489,0.15021491050720215,3
U01398,G01222,yo exageré.,kua a'nadalek,nana a'lek'apalek.,le estoy enseñando.,U02314,G02089,hard,0.7329763174057007,0.6702041029930115,0.06277221441268921,2
U01398,G01222,yo exageré.,kua a'nadalek,tumu'tuleklek,les mentí.,U01411,G01232,medium,0.7329763174057007,0.557944118976593,0.17503219842910767,3
U00534,G00441,te quiero.,luantullien,luyullien,te detesto.,U00525,G00435,medium,0.8902413845062256,0.6968114972114563,0.1934298872947693,3
U00535,G00441,te amo.,luantullien,luyullien,te detesto.,U00525,G00435,medium,0.8376377820968628,0.6468701958656311,0.1907675862312317,3
U02268,G02043,"ahora mis hijos a su vez me están sirviendo,","ipa'li'na wilaweklusa' nanapu'si'la luwektapallinerku,","wilalusa' ipa'la kaschilla' la'leklansa' lunna',",los niños ahora hablan sólo el castellano,U02325,G02100,medium,0.8502975702285767,0.6347236633300781,0.21557390689849854,2
U02172,G01952,queremos hablar.,yalunñidek,yadekllidek,queremos votar.,U02173,G01953,hard,0.7498740553855896,0.6364666223526001,0.1134074330329895,2
U02172,G01952,queremos hablar.,yalunñidek,we'inutulidek,lo sentimos.,U00946,G00814,medium,0.7498740553855896,0.5917011499404907,0.15817290544509888,5
U00662,G00552,tom obedeció.,tom latek'tulli,tom katu'pa'tulli,tom ayudó.,U00658,G00548,hard,0.7654367089271545,0.6174278259277344,0.14800888299942017,2
U00662,G00552,tom obedeció.,tom latek'tulli,tom latekte'chu,tom obedecerá.,U01558,G01370,medium,0.7654367089271545,0.583458423614502,0.1819782853126526,3
U01903,G01697,¿y tú?,¿kenma?,¿kenma'cha'?,¿eres tú?,U00355,G00286,hard,0.8802106380462646,0.7422217130661011,0.13798892498016357,2
U01903,G01697,¿y tú?,¿kenma?,¿ñapala?,¿estás?,U01320,G01149,medium,0.8802106380462646,0.6754489541053772,0.20476168394088745,3
U01135,G00988,siga leyendo.,luntaper'i'la,lun'aper'i'la,continuá hablando.,U01139,G00992,hard,0.7355393171310425,0.613789975643158,0.12174934148788452,2
U01135,G00988,siga leyendo.,luntaper'i'la,lansa'per'i'la,sigue bailando.,U01131,G00984,medium,0.7355393171310425,0.5852590799331665,0.15028023719787598,4
U01711,G01514,presto dinero.,alantapalek kulliker',uku'latapalek wa'nateka'asu',vendo autos.,U00794,G00671,hard,0.7437876462936401,0.6596921682357788,0.08409547805786133,2
U01711,G01514,presto dinero.,alantapalek kulliker',luyulek idenmaak,odio pelear.,U02004,G01790,medium,0.7437876462936401,0.5899893641471863,0.15379828214645386,3
U01396,G01220,no esperé.,wa'tenchi'nek,wa'ten'nek',esperé.,U00185,G00141,hard,0.7795915007591248,0.643700897693634,0.13589060306549072,2
U01396,G01220,no esperé.,wa'tenchi'nek,wa'tentapalek,estoy esperando.,U00830,G00706,medium,0.7795915007591248,0.6236861944198608,0.15590530633926392,3
U02878,G02653,"sí, he venido, hermano. tú candelita necesito. (joven)","- uklek, alli'sha. penshapen luwanpa'llen.","- ajá, ñapalek, ñañá. uker lli'ker'ú.","sí, aquí estoy, hermana. ven a visitarme.",U02418,G02193,medium,0.7091714143753052,0.4915892779827118,0.21758213639259338,2
U02454,G02229,recogiendo (masato) de la tinaja me dan de beber.,madettanna' a'ullinerku.,iker'lalak aku'llinerku,me demandaron.,U01779,G01578,hard,0.6008237600326538,0.4538046717643738,0.14701908826828003,2
U02454,G02229,recogiendo (masato) de la tinaja me dan de beber.,madettanna' a'ullinerku.,wanersu' anu'dektullina'.,de pie cayeron al agua.,U02701,G02476,medium,0.6008237600326538,0.4298308193683624,0.17099294066429138,3
U01783,G01582,¿está durmiendo?,¿wicha'palli?,¿wichisu'a'cha?,¿está dormido?,U01784,G01583,hard,0.8863484859466553,0.7743223905563354,0.11202609539031982,2
U01783,G01582,¿está durmiendo?,¿wicha'palli?,¿wichi'su' ñapala?,¿estás dormido?,U01645,G01455,medium,0.8863484859466553,0.7291533350944519,0.15719515085220337,3
U02814,G02589,ahora los han espantado más lejos.,ipa'la a'pinta' lliwaitullina'.,ipa'li'na ma'nen llillinlusi'pa' aku'llina'.,ahora cualquier nombre ya les ponen.,U03199,G02974,medium,0.7421323657035828,0.5730592608451843,0.16907310485839844,2
U01975,G01764,¿tú crees?,¿kenma latektapala?,nanentupen,tú primera.,U01270,G01105,medium,0.8575580716133118,0.5902857780456543,0.26727229356765747,3
U01976,G01764,¿usted cree?,¿kenma latektapala?,¿lli'inutapala?,¿lo recuerdas?,U01974,G01763,medium,0.8535177111625671,0.6187908053398132,0.2347269058227539,3
U02071,G01854,era fabuloso.,u'chimu'ñiwiñi,nudu'pi ñiwiñi,fue repugnante.,U01124,G00977,hard,0.7483342885971069,0.6977316737174988,0.050602614879608154,5
U02071,G01854,era fabuloso.,u'chimu'ñiwiñi,u'chimusha nuka'a,es adorable.,U01481,G01299,medium,0.7483342885971069,0.5967764854431152,0.1515578031539917,11
U00019,G00016,sonrían.,yamerku',yamerladaker',sonría.,U00618,G00514,hard,0.8526158332824707,0.751854658126831,0.10076117515563965,3
U00019,G00016,sonrían.,yamerku',yamerladallina',sonrieron.,U00899,G00770,medium,0.8526158332824707,0.6808680891990662,0.17174774408340454,4
U00634,G00529,buen chico.,wila mukankan,mulunsha nuka'a,es guapa.,U00620,G00515,medium,0.7972755432128906,0.6323193311691284,0.1649562120437622,2
U02348,G02123,poniéndolo en el batán los antiguos molían con moledor de palo.,pitak aku'n peksantunanlek napi'ku'lusa' peksantullina'.,tuntunwanta'ser silututa'ser inkapetllina' apu'tekku' unkunanñik'inchi.,"cuando tenían todos sus tambores, cuando yupaneaban se encontraron en la misma puerta de apu'tek.",U03076,G02851,medium,0.7147642374038696,0.4878118932247162,0.22695234417915344,2
U01516,G01331,¡di algo!,¡tuker' ma'nen'unta'!,¡tuku' ma'nen'unta'!,¡digan algo!,U01517,G01332,medium,0.8160768151283264,0.638261079788208,0.1778157353401184,2
U02681,G02456,"quemémosle la casa a este arákayu,","di'serpidektawa' asu' arakayu,",tan ima pillekllenmu'wa' asu' arakayu.,eso exclamó y nos maldijo este arákayu.,U02764,G02539,medium,0.8386828899383545,0.6428000330924988,0.1958828568458557,2
U00049,G00039,pruébalo. (intentar),tekle'rier',lek'ker',pregúntales.,U00136,G00097,hard,0.857666015625,0.77605140209198,0.08161461353302002,4
U00049,G00039,pruébalo. (intentar),tekle'rier',lli'ker',míralo.,U00858,G00734,medium,0.857666015625,0.665610671043396,0.192055344581604,7
U02649,G02424,"la matamata, la taricaya, la charapa salieron del agua.","mapapa', damer'ita, puka' yunchinkelli.","dei'tanna', pen dintunna', aku'lalatullina'.","lo mataron, atizaron la candela y lo metieron (al fuego).",U02949,G02724,medium,0.769618809223175,0.48031970858573914,0.2892991006374359,2
U02751,G02526,dicen que de esa manera antiguamente arákayu nos maldijo y nos abandonó. a long time ago.,nu'sui'ma napi' arakayu pillek'aminerkenmu'wa' pa'lapinta'llinerkenmu'wa'.,nanadaper ima'ka arakayu yun pa'lapinantullinerkudek.,dicen que todas estas cosas arákayu enojándose nos ha dejado al irse.,U02823,G02598,hard,0.6302613615989685,0.5290184617042542,0.10124289989471436,2
U02751,G02526,dicen que de esa manera antiguamente arákayu nos maldijo y nos abandonó. a long time ago.,nu'sui'ma napi' arakayu pillek'aminerkenmu'wa' pa'lapinta'llinerkenmu'wa'.,nu'an asu' kekkilu'tek yunsu'lli ya'lli'minmu'wa' yapekkiwantanminmu'wa',quizás aparecieron estas nubes para pronosticarnos mal agüero,U02900,G02675,medium,0.6302613615989685,0.4781075417995453,0.15215381979942322,5
U00681,G00893,miren esto.,lli'ku' asu',lataker' asu',pruébate este.,U00919,G00789,medium,0.8930960297584534,0.6482640504837036,0.24483197927474976,3
U01032,G00893,examinen esto.,lli'ku' asu',llinser'ker' asu',anote esto.,U02199,G01976,hard,0.7277310490608215,0.6404202580451965,0.087310791015625,3
U01032,G00893,examinen esto.,lli'ku' asu',teklerier' ninchita'mak,adivina.,U01151,G01004,medium,0.7277310490608215,0.5545060038566589,0.1732250452041626,10
U01326,G01155,pide ayuda.,lekter' katu'pa',lektuku' katu'pa',pidan ayuda.,U01328,G01156,hard,0.8234148025512695,0.7031862735748291,0.12022852897644043,3
U01326,G01155,pide ayuda.,lekter' katu'pa',katu'per',ayúdalo.,U00166,G00124,medium,0.8234148025512695,0.5502153635025024,0.2731994390487671,5
U01327,G01155,pida ayuda.,lekter' katu'pa',lektuku' katu'pa',pidan ayuda.,U01328,G01156,hard,0.8296452164649963,0.7478253245353699,0.08181989192962646,3
U01327,G01155,pida ayuda.,lekter' katu'pa',katu'pa',la ayuda.,U01046,G00906,medium,0.8296452164649963,0.6323369145393372,0.19730830192565918,6
U00820,G00696,estoy casado.,ñapalek sadasu',sadasu' nuka'ka,soy casado.,U00821,G00697,hard,0.822982907295227,0.7483661770820618,0.07461673021316528,2
U00820,G00696,estoy casado.,ñapalek sadasu',sudasu' nuka'ka,soy casada.,U00822,G00698,medium,0.822982907295227,0.6617218852043152,0.16126102209091187,4
U02176,G01956,seremos asesinados.,dei'techuner'kudek,chiminllinkekla nanpiterwa',sobreviviremos.,U01579,G01390,medium,0.8708537817001343,0.6972583532333374,0.17359542846679688,2
U00871,G00745,ponte esto.,i'shiker' asu',linserker' asu',firma esto.,U00413,G00333,hard,0.774104654788971,0.6946333050727844,0.07947134971618652,7
U00871,G00745,ponte esto.,i'shiker' asu',enka'u nana,dame eso.,U01033,G00894,medium,0.774104654788971,0.6196710467338562,0.15443360805511475,13
U00872,G00745,póngase esto.,i'shiker' asu',ekpa'ker' asu',lleva esto.,U00471,G00386,hard,0.8460286259651184,0.7805660367012024,0.06546258926391602,6
U00872,G00745,póngase esto.,i'shiker' asu',llinser'ker' asu',anote esto.,U02199,G01976,medium,0.8460286259651184,0.6542335748672485,0.19179505109786987,9
U02382,G02157,"después de endulzar (el líquido con el mascado), se cierne en la sedama (cernidor).",a'kaser'a'kasu' supinak ukllinkek sulatulek.,inyek ipa'linchi peksanek.,una vez tostado se lo muele.,U02347,G02122,hard,0.673454761505127,0.5342115759849548,0.13924318552017212,2
U02382,G02157,"después de endulzar (el líquido con el mascado), se cierne en la sedama (cernidor).",a'kaser'a'kasu' supinak ukllinkek sulatulek.,nu'sik upetchununta'lek deklek.,luego se vuelve a agregar agua.,U02370,G02145,medium,0.673454761505127,0.5168403387069702,0.15661442279815674,3
U00238,G00188,cásate conmigo.,sadaker' kualek',llia'ker' kualek,quedate conmigo.,U01177,G01025,hard,0.656998872756958,0.5978466272354126,0.05915224552154541,2
U00238,G00188,cásate conmigo.,sadaker' kualek',wiperi'u,abrázame.,U00027,G00022,medium,0.656998872756958,0.5006349682807922,0.15636390447616577,6
U01099,G00958,soy escritor.,llinserchutek' nuka'ka,lulentutek' nuka'ka,soy médico.,U01097,G00956,hard,0.750947117805481,0.6249108910560608,0.12603622674942017,2
U01099,G00958,soy escritor.,llinserchutek' nuka'ka,taserlunku nuka'ka,soy adulta.,U01100,G00959,medium,0.750947117805481,0.5888665318489075,0.1620805859565735,3
U02629,G02404,¿qué tipo de peces quieren?,¿ma'lusa' samellusa'cha luwantulama'?,kulliker' luwantullidek,necesitamos dinero.,U01572,G01383,medium,0.7681050896644592,0.4813288152217865,0.28677627444267273,2
U03145,G02920,así nomas han sido antes.,nu'su'sa' ñillina' napi'.,nu'su' ñiwiñi napi'.,así era antes.,U03206,G02981,hard,0.7778142094612122,0.6517247557640076,0.1260894536972046,2
U03145,G02920,así nomas han sido antes.,nu'su'sa' ñillina' napi'.,nu'su' nanpillina' napi'.,así han vivido antes.,U03101,G02876,medium,0.7778142094612122,0.5971775650978088,0.18063664436340332,4
U00466,G00381,sea paciente.,wa'tenker' a'mercha.,wa'tentutek nuka'ma,eres paciente.,U01927,G01718,hard,0.8067659139633179,0.6573638916015625,0.14940202236175537,2
U00466,G00381,sea paciente.,wa'tenker' a'mercha.,wa'tenta'masu' ñapalli,debes esperar.,U01618,G01429,medium,0.8067659139633179,0.6459853649139404,0.16078054904937744,3
U00694,G00581,esperaremos.,wa'tentaterwa',wa'tentapechek,estaré esperando.,U02041,G01825,hard,0.8524172902107239,0.770579993724823,0.08183729648590088,2
U00694,G00581,esperaremos.,wa'tentaterwa',kuda wa'tentulidek,nosotros esperamos.,U00449,G00365,medium,0.8524172902107239,0.6556970477104187,0.19672024250030518,5
U03171,G02946,"yo soy tocayo, yo soy, este, shapingo16.","kui'na apulli'ku, kwina', ma'i, tananmuda'ku.","kenmami'na nana panpateklu' chota, chotanma'.","y ustedes los de la pampa chota, ustedes son chota.",U03167,G02942,medium,0.7550689578056335,0.5876250267028809,0.16744393110275269,2
U02358,G02133,cuando hierve se tantea para estar segura de que esté suave.,ukluka'sik pata'lek unmellinpa'ta'kasu'.,ukluka'pasik kenmu'nta' inyalalatulek chitetlla.,mientras está hirviendo se tuesta el maíz desgranado.,U02345,G02120,medium,0.6800854206085205,0.48429253697395325,0.19579288363456726,2
U00578,G00481,¿es seguro?,¿tekinchi'cha?,¿mudinupallincha?,¿está sano?,U01786,G01585,hard,0.7132505178451538,0.6165451407432556,0.0967053771018982,4
U00578,G00481,¿es seguro?,¿tekinchi'cha?,¿lulentutek'a'cha?,¿es doctor?,U01782,G01581,medium,0.7132505178451538,0.5610356330871582,0.1522148847579956,9
U00579,G00481,¿es verdad?,¿tekinchi'cha?,¿lulentutek'a'cha?,¿es doctor?,U01782,G01581,hard,0.7683090567588806,0.6445443630218506,0.12376469373703003,5
U00579,G00481,¿es verdad?,¿tekinchi'cha?,tumu' nuka'a,es falso.,U02123,G01903,medium,0.7683090567588806,0.6110048294067383,0.15730422735214233,6
U01585,G01396,estamos leyendo.,kerka' luntapallidek,lansa'wa',bailemos.,U00854,G00730,hard,0.7102131247520447,0.6597381830215454,0.05047494173049927,4
U01585,G01396,estamos leyendo.,kerka' luntapallidek,lansa'pallina',están bailando.,U02144,G01924,medium,0.7102131247520447,0.5577980279922485,0.15241509675979614,9
U02468,G02243,un día dos muchachas y dos muchachos encontrándolo (en el camino) se burlaron de él.,ala'lu'sa' katu'ta' wilalunlusa' katu'ta' yuyu'walusa'ler kaper'anna' lumellina'.,wilalusa' enmu'pinenwawalusa' ima peklu'deklli.,a los niños varoncitos los llamó.,U03175,G02950,medium,0.7176210880279541,0.5062692761421204,0.21135181188583374,2
U01472,G01290,empeora.,nu'la'lli,a'aper'lli,fracasó.,U00358,G00289,hard,0.7606038451194763,0.6946812272071838,0.06592261791229248,2
U01472,G01290,empeora.,nu'la'lli,ikerlli,duele.,U00221,G00173,medium,0.7606038451194763,0.6087570190429688,0.15184682607650757,4
U00688,G01082,debemos irnos.,pa'a'kawa'su' ñapalli,ka'a'kawa'su' ñapalli,deberíamos comer.,U01574,G01385,hard,0.8756430149078369,0.7566303610801697,0.11901265382766724,3
U00688,G01082,debemos irnos.,pa'a'kawa'su' ñapalli,nuwanta'wa',vayamos abajo.,U01505,G01321,medium,0.8756430149078369,0.6757581233978271,0.19988489151000977,4
U01244,G01082,deberíamos irnos.,pa'a'kawa'su' ñapalli,ka'a'kawa'su' ñapalli,deberíamos comer.,U01574,G01385,hard,0.8651764392852783,0.7604478597640991,0.1047285795211792,3
U01244,G01082,deberíamos irnos.,pa'a'kawa'su' ñapalli,nuwanta'wa',vayamos abajo.,U01505,G01321,medium,0.8651764392852783,0.6338365077972412,0.2313399314880371,4
U01355,G01182,dímelo.,wintu'u,luntuu,háblame.,U00881,G00753,medium,0.8665139079093933,0.712552011013031,0.1539618968963623,2
U00791,G00668,necesito esto.,luwantulek asu',nana luwantulek,quiero eso.,U00797,G00674,hard,0.8482178449630737,0.774914026260376,0.07330381870269775,3
U00791,G00668,necesito esto.,luwantulek asu',¿ma'nen luwantulek?,¿qué necesito?,U01904,G01698,medium,0.8482178449630737,0.564073920249939,0.28414392471313477,4
U01006,G00869,¿puedes andar?,¿yennitapala dekkunta'mak?,¿yennitula uk'a'mak?,¿puedes venir?,U01002,G00865,hard,0.7861210107803345,0.6646117568016052,0.12150925397872925,2
U01006,G00869,¿puedes andar?,¿yennitapala dekkunta'mak?,¿yen'nitulek pa'ak?,¿puedo ir?,U00239,G00189,medium,0.7861210107803345,0.5978145599365234,0.18830645084381104,3
U00169,G00127,compláceme.,a'sakek'u,na'pi'u,respóndeme.,U00281,G00226,hard,0.7583814859390259,0.6363956928253174,0.1219857931137085,2
U00169,G00127,compláceme.,a'sakek'u,na'piu'ku,respóndanme.,U00282,G00227,medium,0.7583814859390259,0.5972690582275391,0.16111242771148682,3
U00363,G00294,está frío.,sanek'apalli,we'inutapalli,está deprimido.,U01704,G01507,hard,0.7605574727058411,0.6250855326652527,0.13547194004058838,2
U00363,G00294,está frío.,sanek'apalli,pulunker' wanta'palli,está nublado.,U00846,G00722,medium,0.7605574727058411,0.60590660572052,0.15465086698532104,4
U01258,G01094,¿quién canceló?,¿den ata'wantulli?,¿den iduñi?,¿quién nadó?,U00276,G00222,hard,0.7093870639801025,0.6352320909500122,0.07415497303009033,3
U01258,G01094,¿quién canceló?,¿den ata'wantulli?,¿den wer'lli?,¿quién desapareció?,U01261,G01097,medium,0.7093870639801025,0.552473247051239,0.15691381692886353,6
U01558,G01370,tom obedecerá.,tom latekte'chu,tom akusute'chu,tom cocinará.,U01557,G01369,hard,0.7406718730926514,0.6892562508583069,0.05141562223434448,3
U01558,G01370,tom obedecerá.,tom latekte'chu,tom pa'echu,tom irá.,U00441,G00358,medium,0.7406718730926514,0.5809938311576843,0.15967804193496704,5
U00665,G00555,tom rezó.,tom malla'lli,tom yamerladalli,tom sonrió.,U00666,G00556,hard,0.6972981095314026,0.6222764253616333,0.07502168416976929,6
U00665,G00555,tom rezó.,tom malla'lli,kishu wellek'lli,jesús lloró.,U00591,G00491,medium,0.6972981095314026,0.542601466178894,0.15469664335250854,18
U03189,G02964,esa clase de nombres antes no hemos tenido.,tusu'sa' llillinlusa' napi' a'ñiwinekwa'.,a'pimuchun kenmu'wa'ki ñii asu' samer.,será mejor que nos apropiemos de estos peces.,U02680,G02455,medium,0.7334843277931213,0.5610430240631104,0.172441303730011,2
U01843,G01638,estaba llorando.,welliek'apawiñi,¿welliek'apawina?,¿estabas llorando?,U02187,G01967,hard,0.811671793460846,0.7024805545806885,0.10919123888015747,2
U01843,G01638,estaba llorando.,welliek'apawiñi,tom welliek'lli,tom lloró.,U00261,G00208,medium,0.811671793460846,0.6446472406387329,0.16702455282211304,5
U00022,G00018,levanta. (pararse),yunsanker',anu'ker',túmbate.,U00149,G00109,hard,0.7572991251945496,0.6896974444389343,0.06760168075561523,2
U00022,G00018,levanta. (pararse),yunsanker',nu'wanker',bájate.,U00061,G00876,medium,0.7572991251945496,0.5923188924789429,0.1649802327156067,4
U02882,G02657,dijeron eso y regresando (el joven y otros) vinieron a contar al grupo de personas.,tanni'ma adenchanna' lunchallina' da'mupa'ser nana musun.,"tanni'ma insekdipellina', uklulu'nenna' a'nu'tullina' sadina' yekpanna'.","dijeron esto y se alistaron, mandaron a hacer masato a sus señoras para llevar.",U02870,G02645,hard,0.7381131649017334,0.594866931438446,0.14324623346328735,2
U02882,G02657,dijeron eso y regresando (el joven y otros) vinieron a contar al grupo de personas.,tanni'ma adenchanna' lunchallina' da'mupa'ser nana musun.,adencha'nni'ma luncha'llina': enpu'nipa' ali'la ñinanluk lupa'paperpidek'wañina'.,tras volver (a jeberos) contaron: mucho en otros pueblos tienen casa embarrada (tarrajeada).,U02983,G02758,medium,0.7381131649017334,0.5316572785377502,0.20645588636398315,3
U02567,G02342,nosotros no vamos a equivocarnos más. nosotros no vamos a pecar más.,kenmu'wa' a'pinta' tu'aper'interwa'. kenmu'wa' a'pinta' usha'winterwa'.,kenmu'wa' takeraterwa' nu'unta'nmu'wa'.,uno de nosotros va a perecer.,U02859,G02634,hard,0.718433141708374,0.5745278000831604,0.14390534162521362,3
U02567,G02342,nosotros no vamos a equivocarnos más. nosotros no vamos a pecar más.,kenmu'wa' a'pinta' tu'aper'interwa'. kenmu'wa' a'pinta' usha'winterwa'.,"kenmu'wa' mutupi muda', kenmu'wa' ñi asu'lupa'dei'npu'.","nosotros somos gente de cerro, nosotros no somos de aquí.",U03150,G02925,medium,0.718433141708374,0.5310370326042175,0.1873961091041565,4
U01051,G00911,está sufriendo.,insek'lutenapalli,inyutapallina',están discutiendo.,U02141,G01921,hard,0.6467900276184082,0.5596919059753418,0.0870981216430664,10
U01051,G00911,está sufriendo.,insek'lutenapalli,panutapalli.,está regalando (pescado).,U02661,G02436,medium,0.6467900276184082,0.4956865608692169,0.15110346674919128,22
U00587,G00488,está listo.,insek'diperpi ñapalli,tekdiperpi ñapalli,está mejorado.,U01485,G01303,hard,0.7593873739242554,0.7086516618728638,0.0507357120513916,2
U00587,G00488,está listo.,insek'diperpi ñapalli,insekdiperpi nuka'ma,eres listo.,U01301,G01132,medium,0.7593873739242554,0.5989357233047485,0.16045165061950684,5
U01470,G01288,¿hay más?,¿ñapalli a'pinda'?,¿weia'cha ñapalli?,¿está lejos?,U00354,G00285,medium,0.8051798939704895,0.5911111235618591,0.21406877040863037,2
U02962,G02737,"cuando venía (el tigre negro), con la olla de barro y todo se lo echaron en su cabeza.","ukkapinchasik, uktalek i'la pidanantullina' mutu'ñik.",tuntunwanta'ser silututa'ser inkapetllina' apu'tekku' unkunanñik'inchi.,"cuando tenían todos sus tambores, cuando yupaneaban se encontraron en la misma puerta de apu'tek.",U03076,G02851,medium,0.6952142119407654,0.532808244228363,0.16240596771240234,2
U00539,G00445,necesito hielo.,luwantulek sanek,luwantulek dek',necesito agua.,U01077,G00936,hard,0.6874394416809082,0.591277539730072,0.09616190195083618,5
U00539,G00445,necesito hielo.,luwantulek sanek,luwantulek na'pia'musu',necesito respuestas.,U01733,G01535,medium,0.6874394416809082,0.5256657600402832,0.161773681640625,6
U00328,G00263,¡lo adoro!,¡tante'ñek!,¡dakuta'lek!,¡qué vergüenza!,U01169,G01019,hard,0.7612528800964355,0.6342771649360657,0.12697571516036987,2
U00328,G00263,¡lo adoro!,¡tante'ñek!,¡kana'tulek!,¡he ganado!,U00015,G00012,medium,0.7612528800964355,0.5837316513061523,0.1775212287902832,3
U01344,G01172,serás bienvenido.,musu' sek'kaperechuner'ken,muwencha'ku',bienvenidos.,U00125,G00089,medium,0.8013054132461548,0.6209905743598938,0.180314838886261,3
U01137,G00990,sigan corriendo.,teka'pa'ku'i'la,tupituku' inpalerianma',sigan practicando.,U02087,G01869,medium,0.8121079206466675,0.6348234415054321,0.17728447914123535,2
U00558,G00463,ahí voy.,nanek pa'echek,ñapechek nanek,estaré ahí.,U01434,G01254,hard,0.8204253911972046,0.6894117593765259,0.1310136318206787,2
U00558,G00463,ahí voy.,nanek pa'echek,nanek ñapaterwa',ahí estaremos.,U01889,G01683,medium,0.8204253911972046,0.6447063684463501,0.1757190227508545,3
U01571,G01382,tenemos reglas.,a'ñapallidek la'la'lusa' latek'ak,a'ñapallidek ñiñi'wa,tenemos perro.,U01569,G01380,hard,0.6497737765312195,0.5627104043960571,0.08706337213516235,3
U01571,G01382,tenemos reglas.,a'ñapallidek la'la'lusa' latek'ak,yampu'su' ñapallidek,estamos separados.,U02184,G01964,medium,0.6497737765312195,0.49671700596809387,0.1530567705631256,10
U01430,G01250,escribo versos.,linserchapalek la'la'lusa',luwantulek llinserchunan,necesito pintura.,U01075,G00934,medium,0.8021125197410583,0.6284336447715759,0.17367887496948242,2
U00875,G00748,mándalo dentro.,aku'ker' kinekla,a'sanek'ker',enfríalo.,U01017,G00879,medium,0.7208403944969177,0.4810587167739868,0.2397816777229309,3
U00876,G00748,mándalo adentro.,aku'ker' kinekla,wek'ker' ipia'la,ven enseguida.,U01010,G00873,medium,0.724271297454834,0.4725603461265564,0.2517109513282776,3
U02334,G02109,"ahora mis hermanas menores, señoras, les voy a contar,","ipa'li'na kai kuaweklusa', senñula'lusa', wintetchenma'","wilalusa' ipa'la kaschilla' la'leklansa' lunna',",los niños ahora hablan sólo el castellano,U02325,G02100,medium,0.8203150629997253,0.584250807762146,0.23606425523757935,2
U01406,G01228,estoy resfriado.,ilusu' ñapalek,ukapisu' ñapalek,estoy caliente.,U00215,G00167,hard,0.8199154734611511,0.7557654976844788,0.06414997577667236,13
U01406,G01228,estoy resfriado.,ilusu' ñapalek,nupek'pi ñapalek,estoy quebrado.,U00339,G00272,medium,0.8199154734611511,0.6454142928123474,0.1745011806488037,19
U01407,G01228,estoy acatarrado.,ilusu' ñapalek,inapilante'ñapalek,estoy descalzo.,U01101,G00960,hard,0.8310125470161438,0.7793402671813965,0.051672279834747314,3
U01407,G01228,estoy acatarrado.,ilusu' ñapalek,ñapalek a'mechailusu,estoy constipado.,U02058,G01841,medium,0.8310125470161438,0.6773624420166016,0.15365010499954224,20
U00179,G00137,me niego.,luwanchi'nek,lu'wanek,lo extraño.,U00538,G00444,hard,0.7428465485572815,0.6296446919441223,0.11320185661315918,2
U00179,G00137,me niego.,luwanchi'nek,yen'nichi'nek,estoy ocupada.,U00314,G00251,medium,0.7428465485572815,0.5904865860939026,0.1523599624633789,4
U00412,G00332,firme aquí.,linsercher' asek,kencher' asek,tráelo aquí.,U01325,G01154,hard,0.7027275562286377,0.5855327248573303,0.11719483137130737,2
U00412,G00332,firme aquí.,linsercher' asek,sek'diperker' asu',guarda esto.,U00374,G00305,medium,0.7027275562286377,0.5312719345092773,0.17145562171936035,4
U02384,G02159,a la madrugada siguiente una se levanta nuevamente para cutipar (haciéndole hervir otra vez).,dasu'dekpilli yunsa'nnunta'lek ya'pi'dektak.,ukluka'pasik kenmu'nta' inyalalatulek chitetlla.,mientras está hirviendo se tuesta el maíz desgranado.,U02345,G02120,medium,0.6855354309082031,0.5075856447219849,0.17794978618621826,2
U00423,G00342,¡cuidate!,inluukter',inlli'inuker',piénsatelo.,U01870,G01664,hard,0.7773516774177551,0.7198817729949951,0.05746990442276001,7
U00423,G00342,¡cuidate!,inluukter',¡lli'ker'!,¡míralo!,U01008,G00871,medium,0.7773516774177551,0.6115283370018005,0.1658233404159546,10
U00424,G00342,¡te cuidas!,inluukter',inlu'ukter',defiéndete.,U01959,G01749,hard,0.7941303253173828,0.707203209400177,0.08692711591720581,3
U00424,G00342,¡te cuidas!,inluukter',inlli'inuker',piénsatelo.,U01870,G01664,medium,0.7941303253173828,0.6297316551208496,0.1643986701965332,7
U01817,G01614,déjanos solos.,ta'itula'udek kudasa',taitula'u'kudek,perdónenos.,U00499,G00411,hard,0.741945743560791,0.6244372725486755,0.11750847101211548,2
U01817,G01614,déjanos solos.,ta'itula'udek kudasa',tai'tula'udek,déjanos.,U00235,G00185,medium,0.741945743560791,0.5890146493911743,0.1529310941696167,3
U01568,G01379,nos robaron.,aperlliner'kudek,luper'awa',emborrachémonos.,U02100,G01881,hard,0.7167294025421143,0.6333327889442444,0.08339661359786987,2
U01568,G01379,nos robaron.,aperlliner'kudek,lumpawiñidek,estábamos hablando.,U02175,G01955,medium,0.7167294025421143,0.539797306060791,0.17693209648132324,6
U02737,G02512,"en eso que estaba enojado (arákayu), dice que el pueblo se reunió.",nu'an yupasik ima ipa' ipa'linchi ñinanlu' indiuntunñina'.,kaluwi'tekku ipa'la ñaseku nawa' luwektapallinerku.,ahora que soy una mujer enferma ellos me cuidan.,U02408,G02183,medium,0.6737392544746399,0.4426685571670532,0.23107069730758667,2
U00941,G00809,nosotros compartiremos.,kuda a'nañiechidek,a'nañiechidek,compartiremos.,U00942,G00810,hard,0.8118840456008911,0.6890608668327332,0.12282317876815796,2
U00941,G00809,nosotros compartiremos.,kuda a'nañiechidek,kuda ekpekchidek,nosotros conduciremos.,U00940,G00808,medium,0.8118840456008911,0.6538463234901428,0.1580377221107483,3
U02830,G02605,ahí se pudrió.,nanek tawetchulli.,nanek sanek'i nanasa'.,ahí se enfría sola.,U02388,G02163,hard,0.8460872173309326,0.723464846611023,0.12262237071990967,2
U02830,G02605,ahí se pudrió.,nanek tawetchulli.,"nanek wetlli,","ahí desapareció (en el agua),",U02723,G02498,medium,0.8460872173309326,0.6950095891952515,0.15107762813568115,3
U00565,G00469,estoy flacucho.,sha'mu'su' ñapalek,inapilante'ñapalek,estoy descalzo.,U01101,G00960,hard,0.7863703966140747,0.6911826133728027,0.09518778324127197,16
U00565,G00469,estoy flacucho.,sha'mu'su' ñapalek,yulek,me enfadé.,U00777,G00654,medium,0.7863703966140747,0.6331908106803894,0.1531795859336853,25
U02658,G02433,¡vayamos! y salieron en grupos desde el pueblo.,¡enchuku' pa'awa'! nupullini'ma ñinanluklan.,"!paku', adanta'ku'! itudekllini'ma'.","¡váyanse, regrésense por donde vinieron!.",U02529,G02304,hard,0.7281466722488403,0.5994057059288025,0.12874096632003784,2
U02658,G02433,¡vayamos! y salieron en grupos desde el pueblo.,¡enchuku' pa'awa'! nupullini'ma ñinanluklan.,"- ¡wa'an, enchuku' pur'awa'!","¡gobernante, vamos a hacer pesca con barbasco!",U02740,G02515,medium,0.7281466722488403,0.5301564931869507,0.19799017906188965,3
U00983,G00847,¿nada nuevo?,¿ñimanen nalu?,¿ñapalli a'pinda'?,¿hay más?,U01470,G01288,hard,0.6333433389663696,0.5771269202232361,0.056216418743133545,2
U00983,G00847,¿nada nuevo?,¿ñimanen nalu?,ma'nen' ñi'ñi lun'ak',sin comentarios.,U00615,G00511,medium,0.6333433389663696,0.44220200181007385,0.19114133715629578,6
U00854,G00730,bailemos.,lansa'wa',tuluner'awa',cantemos.,U00606,G00502,hard,0.8209689855575562,0.7667195200920105,0.054249465465545654,2
U00854,G00730,bailemos.,lansa'wa',lun'awa',conversemos.,U00608,G00504,medium,0.8209689855575562,0.6620607972145081,0.1589081883430481,4
U02415,G02190,"ahí están mi hermana menor florencia, mi hermana menor maría, con ellas hablo.","ma'atana kai kuawek florencia, kai kuawek maría, nawa'lekku lunpalek.","nanalek tatawek awawek teksusullun, kua nana lu'nkasu'.","con ella mi padre y mi madre me criaron, yo la hablo.",U02477,G02252,medium,0.7828617095947266,0.5057055950164795,0.27715611457824707,2
U00676,G00566,tom pagará.,tom panwilek'techu,tom akusute'chu,tom cocinará.,U01557,G01369,hard,0.8386411070823669,0.7807545065879822,0.057886600494384766,2
U00676,G00566,tom pagará.,tom panwilek'techu,tom pa'echu,tom irá.,U00441,G00358,medium,0.8386411070823669,0.5941877365112305,0.24445337057113647,4
U00129,G00092,¿quién corría?,¿den'ina' teka'lli?,¿den iduñi?,¿quién nadó?,U00276,G00222,medium,0.7829751968383789,0.619406521320343,0.1635686755180359,3
U00130,G00092,¿quién corrió?,¿den'ina' teka'lli?,¿den iduñi?,¿quién nadó?,U00276,G00222,medium,0.8795541524887085,0.7019826769828796,0.17757147550582886,3
U01825,G01621,practiquemos.,impaleriawa',kalutulek,preparé cena.,U01413,G01234,hard,0.6889060735702515,0.5445632934570312,0.14434278011322021,6
U01825,G01621,practiquemos.,impaleriawa',¡nu'tawa'!,¡hagámoslo!,U00855,G00731,medium,0.6889060735702515,0.5361745357513428,0.1527315378189087,8
U00744,G00624,no sonrías.,yayamerladata,yalamapu'ta,no chilles.,U00743,G00623,hard,0.7926894426345825,0.6773390769958496,0.11535036563873291,2
U00744,G00624,no sonrías.,yayamerladata,yawellektama',no lloren.,U00298,G00237,medium,0.7926894426345825,0.6365115642547607,0.15617787837982178,4
U00105,G00074,enséñamelo. (pasar conocimiento),alek'u,a'uktu'u,mándemelos.,U02113,G01894,hard,0.8013728260993958,0.7242079377174377,0.07716488838195801,5
U00105,G00074,enséñamelo. (pasar conocimiento),alek'u,wintu'u,dímelo.,U01355,G01182,medium,0.8013728260993958,0.6183767914772034,0.18299603462219238,10
U00068,G00052,lárguese.,¡paku'!,¡paker'!,¡vete ya!,U00067,G00051,hard,0.7524372339248657,0.6981233358383179,0.05431389808654785,3
U00068,G00052,lárguese.,¡paku'!,lek'ker',pregúntales.,U00136,G00097,medium,0.7524372339248657,0.5966013669967651,0.15583586692810059,9
U02065,G01848,¿es venenoso?,¿sulliman wanpalli?,¿shilun a'cha?,¿es alto? (estatura - femenino),U00571,G00475,medium,0.742598831653595,0.5881475806236267,0.15445125102996826,2
U00689,G00576,lo queremos.,tantenlek'wa',we'inutulidek,lo sentimos.,U00946,G00814,hard,0.7364270687103271,0.6851601600646973,0.05126690864562988,4
U00689,G00576,lo queremos.,tantenlek'wa',tanten'ñidek,los amamos.,U01239,G01078,medium,0.7364270687103271,0.580088198184967,0.1563388705253601,5
U01593,G01404,estamos trabajando.,saka'tapalekwa',saka'taterwa',trabajaremos.,U00695,G00582,hard,0.8583270311355591,0.7514287829399109,0.1068982481956482,2
U01593,G01404,estamos trabajando.,saka'tapalekwa',saka'tapalek,estoy trabajando.,U00034,G00029,medium,0.8583270311355591,0.6479144096374512,0.2104126214981079,4
U00383,G00312,¡déjeme ir!,¡ta'itula'u'ku yapanta'lek!,¡ta'tu'la'ku!,¡guarden silencio!,U00594,G00494,hard,0.7055130004882812,0.6333797574043274,0.07213324308395386,7
U00383,G00312,¡déjeme ir!,¡ta'itula'u'ku yapanta'lek!,¿yennitulek yunsu'ak?,¿puedo salir?,U02226,G02002,medium,0.7055130004882812,0.543689489364624,0.16182351112365723,13
U01010,G00873,ven enseguida.,wek'ker' ipia'la,adencher' wiuk'su',regresa pronto.,U01661,G01468,hard,0.7445297241210938,0.6459224224090576,0.09860730171203613,2
U01010,G00873,ven enseguida.,wek'ker' ipia'la,wiu'su' dekunter',camina rápido.,U01371,G01196,medium,0.7445297241210938,0.5612092614173889,0.18332046270370483,7
U02149,G01929,son especiales.,u'chimuinchilusa' nuker'ka,uku'latak nuker'ka,son negocios.,U01482,G01300,hard,0.6695971488952637,0.6176096200942993,0.051987528800964355,6
U02149,G01929,son especiales.,u'chimuinchilusa' nuker'ka,wiuksu'lusa' nuker'ka,son rápidos.,U01207,G01048,medium,0.6695971488952637,0.5127151608467102,0.15688198804855347,20
U02723,G02498,"ahí desapareció (en el agua),","nanek wetlli,",nana wer'lli,ella desapareció.,U02114,G01895,medium,0.8128799796104431,0.6613631844520569,0.15151679515838623,2
U02438,G02213,después su padre murió dejándome sola.,nanekla papina chiminlapillun.,nanekla nanapu'si'la nanpipan tatawek ali'la ku'aper kanañi.,después vivendo (solo) nuevamente mi padre encontró otra mujer.,U02256,G02031,medium,0.7831448912620544,0.5935800671577454,0.18956482410430908,2
U01461,G01279,estoy satisfecho.,ñapalek sakeksu',ñapalek sakek'su',estoy emocionado.,U00816,G00692,hard,0.7921518683433533,0.7403435111045837,0.05180835723876953,2
U01461,G01279,estoy satisfecho.,ñapalek sakeksu',¡musu' nampipalek!,¡estoy feliz!,U00516,G00427,medium,0.7921518683433533,0.6409043073654175,0.1512475609779358,10
U01743,G01545,enseño francés.,a'lek'tapalek frances,a'lek'apalliner'ku frances,estudio francés.,U01741,G01543,hard,0.8531331419944763,0.7768856883049011,0.0762474536895752,2
U01743,G01545,enseño francés.,a'lek'tapalek frances,ñinchitapallidek frances,estudiamos francés.,U02168,G01948,medium,0.8531331419944763,0.6688803434371948,0.1842527985572815,3
U00221,G00173,duele.,ikerlli,uker'lli,se quemó.,U00356,G00287,medium,0.8140369653701782,0.6579088568687439,0.15612810850143433,2
U00989,G00853,¿estás herida?,¿chacha'wanpala?,¿yusu' ñapala?,¿estás enfadado?,U00717,G01141,hard,0.8244393467903137,0.7710244655609131,0.053414881229400635,2
U00989,G00853,¿estás herida?,¿chacha'wanpala?,we'inutusu' ñapala,estás triste.,U00714,G00600,medium,0.8244393467903137,0.6592103838920593,0.1652289628982544,9
U00204,G00157,estoy perdida.,wer'su' ñapalek,awer'lek,me perdí.,U00524,G00434,hard,0.8704668879508972,0.7611579298973083,0.10930895805358887,2
U00204,G00157,estoy perdida.,wer'su' ñapalek,wanerapalek,estoy parado.,U01774,G01573,medium,0.8704668879508972,0.6800007224082947,0.19046616554260254,3
U02992,G02767,cuentan que de ahí se trajeron al cura raptándolo por la noche.,"naneklimaka, pacher kencha'llina' apetchanna' dekpilli.",nanek ima wa'ki'lleklli urankasu' supinak ima.,"de ahí, dice, (el duende) les hizo dormir después de que comieron.",U02888,G02663,hard,0.6261275410652161,0.574238121509552,0.05188941955566406,2
U02992,G02767,cuentan que de ahí se trajeron al cura raptándolo por la noche.,"naneklimaka, pacher kencha'llina' apetchanna' dekpilli.",nu'an ima arakayu sakek'an peklu'deklli inyulateknen ima.,luego alegrándose los invitó a su patio exterior.,U02595,G02370,medium,0.6261275410652161,0.4592141807079315,0.16691336035728455,6
U00526,G00436,te oigo.,lauk'apallien,lauk'llien,te oí.,U00781,G00658,medium,0.8835403323173523,0.7159692049026489,0.16757112741470337,2
U00664,G00554,tomás llamó soplando hoja.,chuma peklu'tulli penmek'tan,arakayuler tanpen peklu'n itulli,arakáyu llamó al hombre candela y le dijo,U02728,G02503,hard,0.8109565377235413,0.6866406202316284,0.12431591749191284,2
U00664,G00554,tomás llamó soplando hoja.,chuma peklu'tulli penmek'tan,chuma peklu'tulli,tomás llamó.,U00663,G00553,medium,0.8109565377235413,0.6556703448295593,0.15528619289398193,3
U01573,G01384,nunca hablamos.,ñinpi' lunpi'ñidek,empu'ni yaluntama',sean breves.,U00140,G00101,medium,0.8194756507873535,0.5576692223548889,0.2618064284324646,2
U02711,G02486,"los lagos grandes se secaron,","shidek enñi,","damer'ita yunsu'lli,","la taricaya salió,",U02749,G02524,hard,0.7136042714118958,0.6339461803436279,0.07965809106826782,3
U02711,G02486,"los lagos grandes se secaron,","shidek enñi,",mapapa' yunsu'lli.....,la mata-mata salió....,U02750,G02525,medium,0.7136042714118958,0.5471622943878174,0.16644197702407837,9
U00544,G00450,yo grité.,kua lamapu'lek,nana lamapu'lli,él gritó.,U01045,G00905,hard,0.7995500564575195,0.6734684705734253,0.12608158588409424,2
U00544,G00450,yo grité.,kua lamapu'lek,iluwinek,me resfrié.,U02001,G01787,medium,0.7995500564575195,0.6104655861854553,0.1890844702720642,4
U00158,G00117,entren.,da'encha'ku',da'llina',pasearon.,U00903,G00774,medium,0.8435146808624268,0.6473638415336609,0.19615083932876587,2
U01425,G01245,tuve cuidado.,inlu'uktuwinek,lli'ker'llia',cuidado.,U00237,G00187,hard,0.8008596897125244,0.6719261407852173,0.12893354892730713,2
U01425,G01245,tuve cuidado.,inlu'uktuwinek,illiapalek'inpu ñapawinek,estaba desarmado.,U01429,G01249,medium,0.8008596897125244,0.6411787867546082,0.15968090295791626,3
U00084,G00058,me incliné.,yen'ner'lek',anu'lek,me caí.,U00028,G00023,hard,0.7304048538208008,0.67781001329422,0.05259484052658081,3
U00084,G00058,me incliné.,yen'ner'lek',sakek'lek,me divertí.,U01722,G01525,medium,0.7304048538208008,0.5736069679260254,0.1567978858947754,4
U01245,G01083,¡lo conseguimos!,¡kananekwa'!,¡kana'tullidek!,¡hemos ganado!,U00452,G00368,hard,0.8791111707687378,0.8042330741882324,0.07487809658050537,3
U01245,G01083,¡lo conseguimos!,¡kananekwa'!,kana'llidek,ganamos.,U00051,G00041,medium,0.8791111707687378,0.7075817584991455,0.17152941226959229,4
U01246,G01083,¡lo logramos!,¡kananekwa'!,¡kana'tullidek!,¡hemos ganado!,U00452,G00368,hard,0.8744317293167114,0.8154810070991516,0.058950722217559814,3
U01246,G01083,¡lo logramos!,¡kananekwa'!,kana'llidek,ganamos.,U00051,G00041,medium,0.8744317293167114,0.7159929275512695,0.1584388017654419,4
U02714,G02489,el puerto de lluvia se secó.,u'lan untunan enñi.,madupu'su' dekkuntuwiñi.,como el motelo caminaba.,U02462,G02237,medium,0.7638074159622192,0.5654957294464111,0.1983116865158081,2
U02650,G02425,esto así estoy criando.,asu' u'su kua pektawapalek.,nana ka'amu susulek.,comiendo eso he crecido.,U02487,G02262,hard,0.7624472379684448,0.6149716973304749,0.14747554063796997,2
U02650,G02425,esto así estoy criando.,asu' u'su kua pektawapalek.,nanekpi'la a'kasetllek asukallek.,ahí nomás se endulza con azúcar.,U02353,G02128,medium,0.7624472379684448,0.6060279011726379,0.15641933679580688,3
U01741,G01543,estudio francés.,a'lek'apalliner'ku frances,ñinchiter' italianu,aprende italiano.,U01491,G01308,hard,0.6882822513580322,0.6044284105300903,0.0838538408279419,4
U01741,G01543,estudio francés.,a'lek'apalliner'ku frances,kerka' ñinchitapalek,estoy estudiando.,U01115,G00971,medium,0.6882822513580322,0.5244588851928711,0.16382336616516113,7
U02027,G01812,quiero conducir.,yaekpa'lek,yapa'lek,quiero ir.,U01086,G00945,hard,0.8055277466773987,0.6589298844337463,0.14659786224365234,3
U02027,G01812,quiero conducir.,yaekpa'lek,yada'lek,necesito entrar.,U02017,G01802,medium,0.8055277466773987,0.6255300641059875,0.17999768257141113,4
U02028,G01812,quiero manejar.,yaekpa'lek,yapa'lek,quiero ir.,U01086,G00945,medium,0.8145345449447632,0.6528252959251404,0.1617092490196228,3
U01645,G01455,¿estás dormido?,¿wichi'su' ñapala?,¿yunsansu' ñapala?,¿estás levantado?,U00462,G00378,hard,0.8697132468223572,0.7592862248420715,0.11042702198028564,2
U01645,G01455,¿estás dormido?,¿wichi'su' ñapala?,¿wichisu'a'cha?,¿está dormido?,U01784,G01583,medium,0.8697132468223572,0.7127956748008728,0.15691757202148438,5
U01446,G01264,lo miraré.,lli'echek,lli'aterwa',miramos,U01589,G01400,medium,0.9055898785591125,0.7187101244926453,0.18687975406646729,2
U00724,G00890,sé específico.,cheksu' ñiker',ñi'inaka inlu'uktutek,sería cuidadoso.,U01759,G01561,hard,0.575911819934845,0.5173232555389404,0.05858856439590454,8
U00724,G00890,sé específico.,cheksu' ñiker',ninchipeklui'npu'la'pi'na'.,no saben pronunciar.,U03202,G02977,medium,0.575911819934845,0.42510494589805603,0.15080687403678894,29
U01029,G00890,no divagues.,cheksu' ñiker',i'shiwansu' ñaper',mantente abrigado.,U00378,G00308,hard,0.7299742698669434,0.6253445148468018,0.1046297550201416,3
U01029,G00890,no divagues.,cheksu' ñiker',dekunder' uti'la,camina lentamente.,U00924,G00793,medium,0.7299742698669434,0.5658178925514221,0.16415637731552124,7
U02717,G02492,"arákayu, dice, era un shingurador.",arakayu ima pillektutek.,arakayu ima luntulli wa'anler.,a arákayu le habló el gobernante.,U02672,G02447,medium,0.7474420666694641,0.5648203492164612,0.18262171745300293,2
U01962,G01752,¿les gustó?,¿iya'tulama?,¿musu'ñapawiñi?,¿estuvo bueno?,U00927,G00796,hard,0.7198140025138855,0.6090514063835144,0.1107625961303711,2
U01962,G01752,¿les gustó?,¿iya'tulama?,inmusha'llina',se besaron.,U00897,G00768,medium,0.7198140025138855,0.5482337474822998,0.1715802550315857,3
U01552,G01364,tom dudó.,tom latek'chi'ñi,tom lli'inutulli,tom recordó.,U01875,G01669,hard,0.7968294024467468,0.6757851243019104,0.12104427814483643,2
U01552,G01364,tom dudó.,tom latek'chi'ñi,latek'lanañi,es evidente.,U01850,G01645,medium,0.7968294024467468,0.5726251602172852,0.22420424222946167,3
U01948,G01738,¿puedo probármelo?,¿yennitulek lata'ak?,¿yennitulek musha'a'kik?,¿puedo besarte?,U01653,G01461,hard,0.7197887301445007,0.6369767785072327,0.08281195163726807,3
U01948,G01738,¿puedo probármelo?,¿yennitulek lata'ak?,¿yennitulek lli'dek'ak?,¿puedo verlos?,U01654,G01462,medium,0.7197887301445007,0.5610968470573425,0.1586918830871582,8
U00754,G00633,él envejeció.,nana taserpitulli,yutulli,la increpó.,U01698,G01501,hard,0.7393583059310913,0.6146119832992554,0.12474632263183594,2
U00754,G00633,él envejeció.,nana taserpitulli,nawa' inllipu'iteklatullina',ellos aplaudieron.,U01855,G01649,medium,0.7393583059310913,0.5579137802124023,0.18144452571868896,3
U01947,G01737,traeme eso.,keritu'u nana,a'lli'u nana,muéstrame eso.,U01174,G01022,medium,0.8979476094245911,0.6568857431411743,0.24106186628341675,3
U02317,G02092,para que no se acabe aquí digo yo.,ta'wanchinpu'ek asek tulek kua.,nana a'duk ipa'linchi nanek upellek.,se lo sienta y entonces ahí se vacea (el líquido para ser guardado).,U02367,G02142,medium,0.7547290325164795,0.5421845316886902,0.2125445008277893,2
U01495,G01312,déjame cogerlo.,ta'itula'u pilli'te'chek,ta'itula'u ata'wantak,déjame terminar.,U01494,G01311,medium,0.8178331851959229,0.5845020413398743,0.23333114385604858,2
U03032,G02807,"en otro fierro que corre también tú, ustedes van a viajar cuando nosotros perezcamos, decían las abuelitas.","ali'la wa'natek tekka'a'su' nanek kenmanta', kenmama'nta' pa'achuma' kuda ipa' chimiansekudek, tullina' amishala.","nani'na kenmu'wa' itapallinerkenmu'wa' u'su' pennu'chuma' kenmama'nta' enpi' uklli, tullina' ima amiku'lusa'.","eso a nosotros nos está diciendo así van a volar ustedes también algún día, cuentan que dijeron las abuelas ya finadas.",U03030,G02805,hard,0.7427036166191101,0.6544328331947327,0.08827078342437744,2
U03032,G02807,"en otro fierro que corre también tú, ustedes van a viajar cuando nosotros perezcamos, decían las abuelitas.","ali'la wa'natek tekka'a'su' nanek kenmanta', kenmama'nta' pa'achuma' kuda ipa' chimiansekudek, tullina' amishala.",enpi' uklli pen ala'sa' wa'natek pennu'a'su' kenmama'nta' pa'achuma'.,algún día en un fierro viejo que vuela ustedes también van a viajar.,U03031,G02806,medium,0.7427036166191101,0.5538075566291809,0.1888960599899292,3
U01590,G01401,¡estamos atrapados!,¡pilli'pi ñapalekwa'!,pilli'pi ñapalekwa',estamos atrapados.,U01591,G01402,hard,0.7725750207901001,0.6776071786880493,0.09496784210205078,2
U01590,G01401,¡estamos atrapados!,¡pilli'pi ñapalekwa'!,¡asek ñapallidek!,¡aquí estamos!,U00761,G00640,medium,0.7725750207901001,0.6030464172363281,0.16952860355377197,5
U03198,G02973,"antes les ponían maría, virginia, este, les ponían nombres de los santos antiguamente.","napi' i'na maria, wirkiña aku'llina', ma'i, santu llillinlusa' aku'llina' napi'.","ma'atana kai kuawek florencia, kai kuawek maría, nawa'lekku lunpalek.","ahí están mi hermana menor florencia, mi hermana menor maría, con ellas hablo.",U02415,G02190,medium,0.6936560869216919,0.45718061923980713,0.23647546768188477,2
U00776,G00653,te encontré.,kaper'llien,lli'llien,te vi.,U00331,G00266,hard,0.7495155930519104,0.6455584168434143,0.1039571762084961,2
U00776,G00653,te encontré.,kaper'llien,¿werana?,¿has comido?,U01691,G01495,medium,0.7495155930519104,0.5543663501739502,0.1951492428779602,3
U02840,G02615,"por eso ahora hermanos y hermanas vamos a conocer moyobamba nosotros también, qué tal será esa ciudad.","nu'akkui'na ipa'la yalli'lusa', sha'walusa' enchuku' muyunpa luwetchawa' kenmu'wa'nta', ma'pu'si'pa' nana ñinanlu'.","ipa'li'na kai kuaweklusa', senñula'lusa', wintetchenma'","ahora mis hermanas menores, señoras, les voy a contar,",U02334,G02109,medium,0.7965109348297119,0.5504303574562073,0.24608057737350464,2
U01791,G01590,es sábado.,sawadu' nuka'a,er'wa nuka'a,es tarde.,U00367,G00298,hard,0.6913585662841797,0.5497295260429382,0.14162904024124146,3
U01791,G01590,es sábado.,sawadu' nuka'a,brashika nuka'a,es brasileña.,U02116,G01897,medium,0.6913585662841797,0.5282195210456848,0.16313904523849487,4
U01071,G00930,los encontré.,kanandeklek,kananek,lo rescaté.,U01416,G01236,hard,0.7165082693099976,0.644631564617157,0.07187670469284058,2
U01071,G00930,los encontré.,kanandeklek,mapa'lek,lo compré.,U00768,G00646,medium,0.7165082693099976,0.5453611016273499,0.1711471676826477,5
U00171,G00129,apresúrate.,wiuker',yunsanker',levanta. (pararse),U00022,G00018,medium,0.8025441765785217,0.6269482970237732,0.17559587955474854,2
U00356,G00287,se quemó.,uker'lli,ikerlli,duele.,U00221,G00173,hard,0.7876662015914917,0.7043749094009399,0.08329129219055176,3
U00356,G00287,se quemó.,uker'lli,a'aper'lli,fracasó.,U00358,G00289,medium,0.7876662015914917,0.6306305527687073,0.15703564882278442,6
U02553,G02328,"cuando los niños llegaron (a jeberos), le contaron al gobernante:","nana wilalusa'shima ektu'ntanna', wa'an wintunta'llina':","nasu'ku' ipia'laklanek itudekllima wilalusa',","desde ahora pónganse en acción les dijo a los muchachos,",U02937,G02712,medium,0.7479464411735535,0.5655014514923096,0.1824449896812439,2
U02820,G02595,esto les va a devorar a todos los malos,asu'ler pekdadek'etchu mukankinpu'lusa',nanadaper a'ka di'tupatekwa' musu' pa'aterwa'.,a todos ellos matándolos bien vamos a ir.,U02852,G02627,medium,0.763214647769928,0.4885682463645935,0.2746464014053345,2
U00937,G00805,te necesitamos.,luwantulliden,katu'pa' luwantula,necesitas ayuda.,U01619,G01430,medium,0.8078655004501343,0.6286214590072632,0.1792440414428711,2
U00331,G00266,te vi.,lli'llien,lauk'llien,te oí.,U00781,G00658,medium,0.8483420610427856,0.6206799149513245,0.22766214609146118,2
U01655,G01463,¿puedo sentarme?,¿yennitulek du'ak?,¿yennitula wichi'a'mak?,¿puedes dormir?,U01337,G01165,medium,0.8878404498100281,0.6575748324394226,0.23026561737060547,2
U00034,G00029,estoy trabajando.,saka'tapalek,saka'tapalekwa',estamos trabajando.,U01593,G01404,hard,0.8469110131263733,0.7122438549995422,0.13466715812683105,2
U00034,G00029,estoy trabajando.,saka'tapalek,makek saka'tapi'nek,estoy desempleado.,U01773,G01574,medium,0.8469110131263733,0.6376487612724304,0.20926225185394287,3
U02233,G02008,¿tienen arroz?,¿pumuladawanpalama'?,¿pen a'cha a'ñapalama'?,¿tienen candela?,U02612,G02387,hard,0.7606340646743774,0.6881287693977356,0.07250529527664185,2
U02233,G02008,¿tienen arroz?,¿pumuladawanpalama'?,¿wilawanpalama'?,¿tienen hijos?,U02230,G02005,medium,0.7606340646743774,0.5575172901153564,0.203116774559021,3
U02079,G01862,solo ignórala.,luwe'chinbuer',lauk'la tuna'ker',"hey, cálmate.",U00508,G00420,medium,0.7344561219215393,0.5598145723342896,0.17464154958724976,3
U02080,G01862,ignórala.,luwe'chinbuer',tañituker',señálalo.,U01161,G01013,medium,0.7988280653953552,0.6422385573387146,0.15658950805664062,3
U01210,G01051,son ricas.,iyasu'lusa' nuker'ka,u'chimushala nuker'ka,son lindos.,U02125,G01905,hard,0.7589226365089417,0.7064080238342285,0.052514612674713135,2
U01210,G01051,son ricas.,iyasu'lusa' nuker'ka,uku'latak nuker'ka,son negocios.,U01482,G01300,medium,0.7589226365089417,0.6014440655708313,0.15747857093811035,8
U00224,G00176,es divertido.,wa'danpintek,iyasu' nuka'a,es delicioso.,U01803,G01600,hard,0.7013500928878784,0.6272051930427551,0.07414489984512329,2
U00224,G00176,es divertido.,wa'danpintek,inpaleriaper',siga intentando.,U01813,G01610,medium,0.7013500928878784,0.5196398496627808,0.18171024322509766,4
U01003,G00866,¿puedes ayudar?,¿yennitula katu'pa'ta'mak?,¿katu'pa'tula?,¿ayudaste?,U01020,G00882,hard,0.8906234502792358,0.8006168007850647,0.09000664949417114,2
U01003,G00866,¿puedes ayudar?,¿yennitula katu'pa'ta'mak?,yennitulek katu'pa'a'kik,puedo ayudarte.,U01713,G01516,medium,0.8906234502792358,0.7268210053443909,0.16380244493484497,6
U01931,G01722,has cambiado.,a'pawilek'la,llipu'tula,lo heriste.,U01272,G01107,medium,0.6769387722015381,0.46266019344329834,0.21427857875823975,2
U01998,G01784,"¡apúrensen, muchachas!",¡wiuku' wilalunlusa!,"yuyu'lusa', ¡da'kerku' u'ku!","señores, ¡vengan y pasen a beber!",U03060,G02835,hard,0.6904923915863037,0.5601485967636108,0.13034379482269287,3
U01998,G01784,"¡apúrensen, muchachas!",¡wiuku' wilalunlusa!,"¡nantapiku'la', nasu'ku', wilalusa'! itudekllima.","¡ánimo muchachos, tengan valor, en acción! les dijo.",U02946,G02721,medium,0.6904923915863037,0.5346903204917908,0.15580207109451294,4
U01988,G01774,"genial, ¿no?",u'chimuinchi ¿i'ya?,¿mulli'ncha'?,¿fue divertido?,U00678,G00568,medium,0.7290076613426208,0.527716875076294,0.2012907862663269,2
U02339,G02114,se hace así.,nu'tulek u'su'.,ma'pu'su'pintak nu'ter,simplemente hazlo.,U01809,G01606,hard,0.7577157616615295,0.6124856472015381,0.14523011445999146,2
U02339,G02114,se hace así.,nu'tulek u'su'.,nana saka'tapalli,eso funciona.,U00636,G00531,medium,0.7577157616615295,0.5729262232780457,0.1847895383834839,3
U01361,G01187,agárrate fuerte.,pili'ker' ikersu',wiperi'u ikersu',abrazame fuertemente.,U01375,G01200,medium,0.8089002966880798,0.6098859310150146,0.19901436567306519,4
U02975,G02750,"él ha explicado: a ellos no los traten así, a ellos no los maten, ellos no han venido a matar dijo el intérprete.","naneima a'lachiktulli aner yanu'tudektama' asu' yadi'tudektama', nawa' uk'i'ñina' ya'di'nna' tullima nana a'lachikta'su'.","nu'unti'ma aper'kulli. yalun'i'ñi uncha'n muyunpakla ma'pu'si'pa' lli'lli senñulalusa', ñima nanapinta' yalun'i'ñi, ta'tula'nna' pa'llina'.","algunos mezquinaban. volviendo de moyobamba no querían contar cómo habían visto a las señoras, ni querian contar más, sin despedirse se iban.",U03035,G02810,medium,0.7069114446640015,0.5347596406936646,0.17215180397033691,2
U00283,G00228,jesús.,kishu,shin,largo,U00066,G00050,medium,0.7018081545829773,0.5468587875366211,0.1549493670463562,2
U00086,G00059,durmiendo,wicha'palek,wichi'lek,me dormí.,U01399,G01223,hard,0.7840953469276428,0.6888352036476135,0.0952601432800293,2
U00086,G00059,durmiendo,wicha'palek,wichin'dek'chek,me voy a dormir,U00087,G00060,medium,0.7840953469276428,0.6136648654937744,0.1704304814338684,4
U01132,G00985,sigue cavando.,iwa'taper'i'la,pada'sa'tapalli,está vibrando.,U01806,G01603,medium,0.7989602088928223,0.6244011521339417,0.17455905675888062,2
U02512,G02287,cuentan que antiguamente el gobernante (de jeberos) se levantó y habló:,napi' ima wa'an yunsa'n luñi:,chiminla'pi'n ima lunpalli:,aunque había muerto hablaba:,U02950,G02725,hard,0.6932901740074158,0.5806892514228821,0.11260092258453369,4
U02512,G02287,cuentan que antiguamente el gobernante (de jeberos) se levantó y habló:,napi' ima wa'an yunsa'n luñi:,"nanima pennu'pilenchan, unchan itudeklli:","ahí vino volando, bajó y le dijo (a la gente):",U02520,G02295,medium,0.6932901740074158,0.5259492993354797,0.16734087467193604,7
U01502,G01318,comamos fuera.,adipi ka'awa',ka'awa' sushi,comamos sushi.,U02094,G01876,medium,0.7244641780853271,0.5735589265823364,0.15090525150299072,2
U02208,G01985,deberían quedarse.,llia'a'mamasu' ñapalli,chimin'er'kasu'ñapalli,deben morir.,U01540,G01352,hard,0.7933824062347412,0.6804540753364563,0.11292833089828491,2
U02208,G01985,deberían quedarse.,llia'a'mamasu' ñapalli,na'pitechuna',responderán.,U02140,G01920,medium,0.7933824062347412,0.6079588532447815,0.18542355298995972,3
U01816,G01613,¡déjame sola!,ta'itula'u kuasa',¡peklu'u ma'isik!,¡llámame después!,U01329,G01157,hard,0.6604776382446289,0.6100834608078003,0.05039417743682861,4
U01816,G01613,¡déjame sola!,ta'itula'u kuasa',¡ta'tu'la'ku!,¡guarden silencio!,U00594,G00494,medium,0.6604776382446289,0.5050225257873535,0.1554551124572754,8
U01529,G01342,sigue positivo.,musuk'i'la lli'inuper',inlli'inuter' musuk,sé positivo.,U01528,G01341,hard,0.737385630607605,0.6846395134925842,0.05274611711502075,3
U01529,G01342,sigue positivo.,musuk'i'la lli'inuper',saka'tapalli musu',funciona bien.,U01479,G01297,medium,0.737385630607605,0.5741617679595947,0.16322386264801025,4
U00883,G00755,¡quieto ahí!,¡yalenmekta nanek!,¡iyasu' lanelliek!,¡huele rico!,U01793,G01592,hard,0.7445026636123657,0.6013144850730896,0.14318817853927612,2
U00883,G00755,¡quieto ahí!,¡yalenmekta nanek!,kua nanasa' lunek.,"sólo eso he hablado. yurimaguas, julio 2005",U02510,G02285,medium,0.7445026636123657,0.48741981387138367,0.25708284974098206,3
U00870,G00744,bájalo.,u'nu'wanger',paker',vete.,U00001,G00000,hard,0.7459105253219604,0.6342454552650452,0.11166507005691528,3
U00870,G00744,bájalo.,u'nu'wanger',anu'ker',túmbate.,U00149,G00109,medium,0.7459105253219604,0.5867067575454712,0.15920376777648926,13
U01858,G01652,tienen vino.,a'ñapallina' vinu',a'ñapallidek vinu',tenemos vino.,U01238,G01077,hard,0.8846883773803711,0.772861897945404,0.11182647943496704,2
U01858,G01652,tienen vino.,a'ñapallina' vinu',a'ñapala' vinu',tienes vino.,U01613,G01424,medium,0.8846883773803711,0.7263950109481812,0.15829336643218994,3
U02086,G01868,sigue practicando.,tupiter' inpalerian,nu'ter' ipia'lashinchi,hazlo ahoritita.,U01967,G01756,hard,0.7573443055152893,0.6600456833839417,0.09729862213134766,2
U02086,G01868,sigue practicando.,tupiter' inpalerian,llinsecher'pi'la,sigue escribiendo.,U01142,G00995,medium,0.7573443055152893,0.5965049266815186,0.16083937883377075,4
U02241,G02016,no fuma.,ku'la u'wa'ta'pi'ñi,ku'la nakui'nchu,prohibido pasar.,U00231,G00181,medium,0.7772545218467712,0.5878407955169678,0.18941372632980347,2
U02917,G02692,esa fiera les comió a todos dijo eso y (el gobernador) hizo que se preparen y les aconsejaron:,"nana anaka'ler pekdadeklli tan ima a'insekdiperdeklli, musu pilendek'anna':","yenchenterka'su' saka'tapanna', iñer er'werwalek ipa' kasiserapilek walek ipa' asu' inkella chanchanchan.","no quería que (los shiwilu) se estiraran cuando trabajaban, hasta que se hacía bien tarde (los obligaban a trabajar), hasta que se hacía bien oscuro y el grillo (cantaba) chanchanchan.",U03136,G02911,medium,0.6524456143379211,0.4951085150241852,0.15733709931373596,2
U01709,G01512,comí demasiado.,nakusu' weranek,nakusu' wichilek,dormí mucho.,U01418,G01238,medium,0.7388291954994202,0.5275865197181702,0.21124267578125,2
U02626,G02401,entonces tratémosle bien para que él también nos trate bien dijo un viejo.,nu'pachi munu'tawa' nananta' munu'ta'kudik tullima ala'sa' taserpi.,nu'awa' nu'pachi tanni'ma llisanala nu'tanna'.,"así vamos a hacer entonces, dijeron haciendo mazo.",U03074,G02849,medium,0.7506573796272278,0.5038372874259949,0.2468200922012329,2
U00100,G00069,guárdalo.,sekdiperker',sekdiperker' nana,conserva eso.,U01363,G01188,hard,0.7866105437278748,0.6888474225997925,0.09776312112808228,2
U00100,G00069,guárdalo.,sekdiperker',pilli'ter',¡arrestadlo!,U00406,G00329,medium,0.7866105437278748,0.6322490572929382,0.15436148643493652,4
U00939,G00807,sobrevivimos.,chiminllinkekla nampipalekwa',chiminllinkekla nanpiterwa',sobreviviremos.,U01579,G01390,hard,0.8019416332244873,0.6731309294700623,0.12881070375442505,2
U00939,G00807,sobrevivimos.,chiminllinkekla nampipalekwa',chimianpilallidek.,nos estamos muriendo.,U02332,G02107,medium,0.8019416332244873,0.6467597484588623,0.155181884765625,3
U01778,G01577,me dispararon.,ilanñiner'ku,enka'lliner'ku,me alcanzaron.,U00322,G00257,hard,0.8220087289810181,0.7456907629966736,0.07631796598434448,2
U01778,G01577,me dispararon.,ilanñiner'ku,pinaner'u'ku,olvídenme.,U00305,G00244,medium,0.8220087289810181,0.6524953842163086,0.16951334476470947,10
U01956,G01746,¿puedes abrirlo?,¿yennitula ek'ker'cha'mak?,¿yennitula kanan'a'mak?,¿puedes encontrarlo?,U01951,G01741,hard,0.7523688673973083,0.6024261116981506,0.14994275569915771,2
U01956,G01746,¿puedes abrirlo?,¿yennitula ek'ker'cha'mak?,¿yennitulek wiperi'a'kik?,¿puedo abrazarte?,U01332,G01160,medium,0.7523688673973083,0.554211437702179,0.1981574296951294,3
U00542,G00448,yo recuerdo.,kua lli'inutapalek,lli'inutapalek,me acuerdo.,U00541,G00447,medium,0.7823256850242615,0.6206530928611755,0.16167259216308594,2
U02426,G02201,lloro porque mis hijos se van todos a la chacra y me quedo sola.,willeklek wilaweklusa' chiketllapitapallinerku menmik.,"wilalusa' wellek'apilenchan ima, uk'apilenchani'ma,","los niños se venían llorando y cuando regresaban, dice, the children left, crying, and on their way back,",U02530,G02305,medium,0.7605998516082764,0.5570341944694519,0.20356565713882446,2
U01318,G01147,¿estás lista?,¿insek'diperpi ñapala?,¿inapiken ñapala?,¿estás soltero?,U01649,G01458,medium,0.8277071118354797,0.6563237309455872,0.17138338088989258,2
U02487,G02262,comiendo eso he crecido.,nana ka'amu susulek.,ñapamu erwatapalek.,postrada me la paso.,U02423,G02198,medium,0.73902827501297,0.5547311902046204,0.1842970848083496,2
U01600,G01411,¿qué haremos?,¿ma'nen'a'cha nu'taterwa'?,¿a'ta'wantulekwa'?,¿terminamos?,U01933,G01724,medium,0.8823846578598022,0.7260770797729492,0.15630757808685303,2
U02953,G02728,dijo el duende puro hueso mientras se quemaba.,tullima lansi' wa'dan uker'apan.,nana lupa' lenmek'a'su' supinak nalalusi'ma pada'sa'tulli.,cuando calmó el temblor los árboles se sacudieron.,U02943,G02718,medium,0.7399677634239197,0.5473021268844604,0.19266563653945923,2
U03046,G02821,"toda cosa había ahí, cuando han dicho he escuchado.","dudinpu' ñiwiñi nanek, ta'ser lauktulek.",ñiden lauk'tapi'ñi,nadie escucha.,U01835,G01631,medium,0.6923917531967163,0.4662308990955353,0.22616085410118103,2
U00738,G00618,hazlo ahorita.,nu'ter' ipia'la,nu'ter' ipia'lashinchi,hazlo ahoritita.,U01967,G01756,hard,0.7651441693305969,0.631220281124115,0.13392388820648193,2
U00738,G00618,hazlo ahorita.,nu'ter' ipia'la,ma'pu'su'pintak nu'ter,simplemente hazlo.,U01809,G01606,medium,0.7651441693305969,0.5882272720336914,0.17691689729690552,3
U03074,G02849,"así vamos a hacer entonces, dijeron haciendo mazo.",nu'awa' nu'pachi tanni'ma llisanala nu'tanna'.,"– ¿ma'ki'na nu'taterwa?, tullima ala'sa' taserpi.","-¿por qué vamos a matarlos?, dijo un viejo.",U03071,G02846,medium,0.7477411031723022,0.5468549728393555,0.20088613033294678,2
U02749,G02524,"la taricaya salió,","damer'ita yunsu'lli,","kundetchek enñi,","el lago junto al pelejo se secó,",U02713,G02488,hard,0.799667477607727,0.745646059513092,0.05402141809463501,4
U02749,G02524,"la taricaya salió,","damer'ita yunsu'lli,","da'wanser uklli,","vino la doncella,",U02645,G02420,medium,0.799667477607727,0.6484039425849915,0.1512635350227356,10
U00860,G00736,memorízalo.,sekdiperker' mutu'penkek,tupituku' inpalerianma',sigan practicando.,U02087,G01869,medium,0.7322100400924683,0.5740957856178284,0.1581142544746399,2
U02612,G02387,¿tienen candela?,¿pen a'cha a'ñapalama'?,¿pumuladawanpalama'?,¿tienen arroz?,U02233,G02008,hard,0.7737361192703247,0.6316315531730652,0.14210456609725952,2
U02612,G02387,¿tienen candela?,¿pen a'cha a'ñapalama'?,¿luwer'chapalama?,¿la conocen?,U01972,G01761,medium,0.7737361192703247,0.5438287854194641,0.2299073338508606,3
U01748,G01550,quiero renunciar.,yayunsu'lek,yapa'lek,quiero ir.,U01086,G00945,hard,0.8424056768417358,0.7138684391975403,0.12853723764419556,2
U01748,G01550,quiero renunciar.,yayunsu'lek,yaekpa'lek,quiero manejar.,U02028,G01812,medium,0.8424056768417358,0.6812422275543213,0.16116344928741455,6
U01270,G01105,tú primera.,nanentupen,kenma tenmiansuer',tú empieza.,U00456,G00372,hard,0.784040093421936,0.6971412897109985,0.0868988037109375,5
U01270,G01105,tú primera.,nanentupen,kenma lli'ker',encárgate tú.,U00425,G00343,medium,0.784040093421936,0.6280789971351624,0.15596109628677368,9
U00763,G00641,¡qué curioso!,¡empu'ni ñinchidinusu'ta'!,¡embu'ni luwer'chi'ñi!,¡qué confusión!,U00955,G00822,hard,0.7703599333763123,0.6322133541107178,0.13814657926559448,4
U00763,G00641,¡qué curioso!,¡empu'ni ñinchidinusu'ta'!,¡ipia'lasha!,¡un segundo!,U00072,G00054,medium,0.7703599333763123,0.6134924292564392,0.15686750411987305,5
U00790,G00667,los necesito.,luwantudek'lek,luantulek,lo necesito.,U00329,G00264,hard,0.7417439222335815,0.6862707138061523,0.0554732084274292,2
U00790,G00667,los necesito.,luwantudek'lek,nana luwantulek,quiero eso.,U00797,G00674,medium,0.7417439222335815,0.5887646675109863,0.15297925472259521,5
U01101,G00960,estoy descalzo.,inapilante'ñapalek,nakusu' sanekwantulek,estoy congelado.,U01105,G00963,hard,0.7091381549835205,0.6393890380859375,0.06974911689758301,16
U01101,G00960,estoy descalzo.,inapilante'ñapalek,mumusu' ñapallidek,estamos organizados.,U02181,G01961,medium,0.7091381549835205,0.5579872131347656,0.15115094184875488,34
U02675,G02450,sólo con su mujer pandillaba.,sadinleksi'ma chu'kenñi.,kankanen ukunpala'lli.,su higado está colgado nomás.,U02884,G02659,hard,0.7405145168304443,0.6225006580352783,0.11801385879516602,2
U02675,G02450,sólo con su mujer pandillaba.,sadinleksi'ma chu'kenñi.,penwanpasik pidekñik.,alguien estaba haciendo fuego en su casa.,U02584,G02359,medium,0.7405145168304443,0.5836653113365173,0.156849205493927,3
U03201,G02976,ahora no se puede entender.,ipa'la lacheknawi'ñina'.,innichi'ñina' lu'nkasu'.,no pueden hablar.,U02329,G02104,medium,0.7930733561515808,0.6052439212799072,0.18782943487167358,2
U00341,G00274,estoy borracho.,lupersu' ñapalek,apu'pi nuka'ka,estoy divorciada.,U01104,G00962,hard,0.8010268807411194,0.7459536194801331,0.05507326126098633,3
U00341,G00274,estoy borracho.,lupersu' ñapalek,weilunsu' nuka'ka,soy obesa.,U00346,G00277,medium,0.8010268807411194,0.6465868353843689,0.1544400453567505,16
U00342,G00274,estoy tomada.,lupersu' ñapalek,pekuipi ñapalek,estoy limpio.,U00213,G00165,hard,0.6712136268615723,0.6142092943191528,0.057004332542419434,16
U00342,G00274,estoy tomada.,lupersu' ñapalek,apu'pi nuka'ka,estoy divorciada.,U01104,G00962,medium,0.6712136268615723,0.518962562084198,0.15225106477737427,38
U01977,G01765,¿le quieres?,¿luwantapala?,¿asu' luwantula?,¿quieres esto?,U01624,G01435,medium,0.8209241628646851,0.6331357359886169,0.18778842687606812,2
U02870,G02645,"dijeron esto y se alistaron, mandaron a hacer masato a sus señoras para llevar.","tanni'ma insekdipellina', uklulu'nenna' a'nu'tullina' sadina' yekpanna'.",nu'apileklima kencha'llina' inalupa' ku'apellusa' kullikerwanlusa'.,así seguía hasta que trajeron por acá (por jeberos) mujeres adineradas.,U03019,G02794,medium,0.8001230359077454,0.5542213916778564,0.24590164422988892,2
U01519,G01334,¿empiezo?,¿tenmiansu'chek?,¿tupitechunku?,¿me sigues?,U01348,G01175,hard,0.7268517017364502,0.6201897263526917,0.10666197538375854,2
U01519,G01334,¿empiezo?,¿tenmiansu'chek?,¿yennitechek katu'pa'tak?,¿puedo ayudar?,U00470,G00385,medium,0.7268517017364502,0.543397068977356,0.18345463275909424,3
U01337,G01165,¿puedes dormir?,¿yennitula wichi'a'mak?,¿yennitulek du'ak?,¿puedo sentarme?,U01655,G01463,medium,0.8857054114341736,0.6705896258354187,0.21511578559875488,2
U03047,G02822,sólo eso he hablado. ahora me voy a levantar y me voy a ir por otra parte.,nanasa' lunek. ipa'li'na kua yunsanpateku nellupa' pa'achek.,inlasiser'chek. lauknunta' asek kui'na usunma' ka'ku'.,voy a cerrar mi boca fuerte. cuando vuelva a abrirla y saque (los pescados) coman.,U02537,G02312,medium,0.778094470500946,0.6122435927391052,0.16585087776184082,2
U01915,G01706,pareces cansado.,saka'ta'masu'pu'su' lli'tula,yupa'masu'pu'su' lli'tula,pareces molesto.,U01916,G01707,hard,0.7298604846000671,0.6737490296363831,0.05611145496368408,2
U01915,G01706,pareces cansado.,saka'ta'masu'pu'su' lli'tula,kaluwinanpu'su' lli'tula,pareces enfermo.,U01616,G01427,medium,0.7298604846000671,0.5625565052032471,0.16730397939682007,6
U03002,G02777,"lloraron entre ellos, se besaron las manos, así dijeron como dialogando con sus compadres. ahí bebiendo todas estas cosas hablaban. 8 probablemente el narrador hace alusión a los espa ñoles conocidos como apu'tek y sekputchek. véanse las narraciones siguientes.","inwellektanna', inmusha'iteklanna', tullini'ma kunpallinenna' luntanna'pu'su'. nanek uwanna', tusu'sa' luñina'.","- ah, pakuuu kenmamá'. lliinuta'mama'su' yasaka'tulama' itudeklek. ah, vayan ustedes, conforme acordaron van a",trabajar les digo.,U02446,G02221,medium,0.7353807687759399,0.5081226825714111,0.2272580862045288,2
U03020,G02795,dice que cargadas en la espalda las trajeron queriendo hacerles conocer.,pipekdek'anni'ma kencha'dekllina' ya'luwerdek'anna'.,chipetcheknenna'si'ma' pektentapalli.,(al llegar vieron que) solamente sus mosquiteros estaban templados.,U02911,G02686,medium,0.7147427201271057,0.5553142428398132,0.15942847728729248,2
U00654,G00545,tomás conduce.,chuma ekpa'palli,tomas ekpa'lli,tomás condujo.,U00432,G00349,hard,0.7406461834907532,0.6721177101135254,0.06852847337722778,2
U00654,G00545,tomás conduce.,chuma ekpa'palli,pawanpalli chuma,falta tomás.,U01873,G01667,medium,0.7406461834907532,0.5846765041351318,0.15596967935562134,4
U00007,G00005,¡incendio!,¡ukeñan!,¡pilli'ter'!,¡sujétalo!,U01378,G01203,medium,0.7674984335899353,0.6104760766029358,0.1570223569869995,2
U01877,G01671,tom luchará.,tom idenmechu,tom akusute'chu,tom cocinará.,U01557,G01369,hard,0.8447128534317017,0.7475743889808655,0.09713846445083618,2
U01877,G01671,tom luchará.,tom idenmechu,tom panwilek'techu,tom pagará.,U00676,G00566,medium,0.8447128534317017,0.5886756181716919,0.25603723526000977,3
U00618,G00514,sonría.,yamerladaker',yamerku',sonrían.,U00019,G00016,hard,0.8622570037841797,0.713675320148468,0.14858168363571167,2
U00618,G00514,sonría.,yamerladaker',yamerladaku',sonrian.,U01160,G01012,medium,0.8622570037841797,0.7010082602500916,0.16124874353408813,3
U01159,G01011,"ah, entiendo.","ah, lachek'apalek",lachek'apalek,lo entiendo.,U00177,G00135,hard,0.8282412886619568,0.6855069994926453,0.14273428916931152,2
U01159,G01011,"ah, entiendo.","ah, lachek'apalek",lachek'apilalek,estoy comprendiendo.,U02046,G01829,medium,0.8282412886619568,0.6408413052558899,0.1873999834060669,3
U02564,G02339,"las jóvenes también, alzando la vista, mirando al cielo, mirando las estrellas, lloraban.","wilalunlusa'nta kuten'anna', kekkilu'tek lli'anna', tandulalusa' lli'anna', willekllina'.","wilawamui'na nawa' lli'apallinerku, uran'ukeklan3, uweklan, iñerkeklan lli'apallinerku wilaweklusa'.","pero como tengo hijos ellos me están viendo, de mi comida, de mi bebida, de todo me están viendo mis hijos.",U02411,G02186,medium,0.7626303434371948,0.574277400970459,0.18835294246673584,2
U02131,G01911,me ignoraron.,luwer'chi'ñiner'ku,luwerchinpu'deker,ignoralos.,U00831,G00707,hard,0.779539942741394,0.6782447099685669,0.10129523277282715,2
U02131,G01911,me ignoraron.,luwer'chi'ñiner'ku,pinaner'u'ku,olvídenme.,U00305,G00244,medium,0.779539942741394,0.6229918003082275,0.1565481424331665,3
U00779,G00656,tengo tiempo.,manennu'tapi'nek,ku'la tupiapi'nek,no sigo.,U01717,G01520,hard,0.7266624569892883,0.6214600801467896,0.10520237684249878,2
U00779,G00656,tengo tiempo.,manennu'tapi'nek,wa'tenchi'nek,no esperé.,U01396,G01220,medium,0.7266624569892883,0.5722160935401917,0.15444636344909668,7
U00947,G00815,estamos cansados.,saka'tusu' ñapalidek,nampilalasu' ñapalidek,estamos despiertos.,U00943,G00811,hard,0.7568413615226746,0.6863800883293152,0.07046127319335938,3
U00947,G00815,estamos cansados.,saka'tusu' ñapalidek,unku'pi ñapallidek,estamos encerrados.,U01252,G01088,medium,0.7568413615226746,0.6029402613639832,0.1539011001586914,11
U01952,G01742,¿puedes oírme?,¿yennitula lauk'a'muk?,¿yennitula lauk'a'mudek?,¿puedes oírnos?,U01953,G01743,hard,0.837554395198822,0.7837644815444946,0.05378991365432739,2
U01952,G01742,¿puedes oírme?,¿yennitula lauk'a'muk?,¿lauk'lun?,¿me oíste?,U01960,G01750,medium,0.837554395198822,0.5711217522621155,0.26643264293670654,4
U01811,G01608,llévalo contigo.,ekpa'ker kenmalek,sekdiperker' kenmalek,consérvalo contigo.,U01812,G01609,hard,0.7893332242965698,0.639712929725647,0.14962029457092285,2
U01811,G01608,llévalo contigo.,ekpa'ker kenmalek,llia'ker' kenma,tú mantente.,U00415,G00335,medium,0.7893332242965698,0.6326058506965637,0.1567273736000061,3
U01771,G01571,estoy apurado.,wiuk'apalek,wa'tentapalek,estoy esperando.,U00830,G00706,hard,0.6022242307662964,0.5479768514633179,0.054247379302978516,7
U01771,G01571,estoy apurado.,wiuk'apalek,lunpalek,estoy leyendo.,U00826,G00702,medium,0.6022242307662964,0.4455472230911255,0.1566770076751709,26
U00637,G00835,engañaron.,tumu'llina',lumer'llina',rieron.,U01198,G01039,hard,0.853380024433136,0.7863695025444031,0.06701052188873291,3
U00637,G00835,engañaron.,tumu'llina',dekllina',votaron.,U00643,G00536,medium,0.853380024433136,0.6209191083908081,0.23246091604232788,5
U00969,G00835,hicieron trampa.,tumu'llina',lumer'llina',rieron.,U01198,G01039,hard,0.7769152522087097,0.7027178406715393,0.07419741153717041,3
U00969,G00835,hicieron trampa.,tumu'llina',nu'tullina',lo lograron.,U00895,G00766,medium,0.7769152522087097,0.532086193561554,0.24482905864715576,7
U00160,G00329,agárralo.,pilli'ter',a'kawiter',acércalo.,U01946,G01736,hard,0.7835972309112549,0.6489834785461426,0.1346137523651123,7
U00160,G00329,agárralo.,pilli'ter',pilli'tullina',la cogieron.,U01842,G01637,medium,0.7835972309112549,0.6229060888290405,0.16069114208221436,9
U00286,G00329,captúralo.,pilli'ter',i'shi'ker',póntelo.,U00399,G00324,medium,0.8267549872398376,0.6005614399909973,0.22619354724884033,7
U00289,G00329,atrápalo.,pilli'ter',a'kawiter',acércalo.,U01946,G01736,hard,0.7841649651527405,0.6800534725189209,0.10411149263381958,7
U00289,G00329,atrápalo.,pilli'ter',i'shi'ker',póntelo.,U00399,G00324,medium,0.7841649651527405,0.6238808631896973,0.1602841019630432,9
U00405,G00329,¡cogedlo!,pilli'ter',¡pilli'ter'!,¡sujétalo!,U01378,G01203,hard,0.791412889957428,0.6476463675498962,0.14376652240753174,7
U00405,G00329,¡cogedlo!,pilli'ter',pilli'tullina',la cogieron.,U01842,G01637,medium,0.791412889957428,0.5631649494171143,0.22824794054031372,8
U00406,G00329,¡arrestadlo!,pilli'ter',¡pilli'ter'!,¡sujétalo!,U01378,G01203,hard,0.7823944091796875,0.7039254903793335,0.078468918800354,7
U00406,G00329,¡arrestadlo!,pilli'ter',pinaner'ker',ólvidalo.,U00350,G00281,medium,0.7823944091796875,0.5973138809204102,0.18508052825927734,9
U00407,G00329,¡prendedlo!,pilli'ter',¡paker'!,¡largo!,U00065,G00051,medium,0.7412116527557373,0.5647091865539551,0.17650246620178223,7
U02325,G02100,los niños ahora hablan sólo el castellano,"wilalusa' ipa'la kaschilla' la'leklansa' lunna',","wilalusa' ipa'la ñi lachek'i'ñina', ipa'li'na shiwilu la'la'mapu'wa' nawa' lachek'i'ñina'.","los niños ahora no la entienden, ahora sí que ellos ya no comprenden nuestra lengua shiwilu.",U02398,G02173,medium,0.8193293809890747,0.5719627737998962,0.24736660718917847,2
U00309,G00300,es rico. (sabor),iyalli,sanek'apalli,está frío.,U00363,G00294,hard,0.6251704096794128,0.5723301768302917,0.052840232849121094,3
U00309,G00300,es rico. (sabor),iyalli,pada'sa'tapalli,está vibrando.,U01806,G01603,medium,0.6251704096794128,0.4661666452884674,0.15900376439094543,11
U00369,G00300,es agradable. (sabor),iyalli,mulunsha nuka'a,es guapa.,U00620,G00515,hard,0.7632687091827393,0.6824727058410645,0.0807960033416748,4
U00369,G00300,es agradable. (sabor),iyalli,muuklli,buenos días.,U01036,G00897,medium,0.7632687091827393,0.5545447468757629,0.20872396230697632,7
U02010,G01795,sigo estornudando.,a'shupalekpi'la,a'shupalek,estoy estornudando.,U01389,G01214,hard,0.8261961340904236,0.6854044198989868,0.14079171419143677,2
U02010,G01795,sigo estornudando.,a'shupalekpi'la,uklutulek.,cómo se prepara la bebida.,U02338,G02113,medium,0.8261961340904236,0.626392662525177,0.19980347156524658,4
U01713,G01516,puedo ayudarte.,yennitulek katu'pa'a'kik,yennitulek'wa' katu'pa'a'kik,podemos ayudarte.,U02160,G01940,hard,0.9310306906700134,0.8140320181846619,0.11699867248535156,2
U01713,G01516,puedo ayudarte.,yennitulek katu'pa'a'kik,taitula'u katu'pe'chen,déjame ayudarte.,U00849,G00725,medium,0.9310306906700134,0.7509346008300781,0.1800960898399353,6
U01160,G01012,sonrian.,yamerladaku',yamerladaker',sonría.,U00618,G00514,hard,0.851973831653595,0.7399448156356812,0.11202901601791382,3
U01160,G01012,sonrian.,yamerladaku',yayamerladata,no sonrías.,U00744,G00624,medium,0.851973831653595,0.6780803203582764,0.1738935112953186,5
U01382,G01207,"apúrate, tom.",wiuk'er' tom,"yunsanker', enchu","vamos, levántate.",U01958,G01748,medium,0.6917570233345032,0.5186412930488586,0.17311573028564453,2
U02104,G01885,quedémonos acá.,llia'awa' asek,wanerawa' asek,paremos aquí.,U02105,G01886,hard,0.8250132203102112,0.7333394885063171,0.09167373180389404,2
U02104,G01885,quedémonos acá.,llia'awa' asek,weranwa' asek,comamos aquí.,U01824,G01620,medium,0.8250132203102112,0.6350457072257996,0.18996751308441162,5
U00448,G00364,conversamos.,lunñidek,yalunñidek,queremos hablar.,U02172,G01952,hard,0.7862058877944946,0.697044849395752,0.08916103839874268,4
U00448,G00364,conversamos.,lunñidek,¿lun'na?,¿hablaste?,U01340,G01168,medium,0.7862058877944946,0.632999837398529,0.15320605039596558,6
U02694,G02469,"se rabió, lloró, tuvo mucha pena arákayu.","yulli, willeklli, wa'inutulli arakayu.",yaaurañini'ma arakayu luwanchiñi.,quisieron hacerle comer pero arákayu no quiso.,U02674,G02449,medium,0.8246785402297974,0.5296480059623718,0.29503053426742554,2
U00332,G00267,me tropecé.,pi'ser'katulek,ilu enka'lliu,me engripé.,U02250,G02025,hard,0.7591788172721863,0.6473737359046936,0.11180508136749268,2
U00332,G00267,me tropecé.,pi'ser'katulek,inlu'uktuwinek,tuve cuidado.,U01425,G01245,medium,0.7591788172721863,0.6022337079048157,0.1569451093673706,3
U02263,G02038,siendo señorita encontré marido.,wilaluntamu sudawek kananek.,napi' sudawek sudatulek.,hace tiempo me casé con mi esposo.,U02405,G02180,hard,0.6794288754463196,0.6110429763793945,0.06838589906692505,2
U02263,G02038,siendo señorita encontré marido.,wilaluntamu sudawek kananek.,a'pinta' luwektapa'nkusui'na ku'aperwawa suda'su'.,la que más me cuida es mi hija que es casada.,U02272,G02047,medium,0.6794288754463196,0.4838176667690277,0.19561120867729187,7
U01045,G00905,él gritó.,nana lamapu'lli,awa wellek'lli,mamá lloró.,U00614,G00510,hard,0.8550658226013184,0.7107617855072021,0.1443040370941162,2
U01045,G00905,él gritó.,nana lamapu'lli,tom lamapu'lli,tom gritó.,U00673,G00563,medium,0.8550658226013184,0.6894809603691101,0.16558486223220825,3
U00564,G00468,estoy soltero.,ku'aper'wi'nek,kulliker'wi'nek,soy pobre.,U00207,G00160,hard,0.7681565284729004,0.6523242592811584,0.11583226919174194,2
U00564,G00468,estoy soltero.,ku'aper'wi'nek,ku'la tupiapi'nek,no sigo.,U01717,G01520,medium,0.7681565284729004,0.5995665788650513,0.16858994960784912,3
U01077,G00936,necesito agua.,luwantulek dek',luwantulek kulliker',quiero dinero.,U01085,G00944,hard,0.6692640781402588,0.6049262881278992,0.06433779001235962,5
U01077,G00936,necesito agua.,luwantulek dek',luwantudek'lek,los necesito.,U00790,G00667,medium,0.6692640781402588,0.49722200632095337,0.17204207181930542,7
U02497,G02272,"entonces, mucho he sufrido para hacer educar a mis hijos.",iya'linchi muinchi kua insekluten'amu wilaweklusa' a'ñinchillintudeklek.,kua usha'wanek a'lek'inpu'dek'amu wilaweklusa'.,yo tengo la culpa de no haberles enseñado a mis hijos.,U02303,G02078,hard,0.7951054573059082,0.7030889987945557,0.09201645851135254,2
U02497,G02272,"entonces, mucho he sufrido para hacer educar a mis hijos.",iya'linchi muinchi kua insekluten'amu wilaweklusa' a'ñinchillintudeklek.,nu'amui'na wadeklek wilaweklusa'.,después tuve mis hijos.,U02265,G02040,medium,0.7951054573059082,0.5996357798576355,0.1954696774482727,3
U03197,G02972,"ahora ponen, este, giovana, y otros nombres más.","ipa'la aku'llina', ma'i, giovanna, ma'nen ilipa'.","pillek'an, tanan, dankumelli a'pinta' tanan.","vengándose, el monte, se sumió más el monte.",U02752,G02527,medium,0.6664090156555176,0.5085970759391785,0.1578119397163391,2
U01907,G01701,¿lo harás?,¿nu'techu'?,¿nu'techuma'?,¿lo harán?,U01908,G01702,hard,0.8669276833534241,0.7176666855812073,0.1492609977722168,2
U01907,G01701,¿lo harás?,¿nu'techu'?,nu'techek,lo haré.,U00552,G00457,medium,0.8669276833534241,0.7028416991233826,0.1640859842300415,3
U00948,G00816,somos gemelos.,insilan nuka'kawa',iin nuka'kawa,somos hermanos.,U01892,G01686,hard,0.7615078091621399,0.6642670631408691,0.09724074602127075,3
U00948,G00816,somos gemelos.,insilan nuka'kawa',kaikualusa' nuker'ka,son hermanas.,U02148,G01928,medium,0.7615078091621399,0.5980328321456909,0.16347497701644897,5
U00631,G00526,estudia mucho.,ninchiter' wapu',a'shulek wapu',estornudo mucho.,U01739,G01541,medium,0.7553212642669678,0.5627736449241638,0.19254761934280396,2
U01616,G01427,pareces enfermo.,kaluwinanpu'su' lli'tula,weipensu' ñapala,estás gordo.,U01296,G01127,medium,0.7564201951026917,0.6025828123092651,0.1538373827934265,4
U01162,G01014,ábrela.,ek'ker'cher',usanker',levanta. (un objeto),U00021,G00508,hard,0.7498375177383423,0.6757400631904602,0.07409745454788208,2
U01162,G01014,ábrela.,ek'ker'cher',a'wanerker',páralo. (poner vertical),U00109,G00077,medium,0.7498375177383423,0.5754604935646057,0.17437702417373657,11
U00673,G00563,tom gritó.,tom lamapu'lli,tom welliek'lli,tom lloró.,U00261,G00208,hard,0.8774917721748352,0.8192553520202637,0.05823642015457153,2
U00673,G00563,tom gritó.,tom lamapu'lli,awa wellek'lli,mamá lloró.,U00614,G00510,medium,0.8774917721748352,0.716465175151825,0.16102659702301025,3
U01641,G01451,estás dormido.,wichi'su' ñapala,¿wichi'su' ñapala?,¿estás dormido?,U01645,G01455,hard,0.8291271924972534,0.679645836353302,0.14948135614395142,2
U01641,G01451,estás dormido.,wichi'su' ñapala,lupersu' ñapala,estás borracha.,U01293,G01124,medium,0.8291271924972534,0.6139568090438843,0.21517038345336914,3
U02128,G01908,cenaron.,werañina',nawa' werañina',ellos cenaron.,U02129,G01909,hard,0.8377134203910828,0.6953496336936951,0.1423637866973877,2
U02128,G01908,cenaron.,werañina',du'awa',sentémonos.,U01826,G01622,medium,0.8377134203910828,0.6098472476005554,0.22786617279052734,3
U02639,G02414,"no tengan miedo,","aner yatek kuatama',","ñi yalui'ñina',","no les importa,",U02328,G02103,hard,0.7627410292625427,0.6856322288513184,0.07710880041122437,3
U02639,G02414,"no tengan miedo,","aner yatek kuatama',","luwetchi'ñina' panwala,","no conocen la huangana,",U02782,G02557,medium,0.7627410292625427,0.5721127390861511,0.1906282901763916,5
U00355,G00286,¿eres tú?,¿kenma'cha'?,¿kenma?,¿y tú?,U01903,G01697,hard,0.9004924297332764,0.8468930125236511,0.053599417209625244,3
U00355,G00286,¿eres tú?,¿kenma'cha'?,¿ñapala?,¿estás?,U01320,G01149,medium,0.9004924297332764,0.7205899953842163,0.17990243434906006,4
U02381,G02156,"entonces con lo que se ha mascado (entre varias mujeres) se endulza. 2 ramichi, en español regional.",ipa'linchi ukdinu'ta'kasu'lek a'kasetllek.,ipa'linchi ukdinu'tulek.,entonces se empieza a mascar formando líquido.,U02355,G02130,hard,0.703768253326416,0.6405071020126343,0.06326115131378174,2
U02381,G02156,"entonces con lo que se ha mascado (entre varias mujeres) se endulza. 2 ramichi, en español regional.",ipa'linchi ukdinu'ta'kasu'lek a'kasetllek.,nanek waleksa' winterkenma' asu' muyunpaki.,"hasta aquí nomás les voy a contar sobre moyobamba. jeberos, julio 2007",U03053,G02828,medium,0.703768253326416,0.4954482913017273,0.20831996202468872,8
U01491,G01308,aprende italiano.,ñinchiter' italianu,llinsercher' kerka'lusa',escribe libros.,U01992,G01778,medium,0.7824029922485352,0.4950309693813324,0.28737202286720276,2
U02910,G02685,(el gobernante) les mandó.,a'pa'deklli.,ilanñi,le disparó.,U01172,G01021,hard,0.7259844541549683,0.6480927467346191,0.07789170742034912,2
U02910,G02685,(el gobernante) les mandó.,a'pa'deklli.,lliaka'uk enka'lina,lo abofeteó.,U02115,G01896,medium,0.7259844541549683,0.5635508298873901,0.16243362426757812,3
U02528,G02303,"los policías fueron (hacia los niños enfermos), les quitaron sus pescados y les dijeron:",wala'wanlusa'ler pa'an samenñenna' siwetchudek'an,"nana anaka'ler pekdadeklli tan ima a'insekdiperdeklli, musu pilendek'anna':",esa fiera les comió a todos dijo eso y (el gobernador) hizo que se preparen y les aconsejaron:,U02917,G02692,hard,0.6311333775520325,0.5763505101203918,0.054782867431640625,3
U02528,G02303,"los policías fueron (hacia los niños enfermos), les quitaron sus pescados y les dijeron:",wala'wanlusa'ler pa'an samenñenna' siwetchudek'an,nana malek dansu'lusa' tullina':,por eso los sobrevivientes dijeron:,U02566,G02341,medium,0.6311333775520325,0.4688798487186432,0.16225352883338928,6
U01055,G00915,¡qué romántico!,¡enpu'ni mupenchipa'!,¡enpu'ni dakuta'ipa'!,¡qué fiasco!,U01597,G01408,hard,0.7351082563400269,0.6744586825370789,0.060649573802948,3
U01055,G00915,¡qué romántico!,¡enpu'ni mupenchipa'!,¡enpu'ni mui'pa!,¡qué alivio!,U01598,G01409,medium,0.7351082563400269,0.5696001052856445,0.16550815105438232,7
U02883,G02658,"entonces contaron por acá hay un hombre puro hueso y sus intestinos le cuelgan,","naneklima luncha'llina' asu'lupa' lansi'sa' ala'sa' ya'lli, dullinen iñer ukunpala'lli,","ipa'linchi nawa' ektu'na' palenñantullina', puñañin llisantullina'.","entonces los hombres llegaron y construyeron tambo, chancaron barbasco.",U02516,G02291,medium,0.7038277387619019,0.5189334750175476,0.18489426374435425,2
U02637,G02412,dice que arákayu llamó (a los peces) y le dijo (a la gente):,"arakayu ima peklu'deklli, itudeklli:",arakayuler itudeklli:,arakayu les dijo:,U02760,G02535,medium,0.7846336960792542,0.6207207441329956,0.16391295194625854,2
U01923,G01714,estaban felices.,musu' ñapawiñina',musu' ñapawiñi,fue emocionante.,U02070,G01853,medium,0.8970850706100464,0.7354406714439392,0.16164439916610718,2
U02257,G02032,con otra mujer vivían bien.,ali'la ku'apellek nanpillina' musu'.,mupisusa' ñapallina',están limpias.,U01546,G01358,medium,0.7961478233337402,0.543712317943573,0.25243550539016724,2
U00521,G00432,lo dudo.,latek'iñen,yachiminek,quiero morir.,U01421,G01241,medium,0.8374386429786682,0.6244294047355652,0.21300923824310303,2
U00210,G00162,estoy enferma.,kaluwi'su' ñapalek,chacha'lek ñapalek,estoy herido.,U00201,G00154,hard,0.846947431564331,0.7581340074539185,0.0888134241104126,2
U00210,G00162,estoy enferma.,kaluwi'su' ñapalek,mudinui'su' ñapalek,estoy débil.,U00216,G00168,medium,0.846947431564331,0.6941193342208862,0.15282809734344482,9
U00931,G00800,podemos hablar.,yinnitullidek lunnak,yennitula winta'mudek,puedes decírnoslo.,U02205,G01982,medium,0.882597804069519,0.7209129333496094,0.16168487071990967,2
U02463,G02238,los antiguos lo llevaban a sus chacras.,napi'ku'lusa'ler ekpa'llina' menminennak.,penwanpasik pidekñik.,alguien estaba haciendo fuego en su casa.,U02584,G02359,hard,0.6399660706520081,0.5704658627510071,0.06950020790100098,3
U02463,G02238,los antiguos lo llevaban a sus chacras.,napi'ku'lusa'ler ekpa'llina' menminennak.,pinter ima sekmu'lli papinku.,diluyó tabaco el viejo.,U02923,G02698,medium,0.6399660706520081,0.4851241409778595,0.15484192967414856,6
U00031,G00026,perdí. (opuesto de ganar),wer'lliek,awer'lek,me perdí.,U00524,G00434,hard,0.7407740354537964,0.6597827672958374,0.08099126815795898,3
U00031,G00026,perdí. (opuesto de ganar),wer'lliek,anu'lek,me caí.,U00028,G00023,medium,0.7407740354537964,0.5635002255439758,0.17727380990982056,10
U01268,G01103,puedes venir.,yennitula' uk'a'mak,¿yennitula uk'a'mak?,¿puedes venir?,U01002,G00865,medium,0.8530186414718628,0.6978110671043396,0.1552075743675232,2
U02819,G02594,dicen que arákayu puso una ballena y salió (de la región).,arakayu ima lanla' akun yunsu'lli.,tan ima arakayu nana lanla' aku'lli.,dijo arákayu y puso la ballena.,U02821,G02596,hard,0.7656797766685486,0.6451628804206848,0.12051689624786377,2
U02819,G02594,dicen que arákayu puso una ballena y salió (de la región).,arakayu ima lanla' akun yunsu'lli.,arakayuler pekkun pa'lapinta'lli.,arakayú icaró y se fue dejándolos.,U02715,G02490,medium,0.7656797766685486,0.6095326542854309,0.15614712238311768,3
U00364,G00295,está fresco.,nalu ñapalli,intek weranpalli,está fingiendo comer.,U00760,G00639,hard,0.5998706817626953,0.5386928915977478,0.06117779016494751,6
U00364,G00295,está fresco.,nalu ñapalli,u'wa'tak analli,fumar apesta.,U01846,G01641,medium,0.5998706817626953,0.4470897316932678,0.1527809500694275,23
U02467,G02242,así el canasto caminaba antiguamente.,nu'su' lantekpi dekkuntuwiñi napi'.,nana lantekpi dekkuntulli.,el canasto caminaba.,U02460,G02235,medium,0.7627952098846436,0.5978078842163086,0.16498732566833496,2
U00555,G00460,soy gemelo.,insilanpi nuka'ka,ma'kimpu nuka'ka,soy torpe.,U00557,G00462,hard,0.6895951628684998,0.6298134922981262,0.059781670570373535,3
U00555,G00460,soy gemelo.,insilanpi nuka'ka,iin nuka'kawa,somos hermanos.,U01892,G01686,medium,0.6895951628684998,0.5351826548576355,0.15441250801086426,17
U01402,G01226,odio volar.,luyulek pennu'ak,luyulek idenmaak,odio pelear.,U02004,G01790,hard,0.823074996471405,0.7590711712837219,0.0640038251876831,3
U01402,G01226,odio volar.,luyulek pennu'ak,empu'duncha',odio planchar.,U01725,G01527,medium,0.823074996471405,0.5473260879516602,0.2757489085197449,6
U01403,G01226,detesto volar.,luyulek pennu'ak,luyulek idenmaak,odio pelear.,U02004,G01790,hard,0.8481734395027161,0.7681844830513,0.07998895645141602,3
U01403,G01226,detesto volar.,luyulek pennu'ak,luyu'lli teka'ak,odia correr.,U02242,G02017,medium,0.8481734395027161,0.6516464948654175,0.19652694463729858,5
U01453,G01271,estoy agotado.,saka'tusu' ñapalek,nupek'pi ñapalek,estoy quebrado.,U00339,G00272,hard,0.6889013648033142,0.620866596698761,0.06803476810455322,20
U01453,G01271,estoy agotado.,saka'tusu' ñapalek,chacha'lek ñapalek,estoy herido.,U00201,G00154,medium,0.6889013648033142,0.5365957617759705,0.15230560302734375,40
U02900,G02675,quizás aparecieron estas nubes para pronosticarnos mal agüero,nu'an asu' kekkilu'tek yunsu'lli ya'lli'minmu'wa' yapekkiwantanminmu'wa',nana nani'na itullina' ma'pu'si'pa' insekluteñek muyunpa inchilala yaekketchakwa' tullina'.,a eso dijeron ¡cuánto hemos sufrido para abrir el camino a moyobamba! dijeron.,U03033,G02808,hard,0.6872693300247192,0.5387845039367676,0.14848482608795166,2
U02900,G02675,quizás aparecieron estas nubes para pronosticarnos mal agüero,nu'an asu' kekkilu'tek yunsu'lli ya'lli'minmu'wa' yapekkiwantanminmu'wa',nanalupa' uk'anna' asu' utapakellinerkenmu'wa'.,viniendo por ahí nos están viniendo a hacer esto.,U03115,G02890,medium,0.6872693300247192,0.47598838806152344,0.2112809419631958,3
U02573,G02348,todas esas cosas verdad es lo que contaron los viejos que escuchaban cuando iban (a pampayacu).,nanadaper tekkinchinen luñina' taserpilusa' pantanna' lauk'erkasu'.,ta'ser kuanta' taserpiku'lusa' laukdeklek du'amu weilan.,"cuando contaban yo también a los viejos ya finados les he escuchado, sentado desde cierta distancia.",U02789,G02564,medium,0.7607729434967041,0.4790787696838379,0.2816941738128662,2
U03176,G02951,¿cuál quieres que sea tu santo? les preguntó.,¿enkasu' a'cha santupen luwantula ña'su'? itullima.,¿ma'nen ila'cha luwantekchuma' kenmama'?,¿qué más van a necesitar ustedes?,U02651,G02426,hard,0.604282796382904,0.49038854241371155,0.1138942539691925,2
U03176,G02951,¿cuál quieres que sea tu santo? les preguntó.,¿enkasu' a'cha santupen luwantula ña'su'? itullima.,- ¿asu' ma'nen samer a'cha? itullina'.,¿estos qué peces son?,U02653,G02428,medium,0.604282796382904,0.4479615092277527,0.15632128715515137,3
U02207,G01984,deberías descansar.,neria'masu' ñapalli,chimin'er'kasu'ñapalli,deben morir.,U01540,G01352,hard,0.7317929267883301,0.584782063961029,0.14701086282730103,2
U02207,G01984,deberías descansar.,neria'masu' ñapalli,wichi'su' ñapala,estás dormido.,U01641,G01451,medium,0.7317929267883301,0.5607728958129883,0.1710200309753418,3
U02833,G02608,"a ver pues, voy a contar ahora cómo se les habrá ocurrido a los shiwilu finados conocer moyobamba.",enta'n lunchek ipa'la asu' ma'pu'sui'pa' kankantanna' shiwiluku'lusa' muyunpa yaluwetchullina'.,"ipa'la' winterkenma' ma'pu'si'pa' napi' shawala kenma' ñapanna'pi'la idenmalli'na' asu' nerñinalukla uklusa'lek, kaschilla lunlusa'.","ahora les voy a contar cómo quiza cuando vivían los antiguos indios shawala pelearon contra los que vinieron de otro pueblo, los catellano- hablantes.",U03054,G02829,hard,0.697829008102417,0.5925220847129822,0.10530692338943481,3
U02833,G02608,"a ver pues, voy a contar ahora cómo se les habrá ocurrido a los shiwilu finados conocer moyobamba.",enta'n lunchek ipa'la asu' ma'pu'sui'pa' kankantanna' shiwiluku'lusa' muyunpa yaluwetchullina'.,enta' wintununterkenma' u'ñishata'la nana ishpaña la'la' lunlusi'mi'na' pipekpi wekllina' muyunpeklan asu' shiwiluk.,les voy a contar otro poquito sobre los de habla española que llegaron cargados desde moyobamba acá a jeberos.,U03125,G02900,medium,0.697829008102417,0.5331396460533142,0.16468936204910278,6
U01329,G01157,¡llámame después!,¡peklu'u ma'isik!,¡lunker' kualek!,¡habla conmigo!,U00633,G00528,hard,0.700182318687439,0.581465482711792,0.11871683597564697,2
U01329,G01157,¡llámame después!,¡peklu'u ma'isik!,¡iyasu' lanelliek!,¡huele rico!,U01793,G01592,medium,0.700182318687439,0.5463051795959473,0.1538771390914917,3
U02855,G02630,los que van a ir primero (el primer grupo) van a perecer todos devorados por las fieras.,nanentu pa'erkasu' anaker'chuna' iñerdaper.,enpu'ni dadapudekshipa' enpu'ni pektudekshipa' kanenchuma'.,agua blanquísima y cristalina van a encontrar.,U02539,G02314,medium,0.6966620683670044,0.49693524837493896,0.19972681999206543,2
U03125,G02900,les voy a contar otro poquito sobre los de habla española que llegaron cargados desde moyobamba acá a jeberos.,enta' wintununterkenma' u'ñishata'la nana ishpaña la'la' lunlusi'mi'na' pipekpi wekllina' muyunpeklan asu' shiwiluk.,nanek waleksa' winterkenma' asu' malallina idenma'su' ispaña la'la'lusa'lek.,hasta acá nomás les he contado la lucha de malallina con los españoles.,U03123,G02898,hard,0.7290681004524231,0.6518232226371765,0.07724487781524658,2
U03125,G02900,les voy a contar otro poquito sobre los de habla española que llegaron cargados desde moyobamba acá a jeberos.,enta' wintununterkenma' u'ñishata'la nana ishpaña la'la' lunlusi'mi'na' pipekpi wekllina' muyunpeklan asu' shiwiluk.,enta'n lunchek ipa'la asu' ma'pu'sui'pa' kankantanna' shiwiluku'lusa' muyunpa yaluwetchullina'.,"a ver pues, voy a contar ahora cómo se les habrá ocurrido a los shiwilu finados conocer moyobamba.",U02833,G02608,medium,0.7290681004524231,0.5364973545074463,0.1925707459449768,4
U02813,G02588,"todos los animales, hasta los terrestres, se han ido por su lado, se han alejado.","dudinpu' asu' lupek pa'a'su'daper ilakapi chiketchullina', wei pa'llina'.","nalamulu'lusa' nakutusu', kekkilu'tek kawima uluntulli.","sobrepasaba las copas de los árboles, muy cerca del cielo ardía.",U02550,G02325,medium,0.7601959109306335,0.5532162189483643,0.2069796919822693,2
U00231,G00181,prohibido pasar.,ku'la nakui'nchu,ku'la pa'chinchu,no servirá.,U01478,G01296,hard,0.6976107954978943,0.6415222883224487,0.05608850717544556,2
U00231,G00181,prohibido pasar.,ku'la nakui'nchu,pa'a'kawa'su' ñapalli,debemos irnos.,U00688,G01082,medium,0.6976107954978943,0.5228126049041748,0.17479819059371948,7
U02020,G01805,lo reconozco.,luwer'chulek,luwer'chapadeklek,los conozco.,U00782,G00659,hard,0.8076059222221375,0.6750213503837585,0.1325845718383789,4
U02020,G01805,lo reconozco.,luwer'chulek,lli'echek,lo miraré.,U01446,G01264,medium,0.8076059222221375,0.6384813785552979,0.1691245436668396,5
U02266,G02041,los parí y crecieron.,"wadeklek, susullina'.","pi'murllina', a'du'llina'.",llenaban el canasto y lo sentaban.,U02465,G02240,medium,0.6887901425361633,0.5295625925064087,0.15922755002975464,2
U03147,G02922,ahora les voy a contar cómo quizás los nombres shiwilu11 han sido.,enta' winterkenma' ma'pu'si'pa' kineklada' llillin ñilli.,ipa'la nu'anna' ipa' shiwilu la'la' pinaner'apilallina'.,de esta manera ahora están olvidando la lengua shiwilu.,U03120,G02895,hard,0.6681978106498718,0.5360339283943176,0.1321638822555542,2
U03147,G02922,ahora les voy a contar cómo quizás los nombres shiwilu11 han sido.,enta' winterkenma' ma'pu'si'pa' kineklada' llillin ñilli.,ipa'li'na shiwilu la'la' pinanetllina'.,y han olvidado la lengua shiwilu.,U02326,G02101,medium,0.6681978106498718,0.5132322311401367,0.1549655795097351,4
U00855,G00731,¡hagámoslo!,¡nu'tawa'!,nu'tulek'wa',lo hicimos.,U00687,G00575,medium,0.9031513333320618,0.7084242105484009,0.1947271227836609,2
U00243,G00632,siéntate.,du'ker',du'ker' nanek,sentate ahí.,U00414,G00334,hard,0.9033361077308655,0.7834067344665527,0.11992937326431274,4
U00243,G00632,siéntate.,du'ker',ipa'la du'ker',ahora sientate.,U01158,G01010,medium,0.9033361077308655,0.735360324382782,0.1679757833480835,7
U00753,G00632,tome asiento.,du'ker',cheksu' du'ker',siéntate derecho.,U02117,G01898,hard,0.8469154834747314,0.7770887613296509,0.06982672214508057,4
U00753,G00632,tome asiento.,du'ker',du'ker' asek,siéntate aquí.,U00246,G00194,medium,0.8469154834747314,0.6586856245994568,0.18822985887527466,8
U01890,G01684,lo pintaremos.,llinserllidek,tu'nek'echidek,los detendremos.,U02177,G01957,hard,0.726391613483429,0.6667373776435852,0.05965423583984375,5
U01890,G01684,lo pintaremos.,llinserllidek,kuda a'nañiechidek,nosotros compartiremos.,U00941,G00809,medium,0.726391613483429,0.5717518329620361,0.15463978052139282,8
U02109,G01890,¡feliz navidad!,¡u'chimu ñiñuduker!,¡u'chimusha wichi'ker'!,¡dulces sueños!,U01181,G01028,hard,0.6835405230522156,0.621847927570343,0.06169259548187256,6
U02109,G01890,¡feliz navidad!,¡u'chimu ñiñuduker!,¡yuspeinet'echun!,¡gracias!,U00046,G00735,medium,0.6835405230522156,0.5315858721733093,0.15195465087890625,12
U00006,G00004,¡fuego!,¡pen!,¡paker'!,¡largo!,U00065,G00051,medium,0.7617347836494446,0.5473705530166626,0.21436423063278198,2
U01851,G01646,está claro.,latek'la nañi,latek'lanañi,es evidente.,U01850,G01645,hard,0.7769129276275635,0.6887864470481873,0.08812648057937622,3
U01851,G01646,está claro.,latek'la nañi,tekdiperpi ñapalli,está mejorado.,U01485,G01303,medium,0.7769129276275635,0.615930438041687,0.16098248958587646,4
U01852,G01646,es obvio.,latek'la nañi,latek'iñen,lo dudo.,U00521,G00432,hard,0.7136601805686951,0.5693955421447754,0.14426463842391968,4
U01852,G01646,es obvio.,latek'la nañi,tumu'tek' nuka'a,es engañoso.,U02077,G01860,medium,0.7136601805686951,0.5635204911231995,0.1501396894454956,6
U00538,G00444,lo extraño.,lu'wanek,yan'katektulek,lo admito.,U00513,G00424,hard,0.750542938709259,0.6011677384376526,0.14937520027160645,2
U00538,G00444,lo extraño.,lu'wanek,yañinchitulek,quiero saberlo.,U01058,G01813,medium,0.750542938709259,0.5677316784858704,0.18281126022338867,3
U01489,G01345,déjelo.,ta'ituler',a'tender',enciéndelo. (fuego),U00677,G00567,hard,0.7852073907852173,0.7289083003997803,0.05629909038543701,4
U01489,G01345,déjelo.,ta'ituler',i'shi'ker',póntelo.,U00399,G00324,medium,0.7852073907852173,0.6299452185630798,0.15526217222213745,10
U01532,G01345,ya basta.,ta'ituler',ta'tuler',cálmate.,U00284,G01027,hard,0.7295640110969543,0.6683662533760071,0.061197757720947266,4
U01532,G01345,ya basta.,ta'ituler',nu'wanker',baje.,U01014,G00876,medium,0.7295640110969543,0.5792604088783264,0.15030360221862793,10
U02545,G02320,"a ver qué cosa van a ver ustedes, algo que nunca antes han visto les dijo a los niños.","ma'pu'si'pa' lli'etchuma' kenmama', ñienpi' lli'npu'a'mama'su' itudekllima wilalusa'.","nana wa'lata'masui'na tusu' tusu' nu'aterwa', nana malek i'na nasu'ku' wilalusa' nasu' tullima ala'sa' taserpi.","que eso que has soñado así así va a suceder, por eso estén alertas muchachos dijo un viejo.",U02869,G02644,medium,0.802920937538147,0.5465524792671204,0.2563684582710266,2
U03096,G02871,"cuando los barriobajinos van por el barrio alto, las mujeres y los hombres del barrio alto se rabian.","chillenllusa' pa'a'ser winenllupa', winellun winenpenllusa'nta' yullina'.",nana chu'kenpa'tapasik mitan ukllik'inchi sellawalusa' chu'kenapallina'.,mientras (arákayu) estaba pandillando el día central de carnaval las golondrinas estaban también danzando.,U02684,G02459,medium,0.7281354069709778,0.46004825830459595,0.26808714866638184,2
U00414,G00334,sentate ahí.,du'ker' nanek,du'ker' asek,siéntate aquí.,U00246,G00194,hard,0.8184390068054199,0.6894479393959045,0.12899106740951538,2
U00414,G00334,sentate ahí.,du'ker' nanek,ipa'la du'ker',ahora sientate.,U01158,G01010,medium,0.8184390068054199,0.6047270894050598,0.2137119174003601,3
U02551,G02326,"hasta donde se detuvieron los niños, dice, ardió todo.",nana wilalusa' wanererkek walek ima uketlli.,"nana wilalusa'shima ektu'ntanna', wa'an wintunta'llina':","cuando los niños llegaron (a jeberos), le contaron al gobernante:",U02553,G02328,medium,0.7008256912231445,0.5233740210533142,0.17745167016983032,2
U00168,G00126,¡qué encanto!,¡empu'ni mushipa'!,¡embu'ni mushipa'!,¡qué bonito!,U00511,G00422,hard,0.8677558302879333,0.8109005093574524,0.05685532093048096,2
U00168,G00126,¡qué encanto!,¡empu'ni mushipa'!,¡muek'kilala!,¡feliz año!,U01690,G01494,medium,0.8677558302879333,0.6981446743011475,0.1696111559867859,3
U01835,G01631,nadie escucha.,ñiden lauk'tapi'ñi,ñiden lamapui'ñi,nadie gritó.,U01834,G01630,medium,0.8437565565109253,0.6849764585494995,0.15878009796142578,2
U02712,G02487,"el rayo caño se secó,","ukilasu'tundek enñi,","lapi'samer uklli,","vino la corvina,",U02647,G02422,hard,0.6872332096099854,0.6161661744117737,0.07106703519821167,6
U02712,G02487,"el rayo caño se secó,","ukilasu'tundek enñi,","sennanlusa'nta' enñi,","también los lagos se secaron,",U02710,G02485,medium,0.6872332096099854,0.5221803784370422,0.16505283117294312,10
U02254,G02029,cuando tenía nueve meses murió mi madre y me crió mi abuelita.,"iskun duker a'ña'seku awawek chiminlapillun, amishawek teksusullun.","u'dun wawalu' wadek'a'kasu', u'dun wawalu' kua teksusu'kasu'.","hartos hijos he parido, hartos hijos he criado.",U02300,G02075,medium,0.6924806237220764,0.5303384065628052,0.16214221715927124,2
U01518,G01333,mándamelo.,a'uktuwu,na'pi'u,respóndeme.,U00281,G00226,hard,0.8164162635803223,0.7612941861152649,0.05512207746505737,4
U01518,G01333,mándamelo.,a'uktuwu,enka'u nana,dame eso.,U01033,G00894,medium,0.8164162635803223,0.6605179309844971,0.1558983325958252,9
U00737,G00617,¿ganaste?,¿kana'tula?,¿peklu'tula?,¿llamaste?,U00706,G00592,hard,0.7819375395774841,0.6928284764289856,0.08910906314849854,2
U00737,G00617,¿ganaste?,¿kana'tula?,¿kana'tapala?,¿estás ganando?,U01943,G01733,medium,0.7819375395774841,0.6127681136131287,0.16916942596435547,5
U00488,G00401,no pares.,yataitula'ta,teka'pa'ku'i'la,sigan corriendo.,U01137,G00990,hard,0.6589758396148682,0.6022027134895325,0.05677312612533569,3
U00488,G00401,no pares.,yataitula'ta,ma'kek'pachi'ñi,es irrelevante.,U02076,G01859,medium,0.6589758396148682,0.502892255783081,0.1560835838317871,16
U01479,G01297,funciona bien.,saka'tapalli musu',nana saka'tapalli,eso funciona.,U00636,G00531,medium,0.8553544282913208,0.7021453380584717,0.15320909023284912,2
U01536,G01348,están aquí.,asek ñapallina',asek' ñapalli,aquí está.,U00506,G00418,hard,0.8781300783157349,0.731455385684967,0.14667469263076782,2
U01536,G01348,están aquí.,asek ñapallina',kualek ñapallina',están conmigo.,U02150,G01930,medium,0.8781300783157349,0.692552924156189,0.1855771541595459,3
U02700,G02475,dando un brinco se lanzó al agua con su señora.,sekkankatan indi'dektulli sadinlek.,penwanpasik pidekñik.,alguien estaba haciendo fuego en su casa.,U02584,G02359,medium,0.8079054951667786,0.5671685338020325,0.2407369613647461,2
U01597,G01408,¡qué fiasco!,¡enpu'ni dakuta'ipa'!,!embu'ni uchutek'ipa'!,¡qué mugre!,U00954,G00821,hard,0.8066446781158447,0.6655479073524475,0.14109677076339722,2
U01597,G01408,¡qué fiasco!,¡enpu'ni dakuta'ipa'!,¡enpu'ni mupenchipa'!,¡qué romántico!,U01055,G00915,medium,0.8066446781158447,0.6215096712112427,0.18513500690460205,3
U02143,G01923,son primos.,i'inlusa' nuker'ka,kadu'lusa' nuker'ka,son huevos.,U01206,G01047,hard,0.808210015296936,0.6673643589019775,0.1408456563949585,3
U02143,G01923,son primos.,i'inlusa' nuker'ka,nuka'kawa taserpilusa',somos adultos.,U01250,G01086,medium,0.808210015296936,0.6072565317153931,0.20095348358154297,4
U00430,G00347,cayeron.,anu'llina',chi'yek llina',se escaparon.,U01196,G01037,hard,0.8498455286026001,0.7096979022026062,0.1401476263999939,2
U00430,G00347,cayeron.,anu'llina',pa'llina',se fueron.,U01208,G01049,medium,0.8498455286026001,0.6576786041259766,0.19216692447662354,3
U02390,G02165,"cuando pasan cuatro días, cuando fermenta, bebemos.","ínkatu' uklli nakusik, deksik, ullidek.","tukaner'chi'ñinerkenmu'wa', llikaner'chi'ñinerkenmu'wa', ¿nana'cha mulli?","no se cansan de reñirnos, no dejan de pegarnos, ¿acaso eso es bueno?",U03065,G02840,medium,0.5899725556373596,0.4150410592556,0.17493149638175964,2
U02575,G02350,cuando contaban yo también a los abuelos ya finados les he escuchado.,"ta'ser kuanta' papinkuku'lusa' laukdeklek, wilakuñamu,",nawa' lu'rnka'su' kudanta' laukta'kudeksu' wilakudek ñamudek lunpallidek.,lo que ellos hablaron y nosotros escuchamos cuando éramos niños eso estamos contando.,U03003,G02778,hard,0.6650540232658386,0.5244228839874268,0.14063113927841187,4
U02575,G02350,cuando contaban yo también a los abuelos ya finados les he escuchado.,"ta'ser kuanta' papinkuku'lusa' laukdeklek, wilakuñamu,",kenmami'na lawekklatekkek ñikunama' laulate.,y ustedes que fueron a vivir a los dos cerros que forman como una boca abierta son laulate.,U03166,G02941,medium,0.6650540232658386,0.5042948722839355,0.16075915098190308,5
U00828,G00704,soy egoísta.,kuakeksa' lli'inupalek,ma'kimpu nuka'ka,soy torpe.,U00557,G00462,hard,0.6933786869049072,0.6104811429977417,0.08289754390716553,3
U00828,G00704,soy egoísta.,kuakeksa' lli'inupalek,iñer' ñinchitapalek,soy listo.,U00217,G00169,medium,0.6933786869049072,0.5368213057518005,0.1565573811531067,17
U02547,G02322,aquí está el árbol inclinado. ¡detengámonos!,ma'atasu' nala inner'apalli. ¡wanera!,- panuudek sametchapen. uki'lallidek.,regálanos tus pescaditos. tenemos hambre.,U02611,G02386,medium,0.7728977799415588,0.509458601474762,0.2634391784667969,2
U02677,G02452,"¿qué tipo de hombre es este, arákayu? dijeron los pobladores.",¿ma'pu'lusa' asu' muda' ñan i'na asu' arakayu u'lli? tullini'ma nana ñinanlu'wanlusa'.,- ¿asu' ma'nen samer a'cha? itullina'.,¿estos qué peces son?,U02653,G02428,hard,0.6974117159843445,0.5705961585044861,0.1268155574798584,2
U02677,G02452,"¿qué tipo de hombre es este, arákayu? dijeron los pobladores.",¿ma'pu'lusa' asu' muda' ñan i'na asu' arakayu u'lli? tullini'ma nana ñinanlu'wanlusa'.,- ¿ma'dek a'cha asu'? itullini'mi'na'.,¿cómo se llama esta quebrada? preguntaron.,U02598,G02373,medium,0.6974117159843445,0.4826418161392212,0.2147698998451233,3
U02755,G02530,esas cochas se secaron.,nana sennanlusa' enñi.,nawa dek'kuntillina',ellos caminaron.,U00902,G00773,medium,0.794948160648346,0.5818787813186646,0.2130693793296814,2
U00801,G01817,me despidieron.,usu'lliner'ku,ilanñiner'ku,me dispararon.,U01778,G01577,hard,0.687130331993103,0.6163902282714844,0.07074010372161865,3
U00801,G01817,me despidieron.,usu'lliner'ku,nakusu' wichilek,dormí mucho.,U01418,G01238,medium,0.687130331993103,0.5276589393615723,0.15947139263153076,11
U02033,G01817,fui despedido.,usu'lliner'ku,musu' sekaper'llinerku,fui bienvenido.,U01756,G01558,hard,0.8148154616355896,0.7263296246528625,0.08848583698272705,3
U02033,G01817,fui despedido.,usu'lliner'ku,a'apitulliner'ku,fui enmarcado.,U01088,G00947,medium,0.8148154616355896,0.6404744386672974,0.17434102296829224,4
U02960,G02735,"en lo que estaban llevando, encontraron al tigre negro.",uk'apinlencha'ni'ma kelluluñiñi' kanañina'.,"pennen alañina', lli'llina' dullinen ukunpalalli.",le pidieron su candela (al duende) y se dieron cuenta de que sus intestinos estaban colgados.,U02925,G02700,hard,0.666205883026123,0.5895089507102966,0.07669693231582642,2
U02960,G02735,"en lo que estaban llevando, encontraron al tigre negro.",uk'apinlencha'ni'ma kelluluñiñi' kanañina'.,pipekdek'anni'ma kencha'dekllina' ya'luwerdek'anna'.,dice que cargadas en la espalda las trajeron queriendo hacerles conocer.,U03020,G02795,medium,0.666205883026123,0.4463275074958801,0.21987837553024292,4
U01239,G01078,los amamos.,tanten'ñidek,we'inutulidek,lo sentimos.,U00946,G00814,hard,0.7180848717689514,0.640215277671814,0.07786959409713745,3
U01239,G01078,los amamos.,tanten'ñidek,sadasu' ñapalek',estamos casados.,U01584,G01395,medium,0.7180848717689514,0.5674386024475098,0.15064626932144165,7
U00095,G00065,soy viejo.,taserpiku,taserlunku nuka'ka,soy adulta.,U01100,G00959,hard,0.6924971342086792,0.5702712535858154,0.12222588062286377,3
U00095,G00065,soy viejo.,taserpiku,perchek' nuka'ka,soy vago.,U00203,G00156,medium,0.6924971342086792,0.5182497501373291,0.1742473840713501,5
U02973,G02748,cuentan que cando llegaron a moyobamba los que hablaban en lengua inca los quisieron matar.,"ektu'sik ima muyunpak, nana inka' la'la' lunlusa'ler ima, yadi'tudeklli.","katu'shunka' alei'teklun ekkilala ñisik ima, nana wa'anku'lusa' malallinalek lu'rnkasu' nawei'ma ipa' chimia'ser adankenñunta'llina'.",veinticinco años pasaron y cuando las autoridades que habían hablado con malallina murieron volvieron (a jeberos).,U03086,G02861,hard,0.6785218119621277,0.5318622589111328,0.14665955305099487,2
U02973,G02748,cuentan que cando llegaron a moyobamba los que hablaban en lengua inca los quisieron matar.,"ektu'sik ima muyunpak, nana inka' la'la' lunlusa'ler ima, yadi'tudeklli.",wichi'a'ser ima tekkinchi lansi' wa'dan uk'an iñer ima laki'kerdeklli.,"cuando se durmieron, dice que de veras vino el duende puro hueso y a toditos los mató mordiéndoles el cuello,",U02893,G02668,medium,0.6785218119621277,0.5179381370544434,0.16058367490768433,3
U00431,G00348,perdieron.,kana'chi'ñina',chi'yek llina',se escaparon.,U01196,G01037,hard,0.6947609186172485,0.6339046955108643,0.06085622310638428,6
U00431,G00348,perdieron.,kana'chi'ñina',nu'tullina',lo lograron.,U00895,G00766,medium,0.6947609186172485,0.5218672752380371,0.17289364337921143,17
U02517,G02292,"luego de hacer eso, dijeron pesquemos mañana.",nu'anna' eklli pur'awa' tullini'ma.,nanek ima nu'unta' itudekllina' kerku' sha'wapenma' uku'lakeru'kudek.,dice que ahí algunos (españoles) les decían (a los shiwilu) traigan a sus hermanas para vendérnoslas.,U03005,G02780,hard,0.7091981768608093,0.5633558034896851,0.14584237337112427,2
U02517,G02292,"luego de hacer eso, dijeron pesquemos mañana.",nu'anna' eklli pur'awa' tullini'ma.,nanalupa' uk'anna' asu' utapakellinerkenmu'wa'.,viniendo por ahí nos están viniendo a hacer esto.,U03115,G02890,medium,0.7091981768608093,0.5358121991157532,0.17338597774505615,3
U01143,G00996,déjalo ir.,ta'ituler' pa'i,ta'iter' a'mercha,deja sitio.,U00394,G00319,hard,0.8703078031539917,0.7617690563201904,0.10853874683380127,2
U01143,G00996,déjalo ir.,ta'ituler' pa'i,ta'ituler',ya basta.,U01532,G01345,medium,0.8703078031539917,0.6644834280014038,0.2058243751525879,5
U02482,G02257,yo he sufrido mucho en mi vida.,kui'na enpu'nipa' insekluten'a'kasu' nanpi'kasu'.,kua napi' simirkek nanpilek.,hace mucho yo viví en varadero.,U02483,G02258,hard,0.6805914044380188,0.5741583704948425,0.10643303394317627,2
U02482,G02257,yo he sufrido mucho en mi vida.,kui'na enpu'nipa' insekluten'a'kasu' nanpi'kasu'.,a'pinta' luwektapa'nkusui'na ku'aperwawa suda'su'.,la que más me cuida es mi hija que es casada.,U02272,G02047,medium,0.6805914044380188,0.466068297624588,0.2145231068134308,5
U01973,G01762,¿le conoce?,¿luwer'chapalli?,¿lli'inutapala?,¿lo recuerdas?,U01974,G01763,hard,0.7272136807441711,0.6044715642929077,0.12274211645126343,3
U01973,G01762,¿le conoce?,¿luwer'chapalli?,¿llillinpen nu'tula?,¿firmaste?,U01021,G00883,medium,0.7272136807441711,0.5641979575157166,0.1630157232284546,4
U02779,G02554,por eso estamos sufriendo.,nu'ak kua' insekluten'apalekwa'.,nana nu'su' aku'llinerkenmu'wa'.,así nos han puesto.,U03192,G02967,medium,0.782313346862793,0.5725497603416443,0.20976358652114868,2
U00370,G00301,se terminó.,ta'wan'tulli,nu'la'lli,empeora.,U01472,G01290,hard,0.8215039372444153,0.6744718551635742,0.14703208208084106,2
U00370,G00301,se terminó.,ta'wan'tulli,nanek ta'wantulli.,aquí termina.,U02816,G02591,medium,0.8215039372444153,0.6584630012512207,0.16304093599319458,3
U02001,G01787,me resfrié.,iluwinek,yulek,me enfadé.,U00777,G00654,hard,0.7694389820098877,0.6717992424964905,0.09763973951339722,3
U02001,G01787,me resfrié.,iluwinek,aper'lek,he pecado.,U01408,G01229,medium,0.7694389820098877,0.6034218668937683,0.16601711511611938,11
U02246,G02021,está inconsciente.,inlli'inuinsu' ñapalli,lli'kuñini'ma.,dice que fueron a mirar.,U02659,G02434,medium,0.8086554408073425,0.6467260122299194,0.1619294285774231,2
U02274,G02049,con mi yerno ambos son de buen corazón.,mikekweklek i'la we'chimu1 mukankanlusa'.,ali'la ku'apellek nanpillina' musu'.,con otra mujer vivían bien.,U02257,G02032,hard,0.7515134215354919,0.616428792476654,0.1350846290588379,2
U02274,G02049,con mi yerno ambos son de buen corazón.,mikekweklek i'la we'chimu1 mukankanlusa'.,nana malallinapu'wa'su' ñillin iñer enmu'pinen.,todos los hombres deberían ser como malallina.,U03105,G02880,medium,0.7515134215354919,0.5331227779388428,0.21839064359664917,3
U02818,G02593,allí dice vivía una ballena.,nanek ima lanla' ñilli.,pa'an ima lli'kuñi pilenñantapalli.,yendo vio a alguien tocando flauta (era el duende).,U02874,G02649,medium,0.7344731688499451,0.5623131394386292,0.17216002941131592,2
U02698,G02473,todos (los animales) que crío me los llevaré al ucayali,iñer pektawawek ekpantetchek ukayerlupa',a'kaser'a'kasu' supinak ukllinkek sulatulek.,"después de endulzar (el líquido con el mascado), se cierne en la sedama (cernidor).",U02382,G02157,medium,0.7663952112197876,0.5407655239105225,0.22562968730926514,2
U01401,G01225,me casé.,sadalek (hombre) / sudalek (mujer),luantullien,te quiero.,U00534,G00441,medium,0.812131941318512,0.6108407974243164,0.20129114389419556,2
U02137,G01917,estaban equivocados.,ñapawiñina' pektunsu',lli'kuñini'ma.,dice que fueron a mirar.,U02659,G02434,hard,0.690162718296051,0.5690595507621765,0.12110316753387451,3
U02137,G01917,estaban equivocados.,ñapawiñina' pektunsu',tula'si'ma llinlliwañina'.,así nomás dice tenían sus nombres.,U03172,G02947,medium,0.690162718296051,0.5384405851364136,0.15172213315963745,10
U00574,G00478,¿está bueno?,¿mupallin'cha?,¿ipa' mula'lli?,¿está mejor?,U01787,G01586,hard,0.8412126898765564,0.7668238282203674,0.07438886165618896,2
U00574,G00478,¿está bueno?,¿mupallin'cha?,¿musu' ñapala?,¿eres feliz?,U01316,G01145,medium,0.8412126898765564,0.645179808139801,0.19603288173675537,4
U02007,G01792,tengo caspa.,añapalek kisek'mutu',kadulunsu' ñapalek,estoy embarazada.,U01111,G00968,medium,0.7344621419906616,0.5514794588088989,0.1829826831817627,2
U01332,G01160,¿puedo abrazarte?,¿yennitulek wiperi'a'kik?,¿yennitulek katu'pa'a'kik?,¿puedo ayudarle?,U01651,G01460,medium,0.7954338788986206,0.57668536901474,0.21874850988388062,3
U03019,G02794,así seguía hasta que trajeron por acá (por jeberos) mujeres adineradas.,nu'apileklima kencha'llina' inalupa' ku'apellusa' kullikerwanlusa'.,"nu'su' ñapilaterwa' enta' ipa'la, nermuda'lusi'pa' danker'kuñina' shiwiluk.","así vamos a estar viviendo pues ahora, otras gentes han entrado en jeberos.",U03117,G02892,medium,0.6937064528465271,0.5426855087280273,0.15102094411849976,3
U00761,G00640,¡aquí estamos!,¡asek ñapallidek!,asek ñapallidek,aquí estamos.,U00762,G00797,hard,0.9143500924110413,0.7747087478637695,0.13964134454727173,2
U00761,G00640,¡aquí estamos!,¡asek ñapallidek!,ipa'la nu'amu asek ñapalek.,por eso ahora estoy aquí.,U02498,G02273,medium,0.9143500924110413,0.684897243976593,0.22945284843444824,5
U00267,G00213,vigílame.,luwuk'tu'u,itununta'u,repítemelo.,U02112,G01893,hard,0.6441642045974731,0.5892277956008911,0.05493640899658203,6
U00267,G00213,vigílame.,luwuk'tu'u,inlu'uk'tuker',ten cuidado.,U01879,G01673,medium,0.6441642045974731,0.4853994846343994,0.15876471996307373,19
U03121,G02896,"yo soy viejo, tengo setenta años ya.","nu'amudek i'na kua taserpiku' nuka'ka, kui'na kanchis shunka' ekkilalawantulek ipa'.","ma'shi'na teknerinek, ñinchitapalek i'la.","pero no la desvío, todavía la sé bien.",U02401,G02176,medium,0.7213820815086365,0.5058179497718811,0.21556413173675537,2
U00658,G00548,tom ayudó.,tom katu'pa'tulli,nana katu'patulli,eso ayuda.,U00220,G00172,medium,0.9142931699752808,0.7346411347389221,0.17965203523635864,2
U01223,G01063,tom tartamudea.,tom musu' lunpi'ñi,tom yamerladalli,tom sonrió.,U00666,G00556,hard,0.6585482954978943,0.5918499827384949,0.06669831275939941,3
U01223,G01063,tom tartamudea.,tom musu' lunpi'ñi,sadasu' ñapalek',estamos casados.,U01584,G01395,medium,0.6585482954978943,0.4908056855201721,0.16774260997772217,11
U01224,G01063,tom balbucea.,tom musu' lunpi'ñi,tom yamerladalli,tom sonrió.,U00666,G00556,hard,0.8179914355278015,0.7174208760261536,0.10057055950164795,3
U01224,G01063,tom balbucea.,tom musu' lunpi'ñi,chuma lansa'lli,tomás bailó.,U00650,G00542,medium,0.8179914355278015,0.6342281699180603,0.1837632656097412,5
U02791,G02566,nos decían ¿qué quieren escuchar ustedes?,itullinerkudek ¿ma'nen i'na kenmama' yalauklama'?,¿ma'ki'na kenmama' u'lama'? itullinerkudek.,¿por qué se portan así? nos decían.,U02794,G02569,medium,0.8213778138160706,0.6132511496543884,0.20812666416168213,2
U03061,G02836,"les voy a dar de beber la chicha punta, su espuma les voy a dar de beber.","a'urkenma' uklupidek, dinpunen a'urkenma'.","pipektapapachenma' chiminchuma', nanpia'mama' walek.","cargando (toda su vida) van a morir, todo el tiempo que vivan. jeberos, julio 2007",U02473,G02248,medium,0.7515305876731873,0.5666642189025879,0.18486636877059937,2
U00532,G00662,me gustó.,tantenwinek,musu' ñapawiñi,fue emocionante.,U02070,G01853,hard,0.6769715547561646,0.5950012803077698,0.08197027444839478,3
U00532,G00662,me gustó.,tantenwinek,sadalek (hombre) / sudalek (mujer),me casé.,U01401,G01225,medium,0.6769715547561646,0.5005300045013428,0.17644155025482178,11
U00785,G00662,la amaba.,tantenwinek,tantenlek'wa',lo queremos.,U00689,G00576,medium,0.8564698696136475,0.6384335160255432,0.21803635358810425,3
U02646,G02421,"vino la gamitana,","dunanser uklli,","da'wanser uklli,","vino la doncella,",U02645,G02420,hard,0.7673142552375793,0.688915491104126,0.07839876413345337,4
U02646,G02421,"vino la gamitana,","dunanser uklli,","damer'ita yunsu'lli,","la taricaya salió,",U02749,G02524,medium,0.7673142552375793,0.604727566242218,0.16258668899536133,8
U00904,G00775,ellos gritaron.,nawa lamapu'llina',nana lamapu'lli,él gritó.,U01045,G00905,medium,0.8507131338119507,0.6808080077171326,0.16990512609481812,2
U02368,G02143,"se sigue trasladando el líquido, se sigue vaciando (la yuca disuelta).","uper'apilalek, uper'apilalek.",pitawilek ma'ilek nerku'teklek pitawilek.,se lo va batiendo con este.... con un remo se lo bate.,U02361,G02136,hard,0.7419837117195129,0.6905221939086914,0.05146151781082153,2
U02368,G02143,"se sigue trasladando el líquido, se sigue vaciando (la yuca disuelta).","uper'apilalek, uper'apilalek.","ekpanta'n nananta' a'lekchii, a'lektan nanalupa'",llevándolo ella también que enseñe por otros lugares,U02315,G02090,medium,0.7419837117195129,0.5422731041908264,0.19971060752868652,6
U01066,G00925,no mentí.,tumui'nek,tumu'lek,mentí.,U00030,G00025,hard,0.8261807560920715,0.6835034489631653,0.14267730712890625,2
U01066,G00925,no mentí.,tumui'nek,yalun'nek,quiero hablar.,U01750,G01552,medium,0.8261807560920715,0.6504493951797485,0.175731360912323,3
U00325,G00260,lo sabía.,ñinchituwinek',tuwinek,prometí.,U00540,G00446,hard,0.7099014520645142,0.6116317510604858,0.09826970100402832,2
U00325,G00260,lo sabía.,ñinchituwinek',lli'ker'llia',cuidado.,U00237,G00187,medium,0.7099014520645142,0.5342226028442383,0.17567884922027588,6
U02074,G01857,es imposible.,yiennichi'nek,ma'kek'pachi'ñi,es irrelevante.,U02076,G01859,hard,0.7493415474891663,0.6385282874107361,0.11081326007843018,2
U02074,G01857,es imposible.,yiennichi'nek,ku'la lachek'i'nek,no entiendo.,U01718,G01521,medium,0.7493415474891663,0.5967795848846436,0.1525619626045227,9
U01302,G01133,estás cansado.,saka'tusu' ñapala,watensu' nuka'ma,eres duro.,U01303,G01134,hard,0.7198913097381592,0.6253548264503479,0.09453648328781128,2
U01302,G01133,estás cansado.,saka'tusu' ñapala,saka'ta'masu'pu'su' lli'tula,pareces cansado.,U01915,G01706,medium,0.7198913097381592,0.5670579075813293,0.15283340215682983,5
U01330,G01158,¿puedo entrar?,¿yennitulek da'ak?,¿yen'nitulek pa'ak?,¿puedo ir?,U00239,G00189,hard,0.8512429594993591,0.7391564249992371,0.11208653450012207,2
U01330,G01158,¿puedo entrar?,¿yennitulek da'ak?,¿yennitulek yunsu'ak?,¿puedo salir?,U02226,G02002,medium,0.8512429594993591,0.6742104887962341,0.177032470703125,3
U01058,G01813,quiero saberlo.,yañinchitulek,ñinchichi'nek,no sé.,U01068,G00927,medium,0.8293276429176331,0.6108099222183228,0.2185177206993103,3
U02029,G01813,quiero aprender.,yañinchitulek,yaintekllitulek,quiero jugar.,U01747,G01549,hard,0.7699498534202576,0.6368286609649658,0.13312119245529175,3
U02029,G01813,quiero aprender.,yañinchitulek,ñinchidinupalek,tengo curiosidad.,U00813,G00689,medium,0.7699498534202576,0.6053462624549866,0.164603590965271,5
U00150,G00110,¡piérdete!,¡wer'ker'!,yunsanker',levanta. (pararse),U00022,G00018,hard,0.7361988425254822,0.6805506348609924,0.055648207664489746,7
U00150,G00110,¡piérdete!,¡wer'ker'!,paker' ñilupa',apártate.,U00137,G00098,medium,0.7361988425254822,0.5736913681030273,0.16250747442245483,17
U01342,G01170,¿te conozco?,¿luwer'chapallien?,¿luwer'chapala?,¿la conoces?,U01971,G01760,hard,0.7154629826545715,0.6525490283966064,0.06291395425796509,2
U01342,G01170,¿te conozco?,¿luwer'chapallien?,luwer'chapalliñer'ken,te conocen.,U01539,G01351,medium,0.7154629826545715,0.5397858023643494,0.17567718029022217,9
U02142,G01922,son correctos.,tekinchilusa' nuker'ka,latek'inpu'pilusa' nuker'ka,son increíbles.,U01924,G01715,hard,0.6592769026756287,0.5903449058532715,0.06893199682235718,5
U02142,G01922,son correctos.,tekinchilusa' nuker'ka,tumu'pallina',están mintiendo.,U01547,G01359,medium,0.6592769026756287,0.5034393072128296,0.15583759546279907,9
U02377,G02152,la mía también icáramela.,kuanta' uklupidekwek pekkuituu.,nananta' a'lek'apilallun.,ella también me está enseñando.,U02287,G02062,hard,0.7484618425369263,0.6402444243431091,0.10821741819381714,2
U02377,G02152,la mía también icáramela.,kuanta' uklupidekwek pekkuituu.,madettanna' a'ullinerku.,recogiendo (masato) de la tinaja me dan de beber.,U02454,G02229,medium,0.7484618425369263,0.5832479596138,0.16521388292312622,3
U01870,G01664,piénsatelo.,inlli'inuker',inlli'inuer',piénsalo.,U01871,G01665,hard,0.8857349157333374,0.8329541087150574,0.05278080701828003,2
U01870,G01664,piénsatelo.,inlli'inuker',inlu'uk'tuker',ten cuidado.,U01879,G01673,medium,0.8857349157333374,0.719776451587677,0.1659584641456604,8
U00013,G00010,¡espera!,¡wa'ten'ker'!,¡yawa'tenta!,¡no esperes!,U00491,G00404,hard,0.7971305251121521,0.7198375463485718,0.07729297876358032,2
U00013,G00010,¡espera!,¡wa'ten'ker'!,wa'tenker',espera.,U00080,G02022,medium,0.7971305251121521,0.5934508442878723,0.20367968082427979,4
U00717,G01141,¿estás enfadado?,¿yusu' ñapala?,¿chacha'wanpala?,¿estás herida?,U00989,G00853,hard,0.8896920680999756,0.7605030536651611,0.12918901443481445,3
U00717,G01141,¿estás enfadado?,¿yusu' ñapala?,we'inutusu' ñapala,estás triste.,U00714,G00600,medium,0.8896920680999756,0.7262755036354065,0.1634165644645691,4
U01310,G01141,¿estás enojada?,¿yusu' ñapala?,¿wa'danpindek ñapala?,¿estás loco?,U00716,G00601,hard,0.8516349196434021,0.7494112849235535,0.10222363471984863,3
U01310,G01141,¿estás enojada?,¿yusu' ñapala?,we'inutusu' ñapala,estás triste.,U00714,G00600,medium,0.8516349196434021,0.6979716420173645,0.1536632776260376,6
U00347,G00278,estoy listo.,insek'diperpi ñapalek,insekdiperpi ñapalidek,estamos listos.,U00945,G00813,hard,0.7563409805297852,0.644045889377594,0.11229509115219116,3
U00347,G00278,estoy listo.,insek'diperpi ñapalek,ñapalek da'iyasu',estoy acostumbrado.,U01776,G01575,medium,0.7563409805297852,0.5993325710296631,0.15700840950012207,8
U00795,G00672,huelo gas.,lanerapalek gas,ulek wayusa',bebo café.,U01719,G01522,medium,0.7434857487678528,0.5122016668319702,0.23128408193588257,2
U01092,G00951,volveré.,adenche'chek,adencha'lek,he vuelto.,U00187,G01794,medium,0.8879081606864929,0.7312987446784973,0.1566094160079956,2
U00719,G00603,como quieras.,kenma luwanta'masu'pu'su',yanantapita,no forcejees.,U01682,G01487,medium,0.7665967345237732,0.5629186034202576,0.20367813110351562,2
U00373,G00304,es verdad.,tekkinchi nuka'a,tumu' nuka'a,es falso.,U02123,G01903,hard,0.8264556527137756,0.7134741544723511,0.11298149824142456,2
U00373,G00304,es verdad.,tekkinchi nuka'a,tumu'tek' nuka'a,es engañoso.,U02077,G01860,medium,0.8264556527137756,0.6512803435325623,0.17517530918121338,3
U02823,G02598,dicen que todas estas cosas arákayu enojándose nos ha dejado al irse.,nanadaper ima'ka arakayu yun pa'lapinantullinerkudek.,nu'sui'ma napi' arakayu pillek'aminerkenmu'wa' pa'lapinta'llinerkenmu'wa'.,dicen que de esa manera antiguamente arákayu nos maldijo y nos abandonó. a long time ago.,U02751,G02526,medium,0.727595329284668,0.546946108341217,0.18064922094345093,2
U03098,G02873,se desprecian hasta la actualidad.,inluyupallina'pi'la ipa'la walek.,nawa' ipa'la lli'apallinerku.,ellos ahora ven por mí.,U02407,G02182,medium,0.6935298442840576,0.5277917385101318,0.16573810577392578,2
U00949,G00817,somos jóvenes.,nadi'nek nuka'kawa',kaikualusa' nuker'ka,son hermanas.,U02148,G01928,hard,0.700982391834259,0.6267133951187134,0.07426899671554565,5
U00949,G00817,somos jóvenes.,nadi'nek nuka'kawa',i'inlusa' nuker'ka,son primos.,U02143,G01923,medium,0.700982391834259,0.5285294651985168,0.1724529266357422,8
U00465,G00380,estate contento.,ñapaker' musu'kankantusu',musu'nakuker',pásala bien.,U00162,G00120,hard,0.7721843719482422,0.645737886428833,0.12644648551940918,2
U00465,G00380,estate contento.,ñapaker' musu'kankantusu',musuk'i'la lli'inuper',sigue positivo.,U01529,G01342,medium,0.7721843719482422,0.6198942065238953,0.15229016542434692,5
U00270,G00216,iremos.,pa'aterwa',dek'awa',votemos.,U00609,G00505,hard,0.8339820504188538,0.6883233785629272,0.1456586718559265,3
U00270,G00216,iremos.,pa'aterwa',dek'kuntawa',caminemos.,U00610,G00506,medium,0.8339820504188538,0.6714296340942383,0.16255241632461548,4
U02750,G02525,la mata-mata salió....,mapapa' yunsu'lli.....,"puka' yunsu'lli,","la charapa salió,",U02748,G02523,medium,0.8378089070320129,0.6340146064758301,0.20379430055618286,2
U01959,G01749,defiéndete.,inlu'ukter',sekdiperker' kenmalek,consérvalo contigo.,U01812,G01609,hard,0.7655478119850159,0.6530643105506897,0.11248350143432617,2
U01959,G01749,defiéndete.,inlu'ukter',a'imanantulun,me asustas.,U01285,G01117,medium,0.7655478119850159,0.573984682559967,0.19156312942504883,6
U01371,G01196,camina rápido.,wiu'su' dekunter',ekpa'ker' utila',conduce lentamente.,U01030,G00891,hard,0.712273895740509,0.6614422798156738,0.050831615924835205,4
U01371,G01196,camina rápido.,wiu'su' dekunter',adencher' wiuk'su',regresa pronto.,U01661,G01468,medium,0.712273895740509,0.5467584729194641,0.16551542282104492,6
U02023,G01808,estudio inglés.,alek'apalliner'ku ingles,luntulek kerka'lusa',leo libros.,U01081,G00940,medium,0.7508126497268677,0.5453299880027771,0.20548266172409058,2
U02060,G01843,tuve suficiente.,a'ñiwinek nanasa',yapanwilek'tuwinek,quise pagar.,U02031,G01815,medium,0.7933902144432068,0.5317654013633728,0.261624813079834,2
U02588,G02363,"¡vengan pues (caramba me alegra) hermanos mayores, hermanos menores! ¿a dónde van?","- ¡uku' chai alli'shalusa', yalli'walusa'! ¿enñupa' a'cha pa'apilalama'?","¡enñupa' ñinanlu' ipa' pa'achuma'! ali'la ñinanlu'lupa' pa'achuma', muyunpalupa' a'pinta' pa'api'nchuma'.","¡a que ciudad quizá van a ir! a otra ciudad desconocida van a ir, a moyobamba ya no van a ir más.",U03038,G02813,medium,0.6981923580169678,0.5069080591201782,0.19128429889678955,2
U02365,G02140,ahora ya no se ven las ollas grandes de barro.,ipa'la a'pinta' kupin ukta lli'tapi'ñi.,ipa'li'na makinak peksanpallina' damellu'shasu'.,ahora a máquina muelen bien menudito.,U02350,G02125,medium,0.7117643356323242,0.49473172426223755,0.21703261137008667,2
U01033,G00894,dame eso.,enka'u nana,a'lli'u nana,muéstrame eso.,U01174,G01022,medium,0.8757287263870239,0.634437084197998,0.24129164218902588,3
U01902,G01696,¡buen pensamiento!,¡u'chimu lli'inu!,¡lli'ker' mupallinpa'!,¡compruébalo!,U01009,G00872,hard,0.7868130803108215,0.7063612937927246,0.08045178651809692,3
U01902,G01696,¡buen pensamiento!,¡u'chimu lli'inu!,inlli'inuter' musuk,sé positivo.,U01528,G01341,medium,0.7868130803108215,0.6357468366622925,0.15106624364852905,4
U00549,G00455,¡quiero uno!,ala'sa' luantulek,luwantulek ali'la,quiero otro.,U01744,G01546,medium,0.7556710243225098,0.529191792011261,0.22647923231124878,3
U00550,G00455,¡quiero una!,ala'sa' luantulek,luwantulek ali'la,quiero otro.,U01744,G01546,medium,0.7576209902763367,0.5443024635314941,0.21331852674484253,3
U02868,G02643,"cuando le contemos el viejo va a decir,","nana wintupatekwa' nana tetchu,","nananta' a'lekchii, ñinchichii,","ella también que enseñe para que (otros) la aprendan,",U02291,G02066,medium,0.7391339540481567,0.5140426158905029,0.2250913381576538,2
U00396,G00321,¡buen tiro!,musu' dek'la,¡u'chimu ñinalu'!,¡buen país!,U01901,G01695,hard,0.7150786519050598,0.6484264135360718,0.06665223836898804,3
U00396,G00321,¡buen tiro!,musu' dek'la,musu'nakuku',pásenla bien.,U00163,G00121,medium,0.7150786519050598,0.5635632872581482,0.15151536464691162,11
U02685,G02460,arriba en el cielo dice estaban dando vueltas.,musenkek kekkilu'tek ima kunekchapallina'.,wellek'apawi'ni'ma tekkiyallina'.,(las mujeres) lloraban bastante y después se acostumbraban.,U03009,G02784,medium,0.6244903802871704,0.4670642614364624,0.157426118850708,2
U00687,G00575,lo hicimos.,nu'tulek'wa',nu'tawa' nana,hagamos eso.,U01501,G01317,hard,0.8615301847457886,0.738246738910675,0.12328344583511353,2
U00687,G00575,lo hicimos.,nu'tulek'wa',¡nu'tawa'!,¡hagámoslo!,U00855,G00731,medium,0.8615301847457886,0.6537178158760071,0.2078123688697815,3
U00697,G00584,terminamos.,a'ta'wantullidek,ta'itula'llidek,le perdonamos.,U01882,G01676,hard,0.8369534015655518,0.7341470718383789,0.10280632972717285,2
U00697,G00584,terminamos.,a'ta'wantullidek,pa'inpu'wa',no vayamos.,U01150,G01003,medium,0.8369534015655518,0.6291601657867432,0.2077932357788086,3
U00239,G00189,¿puedo ir?,¿yen'nitulek pa'ak?,¿yennitulek da'ak?,¿puedo entrar?,U01330,G01158,hard,0.8919785618782043,0.835056722164154,0.05692183971405029,2
U00239,G00189,¿puedo ir?,¿yen'nitulek pa'ak?,¿yennitulek a'ñak?,¿puedo tenerlo?,U01331,G01159,medium,0.8919785618782043,0.6909673810005188,0.20101118087768555,5
U00340,G00273,estoy loco.,wa'danpintek ñapalek,inapilante'ñapalek,estoy descalzo.,U01101,G00960,hard,0.7516186833381653,0.689615786075592,0.06200289726257324,4
U00340,G00273,estoy loco.,wa'danpintek ñapalek,ñapalek sakeksu',estoy satisfecho.,U01461,G01279,medium,0.7516186833381653,0.6013458371162415,0.15027284622192383,16
U02238,G02013,explícamelo.,musu' wintu'u,alli'u,enséñamelo. (muestramelo),U00106,G00075,hard,0.7725411653518677,0.7202892303466797,0.05225193500518799,2
U02238,G02013,explícamelo.,musu' wintu'u,ta'itula'u kuasa',¡déjame sola!,U01816,G01613,medium,0.7725411653518677,0.5978930592536926,0.17464810609817505,14
U01836,G01632,demuéstramelo.,a'lli'u,alek'u,enséñamelo. (pasar conocimiento),U00105,G00074,hard,0.8228111267089844,0.7360897064208984,0.08672142028808594,4
U01836,G01632,demuéstramelo.,a'lli'u,a'lli'u nana,muéstrame eso.,U01174,G01022,medium,0.8228111267089844,0.6644618511199951,0.15834927558898926,6
U00297,G00236,¡no llores!,¡yawellekta!,¡yalunta'!,¡no hables!,U00489,G00402,hard,0.8234233856201172,0.729073703289032,0.0943496823310852,2
U00297,G00236,¡no llores!,¡yawellekta!,¡yailantuta!,¡no dispares!,U00742,G00622,medium,0.8234233856201172,0.6473904848098755,0.1760329008102417,4
U00528,G00438,la conozco.,luwer'chapalek,luwer'chapadeklek,los conozco.,U00782,G00659,hard,0.7674155235290527,0.6575970649719238,0.1098184585571289,4
U00528,G00438,la conozco.,luwer'chapalek,kua lli'inutapalek,yo recuerdo.,U00542,G00448,medium,0.7674155235290527,0.5724896192550659,0.19492590427398682,6
U00529,G00438,lo conozco.,luwer'chapalek,luwer'chapadeklek,los conozco.,U00782,G00659,hard,0.7906070351600647,0.6820393800735474,0.10856765508651733,4
U00529,G00438,lo conozco.,luwer'chapalek,lli'echek,lo miraré.,U01446,G01264,medium,0.7906070351600647,0.5778775215148926,0.21272951364517212,6
U02174,G01954,éramos amigos.,ekuanñiwiñidek,tanten'ñidek,los amamos.,U01239,G01078,hard,0.7182531952857971,0.6441789269447327,0.07407426834106445,2
U02174,G01954,éramos amigos.,ekuanñiwiñidek,lumpawiñidek,estábamos hablando.,U02175,G01955,medium,0.7182531952857971,0.5609656572341919,0.15728753805160522,10
U01153,G01006,"continúa, tom.","tupiter', tom",wa'tenker' tom,"espera, tom.",U01037,G00898,medium,0.7795879244804382,0.552950382232666,0.22663754224777222,3
U01154,G01006,"prosigue, tom.","tupiter', tom",wa'tenker' tom,"espera, tom.",U01037,G00898,medium,0.8321184515953064,0.5632032155990601,0.26891523599624634,3
U00230,G00180,es triste.,we'inu nuka'a,we'inutapalli,está deprimido.,U01704,G01507,hard,0.8288958668708801,0.7554677128791809,0.07342815399169922,2
U00230,G00180,es triste.,we'inu nuka'a,nuka' ikerlli,el ají pica,U00075,G00056,medium,0.8288958668708801,0.676291823387146,0.15260404348373413,5
U00841,G00717,fue fácil.,saka'dekinpu' ñiwiñi,saka'tusu' ñapawinek,estaba cansado.,U00803,G00679,hard,0.8020926117897034,0.7143616676330566,0.08773094415664673,2
U00841,G00717,fue fácil.,saka'dekinpu' ñiwiñi,saka'tulli,funcionó.,U00361,G00292,medium,0.8020926117897034,0.6260296702384949,0.1760629415512085,6
U01567,G01378,fuimos robados.,ape'chuwiñiner'kudek,aperlliner'kudek,nos robaron.,U01568,G01379,hard,0.8200048208236694,0.6921600103378296,0.12784481048583984,2
U01567,G01378,fuimos robados.,ape'chuwiñiner'kudek,llipu'pi ñapawiñidek,estábamos lastimados.,U01249,G01085,medium,0.8200048208236694,0.6576840281486511,0.1623207926750183,5
U02014,G01799,debo ayudarlo.,katu'pa'a'kasu' ñapalli,nana katu'pa'techu,eso ayudará.,U01190,G01033,hard,0.8496910929679871,0.7512441277503967,0.09844696521759033,2
U02014,G01799,debo ayudarlo.,katu'pa'a'kasu' ñapalli,asu' katu'pa'techu,esto ayudará.,U01213,G01054,medium,0.8496910929679871,0.6770477294921875,0.17264336347579956,5
U02178,G01958,estamos disponibles.,inapi ñapallidek,saka'tusu' ñapalidek,estamos cansados.,U00947,G00815,hard,0.7673667669296265,0.6636596918106079,0.10370707511901855,4
U02178,G01958,estamos disponibles.,inapi ñapallidek,a'ñapallidek ñiñi'wa,tenemos perro.,U01569,G01380,medium,0.7673667669296265,0.6140696406364441,0.15329712629318237,13
U02140,G01920,responderán.,na'pitechuna',ekte'chechuna',se adelantarán.,U00156,G00115,hard,0.7164028882980347,0.644835352897644,0.07156753540039062,2
U02140,G01920,responderán.,na'pitechuna',iyatechuna',les gustará.,U02139,G01919,medium,0.7164028882980347,0.5330502986907959,0.18335258960723877,4
U01308,G01139,¿son altos?,¿shipenlusa' nuker'ka?,¿pumuladawanpalama'?,¿tienen arroz?,U02233,G02008,hard,0.6706130504608154,0.5551055669784546,0.11550748348236084,2
U01308,G01139,¿son altos?,¿shipenlusa' nuker'ka?,¿shilun a'cha?,¿es alto? (estatura - femenino),U00571,G00475,medium,0.6706130504608154,0.49874821305274963,0.1718648374080658,4
U00056,G00045,llámanos.,peklu'udek,peklu'u,llámame.,U00055,G00044,medium,0.8446710705757141,0.6794804334640503,0.16519063711166382,2
U00479,G00393,¡ven rápido!,¡wencher' wiuksu'!,adencher' wiuk'su',regresa pronto.,U01661,G01468,medium,0.823723316192627,0.6419365406036377,0.18178677558898926,3
U00480,G00393,¡vení rápido!,¡wencher' wiuksu'!,tek'ker' wiuk'su',corre rápido.,U01049,G00909,medium,0.7667520642280579,0.6054461598396301,0.16130590438842773,3
U02453,G02228,por eso estoy sentada.,nu'amu du'apalek.,nana ka'amu susulek.,comiendo eso he crecido.,U02487,G02262,medium,0.8639214038848877,0.6025291681289673,0.2613922357559204,2
U02529,G02304,"¡váyanse, regrésense por donde vinieron!.","!paku', adanta'ku'! itudekllini'ma'.","yuyu'lusa', ¡da'kerku' u'ku!","señores, ¡vengan y pasen a beber!",U03060,G02835,hard,0.7249348759651184,0.6374017000198364,0.08753317594528198,2
U02529,G02304,"¡váyanse, regrésense por donde vinieron!.","!paku', adanta'ku'! itudekllini'ma'.","- ¡wa'an, enchuku' pur'awa'!","¡gobernante, vamos a hacer pesca con barbasco!",U02740,G02515,medium,0.7249348759651184,0.5161558985710144,0.208778977394104,5
U01347,G01174,hazlo conmigo.,kualek nu'ter',nu'tulek u'su'.,se hace así.,U02339,G02114,medium,0.8423630595207214,0.5479795932769775,0.2943834662437439,2
U00244,G00193,mes.,duker,shin,largo,U00066,G00050,hard,0.7005451321601868,0.621117353439331,0.07942777872085571,4
U00244,G00193,mes.,duker,muetchun,de acuerdo.,U00083,G00057,medium,0.7005451321601868,0.5467202067375183,0.15382492542266846,5
U00245,G00193,luna,duker,maker',cógelo.,U00112,G00079,medium,0.7189948558807373,0.5518382787704468,0.16715657711029053,4
U00205,G00158,soy malo. (maldad),mukankainpu' nuka'ka,mukankanku',soy justo. (soy bueno),U00194,G00149,hard,0.7438452243804932,0.6735327243804932,0.0703125,2
U00205,G00158,soy malo. (maldad),mukankainpu' nuka'ka,ku'aper nuka'ka,soy mujer.,U00812,G00688,medium,0.7438452243804932,0.5836604237556458,0.1601848006248474,7
U01262,G01098,¿quién empieza?,¿den tenmian'su'lli?,¿den inllipu'iteklatulli?,¿quién vitoreó?,U00963,G00829,medium,0.846179723739624,0.6716510653495789,0.17452865839004517,3
U01263,G01098,¿quién parte?,¿den tenmian'su'lli?,¿den'katu'pa'tulli?,¿quién contribuyó?,U02194,G01973,hard,0.6250320672988892,0.5585984587669373,0.0664336085319519,8
U01263,G01098,¿quién parte?,¿den tenmian'su'lli?,¿den'ina' kana'tulli?,¿quién ganó?,U00131,G00093,medium,0.6250320672988892,0.47396692633628845,0.1510651409626007,16
U00585,G00486,está vivo.,nanpipalli,mupalli,está perfecto.,U01127,G00980,medium,0.9086499810218811,0.6388117671012878,0.26983821392059326,2
U02566,G02341,por eso los sobrevivientes dijeron:,nana malek dansu'lusa' tullina':,naneklima shawalalusa'ler itullina':,de ahí los shawala le dijeron:,U02605,G02380,hard,0.8194487690925598,0.7560303807258606,0.06341838836669922,2
U02566,G02341,por eso los sobrevivientes dijeron:,nana malek dansu'lusa' tullina':,nu'unta' ipa' wa'danwañi nana pidik:,ya algunos de los espíritus de los esposos muertos penaban en sus casas:,U02903,G02678,medium,0.8194487690925598,0.6590566039085388,0.160392165184021,3
U00065,G00051,¡largo!,¡paker'!,¡luntuu!,¡háblame!,U00632,G00527,hard,0.6766877770423889,0.621087372303009,0.05560040473937988,5
U00065,G00051,¡largo!,¡paker'!,maker',cógelo.,U00112,G00079,medium,0.6766877770423889,0.5173678398132324,0.1593199372291565,10
U00067,G00051,¡vete ya!,¡paker'!,¡paku'!,lárguese.,U00068,G00052,hard,0.7576488852500916,0.6967917084693909,0.060857176780700684,4
U00067,G00051,¡vete ya!,¡paker'!,¡nanpiker'!,¡despierta!,U00119,G00085,medium,0.7576488852500916,0.5776206254959106,0.1800282597541809,8
U01393,G01217,puedo sentirlo.,yennitulek lauk'ak,ta'itula'u lauk'echek,déjame oírlo.,U01820,G01616,medium,0.7253018021583557,0.49207237362861633,0.23322942852973938,2
U02764,G02539,eso exclamó y nos maldijo este arákayu.,tan ima pillekllenmu'wa' asu' arakayu.,"di'serpidektawa' asu' arakayu,","quemémosle la casa a este arákayu,",U02681,G02456,medium,0.7146170139312744,0.47827473282814026,0.23634228110313416,2
U01654,G01462,¿puedo verlos?,¿yennitulek lli'dek'ak?,¿yennitulek ek'llia'ak?,¿puedo quedármelo?,U01334,G01162,hard,0.7766988277435303,0.7037770748138428,0.0729217529296875,3
U01654,G01462,¿puedo verlos?,¿yennitulek lli'dek'ak?,ta'itula'u lli'echek,déjame ver.,U00600,G01313,medium,0.7766988277435303,0.5397784113883972,0.23692041635513306,5
U01041,G01179,come algo.,kaker' ma'pinta',¡tuker' ma'nen'unta'!,¡di algo!,U01516,G01331,medium,0.733399510383606,0.4895617961883545,0.24383771419525146,4
U01352,G01179,come algo.,ma'shapin'ta ka'ker',uker' ma'pinta',tómate algo.,U01040,G00901,hard,0.755247175693512,0.6938367486000061,0.06141042709350586,3
U01352,G01179,come algo.,ma'shapin'ta ka'ker',¡tuker' ma'nen'unta'!,¡di algo!,U01516,G01331,medium,0.755247175693512,0.4895617961883545,0.26568537950515747,4
U01367,G01192,está leyendo.,lunta'palli,latada'pilalli,está calmando. (dolor),U00191,G00146,hard,0.7440162301063538,0.6908421516418457,0.05317407846450806,2
U01367,G01192,está leyendo.,lunta'palli,lun'aper'i'la,continuá hablando.,U01139,G00992,medium,0.7440162301063538,0.5931918621063232,0.15082436800003052,4
U00888,G00760,eso ayudó.,nana katu'pa'tulli,tom katu'pa'tulli,tom ayudó.,U00658,G00548,medium,0.9032883644104004,0.6618037819862366,0.24148458242416382,3
U00470,G00385,¿puedo ayudar?,¿yennitechek katu'pa'tak?,¿yennitulek katu'pa'a'kik?,¿puedo ayudarte?,U01652,G01460,hard,0.9146661162376404,0.8272822499275208,0.08738386631011963,3
U00470,G00385,¿puedo ayudar?,¿yennitechek katu'pa'tak?,¿yennitulama katupa'a'muk?,¿pueden ayudarme?,U01955,G01745,medium,0.9146661162376404,0.7249675989151001,0.18969851732254028,5
U01303,G01134,eres duro.,watensu' nuka'ma,tekua'tek nuka'ma,eres nervioso.,U02214,G01991,hard,0.7633283734321594,0.6911791563034058,0.07214921712875366,2
U01303,G01134,eres duro.,watensu' nuka'ma,wa'tentutek nuka'ma,eres paciente.,U01927,G01718,medium,0.7633283734321594,0.5725886821746826,0.1907396912574768,4
U02373,G02148,cuando todo está mascado y enfriado,"iñer ka'latak saneksik,","iñer u'lan'ukllik wisunanpalli,","todas las temporadas de lluvias inunda,",U02753,G02528,hard,0.6969217658042908,0.5933133959770203,0.10360836982727051,2
U02373,G02148,cuando todo está mascado y enfriado,"iñer ka'latak saneksik,","iñerdaper yu'nkellapilli,","todos (los peces) salieron,",U02744,G02519,medium,0.6969217658042908,0.5459890365600586,0.15093272924423218,3
U01272,G01107,lo heriste.,llipu'tula,kaper'llien,te encontré.,U00776,G00653,medium,0.8314752578735352,0.6346795558929443,0.19679570198059082,2
U02205,G01982,puedes decírnoslo.,yennitula winta'mudek,yinnitullidek lunnak,podemos hablar.,U00931,G00800,hard,0.8197890520095825,0.7074818015098572,0.11230725049972534,2
U02205,G01982,puedes decírnoslo.,yennitula winta'mudek,yennitula lun'a'mak,puedes hablar.,U01617,G01428,medium,0.8197890520095825,0.6184327006340027,0.20135635137557983,3
U00987,G00851,¿estás libre?,¿inapi ñapala?,¿wer'su' ñapala?,¿estás perdido?,U00990,G00854,hard,0.7866912484169006,0.7149531841278076,0.07173806428909302,2
U00987,G00851,¿estás libre?,¿inapi ñapala?,¿mer'su' ñapala?,¿estás lleno?,U00988,G00852,medium,0.7866912484169006,0.6346504092216492,0.15204083919525146,4
U02936,G02711,van a escuchar (ruido) y en ese momento va a venir. ¡peleen!,"lauk'apetchuma', ipa'la u'etchu. ¡idenmaku'la'!",inlasiser'chek. lauknunta' asek kui'na usunma' ka'ku'.,voy a cerrar mi boca fuerte. cuando vuelva a abrirla y saque (los pescados) coman.,U02537,G02312,medium,0.8690417408943176,0.5939978361129761,0.27504390478134155,2
U00844,G00720,todo bien.,iñer musu',musu'nakuker',pásala bien.,U00162,G00120,medium,0.7775741815567017,0.6094648241996765,0.16810935735702515,2
U02419,G02194,estoy viniendo queriendo verte. como fui a la chacra tantos días no te he visitado.,- uk'apincha'lek yalli'amun. pa'amu menmik u'dun uklli lli'ker'i'ñen.,- nu'amuntana luwanpallen. ¿ma'pun a'cha kai kuawek lli'ker'i'ñu? tapalek.,por eso te estoy echando de menos. ¿qué teniendo mi hermana no me visita? estoy diciendo.,U02420,G02195,medium,0.7229835391044617,0.48461151123046875,0.23837202787399292,2
U00554,G00459,soy coreano.,koreano nuka'ka,suila nuka'ka,soy huérfano.,U01450,G01268,medium,0.8934786915779114,0.6008367538452148,0.29264193773269653,2
U03102,G02877,"malallina es la que nos ha puesto así,","malallina nana nu'su' aku'llundek,",malallina nu'su' a'lli'tullundek.,malallina es la que nos ha hecho darnos cuenta.,U03104,G02879,medium,0.8790631294250488,0.6328575015068054,0.2462056279182434,3
U00881,G00753,háblame.,luntuu,wintu'u,dímelo.,U01355,G01182,hard,0.8742327094078064,0.7378979921340942,0.13633471727371216,2
U00881,G00753,háblame.,luntuu,¡luntuu!,¡háblame!,U00632,G00527,medium,0.8742327094078064,0.6755875945091248,0.19864511489868164,3
U00559,G00464,estoy comiendo.,werampalek,weranpi'nek,estoy ayunando.,U00817,G00693,medium,0.8339896202087402,0.6411232948303223,0.19286632537841797,2
U01054,G00914,¡qué horrible!,¡enpu'ni aperpipa'!,!embu'ni uchutek'ipa'!,¡qué mugre!,U00954,G00821,hard,0.7733187675476074,0.7127455472946167,0.06057322025299072,4
U01054,G00914,¡qué horrible!,¡enpu'ni aperpipa'!,¡enpu'ni saka'dek'ipa'!,¡qué pesado!,U01053,G00913,medium,0.7733187675476074,0.6225863099098206,0.15073245763778687,7
U03058,G02833,"malallina solita, en el día y en la noche, elaboró su masato llenando toda su casa (con la bebida), 9 malallina es la adaptación del nombre español magdalena. en esta traducción hemos optado por mantener la forma shiwilu malallina.","malallineima ñañashasa', ukllilek dekpilli'lek, uklulu' nu'ta'n, iñer pideknen a'muetchan,",nanadaper imaka lli'an malallina tulli asu' katu'ta' ishpaña la'la' lunlusa' a'ta' kenmu'wa' utetchinerkenmu'wa'.,"viendo todas esas cosas, malallina dijo ¿esos dos hablantes de lengua española nos van a hacer todas esas cosas?",U03141,G02916,medium,0.6000540256500244,0.43050476908683777,0.16954925656318665,2
U01414,G01235,necesito café.,wayusa' luwantulek,luwantulek wichi'ak,necesito dormir.,U01076,G00935,medium,0.7989978194236755,0.6031016707420349,0.19589614868164062,3
U01247,G01084,nos rendimos.,yennichi'nek'wa',yanpu'su' ñapallidek,estamos divorciados.,U01893,G01687,medium,0.8055669665336609,0.5884305238723755,0.2171364426612854,2
U03044,G02819,"tratándonos así todas esas cosas nosotros hemos aprendido de otros cuando éramos niños, sentándonos muy cerca a su lado.","nu'taminerkenmu'wa' nanadaper a'ka asu' kudanta' ñinchipa'tullidek wilakudek ñamudek, du'pa'dek'amudek.",nawa' lu'rnka'su' kudanta' laukta'kudeksu' wilakudek ñamudek lunpallidek.,lo que ellos hablaron y nosotros escuchamos cuando éramos niños eso estamos contando.,U03003,G02778,hard,0.7569214701652527,0.607498049736023,0.14942342042922974,2
U03044,G02819,"tratándonos así todas esas cosas nosotros hemos aprendido de otros cuando éramos niños, sentándonos muy cerca a su lado.","nu'taminerkenmu'wa' nanadaper a'ka asu' kudanta' ñinchipa'tullidek wilakudek ñamudek, du'pa'dek'amudek.","nana wa'lata'masui'na tusu' tusu' nu'aterwa', nana malek i'na nasu'ku' wilalusa' nasu' tullima ala'sa' taserpi.","que eso que has soñado así así va a suceder, por eso estén alertas muchachos dijo un viejo.",U02869,G02644,medium,0.7569214701652527,0.5284444093704224,0.22847706079483032,3
U01613,G01424,tienes vino.,a'ñapala' vinu',a'ñapallidek vinu',tenemos vino.,U01238,G01077,medium,0.8973115086555481,0.6601542234420776,0.23715728521347046,2
U01522,G01337,sientate tomás.,duker' chuma,cheksu' du'ker',siéntate derecho.,U02117,G01898,medium,0.7679499983787537,0.5859523415565491,0.1819976568222046,2
U01945,G01735,pregúntame mañana.,lek'ku ek'klli,wenller' dasu'la,ven temprano.,U00476,G00391,hard,0.6623090505599976,0.5846987962722778,0.07761025428771973,2
U01945,G01735,pregúntame mañana.,lek'ku ek'klli,weker' eklli,venga mañana.,U01338,G01166,medium,0.6623090505599976,0.5056886672973633,0.15662038326263428,4
U03160,G02935,en cambio yo (me fui a vivir) por los dos cerros que forman como una boca abierta dijo.,kui'na laweklateklupa' tullima.,namasu' la'leklan luntetchek.,de esta lengua le voy a hablar.,U02281,G02056,medium,0.6012589931488037,0.4432131052017212,0.15804588794708252,2
U02399,G02174,antes cuando era niñita hablaba bonito el shiwilu.,napi' wilashakuñamu asu' shiwilu la'la' mushasu' lunek.,kenma senñula' yañinchitula asu' shiwilu la'la'mapu'wa'.,usted señora quiere aprender esta nuestra lengua shiwilu.,U02395,G02170,medium,0.7237066030502319,0.5289210081100464,0.19478559494018555,2
U02674,G02449,quisieron hacerle comer pero arákayu no quiso.,yaaurañini'ma arakayu luwanchiñi.,tan ima arakayu nu'wanta'lli.,diciendo esto arákayu se fue río abajo.,U02699,G02474,medium,0.6991230845451355,0.5436661839485168,0.15545690059661865,3
U01695,G01498,tiene barba.,amu utek'wañi,kasiser' ñapalli,está oscuro.,U00365,G00296,medium,0.7395093441009521,0.5523589253425598,0.18715041875839233,2
U01413,G01234,preparé cena.,kalutulek,wayusa' nu'tulek,hice café.,U01412,G01233,hard,0.6930389404296875,0.5855860710144043,0.1074528694152832,2
U01413,G01234,preparé cena.,kalutulek,weranek',he comido.,U00568,G00472,medium,0.6930389404296875,0.5138309597969055,0.17920798063278198,5
U01108,G00965,soy inocente.,ma'nen nu'chi'nek,yen'nichi'nek,estoy ocupado.,U00315,G00251,hard,0.662153422832489,0.5954501032829285,0.06670331954956055,9
U01108,G00965,soy inocente.,ma'nen nu'chi'nek,ñidenkinpu' nuka'ka,soy neutral.,U00824,G00700,medium,0.662153422832489,0.5110429525375366,0.1511104702949524,18
U02570,G02345,"perros que ladran, bebes que lloran, (gente) que chanca barbasco, que cortan leña, que se llaman.","ñiñi'wa pekla'su', wawaser willek'a'su', llise'nkasu', diwek'erkasu', peklu'terkasu'.","mapapa', damer'ita, puka' yunchinkelli.","la matamata, la taricaya, la charapa salieron del agua.",U02649,G02424,hard,0.6106235384941101,0.5375916361808777,0.07303190231323242,3
U02570,G02345,"perros que ladran, bebes que lloran, (gente) que chanca barbasco, que cortan leña, que se llaman.","ñiñi'wa pekla'su', wawaser willek'a'su', llise'nkasu', diwek'erkasu', peklu'terkasu'.","inwellektanna', inmusha'iteklanna', tullini'ma kunpallinenna' luntanna'pu'su'. nanek uwanna', tusu'sa' luñina'.","lloraron entre ellos, se besaron las manos, así dijeron como dialogando con sus compadres. ahí bebiendo todas estas cosas hablaban. 8 probablemente el narrador hace alusión a los espa ñoles conocidos como apu'tek y sekputchek. véanse las narraciones siguientes.",U03002,G02777,medium,0.6106235384941101,0.44679442048072815,0.16382911801338196,8
U01009,G00872,¡compruébalo!,¡lli'ker' mupallinpa'!,¡u'chimu lli'inu!,¡buen pensamiento!,U01902,G01696,hard,0.7274722456932068,0.6403161287307739,0.08715611696243286,5
U01009,G00872,¡compruébalo!,¡lli'ker' mupallinpa'!,inlu'uk'tuker',ten cuidado.,U01879,G01673,medium,0.7274722456932068,0.5741987228393555,0.15327352285385132,6
U01357,G01184,deme esos.,enka'u nanalusa',enka'u nu'unta'lusa',dame algunos.,U01356,G01183,hard,0.8570030331611633,0.721673309803009,0.1353297233581543,2
U01357,G01184,deme esos.,enka'u nanalusa',enka'u nana,dame eso.,U01033,G00894,medium,0.8570030331611633,0.6311815977096558,0.22582143545150757,3
U00438,G00355,tom camina.,tom dekkuntulli,chuma ekpa'palli,tomás conduce.,U00654,G00545,medium,0.7479256987571716,0.5500715374946594,0.1978541612625122,3
U00080,G02022,espera.,wa'tenker',¡wa'ten'ker'!,¡espera!,U00013,G00010,hard,0.8683130741119385,0.7604361772537231,0.10787689685821533,4
U00080,G02022,espera.,wa'tenker',wa'tenker' tom,"espera, tom.",U01037,G00898,medium,0.8683130741119385,0.647813618183136,0.2204994559288025,5
U00248,G02022,un momento.,wa'tenker',ta'ituler',ya basta.,U01532,G01345,hard,0.7569056153297424,0.6392113566398621,0.11769425868988037,4
U00248,G02022,un momento.,wa'tenker',nu'wanker',baje.,U01014,G00876,medium,0.7569056153297424,0.5757134556770325,0.18119215965270996,10
U02247,G02022,un momentito.,wa'tenker',ta'ituler',déjelo.,U01489,G01345,hard,0.7495456337928772,0.6438567638397217,0.10568886995315552,4
U02247,G02022,un momentito.,wa'tenker',tai'tuler',déjalo.,U00233,G00183,medium,0.7495456337928772,0.5640278458595276,0.1855177879333496,10
U02049,G01832,estoy ayudando.,katu' pa'tapalek,yakatupa'tulek,quiero ayudar.,U01745,G01547,hard,0.7234740853309631,0.6440187096595764,0.07945537567138672,4
U02049,G01832,estoy ayudando.,katu' pa'tapalek,saka'tapalek,estoy trabajando.,U00034,G00029,medium,0.7234740853309631,0.5727466940879822,0.15072739124298096,7
U02234,G02009,¿los conoces?,¿luwer'chapadekla?,¿luwer'chapalama?,¿la conocen?,U01972,G01761,hard,0.7291796803474426,0.668962299823761,0.06021738052368164,2
U02234,G02009,¿los conoces?,¿luwer'chapadekla?,¿kerka' ñinchitapala?,¿estudias?,U02221,G01998,medium,0.7291796803474426,0.5560459494590759,0.1731337308883667,5
U02168,G01948,estudiamos francés.,ñinchitapallidek frances,a'lek'apalliner'ku frances,estudio francés.,U01741,G01543,hard,0.7415775656700134,0.6650106906890869,0.07656687498092651,3
U02168,G01948,estudiamos francés.,ñinchitapallidek frances,ñinchiter' italianu,aprende italiano.,U01491,G01308,medium,0.7415775656700134,0.5675157308578491,0.1740618348121643,4
U01094,G00953,seré libre.,inapi ñechek,wiuksu' ñin'chek,seré breve.,U01433,G01253,hard,0.7001134157180786,0.6043031811714172,0.09581023454666138,3
U01094,G00953,seré libre.,inapi ñechek,wichi'echek,voy a dormir,U00088,G00061,medium,0.7001134157180786,0.5393407344818115,0.1607726812362671,8
U02810,G02585,"¡cuándo habrá sucedido eso,","¡enpi'pui'pa' nana nu'su' ña'su',","nana wintupatekwa' nana tetchu,","cuando le contemos el viejo va a decir,",U02868,G02643,medium,0.7925729751586914,0.5470436811447144,0.24552929401397705,2
U02772,G02547,dijeron las muchachas.,tullina' sha'walusa'.,tullina' taserpiku'lusa'.,dijeron los viejos finados también con pena.,U02774,G02549,hard,0.7414605617523193,0.6828876733779907,0.05857288837432861,2
U02772,G02547,dijeron las muchachas.,tullina' sha'walusa'.,enpinantekllina' sennanlusa'.,se secaron las cochas.,U02746,G02521,medium,0.7414605617523193,0.5411922335624695,0.20026832818984985,3
U01098,G00957,soy doctor.,doktor nuka'ka,lulentutek' nuka'ka,soy médico.,U01097,G00956,medium,0.8942579627037048,0.6913806200027466,0.20287734270095825,2
U03013,G02788,ahora las mujeres se pintan sus caras.,ipa'la asu' shaya'lusa' inllinsellina' asu' ladanenna'.,ipa'li'na makinak peksanpallina' damellu'shasu'.,ahora a máquina muelen bien menudito.,U02350,G02125,hard,0.689218282699585,0.6388821005821228,0.05033618211746216,2
U03013,G02788,ahora las mujeres se pintan sus caras.,ipa'la asu' shaya'lusa' inllinsellina' asu' ladanenna'.,ipa'li'na shiwilu la'la' pinanetllina'.,y han olvidado la lengua shiwilu.,U02326,G02101,medium,0.689218282699585,0.5074900984764099,0.18172818422317505,3
U00874,G00747,recuérdalo.,li'inuter',sekdiperker' nana,guarda eso.,U01362,G01188,hard,0.7617610692977905,0.645679235458374,0.1160818338394165,4
U00874,G00747,recuérdalo.,li'inuter',lli'dek'ku',obsérvalos.,U00269,G00215,medium,0.7617610692977905,0.6008544564247131,0.1609066128730774,15
U02341,G02116,"se la extrae, se la pela.","uka'lek, eksu'lek.","piper'unkellu', pipelladasu'.","de cuello colorado, de cara colorada.",U02736,G02511,medium,0.7640542984008789,0.562891960144043,0.20116233825683594,2
U00046,G00735,¡gracias!,¡yuspeinet'echun!,yuspeinet'echun,gracias.,U00047,G00037,medium,0.8531423211097717,0.6814791560173035,0.17166316509246826,3
U00859,G00735,¡muchas gracias!,¡yuspeinet'echun!,¡yuspeinet'echun nanapu'si'la!,¡gracias nuevamente!,U01189,G01032,medium,0.886132538318634,0.722334086894989,0.16379845142364502,3
U01271,G01106,ustedes primero.,nanentu kenmama',kenma tenmiansuer',tú empieza.,U00456,G00372,hard,0.8027465343475342,0.7331225872039795,0.06962394714355469,5
U01271,G01106,ustedes primero.,nanentu kenmama',inapiken nuka'ma,estás soltero.,U01639,G01449,medium,0.8027465343475342,0.637017011642456,0.16572952270507812,6
U01288,G01119,sobrevivió.,chiminllinkekla nampilli,chiminllinkekla nampilek,sobreviví.,U00545,G00451,medium,0.752082109451294,0.5903288125991821,0.16175329685211182,2
U01566,G01377,podríamos caminar.,yennituwinaskudek dek'kuntak,yennitulek adanta'ak,puedo regresar.,U02000,G01786,medium,0.859999418258667,0.5888026356697083,0.27119678258895874,2
U01189,G01032,¡gracias nuevamente!,¡yuspeinet'echun nanapu'si'la!,¡yuspeinet'echun!,¡muchas gracias!,U00859,G00735,medium,0.8259870409965515,0.6657255291938782,0.16026151180267334,2
U01625,G01436,estabas ocupado.,saka'tapawina,nantapitek ñiwina,fuiste valiente.,U01921,G01712,hard,0.7346643805503845,0.6814325451850891,0.05323183536529541,2
U01625,G01436,estabas ocupado.,saka'tapawina,kuakin ñiwina,eras mío.,U01626,G01437,medium,0.7346643805503845,0.5524529814720154,0.18221139907836914,6
U00968,G00834,hizo trampa.,tumu'lli,tumu' nuka'a,es falso.,U02123,G01903,hard,0.71586674451828,0.6076095104217529,0.1082572340965271,2
U00968,G00834,hizo trampa.,tumu'lli,tumu'tek' nuka'a,es engañoso.,U02077,G01860,medium,0.71586674451828,0.5276837348937988,0.1881830096244812,3
U02219,G01996,¿estás embarazada?,¿kadu'lunsu' ñapala?,¿wilawanpala'?,¿tienes hijos?,U02231,G02006,hard,0.6939528584480286,0.6142337918281555,0.07971906661987305,2
U02219,G01996,¿estás embarazada?,¿kadu'lunsu' ñapala?,¿chacha'wanpala?,¿estás herida?,U00989,G00853,medium,0.6939528584480286,0.542357325553894,0.15159553289413452,6
U02557,G02332,los carbones de los árboles se quemaron bien hasta convertirse en ceniza.,"nala pendakilanenlusa' musu' ukpendalu'tek walek ima uketlli,","nalamulu'lusa' nakutusu', kekkilu'tek kawima uluntulli.","sobrepasaba las copas de los árboles, muy cerca del cielo ardía.",U02550,G02325,hard,0.6888259053230286,0.5735753178596497,0.1152505874633789,2
U02557,G02332,los carbones de los árboles se quemaron bien hasta convertirse en ceniza.,"nala pendakilanenlusa' musu' ukpendalu'tek walek ima uketlli,",nana lupa' lenmek'a'su' supinak nalalusi'ma pada'sa'tulli.,cuando calmó el temblor los árboles se sacudieron.,U02943,G02718,medium,0.6888259053230286,0.5312358140945435,0.1575900912284851,3
U01497,G01314,déjame intentarlo.,ta'itula'u tekle'richek,iyatulek ñinchitak,adoro aprender.,U02012,G01797,medium,0.7518491148948669,0.5665763020515442,0.18527281284332275,5
U01498,G01314,déjame probarlo.,ta'itula'u tekle'richek,ta'itula'u lek'techek,déjame averiguarlo.,U02089,G01871,hard,0.8249508142471313,0.7687699794769287,0.05618083477020264,3
U01498,G01314,déjame probarlo.,ta'itula'u tekle'richek,ta'itula'u lli'echek,déjame verlo.,U01496,G01313,medium,0.8249508142471313,0.5920081734657288,0.2329426407814026,5
U02652,G02427,(entonces) preguntaron esos hermanos (shawala) que habían ido:,tullina' nana yalli'lusa' pa'lusa':,nana malek dansu'lusa' tullina':,por eso los sobrevivientes dijeron:,U02566,G02341,medium,0.7508161664009094,0.5968825221061707,0.15393364429473877,2
U00133,G00095,has ganado.,kana'tula,¿kana'tula?,¿ganaste?,U00737,G00617,medium,0.8339281678199768,0.6265438795089722,0.20738428831100464,2
U01548,G01360,están cansados.,saka'tusu' ñapallina',saka'tunakla usu'dekllina',están despedidos.,U01295,G01126,hard,0.7492749691009521,0.6729801893234253,0.07629477977752686,2
U01548,G01360,están cansados.,saka'tusu' ñapallina',sha'pi'su'sa' ñapallina,están amarillos.,U02126,G01906,medium,0.7492749691009521,0.5835964679718018,0.1656785011291504,5
U03015,G02790,"sin embargo, ahora decimos está bien, eso sí viéndoles nosotros también nos cortamos nuestros cabellos, hablamos el castellano dijeron los abuelos ya finados.","da'ilek, ipa'la tulekwa' mullin, nanekla nana'ka lli'akwa' kenmu'wa'nta' ipa'la enchekmapu'wa' dektuntulekwa', lunekwa' asu' kaschilla', tullina' papinkuku'lusa'.",nu'amudek i'na' ¡enchu lli'kunwa' nana den ipa' nanpipalli! tamudek pekpiwatukellillen itullini'ma.,haciendo eso nosotros dijimos ¡vamos a ver quiénes son esos que viven! y vinimos a salir (del monte).,U02592,G02367,medium,0.7436245083808899,0.5763605833053589,0.167263925075531,2
U02979,G02754,"a otra gente que han venido de otros pueblos queremos verles, a la gente blanca.",ali'la muda' nerñinanluklan weklusa' yalli'dekllidek dadapu muda'lusa'.,"ñinchitapalekwa' ali'ladaperunta' nanpi'perkasu', ñi'na ñienpi' lli'dek'i'nekwa'.","sabemos que otros también viven, pero nunca les hemos visto.",U02836,G02611,hard,0.6842767596244812,0.6132164001464844,0.07106035947799683,2
U02979,G02754,"a otra gente que han venido de otros pueblos queremos verles, a la gente blanca.",ali'la muda' nerñinanluklan weklusa' yalli'dekllidek dadapu muda'lusa'.,kenmu'wa' chimiansikwa' ma'ilipa' lli'tetchu tullini'ma napi'.,cuando nosotros perezcamos qué cosas quizá aparecerán dijeron antes.,U03041,G02816,medium,0.6842767596244812,0.47388020157814026,0.21039655804634094,3
U01111,G00968,estoy embarazada.,kadulunsu' ñapalek,utrinwanpalek,tengo hermanas.,U01729,G01531,hard,0.7335242033004761,0.6493695378303528,0.08415466547012329,2
U01111,G00968,estoy embarazada.,kadulunsu' ñapalek,kaluwi'su' ñapalek,estoy enferma.,U00210,G00162,medium,0.7335242033004761,0.5644768476486206,0.16904735565185547,7
U02061,G01844,oí eso.,lauk'lek nana,lau'tulek,escuché.,U00038,G00032,medium,0.9061295986175537,0.7412960529327393,0.16483354568481445,2
U01285,G01117,me asustas.,a'imanantulun,wa'danpilapilun,me traicionaste.,U02201,G01978,hard,0.8629262447357178,0.736164391040802,0.12676185369491577,2
U01285,G01117,me asustas.,a'imanantulun,kenmapu'su' ñiina'ka,te admiro.,U01056,G00916,medium,0.8629262447357178,0.611881673336029,0.2510445713996887,3
U00403,G00327,decí hola.,ma'pu'sin tuker',ma'shapin'ta ka'ker',come algo.,U01352,G01179,hard,0.6761173009872437,0.52989262342453,0.14622467756271362,2
U00403,G00327,decí hola.,ma'pu'sin tuker',lanerllien u'chimu,hueles bien.,U01919,G01710,medium,0.6761173009872437,0.5141763687133789,0.16194093227386475,3
U01120,G00975,ha empezado.,tenmiansu'lli,intek apalli,está fingiendo.,U00759,G00638,medium,0.8415532112121582,0.5605419874191284,0.2810112237930298,4
U01121,G00975,empezó.,tenmiansu'lli,tekineklli,se acabó.,U00371,G00302,medium,0.8252328038215637,0.5284221172332764,0.29681068658828735,4
U01122,G00975,comenzó.,tenmiansu'lli,tekineklli,se acabó.,U00371,G00302,medium,0.8305477499961853,0.5305495262145996,0.2999982237815857,4
U01484,G01302,es emocionante.,sakeknansu' nuka'a,u'chimusha nuka'a,es adorable.,U01481,G01299,hard,0.7605167627334595,0.6117908358573914,0.14872592687606812,3
U01484,G01302,es emocionante.,sakeknansu' nuka'a,amu utek'wañi,tiene barba.,U01695,G01498,medium,0.7605167627334595,0.5569510459899902,0.20356571674346924,4
U01235,G01074,nos preparamos.,insek'diperlekwa',insekdiperpi ñapalidek,estamos listos.,U00945,G00813,hard,0.788997232913971,0.6645175218582153,0.12447971105575562,2
U01235,G01074,nos preparamos.,insek'diperlekwa',uklutulek.,cómo se prepara la bebida.,U02338,G02113,medium,0.788997232913971,0.623873233795166,0.16512399911880493,3
U01992,G01778,escribe libros.,llinsercher' kerka'lusa',linserchapalek la'la'lusa',escribo versos.,U01430,G01250,hard,0.7519322037696838,0.6131946444511414,0.13873755931854248,2
U01992,G01778,escribe libros.,llinsercher' kerka'lusa',llinse'cher' manen'unta',escribe algo.,U02195,G01974,medium,0.7519322037696838,0.5861004590988159,0.16583174467086792,3
U02525,G02300,dice que como estaban cubiertos de chupos les dijeron:,sa'la'wenkasu' malek ima itudekllina':,nana malek dansu'lusa' tullina':,por eso los sobrevivientes dijeron:,U02566,G02341,medium,0.7271542549133301,0.5715765357017517,0.15557771921157837,2
U02201,G01978,me traicionaste.,wa'danpilapilun,a'imanantulun,me asustas.,U01285,G01117,hard,0.6794387102127075,0.5927157998085022,0.08672291040420532,2
U02201,G01978,me traicionaste.,wa'danpilapilun,a'kaluwi'lun,me lastimas.,U00973,G00839,medium,0.6794387102127075,0.5248809456825256,0.15455776453018188,5
U02581,G02356,ahora voy a contar de qué manera vivió arákayu en la ribera del río pampayacu.,ipa'la lunchek arakayu ma'pu'si'pa' nanpilli panpadek ukuchik.,ipa'la lunchek ma'pu'si'pa' napi' uketllin asu' panpadek ukuchinlusa'.,ahora les voy a contar cómo antiguamente se quemaron estas riberas del río pampayacu.,U02511,G02286,medium,0.742508590221405,0.5231595039367676,0.21934908628463745,2
U01242,G01080,lo necesitamos.,luwantullidek,yadekllidek,queremos votar.,U02173,G01953,medium,0.7796801924705505,0.5982612371444702,0.18141895532608032,2
U02362,G02137,pero anteriormente las abuelas finadas batían con el batidor utawitunantek.,napi' i'na amiku'lusa' utawitunanteklek utawillina'.,pitak aku'n peksantunanlek napi'ku'lusa' peksantullina'.,poniéndolo en el batán los antiguos molían con moledor de palo.,U02348,G02123,medium,0.7421742677688599,0.5025948882102966,0.23957937955856323,2
U00805,G00681,esperaré.,wa'tentechek,wa'tentapechek,estaré esperando.,U02041,G01825,hard,0.93172687292099,0.8721757531166077,0.059551119804382324,2
U00805,G00681,esperaré.,wa'tentechek,wa'tentechu,esperará.,U01050,G00910,medium,0.93172687292099,0.7081159353256226,0.22361093759536743,3
U01991,G01777,sobrevivirá.,chimillinkekla nanpichu,chiminllinkekla nanpiterwa',sobreviviremos.,U01579,G01390,hard,0.8278669714927673,0.7191872000694275,0.10867977142333984,2
U01991,G01777,sobrevivirá.,chimillinkekla nanpichu,musu' ñape'chu,estarás bien.,U01290,G01121,medium,0.8278669714927673,0.6609970331192017,0.16686993837356567,3
U03031,G02806,algún día en un fierro viejo que vuela ustedes también van a viajar.,enpi' uklli pen ala'sa' wa'natek pennu'a'su' kenmama'nta' pa'achuma'.,ukluka'pasik kenmu'nta' inyalalatulek chitetlla.,mientras está hirviendo se tuesta el maíz desgranado.,U02345,G02120,medium,0.7981589436531067,0.5592555403709412,0.23890340328216553,2
U02100,G01881,emborrachémonos.,luper'awa',impaleriawa',practiquemos.,U01825,G01621,medium,0.8094479441642761,0.6145991086959839,0.19484883546829224,2
U01660,G01467,vuelve aquí.,adencher' asek,asek uk'apilelli,aquí viene.,U01374,G01199,medium,0.8508287668228149,0.6990981698036194,0.15173059701919556,2
U01981,G01768,¡no mientas!,¡yatumu'ta!,¡yailantuta!,¡no dispares!,U00742,G00622,hard,0.7164552211761475,0.6366800665855408,0.07977515459060669,3
U01981,G01768,¡no mientas!,¡yatumu'ta!,tumu'tulun,me mentiste.,U01913,G01705,medium,0.7164552211761475,0.5315560698509216,0.18489915132522583,5
U00492,G00405,¡no esperen!,¡yawa'tentutama!,¡yawa'tenta!,¡no esperes!,U00491,G00404,hard,0.8817046880722046,0.7562791109085083,0.1254255771636963,2
U00492,G00405,¡no esperen!,¡yawa'tentutama!,¡wa'ten'ku'!,esperen.,U00014,G00011,medium,0.8817046880722046,0.6685225963592529,0.21318209171295166,3
U02231,G02006,¿tienes hijos?,¿wilawanpala'?,¿wilawanpalama'?,¿tienen hijos?,U02230,G02005,medium,0.8468984961509705,0.6372392773628235,0.20965921878814697,2
U02592,G02367,haciendo eso nosotros dijimos ¡vamos a ver quiénes son esos que viven! y vinimos a salir (del monte).,nu'amudek i'na' ¡enchu lli'kunwa' nana den ipa' nanpipalli! tamudek pekpiwatukellillen itullini'ma.,naneklima llia'lli asu' wa'dan panpateklu' ipa'la walek luwetchapalekwa'.,"de ahí, dice, ha quedado este pasto que hasta ahora conocemos.",U03130,G02905,medium,0.6345235109329224,0.4843755066394806,0.15014800429344177,2
U00057,G00046,entre.,da'kerker',wanerker',parate,U00249,G00196,hard,0.8070261478424072,0.7081918120384216,0.0988343358039856,7
U00057,G00046,entre.,da'kerker',uencher',ven a beber,U00144,G00104,medium,0.8070261478424072,0.6484972834587097,0.1585288643836975,12
U00058,G00046,pase.,da'kerker',paker',vete.,U00001,G00000,hard,0.8590307831764221,0.7288323044776917,0.13019847869873047,3
U00058,G00046,pase.,da'kerker',nu'wanker',baje.,U01014,G00876,medium,0.8590307831764221,0.7025327682495117,0.1564980149269104,8
U01569,G01380,tenemos perro.,a'ñapallidek ñiñi'wa,a'ñapalekwa' da'lusa',tenemos visita.,U02163,G01943,hard,0.6318860054016113,0.5805290341377258,0.0513569712638855,3
U01569,G01380,tenemos perro.,a'ñapallidek ñiñi'wa,sipuk'ñapallidek,somos prisioneros.,U02182,G01962,medium,0.6318860054016113,0.4770732820034027,0.15481272339820862,9
U03035,G02810,"algunos mezquinaban. volviendo de moyobamba no querían contar cómo habían visto a las señoras, ni querian contar más, sin despedirse se iban.","nu'unti'ma aper'kulli. yalun'i'ñi uncha'n muyunpakla ma'pu'si'pa' lli'lli senñulalusa', ñima nanapinta' yalun'i'ñi, ta'tula'nna' pa'llina'.","tekkinchi ala'sa' dadapu mudi'ma lli'tulli. lli'anna' imanantullina', lli'anna' ñi enpi' lli'inpu'erkasu'.",ahí efectivamente apareció un hombre blanco. al verlo se asustaron de ver lo que nunca antes habían visto.,U02981,G02756,medium,0.7800599336624146,0.5545974969863892,0.2254624366760254,2
U00314,G00251,estoy ocupada.,yen'nichi'nek,ku'la ñinchitapi'nek,no estudio.,U01397,G01221,hard,0.6724210977554321,0.6107968688011169,0.061624228954315186,9
U00314,G00251,estoy ocupada.,yen'nichi'nek,luwanchi'nek,me niego.,U00179,G00137,medium,0.6724210977554321,0.5093364119529724,0.16308468580245972,22
U00315,G00251,estoy ocupado.,yen'nichi'nek,luwantulek saka'tak,necesito trabajar.,U01735,G01537,hard,0.6612869501113892,0.6110826134681702,0.050204336643218994,10
U00315,G00251,estoy ocupado.,yen'nichi'nek,ñinchidinupalek,tengo curiosidad.,U00813,G00689,medium,0.6612869501113892,0.5095636248588562,0.15172332525253296,24
U01701,G01504,debería venir.,wencha'winsu',ya'wencha'lli,quiere venir.,U02244,G02019,hard,0.8512129783630371,0.7260333895683289,0.12517958879470825,2
U01701,G01504,debería venir.,wencha'winsu',adanta'a'kasu' ñapalli,debo regresar.,U01732,G01534,medium,0.8512129783630371,0.6785191893577576,0.17269378900527954,3
U03081,G02856,"lo vieron corriendo hacia el pampayacu, lo siguieron pero no lo alcanzaron.","lli'llini'ma tekka'pilasik panpadeklupa', tupitullina' ñi kasek'i'ñina'.","pennen alañina', lli'llina' dullinen ukunpalalli.",le pidieron su candela (al duende) y se dieron cuenta de que sus intestinos estaban colgados.,U02925,G02700,medium,0.7569618225097656,0.5842050909996033,0.17275673151016235,2
U02407,G02182,ellos ahora ven por mí.,nawa' ipa'la lli'apallinerku.,nawa' lli'apallinerku.,ellas me cuidan.,U02441,G02216,medium,0.8492865562438965,0.687138557434082,0.16214799880981445,2
U01594,G01405,¿estabas ocupado?,¿añapawinancha' ma'nen'un'ta' nuta'mak?,ñapawinek saka'tusu',estaba agotado.,U01757,G01559,medium,0.7290678024291992,0.5694380402565002,0.15962976217269897,2
U00186,G00142,yo pagaré.,kua panwilek'te'chek',pantetchek.,ya me voy.,U03124,G02899,hard,0.8201488852500916,0.6817436814308167,0.1384052038192749,2
U00186,G00142,yo pagaré.,kua panwilek'te'chek',panuerken,te recompensaré.,U02045,G01828,medium,0.8201488852500916,0.6111042499542236,0.20904463529586792,3
U02988,G02763,ya no hilaban porque habían visto las telas (en moyobamba).,pitetchi'ñina' ipa' nana kapiña'su' lli'anna'.,nana sakanlupi'mi'na lli'llina' pen mukatapa'su'.,en esa bajada vieron humo.,U02872,G02647,medium,0.7398726940155029,0.5424777269363403,0.1973949670791626,2
U01390,G01513,te creo.,latekllien,latek'iñen,lo dudo.,U00521,G00432,hard,0.7564368844032288,0.635844886302948,0.12059199810028076,3
U01390,G01513,te creo.,latekllien,¿kenma latektapala?,¿tú crees?,U01975,G01764,medium,0.7564368844032288,0.6045295000076294,0.15190738439559937,4
U01710,G01513,te creí.,latekllien,intek'lli'wina,lo intentaste.,U00457,G00373,hard,0.7954868078231812,0.6488558053970337,0.14663100242614746,4
U01710,G01513,te creí.,latekllien,tuwinek,prometí.,U00540,G00446,medium,0.7954868078231812,0.6182580590248108,0.17722874879837036,5
U00476,G00391,ven temprano.,wenller' dasu'la,weker' eklli,venga mañana.,U01338,G01166,medium,0.8590402603149414,0.6968883872032166,0.16215187311172485,2
U01105,G00963,estoy congelado.,nakusu' sanekwantulek,lupersu' ñapalek,estoy borracho.,U00341,G00274,hard,0.728260338306427,0.6738859415054321,0.05437439680099487,9
U01105,G00963,estoy congelado.,nakusu' sanekwantulek,ñapalek a'mechailusu,estoy constipado.,U02058,G01841,medium,0.728260338306427,0.5728622078895569,0.15539813041687012,19
U01106,G00963,estoy helado.,nakusu' sanekwantulek,weipensu' ñapalek,estoy gordo.,U00092,G00064,hard,0.7627345323562622,0.6983312368392944,0.06440329551696777,6
U01106,G00963,estoy helado.,nakusu' sanekwantulek,nakusu' wichilek,dormí mucho.,U01418,G01238,medium,0.7627345323562622,0.6108517050743103,0.1518828272819519,23
U00351,G00282,¿está tom?,¿ñapalli tom?,tom nuka'a,es tom.,U00223,G00175,hard,0.8419501781463623,0.7013344168663025,0.14061576128005981,2
U00351,G00282,¿está tom?,¿ñapalli tom?,¿tom ñiwiñi?,¿fue tom?,U00482,G00395,medium,0.8419501781463623,0.6861341595649719,0.15581601858139038,3
U00906,G00777,tom llegó.,tom ektu'lli,nana uk'lli,ella vino.,U00240,G00190,hard,0.7574372887611389,0.6393476724624634,0.11808961629867554,4
U00906,G00777,tom llegó.,tom ektu'lli,"tukuner uklli,","vino el tucunaré,",U02644,G02419,medium,0.7574372887611389,0.6002277135848999,0.157209575176239,8
U01818,G01615,déjame explicar.,ta'itula'u wintechen,yennitulek a'nañiak,puedo compartir.,U00770,G00647,hard,0.7774686813354492,0.6707194447517395,0.10674923658370972,2
U01818,G01615,déjame explicar.,ta'itula'u wintechen,ta'itula'u tekdiperechek,déjame arreglarlo.,U02090,G01872,medium,0.7774686813354492,0.5765376091003418,0.20093107223510742,6
U01722,G01525,me divertí.,sakek'lek,indei'tulek,me corté.,U01065,G00924,medium,0.7024692296981812,0.5474233031272888,0.15504592657089233,2
U01438,G01258,lo mataré.,dei'techek,dunker'echek,lo buscaré.,U02043,G01827,medium,0.8985406756401062,0.7150229215621948,0.18351775407791138,3
U01439,G01258,le mataré.,dei'techek,dunker'echek,lo buscaré.,U02043,G01827,medium,0.8729196190834045,0.7175683975219727,0.15535122156143188,3
U00118,G00084,espérame despierto.,wa'ten'u nanpisu',ñapaker' nanpiladasu',mantente despierto.,U00626,G00521,hard,0.7444928288459778,0.6122273802757263,0.13226544857025146,2
U00118,G00084,espérame despierto.,wa'ten'u nanpisu',wiuksu' ñin'chek,seré breve.,U01433,G01253,medium,0.7444928288459778,0.5526015162467957,0.19189131259918213,4
U03148,G02923,"después de matar a sekputchek, (los jeberinos) se han esparcido, se han aborrecido.","nana sekputchekkui'na di'tanna, inpasetllina', inluyullina'.","dei'tanna', pen dintunna', aku'lalatullina'.","lo mataron, atizaron la candela y lo metieron (al fuego).",U02949,G02724,hard,0.7257740497589111,0.6261990070343018,0.09957504272460938,2
U03148,G02923,"después de matar a sekputchek, (los jeberinos) se han esparcido, se han aborrecido.","nana sekputchekkui'na di'tanna, inpasetllina', inluyullina'.","naku'tanni'ma, ukllinantanna', ektu'llina' muyunpak.","después de pasar (ese lugar peligroso), amaneciéndose, llegaron a moyobamba.",U02972,G02747,medium,0.7257740497589111,0.5526236891746521,0.17315036058425903,3
U01435,G01255,lo compraré.,mape'chek,dunker'echek,lo buscaré.,U02043,G01827,hard,0.7602531909942627,0.6919830441474915,0.06827014684677124,3
U01435,G01255,lo compraré.,mape'chek,mapa'lek,lo compré.,U00768,G00646,medium,0.7602531909942627,0.569518506526947,0.19073468446731567,7
U00751,G00630,¡ponte serio!,¡ñiker' musu!,¡musu' lli'inuter'!,¡piénsalo bien!,U00151,G00111,hard,0.6491814851760864,0.5577029585838318,0.09147852659225464,4
U00751,G00630,¡ponte serio!,¡ñiker' musu!,pilli'ter' ikersu',agarra fuertemente.,U00073,G01202,medium,0.6491814851760864,0.49746474623680115,0.15171673893928528,5
U03054,G02829,"ahora les voy a contar cómo quiza cuando vivían los antiguos indios shawala pelearon contra los que vinieron de otro pueblo, los catellano- hablantes.","ipa'la' winterkenma' ma'pu'si'pa' napi' shawala kenma' ñapanna'pi'la idenmalli'na' asu' nerñinalukla uklusa'lek, kaschilla lunlusa'.",enta'n lunchek ipa'la asu' ma'pu'sui'pa' kankantanna' shiwiluku'lusa' muyunpa yaluwetchullina'.,"a ver pues, voy a contar ahora cómo se les habrá ocurrido a los shiwilu finados conocer moyobamba.",U02833,G02608,hard,0.7381359338760376,0.6187313199043274,0.1194046139717102,2
U03054,G02829,"ahora les voy a contar cómo quiza cuando vivían los antiguos indios shawala pelearon contra los que vinieron de otro pueblo, los catellano- hablantes.","ipa'la' winterkenma' ma'pu'si'pa' napi' shawala kenma' ñapanna'pi'la idenmalli'na' asu' nerñinalukla uklusa'lek, kaschilla lunlusa'.",ipa'leklanlek a'metchala nu'unta' chilenñusa' yullina' winenllusa' pa'a'ser nanalupa'.,"desde entonces en adelante, poco a poco algunos barriobajinos se rabian cuando los barrioaltinos van por ahí.",U03095,G02870,medium,0.7381359338760376,0.5766762495040894,0.16145968437194824,3
U00770,G00647,puedo compartir.,yennitulek a'nañiak,yen'nitulek teka'ak',puedo correr.,U00318,G00254,medium,0.7948662042617798,0.5164602398872375,0.27840596437454224,2
U01694,G01497,él aceleró.,apinta'a'tekalli,nana taserpitulli,él envejeció.,U00754,G00633,hard,0.5724191069602966,0.5213232636451721,0.05109584331512451,3
U01694,G01497,él aceleró.,apinta'a'tekalli,¡dakuti'ñi!,¡qué listo!,U01531,G01344,medium,0.5724191069602966,0.4210045039653778,0.15141460299491882,31
U01174,G01022,muéstrame eso.,a'lli'u nana,alli'u,muestrame.,U00107,G00075,medium,0.8442107439041138,0.6427639126777649,0.20144683122634888,2
U02679,G02454,otros dijeron este arákayu cuida los peces.,ali'ladaper tullini'ma asu' arakayu samer luwektapalli.,nana ali'lima tulli kui'na ñinchitulek nana mutupik nanpipalli llumallun13'.,"ese otro dijo yo he sabido que en el cerro vive llumallun. 12 laulate es un apellido muy común en jeberos. según este relato, su etimología se hallaría en el nombre laweklatek el de la boca abierta. 13 llumallun era viejita que vivia sola y era sabia.",U03161,G02936,medium,0.7511171698570251,0.4893679618835449,0.2617492079734802,2
U00994,G00857,¿están seguros?,¿tekinchi'cha' ñapalama?,¿insek'diperpi ñapalama'?,¿están listos?,U01319,G01148,medium,0.8069542050361633,0.6545265316963196,0.15242767333984375,2
U00530,G00439,ahora sé.,ipa'la ñinchitulek,ipa'la lli'inutulek,ahora recuerdo.,U01737,G01539,medium,0.8249256014823914,0.6007668972015381,0.22415870428085327,3
U02157,G01937,mira cuidadosamente.,lli'ker' uti'lakla,li'ker' musenkek,véase arriba.,U00404,G00328,hard,0.8152196407318115,0.6877376437187195,0.12748199701309204,2
U02157,G01937,mira cuidadosamente.,lli'ker' uti'lakla,musuk'i'la lli'inuper',sigue positivo.,U01529,G01342,medium,0.8152196407318115,0.6446919441223145,0.17052769660949707,4
U00584,G00485,es mío.,kuakin nuka'a,kua nuka'ka,soy yo.,U00099,G00068,medium,0.8586355447769165,0.6987680196762085,0.159867525100708,2
U03091,G02866,"ahora vamos a vivir así, ahora ya no vamos a pandillar todo el pueblo.","nu'su' ipa'la ñaterwa', ñi kenmu'wa' ipa'la chu'kenapi'nterwa' iñer ñinanlu'.","nu'su' ñapilaterwa' enta' ipa'la, nermuda'lusi'pa' danker'kuñina' shiwiluk.","así vamos a estar viviendo pues ahora, otras gentes han entrado en jeberos.",U03117,G02892,medium,0.8034375905990601,0.5492532849311829,0.2541843056678772,2
U00700,G00586,somos pobres.,kulliker'wi'ñidek,nuka'kawa taserpilusa',somos adultos.,U01250,G01086,hard,0.6857209205627441,0.5973038673400879,0.08841705322265625,2
U00700,G00586,somos pobres.,kulliker'wi'ñidek,wer'su' ñapallidek,estamos perdidos.,U00699,G00585,medium,0.6857209205627441,0.5334745645523071,0.152246356010437,8
U00094,G00425,estoy afectado.,muin'su' ñapalek,mudinui'su' ñapalek,estoy débil.,U00216,G00168,hard,0.8769784569740295,0.8107990026473999,0.06617945432662964,3
U00094,G00425,estoy afectado.,muin'su' ñapalek,nupek'pi ñapalek,estoy quebrado.,U00339,G00272,medium,0.8769784569740295,0.7176496386528015,0.15932881832122803,16
U00514,G00425,estoy aburrida.,muin'su' ñapalek,wa'danpintek ñapalek,estoy loco.,U00340,G00273,hard,0.739747941493988,0.6779851317405701,0.06176280975341797,14
U00514,G00425,estoy aburrida.,muin'su' ñapalek,inanpilechek,me desnudo.,U01772,G01572,medium,0.739747941493988,0.5863864421844482,0.1533614993095398,28
U00911,G00781,tom escapó.,tom chi'ye'klli,tom teka'lli,tom corrió.,U00116,G01060,hard,0.7600042819976807,0.6490944027900696,0.11090987920761108,2
U00911,G00781,tom escapó.,tom chi'ye'klli,tom yunsu'lli,tom renunció.,U00259,G00206,medium,0.7600042819976807,0.6093154549598694,0.15068882703781128,4
U02622,G02397,"no tiene nada, no tiene hijos, no tiene perro, no tiene gallinas, no tiene nada.","ñi ma'wi'ñi, wilawi'ñi, ñi ñiñi'wi'ñi, wa'dantekwi'ñi, ñi ma'wi'ñi.","ñi nana wa'dantek pektawapi'ñi, ñi laman pektawapi'ñi, ñi ma'nen nanadaper.","él no cría gallinas, no cría huanganas, nada de esos animales.",U02624,G02399,medium,0.7308527231216431,0.5740131139755249,0.15683960914611816,2
U00144,G00104,ven a beber,uencher',lekker',pregúntaselo.,U02222,G01999,hard,0.7161731719970703,0.624018132686615,0.09215503931045532,5
U00144,G00104,ven a beber,uencher',wanerker',parate,U00249,G00196,medium,0.7161731719970703,0.5646643042564392,0.1515088677406311,14
U00182,G00139,sonreí.,yamerladalek',yanampilek,quiero vivir.,U01746,G01548,hard,0.7619279026985168,0.633500874042511,0.12842702865600586,2
U00182,G00139,sonreí.,yamerladalek',yalansa'lek,quiero bailar.,U02026,G01811,medium,0.7619279026985168,0.6075817942619324,0.15434610843658447,7
U02838,G02613,"diferente lengua hablarán, decimos.","nerpi'la la'la' ipa' lunpallina', ta'kawa'su'.",namasu' la'leklan luntetchek.,de esta lengua le voy a hablar.,U02281,G02056,medium,0.7186135649681091,0.5615264177322388,0.15708714723587036,2
U01023,G00885,¿luzco bien?,¿llitapalek musu'?,¿musenkek a'cha?,¿es alto? (muy arriba),U00572,G00476,medium,0.8301706314086914,0.5623761415481567,0.26779448986053467,2
U01605,G01416,¿quién gana?,¿den kana'tulli?,¿den'ina' teka'lli?,¿quién corría?,U00129,G00092,medium,0.8436428308486938,0.5894399881362915,0.25420284271240234,3
U00233,G00183,déjalo.,tai'tuler',ta'ituler',déjelo.,U01489,G01345,hard,0.8711495399475098,0.8041387796401978,0.06701076030731201,2
U00233,G00183,déjalo.,tai'tuler',ta'iter' a'mercha,deja sitio.,U00394,G00319,medium,0.8711495399475098,0.7151251435279846,0.15602439641952515,5
U03028,G02803,"¡imaginate, ellos sin saber leer!","enta'n, nawa' kerka' ñinchilli'npu'la'pi'na'.",!enta'n lli'ku'!,¡más miren!,U02945,G02720,hard,0.7129311561584473,0.6198971271514893,0.09303402900695801,2
U03028,G02803,"¡imaginate, ellos sin saber leer!","enta'n, nawa' kerka' ñinchilli'npu'la'pi'na'.",innichi'ñina' lu'nkasu'.,no pueden hablar.,U02329,G02104,medium,0.7129311561584473,0.5445058345794678,0.1684253215789795,3
U03022,G02797,"antes cuando yo era niño he escuchado que en ese camino de moyobamba perecieron, el duende puro hueso les comió dijeron.","napi', kuanta' wilakuñamu laukta'kasu' nana muyunpa inchilalak taker'llina', lansi' wa'danler ka'deklli tullina'.","ta'ser lauktulek, asu' muyunpa inchilala malek, nu'unta' taketllina'.","lo que contaron he escuchado, que por causa del camino de moyobamba algunos se terminaron.",U03052,G02827,medium,0.7047324180603027,0.4949242174625397,0.20980820059776306,2
U02144,G01924,están bailando.,lansa'pallina',lansa'llina',bailaron.,U00893,G00765,hard,0.9006432294845581,0.7659554481506348,0.13468778133392334,2
U02144,G01924,están bailando.,lansa'pallina',inyutapallina',están discutiendo.,U02141,G01921,medium,0.9006432294845581,0.689437985420227,0.21120524406433105,3
U02867,G02642,"eso los viejos que saben hacer entender, que saben interpretar, van a hacerles entender nuestros sueños,","nanapu'a'su' taserpilusa' ñinchia'lachekterkasu', ñinchilawer'erkasu' a'lachektetchuna', laweretchuna' ma'tusui'pa' wa'lata'kawa'su'.","wilalunlusa', ñi ñinchichi'ñina' namasu' la'la'mapu'wa',","muchachas, no saben pues esta lengua nuestra,",U02321,G02096,medium,0.7241536974906921,0.48906269669532776,0.23509100079536438,2
U01152,G01005,entró mary.,da'kerlli mari,"dunanser uklli,","vino la gamitana,",U02646,G02421,medium,0.7317377328872681,0.5273415446281433,0.20439618825912476,2
U01926,G01717,estás invitado.,peklupi nuka'ma,tasellun ñapala,estás vieja.,U00713,G00599,hard,0.699543297290802,0.6464519500732422,0.053091347217559814,2
U01926,G01717,estás invitado.,peklupi nuka'ma,da'sek'su' ñapala,estás atascado.,U02216,G01993,medium,0.699543297290802,0.5352792143821716,0.16426408290863037,6
U03175,G02950,a los niños varoncitos los llamó.,wilalusa' enmu'pinenwawalusa' ima peklu'deklli.,ma'ata'na katu'ta'shadaper ku'tinweklusa'.,ahí están doscitas mis hijas.,U02440,G02215,medium,0.7530717253684998,0.5377677083015442,0.21530401706695557,2
U02554,G02329,"jefe, han quemado pampayacu, todos están pereciendo quemados... los que pescaban dijeron.","wa'an, panpadek di'setchullina', iñer uki'tapilallina'.... purwanlusa' itullima.","ma'pu'si'na kua ku'aperku ñamu... iñer itapallenma' wanerku', nu'su' waneretchuma', ma'ata'na.","cómo yo siendo mujer (me rebelo), les estoy diciendo a todos párense, les pido a todos que se pongan de pie. así se van a parar, ahí está.",U03068,G02843,medium,0.7641081213951111,0.47783663868904114,0.28627148270606995,2
U01553,G01365,tom recuerda.,tom lli'inutapalli,tom lli'inutulli,tom recordó.,U01875,G01669,hard,0.7940150499343872,0.7224889397621155,0.07152611017227173,2
U01553,G01365,tom recuerda.,tom lli'inutapalli,lli'inutapallidek,nos recordamos.,U00938,G00806,medium,0.7940150499343872,0.5669278502464294,0.22708719968795776,3
U01505,G01321,vayamos abajo.,nuwanta'wa',pa'inpu'wa',no vayamos.,U01150,G01003,hard,0.7628303170204163,0.6898661851882935,0.0729641318321228,2
U01505,G01321,vayamos abajo.,nuwanta'wa',"pa'awa, nu'tuku'","vamos, háganlo.",U01665,G01472,medium,0.7628303170204163,0.6051443815231323,0.15768593549728394,4
U02077,G01860,es engañoso.,tumu'tek' nuka'a,tumu'pallina',están mintiendo.,U01547,G01359,medium,0.8356425166130066,0.605742335319519,0.22990018129348755,3
U00966,G00832,sos grande.,a'lliupiken nuka'ma,u'chimu nuka'ma,eres bueno.,U01265,G01100,hard,0.6161527633666992,0.5606263279914856,0.05552643537521362,5
U00966,G00832,sos grande.,a'lliupiken nuka'ma,tekua'tek nuka'ma,eres nervioso.,U02214,G01991,medium,0.6161527633666992,0.4657789170742035,0.15037384629249573,15
U01508,G01323,avancemos.,pa'awa' ekter'lupa',kuda ekpekchidek,nosotros conduciremos.,U00940,G00808,hard,0.7251500487327576,0.5780033469200134,0.14714670181274414,3
U01508,G01323,avancemos.,pa'awa' ekter'lupa',in'ekpa'wa' musu',llevémonos bien.,U02099,G01880,medium,0.7251500487327576,0.5640292763710022,0.16112077236175537,4
U02692,G02467,¿quiénes son ustedes para que hagan esto a mi casa a pesar de que yo les trataba bien?,¿kenmama' a'cha u'pidekta'mama'u'kusu' kua musu' nu'tapallenma'?,¿mupalek saka'tunanki?,¿estoy calificado para el trabajo?,U01643,G01453,medium,0.7895480394363403,0.5597062706947327,0.22984176874160767,2
U01198,G01039,rieron.,lumer'llina',damula,sal.,U00063,G00048,hard,0.6677504777908325,0.5855373740196228,0.08221310377120972,2
U01198,G01039,rieron.,lumer'llina',lauk'llien,te oí.,U00781,G00658,medium,0.6677504777908325,0.5172210931777954,0.1505293846130371,9
U02641,G02416,van a venir los peces.,uketchu samellusa'.,wei ek'tue'chuna',llegaran lejos.,U01631,G01442,medium,0.8226897716522217,0.584303617477417,0.2383861541748047,2
U00829,G00705,estoy atrapado.,ñapalek pilli'pi,ukapisha ñapalek,estoy calientito.,U00214,G00166,hard,0.8278464674949646,0.725787341594696,0.10205912590026855,3
U00829,G00705,estoy atrapado.,ñapalek pilli'pi,muin'su' ñapalek,estoy afectado.,U00094,G00425,medium,0.8278464674949646,0.6587806940078735,0.16906577348709106,7
U02108,G01889,¡haz ruido!,¡a'illinker'!,¡yalunta'!,¡no hables!,U00489,G00402,medium,0.767020583152771,0.6064119935035706,0.16060858964920044,3
U00627,G00522,mantente cerca.,ñapaker' kawik,paker' ñilupa',apártate.,U00137,G00098,medium,0.8351764678955078,0.5805554986000061,0.2546209692955017,2
U01958,G01748,"vamos, levántate.","yunsanker', enchu",¡paku' tekchi wei!.,"¡váyanse, caramba, lejos!",U02792,G02567,medium,0.7763417363166809,0.5676094889640808,0.2087322473526001,2
U00387,G00315,comamos.,weranwa',du'awa',sentémonos.,U01826,G01622,hard,0.7674322128295898,0.7111371159553528,0.05629509687423706,3
U00387,G00315,comamos.,weranwa',werampalek,estoy comiendo.,U00559,G00464,medium,0.7674322128295898,0.6071113348007202,0.16032087802886963,9
U00125,G00089,bienvenidos.,muwencha'ku',muwencha'ker',bienvenido.,U00127,G00090,hard,0.8073080778121948,0.7179419994354248,0.08936607837677002,3
U00125,G00089,bienvenidos.,muwencha'ku',musu'nakuku',pásenla bien.,U00163,G00121,medium,0.8073080778121948,0.6451231837272644,0.16218489408493042,4
U00126,G00089,bienvenidas.,muwencha'ku',muwencha'ker',bienvenido.,U00127,G00090,hard,0.7812288403511047,0.6501575708389282,0.1310712695121765,3
U00126,G00089,bienvenidas.,muwencha'ku',"yuspainek'etchun, senñula'lusa'. muchas gracias, señoras.","jeberos, julio 2007",U02580,G02355,medium,0.7812288403511047,0.5447299480438232,0.2364988923072815,5
U02536,G02311,¿tienen hambre? cuando abra mi boca metan los dos pescados.,- ¿uki'lalama' a'cha? lauk'a'seku asu' katu'ta' samer i'la dekwa'ku' la'la'wekkek.,¿pumuladawanpalama'?,¿tienen arroz?,U02233,G02008,medium,0.6493279337882996,0.40637800097465515,0.2429499328136444,2
U01807,G01604,¡es maravilloso!,¡liatusu' nuka'a!,¡mupencha!,¡encantador!,U00512,G00423,hard,0.763710618019104,0.677940309047699,0.08577030897140503,4
U01807,G01604,¡es maravilloso!,¡liatusu' nuka'a!,!embu'ni uchutek'ipa'!,¡qué mugre!,U00954,G00821,medium,0.763710618019104,0.6136186718940735,0.15009194612503052,7
U00124,G00802,perdimos.,wer'llidek,a'wer'llidek,los perdimos.,U02186,G01966,hard,0.8781082034111023,0.8106534481048584,0.0674547553062439,3
U00124,G00802,perdimos.,wer'llidek,aper'llidek,fallamos.,U00446,G00362,medium,0.8781082034111023,0.7069598436355591,0.1711483597755432,4
U00933,G00802,nos perdimos.,wer'llidek,a'wer'llidek,los perdimos.,U02186,G01966,hard,0.8801647424697876,0.7946963906288147,0.0854683518409729,3
U00933,G00802,nos perdimos.,wer'llidek,perlli'llidek,estamos hartos.,U00701,G00587,medium,0.8801647424697876,0.7172123193740845,0.16295242309570312,4
U03117,G02892,"así vamos a estar viviendo pues ahora, otras gentes han entrado en jeberos.","nu'su' ñapilaterwa' enta' ipa'la, nermuda'lusi'pa' danker'kuñina' shiwiluk.","nu'akkui'na kenmu'wa' ipa'la tapalekwa' ali'la muda'nti'pa' nanpipalli,","por eso nosotros ahora decimos otra gente también quizá vivirán,",U02837,G02612,hard,0.6984008550643921,0.5780408978462219,0.12035995721817017,3
U03117,G02892,"así vamos a estar viviendo pues ahora, otras gentes han entrado en jeberos.","nu'su' ñapilaterwa' enta' ipa'la, nermuda'lusi'pa' danker'kuñina' shiwiluk.",nu'an yupasik ima ipa' ipa'linchi ñinanlu' indiuntunñina'.,"en eso que estaba enojado (arákayu), dice que el pueblo se reunió.",U02737,G02512,medium,0.6984008550643921,0.515028715133667,0.1833721399307251,4
U02783,G02558,no conocen los grandes peces:,luwetchi'ñina' asu' kupin samellusa':,"ñi luwetchi'ñina' asu' tukuner,","no conocían el tucunaré,",U02633,G02408,medium,0.7805247902870178,0.5638242363929749,0.21670055389404297,2
U02132,G01912,viven allá.,nanek nanpipallina',nawa'sa' ñapallina',están solos.,U01544,G01356,medium,0.81452876329422,0.6613364815711975,0.15319228172302246,2
U03004,G02779,"así, de esa manera, llegaron a moyobamba decían los abuelos ya finados.",nu'sik nu'eklima nana muyunpak ektu'llina' tullina' papinkuku'lusa'.,nu'apileklima kencha'llina' inalupa' ku'apellusa' kullikerwanlusa'.,así seguía hasta que trajeron por acá (por jeberos) mujeres adineradas.,U03019,G02794,medium,0.7931580543518066,0.5862329602241516,0.20692509412765503,2
U01853,G01647,es ese.,nuka'a nana,nanasa',suficiente.,U02059,G01842,medium,0.9215186238288879,0.7414848804473877,0.18003374338150024,3
U01547,G01359,están mintiendo.,tumu'pallina',tumu'llina',engañaron.,U00637,G00835,medium,0.8984899520874023,0.7313070297241211,0.16718292236328125,2
U01782,G01581,¿es doctor?,¿lulentutek'a'cha?,¿luwer'pia'cha?,¿es popular?,U01466,G01284,hard,0.7271209359169006,0.6769517064094543,0.05016922950744629,4
U01782,G01581,¿es doctor?,¿lulentutek'a'cha?,¿luuktek' nukama?,¿eres sordo?,U00986,G00850,medium,0.7271209359169006,0.5553668737411499,0.17175406217575073,8
U00134,G00096,¿estoy gordo?,¿weipensu' ñapalek?,weipensu' ñapalek,estoy gordo.,U00092,G00064,hard,0.760097086429596,0.6690452694892883,0.09105181694030762,2
U00134,G00096,¿estoy gordo?,¿weipensu' ñapalek?,nakusu' sanekwantulek,estoy congelado.,U01105,G00963,medium,0.760097086429596,0.604529082775116,0.15556800365447998,7
U02914,G02689,"¡no, no va a ir todo el pueblo.","¡ma'sha, ñinanlu' iñer pa'i'nchu.",nanentu pa'erkasu' anaker'chuna' iñerdaper.,los que van a ir primero (el primer grupo) van a perecer todos devorados por las fieras.,U02855,G02630,medium,0.7684739232063293,0.5674371123313904,0.20103681087493896,2
U01993,G01779,"ten, pruébatelo.","ma'a'tasu', lataker'",teklerier',pruébatelo.,U00442,G00359,medium,0.7521958947181702,0.5469104647636414,0.2052854299545288,2
U01256,G01092,lo tenemos.,a'ñapallidek,a'ñapallidek ñiñi'wa,tenemos perro.,U01569,G01380,medium,0.8791012167930603,0.6659926772117615,0.21310853958129883,3
U03077,G02852,viendo apu'tek que estaban bien enojados corrió y se escondió en su dormitorio.,lli'an ima apu'tekku' enpu'nipa' yupilerkasu'tekka'lli insekkitulli wicha'pek.,"arakayu lli'unta'llima enpu'ni wa'inuipa' nana pideknen uksuketchulli,",and he saw that his house had been completely burned.,U02689,G02464,hard,0.736282467842102,0.6011068820953369,0.13517558574676514,2
U03077,G02852,viendo apu'tek que estaban bien enojados corrió y se escondió en su dormitorio.,lli'an ima apu'tekku' enpu'nipa' yupilerkasu'tekka'lli insekkitulli wicha'pek.,wichi'a'ser ima tekkinchi lansi' wa'dan uk'an iñer ima laki'kerdeklli.,"cuando se durmieron, dice que de veras vino el duende puro hueso y a toditos los mató mordiéndoles el cuello,",U02893,G02668,medium,0.736282467842102,0.5384262204170227,0.19785624742507935,3
U02221,G01998,¿estudias?,¿kerka' ñinchitapala?,lataker'sa',solo pruébatela.,U02082,G01864,hard,0.778037428855896,0.6524690389633179,0.12556838989257812,2
U02221,G01998,¿estudias?,¿kerka' ñinchitapala?,lektapaleksa',solo pregunto.,U02050,G01833,medium,0.778037428855896,0.580455482006073,0.197581946849823,3
U01005,G00868,¿sabes nadar?,¿ñinchitapala idun'ak?,¿yennitapala dekkunta'mak?,¿puedes andar?,U01006,G00869,hard,0.7061488628387451,0.6136994957923889,0.0924493670463562,2
U01005,G00868,¿sabes nadar?,¿ñinchitapala idun'ak?,¿indekllitapala bulichi?,¿juegas boliche?,U00739,G00619,medium,0.7061488628387451,0.500224232673645,0.2059246301651001,3
U02461,G02236,"sus piernitas eran muy flaquitas, piernas chuecas,","u'ñikuchu'chekshalima, kunsek kutu',","tanpen mudei'ma shipen,","dicen que el hombre candela era alto,",U02735,G02510,hard,0.6611752510070801,0.5126966238021851,0.14847862720489502,2
U02461,G02236,"sus piernitas eran muy flaquitas, piernas chuecas,","u'ñikuchu'chekshalima, kunsek kutu',","ukilasu'tundek enñi,","el rayo caño se secó,",U02712,G02487,medium,0.6611752510070801,0.49607446789741516,0.16510078310966492,3
U02429,G02204,"¿recién vienen? les digo en castellano, ¿ya han venido, hijos? les digo.","¿nauncha'lama'? kaschilleklan itulek, ¿ya han venido, hijos? itudeklek.",¿wilaweklusa' ma'nen i'na a'ka'dek'etchek? tanna'.,¿qué les voy a dar de comer a mis hijos? diciendo.,U02800,G02575,medium,0.8164958357810974,0.535675048828125,0.2808207869529724,2
U01916,G01707,pareces molesto.,yupa'masu'pu'su' lli'tula,kaluwinanpu'su' lli'tula,pareces enfermo.,U01616,G01427,medium,0.8515476584434509,0.6923813223838806,0.1591663360595703,3
U01787,G01586,¿está mejor?,¿ipa' mula'lli?,¿mupallin'cha?,¿está bueno?,U00574,G00478,hard,0.7323766946792603,0.6666690707206726,0.06570762395858765,2
U01787,G01586,¿está mejor?,¿ipa' mula'lli?,¿musu'ñapawiñi?,¿estuvo bueno?,U00927,G00796,medium,0.7323766946792603,0.5387691855430603,0.19360750913619995,4
U01378,G01203,¡sujétalo!,¡pilli'ter'!,sekdiperker',guárdalo.,U00100,G00069,hard,0.740472137928009,0.6529072523117065,0.08756488561630249,2
U01378,G01203,¡sujétalo!,¡pilli'ter'!,sekdiperker' nana,conserva eso.,U01363,G01188,medium,0.740472137928009,0.5873929262161255,0.15307921171188354,3
U01612,G01423,puedes hacerlo.,yennitula nu'ta'mak,¡yennitula nu'ta'mak!,¡puedes hacerlo!,U01611,G01422,hard,0.8754714131355286,0.75225430727005,0.12321710586547852,2
U01612,G01423,puedes hacerlo.,yennitula nu'ta'mak,yennitulek nu'tak,puede hacerse.,U01788,G01587,medium,0.8754714131355286,0.6807224154472351,0.19474899768829346,3
U00027,G00022,abrázame.,wiperi'u,a'sakek'u,compláceme.,U00169,G00127,hard,0.8367670774459839,0.7511672377586365,0.08559983968734741,2
U00027,G00022,abrázame.,wiperi'u,kaluitu'u,cocíname (con sopa).,U00735,G00615,medium,0.8367670774459839,0.6564570069313049,0.18031007051467896,5
U02171,G01951,queremos saber.,yañinchitullidek,ñinchitapallidek,lo sabemos.,U00123,G00088,medium,0.8563432097434998,0.6791814565658569,0.17716175317764282,2
U01744,G01546,quiero otro.,luwantulek ali'la,ala'sa' luantulek,¡quiero uno!,U00549,G00455,hard,0.8866872191429138,0.7469732761383057,0.13971394300460815,2
U01744,G01546,quiero otro.,luwantulek ali'la,luwantulek kulliker',quiero dinero.,U01085,G00944,medium,0.8866872191429138,0.6508629322052002,0.23582428693771362,4
U02583,G02358,"dice que ellos (los shawalas) yendo una vez, abriendo trocha yendo, vieron que estaba humeando.","nawi'mi'na' panta'nna', ala'lusa', sekllintanni'ma panta'nna', lli'llini'ma mu'katapasik.","nana sekputchekkui'na di'tanna, inpasetllina', inluyullina'.","después de matar a sekputchek, (los jeberinos) se han esparcido, se han aborrecido.",U03148,G02923,medium,0.7607938051223755,0.4864684045314789,0.2743254005908966,2
U00091,G00063,soy tom.,nuka'ku tom,tom nuka'a,es tom.,U00223,G00175,hard,0.8839101195335388,0.7638205289840698,0.120089590549469,2
U00091,G00063,soy tom.,nuka'ku tom,kua nuka'ka,soy yo.,U00099,G00068,medium,0.8839101195335388,0.6833792328834534,0.20053088665008545,3
U01785,G01584,¿es posible?,¿yennitater'a'cha?,¿tekinchi'cha?,¿es verdad?,U00579,G00481,medium,0.8393054604530334,0.5866742730140686,0.25263118743896484,2
U01920,G01711,quédese ahí.,llia'ker nanek,nanek watenker',espere allí.,U01360,G01186,medium,0.7910073399543762,0.5817026495933533,0.20930469036102295,4
U00945,G00813,estamos listos.,insekdiperpi ñapalidek,saka'tusu' ñapalidek,estamos cansados.,U00947,G00815,hard,0.8032961487770081,0.6852442622184753,0.11805188655853271,2
U00945,G00813,estamos listos.,insekdiperpi ñapalidek,nampilalasu' ñapalidek,estamos despiertos.,U00943,G00811,medium,0.8032961487770081,0.6344438791275024,0.16885226964950562,3
U00280,G00225,apunta. ¡fuego!,tañiter' . ¡pen!,kenmei'na. ali'la panta'lli. lli'apallima pilli'tulli. 16 shapingo significa sacharuna o espíritu de la selva.,ahora tú. otro (niño) fue. estuvo viendo y escogió (otro santito) agarrándolo.,U03180,G02955,medium,0.7303727269172668,0.4328674376010895,0.29750528931617737,2
U01901,G01695,¡buen país!,¡u'chimu ñinalu'!,musu' dek'la,¡buen tiro!,U00396,G00321,hard,0.7516258358955383,0.6778958439826965,0.0737299919128418,5
U01901,G01695,¡buen país!,¡u'chimu ñinalu'!,musu'nakuku',pásenla bien.,U00163,G00121,medium,0.7516258358955383,0.5920566320419312,0.15956920385360718,7
U02126,G01906,están amarillos.,sha'pi'su'sa' ñapallina,a'pisadatuteklusa' ñapallina',están celosos.,U02146,G01926,hard,0.7484092116355896,0.6334661841392517,0.11494302749633789,2
U02126,G01906,están amarillos.,sha'pi'su'sa' ñapallina,ñapalli la'la'lusa',hay reglas.,U02124,G01904,medium,0.7484092116355896,0.5402450561523438,0.20816415548324585,3
U02447,G02222,se van. luego de ir vienen tarde.,pa'llina'. pa'anna' erwa uncha'llina'.,"-wencha'ku', ñinnanlu'penma' nuka'a.","-vengan, su pueblo es.",U03088,G02863,medium,0.7737455368041992,0.6039711833000183,0.1697743535041809,2
U01523,G01338,habla claramente.,lunker' lachek'ak,llinse'cher' manen'unta',escribe algo.,U02195,G01974,medium,0.7822439670562744,0.5384072661399841,0.24383670091629028,3
U01524,G01338,hable claramente.,lunker' lachek'ak,ñinchitapalek lun'ak,sé leer.,U00518,G00429,medium,0.8080381751060486,0.5722542405128479,0.23578393459320068,3
U01866,G01660,ellos atacarán.,nawa panper'chechuna',ekte'chechuna',se adelantarán.,U00156,G00115,hard,0.7697276473045349,0.6874707937240601,0.08225685358047485,3
U01866,G01660,ellos atacarán.,nawa panper'chechuna',nawa' peklu'techuna',ellos llamarán.,U01203,G01044,medium,0.7697276473045349,0.6111664175987244,0.15856122970581055,6
U01897,G01691,los tenemos.,a'ñapalekdekwa',a'ñapallidek ñiñi'wa,tenemos perro.,U01569,G01380,hard,0.839052140712738,0.7005245089530945,0.13852763175964355,3
U01897,G01691,los tenemos.,a'ñapalekdekwa',nanadaper a'ñapallidek,tenemos esos.,U02185,G01965,medium,0.839052140712738,0.6565118432044983,0.18254029750823975,4
U00293,G00232,vuelve pronto.,aden'cher' wiuk'su',wek'ker' ipia'la,ven enseguida.,U01010,G00873,medium,0.8828415274620056,0.642170250415802,0.2406712770462036,3
U00977,G01449,eres libre.,inapiken nuka'ma,nantapi'na,estás débil.,U00981,G00845,hard,0.7498449087142944,0.6490246057510376,0.10082030296325684,3
U00977,G01449,eres libre.,inapiken nuka'ma,tasellun ñapala,estás vieja.,U00713,G00599,medium,0.7498449087142944,0.5774270296096802,0.17241787910461426,6
U01639,G01449,estás soltero.,inapiken nuka'ma,nantapi'na,estás débil.,U00981,G00845,hard,0.7969216108322144,0.6644930839538574,0.13242852687835693,3
U01639,G01449,estás soltero.,inapiken nuka'ma,denlekpin'ta' ñapala,eres parcial.,U01635,G01445,medium,0.7969216108322144,0.616551399230957,0.18037021160125732,4
U00701,G00587,estamos hartos.,perlli'llidek,uki'lallidek,tenemos hambre.,U01564,G01375,hard,0.8624102473258972,0.8014817237854004,0.060928523540496826,3
U00701,G00587,estamos hartos.,perlli'llidek,wer'su' ñapallidek,estamos perdidos.,U00699,G00585,medium,0.8624102473258972,0.7075097560882568,0.15490049123764038,6
U01754,G01556,estaba durmiendo.,wicha'pawinek,ku'la wicha'pi'ñi,no duerme.,U02240,G02015,hard,0.8267353773117065,0.7019677758216858,0.12476760149002075,2
U01754,G01556,estaba durmiendo.,wicha'pawinek,ñapawinek nanpiladasu',estaba despierto.,U00799,G00676,medium,0.8267353773117065,0.6594170331954956,0.16731834411621094,5
U01057,G00917,soy chino.,chinu nuka'ka,koreano nuka'ka,soy coreano.,U00554,G00459,medium,0.8604065179824829,0.5623769164085388,0.2980296015739441,2
U00693,G00580,cantaremos.,tuluner'aterwa',lansa'wa',bailemos.,U00854,G00730,medium,0.9000642895698547,0.6865180730819702,0.21354621648788452,3
U03076,G02851,"cuando tenían todos sus tambores, cuando yupaneaban se encontraron en la misma puerta de apu'tek.",tuntunwanta'ser silututa'ser inkapetllina' apu'tekku' unkunanñik'inchi.,"yenchenterka'su' saka'tapanna', iñer er'werwalek ipa' kasiserapilek walek ipa' asu' inkella chanchanchan.","no quería que (los shiwilu) se estiraran cuando trabajaban, hasta que se hacía bien tarde (los obligaban a trabajar), hasta que se hacía bien oscuro y el grillo (cantaba) chanchanchan.",U03136,G02911,hard,0.7059553861618042,0.5962662100791931,0.10968917608261108,2
U03076,G02851,"cuando tenían todos sus tambores, cuando yupaneaban se encontraron en la misma puerta de apu'tek.",tuntunwanta'ser silututa'ser inkapetllina' apu'tekku' unkunanñik'inchi.,nana chu'kenpa'tapasik mitan ukllik'inchi sellawalusa' chu'kenapallina'.,mientras (arákayu) estaba pandillando el día central de carnaval las golondrinas estaban también danzando.,U02684,G02459,medium,0.7059553861618042,0.5276739001274109,0.1782814860343933,5
U00371,G00302,se acabó.,tekineklli,yutulli,la increpó.,U01698,G01501,hard,0.6851732730865479,0.6288195252418518,0.056353747844696045,7
U00371,G00302,se acabó.,tekineklli,a'pa'deklli.,(el gobernante) les mandó.,U02910,G02685,medium,0.6851732730865479,0.5350874066352844,0.15008586645126343,21
U02437,G02212,con su padre les he criado.,papinalek teksusudeklek.,kaikshawekleksa' llia'lek.,con mi hermana mayor nomás me quedé.,U02492,G02267,medium,0.7353132963180542,0.5695143938064575,0.16579890251159668,2
U01473,G01291,había nevado.,pulunker' ñapawiñi,pulunker'apawiñi,estaba nevando.,U01798,G01596,hard,0.7378958463668823,0.6514250636100769,0.08647078275680542,2
U01473,G01291,había nevado.,pulunker' ñapawiñi,a'persu' ñapiñidek,teníamos razón.,U01578,G01389,medium,0.7378958463668823,0.5677907466888428,0.17010509967803955,8
U01546,G01358,están limpias.,mupisusa' ñapallina',saka'tusu' ñapallina',están cansados.,U01548,G01360,hard,0.7608531713485718,0.6347293853759766,0.12612378597259521,2
U01546,G01358,están limpias.,mupisusa' ñapallina',saka'tapallina',están trabajando.,U02151,G01931,medium,0.7608531713485718,0.6090030670166016,0.15185010433197021,4
