pair_id,ESP_original,SHIWILU_original,ESP_normalizado,SHIWILU_normalizado,source,source_pair_id,has_audit_flags
U01597,¡Qué fiasco!,¡ENPU'NI DAKUTA'IPA'!,¡qué fiasco!,¡enpu'ni dakuta'ipa'!,flashcards,P01597,False
U00179,Me niego.,LUWANCHI'NEK,me niego.,luwanchi'nek,flashcards,P00179,False
U03052,"Lo que contaron he escuchado, que por causa del camino de Moyobamba algunos se terminaron.","Ta'ser lauktulek, asu' Muyunpa inchilala malek, nu'unta' taketllina'.","lo que contaron he escuchado, que por causa del camino de moyobamba algunos se terminaron.","ta'ser lauktulek, asu' muyunpa inchilala malek, nu'unta' taketllina'.",pdf_textos,T010_N220,False
U01714,Puedo demostrarlo.,YENNITULEK A'LLI'TAK,puedo demostrarlo.,yennitulek a'lli'tak,flashcards,P01714,False
U00597,¡Déjale irse!,¡TA'ITULER' PA'I!,¡déjale irse!,¡ta'ituler' pa'i!,flashcards,P00597,False
U01760,Preferiría morir.,CHIMIN'INA'KA,preferiría morir.,chimin'ina'ka,flashcards,P01760,False
U00131,¿Quién ganó?,¿DEN'INA' KANA'TULLI?,¿quién ganó?,¿den'ina' kana'tulli?,flashcards,P00131,False
U00744,No sonrías.,YAYAMERLADATA,no sonrías.,yayamerladata,flashcards,P00744,False
U00840,Estuvo chevere.,UCHA'PAYA ÑAPAWIÑI,estuvo chevere.,ucha'paya ñapawiñi,flashcards,P00840,False
U01558,Tom obedecerá.,TOM LATEKTE'CHU,tom obedecerá.,tom latekte'chu,flashcards,P01558,False
U01155,Nadie sabe.,ÑIDEN ÑINCHICHI'ÑI,nadie sabe.,ñiden ñinchichi'ñi,flashcards,P01155,False
U01119,¿Es suficiente?,¿NANASA'CHA IÑER'?,¿es suficiente?,¿nanasa'cha iñer'?,flashcards,P01119,False
U01435,Lo compraré.,MAPE'CHEK,lo compraré.,mape'chek,flashcards,P01435,False
U00210,Estoy enferma.,KALUWI'SU' ÑAPALEK,estoy enferma.,kaluwi'su' ñapalek,flashcards,P00210,False
U00530,Ahora sé.,IPA'LA ÑINCHITULEK,ahora sé.,ipa'la ñinchitulek,flashcards,P00530,False
U01276,Tú prometiste.,KENMA NU'TECHUN TUWINA,tú prometiste.,kenma nu'techun tuwina,flashcards,P01276,False
U01584,Estamos casados.,SADASU' ÑAPALEK',estamos casados.,sadasu' ñapalek',flashcards,P01584,False
U00979,¡Estás enfermo!,!KALUWI'PALA!,¡estás enfermo!,!kaluwi'pala!,flashcards,P00979,False
U00542,Yo recuerdo.,KUA LLI'INUTAPALEK,yo recuerdo.,kua lli'inutapalek,flashcards,P00542,False
U03156,"Otros, dice, hay dos lomas que parecen una boca abierta.",Ali'limi'na katu'ta mutupi laweklatekkasu'pu'si'ma ñilli.,"otros, dice, hay dos lomas que parecen una boca abierta.",ali'limi'na katu'ta mutupi laweklatekkasu'pu'si'ma ñilli.,pdf_textos,T013_N010,False
U00419,Aléjate.,ÑILUPA'SHA,aléjate.,ñilupa'sha,flashcards,P00419,False
U01141,Sigue caminando.,DEK'KUNTAPER'PI'LA,sigue caminando.,dek'kuntaper'pi'la,flashcards,P01141,False
U01615,Pareces ocupado.,MA'NEN'NU'TAPA'MASU'PU'SU' LLI'TULA,pareces ocupado.,ma'nen'nu'tapa'masu'pu'su' lli'tula,flashcards,P01615,False
U01387,Estoy tosiendo.,CHINKU'PALEK,estoy tosiendo.,chinku'palek,flashcards,P01387,False
U00327,Me gusta.,IYATULEK,me gusta.,iyatulek,flashcards,P00327,False
U01038,Feliz Pascua.,MUSU' PASKUA',feliz pascua.,musu' paskua',flashcards,P01038,False
U00220,Eso ayuda.,NANA KATU'PATULLI,eso ayuda.,nana katu'patulli,flashcards,P00220,False
U01877,Tom luchará.,TOM IDENMECHU,tom luchará.,tom idenmechu,flashcards,P01877,False
U02098,Olvidémoslo.,PINANER'AWA',olvidémoslo.,pinaner'awa',flashcards,P02098,False
U01413,Preparé cena.,KALUTULEK,preparé cena.,kalutulek,flashcards,P01413,False
U00888,Eso ayudó.,NANA KATU'PA'TULLI,eso ayudó.,nana katu'pa'tulli,flashcards,P00888,False
U01437,Comeré aquí.,ASEK WERENCHEK,comeré aquí.,asek werenchek,flashcards,P01437,False
U01960,¿Me oíste?,¿LAUK'LUN?,¿me oíste?,¿lauk'lun?,flashcards,P01960,False
U02717,"Arákayu, dice, era un shingurador.",Arakayu ima pillektutek.,"arákayu, dice, era un shingurador.",arakayu ima pillektutek.,pdf_textos,T007_N137,False
U00355,¿Eres tú?,¿KENMA'CHA'?,¿eres tú?,¿kenma'cha'?,flashcards,P00355,False
U01662,Baja aquí.,NU'WANKER' ASEK,baja aquí.,nu'wanker' asek,flashcards,P01662,False
U01299,Eres inteligente.,IÑER' ÑINCHITAPALA',eres inteligente.,iñer' ñinchitapala',flashcards,P01299,False
U03192,Así nos han puesto.,Nana nu'su' aku'llinerkenmu'wa'.,así nos han puesto.,nana nu'su' aku'llinerkenmu'wa'.,pdf_textos,T013_N046,False
U00814,Estoy bailando.,LANSA'PALEK,estoy bailando.,lansa'palek,flashcards,P00814,False
U02182,Somos prisioneros.,SIPUK'ÑAPALLIDEK,somos prisioneros.,sipuk'ñapallidek,flashcards,P02182,False
U00806,Trabajo aquí.,SAKA'TAPALLEK ASEK,trabajo aquí.,saka'tapallek asek,flashcards,P00806,False
U00481,¡Ya párale!,¡PILLI'TER' NANEK!,¡ya párale!,¡pilli'ter' nanek!,flashcards,P00481,False
U00527,Le ayudo.,KATU'PALEK,le ayudo.,katu'palek,flashcards,P00527,False
U00774,Como fruta.,KA'APALEK WAYUPI,como fruta.,ka'apalek wayupi,flashcards,P00774,False
U01588,Nos quedamos.,LLIA'TERWA',nos quedamos.,llia'terwa',flashcards,P01588,False
U01474,Aquí duele.,ASEK IKERLLI,aquí duele.,asek ikerlli,flashcards,P01474,False
U00594,¡Guarden silencio!,¡TA'TU'LA'KU!,¡guarden silencio!,¡ta'tu'la'ku!,flashcards,P00594,False
U02237,Escaparon todos.,IÑER' CHIYEKLLINA',escaparon todos.,iñer' chiyekllina',flashcards,P02237,False
U00167,Buenas.,MULUSA',buenas.,mulusa',flashcards,P00167,False
U01783,¿Está durmiendo?,¿WICHA'PALLI?,¿está durmiendo?,¿wicha'palli?,flashcards,P01783,False
U01598,¡Qué alivio!,¡ENPU'NI MUI'PA!,¡qué alivio!,¡enpu'ni mui'pa!,flashcards,P01598,False
U01391,Les creo.,LATEKDEKLEK,les creo.,latekdeklek,flashcards,P01391,False
U01318,¿Estás lista?,¿INSEK'DIPERPI ÑAPALA?,¿estás lista?,¿insek'diperpi ñapala?,flashcards,P01318,False
U00361,Funcionó.,SAKA'TULLI,funcionó.,saka'tulli,flashcards,P00361,False
U00439,Tom saludó.,TOM TULLI MA'PU'SIN,tom saludó.,tom tulli ma'pu'sin,flashcards,P00439,False
U01433,Seré breve.,WIUKSU' ÑIN'CHEK,seré breve.,wiuksu' ñin'chek,flashcards,P01433,False
U01898,Tenemos esto.,A'ÑAPALEKWA' ASU',tenemos esto.,a'ñapalekwa' asu',flashcards,P01898,False
U00552,Lo haré.,NU'TECHEK,lo haré.,nu'techek,flashcards,P00552,False
U01071,Los encontré.,KANANDEKLEK,los encontré.,kanandeklek,flashcards,P01071,False
U01823,Continuemos.,TUPITAWA',continuemos.,tupitawa',flashcards,P01823,False
U01458,Estoy impresionada.,ÑAPALEK IMANANTUSU',estoy impresionada.,ñapalek imanantusu',flashcards,P01458,False
U01423,Quiero intentarlo.,YATEKLERILEK,quiero intentarlo.,yateklerilek,flashcards,P01423,False
U01107,Estoy dudando.,KU'LA LATEKTAPI'NEK,estoy dudando.,ku'la latektapi'nek,flashcards,P01107,False
U01136,Sigue corriendo.,TEKA'PER'I'LA,sigue corriendo.,teka'per'i'la,flashcards,P01136,False
U00449,Nosotros esperamos.,KUDA WA'TENTULIDEK,nosotros esperamos.,kuda wa'tentulidek,flashcards,P00449,False
U01887,Estábamos bromeando.,SI'LENTAPAWIÑIDEK,estábamos bromeando.,si'lentapawiñidek,flashcards,P01887,False
U01297,Estás mintiendo.,TUMU'PALA,estás mintiendo.,tumu'pala,flashcards,P01297,False
U01942,¿Son hermanas?,¿KAI'KUALUSA' NUKA'MAMA'?,¿son hermanas?,¿kai'kualusa' nuka'mama'?,flashcards,P01942,False
U00915,Tom escucha.,TOM LAUKTAPALLI,tom escucha.,tom lauktapalli,flashcards,P00915,False
U01740,Hablo francés.,LUMPALEK FRANCES,hablo francés.,lumpalek frances,flashcards,P01740,False
U03014,Los culpables son los que abrieron el camino a Moyobamba.,Nana usha'wañen Muyunpa inchilala ekketcherka'su'.,los culpables son los que abrieron el camino a moyobamba.,nana usha'wañen muyunpa inchilala ekketcherka'su'.,pdf_textos,T010_N182,False
U01641,Estás dormido.,WICHI'SU' ÑAPALA,estás dormido.,wichi'su' ñapala,flashcards,P01641,False
U03183,De allí le tocó el turno a otro.,Naneklima asu' ali'lima panta'lli.,de allí le tocó el turno a otro.,naneklima asu' ali'lima panta'lli.,pdf_textos,T013_N037,False
U00119,¡Despierta!,¡NANPIKER'!,¡despierta!,¡nanpiker'!,flashcards,P00119,False
U01200,Pararon.,TA'ITULA'LLINA,pararon.,ta'itula'llina,flashcards,P01200,False
U01582,Estamos bailando.,LANSA'PALLIDEK,estamos bailando.,lansa'pallidek,flashcards,P01582,False
U01927,Eres paciente.,WA'TENTUTEK NUKA'MA,eres paciente.,wa'tentutek nuka'ma,flashcards,P01927,False
U01219,Tom prometió.,TOM TEKINCHI'WALEK TULLI,tom prometió.,tom tekinchi'walek tulli,flashcards,P01219,False
U00047,Gracias.,YUSPEINET'ECHUN,gracias.,yuspeinet'echun,flashcards,P00047,False
U00832,¿Para llevar?,¿EKPA'AK?,¿para llevar?,¿ekpa'ak?,flashcards,P00832,False
U01556,Tom palideció.,TOM SHA'PI'WIÑI,tom palideció.,tom sha'pi'wiñi,flashcards,P01556,False
U00952,¡Qué pérdida!,¡EMBU'NI WER'IPA'!,¡qué pérdida!,¡embu'ni wer'ipa'!,flashcards,P00952,False
U01684,Cómanse todo.,KA'KU' IÑER',cómanse todo.,ka'ku' iñer',flashcards,P01684,False
U01944,¿Estás trabajando?,¿SAKA'TAPALA?,¿estás trabajando?,¿saka'tapala?,flashcards,P01944,False
U00792,Necesito tiempo.,INSEK'DIPERSU' ÑAPI'NEK,necesito tiempo.,insek'dipersu' ñapi'nek,flashcards,P00792,False
U01128,Está nevando.,PULUNKER'WANPALLI,está nevando.,pulunker'wanpalli,flashcards,P01128,False
U00488,No pares.,YATAITULA'TA,no pares.,yataitula'ta,flashcards,P00488,False
U01998,"¡Apúrensen, muchachas!",¡WIUKU' WILALUNLUSA!,"¡apúrensen, muchachas!",¡wiuku' wilalunlusa!,flashcards,P01998,False
U01992,Escribe libros.,LLINSERCHER' KERKA'LUSA',escribe libros.,llinsercher' kerka'lusa',flashcards,P01992,False
U00685,Nos reímos.,YAMERLEK'WA',nos reímos.,yamerlek'wa',flashcards,P00685,False
U01822,Seamos valientes.,ÑIAWA' NANTAPITEK LUSA',seamos valientes.,ñiawa' nantapitek lusa',flashcards,P01822,False
U00593,¡Quédate tranquilo!,¡MUSU' LLIA'KER'!,¡quédate tranquilo!,¡musu' llia'ker'!,flashcards,P00593,False
U02216,Estás atascado.,DA'SEK'SU' ÑAPALA,estás atascado.,da'sek'su' ñapala,flashcards,P02216,False
U01663,Ven entra.,WEKER' DA'ENCHER',ven entra.,weker' da'encher',flashcards,P01663,False
U00644,Hemos llegado.,EKTU'LEKWA',hemos llegado.,ektu'lekwa',flashcards,P00644,False
U00626,Mantente despierto.,ÑAPAKER' NANPILADASU',mantente despierto.,ñapaker' nanpiladasu',flashcards,P00626,False
U01242,Lo necesitamos.,LUWANTULLIDEK,lo necesitamos.,luwantullidek,flashcards,P01242,False
U01907,¿Lo harás?,¿NU'TECHU'?,¿lo harás?,¿nu'techu'?,flashcards,P01907,False
U02112,Repítemelo.,ITUNUNTA'U,repítemelo.,itununta'u,flashcards,P02112,False
U00937,Te necesitamos.,LUWANTULLIDEN,te necesitamos.,luwantulliden,flashcards,P00937,False
U00476,Ven temprano.,WENLLER' DASU'LA,ven temprano.,wenller' dasu'la,flashcards,P00476,False
U01743,Enseño francés.,A'LEK'TAPALEK FRANCES,enseño francés.,a'lek'tapalek frances,flashcards,P01743,False
U02127,Son amarillas.,SHA'PI'SU'SA' NUKER'KA,son amarillas.,sha'pi'su'sa' nuker'ka,flashcards,P02127,False
U00302,Sígueme.,TUPI'TU'U,sígueme.,tupi'tu'u,flashcards,P00302,False
U01115,Estoy estudiando.,KERKA' ÑINCHITAPALEK,estoy estudiando.,kerka' ñinchitapalek,flashcards,P01115,False
U00817,Estoy ayunando.,WERANPI'NEK,estoy ayunando.,weranpi'nek,flashcards,P00817,False
U00193,He terminado.,A'TA'WANTULEK,he terminado.,a'ta'wantulek,flashcards,P00193,False
U01866,Ellos atacarán.,NAWA PANPER'CHECHUNA',ellos atacarán.,nawa panper'chechuna',flashcards,P01866,False
U02050,Solo pregunto.,LEKTAPALEKSA',solo pregunto.,lektapaleksa',flashcards,P02050,False
U01012,Regresa.,ADENCHER',regresa.,adencher',flashcards,P01012,False
U00177,Lo entiendo.,LACHEK'APALEK,lo entiendo.,lachek'apalek,flashcards,P00177,False
U00457,Lo intentaste.,INTEK'LLI'WINA,lo intentaste.,intek'lli'wina,flashcards,P00457,False
U02094,Comamos sushi.,KA'AWA' SUSHI,comamos sushi.,ka'awa' sushi,flashcards,P02094,False
U01777,Me vieron.,LLI'LLINER'KU,me vieron.,lli'lliner'ku,flashcards,P01777,False
U03055,Entonces les voy a contar. ¡Escuchen!,Enta' winterkenma'. ¡Lawekku'!,entonces les voy a contar. ¡escuchen!,enta' winterkenma'. ¡lawekku'!,pdf_textos,T011_N002,False
U01007,¿Pueden andar?,¿YENNITULAMA' DEKKUNTA'MAMAK?,¿pueden andar?,¿yennitulama' dekkunta'mamak?,flashcards,P01007,False
U00502,Descolgó.,U'NU'WAÑI,descolgó.,u'nu'wañi,flashcards,P00502,False
U00614,Mamá lloró.,AWA WELLEK'LLI,mamá lloró.,awa wellek'lli,flashcards,P00614,False
U00780,Tengo vino.,VINU' A'ÑAPALEK,tengo vino.,vinu' a'ñapalek,flashcards,P00780,False
U01999,La llamé.,PEKLU'LEK,la llamé.,peklu'lek,flashcards,P01999,False
U01205,Vendrán.,WENCHE'CHUNA',vendrán.,wenche'chuna',flashcards,P01205,False
U01742,Estudio coreano.,A'LEK'APALLINER'KU KOREANO,estudio coreano.,a'lek'apalliner'ku koreano,flashcards,P01742,False
U03047,Sólo eso he hablado. Ahora me voy a levantar y me voy a ir por otra parte.,Nanasa' lunek. Ipa'li'na kua yunsanpateku nellupa' pa'achek.,sólo eso he hablado. ahora me voy a levantar y me voy a ir por otra parte.,nanasa' lunek. ipa'li'na kua yunsanpateku nellupa' pa'achek.,pdf_textos,T010_N215,False
U02154,Tomás entiende.,CHUMA LACHEK'LLI,tomás entiende.,chuma lachek'lli,flashcards,P02154,False
U01707,"¡Apúrensen, muchachos!",¡WIUK'KU WILALUSA'!,"¡apúrensen, muchachos!",¡wiuk'ku wilalusa'!,flashcards,P01707,False
U00835,¿Es todo?,¿IÑER'A'CHA?,¿es todo?,¿iñer'a'cha?,flashcards,P00835,False
U03107,así les dicen en otro idioma al castellano.,"itullina' ali'la'la'leklan, asu' Kaschilla.",así les dicen en otro idioma al castellano.,"itullina' ali'la'la'leklan, asu' kaschilla.",pdf_textos,T011_N054,False
U01840,¿Quiere bailar?,¿YALANSA'LLI?,¿quiere bailar?,¿yalansa'lli?,flashcards,P01840,False
U01052,"¡Oye, aguarda!","¡LAU'KER', WA'TENTER'!","¡oye, aguarda!","¡lau'ker', wa'tenter'!",flashcards,P01052,False
U00955,¡Qué confusión!,¡EMBU'NI LUWER'CHI'ÑI!,¡qué confusión!,¡embu'ni luwer'chi'ñi!,flashcards,P00955,False
U00833,¿Está ventoso?,¿NAKUSU' TANLUWATULLI?,¿está ventoso?,¿nakusu' tanluwatulli?,flashcards,P00833,False
U01722,Me divertí.,SAKEK'LEK,me divertí.,sakek'lek,flashcards,P01722,False
U00718,¿Eres nuevo?,¿NAEKTU'KELLIA?,¿eres nuevo?,¿naektu'kellia?,flashcards,P00718,False
U01209,Son buenos.,U'CHIMULUSA' NUKER'KA,son buenos.,u'chimulusa' nuker'ka,flashcards,P01209,False
U00379,Manténganse abrigados.,I'SHIWANSU' ÑAPAKU',manténganse abrigados.,i'shiwansu' ñapaku',flashcards,P00379,False
U01694,Él aceleró.,APINTA'A'TEKALLI,él aceleró.,apinta'a'tekalli,flashcards,P01694,False
U03188,A Octavio le decían Ukchapi.,Octavio itullina' ukchapi.,a octavio le decían ukchapi.,octavio itullina' ukchapi.,pdf_textos,T013_N042,False
U00678,¿Fue divertido?,¿MULLI'NCHA'?,¿fue divertido?,¿mulli'ncha'?,flashcards,P00678,False
U00740,No discutan.,YAINYUTUTAMA',no discutan.,yainyututama',flashcards,P00740,False
U00363,Está frío.,SANEK'APALLI,está frío.,sanek'apalli,flashcards,P00363,False
U02043,Lo buscaré.,DUNKER'ECHEK,lo buscaré.,dunker'echek,flashcards,P02043,False
U02974,"Entonces, dice que había uno que entendía la lengua shiwilu.",Da'ilek ala'si'mi'na lachik'apalli asu' Shiwilu la'la'.,"entonces, dice que había uno que entendía la lengua shiwilu.",da'ilek ala'si'mi'na lachik'apalli asu' shiwilu la'la'.,pdf_textos,T010_N142,False
U01578,Teníamos razón.,A'PERSU' ÑAPIÑIDEK,teníamos razón.,a'persu' ñapiñidek,flashcards,P01578,False
U00386,Déjanos entrar.,TA'ITULA'UDEK YADA'LLIDEK,déjanos entrar.,ta'itula'udek yada'llidek,flashcards,P00386,False
U02135,Lo entendieron.,LACHEK'LLINA',lo entendieron.,lachek'llina',flashcards,P02135,False
U02066,No duele.,KU'LA IKER'I'ÑI,no duele.,ku'la iker'i'ñi,flashcards,P02066,False
U01395,Yo contribuí.,KUA KATU'PATULEK,yo contribuí.,kua katu'patulek,flashcards,P01395,False
U01376,Espera allí.,WA'TENDER' NANEK,espera allí.,wa'tender' nanek,flashcards,P01376,False
U02071,Era fabuloso.,U'CHIMU'ÑIWIÑI,era fabuloso.,u'chimu'ñiwiñi,flashcards,P02071,False
U00722,Sé puntual.,YATEK'DA'TA,sé puntual.,yatek'da'ta,flashcards,P00722,False
U01686,Todos pagaron.,IÑER' PANWILEK'TULLINA',todos pagaron.,iñer' panwilek'tullina',flashcards,P01686,False
U01426,Estaba furioso.,YUPAWINEK,estaba furioso.,yupawinek,flashcards,P01426,False
U02201,Me traicionaste.,WA'DANPILAPILUN,me traicionaste.,wa'danpilapilun,flashcards,P02201,False
U00943,Estamos despiertos.,NAMPILALASU' ÑAPALIDEK,estamos despiertos.,nampilalasu' ñapalidek,flashcards,P00943,False
U00035,Tengo diecinueve.,A'ÑAPALEK SHUNKA'ISKUN,tengo diecinueve.,a'ñapalek shunka'iskun,flashcards,P00035,False
U00458,Más alto.,A'PINTA' MUSENKEK,más alto.,a'pinta' musenkek,flashcards,P00458,False
U00117,Tom ganó.,TOM KANA'TULLI,tom ganó.,tom kana'tulli,flashcards,P00117,False
U00611,Trabajemos.,SAKA'TAWA',trabajemos.,saka'tawa',flashcards,P00611,False
U00455,Tú maneja.,KENMA EKPA'KER',tú maneja.,kenma ekpa'ker',flashcards,P00455,False
U02013,Debo encontrarlo.,KANAN'A'KASU' ÑAPALLI,debo encontrarlo.,kanan'a'kasu' ñapalli,flashcards,P02013,False
U00962,¿Quién sos?,¿DENKENA'CHA?,¿quién sos?,¿denkena'cha?,flashcards,P00962,False
U00616,Reemplázalo.,A'PAWILEK'KER',reemplázalo.,a'pawilek'ker',flashcards,P00616,False
U01189,¡Gracias nuevamente!,¡YUSPEINET'ECHUN NANAPU'SI'LA!,¡gracias nuevamente!,¡yuspeinet'echun nanapu'si'la!,flashcards,P01189,False
U01882,Le perdonamos.,TA'ITULA'LLIDEK,le perdonamos.,ta'itula'llidek,flashcards,P01882,False
U00294,Hazlo ahora.,NU'TER' IPA'LA,hazlo ahora.,nu'ter' ipa'la,flashcards,P00294,False
U01334,¿Puedo quedármelo?,¿YENNITULEK EK'LLIA'AK?,¿puedo quedármelo?,¿yennitulek ek'llia'ak?,flashcards,P01334,False
U01370,¡Me pellizcó!,¡SEK'TEK'LLIU!,¡me pellizcó!,¡sek'tek'lliu!,flashcards,P01370,False
U03070,Con eso vamos a golpear sus cabezas para matar a esos wiracochas!,Nana'lek llipu'mutu'tan dei'tawa' nana wa'dan!,con eso vamos a golpear sus cabezas para matar a esos wiracochas!,nana'lek llipu'mutu'tan dei'tawa' nana wa'dan!,pdf_textos,T011_N017,False
U01950,¿Podemos probarlo?,¿YENNITULEKWA' LATA'AK?,¿podemos probarlo?,¿yennitulekwa' lata'ak?,flashcards,P01950,False
U01306,¿Están ocupados?,¿YENNICHI'NAMA'?,¿están ocupados?,¿yennichi'nama'?,flashcards,P01306,False
U01790,Mejora.,TEKDIPERKER,mejora.,tekdiperker,flashcards,P01790,False
U00773,Como pan.,KA'APALEK TANTA',como pan.,ka'apalek tanta',flashcards,P00773,False
U00598,Déjalo entrar.,TA'ITULER' DA'ENCHA'I,déjalo entrar.,ta'ituler' da'encha'i,flashcards,P00598,False
U01484,Es emocionante.,SAKEKNANSU' NUKA'A,es emocionante.,sakeknansu' nuka'a,flashcards,P01484,False
U01932,Quien sea.,DENPINTA' ÑI'I,quien sea.,denpinta' ñi'i,flashcards,P01932,False
U00824,Soy neutral.,ÑIDENKINPU' NUKA'KA,soy neutral.,ñidenkinpu' nuka'ka,flashcards,P00824,False
U01688,Buenas tardes.,MUER'WA,buenas tardes.,muer'wa,flashcards,P01688,False
U00185,Esperé.,WA'TEN'NEK',esperé.,wa'ten'nek',flashcards,P00185,False
U01902,¡Buen pensamiento!,¡U'CHIMU LLI'INU!,¡buen pensamiento!,¡u'chimu lli'inu!,flashcards,P01902,False
U01020,¿Ayudaste?,¿KATU'PA'TULA?,¿ayudaste?,¿katu'pa'tula?,flashcards,P01020,False
U00739,¿Juegas boliche?,¿INDEKLLITAPALA BULICHI?,¿juegas boliche?,¿indekllitapala bulichi?,flashcards,P00739,False
U01682,No forcejees.,YANANTAPITA,no forcejees.,yanantapita,flashcards,P01682,False
U01140,Continúe hablando.,LUN'APER'PI'LA,continúe hablando.,lun'aper'pi'la,flashcards,P01140,False
U00812,Soy mujer.,KU'APER NUKA'KA,soy mujer.,ku'aper nuka'ka,flashcards,P00812,False
U00967,Estás loca.,WA'DANPINDEK ÑAPALA,estás loca.,wa'danpindek ñapala,flashcards,P00967,False
U01548,Están cansados.,SAKA'TUSU' ÑAPALLINA',están cansados.,saka'tusu' ñapallina',flashcards,P01548,False
U00604,Juguemos.,INDEKLLITAWA',juguemos.,indekllitawa',flashcards,P00604,False
U01203,Ellos llamarán.,NAWA' PEKLU'TECHUNA',ellos llamarán.,nawa' peklu'techuna',flashcards,P01203,False
U00269,Obsérvalos.,LLI'DEK'KU',obsérvalos.,lli'dek'ku',flashcards,P00269,False
U02042,Traeré vino.,KERE'CHEK VINU',traeré vino.,kere'chek vinu',flashcards,P02042,False
U02149,Son especiales.,U'CHIMUINCHILUSA' NUKER'KA,son especiales.,u'chimuinchilusa' nuker'ka,flashcards,P02149,False
U01776,Estoy acostumbrado.,ÑAPALEK DA'IYASU',estoy acostumbrado.,ñapalek da'iyasu',flashcards,P01776,False
U00682,Somos hombres.,ENMU'PINEN NUKA'KUDEK,somos hombres.,enmu'pinen nuka'kudek,flashcards,P00682,False
U01030,Conduce lentamente.,EKPA'KER' UTILA',conduce lentamente.,ekpa'ker' utila',flashcards,P01030,False
U01559,Intenta hacerlo.,TEKLERIER' NU'TA'MAK,intenta hacerlo.,teklerier' nu'ta'mak,flashcards,P01559,False
U01956,¿Puedes abrirlo?,¿YENNITULA EK'KER'CHA'MAK?,¿puedes abrirlo?,¿yennitula ek'ker'cha'mak?,flashcards,P01956,False
U00052,Estate tranquilo.,MUSU' ÑAPAKER',estate tranquilo.,musu' ñapaker',flashcards,P00052,False
U01769,Soy músico.,TULUNER'CHEKU NUKA'KA,soy músico.,tuluner'cheku nuka'ka,flashcards,P01769,False
U00313,¡Qué raro!,¡NERPI'LA EMPU'NIPA'!,¡qué raro!,¡nerpi'la empu'nipa'!,flashcards,P00313,False
U00414,Sentate ahí.,DU'KER' NANEK,sentate ahí.,du'ker' nanek,flashcards,P00414,False
U00202,Llego tarde.,ERWA' EKTU'LEK,llego tarde.,erwa' ektu'lek,flashcards,P00202,False
U01970,¿Tienes uno?,¿A'ÑAPALA ALA'SA'?,¿tienes uno?,¿a'ñapala ala'sa'?,flashcards,P01970,False
U00255,Tom mintió.,TOM TUMU'LLI,tom mintió.,tom tumu'lli,flashcards,P00255,False
U01857,Ambos murieron.,NU'MISANSU' CHIMIÑINA',ambos murieron.,nu'misansu' chimiñina',flashcards,P01857,False
U00884,¡Quédate quieto!,¡LIA'KER' YALENMEKTA!,¡quédate quieto!,¡lia'ker' yalenmekta!,flashcards,P00884,False
U02207,Deberías descansar.,NERIA'MASU' ÑAPALLI,deberías descansar.,neria'masu' ñapalli,flashcards,P02207,False
U01257,¿Quiénes son?,¿DENLUSA'CHA?,¿quiénes son?,¿denlusa'cha?,flashcards,P01257,False
U00092,Estoy gordo.,WEIPENSU' ÑAPALEK,estoy gordo.,weipensu' ñapalek,flashcards,P00092,False
U01144,Déjame ir.,TA'ITULA'U PA'AK,déjame ir.,ta'itula'u pa'ak,flashcards,P01144,False
U00357,Falló.,APER'LLI,falló.,aper'lli,flashcards,P00357,False
U01705,Aquí vienen.,ASEK UK'APILELLINA',aquí vienen.,asek uk'apilellina',flashcards,P01705,False
U01035,Ve adentro.,PAKER' KINEKLA,ve adentro.,paker' kinekla,flashcards,P01035,False
U01843,Estaba llorando.,WELLIEK'APAWIÑI,estaba llorando.,welliek'apawiñi,flashcards,P01843,False
U01801,Es mes de navidad.,ÑIÑUDUKER' NUKA'A,es mes de navidad.,ñiñuduker' nuka'a,flashcards,P01801,False
U01858,Tienen vino.,A'ÑAPALLINA' VINU',tienen vino.,a'ñapallina' vinu',flashcards,P01858,False
U00388,Veamos.,LLI'AWA',veamos.,lli'awa',flashcards,P00388,False
U00373,Es verdad.,TEKKINCHI NUKA'A,es verdad.,tekkinchi nuka'a,flashcards,P00373,False
U00510,¡Qué aburrimiento!,¡MUSU' KANKANCHI'NEK!,¡qué aburrimiento!,¡musu' kankanchi'nek!,flashcards,P00510,False
U00334,Estoy solo.,KUASHASA' ÑAPALEK,estoy solo.,kuashasa' ñapalek,flashcards,P00334,False
U00526,Te oigo.,LAUK'APALLIEN,te oigo.,lauk'apallien,flashcards,P00526,False
U02056,Sigo vivo.,NANPI'PALEK'I'LA,sigo vivo.,nanpi'palek'i'la,flashcards,P02056,False
U00511,¡Qué bonito!,¡EMBU'NI MUSHIPA'!,¡qué bonito!,¡embu'ni mushipa'!,flashcards,P00511,False
U02214,Eres nervioso.,TEKUA'TEK NUKA'MA,eres nervioso.,tekua'tek nuka'ma,flashcards,P02214,False
U03130,"De ahí, dice, ha quedado este pasto que hasta ahora conocemos.",Naneklima llia'lli asu' wa'dan panpateklu' ipa'la walek luwetchapalekwa'.,"de ahí, dice, ha quedado este pasto que hasta ahora conocemos.",naneklima llia'lli asu' wa'dan panpateklu' ipa'la walek luwetchapalekwa'.,pdf_textos,T012_N006,False
U00339,Estoy quebrado.,NUPEK'PI ÑAPALEK,estoy quebrado.,nupek'pi ñapalek,flashcards,P00339,False
U00450,Después veremos.,NANEKLA LLI'ATERWA',después veremos.,nanekla lli'aterwa',flashcards,P00450,False
U01984,Todos sonrieron.,IÑER'DAPER YAMERLADALLINA',todos sonrieron.,iñer'daper yamerladallina',flashcards,P01984,False
U00141,Estate quieto.,YALENMEKTA',estate quieto.,yalenmekta',flashcards,P00141,False
U00108,Hasta luego.,PANTE'CHEK,hasta luego.,pante'chek,flashcards,P00108,False
U00917,Tom enseña.,TOM A'LEKTAPALLI,tom enseña.,tom a'lektapalli,flashcards,P00917,False
U00508,"Hey, cálmate.",LAUK'LA TUNA'KER',"hey, cálmate.",lauk'la tuna'ker',flashcards,P00508,False
U01330,¿Puedo entrar?,¿YENNITULEK DA'AK?,¿puedo entrar?,¿yennitulek da'ak?,flashcards,P01330,False
U01570,Tenemos planes.,A'ÑAPALLIDEK MA'NEN'UN'TA' NU'TAK,tenemos planes.,a'ñapallidek ma'nen'un'ta' nu'tak,flashcards,P01570,False
U00470,¿Puedo ayudar?,¿YENNITECHEK KATU'PA'TAK?,¿puedo ayudar?,¿yennitechek katu'pa'tak?,flashcards,P00470,False
U00134,¿Estoy gordo?,¿WEIPENSU' ÑAPALEK?,¿estoy gordo?,¿weipensu' ñapalek?,flashcards,P00134,False
U01608,¡Estás borracho!,¡LUPERSU' ÑAPALA!,¡estás borracho!,¡lupersu' ñapala!,flashcards,P01608,False
U02038,Estaré contento.,MUSU' ÑAPE'CHEK,estaré contento.,musu' ñape'chek,flashcards,P02038,False
U00324,Eso espero.,NANA WA'TEN'NEK',eso espero.,nana wa'ten'nek',flashcards,P00324,False
U00128,¿Quién comió?,¿DEN'INA' KA'LLI?,¿quién comió?,¿den'ina' ka'lli?,flashcards,P00128,False
U00254,Dia.,UKLLI,dia.,uklli,flashcards,P00254,False
U01204,Ellos vendrán.,NAWA' WENCHE'CHUNA',ellos vendrán.,nawa' wenche'chuna',flashcards,P01204,False
U00841,Fue fácil.,SAKA'DEKINPU' ÑIWIÑI,fue fácil.,saka'dekinpu' ñiwiñi,flashcards,P00841,False
U01322,Pórtate bien.,MUSU' ÑIKER,pórtate bien.,musu' ñiker,flashcards,P01322,False
U02183,Estamos satisfechos.,SAKEKSU' ÑAPALLIDEK,estamos satisfechos.,sakeksu' ñapallidek,flashcards,P02183,False
U00843,Es lunes.,LUNES NUKA'A,es lunes.,lunes nuka'a,flashcards,P00843,False
U00696,Estamos ocupados.,A'ÑAPALLIDEK DUDIMPU' NU'TA'KAWA'SU',estamos ocupados.,a'ñapallidek dudimpu' nu'ta'kawa'su',flashcards,P00696,False
U01369,Luce pálido.,SHAPI'TEK NUKA'A,luce pálido.,shapi'tek nuka'a,flashcards,P01369,False
U02243,Ama cantar.,TANTENÑI TULUKER'AK,ama cantar.,tantenñi tuluker'ak,flashcards,P02243,False
U03104,Malallina es la que nos ha hecho darnos cuenta.,Malallina nu'su' a'lli'tullundek.,malallina es la que nos ha hecho darnos cuenta.,malallina nu'su' a'lli'tullundek.,pdf_textos,T011_N051,False
U00755,¡Ha venido!,¡WEK'LLI!,¡ha venido!,¡wek'lli!,flashcards,P00755,False
U01465,¿Es doloroso?,¿IKERLI?,¿es doloroso?,¿ikerli?,flashcards,P01465,False
U00086,Durmiendo,WICHA'PALEK,durmiendo,wicha'palek,flashcards,P00086,False
U01149,Escuchemos.,LAUK'TAWA',escuchemos.,lauk'tawa',flashcards,P01149,False
U01825,Practiquemos.,IMPALERIAWA',practiquemos.,impaleriawa',flashcards,P01825,False
U02046,Estoy comprendiendo.,LACHEK'APILALEK,estoy comprendiendo.,lachek'apilalek,flashcards,P02046,False
U01664,"Vamos, hazlo.","PA'AWA , NU'TER'","vamos, hazlo.","pa'awa, nu'ter'",flashcards,P01664,False
U01806,Está vibrando.,PADA'SA'TAPALLI,está vibrando.,pada'sa'tapalli,flashcards,P01806,False
U00139,Sea breve.,EMPU'NI YALUNTA',sea breve.,empu'ni yalunta',flashcards,P00139,False
U02994,Otro grupo se fue por ahí mismo queriendo conocer. Volviendo ellos también hablaron.,"Ali'la musu'nti'ma pa'lli nanalupa'pi'la, yaluwerkun. Adencha'n nananta' luncha'lli.",otro grupo se fue por ahí mismo queriendo conocer. volviendo ellos también hablaron.,"ali'la musu'nti'ma pa'lli nanalupa'pi'la, yaluwerkun. adencha'n nananta' luncha'lli.",pdf_textos,T010_N162,False
U01741,Estudio francés.,A'LEK'APALLINER'KU FRANCES,estudio francés.,a'lek'apalliner'ku frances,flashcards,P01741,False
U01847,Estuvo cerca.,ÑAPAWIÑI KAWIK,estuvo cerca.,ñapawiñi kawik,flashcards,P01847,False
U01872,Este funciona.,ASU' SAKA'TECHU',este funciona.,asu' saka'techu',flashcards,P01872,False
U01329,¡Llámame después!,¡PEKLU'U MA'ISIK!,¡llámame después!,¡peklu'u ma'isik!,flashcards,P01329,False
U00932,Podemos esperar.,YINNITULLIDEK WA'TENTAK,podemos esperar.,yinnitullidek wa'tentak,flashcards,P00932,False
U01277,Prometió.,NANA TUWIÑI NU'TECHU,prometió.,nana tuwiñi nu'techu,flashcards,P01277,False
U00050,Lo procuramos.,TEKLE'RIER'CHIDEK,lo procuramos.,tekle'rier'chidek,flashcards,P00050,False
U01732,Debo regresar.,ADANTA'A'KASU' ÑAPALLI,debo regresar.,adanta'a'kasu' ñapalli,flashcards,P01732,False
U01255,Estamos perdiendo.,WER'APALLIDEK,estamos perdiendo.,wer'apallidek,flashcards,P01255,False
U01243,Dormimos demasiado.,NAKUSU' WICHI'LLIDEK,dormimos demasiado.,nakusu' wichi'llidek,flashcards,P01243,False
U01626,Eras mío.,KUAKIN ÑIWINA,eras mío.,kuakin ñiwina,flashcards,P01626,False
U00641,Lo intentaron.,INDEK'LLINA',lo intentaron.,indek'llina',flashcards,P00641,False
U00620,Es guapa.,MULUNSHA NUKA'A,es guapa.,mulunsha nuka'a,flashcards,P00620,False
U02178,Estamos disponibles.,INAPI ÑAPALLIDEK,estamos disponibles.,inapi ñapallidek,flashcards,P02178,False
U01916,Pareces molesto.,YUPA'MASU'PU'SU'  LLI'TULA,pareces molesto.,yupa'masu'pu'su' lli'tula,flashcards,P01916,False
U01635,Eres parcial.,DENLEKPIN'TA' ÑAPALA,eres parcial.,denlekpin'ta' ñapala,flashcards,P01635,False
U01922,Estabas feliz.,MUSU' ÑAPAWINA,estabas feliz.,musu' ñapawina,flashcards,P01922,False
U00084,Me incliné.,YEN'NER'LEK',me incliné.,yen'ner'lek',flashcards,P00084,False
U01227,Tom hablará.,TOM LUN'ECHU,tom hablará.,tom lun'echu,flashcards,P01227,False
U00260,Tom nadó.,TOM IDUÑI,tom nadó.,tom iduñi,flashcards,P00260,False
U00795,Huelo gas.,LANERAPALEK GAS,huelo gas.,lanerapalek gas,flashcards,P00795,False
U00513,Lo admito.,YAN'KATEKTULEK,lo admito.,yan'katektulek,flashcards,P00513,False
U03028,"¡Imaginate, ellos sin saber leer!","Enta'n, nawa' kerka' ñinchilli'npu'la'pi'na'.","¡imaginate, ellos sin saber leer!","enta'n, nawa' kerka' ñinchilli'npu'la'pi'na'.",pdf_textos,T010_N196,False
U00771,Confesé.,LUNNEK ,confesé.,lunnek,flashcards,P00771,False
U02032,Nací aquí.,ASEK WADEKLLINER'KU,nací aquí.,asek wadeklliner'ku,flashcards,P02032,False
U03036,"Desde entonces, ahora todos uno y otro lugar nos vamos a conocer.","Nanekla, ipa'li'na iñer inapu'su' pa'akwa' luwetllekwa'.","desde entonces, ahora todos uno y otro lugar nos vamos a conocer.","nanekla, ipa'li'na iñer inapu'su' pa'akwa' luwetllekwa'.",pdf_textos,T010_N204,False
U02143,Son primos.,I'INLUSA' NUKER'KA,son primos.,i'inlusa' nuker'ka,flashcards,P02143,False
U00796,Quiero más.,A'PINTA' LUWANTULEK,quiero más.,a'pinta' luwantulek,flashcards,P00796,False
U00742,¡No dispares!,¡YAILANTUTA!,¡no dispares!,¡yailantuta!,flashcards,P00742,False
U02076,Es irrelevante.,MA'KEK'PACHI'ÑI,es irrelevante.,ma'kek'pachi'ñi,flashcards,P02076,False
U01361,Agárrate fuerte.,PILI'KER' IKERSU',agárrate fuerte.,pili'ker' ikersu',flashcards,P01361,False
U00283,Jesús.,KISHU,jesús.,kishu,flashcards,P00283,False
U01253,Estamos hambrientos.,UKI'LATEK ÑAPALLIDEK,estamos hambrientos.,uki'latek ñapallidek,flashcards,P01253,False
U03175,A los niños varoncitos los llamó.,Wilalusa' enmu'pinenwawalusa' ima peklu'deklli.,a los niños varoncitos los llamó.,wilalusa' enmu'pinenwawalusa' ima peklu'deklli.,pdf_textos,T013_N029,False
U00459,¿Me equivoco?,¿APER'LEK A'CHA?,¿me equivoco?,¿aper'lek a'cha?,flashcards,P00459,False
U03075,Buscaron a los yupaneros.,Ma'i silutulusa' dunkerllina'.,buscaron a los yupaneros.,ma'i silutulusa' dunkerllina'.,pdf_textos,T011_N022,False
U00676,Tom pagará.,TOM PANWILEK'TECHU,tom pagará.,tom panwilek'techu,flashcards,P00676,False
U01951,¿Puedes encontrarlo?,¿YENNITULA KANAN'A'MAK?,¿puedes encontrarlo?,¿yennitula kanan'a'mak?,flashcards,P01951,False
U01925,Estás enamorado.,YAKU'APER'WANA,estás enamorado.,yaku'aper'wana,flashcards,P01925,False
U01685,Todos mienten.,IÑER' TUMU'LLINA',todos mienten.,iñer' tumu'llina',flashcards,P01685,False
U01568,Nos robaron.,APERLLINER'KUDEK,nos robaron.,aperlliner'kudek,flashcards,P01568,False
U02151,Están trabajando.,SAKA'TAPALLINA',están trabajando.,saka'tapallina',flashcards,P02151,False
U01881,Bebimos mucho.,NAKUSU' ULLIDEK,bebimos mucho.,nakusu' ullidek,flashcards,P01881,False
U01961,¿Te gustó?,¿IYA'TULA?,¿te gustó?,¿iya'tula?,flashcards,P01961,False
U00201,Estoy herido.,CHACHA'LEK ÑAPALEK,estoy herido.,chacha'lek ñapalek,flashcards,P00201,False
U00591,Jesús lloró.,KISHU WELLEK'LLI,jesús lloró.,kishu wellek'lli,flashcards,P00591,False
U00683,Podemos ganar.,YENNITULEKWA' KANA'TAK,podemos ganar.,yennitulekwa' kana'tak,flashcards,P00683,False
U01307,¿Son polis?,¿SUNTADULUSA'CHA?,¿son polis?,¿suntadulusa'cha?,flashcards,P01307,False
U01230,Espera fuera.,ADIPI WANTENTER',espera fuera.,adipi wantenter',flashcards,P01230,False
U01737,Ahora recuerdo.,IPA'LA LLI'INUTULEK,ahora recuerdo.,ipa'la lli'inutulek,flashcards,P01737,False
U01338,Venga mañana.,WEKER' EKLLI,venga mañana.,weker' eklli,flashcards,P01338,False
U02264,Al convivir salí embarazada.,Nanpiapamu wilawanek.,al convivir salí embarazada.,nanpiapamu wilawanek.,pdf_textos,T001_N014,False
U00300,¡Fantástico!,¡U'CHIMUINCHI!,¡fantástico!,¡u'chimuinchi!,flashcards,P00300,False
U00723,Sé razonable.,INLLI'INUTER' MUSU',sé razonable.,inlli'inuter' musu',flashcards,P00723,False
U02173,Queremos votar.,YADEKLLIDEK,queremos votar.,yadekllidek,flashcards,P02173,False
U02081,Solo continúa.,TUPITER'SA',solo continúa.,tupiter'sa',flashcards,P02081,False
U02010,Sigo estornudando.,A'SHUPALEKPI'LA,sigo estornudando.,a'shupalekpi'la,flashcards,P02010,False
U00404,Véase arriba.,LI'KER' MUSENKEK,véase arriba.,li'ker' musenkek,flashcards,P00404,False
U01519,¿Empiezo?,¿TENMIANSU'CHEK?,¿empiezo?,¿tenmiansu'chek?,flashcards,P01519,False
U00123,Lo sabemos.,ÑINCHITAPALLIDEK,lo sabemos.,ñinchitapallidek,flashcards,P00123,False
U00668,Tom charló.,TOM LUNÑI,tom charló.,tom lunñi,flashcards,P00668,False
U01968,¿Comés carne?,¿CHUCHU KA'A'PALA?,¿comés carne?,¿chuchu ka'a'pala?,flashcards,P01968,False
U00746,No fumes.,YAU'WA'TUTA,no fumes.,yau'wa'tuta,flashcards,P00746,False
U00627,Mantente cerca.,ÑAPAKER' KAWIK,mantente cerca.,ñapaker' kawik,flashcards,P00627,False
U01746,Quiero vivir.,YANAMPILEK,quiero vivir.,yanampilek,flashcards,P01746,False
U00553,Soy francés.,FRANCES NUKA'KA,soy francés.,frances nuka'ka,flashcards,P00553,False
U01319,¿Están listos?,¿INSEK'DIPERPI ÑAPALAMA'?,¿están listos?,¿insek'diperpi ñapalama'?,flashcards,P01319,False
U01072,Tengo dinero.,KULLIKER'WANPALEK,tengo dinero.,kulliker'wanpalek,flashcards,P01072,False
U00521,Lo dudo.,LATEK'IÑEN,lo dudo.,latek'iñen,flashcards,P00521,False
U01824,Comamos aquí.,WERANWA' ASEK,comamos aquí.,weranwa' asek,flashcards,P01824,False
U01278,Usted prometió.,KENMA TUWINA NU'TECHU,usted prometió.,kenma tuwina nu'techu,flashcards,P01278,False
U00500,Dios existe.,YUS NAMPIPALLI,dios existe.,yus nampipalli,flashcards,P00500,False
U01875,Tom recordó.,TOM LLI'INUTULLI,tom recordó.,tom lli'inutulli,flashcards,P01875,False
U02221,¿Estudias?,¿KERKA' ÑINCHITAPALA?,¿estudias?,¿kerka' ñinchitapala?,flashcards,P02221,False
U02095,Remontemos barriletes.,A'PENU'WA' BARRILETES,remontemos barriletes.,a'penu'wa' barriletes,flashcards,P02095,False
U02159,Comimos juntos.,WERANEKWA' KENMU'LEK,comimos juntos.,weranekwa' kenmu'lek,flashcards,P02159,False
U00790,Los necesito.,LUWANTUDEK'LEK,los necesito.,luwantudek'lek,flashcards,P00790,False
U00661,Tom asintió.,TOM TULLI AJÁ,tom asintió.,tom tulli ajá,flashcards,P00661,False
U00853,Comencemos.,TENMIANSU'WA,comencemos.,tenmiansu'wa,flashcards,P00853,False
U02230,¿Tienen hijos?,¿WILAWANPALAMA'?,¿tienen hijos?,¿wilawanpalama'?,flashcards,P02230,False
U01372,Quiere más.,A'PINTA' LUWANTULLI,quiere más.,a'pinta' luwantulli,flashcards,P01372,False
U00397,¡Por supuesto!,TE'KINCHI,¡por supuesto!,te'kinchi,flashcards,P00397,False
U01261,¿Quién desapareció?,¿DEN WER'LLI?,¿quién desapareció?,¿den wer'lli?,flashcards,P01261,False
U00364,Está fresco.,NALU  ÑAPALLI,está fresco.,nalu ñapalli,flashcards,P00364,False
U02174,Éramos amigos.,EKUANÑIWIÑIDEK,éramos amigos.,ekuanñiwiñidek,flashcards,P02174,False
U00856,Entremos.,DA'AWA',entremos.,da'awa',flashcards,P00856,False
U00905,Esto apesta.,ASU' ANALLI,esto apesta.,asu' analli,flashcards,P00905,False
U01373,Es abogado.,CHIMIDEKPI NUKA'A,es abogado.,chimidekpi nuka'a,flashcards,P01373,False
U02000,Puedo regresar.,YENNITULEK ADANTA'AK,puedo regresar.,yennitulek adanta'ak,flashcards,P02000,False
U01908,¿Lo harán?,¿NU'TECHUMA'?,¿lo harán?,¿nu'techuma'?,flashcards,P01908,False
U00751,¡Ponte serio!,¡ÑIKER' MUSU!,¡ponte serio!,¡ñiker' musu!,flashcards,P00751,False
U00906,Tom llegó.,TOM EKTU'LLI,tom llegó.,tom ektu'lli,flashcards,P00906,False
U01660,Vuelve aquí.,ADENCHER' ASEK,vuelve aquí.,adencher' asek,flashcards,P01660,False
U00936,Te extrañamos.,LU'WANÑIDEN,te extrañamos.,lu'wanñiden,flashcards,P00936,False
U00132,Corre.,TEK'KER',corre.,tek'ker',flashcards,P00132,False
U00831,Ignoralos.,LUWERCHINPU'DEKER,ignoralos.,luwerchinpu'deker,flashcards,P00831,False
U00395,Deja pasar.,TA'ITER' NAKUI,deja pasar.,ta'iter' nakui,flashcards,P00395,False
U00096,Soy tímido.,TEKUA'DANDE'KU,soy tímido.,tekua'dande'ku,flashcards,P00096,False
U01536,Están aquí.,ASEK ÑAPALLINA',están aquí.,asek ñapallina',flashcards,P01536,False
U01529,Sigue positivo.,MUSUK'I'LA LLI'INUPER',sigue positivo.,musuk'i'la lli'inuper',flashcards,P01529,False
U00811,Soy panadero.,TANTA' NU'TUTEK NUKA'KA,soy panadero.,tanta' nu'tutek nuka'ka,flashcards,P00811,False
U00489,¡No hables!,¡YALUNTA'!,¡no hables!,¡yalunta'!,flashcards,P00489,False
U03057,"Por eso dice, una mujer llamada Malallina9,","Nana malek imi'na, ala'sa' shaya' llillinen itullina' Malallina,","por eso dice, una mujer llamada malallina9,","nana malek imi'na, ala'sa' shaya' llillinen itullina' malallina,",pdf_textos,T011_N004,False
U02163,Tenemos visita.,A'ÑAPALEKWA' DA'LUSA',tenemos visita.,a'ñapalekwa' da'lusa',flashcards,P02163,False
U01551,Tom aplaudió.,TOM INLLIPU'ITEK'LATULLI,tom aplaudió.,tom inllipu'itek'latulli,flashcards,P01551,False
U00569,¿Está muerto?,¿CHIMIÑI?,¿está muerto?,¿chimiñi?,flashcards,P00569,False
U01143,Déjalo ir.,TA'ITULER' PA'I,déjalo ir.,ta'ituler' pa'i,flashcards,P01143,False
U01083,Simpatizo.,MUSU' LLI'APALEK,simpatizo.,musu' lli'apalek,flashcards,P01083,False
U00766,Estoy jodiendo.,A'PERCHAPALEK,estoy jodiendo.,a'perchapalek,flashcards,P00766,False
U00821,Soy casado.,SADASU' NUKA'KA,soy casado.,sadasu' nuka'ka,flashcards,P00821,False
U02155,Tom recordará.,TOM LLI'INUTECHU,tom recordará.,tom lli'inutechu,flashcards,P02155,False
U01883,Necesitamos ganar.,LUWANTULLIDEK KANA'TAK,necesitamos ganar.,luwantullidek kana'tak,flashcards,P01883,False
U01176,Concéntrate.,LLI'KER' MUSU',concéntrate.,lli'ker' musu',flashcards,P01176,False
U03154,"Otros se han ido a quedar en un, este, pasto llamado Chota.","Ali'lima llia'kuñi ala'sa', ma'i, panpateklu' ima llillinen Chota.","otros se han ido a quedar en un, este, pasto llamado chota.","ali'lima llia'kuñi ala'sa', ma'i, panpateklu' ima llillinen chota.",pdf_textos,T013_N008,False
U00695,Trabajaremos.,SAKA'TATERWA',trabajaremos.,saka'taterwa',flashcards,P00695,False
U01539,Te conocen.,LUWER'CHAPALLIÑER'KEN,te conocen.,luwer'chapalliñer'ken,flashcards,P01539,False
U00298,No lloren.,YAWELLEKTAMA',no lloren.,yawellektama',flashcards,P00298,False
U00776,Te encontré.,KAPER'LLIEN,te encontré.,kaper'llien,flashcards,P00776,False
U01591,Estamos atrapados.,PILLI'PI ÑAPALEKWA',estamos atrapados.,pilli'pi ñapalekwa',flashcards,P01591,False
U03041,Cuando nosotros perezcamos qué cosas quizá aparecerán dijeron antes.,Kenmu'wa' chimiansikwa' ma'ilipa' lli'tetchu tullini'ma napi'.,cuando nosotros perezcamos qué cosas quizá aparecerán dijeron antes.,kenmu'wa' chimiansikwa' ma'ilipa' lli'tetchu tullini'ma napi'.,pdf_textos,T010_N209,False
U00983,¿Nada nuevo?,¿ÑIMANEN NALU?,¿nada nuevo?,¿ñimanen nalu?,flashcards,P00983,False
U00805,Esperaré.,WA'TENTECHEK,esperaré.,wa'tentechek,flashcards,P00805,False
U01077,Necesito agua.,LUWANTULEK DEK',necesito agua.,luwantulek dek',flashcards,P01077,False
U00226,Es nuevo.,NALU' NUKA'A,es nuevo.,nalu' nuka'a,flashcards,P00226,False
U01774,Estoy parado.,WANERAPALEK,estoy parado.,wanerapalek,flashcards,P01774,False
U02103,Descansemos aquí.,NERIAWA' ASEK,descansemos aquí.,neriawa' asek,flashcards,P02103,False
U02239,¡Buen viaje!,¡PAKER' MUSU'!,¡buen viaje!,¡paker' musu'!,flashcards,P02239,False
U00497,Síguele.,TUPITER',síguele.,tupiter',flashcards,P00497,False
U01793,¡Huele rico!,¡IYASU' LANELLIEK!,¡huele rico!,¡iyasu' lanelliek!,flashcards,P01793,False
U00659,Tom saltó.,TOM INDEK'LLI,tom saltó.,tom indek'lli,flashcards,P00659,False
U01259,¿Quién escuchó?,¿DEN LAUK'TULLI?,¿quién escuchó?,¿den lauk'tulli?,flashcards,P01259,False
U03110,"así han dicho antes los abuelos, las abuelas, tomando hasta la medianoche.","tullina' napi' papinkuku'lusa', amiku'lusa', ikineklli walek uwenna'.","así han dicho antes los abuelos, las abuelas, tomando hasta la medianoche.","tullina' napi' papinkuku'lusa', amiku'lusa', ikineklli walek uwenna'.",pdf_textos,T011_N057,False
U00565,Estoy flacucho.,SHA'MU'SU' ÑAPALEK,estoy flacucho.,sha'mu'su' ñapalek,flashcards,P00565,False
U00415,Tú mantente.,LLIA'KER' KENMA,tú mantente.,llia'ker' kenma,flashcards,P00415,False
U00282,Respóndanme.,NA'PIU'KU,respóndanme.,na'piu'ku,flashcards,P00282,False
U03024,"Ahora tal vez sólo el tigre negro hay, tengan mucho cuidado, no se deja ver más.","Ipa'linchi kelluluñiñi'pa' ñapa'n, inlli'inuku', ya'nlli'tapi'ñi a'pinta'.","ahora tal vez sólo el tigre negro hay, tengan mucho cuidado, no se deja ver más.","ipa'linchi kelluluñiñi'pa' ñapa'n, inlli'inuku', ya'nlli'tapi'ñi a'pinta'.",pdf_textos,T010_N192,False
U00370,Se terminó.,TA'WAN'TULLI,se terminó.,ta'wan'tulli,flashcards,P00370,False
U00686,Nos gusta.,IYA'TULEK'WA',nos gusta.,iya'tulek'wa',flashcards,P00686,False
U00760,Está fingiendo comer.,INTEK WERANPALLI,está fingiendo comer.,intek weranpalli,flashcards,P00760,False
U00997,Ten seguridad.,LATEK'U,ten seguridad.,latek'u,flashcards,P00997,False
U00613,Mira allí.,LLI'KER' NANEK,mira allí.,lli'ker' nanek,flashcards,P00613,False
U01283,Lo prometió.,TUWIÑI NU'TECHU,lo prometió.,tuwiñi nu'techu,flashcards,P01283,False
U03094,Así vivieron cuántos años quizás.,Nu'si'ma nanpillina' enpu'dun ekkilalei'pa'.,así vivieron cuántos años quizás.,nu'si'ma nanpillina' enpu'dun ekkilalei'pa'.,pdf_textos,T011_N041,False
U00842,Fue real.,ÑIWIÑI TEKINCHI,fue real.,ñiwiñi tekinchi,flashcards,P00842,False
U01842,La cogieron.,PILLI'TULLINA',la cogieron.,pilli'tullina',flashcards,P01842,False
U01396,No esperé.,WA'TENCHI'NEK,no esperé.,wa'tenchi'nek,flashcards,P01396,False
U01826,Sentémonos.,DU'AWA',sentémonos.,du'awa',flashcards,P01826,False
U01789,No funcionó.,KU'LA SAKA'CHI'ÑI,no funcionó.,ku'la saka'chi'ñi,flashcards,P01789,False
U00378,Mantente abrigado.,I'SHIWANSU' ÑAPER',mantente abrigado.,i'shiwansu' ñaper',flashcards,P00378,False
U01803,Es delicioso.,IYASU' NUKA'A,es delicioso.,iyasu' nuka'a,flashcards,P01803,False
U01631,Llegaran lejos.,WEI EK'TUE'CHUNA',llegaran lejos.,wei ek'tue'chuna',flashcards,P01631,False
U00944,Estamos limpios.,PEKUIPI ÑAPALIDEK,estamos limpios.,pekuipi ñapalidek,flashcards,P00944,False
U01893,Estamos divorciados.,YANPU'SU' ÑAPALLIDEK,estamos divorciados.,yanpu'su' ñapallidek,flashcards,P01893,False
U00551,Llegué tarde.,ETU'KERLEK ER'WA,llegué tarde.,etu'kerlek er'wa,flashcards,P00551,False
U00621,Canta.,TULUNER'KER',canta.,tuluner'ker',flashcards,P00621,False
U01358,Aguanta.,YAN'KATEKTER',aguanta.,yan'katekter',flashcards,P01358,False
U01899,¿Estabas solo?,¿KENMASA' ÑAPAWINA?,¿estabas solo?,¿kenmasa' ñapawina?,flashcards,P01899,False
U02241,No fuma.,KU'LA U'WA'TA'PI'ÑI,no fuma.,ku'la u'wa'ta'pi'ñi,flashcards,P02241,False
U01674,¿Lo sabes?,¿ÑINCHITAPALA?,¿lo sabes?,¿ñinchitapala?,flashcards,P01674,False
U00587,Está listo.,INSEK'DIPERPI ÑAPALLI,está listo.,insek'diperpi ñapalli,flashcards,P00587,False
U01392,Los llamé.,PEKLU'DEKLEK,los llamé.,peklu'deklek,flashcards,P01392,False
U01856,Le preguntaron.,LEK'KLLINA',le preguntaron.,lek'kllina',flashcards,P01856,False
U01658,¿Puedes levantarte?,¿YENNITULA YUNSAN'A'MAK? ,¿puedes levantarte?,¿yennitula yunsan'a'mak?,flashcards,P01658,False
U03155,Ahí se ha ido a quedar.,Nanek ima ñikuñi.,ahí se ha ido a quedar.,nanek ima ñikuñi.,pdf_textos,T013_N009,False
U01161,Señálalo.,TAÑITUKER',señálalo.,tañituker',flashcards,P01161,False
U02007,Tengo caspa.,AÑAPALEK KISEK'MUTU',tengo caspa.,añapalek kisek'mutu',flashcards,P02007,False
U00280,Apunta. ¡Fuego!,TAÑITER' . ¡PEN!,apunta. ¡fuego!,tañiter' . ¡pen!,flashcards,P00280,False
U02114,Ella desapareció.,NANA WER'LLI,ella desapareció.,nana wer'lli,flashcards,P02114,False
U00262,Demasiado tarde.,NAKUSUIN'CHI ERWA',demasiado tarde.,nakusuin'chi erwa',flashcards,P00262,False
U00442,Pruébatelo.,TEKLERIER',pruébatelo.,teklerier',flashcards,P00442,False
U03012,"Todas esas cosas, porque Dios quiere, estamos cambiando.","Nanadaper ima, Yus luwanta'su' malek, nana nu'apilalekwa'.","todas esas cosas, porque dios quiere, estamos cambiando.","nanadaper ima, yus luwanta'su' malek, nana nu'apilalekwa'.",pdf_textos,T010_N180,False
U00750,Vístete.,ISHINWER',vístete.,ishinwer',flashcards,P00750,False
U00452,¡Hemos ganado!,¡KANA'TULLIDEK!,¡hemos ganado!,¡kana'tullidek!,flashcards,P00452,False
U02245,Está envejeciendo.,TASERPITAPILALLI,está envejeciendo.,taserpitapilalli,flashcards,P02245,False
U02242,Odia correr.,LUYU'LLI TEKA'AK,odia correr.,luyu'lli teka'ak,flashcards,P02242,False
U02012,Adoro aprender.,IYATULEK ÑINCHITAK,adoro aprender.,iyatulek ñinchitak,flashcards,P02012,False
U01836,Demuéstramelo.,A'LLI'U,demuéstramelo.,a'lli'u,flashcards,P01836,False
U03048,¡Ojalá alguna vez llegue escrito esto que estamos hablando!,¡Ma'allimi'na enpi' uklli llinserpi namasu' lunpa'kawa'su' ektu'nchinaa!,¡ojalá alguna vez llegue escrito esto que estamos hablando!,¡ma'allimi'na enpi' uklli llinserpi namasu' lunpa'kawa'su' ektu'nchinaa!,pdf_textos,T010_N216,False
U01457,Soy importante.,LUWANTULLINER'KU,soy importante.,luwantulliner'ku,flashcards,P01457,False
U01469,¿Es dulce?,¿KASER'LLINCHA?,¿es dulce?,¿kaser'llincha?,flashcards,P01469,False
U01085,Quiero dinero.,LUWANTULEK KULLIKER',quiero dinero.,luwantulek kulliker',flashcards,P01085,False
U00607,Nademos.,IDUNWA',nademos.,idunwa',flashcards,P00607,False
U00539,Necesito hielo.,LUWANTULEK SANEK,necesito hielo.,luwantulek sanek,flashcards,P00539,False
U01226,Tomás desapareció.,CHUMA WER'LLI,tomás desapareció.,chuma wer'lli,flashcards,P01226,False
U01089,Tenía hambre.,UKI'LA A'ÑIWINEK,tenía hambre.,uki'la a'ñiwinek,flashcards,P01089,False
U00820,Estoy casado.,ÑAPALEK SADASU',estoy casado.,ñapalek sadasu',flashcards,P00820,False
U01315,¿Estás contento?,¿MUSU'CHA ÑAPALA?,¿estás contento?,¿musu'cha ñapala?,flashcards,P01315,False
U01466,¿Es popular?,¿LUWER'PIA'CHA?,¿es popular?,¿luwer'pia'cha?,flashcards,P01466,False
U00271,Estamos bien.,MU'PALLIDEK',estamos bien.,mu'pallidek',flashcards,P00271,False
U00761,¡Aquí estamos!,¡ASEK ÑAPALLIDEK!,¡aquí estamos!,¡asek ñapallidek!,flashcards,P00761,False
U01254,Estamos bromeando.,SI'LENTAPALLIDEK,estamos bromeando.,si'lentapallidek,flashcards,P01254,False
U01251,Estamos asustados.,IMANTUSU' ÑAPALLIDEK,estamos asustados.,imantusu' ñapallidek,flashcards,P01251,False
U00948,Somos gemelos.,INSILAN NUKA'KAWA',somos gemelos.,insilan nuka'kawa',flashcards,P00948,False
U00491,¡No esperes!,¡YAWA'TENTA!,¡no esperes!,¡yawa'tenta!,flashcards,P00491,False
U01101,Estoy descalzo.,INAPILANTE'ÑAPALEK,estoy descalzo.,inapilante'ñapalek,flashcards,P01101,False
U01285,Me asustas.,A'IMANANTULUN,me asustas.,a'imanantulun,flashcards,P01285,False
U01467,¿Es privado?,¿SEKIPIA'CHA?,¿es privado?,¿sekipia'cha?,flashcards,P01467,False
U01308,¿Son altos?,¿SHIPENLUSA' NUKER'KA?,¿son altos?,¿shipenlusa' nuker'ka?,flashcards,P01308,False
U01734,Necesito descansar.,LUWANTULEK NERIAK,necesito descansar.,luwantulek neriak,flashcards,P01734,False
U00970,Se desmayaron.,MUISU' KANKANTULLINA,se desmayaron.,muisu' kankantullina,flashcards,P00970,False
U01335,¿Puedo visitar?,¿YENNITULEK LLIAK?,¿puedo visitar?,¿yennitulek lliak?,flashcards,P01335,False
U00304,Olvídame.,PINANER'U,olvídame.,pinaner'u,flashcards,P00304,False
U00025,Él corrió.,NANA TEKAKLLI,él corrió.,nana tekaklli,flashcards,P00025,False
U00403,Decí hola.,MA'PU'SIN TUKER',decí hola.,ma'pu'sin tuker',flashcards,P00403,False
U01709,Comí demasiado.,NAKUSU' WERANEK,comí demasiado.,nakusu' weranek,flashcards,P01709,False
U01019,¿Tom ayudó?,¿TOM KATU'PA'TULLI?,¿tom ayudó?,¿tom katu'pa'tulli?,flashcards,P01019,False
U01878,"¡Tom, respóndeme!","¡TOM , NA'PIU!","¡tom, respóndeme!","¡tom, na'piu!",flashcards,P01878,False
U01487,Está ocupado.,IPIA'LA YENNICHI'ÑI,está ocupado.,ipia'la yennichi'ñi,flashcards,P01487,False
U01974,¿Lo recuerdas?,¿LLI'INUTAPALA?,¿lo recuerdas?,¿lli'inutapala?,flashcards,P01974,False
U00804,Estaba equivocado.,PEKTUNSU' ÑAPAWINEK,estaba equivocado.,pektunsu' ñapawinek,flashcards,P00804,False
U01074,Te extrañé.,LU'WAÑEN,te extrañé.,lu'wañen,flashcards,P01074,False
U01706,¿Cuánto es?,¿ENPUDUNCHA?,¿cuánto es?,¿enpuduncha?,flashcards,P01706,False
U01991,Sobrevivirá.,CHIMILLINKEKLA NANPICHU,sobrevivirá.,chimillinkekla nanpichu,flashcards,P01991,False
U00662,Tom obedeció.,TOM LATEK'TULLI,tom obedeció.,tom latek'tulli,flashcards,P00662,False
U01545,Están enojados.,YUSU' ÑAPALLINA',están enojados.,yusu' ñapallina',flashcards,P01545,False
U00305,Olvídenme.,PINANER'U'KU,olvídenme.,pinaner'u'ku,flashcards,P00305,False
U02147,Están casados.,SADASU' ÑAPALLINA',están casados.,sadasu' ñapallina',flashcards,P02147,False
U02062,¿Es maestro?,¿A'LEK'TUTEK' NUKA'A?,¿es maestro?,¿a'lek'tutek' nuka'a?,flashcards,P02062,False
U02090,Déjame arreglarlo.,TA'ITULA'U TEKDIPERECHEK,déjame arreglarlo.,ta'itula'u tekdiperechek,flashcards,P02090,False
U00918,Tom ayudará.,TOM KATU'PA'TECHU,tom ayudará.,tom katu'pa'techu,flashcards,P00918,False
U01428,Estaba atrapado.,PILLI'PI ÑAPAWINEK,estaba atrapado.,pilli'pi ñapawinek,flashcards,P01428,False
U01231,Despiertalos.,UCHINANDE'KER,despiertalos.,uchinande'ker,flashcards,P01231,False
U00675,Tom morirá.,TOM CHIMINCHU,tom morirá.,tom chiminchu,flashcards,P00675,False
U01366,Le cogieron.,PILLI'TULLINA,le cogieron.,pilli'tullina,flashcards,P01366,False
U01607,¿Vendrá ella?,¿WENCHE'CHU NANA?,¿vendrá ella?,¿wenche'chu nana?,flashcards,P01607,False
U01028,¿Duele?,¿IKERLLI?,¿duele?,¿ikerlli?,flashcards,P01028,False
U01569,Tenemos perro.,A'ÑAPALLIDEK ÑIÑI'WA,tenemos perro.,a'ñapallidek ñiñi'wa,flashcards,P01569,False
U01156,Nadie preguntó.,ÑIDEN LEKCHI'ÑI,nadie preguntó.,ñiden lekchi'ñi,flashcards,P01156,False
U00809,Soy turco.,TURKU NUKA'KA,soy turco.,turku nuka'ka,flashcards,P00809,False
U01365,Come mucho.,WAPU' WERAMPALLI,come mucho.,wapu' werampalli,flashcards,P01365,False
U00462,¿Estás levantado?,¿YUNSANSU' ÑAPALA?,¿estás levantado?,¿yunsansu' ñapala?,flashcards,P00462,False
U00102,Abre.,EK'KE'CHER',abre.,ek'ke'cher',flashcards,P00102,False
U00829,Estoy atrapado.,ÑAPALEK PILLI'PI,estoy atrapado.,ñapalek pilli'pi,flashcards,P00829,False
U01250,Somos adultos.,NUKA'KAWA TASERPILUSA',somos adultos.,nuka'kawa taserpilusa',flashcards,P01250,False
U01601,¿Cuándo vamos?,¿ENPI'A'CHA PA'ATER?,¿cuándo vamos?,¿enpi'a'cha pa'ater?,flashcards,P01601,False
U00959,¡Qué lástima!,!EMBU'NI WE'INUIPA'!,¡qué lástima!,!embu'ni we'inuipa'!,flashcards,P00959,False
U02634,"ni la piraña,","ñi dunan,","ni la piraña,","ñi dunan,",pdf_textos,T007_N054,False
U00083,De acuerdo.,MUETCHUN,de acuerdo.,muetchun,flashcards,P00083,False
U00168,¡Qué encanto!,¡EMPU'NI MUSHIPA'!,¡qué encanto!,¡empu'ni mushipa'!,flashcards,P00168,False
U00418,Fuera.,ADIPI,fuera.,adipi,flashcards,P00418,False
U03133,Sekputchek no era de buen corazón.,Nana Sekputchek ima nana mukankinpu'a'su'.,sekputchek no era de buen corazón.,nana sekputchek ima nana mukankinpu'a'su'.,pdf_textos,T012_N009,False
U00512,¡Encantador!,¡MUPENCHA!,¡encantador!,¡mupencha!,flashcards,P00512,False
U00169,Compláceme.,A'SAKEK'U,compláceme.,a'sakek'u,flashcards,P00169,False
U01791,Es sábado.,SAWADU' NUKA'A,es sábado.,sawadu' nuka'a,flashcards,P01791,False
U01073,La abracé.,WIPERI'LEK,la abracé.,wiperi'lek,flashcards,P01073,False
U02185,Tenemos esos.,NANADAPER A'ÑAPALLIDEK,tenemos esos.,nanadaper a'ñapallidek,flashcards,P02185,False
U00175,Fracasé.,A'APER'LEK',fracasé.,a'aper'lek',flashcards,P00175,False
U02213,Estás soñando.,WA'LATAPALA,estás soñando.,wa'latapala,flashcards,P02213,False
U00699,Estamos perdidos.,WER'SU' ÑAPALLIDEK,estamos perdidos.,wer'su' ñapallidek,flashcards,P00699,False
U03162,"Donde Llumallun hemos ido a vivir, así dijo el otro.","Llumallunkek ñikuñidek, tullima nana ali'la.","donde llumallun hemos ido a vivir, así dijo el otro.","llumallunkek ñikuñidek, tullima nana ali'la.",pdf_textos,T013_N016,False
U01865,Atacarán.,PANPER'ECHUNA',atacarán.,panper'echuna',flashcards,P01865,False
U01067,No pagué.,PANWILEKCHI'NEK,no pagué.,panwilekchi'nek,flashcards,P01067,False
U01502,Comamos fuera.,ADIPI KA'AWA',comamos fuera.,adipi ka'awa',flashcards,P01502,False
U01958,"Vamos, levántate.","YUNSANKER' , ENCHU","vamos, levántate.","yunsanker', enchu",flashcards,P01958,False
U01393,Puedo sentirlo.,YENNITULEK LAUK'AK,puedo sentirlo.,yennitulek lauk'ak,flashcards,P01393,False
U01604,¿Dónde estábamos?,¿ENÑUPA'CHA ÑAPAWINEKWA'?,¿dónde estábamos?,¿enñupa'cha ñapawinekwa'?,flashcards,P01604,False
U01175,Alguien llegó.,ALA'SA' YALLI' EKTUKERLLI,alguien llegó.,ala'sa' yalli' ektukerlli,flashcards,P01175,False
U03113,Así a otros recriminan.,"Nu'su' ali'ladaper llipetchullina',",así a otros recriminan.,"nu'su' ali'ladaper llipetchullina',",pdf_textos,T011_N060,False
U00133,Has ganado.,KANA'TULA,has ganado.,kana'tula,flashcards,P00133,False
U03099,"No se están peleando, aunque no nos queremos mucho.","Ñi idenmapi'ñina', ñi'na musu' intantennapi'ñidek kuda.","no se están peleando, aunque no nos queremos mucho.","ñi idenmapi'ñina', ñi'na musu' intantennapi'ñidek kuda.",pdf_textos,T011_N046,False
U01521,Es francesa.,NUKA'A FRANCESA,es francesa.,nuka'a francesa,flashcards,P01521,False
U01867,Vienen.,UK'APILELLINA',vienen.,uk'apilellina',flashcards,P01867,False
U01504,Volvamos.,ADANTA'WA',volvamos.,adanta'wa',flashcards,P01504,False
U00679,¿Era divertido?,¿MUWIÑIN?,¿era divertido?,¿muwiñin?,flashcards,P00679,False
U01349,¿Lo ves?,¿LI'APALA?,¿lo ves?,¿li'apala?,flashcards,P01349,False
U00708,Puedes irte.,YENNITULA PA'A'MASU',puedes irte.,yennitula pa'a'masu',flashcards,P00708,False
U00836,Pasó.,NAKULLI ,pasó.,nakulli,flashcards,P00836,False
U02711,"los lagos grandes se secaron,","shidek enñi,","los lagos grandes se secaron,","shidek enñi,",pdf_textos,T007_N131,False
U03187,Antes no. A Augusto le decían Akushupi.,Napi'i'na ma'sha Augusto itullina' Akushupi.,antes no. a augusto le decían akushupi.,napi'i'na ma'sha augusto itullina' akushupi.,pdf_textos,T013_N041,False
U00912,Tom espiró.,TOM DEKLLI NERIDEKNEN,tom espiró.,tom deklli nerideknen,flashcards,P00912,False
U01045,Él gritó.,NANA LAMAPU'LLI,él gritó.,nana lamapu'lli,flashcards,P01045,False
U03095,"Desde entonces en adelante, poco a poco algunos barriobajinos se rabian cuando los barrioaltinos van por ahí.",Ipa'leklanlek a'metchala nu'unta' Chilenñusa' yullina' Winenllusa' pa'a'ser nanalupa'.,"desde entonces en adelante, poco a poco algunos barriobajinos se rabian cuando los barrioaltinos van por ahí.",ipa'leklanlek a'metchala nu'unta' chilenñusa' yullina' winenllusa' pa'a'ser nanalupa'.,pdf_textos,T011_N042,False
U01009,¡Compruébalo!,¡LLI'KER' MUPALLINPA'!,¡compruébalo!,¡lli'ker' mupallinpa'!,flashcards,P01009,False
U00584,Es mío.,KUAKIN NUKA'A,es mío.,kuakin nuka'a,flashcards,P00584,False
U00863,Nadie mintió.,ÑIDEN TUMUI'ÑI,nadie mintió.,ñiden tumui'ñi,flashcards,P00863,False
U01442,Te mostraré.,ALLI'ECHEN,te mostraré.,alli'echen,flashcards,P01442,False
U00461,¿Estás bien?,¿MUPALAN'CHA?,¿estás bien?,¿mupalan'cha?,flashcards,P00461,False
U00350,Ólvidalo.,PINANER'KER',ólvidalo.,pinaner'ker',flashcards,P00350,False
U02064,¿Está satisfecho?,¿MUSU' ÑAPALLI?,¿está satisfecho?,¿musu' ñapalli?,flashcards,P02064,False
U01022,¿Firmaron?,¿LLILLINPENMA' NU'TULAMA'?,¿firmaron?,¿llillinpenma' nu'tulama'?,flashcards,P01022,False
U01873,Falta Tomás.,PAWANPALLI CHUMA,falta tomás.,pawanpalli chuma,flashcards,P01873,False
U01004,¿Puedes leer?,¿YENNITULA LUNTA'MAK?,¿puedes leer?,¿yennitula lunta'mak?,flashcards,P01004,False
U01097,Soy médico.,LULENTUTEK' NUKA'KA,soy médico.,lulentutek' nuka'ka,flashcards,P01097,False
U00235,Déjanos.,TAI'TULA'UDEK,déjanos.,tai'tula'udek,flashcards,P00235,False
U00787,Debo esconderme.,INSEK'KITA'KASU'ÑAPALLI,debo esconderme.,insek'kita'kasu'ñapalli,flashcards,P00787,False
U00885,¡Alto! ¡Ladrón!,¡WANERKER'! ¡APECHUTEK!,¡alto! ¡ladrón!,¡wanerker'! ¡apechutek!,flashcards,P00885,False
U01008,¡Míralo!,¡LLI'KER'!,¡míralo!,¡lli'ker'!,flashcards,P01008,False
U00996,Sé confiado.,LU'UKTUTEK'KEN ÑIKER,sé confiado.,lu'uktutek'ken ñiker,flashcards,P00996,False
U01750,Quiero hablar.,YALUN'NEK,quiero hablar.,yalun'nek,flashcards,P01750,False
U01078,Te necesitaba.,LUWANTUWIÑEN,te necesitaba.,luwantuwiñen,flashcards,P01078,False
U01455,Estoy horrorizado.,TEKUA'DANSU' ÑAPALEK,estoy horrorizado.,tekua'dansu' ñapalek,flashcards,P01455,False
U01661,Regresa pronto.,ADENCHER' WIUK'SU',regresa pronto.,adencher' wiuk'su',flashcards,P01661,False
U01784,¿Está dormido?,¿WICHISU'A'CHA?,¿está dormido?,¿wichisu'a'cha?,flashcards,P01784,False
U01543,Están vivos.,NANPIPALLINA',están vivos.,nanpipallina',flashcards,P01543,False
U00436,Tom juró.,TOM TULLI,tom juró.,tom tulli,flashcards,P00436,False
U01955,¿Pueden ayudarme?,¿YENNITULAMA KATUPA'A'MUK?,¿pueden ayudarme?,¿yennitulama katupa'a'muk?,flashcards,P01955,False
U01600,¿Qué haremos?,¿MA'NEN'A'CHA NU'TATERWA'?,¿qué haremos?,¿ma'nen'a'cha nu'taterwa'?,flashcards,P01600,False
U02499,Después me hicieron abuela.,Nanekla amitullinerku.,después me hicieron abuela.,nanekla amitullinerku.,pdf_textos,T005_N026,False
U01995,¡Qué interesante!,¡EMPU'NI LUYAIPA'!,¡qué interesante!,¡empu'ni luyaipa'!,flashcards,P01995,False
U01940,¿Estás casado?,¿SADASU'CHA ÑAPALA?,¿estás casado?,¿sadasu'cha ñapala?,flashcards,P01940,False
U01288,Sobrevivió.,CHIMINLLINKEKLA NAMPILLI,sobrevivió.,chiminllinkekla nampilli,flashcards,P01288,False
U01542,Ellos bailarán.,NAWA' LANSE'CHUNA',ellos bailarán.,nawa' lanse'chuna',flashcards,P01542,False
U02132,Viven allá.,NANEK NANPIPALLINA',viven allá.,nanek nanpipallina',flashcards,P02132,False
U01236,Estábamos listos.,INSEK'DIPERPI ÑAPAWIÑIDEK,estábamos listos.,insek'diperpi ñapawiñidek,flashcards,P01236,False
U00803,Estaba cansado.,SAKA'TUSU' ÑAPAWINEK,estaba cansado.,saka'tusu' ñapawinek,flashcards,P00803,False
U01294,Está despedido.,SAKA'TUNAKLA USU'LLINA,está despedido.,saka'tunakla usu'llina,flashcards,P01294,False
U02144,Están bailando.,LANSA'PALLINA',están bailando.,lansa'pallina',flashcards,P02144,False
U01295,Están despedidos.,SAKA'TUNAKLA USU'DEKLLINA',están despedidos.,saka'tunakla usu'dekllina',flashcards,P01295,False
U01719,Bebo café.,ULEK WAYUSA',bebo café.,ulek wayusa',flashcards,P01719,False
U01749,Quiero descansar.,YANERILEK,quiero descansar.,yanerilek,flashcards,P01749,False
U01217,Tom insistió.,TOM A'PERCHULLI,tom insistió.,tom a'perchulli,flashcards,P01217,False
U00694,Esperaremos.,WA'TENTATERWA',esperaremos.,wa'tentaterwa',flashcards,P00694,False
U02124,Hay reglas.,ÑAPALLI LA'LA'LUSA',hay reglas.,ñapalli la'la'lusa',flashcards,P02124,False
U00425,Encárgate tú.,KENMA LLI'KER',encárgate tú.,kenma lli'ker',flashcards,P00425,False
U02215,Estás estancado.,PILLI'PI ÑAPALA,estás estancado.,pilli'pi ñapala,flashcards,P02215,False
U00518,Sé leer.,ÑINCHITAPALEK LUN'AK,sé leer.,ñinchitapalek lun'ak,flashcards,P00518,False
U02162,Cerramos temprano.,SHAMPASIK UNKU'TULEKWA',cerramos temprano.,shampasik unku'tulekwa',flashcards,P02162,False
U00360,Apesta.,ANALLI,apesta.,analli,flashcards,P00360,False
U00770,Puedo compartir.,YENNITULEK A'NAÑIAK,puedo compartir.,yennitulek a'nañiak,flashcards,P00770,False
U02238,Explícamelo.,MUSU' WINTU'U,explícamelo.,musu' wintu'u,flashcards,P02238,False
U01134,Sigue mirando.,LLI'TAPER'I'LA,sigue mirando.,lli'taper'i'la,flashcards,P01134,False
U00320,Quedé inconsciente.,LLIYA'LEK INLLI'INUI'SU',quedé inconsciente.,lliya'lek inlli'inui'su',flashcards,P00320,False
U01711,Presto dinero.,ALANTAPALEK KULLIKER',presto dinero.,alantapalek kulliker',flashcards,P01711,False
U01904,¿Qué necesito?,¿MA'NEN LUWANTULEK?,¿qué necesito?,¿ma'nen luwantulek?,flashcards,P01904,False
U00104,Nos vemos.,INLLI'TER,nos vemos.,inlli'ter,flashcards,P00104,False
U01935,¿Están bien?,¿MUSU' ÑAPALAMA'?,¿están bien?,¿musu' ñapalama'?,flashcards,P01935,False
U01926,Estás invitado.,PEKLUPI NUKA'MA,estás invitado.,peklupi nuka'ma,flashcards,P01926,False
U00524,Me perdí.,AWER'LEK,me perdí.,awer'lek,flashcards,P00524,False
U01848,¡Increíble!,¡LATEK'I'NEK!,¡increíble!,¡latek'i'nek!,flashcards,P01848,False
U00968,Hizo trampa.,TUMU'LLI,hizo trampa.,tumu'lli,flashcards,P00968,False
U02131,Me ignoraron.,LUWER'CHI'ÑINER'KU,me ignoraron.,luwer'chi'ñiner'ku,flashcards,P02131,False
U01954,¿Puedes ayudarme?,¿YENNITULA KATUPA'A'MUK?,¿puedes ayudarme?,¿yennitula katupa'a'muk?,flashcards,P01954,False
U01525,Hablen claramente.,LUNKU' LACHEK'AK,hablen claramente.,lunku' lachek'ak,flashcards,P01525,False
U01890,Lo pintaremos.,LLINSERLLIDEK,lo pintaremos.,llinserllidek,flashcards,P01890,False
U01644,¿Tenías miedo?,¿TE'KUAWINA?,¿tenías miedo?,¿te'kuawina?,flashcards,P01644,False
U00995,Estar atento.,INSEKDIPERSU' ÑAPAKER',estar atento.,insekdipersu' ñapaker',flashcards,P00995,False
U00189,Estoy calvo.,NUWEK'MUTU' ÑAPALEK,estoy calvo.,nuwek'mutu' ñapalek,flashcards,P00189,False
U02164,Hicimos waffles.,NU'TULEKWA'  WAFFLES,hicimos waffles.,nu'tulekwa' waffles,flashcards,P02164,False
U03120,De esta manera ahora están olvidando la lengua shiwilu.,Ipa'la nu'anna' ipa' Shiwilu la'la' pinaner'apilallina'.,de esta manera ahora están olvidando la lengua shiwilu.,ipa'la nu'anna' ipa' shiwilu la'la' pinaner'apilallina'.,pdf_textos,T011_N067,False
U00732,¿Puedes ver?,¿YENNITULAN'CHA LLI'TA'MAK?,¿puedes ver?,¿yennitulan'cha lli'ta'mak?,flashcards,P00732,False
U00716,¿Estás loco?,¿WA'DANPINDEK ÑAPALA?,¿estás loco?,¿wa'danpindek ñapala?,flashcards,P00716,False
U00145,¡Cálmate!,¡TUNA'KER'!,¡cálmate!,¡tuna'ker'!,flashcards,P00145,False
U02150,Están conmigo.,KUALEK ÑAPALLINA',están conmigo.,kualek ñapallina',flashcards,P02150,False
U01228,"Tom, despierta.","TOM, NANPILADALLI","tom, despierta.","tom, nanpiladalli",flashcards,P01228,False
U00548,Vomité.,ENMU'LEK,vomité.,enmu'lek,flashcards,P00548,False
U02053,Soy zurdo.,AMENNAN NUKA'KA,soy zurdo.,amennan nuka'ka,flashcards,P02053,False
U00148,Abajo.,DAWIK',abajo.,dawik',flashcards,P00148,False
U02041,Estaré esperando.,WA'TENTAPECHEK,estaré esperando.,wa'tentapechek,flashcards,P02041,False
U00486,No cantes.,YATULUNER'TA,no cantes.,yatuluner'ta,flashcards,P00486,False
U02138,Me matarán.,DEI'TECHUNER'KU,me matarán.,dei'techuner'ku,flashcards,P02138,False
U00916,Tom estornudó.,TOM A'SHULLI,tom estornudó.,tom a'shulli,flashcards,P00916,False
U01752,Fui arrestado.,PILLITUWIÑINERKU',fui arrestado.,pillituwiñinerku',flashcards,P01752,False
U01111,Estoy embarazada.,KADULUNSU' ÑAPALEK,estoy embarazada.,kadulunsu' ñapalek,flashcards,P01111,False
U02021,Hablo inglés.,LUNPALEK INGLES,hablo inglés.,lunpalek ingles,flashcards,P02021,False
U00642,Ellos votaron.,NAWA DEKLLINA',ellos votaron.,nawa dekllina',flashcards,P00642,False
U00691,Ayudaremos.,KATU'PA'TATERWA',ayudaremos.,katu'pa'taterwa',flashcards,P00691,False
U02129,Ellos cenaron.,NAWA' WERAÑINA',ellos cenaron.,nawa' werañina',flashcards,P02129,False
U00437,Tomás votó.,TOMAS DEK'LLI,tomás votó.,tomas dek'lli,flashcards,P00437,False
U02039,Con placer.,SAKEKSU'LEK,con placer.,sakeksu'lek,flashcards,P02039,False
U03173,Entonces el cura ha traído santitos chiquititos.,Nanek imi'na pacher kelli u'ñishala shanchushala.,entonces el cura ha traído santitos chiquititos.,nanek imi'na pacher kelli u'ñishala shanchushala.,pdf_textos,T013_N027,False
U01690,¡Feliz año!,¡MUEK'KILALA!,¡feliz año!,¡muek'kilala!,flashcards,P01690,False
U01463,Tengo cerveza.,AÑAPALEK CERVEZA,tengo cerveza.,añapalek cerveza,flashcards,P01463,False
U02052,Voy saliendo.,YUNSU'PILALEK,voy saliendo.,yunsu'pilalek,flashcards,P02052,False
U02088,Déjame llevarlo.,TA'ITULA'U EKPE'CHEK,déjame llevarlo.,ta'itula'u ekpe'chek,flashcards,P02088,False
U02067,¡Suena genial!,¡ILLIÑI U'CHIMU!,¡suena genial!,¡illiñi u'chimu!,flashcards,P02067,False
U00975,Lo necesitas.,LUANTAPALA,lo necesitas.,luantapala,flashcards,P00975,False
U01945,Pregúntame mañana.,LEK'KU EK'KLLI,pregúntame mañana.,lek'ku ek'klli,flashcards,P01945,False
U01386,Soy japonés.,JAPONES NUKA'KA,soy japonés.,japones nuka'ka,flashcards,P01386,False
U02146,Están celosos.,A'PISADATUTEKLUSA' ÑAPALLINA',están celosos.,a'pisadatuteklusa' ñapallina',flashcards,P02146,False
U02011,Aprendí mucho.,NINCHITULEK WAPU',aprendí mucho.,ninchitulek wapu',flashcards,P02011,False
U00484,¡No salten!,¡YAINDEKTAMA'!,¡no salten!,¡yaindektama'!,flashcards,P00484,False
U01619,Necesitas ayuda.,KATU'PA' LUWANTULA,necesitas ayuda.,katu'pa' luwantula,flashcards,P01619,False
U00949,Somos jóvenes.,NADI'NEK NUKA'KAWA',somos jóvenes.,nadi'nek nuka'kawa',flashcards,P00949,False
U01621,Deberías ir.,PA'A'MASU' ÑAPALLI,deberías ir.,pa'a'masu' ñapalli,flashcards,P01621,False
U03064,"Nosotros somos bastantes, ellos son doscitos nomas.","Kenmu'wa' wapu'mu'wa', ma'ki'na asu' katu'shadapersa'.","nosotros somos bastantes, ellos son doscitos nomas.","kenmu'wa' wapu'mu'wa', ma'ki'na asu' katu'shadapersa'.",pdf_textos,T011_N011,False
U01063,Podría caminar.,YENNITUWINASKU DEKKUNTA',podría caminar.,yennituwinasku dekkunta',flashcards,P01063,False
U00273,¡Qué divertido!,¡EMPU'NI WA'DANPINTEK'IPA'!,¡qué divertido!,¡empu'ni wa'danpintek'ipa'!,flashcards,P00273,False
U01971,¿La conoces?,¿LUWER'CHAPALA?,¿la conoces?,¿luwer'chapala?,flashcards,P01971,False
U02312,desde una ciudad grande ha venido.,kupin ñinanlukla weklli.,desde una ciudad grande ha venido.,kupin ñinanlukla weklli.,pdf_textos,T001_N062,False
U00150,¡Piérdete!,¡WER'KER'!,¡piérdete!,¡wer'ker'!,flashcards,P00150,False
U01735,Necesito trabajar.,LUWANTULEK SAKA'TAK,necesito trabajar.,luwantulek saka'tak,flashcards,P01735,False
U02643,"vino la vacamarina,","panwalalan uklli,","vino la vacamarina,","panwalalan uklli,",pdf_textos,T007_N063,False
U00650,Tomás bailó.,CHUMA LANSA'LLI,tomás bailó.,chuma lansa'lli,flashcards,P00650,False
U00100,Guárdalo.,SEKDIPERKER',guárdalo.,sekdiperker',flashcards,P00100,False
U03150,"Nosotros somos gente de cerro, nosotros no somos de aquí.","Kenmu'wa' mutupi muda', kenmu'wa' ñi asu'lupa'dei'npu'.","nosotros somos gente de cerro, nosotros no somos de aquí.","kenmu'wa' mutupi muda', kenmu'wa' ñi asu'lupa'dei'npu'.",pdf_textos,T013_N004,False
U00877,Mándenlo adentro.,AKU'KU' KINEKLA,mándenlo adentro.,aku'ku' kinekla,flashcards,P00877,False
U00340,Estoy loco.,WA'DANPINTEK ÑAPALEK,estoy loco.,wa'danpintek ñapalek,flashcards,P00340,False
U00182,Sonreí.,YAMERLADALEK',sonreí.,yamerladalek',flashcards,P00182,False
U01177,Quedate conmigo.,LLIA'KER' KUALEK,quedate conmigo.,llia'ker' kualek,flashcards,P01177,False
U01643,¿Estoy calificado para el trabajo?,¿MUPALEK SAKA'TUNANKI?,¿estoy calificado para el trabajo?,¿mupalek saka'tunanki?,flashcards,P01643,False
U01206,Son huevos.,KADU'LUSA' NUKER'KA,son huevos.,kadu'lusa' nuker'ka,flashcards,P01206,False
U00270,Iremos.,PA'ATERWA',iremos.,pa'aterwa',flashcards,P00270,False
U02040,Seré paciente.,WA'TENTUTEK ÑIECHEK,seré paciente.,wa'tentutek ñiechek,flashcards,P02040,False
U00810,Soy turca.,TURKA NUKA'KA,soy turca.,turka nuka'ka,flashcards,P00810,False
U01903,¿Y tú?,¿KENMA?,¿y tú?,¿kenma?,flashcards,P01903,False
U00028,Me caí.,ANU'LEK,me caí.,anu'lek,flashcards,P00028,False
U00609,Votemos.,DEK'AWA',votemos.,dek'awa',flashcards,P00609,False
U01655,¿Puedo sentarme?,¿YENNITULEK DU'AK?,¿puedo sentarme?,¿yennitulek du'ak?,flashcards,P01655,False
U00435,Tom nada.,TOM IDUMPALLI,tom nada.,tom idumpalli,flashcards,P00435,False
U01934,¿Estás emocionado?,¿SAKEK'SU' ÑAPALA?,¿estás emocionado?,¿sakek'su' ñapala?,flashcards,P01934,False
U00615,Sin comentarios.,MA'NEN' ÑI'ÑI LUN'AK',sin comentarios.,ma'nen' ñi'ñi lun'ak',flashcards,P00615,False
U02003,No escuché.,LAUK'I'NEK,no escuché.,lauk'i'nek,flashcards,P02003,False
U02123,Es falso.,TUMU' NUKA'A,es falso.,tumu' nuka'a,flashcards,P02123,False
U00051,Ganamos.,KANA'LLIDEK,ganamos.,kana'llidek,flashcards,P00051,False
U01863,Ellos ayudarán.,NAWA' KATU'PA'TECHUNA',ellos ayudarán.,nawa' katu'pa'techuna',flashcards,P01863,False
U01201,Sudaron.,ELLI'LLINA',sudaron.,elli'llina',flashcards,P01201,False
U00329,Lo necesito.,LUANTULEK,lo necesito.,luantulek,flashcards,P00329,False
U00991,¿Estás enfermo?,¿KALUWIPALA?,¿estás enfermo?,¿kaluwipala?,flashcards,P00991,False
U00483,No vengas.,YAWENCHA'TA,no vengas.,yawencha'ta,flashcards,P00483,False
U00779,Tengo tiempo.,MANENNU'TAPI'NEK,tengo tiempo.,manennu'tapi'nek,flashcards,P00779,False
U01400,Te perdono.,MA'ICHIN'CHEN,te perdono.,ma'ichin'chen,flashcards,P01400,False
U00986,¿Eres sordo?,¿LUUKTEK' NUKAMA?,¿eres sordo?,¿luuktek' nukama?,flashcards,P00986,False
U02107,Achícalo.,DE'A'MERKER',achícalo.,de'a'merker',flashcards,P02107,False
U00499,Perdónenos.,TAITULA'U'KUDEK,perdónenos.,taitula'u'kudek,flashcards,P00499,False
U00854,Bailemos.,LANSA'WA',bailemos.,lansa'wa',flashcards,P00854,False
U00234,Déjame.,TAI'TULA'U,déjame.,tai'tula'u,flashcards,P00234,False
U00520,Sé nadar.,ÑINCHITAPALEK IDUN'AK,sé nadar.,ñinchitapalek idun'ak,flashcards,P00520,False
U00147,Arregla esto.,ASU' TEKDI'PER'KER',arregla esto.,asu' tekdi'per'ker',flashcards,P00147,False
U00091,Soy Tom.,NUKA'KU TOM,soy tom.,nuka'ku tom,flashcards,P00091,False
U00665,Tom rezó.,TOM MALLA'LLI,tom rezó.,tom malla'lli,flashcards,P00665,False
U00246,Siéntate aquí.,DU'KER' ASEK,siéntate aquí.,du'ker' asek,flashcards,P00246,False
U00947,Estamos cansados.,SAKA'TUSU' ÑAPALIDEK,estamos cansados.,saka'tusu' ñapalidek,flashcards,P00947,False
U01613,Tienes vino.,A'ÑAPALA' VINU',tienes vino.,a'ñapala' vinu',flashcards,P01613,False
U02065,¿Es venenoso?,¿SULLIMAN WANPALLI?,¿es venenoso?,¿sulliman wanpalli?,flashcards,P02065,False
U01729,Tengo hermanas.,UTRINWANPALEK,tengo hermanas.,utrinwanpalek,flashcards,P01729,False
U01594,¿Estabas ocupado?,¿AÑAPAWINANCHA' MA'NEN'UN'TA' NUTA'MAK?,¿estabas ocupado?,¿añapawinancha' ma'nen'un'ta' nuta'mak?,flashcards,P01594,False
U01985,Dales dinero.,ENKA'DEKER' KULLIKER',dales dinero.,enka'deker' kulliker',flashcards,P01985,False
U00702,Somos débiles.,SAPUTEK NUKA'KUDEK,somos débiles.,saputek nuka'kudek,flashcards,P00702,False
U00275,¿Quién murió?,¿DEN CHIMIÑI?,¿quién murió?,¿den chimiñi?,flashcards,P00275,False
U01300,Son inteligentes.,IÑER' ÑINCHITULUSA' NUKER'KA,son inteligentes.,iñer' ñinchitulusa' nuker'ka,flashcards,P01300,False
U01237,Almorzamos.,IKINEK'UKLLI WERAÑIDEK ,almorzamos.,ikinek'uklli werañidek,flashcards,P01237,False
U01603,¿Dónde están?,¿ENÑUPA'CHA ÑAPALAMA'?,¿dónde están?,¿enñupa'cha ñapalama'?,flashcards,P01603,False
U01099,Soy escritor.,LLINSERCHUTEK' NUKA'KA,soy escritor.,llinserchutek' nuka'ka,flashcards,P01099,False
U01972,¿La conocen?,¿LUWER'CHAPALAMA?,¿la conocen?,¿luwer'chapalama?,flashcards,P01972,False
U00741,No copien.,NANA PU'SU' YANU'TUTAMA',no copien.,nana pu'su' yanu'tutama',flashcards,P00741,False
U00504,Él miente.,NANA TUMU'PALLI,él miente.,nana tumu'palli,flashcards,P00504,False
U01712,Traje vino.,KERLLIEK VINU',traje vino.,kerlliek vinu',flashcards,P01712,False
U03117,"Así vamos a estar viviendo pues ahora, otras gentes han entrado en Jeberos.","Nu'su' ñapilaterwa' enta' ipa'la, nermuda'lusi'pa' danker'kuñina' Shiwiluk.","así vamos a estar viviendo pues ahora, otras gentes han entrado en jeberos.","nu'su' ñapilaterwa' enta' ipa'la, nermuda'lusi'pa' danker'kuñina' shiwiluk.",pdf_textos,T011_N064,False
U01541,Gritaron.,LAMAPU'LLINA',gritaron.,lamapu'llina',flashcards,P01541,False
U01431,Lo permitiré.,TA'ITULEKCHEK,lo permitiré.,ta'itulekchek,flashcards,P01431,False
U01218,Tom escuchó.,TOM LAUK'TULLI,tom escuchó.,tom lauk'tulli,flashcards,P01218,False
U00823,Estoy nervioso.,AMERCHA TEKUASU' ÑAPALEK,estoy nervioso.,amercha tekuasu' ñapalek,flashcards,P00823,False
U01421,Quiero morir.,YACHIMINEK,quiero morir.,yachiminek,flashcards,P01421,False
U00367,Es tarde.,ER'WA NUKA'A,es tarde.,er'wa nuka'a,flashcards,P00367,False
U01075,Necesito pintura.,LUWANTULEK LLINSERCHUNAN,necesito pintura.,luwantulek llinserchunan,flashcards,P01075,False
U02219,¿Estás embarazada?,¿KADU'LUNSU' ÑAPALA?,¿estás embarazada?,¿kadu'lunsu' ñapala?,flashcards,P02219,False
U02954,"Bien ardió hasta el amanecer, quedó pura ceniza.","Musui'ma ukllishin uksuketchulli, pendalu'sa' llia'lli.","bien ardió hasta el amanecer, quedó pura ceniza.","musui'ma ukllishin uksuketchulli, pendalu'sa' llia'lli.",pdf_textos,T010_N122,False
U00466,Sea paciente.,WA'TENKER' A'MERCHA.,sea paciente.,wa'tenker' a'mercha.,flashcards,P00466,False
U00623,Huelan esto.,LANERKU' ASU',huelan esto.,lanerku' asu',flashcards,P00623,False
U02636,la vacamarina.,panwalalan.,la vacamarina.,panwalalan.,pdf_textos,T007_N056,False
U01718,No entiendo.,KU'LA LACHEK'I'NEK,no entiendo.,ku'la lachek'i'nek,flashcards,P01718,False
U00460,¿Estoy equivocada?,¿APER'SUKU A'CHA?,¿estoy equivocada?,¿aper'suku a'cha?,flashcards,P00460,False
U00617,Di papa.,TUKER' TATA,di papa.,tuker' tata,flashcards,P00617,False
U00896,Se abrazaron.,INWIPERI'LLINA',se abrazaron.,inwiperi'llina',flashcards,P00896,False
U00538,Lo extraño.,LU'WANEK,lo extraño.,lu'wanek,flashcards,P00538,False
U00786,Lo extrañaba.,LU'WANWINEK,lo extrañaba.,lu'wanwinek,flashcards,P00786,False
U01174,Muéstrame eso.,A'LLI'U NANA,muéstrame eso.,a'lli'u nana,flashcards,P01174,False
U00277,Escríbeme.,LLINSER'CHU'U,escríbeme.,llinser'chu'u,flashcards,P00277,False
U01051,Está sufriendo.,INSEK'LUTENAPALLI,está sufriendo.,insek'lutenapalli,flashcards,P01051,False
U00844,Todo bien.,IÑER MUSU',todo bien.,iñer musu',flashcards,P00844,False
U00998,Sé despiadado.,LUTANTENINPU'KER',sé despiadado.,lutanteninpu'ker',flashcards,P00998,False
U01917,Puedes negarte.,KU'LA TUNANSIN,puedes negarte.,ku'la tunansin,flashcards,P01917,False
U02051,Solo bromeo.,SI'LENTAPALEKSA',solo bromeo.,si'lentapaleksa',flashcards,P02051,False
U02209,Tú dormías.,KENMA WICHI'WINA',tú dormías.,kenma wichi'wina',flashcards,P02209,False
U00448,Conversamos.,LUNÑIDEK,conversamos.,lunñidek,flashcards,P00448,False
U01084,Entiendo.,LACHEKAPALEK,entiendo.,lachekapalek,flashcards,P01084,False
U00658,Tom ayudó.,TOM KATU'PA'TULLI,tom ayudó.,tom katu'pa'tulli,flashcards,P00658,False
U02189,¿Qué hiciste?,¿MA'NEN'NU'TULA?,¿qué hiciste?,¿ma'nen'nu'tula?,flashcards,P02189,False
U01477,No dolerá.,KU'LA IKERINCHU,no dolerá.,ku'la ikerinchu,flashcards,P01477,False
U00545,Sobreviví.,CHIMINLLINKEKLA NAMPILEK,sobreviví.,chiminllinkekla nampilek,flashcards,P00545,False
U01389,Estoy estornudando.,A'SHUPALEK,estoy estornudando.,a'shupalek,flashcards,P01389,False
U00173,Puedo ir.,YENNITULEK PA'AK,puedo ir.,yennitulek pa'ak,flashcards,P00173,False
U00204,Estoy perdida.,WER'SU' ÑAPALEK,estoy perdida.,wer'su' ñapalek,flashcards,P00204,False
U01427,Estaba celoso.,APISADATUTEK ÑAPAWINEK,estaba celoso.,apisadatutek ñapawinek,flashcards,P01427,False
U01446,Lo miraré.,LLI'ECHEK,lo miraré.,lli'echek,flashcards,P01446,False
U00515,Soy feliz,MUSU' NAMPIPALEK,soy feliz,musu' nampipalek,flashcards,P00515,False
U01969,¿Está mal?,¿ÑAPALLI MUIN'SU?,¿está mal?,¿ñapalli muin'su?,flashcards,P01969,False
U00920,Apágalo.,A'TASHUNKER',apágalo.,a'tashunker',flashcards,P00920,False
U01260,¿Quién renunció?,¿DEN YUNSU'LLI?,¿quién renunció?,¿den yunsu'lli?,flashcards,P01260,False
U01056,Te admiro.,KENMAPU'SU' ÑIINA'KA,te admiro.,kenmapu'su' ñiina'ka,flashcards,P01056,False
U00323,Lo odio.,LUYULEK',lo odio.,luyulek',flashcards,P00323,False
U01164,Pónganlo allí.,AKU'KU' NANEK,pónganlo allí.,aku'ku' nanek,flashcards,P01164,False
U00225,Es suyo.,KENMAKIN NUKA'A,es suyo.,kenmakin nuka'a,flashcards,P00225,False
U01768,Soy principiante.,TENMIANSU'PALEK,soy principiante.,tenmiansu'palek,flashcards,P01768,False
U01725,Odio planchar.,EMPU'DUNCHA',odio planchar.,empu'duncha',flashcards,P01725,False
U01336,¿Puedo tomarlo?,¿YENNITULEK PILLI'TAK?,¿puedo tomarlo?,¿yennitulek pilli'tak?,flashcards,P01336,False
U03079,"Encontrándole, a él nomás lo revolcaron golpéandolo y lo mataron.",Kananna' nanasa' llikantullina' dei'tullina'.,"encontrándole, a él nomás lo revolcaron golpéandolo y lo mataron.",kananna' nanasa' llikantullina' dei'tullina'.,pdf_textos,T011_N026,False
U01965,¿Lo hiciste?,¿NU'TULA?,¿lo hiciste?,¿nu'tula?,flashcards,P01965,False
U01485,Está mejorado.,TEKDIPERPI ÑAPALLI,está mejorado.,tekdiperpi ñapalli,flashcards,P01485,False
U00956,Qué dolor.,EMBU'NI IKER'IPA',qué dolor.,embu'ni iker'ipa',flashcards,P00956,False
U01576,Estábamos cerca.,KAWITUSU' ÑAPAWIÑIDEK,estábamos cerca.,kawitusu' ñapawiñidek,flashcards,P01576,False
U01049,Corre rápido.,TEK'KER' WIUK'SU',corre rápido.,tek'ker' wiuk'su',flashcards,P01049,False
U01044,Sé valiente.,NANTAPITEK ÑIKER',sé valiente.,nantapitek ñiker',flashcards,P01044,False
U00015,¡He ganado!,¡KANA'TULEK!,¡he ganado!,¡kana'tulek!,flashcards,P00015,False
U02060,Tuve suficiente.,A'ÑIWINEK NANASA',tuve suficiente.,a'ñiwinek nanasa',flashcards,P02060,False
U02231,¿Tienes hijos?,¿WILAWANPALA'?,¿tienes hijos?,¿wilawanpala'?,flashcards,P02231,False
U00432,Tomás condujo.,TOMAS EKPA'LLI,tomás condujo.,tomas ekpa'lli,flashcards,P00432,False
U00441,Tom irá.,TOM PA'ECHU,tom irá.,tom pa'echu,flashcards,P00441,False
U01006,¿Puedes andar?,¿YENNITAPALA DEKKUNTA'MAK?,¿puedes andar?,¿yennitapala dekkunta'mak?,flashcards,P01006,False
U00851,Déjame vivir.,TAITULA'U NANPIAK,déjame vivir.,taitula'u nanpiak,flashcards,P00851,False
U03123,Hasta acá nomás les he contado la lucha de Malallina con los españoles.,Nanek waleksa' winterkenma' asu' Malallina idenma'su' Ispaña la'la'lusa'lek.,hasta acá nomás les he contado la lucha de malallina con los españoles.,nanek waleksa' winterkenma' asu' malallina idenma'su' ispaña la'la'lusa'lek.,pdf_textos,T011_N070,False
U01046,La ayuda.,KATU'PA',la ayuda.,katu'pa',flashcards,P01046,False
U00213,Estoy limpio.,PEKUIPI ÑAPALEK,estoy limpio.,pekuipi ñapalek,flashcards,P00213,False
U01754,Estaba durmiendo.,WICHA'PAWINEK,estaba durmiendo.,wicha'pawinek,flashcards,P01754,False
U00478,¡Pásenle!,ENKA'KU',¡pásenle!,enka'ku',flashcards,P00478,False
U01378,¡Sujétalo!,¡PILLI'TER'!,¡sujétalo!,¡pilli'ter'!,flashcards,P01378,False
U01748,Quiero renunciar.,YAYUNSU'LEK,quiero renunciar.,yayunsu'lek,flashcards,P01748,False
U01681,¿Duele esto?,¿IKERLLI ASU'?,¿duele esto?,¿ikerlli asu'?,flashcards,P01681,False
U02235,¿Vives aquí?,¿ASEK NANPIPALA?,¿vives aquí?,¿asek nanpipala?,flashcards,P02235,False
U01190,Eso ayudará.,NANA KATU'PA'TECHU,eso ayudará.,nana katu'pa'techu,flashcards,P01190,False
U01380,¿Cuántos murieron?,¿ENPU'DUN CHIMIÑINA'?,¿cuántos murieron?,¿enpu'dun chimiñina'?,flashcards,P01380,False
U00938,Nos recordamos.,LLI'INUTAPALLIDEK,nos recordamos.,lli'inutapallidek,flashcards,P00938,False
U01702,Quiere ir.,YAPA'LLI,quiere ir.,yapa'lli,flashcards,P01702,False
U01553,Tom recuerda.,TOM LLI'INUTAPALLI,tom recuerda.,tom lli'inutapalli,flashcards,P01553,False
U00250,¡De pie!,¡WANERKER'!,¡de pie!,¡wanerker'!,flashcards,P00250,False
U02063,¿Respira?,¿NERIAPALLI?,¿respira?,¿neriapalli?,flashcards,P02063,False
U00860,Memorízalo.,SEKDIPERKER' MUTU'PENKEK,memorízalo.,sekdiperker' mutu'penkek,flashcards,P00860,False
U00720,Sé discreto.,LUNTEK YAÑITA,sé discreto.,luntek yañita,flashcards,P00720,False
U01855,Ellos aplaudieron.,NAWA' INLLIPU'ITEKLATULLINA',ellos aplaudieron.,nawa' inllipu'iteklatullina',flashcards,P01855,False
U00818,Estoy saludable.,ÑAPALEK MUDINUSU',estoy saludable.,ñapalek mudinusu',flashcards,P00818,False
U00301,¡Es estupendo!,¡U'CHIMUINCHI NUKA'A!,¡es estupendo!,¡u'chimuinchi nuka'a!,flashcards,P00301,False
U02001,Me resfrié.,ILUWINEK,me resfrié.,iluwinek,flashcards,P02001,False
U02108,¡Haz ruido!,¡A'ILLINKER'!,¡haz ruido!,¡a'illinker'!,flashcards,P02108,False
U00589,Es blanco.,DADAPU NUKA'A,es blanco.,dadapu nuka'a,flashcards,P00589,False
U00164,Él habló.,NANA LUNÑI,él habló.,nana lunñi,flashcards,P00164,False
U01207,Son rápidos.,WIUKSU'LUSA' NUKER'KA,son rápidos.,wiuksu'lusa' nuker'ka,flashcards,P01207,False
U01138,Sigue cantando.,TULUNER'APER'I'LA,sigue cantando.,tuluner'aper'i'la,flashcards,P01138,False
U00247,Prepárate.,INSEK'DIPER'KER',prepárate.,insek'diper'ker',flashcards,P00247,False
U00603,Besémonos.,INMUSHA'WA',besémonos.,inmusha'wa',flashcards,P00603,False
U01309,¿Estás sola?,¿KENMASHASA' ÑAPALA?,¿estás sola?,¿kenmashasa' ñapala?,flashcards,P01309,False
U00674,Tom llorará.,TOM WELLEK'ECHU,tom llorará.,tom wellek'echu,flashcards,P00674,False
U01645,¿Estás dormido?,¿WICHI'SU' ÑAPALA?,¿estás dormido?,¿wichi'su' ñapala?,flashcards,P01645,False
U00904,Ellos gritaron.,NAWA LAMAPU'LLINA',ellos gritaron.,nawa lamapu'llina',flashcards,P00904,False
U01555,Tom mentía.,TOM TUMU'PAWIÑI,tom mentía.,tom tumu'pawiñi,flashcards,P01555,False
U01325,Tráelo aquí.,KENCHER' ASEK,tráelo aquí.,kencher' asek,flashcards,P01325,False
U01627,Eras simpático.,U'CHA'PAYA ÑIWINA,eras simpático.,u'cha'paya ñiwina,flashcards,P01627,False
U00635,Eso duele.,NANA IKERLLI,eso duele.,nana ikerlli,flashcards,P00635,False
U02192,¿Cuándo correrás?,¿ENPI'TEKE'CHU?,¿cuándo correrás?,¿enpi'teke'chu?,flashcards,P02192,False
U00274,¿Quién vino?,¿DEN UK'LLI?,¿quién vino?,¿den uk'lli?,flashcards,P00274,False
U00560,Soy codicioso.,IÑER' LUANTULEK WAPU',soy codicioso.,iñer' luantulek wapu',flashcards,P00560,False
U00798,Quiero este.,ASU' LUWANTULEK,quiero este.,asu' luwantulek,flashcards,P00798,False
U01994,¡Qué humillante!,¡EMPU'NI DAKUTA!,¡qué humillante!,¡empu'ni dakuta!,flashcards,P01994,False
U02072,Pronto lloverá.,IPIA'LA U'LENCHU,pronto lloverá.,ipia'la u'lenchu,flashcards,P02072,False
U01834,Nadie gritó.,ÑIDEN LAMAPUI'ÑI,nadie gritó.,ñiden lamapui'ñi,flashcards,P01834,False
U02002,Me acobardé.,SAPULEK,me acobardé.,sapulek,flashcards,P02002,False
U01082,Hablo rápido.,WIUKSU' LUNPALEK,hablo rápido.,wiuksu' lunpalek,flashcards,P01082,False
U01252,Estamos encerrados.,UNKU'PI ÑAPALLIDEK,estamos encerrados.,unku'pi ñapallidek,flashcards,P01252,False
U02179,Estamos seguros.,MUSU'LU'UKPI ÑAPALLIDEK,estamos seguros.,musu'lu'ukpi ñapallidek,flashcards,P02179,False
U01354,Dámelo.,ENKA'U,dámelo.,enka'u,flashcards,P01354,False
U00900,Esperaron.,WA'TENTULLINA',esperaron.,wa'tentullina',flashcards,P00900,False
U00229,Es rojo.,PIPERSU' NUKA'A,es rojo.,pipersu' nuka'a,flashcards,P00229,False
U01861,Estaban muertos.,ÑAPAWIÑINA' CHIMIPI,estaban muertos.,ñapawiñina' chimipi,flashcards,P01861,False
U01756,Fui bienvenido.,MUSU' SEKAPER'LLINERKU,fui bienvenido.,musu' sekaper'llinerku,flashcards,P01756,False
U00606,Cantemos.,TULUNER'AWA',cantemos.,tuluner'awa',flashcards,P00606,False
U00862,Nadie vino.,ÑIDEN U'I'ÑI,nadie vino.,ñiden u'i'ñi,flashcards,P00862,False
U01733,Necesito respuestas.,LUWANTULEK NA'PIA'MUSU',necesito respuestas.,luwantulek na'pia'musu',flashcards,P01733,False
U01064,Me corto.,INDEI'TECHEK,me corto.,indei'techek,flashcards,P01064,False
U02034,Estaba escuchando.,LAUK'TAPAWINEK,estaba escuchando.,lauk'tapawinek,flashcards,P02034,False
U00838,Yo invito.,KUA PEKLU'TULEK,yo invito.,kua peklu'tulek,flashcards,P00838,False
U00446,Fallamos.,APER'LLIDEK,fallamos.,aper'llidek,flashcards,P00446,False
U01993,"Ten, pruébatelo.","MA'A'TASU' , LATAKER'","ten, pruébatelo.","ma'a'tasu', lataker'",flashcards,P01993,False
U02693,gritó Arákayu.,lukatullima Arakayu.,gritó arákayu.,lukatullima arakayu.,pdf_textos,T007_N113,False
U00154,Adelántante,EKTE'CHER',adelántante,ekte'cher',flashcards,P00154,False
U00074,Dolor,IKER,dolor,iker,flashcards,P00074,False
U02166,Compartimos ideas.,A'NAÑIWA' LLI'INULUSA',compartimos ideas.,a'nañiwa' lli'inulusa',flashcards,P02166,False
U03053,"Hasta aquí nomás les voy a contar sobre Moyobamba. Jeberos, julio 2007",Nanek waleksa' winterkenma' asu' Muyunpaki.,"hasta aquí nomás les voy a contar sobre moyobamba. jeberos, julio 2007",nanek waleksa' winterkenma' asu' muyunpaki.,pdf_textos,T010_N221,False
U00215,Estoy caliente.,UKAPISU' ÑAPALEK,estoy caliente.,ukapisu' ñapalek,flashcards,P00215,False
U01564,Tenemos hambre.,UKI'LALLIDEK,tenemos hambre.,uki'lallidek,flashcards,P01564,False
U01966,¿Me extrañaste?,¿LU'WAN'NUN?,¿me extrañaste?,¿lu'wan'nun?,flashcards,P01966,False
U01726,Odio trabajar.,LUYULEK SAKA'TAK,odio trabajar.,luyulek saka'tak,flashcards,P01726,False
U02263,Siendo señorita encontré marido.,Wilaluntamu sudawek kananek.,siendo señorita encontré marido.,wilaluntamu sudawek kananek.,pdf_textos,T001_N013,False
U03158,Ahí se fueron a vivir los Laulates12.,Nanek ima ñikuñi Laweklateklusa'.,ahí se fueron a vivir los laulates12.,nanek ima ñikuñi laweklateklusa'.,pdf_textos,T013_N012,False
U00256,Tomás miente.,TOMAS TUMU'PALLI,tomás miente.,tomas tumu'palli,flashcards,P00256,False
U00972,Se desmayó.,MUISU' KANKATULLI,se desmayó.,muisu' kankatulli,flashcards,P00972,False
U00440,Tomás trabaja.,TOMÁS SAKA'TAPALLI,tomás trabaja.,tomás saka'tapalli,flashcards,P00440,False
U01440,Te mataré.,DEI'TECHEN,te mataré.,dei'techen,flashcards,P01440,False
U01879,Ten cuidado.,INLU'UK'TUKER',ten cuidado.,inlu'uk'tuker',flashcards,P01879,False
U02627,En verdad le dijeron:,Tekkinchima itulli:,en verdad le dijeron:,tekkinchima itulli:,pdf_textos,T007_N047,False
U01642,Estás tratando.,YANU'TAPALA,estás tratando.,yanu'tapala,flashcards,P01642,False
U01039,¡Feliz Pascua!,¡MUSU' PASKUA'!,¡feliz pascua!,¡musu' paskua'!,flashcards,P01039,False
U01108,Soy inocente.,MA'NEN NU'CHI'NEK,soy inocente.,ma'nen nu'chi'nek,flashcards,P01108,False
U00506,Aquí está.,ASEK' ÑAPALLI,aquí está.,asek' ñapalli,flashcards,P00506,False
U03091,"Ahora vamos a vivir así, ahora ya no vamos a pandillar todo el pueblo.","Nu'su' ipa'la ñaterwa', ñi kenmu'wa' ipa'la chu'kenapi'nterwa' iñer ñinanlu'.","ahora vamos a vivir así, ahora ya no vamos a pandillar todo el pueblo.","nu'su' ipa'la ñaterwa', ñi kenmu'wa' ipa'la chu'kenapi'nterwa' iñer ñinanlu'.",pdf_textos,T011_N038,False
U00791,Necesito esto.,LUWANTULEK ASU',necesito esto.,luwantulek asu',flashcards,P00791,False
U01833,Muévase ya.,LENME'KER' IPA,muévase ya.,lenme'ker' ipa,flashcards,P01833,False
U02332,nos estamos muriendo.,chimianpilallidek.,nos estamos muriendo.,chimianpilallidek.,pdf_textos,T001_N082,False
U01808,Olvídalo ya.,IPA' PINANERKER',olvídalo ya.,ipa' pinanerker',flashcards,P01808,False
U01943,¿Estás ganando?,¿KANA'TAPALA?,¿estás ganando?,¿kana'tapala?,flashcards,P01943,False
U02228,¡Contrólate!,¡INLU'UK'TER!,¡contrólate!,¡inlu'uk'ter!,flashcards,P02228,False
U01235,Nos preparamos.,INSEK'DIPERLEKWA',nos preparamos.,insek'diperlekwa',flashcards,P01235,False
U00651,Tom baila.,TOM LANSA'PALLI,tom baila.,tom lansa'palli,flashcards,P00651,False
U00543,Grité.,LAMAPU'LEK,grité.,lamapu'lek,flashcards,P00543,False
U00490,No hables.,YALUNTA',no hables.,yalunta',flashcards,P00490,False
U01460,Te escucharé.,LAUK'ECHEN,te escucharé.,lauk'echen,flashcards,P01460,False
U02126,Están amarillos.,SHA'PI'SU'SA' ÑAPALLINA,están amarillos.,sha'pi'su'sa' ñapallina,flashcards,P02126,False
U01792,Huele bien.,U'CHIMU LANELLIEK,huele bien.,u'chimu lanelliek,flashcards,P01792,False
U01081,Leo libros.,LUNTULEK KERKA'LUSA',leo libros.,luntulek kerka'lusa',flashcards,P01081,False
U01409,Escucho voces.,LAUK'APALEK LA'LA'LUSA',escucho voces.,lauk'apalek la'la'lusa',flashcards,P01409,False
U01210,Son ricas.,IYASU'LUSA' NUKER'KA,son ricas.,iyasu'lusa' nuker'ka,flashcards,P01210,False
U02226,¿Puedo salir?,¿YENNITULEK YUNSU'AK?,¿puedo salir?,¿yennitulek yunsu'ak?,flashcards,P02226,False
U01328,Pidan ayuda.,LEKTUKU' KATU'PA',pidan ayuda.,lektuku' katu'pa',flashcards,P01328,False
U03078,Los del grupo del Malallina entraron y encontraron solamente a Sekputchek.,Nana Malallinalek ñapalusi'mi'na danker'kuñina' kani'ñina' Sekputcheksa'.,los del grupo del malallina entraron y encontraron solamente a sekputchek.,nana malallinalek ñapalusi'mi'na danker'kuñina' kani'ñina' sekputcheksa'.,pdf_textos,T011_N025,False
U01422,Quiero comer.,YAWERANNEK,quiero comer.,yawerannek,flashcards,P01422,False
U00485,No miren.,YALLI'TAMA,no miren.,yalli'tama,flashcards,P00485,False
U01949,¿Pueden vernos?,¿YENNITULLINA LLI'ER'KENMUAK?,¿pueden vernos?,¿yennitullina lli'er'kenmuak?,flashcards,P01949,False
U00472,Comprueba esto.,TEKLERIER' ASU',comprueba esto.,teklerier' asu',flashcards,P00472,False
U01874,Tom canta.,TOM TULUNER'LLI,tom canta.,tom tuluner'lli,flashcards,P01874,False
U02165,Deberíamos ganar.,KANA'TA'KAWA'SU' ÑAPALLI,deberíamos ganar.,kana'ta'kawa'su' ñapalli,flashcards,P02165,False
U02099,Llevémonos bien.,IN'EKPA'WA' MUSU',llevémonos bien.,in'ekpa'wa' musu',flashcards,P02099,False
U00259,Tom renunció.,TOM YUNSU'LLI,tom renunció.,tom yunsu'lli,flashcards,P00259,False
U00019,Sonrían.,YAMERKU',sonrían.,yamerku',flashcards,P00019,False
U00265,Usa esto.,PATA'KER' ASU',usa esto.,pata'ker' asu',flashcards,P00265,False
U00883,¡Quieto ahí!,¡YALENMEKTA NANEK!,¡quieto ahí!,¡yalenmekta nanek!,flashcards,P00883,False
U00396,¡Buen tiro!,MUSU' DEK'LA,¡buen tiro!,musu' dek'la,flashcards,P00396,False
U01520,¿Debo continuar?,¿TUPITE'CHEKPI'LA?,¿debo continuar?,¿tupite'chekpi'la?,flashcards,P01520,False
U01900,¿Estabas allí?,¿NANEK ÑAPAWINA?,¿estabas allí?,¿nanek ñapawina?,flashcards,P01900,False
U00910,Tom decidió.,TOM WADUÑI,tom decidió.,tom waduñi,flashcards,P00910,False
U00394,Deja sitio.,TA'ITER' A'MERCHA,deja sitio.,ta'iter' a'mercha,flashcards,P00394,False
U01118,¿Está roto?,¿NUSHA'TUSU' ÑAPALLI?,¿está roto?,¿nusha'tusu' ñapalli?,flashcards,P01118,False
U01146,Dejame hablar.,TA'ITULA'U LUN'ECHEK,dejame hablar.,ta'itula'u lun'echek,flashcards,P01146,False
U01805,Es idéntico.,NANAPU'SU' NUKA'A,es idéntico.,nanapu'su' nuka'a,flashcards,P01805,False
U00223,Es Tom.,TOM NUKA'A,es tom.,tom nuka'a,flashcards,P00223,False
U02206,Pareces triste.,LLI'TULA WE'INUTUSU',pareces triste.,lli'tula we'inutusu',flashcards,P02206,False
U00767,Estoy leseando.,SI'LENTAPALEK,estoy leseando.,si'lentapalek,flashcards,P00767,False
U03023,"A algunos se los comió el tigre negro, cuando volvieron a ir los mataron.","Nu'unti'ma kelluluñiñi'ler ka'deklli, pa'nunta'nni'ma ipa' di'tullina'.","a algunos se los comió el tigre negro, cuando volvieron a ir los mataron.","nu'unti'ma kelluluñiñi'ler ka'deklli, pa'nunta'nni'ma ipa' di'tullina'.",pdf_textos,T010_N191,False
U02084,Siempre ríe.,NERPI'PU' YAMER'KER,siempre ríe.,nerpi'pu' yamer'ker,flashcards,P02084,False
U01547,Están mintiendo.,TUMU'PALLINA',están mintiendo.,tumu'pallina',flashcards,P01547,False
U01478,No servirá.,KU'LA PA'CHINCHU,no servirá.,ku'la pa'chinchu,flashcards,P01478,False
U00777,Me enfadé.,YULEK,me enfadé.,yulek,flashcards,P00777,False
U00224,Es divertido.,WA'DANPINTEK,es divertido.,wa'danpintek,flashcards,P00224,False
U02101,Curémonos.,INLULEN'AWA',curémonos.,inlulen'awa',flashcards,P02101,False
U00745,No sonrían.,YAYAMERLADATAMA',no sonrían.,yayamerladatama',flashcards,P00745,False
U00348,Lo siento.,WE'INU,lo siento.,we'inu,flashcards,P00348,False
U00971,Te desmayaste.,MUISU' KANKANTULA,te desmayaste.,muisu' kankantula,flashcards,P00971,False
U01050,Esperará.,WA'TENTECHU,esperará.,wa'tentechu,flashcards,P01050,False
U02085,Seguí practicando.,TUPITULEK INPALERIAMU,seguí practicando.,tupitulek inpaleriamu,flashcards,P02085,False
U01617,Puedes hablar.,YENNITULA LUN'A'MAK,puedes hablar.,yennitula lun'a'mak,flashcards,P01617,False
U00588,Está ahí.,NANEK ÑAPALLI,está ahí.,nanek ñapalli,flashcards,P00588,False
U00482,¿Fue Tom?,¿TOM ÑIWIÑI?,¿fue tom?,¿tom ñiwiñi?,flashcards,P00482,False
U02437,Con su padre les he criado.,Papinalek teksusudeklek.,con su padre les he criado.,papinalek teksusudeklek.,pdf_textos,T003_N044,False
U00451,Ya veremos.,IPA' LLI'ATERWA',ya veremos.,ipa' lli'aterwa',flashcards,P00451,False
U01572,Necesitamos dinero.,KULLIKER' LUWANTULLIDEK,necesitamos dinero.,kulliker' luwantullidek,flashcards,P01572,False
U02236,¿Viven aquí?,¿ASEK NANPIPALAMA'?,¿viven aquí?,¿asek nanpipalama'?,flashcards,P02236,False
U00038,Escuché.,LAU'TULEK,escuché.,lau'tulek,flashcards,P00038,False
U02229,¿Tienes cerveza?,¿A'ÑAPALA CERVEZA?,¿tienes cerveza?,¿a'ñapala cerveza?,flashcards,P02229,False
U00961,¿Quiénes sois?,¿DENLUSA'ACHA?,¿quiénes sois?,¿denlusa'acha?,flashcards,P00961,False
U01214,Tom respondió.,TOM NA'PITULLI,tom respondió.,tom na'pitulli,flashcards,P01214,False
U00299,No mientas.,YATUMU'TA,no mientas.,yatumu'ta,flashcards,P00299,False
U00628,Quédate ahí.,NANEK LLIA'KER',quédate ahí.,nanek llia'ker',flashcards,P00628,False
U00793,Leo labios.,ÑINCHITAPALEK MA'TAPALLINPA',leo labios.,ñinchitapalek ma'tapallinpa',flashcards,P00793,False
U00705,¿Quién gritó?,¿DEN LAMAPU'LLI?,¿quién gritó?,¿den lamapu'lli?,flashcards,P00705,False
U00827,Estoy descansando.,NERIAPALEK,estoy descansando.,neriapalek,flashcards,P00827,False
U01473,Había nevado.,PULUNKER' ÑAPAWIÑI,había nevado.,pulunker' ñapawiñi,flashcards,P01473,False
U01464,¿Está mirando?,¿LLI'TAPALLI?,¿está mirando?,¿lli'tapalli?,flashcards,P01464,False
U02152,Tom aceleró.,TOM NAKUSU' A'TEKA'LLI,tom aceleró.,tom nakusu' a'teka'lli,flashcards,P02152,False
U01123,Era negro.,KERPI'A'CHA',era negro.,kerpi'a'cha',flashcards,P01123,False
U00006,¡Fuego!,¡PEN!,¡fuego!,¡pen!,flashcards,P00006,False
U01620,Necesitas esto.,LUWANTULA ASU',necesitas esto.,luwantula asu',flashcards,P01620,False
U01535,Aquí tienes.,ASEK A'ÑAPALA,aquí tienes.,asek a'ñapala,flashcards,P01535,False
U00664,Tomás llamó soplando hoja.,CHUMA PEKLU'TULLI PENMEK'TAN,tomás llamó soplando hoja.,chuma peklu'tulli penmek'tan,flashcards,P00664,False
U00475,Vente.,WENLLER' ,vente.,wenller',flashcards,P00475,False
U00009,¡Socorro! ¡Auxilio!,¡KATU'PA'! ¡KATU'PA'!,¡socorro! ¡auxilio!,¡katu'pa'! ¡katu'pa'!,flashcards,P00009,False
U00345,Soy obeso.,WEIPENSU' NUKA'KA,soy obeso.,weipensu' nuka'ka,flashcards,P00345,False
U01897,Los tenemos.,A'ÑAPALEKDEKWA',los tenemos.,a'ñapalekdekwa',flashcards,P01897,False
U00765,Soy cocinero.,KALU'TUTEK' NUKA'KA,soy cocinero.,kalu'tutek' nuka'ka,flashcards,P00765,False
U00352,¿Es grave?,¿NU'LA'LLI?,¿es grave?,¿nu'la'lli?,flashcards,P00352,False
U00069,Vaya despacio.,PAKER' UTI'LA,vaya despacio.,paker' uti'la,flashcards,P00069,False
U00759,Está fingiendo.,INTEK APALLI,está fingiendo.,intek apalli,flashcards,P00759,False
U00366,¡Está listo!,¡INSEK'DIPERPI ÑAPALLI!,¡está listo!,¡insek'diperpi ñapalli!,flashcards,P00366,False
U01198,Rieron.,LUMER'LLINA',rieron.,lumer'llina',flashcards,P01198,False
U01590,¡Estamos atrapados!,¡PILLI'PI ÑAPALEKWA'!,¡estamos atrapados!,¡pilli'pi ñapalekwa'!,flashcards,P01590,False
U00221,Duele.,IKERLLI,duele.,ikerlli,flashcards,P00221,False
U01493,Déjale pasar.,TA'ITULER' NAKUI,déjale pasar.,ta'ituler' nakui,flashcards,P01493,False
U02122,Es dudoso.,LATEK'INPU'SU' NUKA'A,es dudoso.,latek'inpu'su' nuka'a,flashcards,P02122,False
U01921,Fuiste valiente.,NANTAPITEK ÑIWINA,fuiste valiente.,nantapitek ñiwina,flashcards,P01921,False
U01247,Nos rendimos.,YENNICHI'NEK'WA',nos rendimos.,yennichi'nek'wa',flashcards,P01247,False
U01094,Seré libre.,INAPI ÑECHEK,seré libre.,inapi ñechek,flashcards,P01094,False
U00633,¡Habla conmigo!,¡LUNKER' KUALEK!,¡habla conmigo!,¡lunker' kualek!,flashcards,P00633,False
U01112,Estoy preparado.,ÑAPALEK INSEKDIPERSU',estoy preparado.,ñapalek insekdipersu',flashcards,P01112,False
U02181,Estamos organizados.,MUMUSU' ÑAPALLIDEK,estamos organizados.,mumusu' ñapallidek,flashcards,P02181,False
U01745,Quiero ayudar.,YAKATUPA'TULEK,quiero ayudar.,yakatupa'tulek,flashcards,P01745,False
U01454,Soy olvidadizo.,PINANERCHEK'KU NUKAKA,soy olvidadizo.,pinanerchek'ku nukaka,flashcards,P01454,False
U02188,¿Qué dijo?,¿MA'TULLI?,¿qué dijo?,¿ma'tulli?,flashcards,P02188,False
U00802,Estaba desnudo.,INANPILATEK ÑAPAWINEK,estaba desnudo.,inanpilatek ñapawinek,flashcards,P00802,False
U03167,"Y ustedes los de la pampa Chota, ustedes son Chota.","Kenmami'na nana panpateklu' Chota, Chotanma'.","y ustedes los de la pampa chota, ustedes son chota.","kenmami'na nana panpateklu' chota, chotanma'.",pdf_textos,T013_N021,False
U03139,Las viejitas lloraban de hambre.,Amilusi'ma' willekllina' ukki'lanna'.,las viejitas lloraban de hambre.,amilusi'ma' willekllina' ukki'lanna'.,pdf_textos,T012_N015,False
U00897,Se besaron.,INMUSHA'LLINA',se besaron.,inmusha'llina',flashcards,P00897,False
U00624,Empieza aquí.,TENMIAN'SUER' ASU',empieza aquí.,tenmian'suer' asu',flashcards,P00624,False
U02225,¿Me permiten?,¿TA'ITULE'CHUNER'KU?,¿me permiten?,¿ta'itule'chuner'ku?,flashcards,P02225,False
U00544,Yo grité.,KUA LAMAPU'LEK,yo grité.,kua lamapu'lek,flashcards,P00544,False
U01815,Déjelo ahí.,TA'ITULER NANEK,déjelo ahí.,ta'ituler nanek,flashcards,P01815,False
U01517,¡Digan algo!,¡TUKU' MA'NEN'UNTA'!,¡digan algo!,¡tuku' ma'nen'unta'!,flashcards,P01517,False
U00468,Traed comida.,KENCHER' WERAN,traed comida.,kencher' weran,flashcards,P00468,False
U02145,Son amigos.,EKUANLUSA' NUKER'KA,son amigos.,ekuanlusa' nuker'ka,flashcards,P02145,False
U00630,Detente ahí.,LLIA'KER' NANEK,detente ahí.,llia'ker' nanek,flashcards,P00630,False
U01602,¿Dónde estás?,¿ENÑUPA'CHA ÑAPALA?,¿dónde estás?,¿enñupa'cha ñapala?,flashcards,P01602,False
U00473,Escoge uno.,WADUNKER' ALA'SA',escoge uno.,wadunker' ala'sa',flashcards,P00473,False
U00431,Perdieron.,KANA'CHI'ÑINA',perdieron.,kana'chi'ñina',flashcards,P00431,False
U00931,Podemos hablar.,YINNITULLIDEK LUNNAK,podemos hablar.,yinnitullidek lunnak,flashcards,P00931,False
U01492,Déjelo aquí.,TA'ITULER' ASEK,déjelo aquí.,ta'ituler' asek,flashcards,P01492,False
U02105,Paremos aquí.,WANERAWA' ASEK,paremos aquí.,wanerawa' asek,flashcards,P02105,False
U00610,Caminemos.,DEK'KUNTAWA',caminemos.,dek'kuntawa',flashcards,P00610,False
U00772,No como.,KA'API'NEK,no como.,ka'api'nek,flashcards,P00772,False
U00815,Estoy comprometida.,ÑAPALEK ALA'SA' ENMU'PINENLEK,estoy comprometida.,ñapalek ala'sa' enmu'pinenlek,flashcards,P00815,False
U03124,Ya me voy.,Pantetchek.,ya me voy.,pantetchek.,pdf_textos,T011_N071,False
U00536,¡Te amo!,¡LUANTULLIEN!,¡te amo!,¡luantullien!,flashcards,P00536,False
U01828,Escucha atentamente.,LAU'KER' MUSU',escucha atentamente.,lau'ker' musu',flashcards,P01828,False
U01716,No pico.,KU'LA EK'KUANPINEK,no pico.,ku'la ek'kuanpinek,flashcards,P01716,False
U01339,Baila conmigo.,LANSA'KER' KUALEK,baila conmigo.,lansa'ker' kualek,flashcards,P01339,False
U01471,Se quebró.,NUPEK'TULLI,se quebró.,nupek'tulli,flashcards,P01471,False
U01967,Hazlo ahoritita.,NU'TER' IPIA'LASHINCHI,hazlo ahoritita.,nu'ter' ipia'lashinchi,flashcards,P01967,False
U02133,Parecen felices.,LLI'TULLINA' MUSU',parecen felices.,lli'tullina' musu',flashcards,P02133,False
U00351,¿Está Tom?,¿ÑAPALLI TOM?,¿está tom?,¿ñapalli tom?,flashcards,P00351,False
U01730,Adoro ganar.,IYATULEK KANA'TAK,adoro ganar.,iyatulek kana'tak,flashcards,P01730,False
U01511,Hazlo rápido.,WIUK'SU' NU'TER',hazlo rápido.,wiuk'su' nu'ter',flashcards,P01511,False
U01638,Eres guapa.,MULUNSHA NUKA'MA,eres guapa.,mulunsha nuka'ma,flashcards,P01638,False
U01384,Siempre camino.,NERPI'PU' DEKUNDAPALEK,siempre camino.,nerpi'pu' dekundapalek,flashcards,P01384,False
U00120,Despierta.,NANPIKER',despierta.,nanpiker',flashcards,P00120,False
U00564,Estoy soltero.,KU'APER'WI'NEK,estoy soltero.,ku'aper'wi'nek,flashcards,P00564,False
U00799,Estaba despierto.,ÑAPAWINEK NANPILADASU',estaba despierto.,ñapawinek nanpiladasu',flashcards,P00799,False
U00036,Estoy levantado.,YUNSANSU' ÑAPALEK,estoy levantado.,yunsansu' ñapalek,flashcards,P00036,False
U00325,Lo sabía.,ÑINCHITUWINEK',lo sabía.,ñinchituwinek',flashcards,P00325,False
U01880,Somos médicos.,LULENTUTEK NUKA'KAWA',somos médicos.,lulentutek nuka'kawa',flashcards,P01880,False
U00231,Prohibido pasar.,KU'LA NAKUI'NCHU,prohibido pasar.,ku'la nakui'nchu,flashcards,P00231,False
U00752,¿Ha venido?,¿UKLLIN'CHA?,¿ha venido?,¿ukllin'cha?,flashcards,P00752,False
U01076,Necesito dormir.,LUWANTULEK WICHI'AK,necesito dormir.,luwantulek wichi'ak,flashcards,P01076,False
U01414,Necesito café.,WAYUSA' LUWANTULEK,necesito café.,wayusa' luwantulek,flashcards,P01414,False
U01610,Se equivocan.,APER'LLINA',se equivocan.,aper'llina',flashcards,P01610,False
U00149,Túmbate.,ANU'KER',túmbate.,anu'ker',flashcards,P00149,False
U03193,Nuestros abuelos finados ellos han sido así.,Papinkumapu'wa'ku'lusa' nana nu'llina'.,nuestros abuelos finados ellos han sido así.,papinkumapu'wa'ku'lusa' nana nu'llina'.,pdf_textos,T013_N047,False
U00416,Quieto.,DU'LA'KER' ,quieto.,du'la'ker',flashcards,P00416,False
U01265,Eres bueno.,U'CHIMU NUKA'MA,eres bueno.,u'chimu nuka'ma,flashcards,P01265,False
U01771,Estoy apurado.,WIUK'APALEK,estoy apurado.,wiuk'apalek,flashcards,P01771,False
U03195,"Ahora se escoge los nombres leyendo en papel, a veces.","Wadunek kerkek lli'amu llillinlusa', nerpi'pu'.","ahora se escoge los nombres leyendo en papel, a veces.","wadunek kerkek lli'amu llillinlusa', nerpi'pu'.",pdf_textos,T013_N049,False
U01355,Dímelo.,WINTU'U,dímelo.,wintu'u,flashcards,P01355,False
U02169,Andamos mucho.,DEK'KUNTAPALLIDEK' WAPU',andamos mucho.,dek'kuntapallidek' wapu',flashcards,P02169,False
U00855,¡Hagámoslo!,¡NU'TAWA'!,¡hagámoslo!,¡nu'tawa'!,flashcards,P00855,False
U01305,¿Estoy soñando?,¿WA'LATAPALEK?,¿estoy soñando?,¿wa'latapalek?,flashcards,P01305,False
U01697,Es canadiense.,KANADIENSE NUKA'A,es canadiense.,kanadiense nuka'a,flashcards,P01697,False
U02240,No duerme.,KU'LA WICHA'PI'ÑI,no duerme.,ku'la wicha'pi'ñi,flashcards,P02240,False
U01342,¿Te conozco?,¿LUWER'CHAPALLIEN?,¿te conozco?,¿luwer'chapallien?,flashcards,P01342,False
U01696,Ha cambiado.,A'PAWILEKLLI,ha cambiado.,a'pawileklli,flashcards,P01696,False
U01653,¿Puedo besarte?,¿YENNITULEK MUSHA'A'KIK?,¿puedo besarte?,¿yennitulek musha'a'kik?,flashcards,P01653,False
U00707,Tú decides.,KENMA TECHU,tú decides.,kenma techu,flashcards,P00707,False
U00417,Más despacio.,A'PINTA' UTI'LA,más despacio.,a'pinta' uti'la,flashcards,P00417,False
U01333,¿Puedo participar?,¿YENNITULEK KATUPA'TAK?,¿puedo participar?,¿yennitulek katupa'tak?,flashcards,P01333,False
U00709,Pueden irse.,YENNITULAMA' PA'A'MAMA'SU',pueden irse.,yennitulama' pa'a'mama'su',flashcards,P00709,False
U01623,Pareces loco.,WA'DANPINTEK'PU'SU' LLI'TULA,pareces loco.,wa'danpintek'pu'su' lli'tula,flashcards,P01623,False
U00522,Como aquí.,MAPU'SINA ASEK',como aquí.,mapu'sina asek',flashcards,P00522,False
U01962,¿Les gustó?,¿IYA'TULAMA?,¿les gustó?,¿iya'tulama?,flashcards,P01962,False
U01452,Estoy desesperado.,PERWATENDUSU' ÑAPALEK,estoy desesperado.,perwatendusu' ñapalek,flashcards,P01452,False
U00846,Está nublado.,PULUNKER' WANTA'PALLI,está nublado.,pulunker' wanta'palli,flashcards,P00846,False
U00005,¿Quién?,¿DEN?,¿quién?,¿den?,flashcards,P00005,False
U00011,¡Salta!,¡INDEKKER'!,¡salta!,¡indekker'!,flashcards,P00011,False
U01528,Sé positivo.,INLLI'INUTER' MUSUK,sé positivo.,inlli'inuter' musuk,flashcards,P01528,False
U00465,Estate contento.,ÑAPAKER' MUSU'KANKANTUSU',estate contento.,ñapaker' musu'kankantusu',flashcards,P00465,False
U01671,¿Lo tienes?,¿A'ÑAPALA?,¿lo tienes?,¿a'ñapala?,flashcards,P01671,False
U02953,dijo el Duende Puro Hueso mientras se quemaba.,tullima Lansi' Wa'dan uker'apan.,dijo el duende puro hueso mientras se quemaba.,tullima lansi' wa'dan uker'apan.,pdf_textos,T010_N121,False
U00901,Caminaron.,DEK'KUNTULLINA',caminaron.,dek'kuntullina',flashcards,P00901,False
U00525,Te detesto.,LUYULLIEN,te detesto.,luyullien,flashcards,P00525,False
U03145,Así nomas han sido antes.,Nu'su'sa' ñillina' napi'.,así nomas han sido antes.,nu'su'sa' ñillina' napi'.,pdf_textos,T012_N021,False
U00331,Te vi.,LLI'LLIEN,te vi.,lli'llien,flashcards,P00331,False
U00140,Sean breves.,EMPU'NI YALUNTAMA',sean breves.,empu'ni yaluntama',flashcards,P00140,False
U01303,Eres duro.,WATENSU' NUKA'MA,eres duro.,watensu' nuka'ma,flashcards,P01303,False
U00040,Escucharon.,LAU'TULLINA',escucharon.,lau'tullina',flashcards,P00040,False
U01832,¿Puedo unírmeles?,¿YENNITULEK PIPER'AN'MASU'?,¿puedo unírmeles?,¿yennitulek piper'an'masu'?,flashcards,P01832,False
U00738,Hazlo ahorita.,NU'TER' IPIA'LA,hazlo ahorita.,nu'ter' ipia'la,flashcards,P00738,False
U02202,Nos traicionaste.,WA'DANPILAPILUNDEK,nos traicionaste.,wa'danpilapilundek,flashcards,P02202,False
U00101,"Yo, también.",KUANTA',"yo, también.",kuanta',flashcards,P00101,False
U00864,Ahora ayúdame.,IPA'LA KATUPA'U,ahora ayúdame.,ipa'la katupa'u,flashcards,P00864,False
U00454,¿Quién es?,¿DEN A'CHA?,¿quién es?,¿den a'cha?,flashcards,P00454,False
U00965,¿Quién viene?,¿DEN U'APILELLI?,¿quién viene?,¿den u'apilelli?,flashcards,P00965,False
U00849,Déjame ayudarte.,TAITULA'U KATU'PE'CHEN,déjame ayudarte.,taitula'u katu'pe'chen,flashcards,P00849,False
U00012,¡Para!,¡TA'ITULER'!,¡para!,¡ta'ituler'!,flashcards,P00012,False
U01068,No sé.,ÑINCHICHI'NEK,no sé.,ñinchichi'nek,flashcards,P01068,False
U00493,No esperes.,YAWA'TENTUTA,no esperes.,yawa'tentuta,flashcards,P00493,False
U00089,Lo intenté.,TEKLE'RILEK',lo intenté.,tekle'rilek',flashcards,P00089,False
U01978,¿Me conoce?,¿LUWER'CHAPALUN?,¿me conoce?,¿luwer'chapalun?,flashcards,P01978,False
U00174,Lo hice.,NU'TULEK,lo hice.,nu'tulek,flashcards,P00174,False
U00507,Aquí vamos.,ASEK' PA'APILALLIDEK,aquí vamos.,asek' pa'apilallidek,flashcards,P00507,False
U00362,Hace frío.,SANEK'WAÑI,hace frío.,sanek'wañi,flashcards,P00362,False
U00328,¡Lo adoro!,¡TANTE'ÑEK!,¡lo adoro!,¡tante'ñek!,flashcards,P00328,False
U02093,Primero comamos.,NANENTU WERANWA',primero comamos.,nanentu weranwa',flashcards,P02093,False
U02233,¿Tienen arroz?,¿PUMULADAWANPALAMA'?,¿tienen arroz?,¿pumuladawanpalama'?,flashcards,P02233,False
U01057,Soy chino.,CHINU NUKA'KA,soy chino.,chinu nuka'ka,flashcards,P01057,False
U02211,Mejor vete.,A'PIMUECHU PAKER',mejor vete.,a'pimuechu paker',flashcards,P02211,False
U02036,Estaría agradecido.,YUSPEINE'PI ÑAPINA'KA,estaría agradecido.,yuspeine'pi ñapina'ka,flashcards,P02036,False
U00736,Cuenta conmigo.,KUA KATU'PEKCHEN,cuenta conmigo.,kua katu'pekchen,flashcards,P00736,False
U00356,Se quemó.,UKER'LLI,se quemó.,uker'lli,flashcards,P00356,False
U00878,¿Nos vamos?,¿PA'ATER'?,¿nos vamos?,¿pa'ater'?,flashcards,P00878,False
U02180,Estamos escuchando.,LAUK'TAPALLIDEK,estamos escuchando.,lauk'tapallidek,flashcards,P02180,False
U00749,Terminen esto.,A'TA'WANTUKU' ASU',terminen esto.,a'ta'wantuku' asu',flashcards,P00749,False
U01853,Es ese.,NUKA'A NANA,es ese.,nuka'a nana,flashcards,P01853,False
U00825,Soy paciente.,WA'TENTUTEK NUKA'KA,soy paciente.,wa'tentutek nuka'ka,flashcards,P00825,False
U01629,Trabajas duro.,SAKA'TECHU WATENSU',trabajas duro.,saka'techu watensu',flashcards,P01629,False
U01781,¿Es médico?,¿LULENTUTEKEN'A'CHA?,¿es médico?,¿lulentuteken'a'cha?,flashcards,P01781,False
U00112,Cógelo.,MAKER',cógelo.,maker',flashcards,P00112,False
U01599,¿Qué ocurrió?,¿MA'NEN'A'CHA NAKULLI?,¿qué ocurrió?,¿ma'nen'a'cha nakulli?,flashcards,P01599,False
U00159,¡Buen trabajo!,¡MUSA'KA'TUNA!,¡buen trabajo!,¡musa'ka'tuna!,flashcards,P00159,False
U00902,Ellos caminaron.,NAWA DEK'KUNTILLINA',ellos caminaron.,nawa dek'kuntillina',flashcards,P00902,False
U00430,Cayeron.,ANU'LLINA',cayeron.,anu'llina',flashcards,P00430,False
U01640,Estás delgado.,SHA'MU'SU' NUKA'MA,estás delgado.,sha'mu'su' nuka'ma,flashcards,P01640,False
U00519,Puedo cantar.,ÑINCHITAPALEK TULUNER'AK,puedo cantar.,ñinchitapalek tuluner'ak,flashcards,P00519,False
U01481,Es adorable.,U'CHIMUSHA NUKA'A,es adorable.,u'chimusha nuka'a,flashcards,P01481,False
U01470,¿Hay más?,¿ÑAPALLI A'PINDA'?,¿hay más?,¿ñapalli a'pinda'?,flashcards,P01470,False
U01124,Fue repugnante.,NUDU'PI ÑIWIÑI,fue repugnante.,nudu'pi ñiwiñi,flashcards,P01124,False
U01701,Debería venir.,WENCHA'WINSU',debería venir.,wencha'winsu',flashcards,P01701,False
U00178,Lo tengo.,A'ÑAPALEK,lo tengo.,a'ñapalek,flashcards,P00178,False
U00075,El ají pica,NUKA' IKERLLI,el ají pica,nuka' ikerlli,flashcards,P00075,False
U00203,Soy vago.,PERCHEK' NUKA'KA,soy vago.,perchek' nuka'ka,flashcards,P00203,False
U00316,Soy bueno.,MUKANKANKU,soy bueno.,mukankanku,flashcards,P00316,False
U00097,Estoy mojada.,WIWERAPALEK,estoy mojada.,wiwerapalek,flashcards,P00097,False
U00763,¡Qué curioso!,¡EMPU'NI ÑINCHIDINUSU'TA'!,¡qué curioso!,¡empu'ni ñinchidinusu'ta'!,flashcards,P00763,False
U00127,Bienvenido.,MUWENCHA'KER',bienvenido.,muwencha'ker',flashcards,P00127,False
U01432,Estaré solo.,KUASA' ÑAPECHEK,estaré solo.,kuasa' ñapechek,flashcards,P01432,False
U01891,Te salvaremos.,A'CHIYEK'ECHIDEN,te salvaremos.,a'chiyek'echiden,flashcards,P01891,False
U00281,Respóndeme.,NA'PI'U,respóndeme.,na'pi'u,flashcards,P00281,False
U00222,Funciona.,SAKA'TULLI.,funciona.,saka'tulli.,flashcards,P00222,False
U01199,Se negaron.,LUWANCHI'ÑINA',se negaron.,luwanchi'ñina',flashcards,P01199,False
U01061,Comí manzanas.,KA'LEK MANZANAS,comí manzanas.,ka'lek manzanas,flashcards,P01061,False
U00216,Estoy débil.,MUDINUI'SU' ÑAPALEK,estoy débil.,mudinui'su' ñapalek,flashcards,P00216,False
U00144,Ven a beber,UENCHER',ven a beber,uencher',flashcards,P00144,False
U01885,Deberíamos ayudar.,KATU'PA'TUWINANSU',deberíamos ayudar.,katu'pa'tuwinansu',flashcards,P01885,False
U00758,Le gustó.,IYATULLI,le gustó.,iyatulli,flashcards,P00758,False
U01979,No interfieras.,YATU'NEKTUTA,no interfieras.,yatu'nektuta,flashcards,P01979,False
U01304,Estás equivocado.,APER'SU' ÑAPALA,estás equivocado.,aper'su' ñapala,flashcards,P01304,False
U00257,Tom perdió.,TOM KANA'CHI'ÑI,tom perdió.,tom kana'chi'ñi,flashcards,P00257,False
U00374,Guarda esto.,SEK'DIPERKER' ASU',guarda esto.,sek'diperker' asu',flashcards,P00374,False
U00634,Buen chico.,WILA MUKANKAN,buen chico.,wila mukankan,flashcards,P00634,False
U01448,Soy estudiante.,KIRKA'ÑINCHITUTEK NUKA'KA,soy estudiante.,kirka'ñinchitutek nuka'ka,flashcards,P01448,False
U01137,Sigan corriendo.,TEKA'PA'KU'I'LA,sigan corriendo.,teka'pa'ku'i'la,flashcards,P01137,False
U01977,¿Le quieres?,¿LUWANTAPALA?,¿le quieres?,¿luwantapala?,flashcards,P01977,False
U00165,Él prueba.,NANA LATA'LLI,él prueba.,nana lata'lli,flashcards,P00165,False
U03146,Así lo que han dicho he oído cuando era muchacho y ahora les estoy contando.,"Ta'ser kuanta' wilaku ñamu lawektulek, ipa'la winta'pallenma'.",así lo que han dicho he oído cuando era muchacho y ahora les estoy contando.,"ta'ser kuanta' wilaku ñamu lawektulek, ipa'la winta'pallenma'.",pdf_textos,T012_N022,False
U00987,¿Estás libre?,¿INAPI ÑAPALA?,¿estás libre?,¿inapi ñapala?,flashcards,P00987,False
U01566,Podríamos caminar.,YENNITUWINASKUDEK DEK'KUNTAK,podríamos caminar.,yennituwinaskudek dek'kuntak,flashcards,P01566,False
U00170,¡Date prisa!,¡WIUKER'!,¡date prisa!,¡wiuker'!,flashcards,P00170,False
U00622,Huele esto.,LANERKER' ASU',huele esto.,lanerker' asu',flashcards,P00622,False
U00137,Apártate.,PAKER' ÑILUPA',apártate.,paker' ñilupa',flashcards,P00137,False
U02177,Los detendremos.,TU'NEK'ECHIDEK,los detendremos.,tu'nek'echidek,flashcards,P02177,False
U01859,Ellos discutieron.,NAWA' INYUTULLINA',ellos discutieron.,nawa' inyutullina',flashcards,P01859,False
U01221,Tom creció.,TOM SUSU'LLI,tom creció.,tom susu'lli,flashcards,P01221,False
U02077,Es engañoso.,TUMU'TEK' NUKA'A,es engañoso.,tumu'tek' nuka'a,flashcards,P02077,False
U02035,Seguiré.,TUPIECHEK,seguiré.,tupiechek,flashcards,P02035,False
U01973,¿Le conoce?,¿LUWER'CHAPALLI?,¿le conoce?,¿luwer'chapalli?,flashcards,P01973,False
U01017,Enfríalo.,A'SANEK'KER',enfríalo.,a'sanek'ker',flashcards,P01017,False
U01311,¿Estás despierta?,¿NANPILADASU' ÑAPALA?,¿estás despierta?,¿nanpiladasu' ñapala?,flashcards,P01311,False
U00558,Ahí voy.,NANEK PA'ECHEK,ahí voy.,nanek pa'echek,flashcards,P00558,False
U00359,Llovió.,U'LANÑI,llovió.,u'lanñi,flashcards,P00359,False
U01849,Es correcto.,MULLINCHA',es correcto.,mullincha',flashcards,P01849,False
U00410,Anda.,DEKUNDUNLLI,anda.,dekundunlli,flashcards,P00410,False
U01488,Está obsoleto.,ÑAPALLI NAPI'DA',está obsoleto.,ñapalli napi'da',flashcards,P01488,False
U00188,Soy calvo.,NUWEK'MUTU'KU,soy calvo.,nuwek'mutu'ku,flashcards,P00188,False
U01957,¿Puedes mostrarme?,¿YENNITULA A'LLI'A'MUK?,¿puedes mostrarme?,¿yennitula a'lli'a'muk?,flashcards,P01957,False
U00911,Tom escapó.,TOM CHI'YE'KLLI,tom escapó.,tom chi'ye'klli,flashcards,P00911,False
U00375,Guarden esto.,SEK'DIPERKU' ASU',guarden esto.,sek'diperku' asu',flashcards,P00375,False
U01786,¿Está sano?,¿MUDINUPALLINCHA?,¿está sano?,¿mudinupallincha?,flashcards,P01786,False
U03194,Ahora nosotros conocemos los nombres.,Kenmu'wei'na ipa' ñinchillintekwa'.,ahora nosotros conocemos los nombres.,kenmu'wei'na ipa' ñinchillintekwa'.,pdf_textos,T013_N048,False
U00162,Pásala bien.,MUSU'NAKUKER',pásala bien.,musu'nakuker',flashcards,P00162,False
U00055,Llámame.,PEKLU'U,llámame.,peklu'u,flashcards,P00055,False
U02137,Estaban equivocados.,ÑAPAWIÑINA' PEKTUNSU',estaban equivocados.,ñapawiñina' pektunsu',flashcards,P02137,False
U02176,Seremos asesinados.,DEI'TECHUNER'KUDEK,seremos asesinados.,dei'techuner'kudek,flashcards,P02176,False
U00636,Eso funciona.,NANA SAKA'TAPALLI,eso funciona.,nana saka'tapalli,flashcards,P00636,False
U00963,¿Quién vitoreó?,¿DEN INLLIPU'ITEKLATULLI?,¿quién vitoreó?,¿den inllipu'iteklatulli?,flashcards,P00963,False
U01574,Deberíamos comer.,KA'A'KAWA'SU' ÑAPALLI,deberíamos comer.,ka'a'kawa'su' ñapalli,flashcards,P01574,False
U01862,Estaban enfermos.,ÑAPAWIÑINA' KALUWI'SU',estaban enfermos.,ñapawiñina' kaluwi'su',flashcards,P01862,False
U00003,Hola.,MA'PU'SIN,hola.,ma'pu'sin,flashcards,P00003,False
U02876,De ahí le dijo:,Naneklima itulli:,de ahí le dijo:,naneklima itulli:,pdf_textos,T010_N044,False
U01453,Estoy agotado.,SAKA'TUSU' ÑAPALEK,estoy agotado.,saka'tusu' ñapalek,flashcards,P01453,False
U01461,Estoy satisfecho.,ÑAPALEK SAKEKSU',estoy satisfecho.,ñapalek sakeksu',flashcards,P01461,False
U00146,Espósale.,TENPU'KER',espósale.,tenpu'ker',flashcards,P00146,False
U01596,¿Estabas enfermo?,¿KALUWI'SU' ÑAPAWINA?,¿estabas enfermo?,¿kaluwi'su' ñapawina?,flashcards,P01596,False
U00914,Tom inhaló.,TOM LANERLLI,tom inhaló.,tom lanerlli,flashcards,P00914,False
U01959,Defiéndete.,INLU'UKTER',defiéndete.,inlu'ukter',flashcards,P01959,False
U01383,Casi morí.,CHIMINWINEK,casi morí.,chiminwinek,flashcards,P01383,False
U01025,¿Fumas?,¿U'WA'TAPALA?,¿fumas?,¿u'wa'tapala?,flashcards,P01025,False
U02232,¿Tienes arroz?,¿PUMULADAWANPALA?,¿tienes arroz?,¿pumuladawanpala?,flashcards,P02232,False
U01589,Miramos,LLI'ATERWA',miramos,lli'aterwa',flashcards,P01589,False
U01929,Están ganando.,KANA'TAPALLINA',están ganando.,kana'tapallina',flashcards,P01929,False
U01829,¡Escucha esto!,¡LAU'KER' ASU'!,¡escucha esto!,¡lau'ker' asu'!,flashcards,P01829,False
U00582,¿Es este?,¿ASU' A'CHA?,¿es este?,¿asu' a'cha?,flashcards,P00582,False
U02092,Hagámoslo ahora.,NU'TAWA' IPA'LA,hagámoslo ahora.,nu'tawa' ipa'la,flashcards,P02092,False
U01605,¿Quién gana?,¿DEN KANA'TULLI?,¿quién gana?,¿den kana'tulli?,flashcards,P01605,False
U01758,Desearía poder.,YEN'NICHINA'KA,desearía poder.,yen'nichina'ka,flashcards,P01758,False
U00172,Estoy viejo.,TASERPIKU',estoy viejo.,taserpiku',flashcards,P00172,False
U00927,¿Estuvo bueno?,¿MUSU'ÑAPAWIÑI?,¿estuvo bueno?,¿musu'ñapawiñi?,flashcards,P00927,False
U01612,Puedes hacerlo.,YENNITULA NU'TA'MAK,puedes hacerlo.,yennitula nu'ta'mak,flashcards,P01612,False
U01091,Tenía sueño.,YAWICHI'WINEK,tenía sueño.,yawichi'winek,flashcards,P01091,False
U00115,Tom comió.,TOM WERANPALLI,tom comió.,tom weranpalli,flashcards,P00115,False
U01131,Sigue bailando.,LANSA'PER'I'LA,sigue bailando.,lansa'per'i'la,flashcards,P01131,False
U01669,Hágalo mañana.,EKLLI NU'TER',hágalo mañana.,eklli nu'ter',flashcards,P01669,False
U00347,Estoy listo.,INSEK'DIPERPI ÑAPALEK,estoy listo.,insek'diperpi ñapalek,flashcards,P00347,False
U00232,No entrar.,KU'LA DAI'NCHU,no entrar.,ku'la dai'nchu,flashcards,P00232,False
U01436,Lo llamaré.,PECLU'ECHEK,lo llamaré.,peclu'echek,flashcards,P01436,False
U00541,Me acuerdo.,LLI'INUTAPALEK,me acuerdo.,lli'inutapalek,flashcards,P00541,False
U01747,Quiero jugar.,YAINTEKLLITULEK,quiero jugar.,yaintekllitulek,flashcards,P01747,False
U01500,Hagamos más.,A'PINTA' NU'TAWA',hagamos más.,a'pinta' nu'tawa',flashcards,P01500,False
U02190,¿Qué falta?,¿MA'NENPAWANPALLI?,¿qué falta?,¿ma'nenpawanpalli?,flashcards,P02190,False
U02406,Después de casarme tuve hijos.,Sudawamu wilawanek.,después de casarme tuve hijos.,sudawamu wilawanek.,pdf_textos,T003_N013,False
U02110,Nadie respondió.,ÑIDEN NA'PICHI'ÑI,nadie respondió.,ñiden na'pichi'ñi,flashcards,P02110,False
U03151,"Nuestros abuelos finados dijeron que los que aborrecían, los que nos aborrecían, diciendo se fueron.","Papinkumapu'wa'ku' tanni'ma nana luyurka'su', luyullinerkenmu'wa', tanni'ma pa'llina'.","nuestros abuelos finados dijeron que los que aborrecían, los que nos aborrecían, diciendo se fueron.","papinkumapu'wa'ku' tanni'ma nana luyurka'su', luyullinerkenmu'wa', tanni'ma pa'llina'.",pdf_textos,T013_N005,False
U00014,Esperen.,¡WA'TEN'KU'!,esperen.,¡wa'ten'ku'!,flashcards,P00014,False
U00638,Hicieron trampas.,ALLISEK NU'TAPALLINA',hicieron trampas.,allisek nu'tapallina',flashcards,P00638,False
U00953,¡Qué desastre!,¡EMBU'NI PANGER'IPA'!,¡qué desastre!,¡embu'ni panger'ipa'!,flashcards,P00953,False
U00387,Comamos.,WERANWA',comamos.,weranwa',flashcards,P00387,False
U01166,Repítelo.,TUNUNTER',repítelo.,tununter',flashcards,P01166,False
U00559,Estoy comiendo.,WERAMPALEK,estoy comiendo.,werampalek,flashcards,P00559,False
U01208,Se fueron.,PA'LLINA',se fueron.,pa'llina',flashcards,P01208,False
U01229,Pruébate estos.,TEKLE'RIER ASU'LUSA,pruébate estos.,tekle'rier asu'lusa,flashcards,P01229,False
U02069,Todo terminó.,IÑER' TA'WANTULLI,todo terminó.,iñer' ta'wantulli,flashcards,P02069,False
U01544,Están solos.,NAWA'SA' ÑAPALLINA',están solos.,nawa'sa' ñapallina',flashcards,P01544,False
U00655,Tom fracasó.,TOM APER'LLI,tom fracasó.,tom aper'lli,flashcards,P00655,False
U01579,Sobreviviremos.,CHIMINLLINKEKLA NANPITERWA',sobreviviremos.,chiminllinkekla nanpiterwa',flashcards,P01579,False
U01534,Es simple.,SAKA'DEK'INPU',es simple.,saka'dek'inpu',flashcards,P01534,False
U01271,Ustedes primero.,NANENTU KENMAMA',ustedes primero.,nanentu kenmama',flashcards,P01271,False
U00703,¿Qué pasa?,¿MAPU'LA?,¿qué pasa?,¿mapu'la?,flashcards,P00703,False
U00989,¿Estás herida?,¿CHACHA'WANPALA?,¿estás herida?,¿chacha'wanpala?,flashcards,P00989,False
U02218,¿Eres real?,¿TEKINCHI NUKA'MA?,¿eres real?,¿tekinchi nuka'ma?,flashcards,P02218,False
U01147,Déjame pensar.,TA'ITULA'U INLLI'INUTECHEK,déjame pensar.,ta'itula'u inlli'inutechek,flashcards,P01147,False
U00981,Estás débil.,NANTAPI'NA,estás débil.,nantapi'na,flashcards,P00981,False
U00756,Tiene vino.,VINU' A'ÑAPALLI,tiene vino.,vinu' a'ñapalli,flashcards,P00756,False
U00940,Nosotros conduciremos.,KUDA EKPEKCHIDEK,nosotros conduciremos.,kuda ekpekchidek,flashcards,P00940,False
U01717,No sigo.,KU'LA TUPIAPI'NEK,no sigo.,ku'la tupiapi'nek,flashcards,P01717,False
U01700,Vende frutas.,UKU'LATAPALLI WAYUPILUSA',vende frutas.,uku'latapalli wayupilusa',flashcards,P01700,False
U01503,Vámonos.,ENCHUKU' ,vámonos.,enchuku',flashcards,P01503,False
U01367,Está leyendo.,LUNTA'PALLI,está leyendo.,lunta'palli,flashcards,P01367,False
U00540,Prometí.,TUWINEK,prometí.,tuwinek,flashcards,P00540,False
U00903,Pasearon.,DA'LLINA',pasearon.,da'llina',flashcards,P00903,False
U01870,Piénsatelo.,INLLI'INUKER',piénsatelo.,inlli'inuker',flashcards,P01870,False
U00517,Puedo saltar.,INNITULEK INDEK'AK,puedo saltar.,innitulek indek'ak,flashcards,P00517,False
U01286,Sobreviviste.,CHIMINLLINKEKLA NAMPILA,sobreviviste.,chiminllinkekla nampila,flashcards,P01286,False
U01047,Es francés.,FRANCÉS NUKA'A,es francés.,francés nuka'a,flashcards,P01047,False
U00985,¿Estás muerto?,¿CHIMIPI ÑAPALA?,¿estás muerto?,¿chimipi ñapala?,flashcards,P00985,False
U01371,Camina rápido.,WIU'SU' DEKUNTER',camina rápido.,wiu'su' dekunter',flashcards,P01371,False
U01291,Estás loco.,WA'DANPINTEK ÑAPALA,estás loco.,wa'danpintek ñapala,flashcards,P01291,False
U01869,Están dentro.,KINEKLA' ÑAPALLINA',están dentro.,kinekla' ñapallina',flashcards,P01869,False
U01827,Levantémonos.,YUNSANWA',levantémonos.,yunsanwa',flashcards,P01827,False
U03203,"Así oigo ahora en nuestro pueblo de Jeberos, no es como antes.","Nu'su' ipa'la lawektapalek asu' Shiwilumapu'wek, ñi napi'pu'su'.","así oigo ahora en nuestro pueblo de jeberos, no es como antes.","nu'su' ipa'la lawektapalek asu' shiwilumapu'wek, ñi napi'pu'su'.",pdf_textos,T013_N057,False
U02091,Déjame sentarme.,TA'ITULA'U DU'ECHEK,déjame sentarme.,ta'itula'u du'echek,flashcards,P02091,False
U02058,Estoy constipado.,ÑAPALEK A'MECHAILUSU,estoy constipado.,ñapalek a'mechailusu,flashcards,P02058,False
U02083,Sigue sonriendo.,YAMERLADAPER'I'LA,sigue sonriendo.,yamerladaper'i'la,flashcards,P02083,False
U01172,Le disparó.,ILANÑI,le disparó.,ilanñi,flashcards,P01172,False
U00142,Anímate.,NANTA'PIKER,anímate.,nanta'piker,flashcards,P00142,False
U01538,Lo encontraron.,KANAÑINA' ,lo encontraron.,kanañina',flashcards,P01538,False
U01079,Leo frecuentemente.,LUNPA'LEK UTALINPU'SA',leo frecuentemente.,lunpa'lek utalinpu'sa',flashcards,P01079,False
U01593,Estamos trabajando.,SAKA'TAPALEKWA',estamos trabajando.,saka'tapalekwa',flashcards,P01593,False
U00909,Tomás aplaudió.,TOMAS INLLIPU'ITE'LALLI,tomás aplaudió.,tomas inllipu'ite'lalli,flashcards,P00909,False
U01876,Tom entendió.,TOM LACHEK'LLI,tom entendió.,tom lachek'lli,flashcards,P01876,False
U00103,¡Perfecto!,¡MUPALLI!,¡perfecto!,¡mupalli!,flashcards,P00103,False
U00217,Soy listo.,IÑER' ÑINCHITAPALEK,soy listo.,iñer' ñinchitapalek,flashcards,P00217,False
U01495,Déjame cogerlo.,TA'ITULA'U PILLI'TE'CHEK,déjame cogerlo.,ta'itula'u pilli'te'chek,flashcards,P01495,False
U01238,Tenemos vino.,A'ÑAPALLIDEK VINU',tenemos vino.,a'ñapallidek vinu',flashcards,P01238,False
U02049,Estoy ayudando.,KATU' PA'TAPALEK,estoy ayudando.,katu' pa'tapalek,flashcards,P02049,False
U01088,Fui enmarcado.,A'APITULLINER'KU,fui enmarcado.,a'apitulliner'ku,flashcards,P01088,False
U00706,¿Llamaste?,¿PEKLU'TULA?,¿llamaste?,¿peklu'tula?,flashcards,P00706,False
U02140,Responderán.,NA'PITECHUNA',responderán.,na'pitechuna',flashcards,P02140,False
U00505,Es inteligente.,ÑINCHIDINUSU'NUKA'A,es inteligente.,ñinchidinusu'nuka'a,flashcards,P00505,False
U00556,Estoy comprando.,MAPA'TAPALEK,estoy comprando.,mapa'tapalek,flashcards,P00556,False
U01356,Dame algunos.,ENKA'U NU'UNTA'LUSA',dame algunos.,enka'u nu'unta'lusa',flashcards,P01356,False
U01191,Así es.,NU'SU' NUKA'A,así es.,nu'su' nuka'a,flashcards,P01191,False
U01093,Estaré bien.,MUSU' ÑAPECHEK,estaré bien.,musu' ñapechek,flashcards,P01093,False
U02475,Ahí me alumbró mi madre en Jeberos.,Nanek wadekllun awawek Shiwiluk.,ahí me alumbró mi madre en jeberos.,nanek wadekllun awawek shiwiluk.,pdf_textos,T005_N002,False
U00672,Tom bostezó.,TOM LAUKI'LLI,tom bostezó.,tom lauki'lli,flashcards,P00672,False
U01810,Déjame irme.,TA'ITULA'U PAE'CHEK,déjame irme.,ta'itula'u pae'chek,flashcards,P01810,False
U01721,Me divorcié.,YANPU'LEK,me divorcié.,yanpu'lek,flashcards,P01721,False
U00886,Descansad.,NERIKER',descansad.,neriker',flashcards,P00886,False
U00267,Vigílame.,LUWUK'TU'U,vigílame.,luwuk'tu'u,flashcards,P00267,False
U01509,Abrámoslo.,EK'KER'CHAWA',abrámoslo.,ek'ker'chawa',flashcards,P01509,False
U00068,Lárguese.,¡PAKU'!,lárguese.,¡paku'!,flashcards,P00068,False
U00960,¡Qué equipo!,MUMU'WANBALEK,¡qué equipo!,mumu'wanbalek,flashcards,P00960,False
U00156,Se adelantarán.,EKTE'CHECHUNA',se adelantarán.,ekte'chechuna',flashcards,P00156,False
U03062,Diciéndoles así les ha hecho entrar y les dijo.,Itudek'an ima a'da'dekan ima itudeklli.,diciéndoles así les ha hecho entrar y les dijo.,itudek'an ima a'da'dekan ima itudeklli.,pdf_textos,T011_N009,False
U01573,Nunca hablamos.,ÑINPI' LUNPI'ÑIDEK,nunca hablamos.,ñinpi' lunpi'ñidek,flashcards,P01573,False
U01157,Ahora déjanos.,IPA'LA TA'ITULA'U'KUDEK,ahora déjanos.,ipa'la ta'itula'u'kudek,flashcards,P01157,False
U01665,"Vamos, háganlo.","PA'AWA , NU'TUKU'","vamos, háganlo.","pa'awa, nu'tuku'",flashcards,P01665,False
U01445,Cogeré uno.,MAECHEK ALASA',cogeré uno.,maechek alasa',flashcards,P01445,False
U01515,Nadie llamó.,ÑIDEN PEK'KLU'CHI'ÑI,nadie llamó.,ñiden pek'klu'chi'ñi,flashcards,P01515,False
U01703,Se ahogó.,CHIMIDEK'TULLI,se ahogó.,chimidek'tulli,flashcards,P01703,False
U03112,"Dice que el astro le había tocado el corazón a Malallina, decían algunos.","Pi'tandulaler ima pata'kankañi asu' Malallina, tullina'nta'.","dice que el astro le había tocado el corazón a malallina, decían algunos.","pi'tandulaler ima pata'kankañi asu' malallina, tullina'nta'.",pdf_textos,T011_N059,False
U00701,Estamos hartos.,PERLLI'LLIDEK,estamos hartos.,perlli'llidek,flashcards,P00701,False
U00496,¡Comé despacio!,¡WERANKER' UTI'LA!,¡comé despacio!,¡weranker' uti'la!,flashcards,P00496,False
U01554,Tom vaciló.,TOM SI'LENTULLI,tom vaciló.,tom si'lentulli,flashcards,P01554,False
U00043,¡Imposible!,¡SAKA'DEK!,¡imposible!,¡saka'dek!,flashcards,P00043,False
U01585,Estamos leyendo.,KERKA' LUNTAPALLIDEK,estamos leyendo.,kerka' luntapallidek,flashcards,P01585,False
U01630,Trabajas mucho.,SAKA'TECHU EMPU'NIPA,trabajas mucho.,saka'techu empu'nipa,flashcards,P01630,False
U02184,Estamos separados.,YAMPU'SU' ÑAPALLIDEK,estamos separados.,yampu'su' ñapallidek,flashcards,P02184,False
U01256,Lo tenemos.,A'ÑAPALLIDEK,lo tenemos.,a'ñapallidek,flashcards,P01256,False
U00261,Tom lloró.,TOM WELLIEK'LLI,tom lloró.,tom welliek'lli,flashcards,P00261,False
U01731,Hice panecitos.,NUTULEK TANTA'SHALA,hice panecitos.,nutulek tanta'shala,flashcards,P01731,False
U01565,Podríamos leer.,YENNITUWINASKUDEK LUNTAK,podríamos leer.,yennituwinaskudek luntak,flashcards,P01565,False
U01212,Son débiles.,SAPUTEK'LUSA' NUKER'KA,son débiles.,saputek'lusa' nuker'ka,flashcards,P01212,False
U00692,Nosotros ayudaremos.,KUDA KATU'PA'TECHIDEK,nosotros ayudaremos.,kuda katu'pa'techidek,flashcards,P00692,False
U01266,Estás bien.,MU'SU' ÑAPALA,estás bien.,mu'su' ñapala,flashcards,P01266,False
U01449,Soy maestro.,ALEKTUTEK NUKA'KA,soy maestro.,alektutek nuka'ka,flashcards,P01449,False
U01368,La besó.,MUSHA'LLI,la besó.,musha'lli,flashcards,P01368,False
U00808,Soy finlandés.,FINLANDIS NUKA'KA,soy finlandés.,finlandis nuka'ka,flashcards,P00808,False
U01002,¿Puedes venir?,¿YENNITULA UK'A'MAK?,¿puedes venir?,¿yennitula uk'a'mak?,flashcards,P01002,False
U00891,Se quemaron.,UKER'LLINA',se quemaron.,uker'llina',flashcards,P00891,False
U00358,Fracasó.,A'APER'LLI,fracasó.,a'aper'lli,flashcards,P00358,False
U00982,¿Estoy invitado?,¿PEKLU'PI ÑAPALEK?,¿estoy invitado?,¿peklu'pi ñapalek?,flashcards,P00982,False
U03185,"Diciendo así, desde entonces, nosotros ahora estos nombres estamos llevando.","Tusu'si'ma, naneklima, kenmu'wa' ipa'la nana llillin ekpa'palekwa'.","diciendo así, desde entonces, nosotros ahora estos nombres estamos llevando.","tusu'si'ma, naneklima, kenmu'wa' ipa'la nana llillin ekpa'palekwa'.",pdf_textos,T013_N039,False
U01990,Es etíope.,ETIOPE NUKA'A,es etíope.,etiope nuka'a,flashcards,P01990,False
U01516,¡Di algo!,¡TUKER' MA'NEN'UNTA'!,¡di algo!,¡tuker' ma'nen'unta'!,flashcards,P01516,False
U01809,Simplemente hazlo.,MA'PU'SU'PINTAK NU'TER,simplemente hazlo.,ma'pu'su'pintak nu'ter,flashcards,P01809,False
U01751,Quiero trabajar.,YASAKA'TULEK,quiero trabajar.,yasaka'tulek,flashcards,P01751,False
U01983,Todos oraron.,IÑER'DAPER' MALLIA'LLINA',todos oraron.,iñer'daper' mallia'llina',flashcards,P01983,False
U01239,Los amamos.,TANTEN'ÑIDEK,los amamos.,tanten'ñidek,flashcards,P01239,False
U01577,Estábamos borrachos.,LUPERSU' ÑAPAWIÑIDEK,estábamos borrachos.,lupersu' ñapawiñidek,flashcards,P01577,False
U01411,Les mentí.,TUMU'TULEKLEK,les mentí.,tumu'tuleklek,flashcards,P01411,False
U00176,Lo olvidé.,PINANER'LEK',lo olvidé.,pinaner'lek',flashcards,P00176,False
U01886,Fuimos culpados.,A'APITULLINER'KUDEK,fuimos culpados.,a'apitulliner'kudek,flashcards,P01886,False
U00788,Necesito ayuda.,LUWANTULEK KATU'PA',necesito ayuda.,luwantulek katu'pa',flashcards,P00788,False
U01531,¡Qué listo!,¡DAKUTI'ÑI!,¡qué listo!,¡dakuti'ñi!,flashcards,P01531,False
U01540,Deben morir.,CHIMIN'ER'KASU'ÑAPALLI,deben morir.,chimin'er'kasu'ñapalli,flashcards,P01540,False
U01178,No discutas.,YAINYUTUTA,no discutas.,yainyututa,flashcards,P01178,False
U01258,¿Quién canceló?,¿DEN ATA'WANTULLI?,¿quién canceló?,¿den ata'wantulli?,flashcards,P01258,False
U01385,Soy americano.,AMERICANO NUKA'KA,soy americano.,americano nuka'ka,flashcards,P01385,False
U01668,¿Lo viste?,¿LLI'LA?,¿lo viste?,¿lli'la?,flashcards,P01668,False
U01782,¿Es doctor?,¿LULENTUTEK'A'CHA?,¿es doctor?,¿lulentutek'a'cha?,flashcards,P01782,False
U01780,Los vi.,LLI'DEK'LEK,los vi.,lli'dek'lek,flashcards,P01780,False
U01170,¡Avergüénzate!,¡DAKUTA'KER'!,¡avergüénzate!,¡dakuta'ker'!,flashcards,P01170,False
U02037,Lo arreglaré.,TEKDIPER'ECHEK,lo arreglaré.,tekdiper'echek,flashcards,P02037,False
U01129,Está funcionando.,SAKA'TAPALLI,está funcionando.,saka'tapalli,flashcards,P01129,False
U00984,¿Tienes frío?,¿SANEKWANTULA?,¿tienes frío?,¿sanekwantula?,flashcards,P00984,False
U00964,¿Quién escapó?,¿DEN CHI'YEKLLI?,¿quién escapó?,¿den chi'yeklli?,flashcards,P00964,False
U00645,Éste es.,ASU' NUKA'A,éste es.,asu' nuka'a,flashcards,P00645,False
U00402,Lean esto.,LUNTUKU' ASU',lean esto.,luntuku' asu',flashcards,P00402,False
U00138,Sé fuerte.,NANTAPITEK' ÑIKER',sé fuerte.,nantapitek' ñiker',flashcards,P00138,False
U02018,Pedí pizza.,PIZZA LEKTULEK,pedí pizza.,pizza lektulek,flashcards,P02018,False
U00632,¡Háblame!,¡LUNTUU!,¡háblame!,¡luntuu!,flashcards,P00632,False
U00566,¡Tengo sueño!,¡YAWICHI'LEK!,¡tengo sueño!,¡yawichi'lek!,flashcards,P00566,False
U00272,¿Para qué?,¿MA'KI'NA?,¿para qué?,¿ma'ki'na?,flashcards,P00272,False
U01379,¿Cómo estáis?,¿MA'PU'SIN?,¿cómo estáis?,¿ma'pu'sin?,flashcards,P01379,False
U02102,Alistémonos.,INSEKDIPERAWA',alistémonos.,insekdiperawa',flashcards,P02102,False
U01728,Ni idea.,NINCHICHI'NEK,ni idea.,ninchichi'nek,flashcards,P01728,False
U01704,Está deprimido.,WE'INUTAPALLI,está deprimido.,we'inutapalli,flashcards,P01704,False
U00816,Estoy emocionado.,ÑAPALEK SAKEK'SU',estoy emocionado.,ñapalek sakek'su',flashcards,P00816,False
U00114,Dimelo.,ITU'U,dimelo.,itu'u,flashcards,P00114,False
U01677,¿Te gusta?,¿IYATULA?,¿te gusta?,¿iyatula?,flashcards,P01677,False
U01152,Entró Mary.,DA'KERLLI MARI,entró mary.,da'kerlli mari,flashcards,P01152,False
U01830,¿Puedo acompañarle?,¿YENNITULEK KA'TAN'AN'SU'?,¿puedo acompañarle?,¿yennitulek ka'tan'an'su'?,flashcards,P01830,False
U02248,¿Cuánto mides?,¿EMPU'DUN PICHIAPALA?,¿cuánto mides?,¿empu'dun pichiapala?,flashcards,P02248,False
U00428,Eso es.,NANA NUKA'A,eso es.,nana nuka'a,flashcards,P00428,False
U00064,Salgan.,YUNSU'KU',salgan.,yunsu'ku',flashcards,P00064,False
U03013,Ahora las mujeres se pintan sus caras.,Ipa'la asu' shaya'lusa' inllinsellina' asu' ladanenna'.,ahora las mujeres se pintan sus caras.,ipa'la asu' shaya'lusa' inllinsellina' asu' ladanenna'.,pdf_textos,T010_N181,False
U00898,Obedecieron.,LATEKTULLINA',obedecieron.,latektullina',flashcards,P00898,False
U02170,Queremos ayudar.,YAKATU'PA'LLIDEK,queremos ayudar.,yakatu'pa'llidek,flashcards,P02170,False
U01778,Me dispararon.,ILANÑINER'KU,me dispararon.,ilanñiner'ku,flashcards,P01778,False
U01298,Tienes razón.,TEKINCHI NUKA'A,tienes razón.,tekinchi nuka'a,flashcards,P01298,False
U01920,Quédese ahí.,LLIA'KER NANEK,quédese ahí.,llia'ker nanek,flashcards,P01920,False
U00988,¿Estás lleno?,¿MER'SU' ÑAPALA?,¿estás lleno?,¿mer'su' ñapala?,flashcards,P00988,False
U00297,¡No llores!,¡YAWELLEKTA!,¡no llores!,¡yawellekta!,flashcards,P00297,False
U01222,Tomás renunció.,CHUMA YUNSU'LLI,tomás renunció.,chuma yunsu'lli,flashcards,P01222,False
U00649,Tom llamó.,TOM PEKLU'TULLI,tom llamó.,tom peklu'tulli,flashcards,P00649,False
U00913,Tom gruñó.,TOM MERMIÑI,tom gruñó.,tom mermiñi,flashcards,P00913,False
U01015,Sal fuera.,YUNSUER' ADIPI,sal fuera.,yunsuer' adipi,flashcards,P01015,False
U02171,Queremos saber.,YAÑINCHITULLIDEK,queremos saber.,yañinchitullidek,flashcards,P02171,False
U02054,Soy miope.,UMILU'LADA' NUKA'KA,soy miope.,umilu'lada' nuka'ka,flashcards,P02054,False
U00976,Nos necesitas.,LUANTAPALUNDEK,nos necesitas.,luantapalundek,flashcards,P00976,False
U00592,¡Continúa!,¡TUPITER'!,¡continúa!,¡tupiter'!,flashcards,P00592,False
U01450,Soy huérfano.,SUILA NUKA'KA,soy huérfano.,suila nuka'ka,flashcards,P01450,False
U01090,Estaba solo.,KUASHASA' ÑAPAWINEK,estaba solo.,kuashasa' ñapawinek,flashcards,P01090,False
U01837,Dilo claramente.,TUKER' TEKINCHIWALEK,dilo claramente.,tuker' tekinchiwalek,flashcards,P01837,False
U00839,Me salvó.,KATU'PALUN,me salvó.,katu'palun,flashcards,P00839,False
U00184,Me quedé.,LLIYA'LEK',me quedé.,lliya'lek',flashcards,P00184,False
U00599,¡Déjame salir!,¡TA'ITULA'U YUNSUE'CHEK!,¡déjame salir!,¡ta'itula'u yunsue'chek!,flashcards,P00599,False
U02950,Aunque había muerto hablaba:,Chiminla'pi'n ima lunpalli:,aunque había muerto hablaba:,chiminla'pi'n ima lunpalli:,pdf_textos,T010_N118,False
U01290,Estarás bien.,MUSU' ÑAPE'CHU,estarás bien.,musu' ñape'chu,flashcards,P01290,False
U00826,Estoy leyendo.,LUNPALEK,estoy leyendo.,lunpalek,flashcards,P00826,False
U03006,"Algunos que obedecieron llevaron a sus hermanas, las llevaron a vender, y les dieron mucho dinero.","Nu'unta' latekta'sui'ma ekpa'n sha'wan uku'latukun, enpu'nipa' kulliker enka'llina'.","algunos que obedecieron llevaron a sus hermanas, las llevaron a vender, y les dieron mucho dinero.","nu'unta' latekta'sui'ma ekpa'n sha'wan uku'latukun, enpu'nipa' kulliker enka'llina'.",pdf_textos,T010_N174,False
U00155,Se adelantará.,EKTE'CHECHU,se adelantará.,ekte'chechu,flashcards,P00155,False
U01125,Se quemará.,UKER'ECHU,se quemará.,uker'echu,flashcards,P01125,False
U01864,Trabajan mucho.,SAKA'TULLINA' NAKUSU',trabajan mucho.,saka'tullina' nakusu',flashcards,P01864,False
U03003,Lo que ellos hablaron y nosotros escuchamos cuando éramos niños eso estamos contando.,Nawa' lu'rnka'su' kudanta' laukta'kudeksu' wilakudek ñamudek lunpallidek.,lo que ellos hablaron y nosotros escuchamos cuando éramos niños eso estamos contando.,nawa' lu'rnka'su' kudanta' laukta'kudeksu' wilakudek ñamudek lunpallidek.,pdf_textos,T010_N171,False
U01005,¿Sabes nadar?,¿ÑINCHITAPALA IDUN'AK?,¿sabes nadar?,¿ñinchitapala idun'ak?,flashcards,P01005,False
U00700,Somos pobres.,KULLIKER'WI'ÑIDEK,somos pobres.,kulliker'wi'ñidek,flashcards,P00700,False
U01649,¿Estás soltero?,¿INAPIKEN ÑAPALA?,¿estás soltero?,¿inapiken ñapala?,flashcards,P01649,False
U01713,Puedo ayudarte.,YENNITULEK KATU'PA'A'KIK,puedo ayudarte.,yennitulek katu'pa'a'kik,flashcards,P01713,False
U00018,Sonríe.,YAMER,sonríe.,yamer,flashcards,P00018,False
U00567,Tengo sueño.,YAWICHI'LEK,tengo sueño.,yawichi'lek,flashcards,P00567,False
U00434,Tom sabe.,TOM ÑINCHITAPALLI,tom sabe.,tom ñinchitapalli,flashcards,P00434,False
U01412,Hice café.,WAYUSA' NU'TULEK,hice café.,wayusa' nu'tulek,flashcards,P01412,False
U01557,Tom cocinará.,TOM AKUSUTE'CHU,tom cocinará.,tom akusute'chu,flashcards,P01557,False
U02111,Coge una.,MAKER' ALA'SA',coge una.,maker' ala'sa',flashcards,P02111,False
U00930,Podemos ayudar.,YINNITULLIDEK KATU'PA'TAK,podemos ayudar.,yinnitullidek katu'pa'tak,flashcards,P00930,False
U01988,"Genial, ¿no?",U'CHIMUINCHI ¿I'YA?,"genial, ¿no?",u'chimuinchi ¿i'ya?,flashcards,P01988,False
U02244,Quiere venir.,YA'WENCHA'LLI,quiere venir.,ya'wencha'lli,flashcards,P02244,False
U00929,Comimos huevos.,KA'LLIDEK KADU',comimos huevos.,ka'llidek kadu',flashcards,P00929,False
U01130,Sólo espera.,WA'TENKER'LA,sólo espera.,wa'tenker'la,flashcards,P01130,False
U00251,¡Genial!,¡U'CHIMU!,¡genial!,¡u'chimu!,flashcards,P00251,False
U01193,Son grandes.,A'LLUPI NUKER'KA,son grandes.,a'llupi nuker'ka,flashcards,P01193,False
U01924,Son increíbles.,LATEK'INPU'PILUSA' NUKER'KA,son increíbles.,latek'inpu'pilusa' nuker'ka,flashcards,P01924,False
U00389,¡Intentémoslo!,¡INTEK'KLIERIWA'!,¡intentémoslo!,¡intek'klieriwa'!,flashcards,P00389,False
U00492,¡No esperen!,¡YAWA'TENTUTAMA!,¡no esperen!,¡yawa'tentutama!,flashcards,P00492,False
U02758,los lagartos negros ahí están.,matutada ñapalli.,los lagartos negros ahí están.,matutada ñapalli.,pdf_textos,T007_N178,False
U01375,Abrazame fuertemente.,WIPERI'U IKERSU',abrazame fuertemente.,wiperi'u ikersu',flashcards,P01375,False
U00719,Como quieras.,KENMA LUWANTA'MASU'PU'SU',como quieras.,kenma luwanta'masu'pu'su',flashcards,P00719,False
U01738,Te recuerdo.,LLI'INUTAPALLIEN,te recuerdo.,lli'inutapallien,flashcards,P01738,False
U01344,Serás bienvenido.,MUSU' SEK'KAPERECHUNER'KEN,serás bienvenido.,musu' sek'kaperechuner'ken,flashcards,P01344,False
U01023,¿Luzco bien?,¿LLITAPALEK MUSU'?,¿luzco bien?,¿llitapalek musu'?,flashcards,P01023,False
U02113,Mándemelos.,A'UKTU'U,mándemelos.,a'uktu'u,flashcards,P02113,False
U01016,Venga conmigo.,WEK'KER' KUALEK,venga conmigo.,wek'ker' kualek,flashcards,P01016,False
U01614,¡Hipócrita!,¡KATU'LADA!,¡hipócrita!,¡katu'lada!,flashcards,P01614,False
U01571,Tenemos reglas.,A'ÑAPALLIDEK LA'LA'LUSA' LATEK'AK,tenemos reglas.,a'ñapallidek la'la'lusa' latek'ak,flashcards,P01571,False
U01807,¡Es maravilloso!,¡LIATUSU' NUKA'A!,¡es maravilloso!,¡liatusu' nuka'a!,flashcards,P01807,False
U03169,Desde ese entonces estamos viviendo así.,Ipa'leklanlek nu'su' nanpipalekwa'.,desde ese entonces estamos viviendo así.,ipa'leklanlek nu'su' nanpipalekwa'.,pdf_textos,T013_N023,False
U00729,¿Puedo comenzar?,¿YENNITULEK TENMIANSU'AK?,¿puedo comenzar?,¿yennitulek tenmiansu'ak?,flashcards,P00729,False
U00034,Estoy trabajando.,SAKA'TAPALEK,estoy trabajando.,saka'tapalek,flashcards,P00034,False
U00516,¡Estoy feliz!,¡MUSU' NAMPIPALEK!,¡estoy feliz!,¡musu' nampipalek!,flashcards,P00516,False
U01650,Tráemelo.,KERITU'U,tráemelo.,keritu'u,flashcards,P01650,False
U01699,Parece enfadada.,YUPA'MASU'PUSU' LLI'TULA,parece enfadada.,yupa'masu'pusu' lli'tula,flashcards,P01699,False
U02048,Estoy avergonzado.,ÑAPALEK DAKUTA'SU',estoy avergonzado.,ñapalek dakuta'su',flashcards,P02048,False
U00498,Olvídenlo.,PINANER'KU',olvídenlo.,pinaner'ku',flashcards,P00498,False
U00618,Sonría.,YAMERLADAKER',sonría.,yamerladaker',flashcards,P00618,False
U00670,Tom caminó.,TOM DEK'KUNTULLI,tom caminó.,tom dek'kuntulli,flashcards,P00670,False
U00333,Cantaré.,TULUNER'ECHEK,cantaré.,tuluner'echek,flashcards,P00333,False
U01211,Son feos.,APER'PILUSA' NUKER'KA,son feos.,aper'pilusa' nuker'ka,flashcards,P01211,False
U01595,¿Te dispararon?,¿ILAÑINER'KEN?,¿te dispararon?,¿ilañiner'ken?,flashcards,P01595,False
U03090,"Ahora nosotros, ahora este pueblo se ha dividido en dos: Barrio Bajo y Barrio Alto.","Ipa'li'na' kenmu'wa', ipa' asu' ñinanlu' katu'ta' ñillin: Chilen, Winen.","ahora nosotros, ahora este pueblo se ha dividido en dos: barrio bajo y barrio alto.","ipa'li'na' kenmu'wa', ipa' asu' ñinanlu' katu'ta' ñillin: chilen, winen.",pdf_textos,T011_N037,False
U01340,¿Hablaste?,¿LUN'NA?,¿hablaste?,¿lun'na?,flashcards,P01340,False
U03098,Se desprecian hasta la actualidad.,Inluyupallina'pi'la ipa'la walek.,se desprecian hasta la actualidad.,inluyupallina'pi'la ipa'la walek.,pdf_textos,T011_N045,False
U00161,Diviértanse.,SAKEK'KU',diviértanse.,sakek'ku',flashcards,P00161,False
U01337,¿Puedes dormir?,¿YENNITULA WICHI'A'MAK?,¿puedes dormir?,¿yennitula wichi'a'mak?,flashcards,P01337,False
U01418,Dormí mucho.,NAKUSU' WICHILEK,dormí mucho.,nakusu' wichilek,flashcards,P01418,False
U01444,Lo llevaré.,EPA'ECHEK,lo llevaré.,epa'echek,flashcards,P01444,False
U01938,¿Estás jodiendo?,¿A'PE'CHAPALA?,¿estás jodiendo?,¿a'pe'chapala?,flashcards,P01938,False
U01695,Tiene barba.,AMU UTEK'WAÑI,tiene barba.,amu utek'wañi,flashcards,P01695,False
U00939,Sobrevivimos.,CHIMINLLINKEKLA NAMPIPALEKWA',sobrevivimos.,chiminllinkekla nampipalekwa',flashcards,P00939,False
U02158,Somos profesores.,A'LEK'TUTEK'LUSA' NUKA'KAWA',somos profesores.,a'lek'tutek'lusa' nuka'kawa',flashcards,P02158,False
U01321,¿Estás cansado?,¿SAKA'TUSU' ÑAPALA?,¿estás cansado?,¿saka'tusu' ñapala?,flashcards,P01321,False
U00241,Ella murió.,NANA CHIMIÑI,ella murió.,nana chimiñi,flashcards,P00241,False
U01451,Soy guapa.,MULUN NUKA'KA,soy guapa.,mulun nuka'ka,flashcards,P01451,False
U02086,Sigue practicando.,TUPITER' INPALERIAN,sigue practicando.,tupiter' inpalerian,flashcards,P02086,False
U03202,No saben pronunciar.,Ninchipeklui'npu'la'pi'na'.,no saben pronunciar.,ninchipeklui'npu'la'pi'na'.,pdf_textos,T013_N056,False
U01053,¡Qué pesado!,¡ENPU'NI SAKA'DEK'IPA'!,¡qué pesado!,¡enpu'ni saka'dek'ipa'!,flashcards,P01053,False
U00800,Estaba mareado.,ÑAPAWINEK LUPERSU',estaba mareado.,ñapawinek lupersu',flashcards,P00800,False
U00946,Lo sentimos.,WE'INUTULIDEK,lo sentimos.,we'inutulidek,flashcards,P00946,False
U01580,Somos primos.,YALLI'WALUSA' NUKA'KAWA',somos primos.,yalli'walusa' nuka'kawa',flashcards,P01580,False
U01676,¿Nos conoces?,¿LUWER'CHAPALAMA'UDEK?,¿nos conoces?,¿luwer'chapalama'udek?,flashcards,P01676,False
U02026,Quiero bailar.,YALANSA'LEK,quiero bailar.,yalansa'lek,flashcards,P02026,False
U01628,Fracasarás.,NU'CHIN'CHU,fracasarás.,nu'chin'chu,flashcards,P01628,False
U00687,Lo hicimos.,NU'TULEK'WA',lo hicimos.,nu'tulek'wa',flashcards,P00687,False
U00778,Traigo noticias.,KERA'PILELLEK LA'LA'LUSA',traigo noticias.,kera'pilellek la'la'lusa',flashcards,P00778,False
U01499,Preguntémosle.,LEK'KAWA',preguntémosle.,lek'kawa',flashcards,P01499,False
U01472,Empeora.,NU'LA'LLI,empeora.,nu'la'lli,flashcards,P01472,False
U01066,No mentí.,TUMUI'NEK,no mentí.,tumui'nek,flashcards,P01066,False
U00714,Estás triste.,WE'INUTUSU' ÑAPALA,estás triste.,we'inutusu' ñapala,flashcards,P00714,False
U00858,Míralo.,LLI'KER',míralo.,lli'ker',flashcards,P00858,False
U01817,Déjanos solos.,TA'ITULA'UDEK KUDASA',déjanos solos.,ta'itula'udek kudasa',flashcards,P01817,False
U02153,Tom desapareció.,TOM WER'LLI,tom desapareció.,tom wer'lli,flashcards,P02153,False
U01510,Sigamos adelante.,TUPI'WA' EKTER'LUPA',sigamos adelante.,tupi'wa' ekter'lupa',flashcards,P01510,False
U01054,¡Qué horrible!,¡ENPU'NI APERPIPA'!,¡qué horrible!,¡enpu'ni aperpipa'!,flashcards,P01054,False
U00186,Yo pagaré.,KUA PANWILEK'TE'CHEK',yo pagaré.,kua panwilek'te'chek',flashcards,P00186,False
U00990,¿Estás perdido?,¿WER'SU' ÑAPALA?,¿estás perdido?,¿wer'su' ñapala?,flashcards,P00990,False
U02055,Soy responsable.,LATEK'TUTEK NUKA'KA,soy responsable.,latek'tutek nuka'ka,flashcards,P02055,False
U01429,Estaba desarmado.,ILLIAPALEK'INPU ÑAPAWINEK,estaba desarmado.,illiapalek'inpu ñapawinek,flashcards,P01429,False
U01095,Me arriesgaré.,INPALERICHEK,me arriesgaré.,inpalerichek,flashcards,P01095,False
U00190,Estoy calmado.,TUNA'SU' ÑAPALEK,estoy calmado.,tuna'su' ñapalek,flashcards,P00190,False
U00890,¡Allá está!,¡NANEK ÑAPALLI!,¡allá está!,¡nanek ñapalli!,flashcards,P00890,False
U02760,Arakayu les dijo:,Arakayuler itudeklli:,arakayu les dijo:,arakayuler itudeklli:,pdf_textos,T007_N180,False
U00861,Nadie murió.,ÑIDEN CHIMII'ÑI,nadie murió.,ñiden chimii'ñi,flashcards,P00861,False
U00537,Me encantó.,LUWANTULLIEN,me encantó.,luwantullien,flashcards,P00537,False
U00412,Firme aquí.,LINSERCHER' ASEK,firme aquí.,linsercher' asek,flashcards,P00412,False
U00889,Está mojado.,WIWERSU' ÑAPALLI,está mojado.,wiwersu' ñapalli,flashcards,P00889,False
U01241,Necesitamos más.,LUWANTULLIDEK A'PINTA',necesitamos más.,luwantullidek a'pinta',flashcards,P01241,False
U01087,Tenía miedo.,TEKUAWINEK,tenía miedo.,tekuawinek,flashcards,P01087,False
U01145,¡Déjame irme!,¡TA'ITULA'U PA'AK!,¡déjame irme!,¡ta'itula'u pa'ak!,flashcards,P01145,False
U00088,Voy a dormir,WICHI'ECHEK,voy a dormir,wichi'echek,flashcards,P00088,False
U01763,Los llamaré.,PEKLUE'CHENMA',los llamaré.,peklue'chenma',flashcards,P01763,False
U02074,Es imposible.,YIENNICHI'NEK ,es imposible.,yiennichi'nek,flashcards,P02074,False
U01316,¿Eres feliz?,¿MUSU' ÑAPALA?,¿eres feliz?,¿musu' ñapala?,flashcards,P01316,False
U01158,Ahora sientate.,IPA'LA DU'KER',ahora sientate.,ipa'la du'ker',flashcards,P01158,False
U01033,Dame eso.,ENKA'U NANA,dame eso.,enka'u nana,flashcards,P01033,False
U01587,Somos serios.,KU'LA YAMERAPIÑIDEK,somos serios.,ku'la yamerapiñidek,flashcards,P01587,False
U03206,Así era antes.,Nu'su' ñiwiñi napi'.,así era antes.,nu'su' ñiwiñi napi'.,pdf_textos,T013_N060,False
U00007,¡Incendio!,¡UKEÑAN!,¡incendio!,¡ukeñan!,flashcards,P00007,False
U01332,¿Puedo abrazarte?,¿YENNITULEK WIPERI'A'KIK?,¿puedo abrazarte?,¿yennitulek wiperi'a'kik?,flashcards,P01332,False
U02089,Déjame averiguarlo.,TA'ITULA'U LEK'TECHEK,déjame averiguarlo.,ta'itula'u lek'techek,flashcards,P02089,False
U00399,Póntelo.,I'SHI'KER',póntelo.,i'shi'ker',flashcards,P00399,False
U01918,Necesitan dinero.,LUWANTULLINA' KULLIKER,necesitan dinero.,luwantullina' kulliker,flashcards,P01918,False
U03103,"Malallina es la que nos ha hecho reflexionar,","Malallina nana nu'su' a'kankantullundek,","malallina es la que nos ha hecho reflexionar,","malallina nana nu'su' a'kankantullundek,",pdf_textos,T011_N050,False
U00631,Estudia mucho.,NINCHITER' WAPU',estudia mucho.,ninchiter' wapu',flashcards,P00631,False
U01331,¿Puedo tenerlo?,¿YENNITULEK A'ÑAK?,¿puedo tenerlo?,¿yennitulek a'ñak?,flashcards,P01331,False
U01425,Tuve cuidado.,INLU'UKTUWINEK,tuve cuidado.,inlu'uktuwinek,flashcards,P01425,False
U01104,Estoy divorciada.,APU'PI NUKA'KA,estoy divorciada.,apu'pi nuka'ka,flashcards,P01104,False
U02156,Lava todo.,PAMUER' IÑER',lava todo.,pamuer' iñer',flashcards,P02156,False
U00456,Tú empieza.,KENMA TENMIANSUER',tú empieza.,kenma tenmiansuer',flashcards,P00456,False
U01755,Estaba sudando.,ELLIA'PAWINEK,estaba sudando.,ellia'pawinek,flashcards,P01755,False
U01901,¡Buen país!,¡U'CHIMU ÑINALU'!,¡buen país!,¡u'chimu ñinalu'!,flashcards,P01901,False
U00467,Sé serio.,YAMERCHA,sé serio.,yamercha,flashcards,P00467,False
U00236,Vamos.,PA'A,vamos.,pa'a,flashcards,P00236,False
U01508,Avancemos.,PA'AWA' EKTER'LUPA',avancemos.,pa'awa' ekter'lupa',flashcards,P01508,False
U01581,Estamos intrigados.,LACHEK'INSU' ÑAPALLIDEK,estamos intrigados.,lachek'insu' ñapallidek,flashcards,P01581,False
U00794,Vendo autos.,UKU'LATAPALEK WA'NATEKA'ASU',vendo autos.,uku'latapalek wa'nateka'asu',flashcards,P00794,False
U00095,Soy viejo.,TASERPIKU,soy viejo.,taserpiku,flashcards,P00095,False
U01896,Somos minuciosos.,INLU'UK'TUTEK NUKA'KAWA',somos minuciosos.,inlu'uk'tutek nuka'kawa',flashcards,P01896,False
U00974,Quédatelo.,LIA'KER',quédatelo.,lia'ker',flashcards,P00974,False
U01098,Soy doctor.,DOKTOR NUKA'KA,soy doctor.,doktor nuka'ka,flashcards,P01098,False
U01772,Me desnudo.,INANPILECHEK,me desnudo.,inanpilechek,flashcards,P01772,False
U01468,¿Está lloviendo?,¿ULANPALLINCHA?,¿está lloviendo?,¿ulanpallincha?,flashcards,P01468,False
U01530,Mantenganse juntos.,MUMU'SU' ÑAPAKU',mantenganse juntos.,mumu'su' ñapaku',flashcards,P01530,False
U00667,Tom ronca.,TOM TUKULU'PALLI,tom ronca.,tom tukulu'palli,flashcards,P00667,False
U01292,Es cruel.,MUKANKAN'INPU' NUKA'A,es cruel.,mukankan'inpu' nuka'a,flashcards,P01292,False
U00887,Actúa.,NU'TER',actúa.,nu'ter',flashcards,P00887,False
U00573,¿Es gratis?,¿PA'CHI'ÑIN'CHA?,¿es gratis?,¿pa'chi'ñin'cha?,flashcards,P00573,False
U00713,Estás vieja.,TASELLUN ÑAPALA,estás vieja.,tasellun ñapala,flashcards,P00713,False
U00474,Ven solo.,WENLLER' KENMASA',ven solo.,wenller' kenmasa',flashcards,P00474,False
U00029,Salí.,YUNSU'LEK,salí.,yunsu'lek,flashcards,P00029,False
U00923,Despertalo.,A'NAMBIKER',despertalo.,a'nambiker',flashcards,P00923,False
U00059,¡Entren!,¡DAKER'KU'!,¡entren!,¡daker'ku'!,flashcards,P00059,False
U01202,Llamarán.,PEKLU'TECHUNA',llamarán.,peklu'techuna',flashcards,P01202,False
U01092,Volveré.,ADENCHE'CHEK,volveré.,adenche'chek,flashcards,P01092,False
U02161,Podemos ayudarlos.,YENNITULEK'WA' KATU'PA'A'KAWAK,podemos ayudarlos.,yennitulek'wa' katu'pa'a'kawak,flashcards,P02161,False
U00586,Está vacío.,INANTEK' NUKA'A,está vacío.,inantek' nuka'a,flashcards,P00586,False
U01225,Tom sobrevivió.,TOM CHIMILLINKEKLA NAMPILLI,tom sobrevivió.,tom chimillinkekla nampilli,flashcards,P01225,False
U00754,Él envejeció.,NANA TASERPITULLI,él envejeció.,nana taserpitulli,flashcards,P00754,False
U01010,Ven enseguida.,WEK'KER' IPIA'LA,ven enseguida.,wek'ker' ipia'la,flashcards,P01010,False
U01408,He pecado.,APER'LEK,he pecado.,aper'lek,flashcards,P01408,False
U01567,Fuimos robados.,APE'CHUWIÑINER'KUDEK,fuimos robados.,ape'chuwiñiner'kudek,flashcards,P01567,False
U00371,Se acabó.,TEKINEKLLI,se acabó.,tekineklli,flashcards,P00371,False
U01821,Déjalos pelear.,TA'ITULA'DEK'KU' IDENMAINA',déjalos pelear.,ta'itula'dek'ku' idenmaina',flashcards,P01821,False
U01480,Será fácil.,SAKA'DEKIMPU ÑICHU,será fácil.,saka'dekimpu ñichu,flashcards,P01480,False
U01048,Está comiendo.,WERANPALLI,está comiendo.,weranpalli,flashcards,P01048,False
U02109,¡Feliz Navidad!,¡U'CHIMU ÑIÑUDUKER!,¡feliz navidad!,¡u'chimu ñiñuduker!,flashcards,P02109,False
U00690,Fracasaremos.,TEKA'PER'ATERWA',fracasaremos.,teka'per'aterwa',flashcards,P00690,False
U00242,Ella corre.,NANA TEKA'LLI,ella corre.,nana teka'lli,flashcards,P00242,False
U01274,Puedes nadar.,YENNITULA' IDUN'A'MAK,puedes nadar.,yennitula' idun'a'mak,flashcards,P01274,False
U01132,Sigue cavando.,IWA'TAPER'I'LA,sigue cavando.,iwa'taper'i'la,flashcards,P01132,False
U01698,La increpó.,YUTULLI,la increpó.,yutulli,flashcards,P01698,False
U00850,Házmelo saber.,A'ÑINCHITU'U,házmelo saber.,a'ñinchitu'u,flashcards,P00850,False
U00924,Camina lentamente.,DEKUNDER' UTI'LA,camina lentamente.,dekunder' uti'la,flashcards,P00924,False
U02119,Alguien llamó.,DENIPA' PEKLU'TULLI,alguien llamó.,denipa' peklu'tulli,flashcards,P02119,False
U00789,¡Necesito ayuda!,¡LUWANTULEK KATU'PA'!,¡necesito ayuda!,¡luwantulek katu'pa'!,flashcards,P00789,False
U02830,Ahí se pudrió.,Nanek tawetchulli.,ahí se pudrió.,nanek tawetchulli.,pdf_textos,T009_N014,False
U00027,Abrázame.,WIPERI'U,abrázame.,wiperi'u,flashcards,P00027,False
U00207,Soy pobre.,KULLIKER'WI'NEK,soy pobre.,kulliker'wi'nek,flashcards,P00207,False
U01736,Necesitaba dinero.,LUWANTUWINEK KULLIKER',necesitaba dinero.,luwantuwinek kulliker',flashcards,P01736,False
U01654,¿Puedo verlos?,¿YENNITULEK LLI'DEK'AK?,¿puedo verlos?,¿yennitulek lli'dek'ak?,flashcards,P01654,False
U03138,Bien poquito les daba de comer y les mandaba a sus casas.,"U'ñishima awerandeklli, a'panta'deklli pideknennek.",bien poquito les daba de comer y les mandaba a sus casas.,"u'ñishima awerandeklli, a'panta'deklli pideknennek.",pdf_textos,T012_N014,False
U01232,"Despiértate, Tom.","NANPILADAKER', TOM","despiértate, tom.","nanpiladaker', tom",flashcards,P01232,False
U01301,Eres listo.,INSEKDIPERPI NUKA'MA,eres listo.,insekdiperpi nuka'ma,flashcards,P01301,False
U03128,Hay que hacerles sembrar a estos indios.,A'teradek'awa' asu' kenma'lusa'.,hay que hacerles sembrar a estos indios.,a'teradek'awa' asu' kenma'lusa'.,pdf_textos,T012_N004,False
U00296,No llores.,YAWELLEKTA,no llores.,yawellekta,flashcards,P00296,False
U01494,Déjame terminar.,TA'ITULA'U ATA'WANTAK,déjame terminar.,ta'itula'u ata'wantak,flashcards,P01494,False
U01317,¿Contento?,¿MUSU'?,¿contento?,¿musu'?,flashcards,P01317,False
U03105,Todos los hombres deberían ser como Malallina.,Nana Malallinapu'wa'su' ñillin iñer enmu'pinen.,todos los hombres deberían ser como malallina.,nana malallinapu'wa'su' ñillin iñer enmu'pinen.,pdf_textos,T011_N052,False
U02017,Necesito entrar.,YADA'LEK,necesito entrar.,yada'lek,flashcards,P02017,False
U00828,Soy egoísta.,KUAKEKSA' LLI'INUPALEK,soy egoísta.,kuakeksa' lli'inupalek,flashcards,P00828,False
U00276,¿Quién nadó?,¿DEN IDUÑI?,¿quién nadó?,¿den iduñi?,flashcards,P00276,False
U00453,¿Qué hay?,¿MA'NEN ÑAPALLI?,¿qué hay?,¿ma'nen ñapalli?,flashcards,P00453,False
U00697,Terminamos.,A'TA'WANTULLIDEK,terminamos.,a'ta'wantullidek,flashcards,P00697,False
U02061,Oí eso.,LAUK'LEK NANA,oí eso.,lauk'lek nana,flashcards,P02061,False
U03189,Esa clase de nombres antes no hemos tenido.,Tusu'sa' llillinlusa' napi' a'ñiwinekwa'.,esa clase de nombres antes no hemos tenido.,tusu'sa' llillinlusa' napi' a'ñiwinekwa'.,pdf_textos,T013_N043,False
U02022,Hablo español.,LUNPALEK ESPAÑOL,hablo español.,lunpalek español,flashcards,P02022,False
U01996,¿Cómo terminará?,¿MA'PU'SU' TA'WANTECHU?,¿cómo terminará?,¿ma'pu'su' ta'wantechu?,flashcards,P01996,False
U00721,Estate preparado.,INSEK'DIPERSU' ÑAPAKER',estate preparado.,insek'dipersu' ñapaker',flashcards,P00721,False
U03172,Así nomás dice tenían sus nombres.,Tula'si'ma llinlliwañina'.,así nomás dice tenían sus nombres.,tula'si'ma llinlliwañina'.,pdf_textos,T013_N026,False
U01417,Lo abofeteé.,PATENCHULEK,lo abofeteé.,patenchulek,flashcards,P01417,False
U00673,Tom gritó.,TOM LAMAPU'LLI,tom gritó.,tom lamapu'lli,flashcards,P00673,False
U00249,Parate,WANERKER',parate,wanerker',flashcards,P00249,False
U01611,¡Puedes hacerlo!,¡YENNITULA NU'TA'MAK!,¡puedes hacerlo!,¡yennitula nu'ta'mak!,flashcards,P01611,False
U01561,Estamos llorando.,WELLIEK'APALLIDEK,estamos llorando.,welliek'apallidek,flashcards,P01561,False
U00026,Métete adentro.,DA'KER' KINEKLA,métete adentro.,da'ker' kinekla,flashcards,P00026,False
U01420,Quiero llorar.,YAWELLEKLEK,quiero llorar.,yawelleklek,flashcards,P01420,False
U03143,"Nosotros antes desmotábamos el algodón, hilábamos, metíamos el hilo en el telar armándolo.","Kenmu'wei'na' napi' anantulekwa', pitetchulekwa', kala'tulekwa'.","nosotros antes desmotábamos el algodón, hilábamos, metíamos el hilo en el telar armándolo.","kenmu'wei'na' napi' anantulekwa', pitetchulekwa', kala'tulekwa'.",pdf_textos,T012_N019,False
U00764,Qué raro.,EMPU'NI LLI'INEK,qué raro.,empu'ni lli'inek,flashcards,P00764,False
U00892,Llamaron.,PEKLU'TULLINA',llamaron.,peklu'tullina',flashcards,P00892,False
U01981,¡No mientas!,¡YATUMU'TA!,¡no mientas!,¡yatumu'ta!,flashcards,P01981,False
U01350,¿Me ves?,¿LI'APALU?,¿me ves?,¿li'apalu?,flashcards,P01350,False
U02023,Estudio inglés.,ALEK'APALLINER'KU INGLES,estudio inglés.,alek'apalliner'ku ingles,flashcards,P02023,False
