pair_id,group_id,anchor,positive,negative,negative_pair_id,negative_group_id,difficulty,sim_positive,sim_negative,margin,negative_rank
U01828,G01624,escucha atentamente.,lau'ker' musu',sekdiperker' kenmalek,U01812,G01609,hard,0.4609266519546509,0.41043826937675476,0.05048838257789612,44
U02591,G02366,divisando lo que levanta humo tu candela.,lli'amudek mu'katapa'su' penpen.,namasu' la'leklan luntetchek.,U02281,G02056,hard,0.42972350120544434,0.3777979910373688,0.05192551016807556,19
U02521,G02296,"dicen que este monte lo van a quemar, pero no le creyeron.",asu' tanan ima di'setchetchuna' itudekllima ñima latekchiñina'.,nu'an yupasik ima ipa' ipa'linchi ñinanlu' indiuntunñina'.,U02737,G02512,hard,0.6091111898422241,0.5303518176078796,0.07875937223434448,4
U02521,G02296,"dicen que este monte lo van a quemar, pero no le creyeron.",asu' tanan ima di'setchetchuna' itudekllima ñima latekchiñina'.,kenmu'wi'na asek ñiden lupa'paperwi'ñi tullima nana lli'tukunlusa'.,U02984,G02759,medium,0.6091111898422241,0.45677608251571655,0.15233510732650757,16
U02101,G01882,curémonos.,inlulen'awa',impaleriawa',U01825,G01621,hard,0.5856026411056519,0.5342106223106384,0.05139201879501343,31
U00921,G00895,esperame.,wa'ten'u,wa'tentapechek,U02041,G01825,hard,0.7282416224479675,0.6650168895721436,0.06322473287582397,5
U00921,G00895,esperame.,wa'ten'u,wa'tentutek ñiechek,U02040,G01824,medium,0.7282416224479675,0.5586057901382446,0.1696358323097229,11
U01034,G00895,deme tiempo.,wa'ten'u,wa'tentechek,U00805,G00681,hard,0.5238425731658936,0.4696471691131592,0.054195404052734375,9
U02138,G01918,me matarán.,dei'techuner'ku,usu'lliner'ku,U00801,G01817,hard,0.5028342008590698,0.4505167305469513,0.05231747031211853,4
U02138,G01918,me matarán.,dei'techuner'ku,kualek ñapallina',U02150,G01930,medium,0.5028342008590698,0.35251614451408386,0.15031805634498596,38
U00990,G00854,¿estás perdido?,¿wer'su' ñapala?,¿chacha'wanpala?,U00989,G00853,hard,0.7202214598655701,0.6669670343399048,0.05325442552566528,18
U01102,G00961,estoy confuso.,lachek'ki'nek,a'shupalek,U01389,G01214,hard,0.7250166535377502,0.6742075681686401,0.05080908536911011,18
U01103,G00961,estoy confundido.,lachek'ki'nek,yiennichi'nek,U02074,G01857,hard,0.6314796209335327,0.5811684131622314,0.05031120777130127,36
U02351,G02126,"mientras muelo voy asando también la yuca, cinco yucas enteras.",peksantapamu nana inkaluner ker'unta' a'ler'apalek alei'teklundan.,"nanalek tatawek awawek teksusullun, kua nana lu'nkasu'.",U02477,G02252,hard,0.44581139087677,0.3888171911239624,0.05699419975280762,32
U00760,G00639,está fingiendo comer.,intek weranpalli,pada'sa'tapalli,U01806,G01603,hard,0.5567611455917358,0.4753529131412506,0.08140823245048523,2
U00760,G00639,está fingiendo comer.,intek weranpalli,latada'pilalli,U00191,G00146,medium,0.5567611455917358,0.4064916968345642,0.15026944875717163,21
U01675,G01481,¿me conocen?,¿luwer'chapalama'u?,¿ta'itule'chuner'ku?,U02225,G02001,hard,0.7471251487731934,0.686214804649353,0.06091034412384033,2
U01675,G01481,¿me conocen?,¿luwer'chapalama'u?,¿yennitullina lli'er'kenmuak?,U01949,G01739,medium,0.7471251487731934,0.5917444825172424,0.15538066625595093,7
U02116,G01897,es brasileña.,brashika nuka'a,iyasu' nuka'a,U01803,G01600,hard,0.5541168451309204,0.4794711768627167,0.07464566826820374,4
U02116,G01897,es brasileña.,brashika nuka'a,kuakin nuka'a,U00584,G00485,medium,0.5541168451309204,0.39658674597740173,0.15753009915351868,20
U00669,G00559,tomás esperó.,chuma wa'tentulli,tomas ekpa'lli,U00432,G00349,hard,0.678922712802887,0.6269791126251221,0.05194360017776489,2
U00669,G00559,tomás esperó.,chuma wa'tentulli,chiminllinkekla nampilli,U01288,G01119,medium,0.678922712802887,0.5265340805053711,0.15238863229751587,7
U01068,G00927,no sé.,ñinchichi'nek,lauk'i'nek,U02003,G01789,hard,0.7897723913192749,0.7328166365623474,0.05695575475692749,2
U01068,G00927,no sé.,ñinchichi'nek,luver'chi'nek,U01069,G00928,medium,0.7897723913192749,0.6354604363441467,0.15431195497512817,14
U02195,G01974,escribe algo.,llinse'cher' manen'unta',teklerier' nu'ta'mak,U01559,G01371,hard,0.47303837537765503,0.4221227765083313,0.05091559886932373,23
U01295,G01126,están despedidos.,saka'tunakla usu'dekllina',muinsu' ñapallina',U01868,G01662,hard,0.6302149295806885,0.5735406875610352,0.05667424201965332,10
U01295,G01126,están despedidos.,saka'tunakla usu'dekllina',nu'misansu' chimiñina',U01857,G01651,medium,0.6302149295806885,0.4771019220352173,0.1531130075454712,33
U02483,G02258,hace mucho yo viví en varadero.,kua napi' simirkek nanpilek.,nerpi'pu' pinanetllek.,U02286,G02061,hard,0.5227586627006531,0.4720838665962219,0.05067479610443115,14
U02483,G02258,hace mucho yo viví en varadero.,kua napi' simirkek nanpilek.,tanak pa'an tatawek ilantulli.,U02485,G02260,medium,0.5227586627006531,0.36830252408981323,0.15445613861083984,49
U01267,G01102,eres rico.,kulliker'wanpala,mukankaninpu',U01854,G01648,hard,0.5975850820541382,0.5425031781196594,0.05508190393447876,9
U01267,G01102,eres rico.,kulliker'wanpala,kaikualusa' nuker'ka,U02148,G01928,medium,0.5975850820541382,0.44723600149154663,0.15034908056259155,43
U01708,G01511,ya sé.,ipa' ñinchitulek,dei'techek,U01439,G01258,hard,0.5551114678382874,0.5050315260887146,0.050079941749572754,22
U01053,G00913,¡qué pesado!,¡enpu'ni saka'dek'ipa'!,¡embu'ni wer'ipa'!,U00952,G00819,hard,0.5914309024810791,0.52635657787323,0.06507432460784912,12
U01053,G00913,¡qué pesado!,¡enpu'ni saka'dek'ipa'!,¡yuspeinet'echun nanapu'si'la!,U01189,G01032,medium,0.5914309024810791,0.43949225544929504,0.15193864703178406,34
U02148,G01928,son hermanas.,kaikualusa' nuker'ka,tekinchilusa' nuker'ka,U02142,G01922,hard,0.6397545337677002,0.5671290159225464,0.07262551784515381,7
U02148,G01928,son hermanas.,kaikualusa' nuker'ka,shamu'pensu' nuka'ka,U00211,G00163,medium,0.6397545337677002,0.4801585376262665,0.15959599614143372,15
U02624,G02399,"él no cría gallinas, no cría huanganas, nada de esos animales.","ñi nana wa'dantek pektawapi'ñi, ñi laman pektawapi'ñi, ñi ma'nen nanadaper.","nanekla ñi a'pinta' yapitetchi'ñina', ñi ananchi'ñina', ñi asu' pankuellinchi'ñina'.",U02987,G02762,hard,0.6232532262802124,0.5286521315574646,0.0946010947227478,2
U02624,G02399,"él no cría gallinas, no cría huanganas, nada de esos animales.","ñi nana wa'dantek pektawapi'ñi, ñi laman pektawapi'ñi, ñi ma'nen nanadaper.","a'pinta' kaschilleklansa' lunna', ñi a'pinta' shiwilu la'la' lunpi'ñina'.",U02413,G02188,medium,0.6232532262802124,0.4631364941596985,0.16011673212051392,3
U00973,G00839,me lastimas.,a'kaluwi'lun,kua katu'pekchen,U00736,G00616,hard,0.5506221055984497,0.49972647428512573,0.050895631313323975,10
U00201,G00154,estoy herido.,chacha'lek ñapalek,yapa'lek,U01086,G00945,hard,0.6859182119369507,0.6343382596969604,0.051579952239990234,41
U02793,G02568,cuando un viejo hablaba los niños no debían asomarse.,"taserpi lunpasik, wilalusa' kawichi'ñina'.",nerpi'la llillin aku'llina' ñinchiluinpu'la'pi'na'.,U03196,G02971,hard,0.6130374073982239,0.5554581880569458,0.057579219341278076,4
U02793,G02568,cuando un viejo hablaba los niños no debían asomarse.,"taserpi lunpasik, wilalusa' kawichi'ñina'.","apu'tek i'mi'na ñinpu' ninchiluyuchi'ñi, ñi aperku'tekinpu'.",U03134,G02909,medium,0.6130374073982239,0.4628373980522156,0.1502000093460083,17
U00561,G00466,me mudaré.,yunsue'chek,wichi'echek,U00088,G00061,hard,0.6298729181289673,0.5719164609909058,0.05795645713806152,26
U00295,G00234,no preguntes.,yalek'tuta,yanu'tapala,U01642,G01452,hard,0.5810373425483704,0.5226998329162598,0.058337509632110596,16
U00295,G00234,no preguntes.,yalek'tuta,ku'la dai'nchu,U00232,G00182,medium,0.5810373425483704,0.42734333872795105,0.1536940038204193,38
U03009,G02784,(las mujeres) lloraban bastante y después se acostumbraban.,wellek'apawi'ni'ma tekkiyallina'.,tanni'ma adenchanna' lunchallina' da'mupa'ser nana musun.,U02882,G02657,hard,0.5133373141288757,0.46147048473358154,0.05186682939529419,12
U01299,G01130,eres inteligente.,iñer' ñinchitapala',weipensu' ñapala,U01296,G01127,hard,0.5382181406021118,0.4868136942386627,0.0514044463634491,26
U00359,G00290,llovió.,u'lanñi,saka'tulli,U00361,G00292,hard,0.671893298625946,0.6210335493087769,0.05085974931716919,11
U00359,G00290,llovió.,u'lanñi,iyalli,U00369,G00300,medium,0.671893298625946,0.5147535800933838,0.15713971853256226,30
U01059,G00918,estoy lesionado.,ñapalek da'peksu',inanpilatek ñapawinek,U00802,G00678,hard,0.74544358253479,0.6918705105781555,0.05357307195663452,19
U00660,G00550,tom miró.,tom lli'tulli,tom peklu'tulli,U00649,G00541,hard,0.8644092679023743,0.8100636005401611,0.054345667362213135,12
U00660,G00550,tom miró.,tom lli'tulli,tom a'lektapalli,U00917,G00787,medium,0.8644092679023743,0.7142701148986816,0.15013915300369263,45
U01633,G01444,lo verás.,lli'echu,llipu'tula,U01272,G01107,medium,0.6592782735824585,0.49836698174476624,0.16091129183769226,3
U01634,G01444,la verás.,lli'echu,llipu'tula,U01272,G01107,hard,0.6745115518569946,0.5423876047134399,0.1321239471435547,3
U01634,G01444,la verás.,lli'echu,ipa' lli'echu,U00711,G00597,medium,0.6745115518569946,0.5124844908714294,0.16202706098556519,5
U00024,G01474,¿entendiste?,¿lachek'la?,¿si'lentapala?,U01648,G01457,hard,0.7344808578491211,0.6819849014282227,0.05249595642089844,10
U00024,G01474,¿entendiste?,¿lachek'la?,¿kaser'llincha?,U01469,G01287,medium,0.7344808578491211,0.5840729475021362,0.15040791034698486,46
U01667,G01474,¿entendió?,¿lachek'la?,¿chimiñi?,U00569,G00473,hard,0.7261361479759216,0.6652799844741821,0.0608561635017395,17
U01667,G01474,¿entendió?,¿lachek'la?,¿kenma?,U01903,G01697,medium,0.7261361479759216,0.5747110843658447,0.1514250636100769,48
U02797,G02572,las viejas finadas y los viejos finados se sentaban y hablaban de ese arákayu.,"tasellunku'lusa' papinkuku'lusa' du'anna', nana arakayukin luñina'.",nana mukankinpu'lalusa'ler arakayu pideknen di'setchullina'.,U02788,G02563,hard,0.6532226800918579,0.5532852411270142,0.09993743896484375,2
U02797,G02572,las viejas finadas y los viejos finados se sentaban y hablaban de ese arákayu.,"tasellunku'lusa' papinkuku'lusa' du'anna', nana arakayukin luñina'.","wadunni'ma chintanna', adenchanna' ñinanluk luncha'llina'.",U02655,G02430,medium,0.6532226800918579,0.49203386902809143,0.16118881106376648,9
U02082,G01864,solo pruébatela.,lataker'sa',luwerchinpu'deker,U00831,G00707,hard,0.4298851490020752,0.3778625428676605,0.05202260613441467,10
U01036,G00897,buenos días.,muuklli,uker'lli,U00356,G00287,hard,0.41257742047309875,0.3511723577976227,0.061405062675476074,17
U02693,G02468,gritó arákayu.,lukatullima arakayu.,arakayuler tanpen peklu'n itulli,U02728,G02503,hard,0.6052562594413757,0.5446351170539856,0.06062114238739014,3
U02693,G02468,gritó arákayu.,lukatullima arakayu.,kankanen ukunpala'lli.,U02884,G02659,medium,0.6052562594413757,0.45079416036605835,0.15446209907531738,12
U00044,G00036,¿en serio?,¿tekinchi?,¿sekipia'cha?,U01467,G01285,hard,0.6349085569381714,0.5827744603157043,0.05213409662246704,21
U00045,G00036,¿la verdad?,¿tekinchi?,¿lachek'la?,U00024,G01474,hard,0.6870460510253906,0.6354817152023315,0.05156433582305908,5
U00045,G00036,¿la verdad?,¿tekinchi?,¿kaser'llincha?,U01469,G01287,medium,0.6870460510253906,0.5358121395111084,0.15123391151428223,34
U02661,G02436,está regalando (pescado).,panutapalli.,insek'lutenapalli,U01051,G00911,hard,0.5589307546615601,0.46202120184898376,0.0969095528125763,7
U02661,G02436,está regalando (pescado).,panutapalli.,pulunker' wanta'palli,U00846,G00722,medium,0.5589307546615601,0.4047855734825134,0.15414518117904663,23
U01619,G01430,necesitas ayuda.,katu'pa' luwantula,yennitula' uk'a'mak,U01268,G01103,hard,0.5876689553260803,0.5200210809707642,0.06764787435531616,10
U01619,G01430,necesitas ayuda.,katu'pa' luwantula,saka'techu empu'nipa,U01630,G01441,medium,0.5876689553260803,0.4333731234073639,0.15429583191871643,39
U02220,G01997,¿son estudiantes?,¿ñinchitulusa' nuka'mama'?,¿a'lek'tutek' nuka'a?,U02062,G01845,hard,0.5989607572555542,0.5427848100662231,0.056175947189331055,11
U02220,G01997,¿son estudiantes?,¿ñinchitulusa' nuka'mama'?,¿wilawanpala'?,U02231,G02006,medium,0.5989607572555542,0.44779905676841736,0.15116170048713684,43
U01997,G01783,¡apúrate niña!,¡wiuker' wila!,¡wencher' wiuksu'!,U00479,G00393,hard,0.670874834060669,0.61434006690979,0.056534767150878906,4
U01997,G01783,¡apúrate niña!,¡wiuker' wila!,¡enpu'ni mupenchipa'!,U01055,G00915,medium,0.670874834060669,0.5173134803771973,0.15356135368347168,23
U02733,G02508,sólo ellos van a poblar de nuevo.,nawa'sa' nanpichuna'.,inluyupallina'pi'la ipa'la walek.,U03098,G02873,hard,0.49304285645484924,0.43932080268859863,0.05372205376625061,35
U01410,G01231,te mentí.,tumu'tullien,luantullien,U00534,G00441,hard,0.6310136318206787,0.5784783959388733,0.05253523588180542,10
U00780,G00657,tengo vino.,vinu' a'ñapalek,kua a'nadalek,U01398,G01222,medium,0.7246590852737427,0.526549756526947,0.19810932874679565,4
U02688,G02463,"cuando pasó el carnaval regresó,","mitan nakusik ima adanta'n,","kundetchek enñi,",U02713,G02488,hard,0.61640465259552,0.5637580752372742,0.05264657735824585,19
U02688,G02463,"cuando pasó el carnaval regresó,","mitan nakusik ima adanta'n,","ñimi'na luwetchi'ñina' iker'adu,",U02632,G02407,medium,0.61640465259552,0.4662350118160248,0.15016964077949524,42
U03134,G02909,"en cambio apu'tek no sabía aborrecer mucho, no era miserable.","apu'tek i'mi'na ñinpu' ninchiluyuchi'ñi, ñi aperku'tekinpu'.","iñer ima dullinen adipi, ukunpala'lli, ñi chipitekwi'ñi.",U02875,G02650,hard,0.6542991399765015,0.5610101819038391,0.09328895807266235,2
U03134,G02909,"en cambio apu'tek no sabía aborrecer mucho, no era miserable.","apu'tek i'mi'na ñinpu' ninchiluyuchi'ñi, ñi aperku'tekinpu'.","ya'ullini'ma uklulu', arakayu iyui'ñi.",U02673,G02448,medium,0.6542991399765015,0.4779329299926758,0.17636620998382568,3
U00626,G00521,mantente despierto.,ñapaker' nanpiladasu',nerpi'pu' yamer'ker,U02084,G01866,hard,0.5604126453399658,0.5066359043121338,0.05377674102783203,14
U00626,G00521,mantente despierto.,ñapaker' nanpiladasu',ma'pu'su'pintak nu'ter,U01809,G01606,medium,0.5604126453399658,0.4103888273239136,0.15002381801605225,50
U00418,G00338,fuera.,adipi,ikerlli,U00221,G00173,hard,0.562621533870697,0.49757707118988037,0.06504446268081665,5
U00418,G00338,fuera.,adipi,nu'wanker',U01013,G00876,medium,0.562621533870697,0.4089890122413635,0.1536325216293335,36
U01586,G01397,somos egoístas.,kenmu'sak lli'i'nupalekwa',unku'pi ñapallidek,U01252,G01088,hard,0.6165949702262878,0.5609485507011414,0.055646419525146484,19
U00489,G00402,¡no hables!,¡yalunta'!,yalli'tama,U00485,G00398,hard,0.5898145437240601,0.5368112325668335,0.05300331115722656,21
U02659,G02434,dice que fueron a mirar.,lli'kuñini'ma.,nanek ima imanankankantullina'.,U02609,G02384,hard,0.520141065120697,0.4667684733867645,0.053372591733932495,3
U02423,G02198,postrada me la paso.,ñapamu erwatapalek.,erwa' ektu'lek,U00202,G00155,hard,0.4850703179836273,0.4199066758155823,0.06516364216804504,25
U03120,G02895,de esta manera ahora están olvidando la lengua shiwilu.,ipa'la nu'anna' ipa' shiwilu la'la' pinaner'apilallina'.,ipa'la asu' shaya'lusa' inllinsellina' asu' ladanenna'.,U03013,G02788,hard,0.6891692876815796,0.6036563515663147,0.08551293611526489,3
U03120,G02895,de esta manera ahora están olvidando la lengua shiwilu.,ipa'la nu'anna' ipa' shiwilu la'la' pinaner'apilallina'.,ipa'li'na ma'nen llillinlusi'pa' aku'llina'.,U03199,G02974,medium,0.6891692876815796,0.5177368521690369,0.17143243551254272,6
U00491,G00404,¡no esperes!,¡yawa'tenta!,yawa'tentuta,U00493,G00406,hard,0.6822978258132935,0.6081482768058777,0.07414954900741577,7
U00491,G00404,¡no esperes!,¡yawa'tenta!,yatulener'tama,U00487,G00400,medium,0.6822978258132935,0.5298033356666565,0.15249449014663696,17
U03064,G02839,"nosotros somos bastantes, ellos son doscitos nomas.","kenmu'wa' wapu'mu'wa', ma'ki'na asu' katu'shadapersa'.",a'pinta' luwektapa'nkusui'na ku'aperwawa suda'su'.,U02272,G02047,hard,0.6073952913284302,0.5131844282150269,0.09421086311340332,7
U03064,G02839,"nosotros somos bastantes, ellos son doscitos nomas.","kenmu'wa' wapu'mu'wa', ma'ki'na asu' katu'shadapersa'.","ñi anaki'nterwa', ñi tekkwi'nterwa'.",U02853,G02628,medium,0.6073952913284302,0.4567945897579193,0.15060070157051086,12
U02347,G02122,una vez tostado se lo muele.,inyek ipa'linchi peksanek.,da'wanler kiteklli tatawek.,U02489,G02264,hard,0.41053831577301025,0.357087105512619,0.053451210260391235,36
U00646,G00539,esto funciona.,asu' saka'tapalli,nana katu'pa'techu,U01190,G01033,hard,0.6334271430969238,0.577592134475708,0.05583500862121582,5
U00646,G00539,esto funciona.,asu' saka'tapalli,nana katu'pa'tulli,U00888,G00760,medium,0.6334271430969238,0.4746767282485962,0.15875041484832764,8
U00647,G00539,esto trabaja.,asu' saka'tapalli,nana katu'pa'techu,U01190,G01033,hard,0.6934511065483093,0.6004881262779236,0.09296298027038574,5
U00647,G00539,esto trabaja.,asu' saka'tapalli,asu' katu'pa'techu,U01213,G01054,medium,0.6934511065483093,0.534021258354187,0.15942984819412231,7
U01082,G00941,hablo rápido.,wiuksu' lunpalek,luyulek idenmaak,U02004,G01790,hard,0.5707409977912903,0.5006133317947388,0.07012766599655151,3
U01082,G00941,hablo rápido.,wiuksu' lunpalek,manenpita' ikerchulek,U01462,G01280,medium,0.5707409977912903,0.420632541179657,0.1501084566116333,38
U02561,G02336,"atemorizados, cuando contaban nosotros (los jóvenes) los hemos oído a los viejos ya finados sentados en la calle,","tek kuanna', ta'ser kuda lauktullidek papinkuku'lusa' du'anna' adipik kallilalak,","ipa'la walek lauk'apallidek, lli'apallidek wa'dantek pekla'su',",U02569,G02344,hard,0.6760836243629456,0.5817452073097229,0.09433841705322266,2
U02561,G02336,"atemorizados, cuando contaban nosotros (los jóvenes) los hemos oído a los viejos ya finados sentados en la calle,","tek kuanna', ta'ser kuda lauktullidek papinkuku'lusa' du'anna' adipik kallilalak,","nanek ukllinantanna', ali'la uklli ukllinantununta'nna' tullina' yadanta'llidek.",U02982,G02757,medium,0.6760836243629456,0.5259342789649963,0.15014934539794922,8
U00675,G00565,tom morirá.,tom chiminchu,tom wer'lli,U02153,G01933,hard,0.7474778294563293,0.6939990520477295,0.053478777408599854,6
U00675,G00565,tom morirá.,tom chiminchu,tom lli'inutulli,U01875,G01669,medium,0.7474778294563293,0.5964219570159912,0.15105587244033813,43
U02285,G02060,a veces no puedo recordar lo que estoy hablando.,nerpi'pu' innichi'nek lli'inuta'kasu' lunpa'kasu'.,ma'pu'sui'na ikellandu'mu innichi'nek dekkunta'kasu'.,U02452,G02227,hard,0.6960495710372925,0.5965524315834045,0.09949713945388794,2
U02285,G02060,a veces no puedo recordar lo que estoy hablando.,nerpi'pu' innichi'nek lli'inuta'kasu' lunpa'kasu'.,kualer a'lek'etchek iñer ñinchita'kasu'.,U02509,G02284,medium,0.6960495710372925,0.5411455631256104,0.15490400791168213,4
U00050,G00040,lo procuramos.,tekle'rier'chidek,tu'nek'echidek,U02177,G01957,hard,0.6763378381729126,0.597091794013977,0.07924604415893555,4
U00050,G00040,lo procuramos.,tekle'rier'chidek,tupi'tu'udek,U00303,G00242,medium,0.6763378381729126,0.5256345272064209,0.1507033109664917,14
U00897,G00768,se besaron.,inmusha'llina',indek'llina',U00641,G00534,hard,0.6406103372573853,0.5870044827461243,0.053605854511260986,18
U00897,G00768,se besaron.,inmusha'llina',intek'lli'wina,U00457,G00373,medium,0.6406103372573853,0.484825074672699,0.15578526258468628,40
U01037,G00898,"espera, tom.",wa'tenker' tom,tom pa'echu,U00441,G00358,hard,0.7464882135391235,0.6079145073890686,0.13857370615005493,4
U01037,G00898,"espera, tom.",wa'tenker' tom,wiuk'er' tom,U01382,G01207,medium,0.7464882135391235,0.5929056406021118,0.15358257293701172,5
U02127,G01907,son amarillas.,sha'pi'su'sa' nuker'ka,iyasu' nuka'a,U01803,G01600,hard,0.5017126798629761,0.4491979479789734,0.052514731884002686,19
U02279,G02054,"viniendo de lima aquí ella también quiere aprender,","llimaklan wek'an asek nananta' yañinchitulli,",nanek ima ali'la taserpi wa'lata'su' tulli:,U02854,G02629,hard,0.6518513560295105,0.5841109752655029,0.06774038076400757,2
U02279,G02054,"viniendo de lima aquí ella también quiere aprender,","llimaklan wek'an asek nananta' yañinchitulli,","kua asu' senñula' a'lunpallun,",U02478,G02253,medium,0.6518513560295105,0.49626556038856506,0.15558579564094543,20
U01464,G01282,¿está mirando?,¿lli'tapalli?,¿ulanpallincha?,U01468,G01286,hard,0.7757717370986938,0.6856894493103027,0.09008228778839111,6
U01464,G01282,¿está mirando?,¿lli'tapalli?,¿kana'tula?,U00737,G00617,medium,0.7757717370986938,0.6254145503044128,0.150357186794281,24
U00098,G00980,está bien.,mupalli,musu' ñape'chu,U01290,G01121,hard,0.677110493183136,0.5364615321159363,0.1406489610671997,4
U00098,G00980,está bien.,mupalli,nanpipalli,U00585,G00486,medium,0.677110493183136,0.5223187208175659,0.15479177236557007,5
U00411,G00980,está buena.,mupalli,musu' ñape'chu,U01290,G01121,hard,0.6567339897155762,0.5845704078674316,0.07216358184814453,4
U00411,G00980,está buena.,mupalli,nanpipalli,U00585,G00486,medium,0.6567339897155762,0.5041342377662659,0.1525997519493103,7
U01127,G00980,está perfecto.,mupalli,saka'tapalli musu',U01479,G01297,hard,0.5325409173965454,0.48088338971138,0.051657527685165405,8
U01127,G00980,está perfecto.,mupalli,ma'kek'pachi'ñi,U02076,G01859,medium,0.5325409173965454,0.38038790225982666,0.15215301513671875,35
U01615,G01426,pareces ocupado.,ma'nen'nu'tapa'masu'pu'su' lli'tula,yupa'masu'pusu' lli'tula,U01699,G01502,hard,0.547844409942627,0.4876941740512848,0.06015023589134216,10
U01615,G01426,pareces ocupado.,ma'nen'nu'tapa'masu'pu'su' lli'tula,lupersu' ñapala,U01293,G01124,medium,0.547844409942627,0.3947031497955322,0.15314126014709473,41
U00690,G00577,fracasaremos.,teka'per'aterwa',tupitawa',U01823,G01619,hard,0.6946865320205688,0.635834276676178,0.05885225534439087,5
U00690,G00577,fracasaremos.,teka'per'aterwa',llia'terwa',U01588,G01399,medium,0.6946865320205688,0.5439894795417786,0.15069705247879028,22
U00568,G00472,he comido.,weranek',mapa'lek,U00768,G00646,hard,0.6330492496490479,0.5826104879379272,0.050438761711120605,44
U01008,G00871,¡míralo!,¡lli'ker'!,¡dakuta'ker'!,U01170,G01020,hard,0.6964497566223145,0.6167635321617126,0.0796862244606018,21
U01008,G00871,¡míralo!,¡lli'ker'!,aden'cher',U00290,G00230,medium,0.6964497566223145,0.5462217330932617,0.15022802352905273,40
U00961,G00827,¿quiénes sois?,¿denlusa'acha?,¿musu' ñapala?,U01316,G01145,hard,0.6059006452560425,0.5556026101112366,0.05029803514480591,30
U00606,G00502,cantemos.,tuluner'awa',adanta'wa',U01504,G01320,hard,0.6574881076812744,0.60515958070755,0.052328526973724365,6
U00606,G00502,cantemos.,tuluner'awa',wer'llidek,U00124,G00802,medium,0.6574881076812744,0.5068503618240356,0.15063774585723877,45
U02342,G02117,"pelada, se trae a la casa y se la guarda.","eksu', kencha'lek pidik, aku'lek.","piper'unkellu', pipelladasu'.",U02736,G02511,hard,0.5828283429145813,0.4865908622741699,0.09623748064041138,6
U02342,G02117,"pelada, se trae a la casa y se la guarda.","eksu', kencha'lek pidik, aku'lek.","- ajá, ñapalek, ñañá. uker lli'ker'ú.",U02418,G02193,medium,0.5828283429145813,0.4197329878807068,0.1630953550338745,14
U02903,G02678,ya algunos de los espíritus de los esposos muertos penaban en sus casas:,nu'unta' ipa' wa'danwañi nana pidik:,uk'apinlencha'ni'ma kelluluñiñi' kanañina'.,U02960,G02735,hard,0.4478973150253296,0.39753055572509766,0.050366759300231934,47
U02037,G01821,lo arreglaré.,tekdiper'echek,nu'techek,U00552,G00457,hard,0.6790117621421814,0.6114869117736816,0.06752485036849976,4
U02037,G01821,lo arreglaré.,tekdiper'echek,pi'ser'katulek,U00332,G00267,medium,0.6790117621421814,0.5281993746757507,0.15081238746643066,39
U00773,G00650,como pan.,ka'apalek tanta',ka'lek manzanas,U01061,G00920,hard,0.42997801303863525,0.34192410111427307,0.08805391192436218,5
U00773,G00650,como pan.,ka'apalek tanta',kerlliek vinu',U01712,G01515,medium,0.42997801303863525,0.27695977687835693,0.15301823616027832,23
U02478,G02253,"a mí esta señora me está hacienda hablar,","kua asu' senñula' a'lunpallun,","nanentu ker' manta'lek menmikda',",U02340,G02115,hard,0.7104257941246033,0.6337208151817322,0.0767049789428711,3
U02478,G02253,"a mí esta señora me está hacienda hablar,","kua asu' senñula' a'lunpallun,","kuashasa' ñienkasu' patunwi'nek,",U02502,G02277,medium,0.7104257941246033,0.5593183636665344,0.15110743045806885,10
U02505,G02280,si usted supiera hablar conversaríamos.,ñinchilu'nma'su' ñilli inluntunansu'.,nu'anni'ma iñer inyulatekkeksa' llia'llina'.,U02604,G02379,hard,0.4140259027481079,0.3609235882759094,0.053102314472198486,19
U02451,G02226,"ah, a ver pues, desde la mañana no he bebido nada.","- ah, enta'n'i'na dasu'laklanek uwi'nek.","ipa'lalek, ipa'la walek yunsi'ñi.",U02470,G02245,hard,0.6107255816459656,0.5536076426506042,0.05711793899536133,2
U02451,G02226,"ah, a ver pues, desde la mañana no he bebido nada.","- ah, enta'n'i'na dasu'laklanek uwi'nek.","nu'tan, pidekñik sichi'dandek'an iñer urañi.",U02894,G02669,medium,0.6107255816459656,0.45333194732666016,0.15739363431930542,8
U02510,G02285,"sólo eso he hablado. yurimaguas, julio 2005",kua nanasa' lunek.,namasu' la'leklan luntetchek.,U02281,G02056,hard,0.42795413732528687,0.3451159596443176,0.08283817768096924,4
U02510,G02285,"sólo eso he hablado. yurimaguas, julio 2005",kua nanasa' lunek.,"la'i nu'lekweipa', ku'leipa'. latekchi'lek kua.",U03191,G02966,medium,0.42795413732528687,0.27568647265434265,0.1522676646709442,40
U01040,G00901,tómate algo.,uker' ma'pinta',ekpa'ker' utila',U01030,G00891,hard,0.563237726688385,0.5115398168563843,0.05169790983200073,15
U03026,G02801,"ahora más tienen aretes, tienen collar, aprendieron a leer y escribir. algunos tienen dinero.","ipa'la a'pinta' asunwekwañina', miduwañina', kerka' ñinchillintullina'. nu'unta' kulliker'wañi.","wilalusi'ma, ya'dandektanna', pa'anna', anaka'lli'na'.",U03140,G02915,hard,0.6733118295669556,0.6205560564994812,0.052755773067474365,10
U03026,G02801,"ahora más tienen aretes, tienen collar, aprendieron a leer y escribir. algunos tienen dinero.","ipa'la a'pinta' asunwekwañina', miduwañina', kerka' ñinchillintullina'. nu'unta' kulliker'wañi.","ipa'la aku'llina', ma'i, giovanna, ma'nen ilipa'.",U03197,G02972,medium,0.6733118295669556,0.5158215761184692,0.15749025344848633,32
U01629,G01440,trabajas duro.,saka'techu watensu',da'sek'su' ñapala,U02216,G01993,hard,0.5173770785331726,0.4647005796432495,0.052676498889923096,10
U00202,G00155,llego tarde.,erwa' ektu'lek,ta'itula'u pae'chek,U01810,G01607,hard,0.5869724750518799,0.5328409075737,0.05413156747817993,6
U00202,G00155,llego tarde.,erwa' ektu'lek,nutulek tanta'shala,U01731,G01533,medium,0.5869724750518799,0.4364674687385559,0.15050500631332397,45
U00540,G00446,prometí.,tuwinek,panuerken,U02045,G01828,hard,0.5660834312438965,0.5119509100914001,0.05413252115249634,7
U01624,G01435,¿quieres esto?,¿asu' luwantula?,¿wenche'chu nana?,U01607,G01418,hard,0.6567397713661194,0.5951385498046875,0.061601221561431885,3
U01624,G01435,¿quieres esto?,¿asu' luwantula?,¿lli'inutapala?,U01974,G01763,medium,0.6567397713661194,0.49690014123916626,0.15983963012695312,5
U02228,G02003,¡contrólate!,¡inlu'uk'ter!,¡paku'!,U00068,G00052,hard,0.7765706777572632,0.7228705883026123,0.05370008945465088,18
U02228,G02003,¡contrólate!,¡inlu'uk'ter!,¡yailantuta!,U00742,G00622,medium,0.7765706777572632,0.6243818402290344,0.15218883752822876,33
U00641,G00534,lo intentaron.,indek'llina',tumu'pallina',U01547,G01359,hard,0.5017199516296387,0.44553476572036743,0.05618518590927124,32
U02364,G02139,cuando hierve se lo echa en otra olla de barro grande que está enterrada (hasta la mitad).,"ukluka'sik, ali'lak kupin uktak pekdu'a'kasu' upellek.",nu'amui'na i'pa amishawek teksusullun wilaluntulek.,U02262,G02037,hard,0.4569569230079651,0.4064468741416931,0.05051004886627197,23
U03153,G02928,"otros se han quedado en el cerro. 11 literalmente, los nombres de adentro.",ali'lima llia'lli ma'i mutupik.,llinanlusi'ma tanpa'nen ukunñina'.,U02944,G02719,hard,0.41615477204322815,0.36521831154823303,0.05093646049499512,16
U01731,G01533,hice panecitos.,nutulek tanta'shala,tantenñi tuluker'ak,U02243,G02018,hard,0.576915442943573,0.474963903427124,0.10195153951644897,3
U01731,G01533,hice panecitos.,nutulek tanta'shala,sanek'wantuwinek,U00775,G00652,medium,0.576915442943573,0.4262523949146271,0.15066304802894592,17
U00074,G00055,dolor,iker,imanan,U00563,G00467,hard,0.5205815434455872,0.4435412585735321,0.07704028487205505,8
U00074,G00055,dolor,iker,luantulek,U00329,G00264,medium,0.5205815434455872,0.37052080035209656,0.1500607430934906,18
U02876,G02651,de ahí le dijo:,naneklima itulli:,nu'an ima waneran tulli:,U02695,G02470,hard,0.7223519682884216,0.6308782696723938,0.09147369861602783,2
U02876,G02651,de ahí le dijo:,naneklima itulli:,tekkinchima itulli:,U02627,G02402,medium,0.7223519682884216,0.5678340196609497,0.15451794862747192,4
U02806,G02581,"sabiendo leer,","ñinchilli'anna' kerka'ña,","iñerdaper yu'nkellapilli,",U02744,G02519,hard,0.5051767230033875,0.4516664147377014,0.053510308265686035,8
U02806,G02581,"sabiendo leer,","ñinchilli'anna' kerka'ña,",ta'itula'u lek'techek,U02089,G01871,medium,0.5051767230033875,0.3545902967453003,0.15058642625808716,32
U02916,G02691,ellos sí van a matar a esa fiera.,nawa'ler a'ka di'tetchuna' nana anaka'.,nanek ima nu'unta' ipa' wa'latapallina'.,U02902,G02677,hard,0.597782552242279,0.5345391035079956,0.06324344873428345,3
U02916,G02691,ellos sí van a matar a esa fiera.,nawa'ler a'ka di'tetchuna' nana anaka'.,uk'apinlencha'ni'ma kelluluñiñi' kanañina'.,U02960,G02735,medium,0.597782552242279,0.44509994983673096,0.1526826024055481,20
U00926,G00795,¿hacía frío?,¿sanekwanwiñi?,¿ma'tulli?,U02188,G01968,hard,0.5167430639266968,0.4662666618824005,0.050476402044296265,33
U01795,G01594,fue ameno.,u'chimu ñiwiñi,lli'inupi ñiwiñi,U01797,G01595,hard,0.6505144834518433,0.5840135216712952,0.0665009617805481,10
U01795,G01594,fue ameno.,u'chimu ñiwiñi,ilanñi,U01172,G01021,medium,0.6505144834518433,0.4986879527568817,0.15182653069496155,31
U01796,G01594,era perfecto.,u'chimu ñiwiñi,lli'inupi ñiwiñi,U01797,G01595,hard,0.5795683264732361,0.5286505818367004,0.050917744636535645,6
U01796,G01594,era perfecto.,u'chimu ñiwiñi,apinta'a'tekalli,U01694,G01497,medium,0.5795683264732361,0.4250345826148987,0.1545337438583374,17
U01589,G01400,miramos,lli'aterwa',lun'awa',U00602,G00504,hard,0.683467447757721,0.5896711349487305,0.09379631280899048,3
U01589,G01400,miramos,lli'aterwa',dek'awa',U00609,G00505,medium,0.683467447757721,0.5302498936653137,0.15321755409240723,13
U00632,G00527,¡háblame!,¡luntuu!,llinser'chu'u,U00277,G00223,hard,0.6784819960594177,0.62040776014328,0.058074235916137695,16
U01253,G01089,estamos hambrientos.,uki'latek ñapallidek,wadanpintek nuka'kawa',U01894,G01688,hard,0.6502317190170288,0.5976163148880005,0.05261540412902832,9
U01253,G01089,estamos hambrientos.,uki'latek ñapallidek,ñinpi' lunpi'ñidek,U01573,G01384,medium,0.6502317190170288,0.4993619918823242,0.1508697271347046,46
U00178,G00136,lo tengo.,a'ñapalek,mapa'lek,U00768,G00646,hard,0.6137064695358276,0.5604813694953918,0.05322510004043579,21
U00000,G00000,ve.,paker',nu'ter',U00887,G00759,hard,0.5369327068328857,0.4846673309803009,0.05226537585258484,26
U00001,G00000,vete.,paker',a'tender',U00677,G00567,hard,0.6785019636154175,0.6273043155670166,0.05119764804840088,21
U00002,G00000,vaya.,paker',a'wanerker',U00109,G00077,hard,0.6193921566009521,0.5628551244735718,0.05653703212738037,6
U02713,G02488,"el lago junto al pelejo se secó,","kundetchek enñi,","luwetchi'ñina' panwala,",U02782,G02557,hard,0.5638052821159363,0.5051496624946594,0.058655619621276855,27
U02040,G01824,seré paciente.,wa'tentutek ñiechek,wa'tenchi'nek,U01396,G01220,hard,0.6687111258506775,0.5730372071266174,0.09567391872406006,3
U02040,G01824,seré paciente.,wa'tentutek ñiechek,tuna'su' ñapalek,U00190,G00145,medium,0.6687111258506775,0.5175338983535767,0.15117722749710083,9
U00610,G00506,caminemos.,dek'kuntawa',perlli'llidek,U00701,G00587,hard,0.6346506476402283,0.5843142867088318,0.050336360931396484,19
U01248,G01085,estábamos heridos.,llipu'pi ñapawiñidek,sakeksu' ñapallidek,U02183,G01963,hard,0.643389880657196,0.5931039452552795,0.050285935401916504,29
U01249,G01085,estábamos lastimados.,llipu'pi ñapawiñidek,nakusu' ullidek,U01881,G01675,hard,0.6496984958648682,0.5973273515701294,0.05237114429473877,21
U00012,G00009,¡para!,¡ta'ituler'!,¡latada'ker'!,U01182,G01029,hard,0.6573691368103027,0.6051337718963623,0.05223536491394043,18
U03075,G02850,buscaron a los yupaneros.,ma'i silutulusa' dunkerllina'.,amilusi'ma' willekllina' ukki'lanna'.,U03139,G02914,hard,0.5957157015800476,0.539154052734375,0.05656164884567261,11
U03075,G02850,buscaron a los yupaneros.,ma'i silutulusa' dunkerllina'.,dekpilli lli'kunchenma' lunpawa'.,U02880,G02655,medium,0.5957157015800476,0.4449504613876343,0.15076524019241333,33
U02944,G02719,las ramas de las lupunas quebradas se mantenían colgadas (ya el duende los estaba hipnotizando).,llinanlusi'ma tanpa'nen ukunñina'.,tullina' taserpiku'lusa'.,U02774,G02549,hard,0.49387386441230774,0.4399970769882202,0.053876787424087524,13
U02944,G02719,las ramas de las lupunas quebradas se mantenían colgadas (ya el duende los estaba hipnotizando).,llinanlusi'ma tanpa'nen ukunñina'.,nu'apileklima kencha'llina' inalupa' ku'apellusa' kullikerwanlusa'.,U03019,G02794,medium,0.49387386441230774,0.34377822279930115,0.1500956416130066,51
U01863,G01657,ellos ayudarán.,nawa' katu'pa'techuna',nawa' peklu'techuna',U01203,G01044,hard,0.6273133158683777,0.5727604031562805,0.05455291271209717,3
U01863,G01657,ellos ayudarán.,nawa' katu'pa'techuna',wei ek'tue'chuna',U01631,G01442,medium,0.6273133158683777,0.47358477115631104,0.15372854471206665,10
U01542,G01354,ellos bailarán.,nawa' lanse'chuna',iyatechuna',U02139,G01919,hard,0.5899824500083923,0.5263186097145081,0.06366384029388428,3
U01542,G01354,ellos bailarán.,nawa' lanse'chuna',na'pitechuna',U02140,G01920,medium,0.5899824500083923,0.4363439083099365,0.1536385416984558,13
U00988,G00852,¿estás lleno?,¿mer'su' ñapala?,¿neriapalli?,U02063,G01846,hard,0.6639589071273804,0.6093424558639526,0.054616451263427734,32
U01974,G01763,¿lo recuerdas?,¿lli'inutapala?,¿luwer'chapalama?,U01972,G01761,hard,0.6411230564117432,0.5771535038948059,0.06396955251693726,9
U01974,G01763,¿lo recuerdas?,¿lli'inutapala?,¿denlusa'acha?,U00961,G00827,medium,0.6411230564117432,0.49106454849243164,0.15005850791931152,38
U02734,G02509,sólo el pueblo de ellos se reproducirá le dijo al hombre candela.,nawa' ñinanlu'nenna' a'llupitununtekchuna' itullima tanpen muda'.,nana chu'kenpa'tapasik mitan ukllik'inchi sellawalusa' chu'kenapallina'.,U02684,G02459,hard,0.5168079733848572,0.46548426151275635,0.05132371187210083,4
U02734,G02509,sólo el pueblo de ellos se reproducirá le dijo al hombre candela.,nawa' ñinanlu'nenna' a'llupitununtekchuna' itullima tanpen muda'.,lli'kuñina' chipetcheklusa'sa' pektentapa'ser nanek.,U02921,G02696,medium,0.5168079733848572,0.3666505217552185,0.15015745162963867,42
U01172,G01021,le disparó.,ilanñi,tenmiansu'lli,U01121,G00975,hard,0.6053484678268433,0.5498752593994141,0.0554732084274292,14
U01172,G01021,le disparó.,ilanñi,muisu' kankatulli,U00972,G00838,medium,0.6053484678268433,0.45448559522628784,0.15086287260055542,37
U01190,G01033,eso ayudará.,nana katu'pa'techu,asu' katu'pa'techu,U01213,G01054,hard,0.7460702061653137,0.6240387558937073,0.12203145027160645,2
U01190,G01033,eso ayudará.,nana katu'pa'techu,nana saka'tapalli,U00636,G00531,medium,0.7460702061653137,0.5903933048248291,0.15567690134048462,3
U00625,G00520,mantente alerta.,ñapaker' insek'dipersu',iwa'taper'i'la,U01132,G00985,hard,0.6630257368087769,0.5859822034835815,0.07704353332519531,7
U00625,G00520,mantente alerta.,ñapaker' insek'dipersu',ñapaker' nanpiladasu',U00626,G00521,medium,0.6630257368087769,0.5056596994400024,0.15736603736877441,17
U02041,G01825,estaré esperando.,wa'tentapechek,wa'tentechek,U00805,G00681,hard,0.6915950179100037,0.6346348524093628,0.05696016550064087,5
U02041,G01825,estaré esperando.,wa'tentapechek,panwilekchi'nek,U01067,G00926,medium,0.6915950179100037,0.5000775456428528,0.19151747226715088,9
U02578,G02353,así dicen que pampayacu se quemó.,nu'sui'ma asu' panpadek uksu'ketchulli.,pa'an ima lli'kuñi pilenñantapalli.,U02874,G02649,hard,0.5358592867851257,0.48390352725982666,0.05195575952529907,15
U03136,G02911,"no quería que (los shiwilu) se estiraran cuando trabajaban, hasta que se hacía bien tarde (los obligaban a trabajar), hasta que se hacía bien oscuro y el grillo (cantaba) chanchanchan.","yenchenterka'su' saka'tapanna', iñer er'werwalek ipa' kasiserapilek walek ipa' asu' inkella chanchanchan.","tekkinchi ala'sa' dadapu mudi'ma lli'tulli. lli'anna' imanantullina', lli'anna' ñi enpi' lli'inpu'erkasu'.",U02981,G02756,hard,0.40414366126060486,0.3513520359992981,0.05279162526130676,28
U01939,G01729,¿estás mirando?,¿lli'tapala?,¿a'ñapala?,U01671,G01478,hard,0.7631208896636963,0.7097476124763489,0.05337327718734741,9
U01939,G01729,¿estás mirando?,¿lli'tapala?,¿lauk'lun?,U01960,G01750,medium,0.7631208896636963,0.6120172739028931,0.15110361576080322,38
U01528,G01341,sé positivo.,inlli'inuter' musuk,nantapitek ñiwina,U01921,G01712,hard,0.468949556350708,0.416375070810318,0.052574485540390015,35
U01940,G01730,¿estás casado?,¿sadasu'cha ñapala?,¿pumuladawanpala?,U02232,G02007,hard,0.6625040769577026,0.6063615679740906,0.05614250898361206,8
U01940,G01730,¿estás casado?,¿sadasu'cha ñapala?,¿insek'diperpi ñapala?,U01318,G01147,medium,0.6625040769577026,0.5102274417877197,0.1522766351699829,47
U02035,G01819,seguiré.,tupiechek,lauk'llien,U00781,G00658,hard,0.686722457408905,0.6324980854988098,0.054224371910095215,15
U02530,G02305,"los niños se venían llorando y cuando regresaban, dice, the children left, crying, and on their way back,","wilalusa' wellek'apilenchan ima, uk'apilenchani'ma,","sekllintulli iñer uklli, ala' simana', katu' simana', kala simana', ala' dukerkek ima ektu'llina' muyunpak. hicieron trocha todos los días, una semana, dos semanas, tres",U02968,G02743,hard,0.5058879852294922,0.4549432694911957,0.05094471573829651,35
U02062,G01845,¿es maestro?,¿a'lek'tutek' nuka'a?,¿yennitater'a'cha?,U01785,G01584,hard,0.6975444555282593,0.6416940093040466,0.055850446224212646,4
U02062,G01845,¿es maestro?,¿a'lek'tutek' nuka'a?,¿kaser'llincha?,U01469,G01287,medium,0.6975444555282593,0.5392730236053467,0.1582714319229126,20
U02807,G02582,(los jóvenes) ya no valoran esas cosas.,ñi a'pinta' nanadaper lli'inuchi'ñina'.,tula'si'ma llinlliwañina'.,U03172,G02947,hard,0.5831511616706848,0.5267706513404846,0.056380510330200195,6
U02807,G02582,(los jóvenes) ya no valoran esas cosas.,ñi a'pinta' nanadaper lli'inuchi'ñina'.,ma'ata'na katu'ta'shadaper ku'tinweklusa'.,U02440,G02215,medium,0.5831511616706848,0.4314185380935669,0.15173262357711792,29
U01887,G01681,estábamos bromeando.,si'lentapawiñidek,ñinpi' lunpi'ñidek,U01573,G01384,hard,0.5879164338111877,0.5212668776512146,0.06664955615997314,21
U01786,G01585,¿está sano?,¿mudinupallincha?,¿iya'tula?,U01961,G01751,hard,0.6560763120651245,0.604906439781189,0.05116987228393555,19
U02854,G02629,entonces otro viejo soñador dijo:,nanek ima ali'la taserpi wa'lata'su' tulli:,nana malek dansu'lusa' tullina':,U02566,G02341,hard,0.7138230204582214,0.6621591448783875,0.051663875579833984,6
U02854,G02629,entonces otro viejo soñador dijo:,nanek ima ali'la taserpi wa'lata'su' tulli:,"nanentu ker' manta'lek menmikda',",U02340,G02115,medium,0.7138230204582214,0.5607389807701111,0.15308403968811035,19
U01707,G01510,"¡apúrensen, muchachos!",¡wiuk'ku wilalusa'!,"wa'anler imi'na itulli ¡pa'apilanter, kenmá!",U02466,G02241,hard,0.5889440178871155,0.5385090708732605,0.05043494701385498,22
U01707,G01510,"¡apúrensen, muchachos!",¡wiuk'ku wilalusa'!,¡empu'ni mushipa'!,U00168,G00126,medium,0.5889440178871155,0.43724530935287476,0.15169870853424072,46
U02884,G02659,su higado está colgado nomás.,kankanen ukunpala'lli.,nu'su' nanpillina' napi'.,U03101,G02876,hard,0.44463300704956055,0.39401695132255554,0.050616055727005005,36
U02534,G02309,cuando estábamos agarrando pescado nos botaron porque tenemos esta enfermedad sa'la'.,samer mapa'sekudek dinsulullinerkudek asu' sa'la' a'kudeksu' malek.,"nu'taminerkenmu'wa' nanadaper a'ka asu' kudanta' ñinchipa'tullidek wilakudek ñamudek, du'pa'dek'amudek.",U03044,G02819,hard,0.6454123854637146,0.5202721357345581,0.1251402497291565,4
U02534,G02309,cuando estábamos agarrando pescado nos botaron porque tenemos esta enfermedad sa'la'.,samer mapa'sekudek dinsulullinerkudek asu' sa'la' a'kudeksu' malek.,"ta'ser kuanta' wilaku ñamu lawektulek, ipa'la winta'pallenma'.",U03146,G02921,medium,0.6454123854637146,0.4894159138202667,0.15599647164344788,8
U02405,G02180,hace tiempo me casé con mi esposo.,napi' sudawek sudatulek.,ñi napi'pu'su' kupin uwapawinek.,U02456,G02231,hard,0.5768506526947021,0.525816798210144,0.051033854484558105,11
U02405,G02180,hace tiempo me casé con mi esposo.,napi' sudawek sudatulek.,ipa'la nu'amu asek ñapalek.,U02498,G02273,medium,0.5768506526947021,0.42407289147377014,0.152777761220932,37
U00601,G00499,a ver.,enta'i'na,a'wanerker',U00109,G00077,hard,0.5345845222473145,0.48241692781448364,0.05216759443283081,18
U01750,G01552,quiero hablar.,yalun'nek,latekdeklek,U01391,G01215,hard,0.5715522766113281,0.5197536945343018,0.05179858207702637,34
U02930,G02705,necesitamos tu candela.,- pen luwanpa'lliyen.,ta'itula'udek kudasa',U01817,G01614,hard,0.3882938027381897,0.3301371932029724,0.058156609535217285,20
U01913,G01705,me mentiste.,tumu'tulun,kana'lliu,U01802,G01599,hard,0.5927078723907471,0.5392827391624451,0.053425133228302,22
U00623,G00518,huelan esto.,lanerku' asu',llinser'ku' nana,U02200,G01977,hard,0.645512044429779,0.5797590017318726,0.0657530426979065,3
U00623,G00518,huelan esto.,lanerku' asu',pata'ker' asu',U00265,G00212,medium,0.645512044429779,0.494512140750885,0.15099990367889404,23
U02864,G02639,un grupo que vaya durmiendo y el otro grupo que haga guardia.,"ala'musun wicha'pai, ali'la musui'na nanpiladapai.","pipektapapachenma' chiminchuma', nanpia'mama' walek.",U02473,G02248,hard,0.5024613738059998,0.4496344029903412,0.05282697081565857,4
U02864,G02639,un grupo que vaya durmiendo y el otro grupo que haga guardia.,"ala'musun wicha'pai, ali'la musui'na nanpiladapai.","nanekla, nanekla'nka pi'shek'anma' lli'ku'.",U02544,G02319,medium,0.5024613738059998,0.3518608510494232,0.15060052275657654,18
U02706,G02481,"dice que cuando iba río abajo los peces lo siguieron,","nu'wanta'sik ima sameller tupitunta'lli,","ma'sha tullima ala'sa' taserpi,",U02623,G02398,hard,0.6325144171714783,0.5807844996452332,0.05172991752624512,10
U02706,G02481,"dice que cuando iba río abajo los peces lo siguieron,","nu'wanta'sik ima sameller tupitunta'lli,","wilalusa' luwetchi'ñina' unma',",U02780,G02555,medium,0.6325144171714783,0.4718880355358124,0.1606263816356659,40
U00609,G00505,votemos.,dek'awa',aper'llidek,U00446,G00362,hard,0.5185375809669495,0.46688881516456604,0.05164876580238342,39
U02216,G01993,estás atascado.,da'sek'su' ñapala,nantapitek' ñiker',U00138,G00099,hard,0.5680822730064392,0.5178813934326172,0.05020087957382202,10
U00028,G00023,me caí.,anu'lek,wichi'echek,U00088,G00061,hard,0.6420550346374512,0.5906804800033569,0.05137455463409424,49
U02653,G02428,¿estos qué peces son?,- ¿asu' ma'nen samer a'cha? itullina'.,¿luwer'chapalama?,U01972,G01761,hard,0.4793238341808319,0.42513805627822876,0.05418577790260315,36
U01802,G01599,me supera.,kana'lliu,yanampilek,U01746,G01548,hard,0.4925861358642578,0.4411824941635132,0.05140364170074463,40
U01535,G01347,aquí tienes.,asek a'ñapala,mapu'sina asek',U00522,G00433,hard,0.5518622398376465,0.499160498380661,0.052701741456985474,4
U01535,G01347,aquí tienes.,asek a'ñapala,asek ñapallidek,U00698,G00797,medium,0.5518622398376465,0.3954264521598816,0.1564357876777649,32
U02863,G02638,"vamos, prevénganse hermanos, no duerman mucho, han de velar en la noche.","enchuku', inlli'inuku'la' yalli'lusa' enpu'ninchi yawichi'tama' nanpiladaku'.","tusu'si'ma, naneklima, kenmu'wa' ipa'la nana llillin ekpa'palekwa'.",U03185,G02960,hard,0.6070305705070496,0.5219749212265015,0.0850556492805481,4
U02863,G02638,"vamos, prevénganse hermanos, no duerman mucho, han de velar en la noche.","enchuku', inlli'inuku'la' yalli'lusa' enpu'ninchi yawichi'tama' nanpiladaku'.","ma'pu'si'pa' lli'etchuma' kenmama', ñienpi' lli'npu'a'mama'su' itudekllima wilalusa'.",U02545,G02320,medium,0.6070305705070496,0.45440950989723206,0.1526210606098175,8
U01304,G01135,estás equivocado.,aper'su' ñapala,mukankan ñiker',U00054,G00043,hard,0.5728768706321716,0.5221855044364929,0.05069136619567871,23
U02923,G02698,diluyó tabaco el viejo.,pinter ima sekmu'lli papinku.,arakayuler pekkun pa'lapinta'lli.,U02715,G02490,hard,0.46805864572525024,0.41736823320388794,0.050690412521362305,26
U02477,G02252,"con ella mi padre y mi madre me criaron, yo la hablo.","nanalek tatawek awawek teksusullun, kua nana lu'nkasu'.","nanpipakun tatawek ima wilawañinerku, wadekllinerku, asek i'la susulek.",U02253,G02028,hard,0.6336219906806946,0.5793243050575256,0.054297685623168945,2
U02477,G02252,"con ella mi padre y mi madre me criaron, yo la hablo.","nanalek tatawek awawek teksusullun, kua nana lu'nkasu'.","mula'si'la u'chimusha teksusudeklek wilaweklusa', papinalek.",U02435,G02210,medium,0.6336219906806946,0.483437180519104,0.15018481016159058,7
U00863,G00739,nadie mintió.,ñiden tumui'ñi,ñiden ñinchichi'ñi,U01155,G01007,hard,0.7247563600540161,0.6739606261253357,0.05079573392868042,5
U00863,G00739,nadie mintió.,ñiden tumui'ñi,ñi'inaka inlu'uktutek,U01759,G01561,medium,0.7247563600540161,0.5446401834487915,0.1801161766052246,10
U01562,G01374,estamos arruinados.,nakusu' muin'su' ñapallidek,saka'tapalekwa',U01593,G01404,hard,0.6976834535598755,0.6414614319801331,0.05622202157974243,21
U01563,G01374,estamos condenados.,nakusu' muin'su' ñapallidek,yanpu'su' ñapallidek,U01893,G01687,hard,0.6478981375694275,0.5977014303207397,0.050196707248687744,27
U00456,G00372,tú empieza.,kenma tenmiansuer',te'kinchi,U00397,G00322,hard,0.49670708179473877,0.4257398545742035,0.07096722722053528,10
U00275,G00221,¿quién murió?,¿den chimiñi?,¿den lamapu'lli?,U00705,G00591,hard,0.670061469078064,0.6000025272369385,0.07005894184112549,6
U00275,G00221,¿quién murió?,¿den chimiñi?,¿nakusu' tanluwatulli?,U00833,G00709,medium,0.670061469078064,0.5159797072410583,0.15408176183700562,28
U00083,G00057,de acuerdo.,muetchun,nanasa',U02059,G01842,hard,0.4550269842147827,0.40364181995391846,0.05138516426086426,13
U00093,G00277,soy gorda.,weilunsu' nuka'ka,kalu'tutek' nuka'ka,U00765,G00643,hard,0.6879650950431824,0.6255694031715393,0.062395691871643066,22
U00093,G00277,soy gorda.,weilunsu' nuka'ka,chacha'lek ñapalek,U00201,G00154,medium,0.6879650950431824,0.53781658411026,0.15014851093292236,49
U00346,G00277,soy obesa.,weilunsu' nuka'ka,lulentutek' nuka'ka,U01097,G00956,hard,0.6412848830223083,0.5906224250793457,0.050662457942962646,28
U01686,G01491,todos pagaron.,iñer' panwilek'tullina',wanersu' anu'dektullina'.,U02701,G02476,hard,0.5521575808525085,0.4987329840660095,0.05342459678649902,8
U01686,G01491,todos pagaron.,iñer' panwilek'tullina',uker'llina',U00891,G00763,medium,0.5521575808525085,0.4005438983440399,0.15161368250846863,30
U00642,G00535,ellos votaron.,nawa dekllina',iñer' kana'tullina',U01353,G01180,hard,0.6587317585945129,0.5965052247047424,0.06222653388977051,7
U00642,G00535,ellos votaron.,nawa dekllina',wanersu' anu'dektullina'.,U02701,G02476,medium,0.6587317585945129,0.5059866309165955,0.15274512767791748,20
U01583,G01394,nos vamos.,pa'echidek,ek'ker'chawa',U01509,G01324,hard,0.681900143623352,0.6109347343444824,0.07096540927886963,10
U01583,G01394,nos vamos.,pa'echidek,tenmiansu'wa,U00853,G00729,medium,0.681900143623352,0.5317806005477905,0.15011954307556152,21
U01178,G01026,no discutas.,yainyututa,yalunta',U00490,G00403,hard,0.5854619145393372,0.5323253273963928,0.053136587142944336,20
U01178,G01026,no discutas.,yainyututa,ñiden lekchi'ñi,U01156,G01008,medium,0.5854619145393372,0.4326631724834442,0.15279874205589294,40
U00671,G00561,tom trabajó.,tom saka'tulli,tom dekkuntulli,U00438,G00355,hard,0.8671372532844543,0.8117648363113403,0.055372416973114014,5
U00671,G00561,tom trabajó.,tom saka'tulli,tom lli'inutapalli,U01553,G01365,medium,0.8671372532844543,0.7135798335075378,0.1535574197769165,42
U00741,G00621,no copien.,nana pu'su' yanu'tutama',nantapitek' ñiker',U00138,G00099,hard,0.5071309804916382,0.45287877321243286,0.05425220727920532,38
U02251,G02026,yo soy jeberina.,kui'na shiwilulunku.,latek'tutek nuka'ka,U02055,G01838,hard,0.5518802404403687,0.5004343390464783,0.05144590139389038,30
U02805,G02580,"sabiendo escribir,","ñinchillinsetchanna',","iñerdaper yu'nkellapilli,",U02744,G02519,hard,0.47818440198898315,0.4189319908618927,0.059252411127090454,9
U02805,G02580,"sabiendo escribir,","ñinchillinsetchanna',","ñi luwanchi'ñina',",U02327,G02102,medium,0.47818440198898315,0.326299786567688,0.15188461542129517,37
U00220,G00172,eso ayuda.,nana katu'patulli,nana yadi'setchusik.,U02742,G02517,hard,0.5569164752960205,0.4671688377857208,0.08974763751029968,10
U00220,G00172,eso ayuda.,nana katu'patulli,nana nakulli,U00837,G00713,medium,0.5569164752960205,0.3971264958381653,0.15978997945785522,17
U02935,G02710,"cuentan que dijo así el hombre que detectó, eso dijo ese soñador:","tullima nana lunanpichita'su', tullima nana wa'lata'su':","nanima pennu'pilenchan, unchan itudeklli:",U02520,G02295,hard,0.6660096049308777,0.6126906871795654,0.053318917751312256,3
U02935,G02710,"cuentan que dijo así el hombre que detectó, eso dijo ese soñador:","tullima nana lunanpichita'su', tullima nana wa'lata'su':","nanek ima ñinanlu' indiuntuñina' nanentu, wa'anler peklu'deklli.",U02834,G02609,medium,0.6660096049308777,0.5144655108451843,0.15154409408569336,10
U01564,G01375,tenemos hambre.,uki'lallidek,lupersu' ñapawiñidek,U01577,G01388,hard,0.5604668259620667,0.5086970925331116,0.05176973342895508,41
U02198,G01976,anota esto.,llinser'ker' asu',sek'diperker' asu',U00374,G00305,hard,0.6814011335372925,0.6188536882400513,0.06254744529724121,19
U02198,G01976,anota esto.,llinser'ker' asu',llinse'cher' manen'unta',U02195,G01974,medium,0.6814011335372925,0.5303669571876526,0.1510341763496399,36
U02199,G01976,anote esto.,llinser'ker' asu',llia'ker' nanek,U00630,G00525,hard,0.6952123641967773,0.639765202999115,0.055447161197662354,18
U02199,G01976,anote esto.,llinser'ker' asu',lenme'ker' ipa,U01833,G01629,medium,0.6952123641967773,0.5450012683868408,0.15021109580993652,34
U01746,G01548,quiero vivir.,yanampilek,nanalatekapalek,U00547,G00453,hard,0.5397884249687195,0.48733407258987427,0.052454352378845215,28
U02801,G02576,diciendo eso pescaban los antiguos.,tanna' purllina' napi'ku'lusa'.,ipa'linchi itudeklli asi'na anaka'llina'.,U02922,G02697,hard,0.6517341732978821,0.596727728843689,0.055006444454193115,11
U02801,G02576,diciendo eso pescaban los antiguos.,tanna' purllina' napi'ku'lusa'.,nawa'ler a'ka di'tetchuna' nana anaka'.,U02916,G02691,medium,0.6517341732978821,0.5004797577857971,0.15125441551208496,47
U03001,G02776,"así como algunos maltratan a sus hijos a cada instante, así estas dos personas (nos maltratan a nosotros)8 dijeron en una reunion hablando.","ma'lusa', nu'unta' willina' llikanetchi'ñina' nanapu'tullinerkenmu'wa', asu' katu'shadaper tullina' ima idiuntunna' lunna'.","lli'inutapaku' nu'sukla'nka kenmu'wa' ipa'la itullinerkenmu'wa', gente civilizada tullima.",U03190,G02965,hard,0.47089049220085144,0.41894006729125977,0.051950424909591675,19
U00063,G00048,sal.,damula,tek'ker',U00132,G00094,hard,0.5310285687446594,0.47449907660484314,0.056529492139816284,13
U00063,G00048,sal.,damula,u'nu'wanger',U00870,G00744,medium,0.5310285687446594,0.3800717890262604,0.15095677971839905,49
U01422,G01242,quiero comer.,yawerannek,patenchulek,U01417,G01237,hard,0.5820017457008362,0.529445230960846,0.052556514739990234,18
U01889,G01683,ahí estaremos.,nanek ñapaterwa',nu'tawa' ipa'la,U02092,G01874,hard,0.7184076309204102,0.6290435194969177,0.08936411142349243,4
U01889,G01683,ahí estaremos.,nanek ñapaterwa',nu'tawa' nana,U01501,G01317,medium,0.7184076309204102,0.5675817728042603,0.1508258581161499,9
U01735,G01537,necesito trabajar.,luwantulek saka'tak,saka'tusu' ñapalek,U01453,G01271,hard,0.6101399064064026,0.557957649230957,0.05218225717544556,9
U01735,G01537,necesito trabajar.,luwantulek saka'tak,yennitulek'wa' katu'pa'a'kik,U02160,G01940,medium,0.6101399064064026,0.4589328169822693,0.1512070894241333,34
U02481,G02256,todo eso quiere saber esta señora.,nanadaper iñer asu' senñula' yañinchitulli.,pa'an ima lli'kuñi pilenñantapalli.,U02874,G02649,hard,0.6108843684196472,0.5588802695274353,0.052004098892211914,4
U02481,G02256,todo eso quiere saber esta señora.,nanadaper iñer asu' senñula' yañinchitulli.,nana sakanlupi'mi'na lli'llina' pen mukatapa'su'.,U02872,G02647,medium,0.6108843684196472,0.46054181456565857,0.15034255385398865,25
U03111,G02886,"sentados afuera, como tomando su masato, así decían, mirando las estrellas, mirando los astros.","du'anna' adipi, uklulunenna' uwanna'pu'su', tusu' tullina', tandulalusa' lli'anna', pi'tandula lli'anna'.","tekkinchi walek kunparinenna' pilli'iteklatanna', kumarinenna' pilli'iteklatanna', musha'iteklanna', yensunna', willekllina'.",U03204,G02979,hard,0.653793215751648,0.6034556031227112,0.05033761262893677,5
U03111,G02886,"sentados afuera, como tomando su masato, así decían, mirando las estrellas, mirando los astros.","du'anna' adipi, uklulunenna' uwanna'pu'su', tusu' tullina', tandulalusa' lli'anna', pi'tandula lli'anna'.","nawa' asu' a'lekllinerkenmu'wa' tumu'akawek, apetchakawek, di'akawek, nanadaper ima'ka.",U03108,G02883,medium,0.653793215751648,0.49831458926200867,0.15547862648963928,27
U01250,G01086,somos adultos.,nuka'kawa taserpilusa',pilli'pi ñapalekwa',U01591,G01402,hard,0.5829812288284302,0.5326655507087708,0.050315678119659424,21
U02611,G02386,regálanos tus pescaditos. tenemos hambre.,- panuudek sametchapen. uki'lallidek.,kenmu'wa' takeraterwa' nu'unta'nmu'wa'.,U02859,G02634,hard,0.5974798202514648,0.49276843667030334,0.1047113835811615,3
U02611,G02386,regálanos tus pescaditos. tenemos hambre.,- panuudek sametchapen. uki'lallidek.,unkuenñan pek kua'palli. ¡llisanala nu'tu'ku'!,U03069,G02844,medium,0.5974798202514648,0.44704288244247437,0.15043693780899048,8
U00420,G00340,quedate acá.,asek lia'ker',linsercher' asek,U00412,G00332,hard,0.6045535802841187,0.5503572225570679,0.05419635772705078,13
U00420,G00340,quedate acá.,asek lia'ker',ku'la ikerinchu,U01477,G01295,medium,0.6045535802841187,0.45312342047691345,0.1514301598072052,34
U00527,G00437,le ayudo.,katu'palek,yunsue'chek,U00561,G00466,hard,0.5583232045173645,0.5060022473335266,0.05232095718383789,29
U01691,G01495,¿has comido?,¿werana?,¿pumuladawanpala?,U02232,G02007,hard,0.6639004349708557,0.6123071312904358,0.05159330368041992,28
U01692,G01495,¿comiste?,¿werana?,¿lachek'la?,U01667,G01474,hard,0.6811474561691284,0.6292580962181091,0.05188935995101929,20
U03100,G02875,"yo también soy así mismo. a los barriobajinos no los aborrezco mucho, pero tampoco quiero conversarles.","kuanta' nu'apalek i'la. chilenllusa' enpu'ninchi, enpu'ninchi ni luyuinpu'winek, ñi'na yaluntudek'i'nek.","nu'amudek i'na kua taserpiku' nuka'ka, kui'na kanchis shunka' ekkilalawantulek ipa'.",U03121,G02896,hard,0.6308867931365967,0.5364814400672913,0.09440535306930542,2
U03100,G02875,"yo también soy así mismo. a los barriobajinos no los aborrezco mucho, pero tampoco quiero conversarles.","kuanta' nu'apalek i'la. chilenllusa' enpu'ninchi, enpu'ninchi ni luyuinpu'winek, ñi'na yaluntudek'i'nek.","- ah, pakuuu kenmamá'. lliinuta'mama'su' yasaka'tulama' itudeklek. ah, vayan ustedes, conforme acordaron van a",U02446,G02221,medium,0.6308867931365967,0.4737561345100403,0.1571306586265564,6
U03144,G02919,"he hecho mi pampanilla, he hecho mi camisa, de mi tío finado su camisa he hecho.","kalantekwek nu'tulek, kutunwek nu'tulek, apetchawekku'kin kutunen nu'itulek.","wilawi'nek'ipa' chiminpinek, uki'la di'tunansinku, kaluwi' uki'la di'tunansinku.",U02410,G02185,hard,0.6808701753616333,0.5790582299232483,0.10181194543838501,2
U03144,G02919,"he hecho mi pampanilla, he hecho mi camisa, de mi tío finado su camisa he hecho.","kalantekwek nu'tulek, kutunwek nu'tulek, apetchawekku'kin kutunen nu'itulek.","eksu', kencha'lek pidik, aku'lek.",U02342,G02117,medium,0.6808701753616333,0.5215822458267212,0.1592879295349121,7
U02938,G02713,a esos jóvenes.,nana nadi'neklusi'ma.,sek'diperku' asu',U00375,G00306,hard,0.45394039154052734,0.37722647190093994,0.0767139196395874,11
U01325,G01154,tráelo aquí.,kencher' asek,paker' ipa'la,U00380,G00310,hard,0.559424102306366,0.5094034671783447,0.05002063512802124,19
U01350,G01177,¿me ves?,¿li'apalu?,¿lun'na?,U01340,G01168,hard,0.6776006817817688,0.6236574053764343,0.05394327640533447,16
U01350,G01177,¿me ves?,¿li'apalu?,¿enpuduncha?,U01706,G01509,medium,0.6776006817817688,0.524946391582489,0.15265429019927979,48
U00379,G00309,manténganse abrigados.,i'shiwansu' ñapaku',ta'tula'shasu' lunker',U01526,G01340,hard,0.508076012134552,0.45696550607681274,0.05111050605773926,19
U00569,G00473,¿está muerto?,¿chimiñi?,¿mupallin'cha?,U00574,G00478,hard,0.6486657857894897,0.5978745222091675,0.050791263580322266,10
U00023,G00019,¡tengo!,¡a'ñapalek!,¡nanpiker'!,U00119,G00085,hard,0.6750741004943848,0.6236605048179626,0.05141359567642212,17
U00925,G00794,¿estaba equivocada?,¿ñapawinek pektunsu'?,¿ipa werana?,U01693,G01496,hard,0.5214390754699707,0.4713680148124695,0.05007106065750122,46
U02068,G01851,sabía dulce.,kasersu' ñiwiñi,ucha'paya ñapawiñi,U00840,G00716,hard,0.5163835883140564,0.45240867137908936,0.06397491693496704,15
U00691,G00578,ayudaremos.,katu'pa'taterwa',saka'taterwa',U00695,G00582,hard,0.68452388048172,0.6102548837661743,0.07426899671554565,2
U00691,G00578,ayudaremos.,katu'pa'taterwa',saka'tapalekwa',U01593,G01404,medium,0.68452388048172,0.5162703990936279,0.16825348138809204,15
U01334,G01162,¿puedo quedármelo?,¿yennitulek ek'llia'ak?,¿yennitulek lli'ak?,U01513,G01328,hard,0.6811549067497253,0.6269499659538269,0.05420494079589844,13
U01334,G01162,¿puedo quedármelo?,¿yennitulek ek'llia'ak?,¿ta'itule'chuner'ku?,U02225,G02001,medium,0.6811549067497253,0.5199609398841858,0.16119396686553955,29
U01602,G01413,¿dónde estás?,¿enñupa'cha ñapala?,¿shilun a'cha?,U00571,G00475,hard,0.6094226837158203,0.5579214096069336,0.05150127410888672,25
U02993,G02768,"regresando por ese camino dijeron: por ese camino hay bastante comida, hay de todo.","nana inchilalalupa' adencha'nni'ma luncha'llina': enpu'nipa' uran ñilli nana inchilalalupa', dudinpu' ñapalli.","ektu'sik ima muyunpak, nana inka' la'la' lunlusa'ler ima, yadi'tudeklli.",U02973,G02748,hard,0.5429369211196899,0.48832666873931885,0.054610252380371094,4
U02993,G02768,"regresando por ese camino dijeron: por ese camino hay bastante comida, hay de todo.","nana inchilalalupa' adencha'nni'ma luncha'llina': enpu'nipa' uran ñilli nana inchilalalupa', dudinpu' ñapalli.","nanekla adenchenna' luncha'llina' nanalupa' dadapu muda' nanpipalli, kañellu'ladatusu, adawa'ladatusu.",U02990,G02765,medium,0.5429369211196899,0.39241087436676025,0.1505260467529297,32
U00417,G00337,más despacio.,a'pinta' uti'la,ta'ituler' da'encha'i,U00598,G00497,hard,0.37864941358566284,0.3283434510231018,0.050305962562561035,14
U00152,G00116,adelante. (ingresa),da'encher',enta'i'na,U00601,G00499,hard,0.6107596755027771,0.5581847429275513,0.05257493257522583,19
U00157,G00116,entra.,da'encher',inlli'inuer',U01871,G01665,hard,0.6278640031814575,0.5768778324127197,0.05098617076873779,22
U02676,G02451,dice que le vieron sus pies con los dedos hacia atrás y su espalda era barriga. the front and his belly where his back should be.,lli'llini'mi'na lanteknen pi'sheksu' ali'la piteknenunta' merpinen.,"naneklima ali'la musun pa'an, sekllintan ima simana' ima sekllintullina'.",U02958,G02733,hard,0.44507625699043274,0.39219430088996887,0.05288195610046387,11
U02748,G02523,"la charapa salió,","puka' yunsu'lli,","nanek wetlli,",U02723,G02498,hard,0.755786120891571,0.6988102793693542,0.0569758415222168,7
U02748,G02523,"la charapa salió,","puka' yunsu'lli,","ukilasu'tundek enñi,",U02712,G02487,medium,0.755786120891571,0.5882056951522827,0.16758042573928833,14
U00320,G00256,quedé inconsciente.,lliya'lek inlli'inui'su',luyulek idenmaak,U02004,G01790,hard,0.553861677646637,0.5020337104797363,0.051827967166900635,4
U00320,G00256,quedé inconsciente.,lliya'lek inlli'inui'su',inapi ñechek,U01094,G00953,medium,0.553861677646637,0.40161147713661194,0.15225020051002502,31
U02716,G02491,arákayu shinguró7 (los lagos).,arakayuler pilleklli.,samellusa' iñer wetlli.,U02785,G02560,hard,0.5151901841163635,0.457114040851593,0.05807614326477051,7
U02716,G02491,arákayu shinguró7 (los lagos).,arakayuler pilleklli.,arakayu nenchullinerkenmu'wa'.,U02778,G02553,medium,0.5151901841163635,0.36317378282546997,0.15201640129089355,24
U02803,G02578,pero a nadie queremos contarle porque no creen.,ñi'na ñiden kudaler yawinchi'ñidek latekchiñina'.,ipa'la walek kuda laukta'kudeksu' ñinchitapallidek.,U02802,G02577,hard,0.64366215467453,0.553044319152832,0.090617835521698,3
U02803,G02578,pero a nadie queremos contarle porque no creen.,ñi'na ñiden kudaler yawinchi'ñidek latekchiñina'.,nu'anni'ma iñer inyulatekkeksa' llia'llina'.,U02604,G02379,medium,0.64366215467453,0.4870615005493164,0.15660065412521362,9
U02272,G02047,la que más me cuida es mi hija que es casada.,a'pinta' luwektapa'nkusui'na ku'aperwawa suda'su'.,kualer a'lek'etchek iñer ñinchita'kasu'.,U02509,G02284,hard,0.48677393794059753,0.4291592836380005,0.057614654302597046,19
U02826,G02601,dicen que cuando marcel bajaba el río en un patecito la ballena se lo tragó.,marcel ima pachishak nu'wantan lanla'ler lanpi'tulli.,ekpantasik ima taserpiler pilli'tan lutu'lli.,U02932,G02707,hard,0.6707766652107239,0.5232451558113098,0.14753150939941406,2
U02826,G02601,dicen que cuando marcel bajaba el río en un patecito la ballena se lo tragó.,marcel ima pachishak nu'wantan lanla'ler lanpi'tulli.,ala'sa' taserpiler ima pinter setmun a'u'deklli.,U02890,G02665,medium,0.6707766652107239,0.5118149518966675,0.1589617133140564,3
U00039,G00033,escuchen.,lau'tuku',inlu'ukter',U01959,G01749,hard,0.717866837978363,0.6541573405265808,0.06370949745178223,3
U00039,G00033,escuchen.,lau'tuku',lli'ker',U00858,G00734,medium,0.717866837978363,0.5645456314086914,0.15332120656967163,17
U02715,G02490,arakayú icaró y se fue dejándolos.,arakayuler pekkun pa'lapinta'lli.,dankumelli arakayuler lli'apasik.,U02724,G02499,hard,0.7405532598495483,0.6895871162414551,0.05096614360809326,5
U02715,G02490,arakayú icaró y se fue dejándolos.,arakayuler pekkun pa'lapinta'lli.,yaaurañini'ma arakayu luwanchiñi.,U02674,G02449,medium,0.7405532598495483,0.5710816383361816,0.1694716215133667,15
U00899,G00770,sonrieron.,yamerladallina',anu'llina',U00430,G00347,hard,0.6752181053161621,0.6107358336448669,0.06448227167129517,2
U00899,G00770,sonrieron.,yamerladallina',wa'tentullina',U00900,G00771,medium,0.6752181053161621,0.5200788378715515,0.1551392674446106,12
U00266,G00214,mírame.,lli'u,tupi'tu'u,U00302,G00241,hard,0.6593194007873535,0.6052367687225342,0.054082632064819336,15
U00266,G00214,mírame.,lli'u,ilulek,U01727,G01529,medium,0.6593194007873535,0.5067833662033081,0.1525360345840454,44
U00268,G00214,obsérvame.,lli'u,kenmamentu,U00279,G00224,hard,0.5725007057189941,0.5223491787910461,0.050151526927948,36
U02398,G02173,"los niños ahora no la entienden, ahora sí que ellos ya no comprenden nuestra lengua shiwilu.","wilalusa' ipa'la ñi lachek'i'ñina', ipa'li'na shiwilu la'la'mapu'wa' nawa' lachek'i'ñina'.","ma'pu'si'pa' lli'etchuma' kenmama', ñienpi' lli'npu'a'mama'su' itudekllima wilalusa'.",U02545,G02320,hard,0.7147170901298523,0.6498203873634338,0.06489670276641846,2
U02398,G02173,"los niños ahora no la entienden, ahora sí que ellos ya no comprenden nuestra lengua shiwilu.","wilalusa' ipa'la ñi lachek'i'ñina', ipa'li'na shiwilu la'la'mapu'wa' nawa' lachek'i'ñina'.","lli'inutapaku' nu'sukla'nka kenmu'wa' ipa'la itullinerkenmu'wa', gente civilizada tullima.",U03190,G02965,medium,0.7147170901298523,0.5618705749511719,0.15284651517868042,10
U02928,G02703,"hemos venido, hermano.","- ukllidek, alli'sha.","pa'awa, nu'tuku'",U01665,G01472,hard,0.5669467449188232,0.4758550226688385,0.09109172224998474,2
U02928,G02703,"hemos venido, hermano.","- ukllidek, alli'sha.","wadeklek, susullina'.",U02266,G02041,medium,0.5669467449188232,0.3923778235912323,0.17456892132759094,6
U00849,G00725,déjame ayudarte.,taitula'u katu'pe'chen,ta'itula'u kuasa',U01816,G01613,hard,0.6845448613166809,0.5874563455581665,0.0970885157585144,2
U00849,G00725,déjame ayudarte.,taitula'u katu'pe'chen,taitula'u nanpiak,U00851,G00727,medium,0.6845448613166809,0.529570996761322,0.1549738645553589,11
U03059,G02834,y cuando (los shawala) estaban pasando a trabajar con esos castellano-hablantes los llamó y les dijo:,nakupila'ser yasaka'tanna' nana kaschilla lu'nsu'lek peklu'dek'an itudeklli:,tanni'ma kawinta'llini'ma yunsu'lli pidekñikla. lli'dek'an peklu'deklli:,U02587,G02362,hard,0.6785588264465332,0.5746209621429443,0.10393786430358887,5
U03059,G02834,y cuando (los shawala) estaban pasando a trabajar con esos castellano-hablantes los llamó y les dijo:,nakupila'ser yasaka'tanna' nana kaschilla lu'nsu'lek peklu'dek'an itudeklli:,nana malek dansu'lusa' tullina':,U02566,G02341,medium,0.6785588264465332,0.5245171189308167,0.15404170751571655,11
U01186,G01031,dinos más.,wintu'udek a'pinta',wintu'u a'pinta',U01184,G01030,hard,0.6764630079269409,0.5700635313987732,0.10639947652816772,4
U01186,G01031,dinos más.,wintu'udek a'pinta',llinse'cher' manen'unta',U02195,G01974,medium,0.6764630079269409,0.5244011282920837,0.15206187963485718,9
U01187,G01031,dígannos más.,wintu'udek a'pinta',a'pinta' nu'tawa',U01500,G01316,hard,0.6525895595550537,0.5909859538078308,0.0616036057472229,7
U01187,G01031,dígannos más.,wintu'udek a'pinta',enka'u nanalusa',U01357,G01184,medium,0.6525895595550537,0.49680158495903015,0.15578797459602356,10
U01188,G01031,cuéntanos más.,wintu'udek a'pinta',a'pinta' nu'tawa',U01500,G01316,hard,0.6613246202468872,0.5792111754417419,0.08211344480514526,4
U01188,G01031,cuéntanos más.,wintu'udek a'pinta',ta'itula'udek kudasa',U01817,G01614,medium,0.6613246202468872,0.47419413924217224,0.18713048100471497,12
U01921,G01712,fuiste valiente.,nantapitek ñiwina,muisu' kankatulli,U00972,G00838,hard,0.5083545446395874,0.4579455852508545,0.05040895938873291,13
U03056,G02831,"dice que, antiguamente, (los españoles) los maltrataban, les reñían, los paleaban, los hacían trabajar hasta muy tarde.","napi' ima llikanetchudek'i'ñina', yutudekllini'ma, llipu'tudekllini'ma, er'washinchi walek a'saka'tudekllina'.","nanek ima chi'yek'erkasu' tekka'erkasu' ima, pa'llima mutupilupa' yananpinna', nanpikuñina'.",U03085,G02860,hard,0.6541536450386047,0.6035223007202148,0.05063134431838989,5
U03056,G02831,"dice que, antiguamente, (los españoles) los maltrataban, les reñían, los paleaban, los hacían trabajar hasta muy tarde.","napi' ima llikanetchudek'i'ñina', yutudekllini'ma, llipu'tudekllini'ma, er'washinchi walek a'saka'tudekllina'.","ekkadek pektañina', a'ukluka'llina', wa'tenñina'.",U02961,G02736,medium,0.6541536450386047,0.4990367293357849,0.15511691570281982,38
U01719,G01522,bebo café.,ulek wayusa',ka'awa' sushi,U02094,G01876,hard,0.4464517831802368,0.39184996485710144,0.054601818323135376,6
U01719,G01522,bebo café.,ulek wayusa',ka'ku' iñer',U01684,G01489,medium,0.4464517831802368,0.2931462526321411,0.1533055305480957,40
U03095,G02870,"desde entonces en adelante, poco a poco algunos barriobajinos se rabian cuando los barrioaltinos van por ahí.",ipa'leklanlek a'metchala nu'unta' chilenñusa' yullina' winenllusa' pa'a'ser nanalupa'.,"napi', kuanta' wilakuñamu laukta'kasu' nana muyunpa inchilalak taker'llina', lansi' wa'danler ka'deklli tullina'.",U03022,G02797,hard,0.5967442393302917,0.5461986660957336,0.050545573234558105,4
U03095,G02870,"desde entonces en adelante, poco a poco algunos barriobajinos se rabian cuando los barrioaltinos van por ahí.",ipa'leklanlek a'metchala nu'unta' chilenñusa' yullina' winenllusa' pa'a'ser nanalupa'.,nawi'na wintapanta'llinerku ma'pu'si'pa mitan nakulama' tullima arakayu.,U02671,G02446,medium,0.5967442393302917,0.44656795263290405,0.1501762866973877,38
U00759,G00638,está fingiendo.,intek apalli,panutapalli.,U02661,G02436,hard,0.6188399195671082,0.5671774744987488,0.051662445068359375,20
U00759,G00638,está fingiendo.,intek apalli,nana lamapu'lli,U01045,G00905,medium,0.6188399195671082,0.45966464281082153,0.15917527675628662,51
U00117,G00083,tom ganó.,tom kana'tulli,tom uwapalli,U00652,G00544,hard,0.7707492709159851,0.7203065752983093,0.05044269561767578,39
U01297,G01128,estás mintiendo.,tumu'pala,yamerladaper'i'la,U02083,G01865,hard,0.5866654515266418,0.528762698173523,0.057902753353118896,14
U01872,G01666,este funciona.,asu' saka'techu',asu' katu'pa'techu,U01213,G01054,hard,0.6236844658851624,0.5395930409431458,0.0840914249420166,6
U01872,G01666,este funciona.,asu' saka'techu',nana katu'pa'tulli,U00888,G00760,medium,0.6236844658851624,0.46610593795776367,0.15757852792739868,8
U01386,G01211,soy japonés.,japones nuka'ka,koreano nuka'ka,U00554,G00459,medium,0.8664933443069458,0.6963182091712952,0.17017513513565063,2
U00919,G00789,pruébate este.,lataker' asu',du'ker' asek,U00246,G00194,hard,0.6105397343635559,0.5561494827270508,0.05439025163650513,23
U00919,G00789,pruébate este.,lataker' asu',sekdiperker' asu' mutu'penkek,U01514,G01329,medium,0.6105397343635559,0.4460819363594055,0.1644577980041504,43
U02395,G02170,usted señora quiere aprender esta nuestra lengua shiwilu.,kenma senñula' yañinchitula asu' shiwilu la'la'mapu'wa'.,da'ilek ala'si'mi'na lachik'apalli asu' shiwilu la'la'.,U02974,G02749,hard,0.6480047106742859,0.5301127433776855,0.11789196729660034,3
U02395,G02170,usted señora quiere aprender esta nuestra lengua shiwilu.,kenma senñula' yañinchitula asu' shiwilu la'la'mapu'wa'.,shiwilu la'la'mapu'wa' u'chimusha.,U02396,G02171,medium,0.6480047106742859,0.44229257106781006,0.20571213960647583,4
U01196,G01037,se escaparon.,chi'yek llina',nanek nanpipallina',U02132,G01912,hard,0.6063390374183655,0.556246280670166,0.05009275674819946,13
U01196,G01037,se escaparon.,chi'yek llina',saka'tunakla usu'dekllina',U01295,G01126,medium,0.6063390374183655,0.4559766352176666,0.15036240220069885,39
U02287,G02062,ella también me está enseñando.,nananta' a'lek'apilallun.,nana yadi'setchusik.,U02742,G02517,hard,0.5873520970344543,0.5284613966941833,0.058890700340270996,4
U02287,G02062,ella también me está enseñando.,nananta' a'lek'apilallun.,kuanta' uklupidekwek pekkuituu.,U02377,G02152,medium,0.5873520970344543,0.4365171194076538,0.15083497762680054,17
U00916,G00786,tom estornudó.,tom a'shulli,tom a'ta'wantulli,U01215,G01056,hard,0.8534343242645264,0.8025234341621399,0.050910890102386475,30
U00721,G00605,estate preparado.,insek'dipersu' ñapaker',saka'techu watensu',U01629,G01440,hard,0.41351065039634705,0.36315953731536865,0.050351113080978394,8
U02502,G02277,"yo solita vivo, no tengo parientes,","kuashasa' ñienkasu' patunwi'nek,","ma'pu'a'kasu' asek weklek yurimawek,",U02480,G02255,hard,0.6017912030220032,0.5127926468849182,0.08899855613708496,3
U02502,G02277,"yo solita vivo, no tengo parientes,","kuashasa' ñienkasu' patunwi'nek,","nanentu ker' manta'lek menmikda',",U02340,G02115,medium,0.6017912030220032,0.4499550461769104,0.15183615684509277,9
U01490,G01307,solo levántate.,kenmasa' yunsanker',ma'shapin'ta ka'ker',U01352,G01179,hard,0.5392760634422302,0.4843369126319885,0.0549391508102417,5
U01490,G01307,solo levántate.,kenmasa' yunsanker',nantapitek ñiker',U01044,G00904,medium,0.5392760634422302,0.3890048861503601,0.15027117729187012,47
U02888,G02663,"de ahí, dice, (el duende) les hizo dormir después de que comieron.",nanek ima wa'ki'lleklli urankasu' supinak ima.,"nu'tan, pidekñik sichi'dandek'an iñer urañi.",U02894,G02669,hard,0.5653656721115112,0.5042003989219666,0.06116527318954468,7
U02888,G02663,"de ahí, dice, (el duende) les hizo dormir después de que comieron.",nanek ima wa'ki'lleklli urankasu' supinak ima.,nana lantekpi dekkuntulli.,U02460,G02235,medium,0.5653656721115112,0.41098302602767944,0.1543826460838318,31
U01231,G01070,despiertalos.,uchinande'ker,a'pinta' nu'tawa',U01500,G01316,hard,0.44372472167015076,0.3927767276763916,0.050947993993759155,36
U02134,G01914,me ataron.,tenpu'llinerku',pinaner'u,U00304,G00243,hard,0.6176583170890808,0.5346387624740601,0.08301955461502075,8
U02134,G01914,me ataron.,tenpu'llinerku',tai'tula'u,U00234,G00184,medium,0.6176583170890808,0.4675847589969635,0.1500735580921173,19
U01411,G01232,les mentí.,tumu'tuleklek,indei'tulek,U01065,G00924,hard,0.6545556783676147,0.5997864603996277,0.05476921796798706,20
U00463,G00379,¡ten cuidado!,¡li'ker'la!,¡pilli'ter'!,U01378,G01203,hard,0.6171974539756775,0.5646053552627563,0.05259209871292114,22
U02873,G02648,cuentan que un joven dijo ¿ahí quién vivirá? a ver voy a ver dijo y se fue.,nana ala'sa' nadi'nek ima tulli ¿nanek den ipa' nanpipalli? enta'n lli'kunchek i'na tan ima pa'lli.,- nu'amuntana luwanpallen. ¿ma'pun a'cha kai kuawek lli'ker'i'ñu? tapalek.,U02420,G02195,hard,0.6042227745056152,0.5386426448822021,0.06558012962341309,2
U02873,G02648,cuentan que un joven dijo ¿ahí quién vivirá? a ver voy a ver dijo y se fue.,nana ala'sa' nadi'nek ima tulli ¿nanek den ipa' nanpipalli? enta'n lli'kunchek i'na tan ima pa'lli.,¿enkasu' a'cha santupen luwantula ña'su'? itullima.,U03176,G02951,medium,0.6042227745056152,0.43578407168388367,0.16843870282173157,10
U00493,G00406,no esperes.,yawa'tentuta,yatulener'tama,U00487,G00400,hard,0.752761960029602,0.6931898593902588,0.05957210063934326,3
U00493,G00406,no esperes.,yawa'tentuta,yatu'nektuta,U01979,G01767,medium,0.752761960029602,0.5927520990371704,0.16000986099243164,17
U01862,G01656,estaban enfermos.,ñapawiñina' kaluwi'su',insekdiperpi ñapawiñina',U02136,G01916,hard,0.6798961162567139,0.6281796097755432,0.051716506481170654,7
U01862,G01656,estaban enfermos.,ñapawiñina' kaluwi'su',iñer' chiyekllina',U02237,G02012,medium,0.6798961162567139,0.5297293663024902,0.15016674995422363,28
U02125,G01905,son lindos.,u'chimushala nuker'ka,u'chimuinchilusa' nuker'ka,U02149,G01929,hard,0.5866361856460571,0.5357023477554321,0.050933837890625,13
U02125,G01905,son lindos.,u'chimushala nuker'ka,japones nuka'ka,U01386,G01211,medium,0.5866361856460571,0.4357491731643677,0.15088701248168945,44
U03088,G02863,"-vengan, su pueblo es.","-wencha'ku', ñinnanlu'penma' nuka'a.","- ukllidek, alli'sha.",U02928,G02703,hard,0.5788362622261047,0.5177561044692993,0.06108015775680542,3
U03088,G02863,"-vengan, su pueblo es.","-wencha'ku', ñinnanlu'penma' nuka'a.",tullima ala'sa' shaya'.,U02898,G02673,medium,0.5788362622261047,0.42236024141311646,0.15647602081298828,8
U00374,G00305,guarda esto.,sek'diperker' asu',ekpa'ker' asu',U00471,G00386,hard,0.6529242396354675,0.5994640588760376,0.05346018075942993,20
U00374,G00305,guarda esto.,sek'diperker' asu',a'ta'wantuku' asu',U00749,G00628,medium,0.6529242396354675,0.5012887120246887,0.1516355276107788,33
U01017,G00879,enfríalo.,a'sanek'ker',tuluner'ker',U00621,G00516,hard,0.5788146257400513,0.5237826108932495,0.05503201484680176,28
U02225,G02001,¿me permiten?,¿ta'itule'chuner'ku?,¿luwer'chapalama'u?,U01675,G01481,hard,0.6811765432357788,0.6308812499046326,0.05029529333114624,2
U02225,G02001,¿me permiten?,¿ta'itule'chuner'ku?,¿yennitapala dekkunta'mak?,U01006,G00869,medium,0.6811765432357788,0.5300785303115845,0.15109801292419434,5
U02379,G02154,así también yuca cruda rallada también se hierve en otra olla.,nu'sik ker' su'watek nananta' a'ukluka'lek ali'la uktak.,nanekla nanapu'si'la nanpipan tatawek ali'la ku'aper kanañi.,U02256,G02031,hard,0.5078718662261963,0.45258837938308716,0.05528348684310913,17
U01776,G01575,estoy acostumbrado.,ñapalek da'iyasu',ku'aper'wi'nek,U00564,G00468,hard,0.6332044005393982,0.5820276737213135,0.05117672681808472,47
U02229,G02004,¿tienes cerveza?,¿a'ñapala cerveza?,¿pumuladawanpala?,U02232,G02007,medium,0.8693521022796631,0.5793701410293579,0.2899819612503052,2
U02056,G01839,sigo vivo.,nanpi'palek'i'la,yalenmekta',U00141,G00102,hard,0.5081450343132019,0.4543699324131012,0.05377510190010071,7
U00135,G00097,pregúntale.,lek'ker',tañituker',U01161,G01013,hard,0.5554000735282898,0.505064070224762,0.05033600330352783,11
U00136,G00097,pregúntales.,lek'ker',neriker',U00886,G00758,hard,0.47065141797065735,0.4198854863643646,0.050765931606292725,27
U00246,G00194,siéntate aquí.,du'ker' asek,asek lia'ker',U00420,G00340,hard,0.6676523089408875,0.6168919205665588,0.05076038837432861,8
U00246,G00194,siéntate aquí.,du'ker' asek,pilliter' asu',U00307,G00248,medium,0.6676523089408875,0.5091270208358765,0.158525288105011,34
U03071,G02846,"-¿por qué vamos a matarlos?, dijo un viejo.","– ¿ma'ki'na nu'taterwa?, tullima ala'sa' taserpi.","¿ma'itetchuncha?, pidir tullima.",U03179,G02954,hard,0.5565229654312134,0.5051696300506592,0.0513533353805542,10
U03071,G02846,"-¿por qué vamos a matarlos?, dijo un viejo.","– ¿ma'ki'na nu'taterwa?, tullima ala'sa' taserpi.",- ¿uki'lalama' a'cha? lauk'a'seku asu' katu'ta' samer i'la dekwa'ku' la'la'wekkek.,U02536,G02311,medium,0.5565229654312134,0.3988420367240906,0.1576809287071228,21
U02648,G02423,todo tipo de peces.,dudinpu' samer.,- pen luwanpa'lliyen.,U02930,G02705,hard,0.415741890668869,0.35636231303215027,0.05937957763671875,3
U02648,G02423,todo tipo de peces.,dudinpu' samer.,nanekla amitullinerku.,U02499,G02274,medium,0.415741890668869,0.2654578983783722,0.15028399229049683,37
U00824,G00700,soy neutral.,ñidenkinpu' nuka'ka,taserlunku nuka'ka,U01100,G00959,hard,0.675285279750824,0.6250414848327637,0.0502437949180603,20
U00824,G00700,soy neutral.,ñidenkinpu' nuka'ka,turka nuka'ka,U00810,G00686,medium,0.675285279750824,0.5213737487792969,0.1539115309715271,46
U02718,G02493,"por eso dice los peces salieron,","nu'an imaka samellusa' yu'nketllina',","ker' uka'nna' kala'tullina',",U02464,G02239,hard,0.7447909712791443,0.6732209920883179,0.07156997919082642,4
U02718,G02493,"por eso dice los peces salieron,","nu'an imaka samellusa' yu'nketllina',","iñer ñinchita'kudeksu' napi'ku'lusa'ki,",U02306,G02081,medium,0.7447909712791443,0.5928890109062195,0.1519019603729248,21
U02703,G02478,cuando se silenció desapareció.,tuna'sik wetlli.,chiminllinkekla nampilli,U01288,G01119,hard,0.5319681763648987,0.47998106479644775,0.05198711156845093,6
U02703,G02478,cuando se silenció desapareció.,tuna'sik wetlli.,chipetcheknenna'si'ma' pektentapalli.,U02911,G02686,medium,0.5319681763648987,0.37656083703041077,0.15540733933448792,30
U00900,G00771,esperaron.,wa'tentullina',werañina',U02128,G01908,medium,0.8193066120147705,0.6123634576797485,0.20694315433502197,2
U02133,G01913,parecen felices.,lli'tullina' musu',iñer'daper yamerladallina',U01984,G01771,hard,0.4816434979438782,0.4275870621204376,0.05405643582344055,7
U00037,G00318,escucha.,lau'ter,tuluner'ker',U00621,G00516,hard,0.6363946199417114,0.5860251188278198,0.0503695011138916,12
U00390,G00318,escucha.,lauk'ter',inluukter',U00423,G00342,hard,0.6550084948539734,0.6048810482025146,0.05012744665145874,8
U00652,G00544,tom bebe.,tom uwapalli,tom yamerladalli,U00666,G00556,hard,0.7457484006881714,0.6935091614723206,0.05223923921585083,7
U00653,G00544,tom toma.,tom uwapalli,tom idenmechu,U01877,G01671,hard,0.7416555285453796,0.6889857053756714,0.05266982316970825,38
U02015,G01800,debo advertirle.,winta'kasu' ñapalli,yennitula' llia'a'mak,U01269,G01104,hard,0.49362701177597046,0.441483736038208,0.05214327573776245,12
U02015,G01800,debo advertirle.,winta'kasu' ñapalli,yennitulek katu'pa'a'kik,U01713,G01516,medium,0.49362701177597046,0.34139567613601685,0.1522313356399536,45
U00234,G00184,déjame.,tai'tula'u,ta'itula'u pae'chek,U01810,G01607,hard,0.6307700872421265,0.5699656009674072,0.06080448627471924,30
U02327,G02102,"no quieren (saber) nada,","ñi luwanchi'ñina',","ñiden usha'wi'ñi ma'kinpa',",U02787,G02562,hard,0.7322278618812561,0.6655991077423096,0.06662875413894653,4
U02327,G02102,"no quieren (saber) nada,","ñi luwanchi'ñina',","wilalusa' luwetchi'ñina' unma',",U02780,G02555,medium,0.7322278618812561,0.5791047811508179,0.15312308073043823,8
U02329,G02104,no pueden hablar.,innichi'ñina' lu'nkasu'.,yennitulada'a'mak,U02204,G01981,hard,0.6111167073249817,0.5470647811889648,0.06405192613601685,3
U02329,G02104,no pueden hablar.,innichi'ñina' lu'nkasu'.,kana'chi'ñina',U00431,G00348,medium,0.6111167073249817,0.4553173780441284,0.15579932928085327,17
U02747,G02522,"el paiche salió,","unma' yunsu'lli,","iñerdaper yu'nkellapilli,",U02744,G02519,hard,0.6864024996757507,0.6206632852554321,0.0657392144203186,11
U02747,G02522,"el paiche salió,","unma' yunsu'lli,","iñer u'lan'ukllik wisunanpalli,",U02753,G02528,medium,0.6864024996757507,0.5295087099075317,0.156893789768219,15
U01879,G01673,ten cuidado.,inlu'uk'tuker',ka'ku' iñer',U01684,G01489,hard,0.5580539703369141,0.5039380788803101,0.054115891456604004,42
U02542,G02317,ahí toda esta enfermedad sa'la' va a desaparecer les dijo.,nanek iñer asu' sa'la' apu'tetchun itudekllima.,pa'an ima lli'kuñi pilenñantapalli.,U02874,G02649,hard,0.5465344190597534,0.49413177371025085,0.052402645349502563,11
U01513,G01328,¿puedo verlo?,¿yennitulek lli'ak?,¿yennitulek lli'dek'ak?,U01654,G01462,hard,0.8169597387313843,0.7514908909797668,0.06546884775161743,2
U01513,G01328,¿puedo verlo?,¿yennitulek lli'ak?,¿yen'nitulek pa'ak?,U00239,G00189,medium,0.8169597387313843,0.6508223414421082,0.16613739728927612,9
U00862,G00738,nadie vino.,ñiden u'i'ñi,ipia'la yennichi'ñi,U01487,G01305,hard,0.6437968611717224,0.5672069787979126,0.07658988237380981,9
U00862,G00738,nadie vino.,ñiden u'i'ñi,lli'inupi ñiwiñi,U01797,G01595,medium,0.6437968611717224,0.4878552556037903,0.15594160556793213,14
U02473,G02248,"cargando (toda su vida) van a morir, todo el tiempo que vivan. jeberos, julio 2007","pipektapapachenma' chiminchuma', nanpia'mama' walek.","¡nantapiku'la', nasu'ku', wilalusa'! itudekllima.",U02946,G02721,hard,0.4163595139980316,0.36393818259239197,0.05242133140563965,9
U02473,G02248,"cargando (toda su vida) van a morir, todo el tiempo que vivan. jeberos, julio 2007","pipektapapachenma' chiminchuma', nanpia'mama' walek.","sametchapen panula'udek, chai, yallí' itullima.",U02628,G02403,medium,0.4163595139980316,0.2633329927921295,0.1530265212059021,47
U00807,G00683,lo probaré.,lata'echek,lli'apalek,U01715,G01518,hard,0.6660076975822449,0.6123148798942566,0.05369281768798828,25
U00302,G00241,sígueme.,tupi'tu'u,sakek'ku',U00161,G00119,hard,0.5923550724983215,0.5418676137924194,0.0504874587059021,28
U01049,G00909,corre rápido.,tek'ker' wiuk'su',ta'iter' a'mercha,U00394,G00319,hard,0.5221476554870605,0.471222460269928,0.05092519521713257,14
U02691,G02466,por eso dice arákayu se enojó mucho.,nu'an ima ipa'linchi arakayu yulli.,arakayuler pekkun pa'lapinta'lli.,U02715,G02490,hard,0.7166428565979004,0.6436053514480591,0.07303750514984131,9
U02691,G02466,por eso dice arákayu se enojó mucho.,nu'an ima ipa'linchi arakayu yulli.,nanasa' winterkenma' arakayuki.,U02815,G02590,medium,0.7166428565979004,0.5585136413574219,0.15812921524047852,17
U01501,G01317,hagamos eso.,nu'tawa' nana,nu'tawa' ipa'la,U02092,G01874,hard,0.7728766202926636,0.671845555305481,0.10103106498718262,2
U01501,G01317,hagamos eso.,nu'tawa' nana,asu' saka'techu',U01872,G01666,medium,0.7728766202926636,0.562136709690094,0.21073991060256958,5
U00394,G00319,deja sitio.,ta'iter' a'mercha,paker' ñilupa',U00137,G00098,hard,0.5108419060707092,0.4604092240333557,0.050432682037353516,18
U00674,G00564,tom llorará.,tom wellek'echu,tom tuluner'lli,U01874,G01668,hard,0.743096649646759,0.6910900473594666,0.05200660228729248,22
U02657,G02432,en ese tiempo (comentaron) dicen que existe un tal arákayu y tiene peces.,"napi'pu' arakayu ima nanpipalli, samerwanpalli.",ali'ladaper tullini'ma asu' arakayu samer luwektapalli.,U02679,G02454,hard,0.5284440517425537,0.46374639868736267,0.06469765305519104,5
U02657,G02432,en ese tiempo (comentaron) dicen que existe un tal arákayu y tiene peces.,"napi'pu' arakayu ima nanpipalli, samerwanpalli.",ipa'li'na makinak peksanpallina' damellu'shasu'.,U02350,G02125,medium,0.5284440517425537,0.37785664200782776,0.15058740973472595,33
U00075,G00056,el ají pica,nuka' ikerlli,peklupi nuka'ma,U01926,G01717,hard,0.5116598606109619,0.43703311681747437,0.07462674379348755,3
U00075,G00056,el ají pica,nuka' ikerlli,u'chimu nuka'ma,U01265,G01100,medium,0.5116598606109619,0.3577626347541809,0.153897225856781,23
U02832,G02607,dicen que antes era grande ballena poza.,a'llupima ñiwiñi napi' lanla' pitun.,nanek ima tekkinchi lupa' lenmeklli.,U02942,G02717,hard,0.516806423664093,0.4638553261756897,0.05295109748840332,11
U02161,G01941,podemos ayudarlos.,yennitulek'wa' katu'pa'a'kawak,a'lliyanantulekwa' kenmu'wa' kankanmapu'wek,U03109,G02884,hard,0.6301956176757812,0.56348717212677,0.06670844554901123,7
U02161,G01941,podemos ayudarlos.,yennitulek'wa' katu'pa'a'kawak,taitula'u'kudek,U00499,G00411,medium,0.6301956176757812,0.4786894619464874,0.15150615572929382,18
U01157,G01009,ahora déjanos.,ipa'la ta'itula'u'kudek,nu'tawa' ipa'la,U02092,G01874,hard,0.725699782371521,0.5924978256225586,0.1332019567489624,2
U01157,G01009,ahora déjanos.,ipa'la ta'itula'u'kudek,ipa' lli'aterwa',U00451,G00367,medium,0.725699782371521,0.515670120716095,0.21002966165542603,3
U01208,G01049,se fueron.,pa'llina',inmusha'llina',U00897,G00768,hard,0.6064205765724182,0.5506689548492432,0.05575162172317505,16
U01208,G01049,se fueron.,pa'llina',nanek nanpipallina',U02132,G01912,medium,0.6064205765724182,0.45293664932250977,0.15348392724990845,48
U03063,G02838,¡vamos a matarlos a estos dos10!,¡enchuku' di'tawa' asu' katu'ta'!,¡ma'ki'na tek kualu'lusa' ta'wanchi!,U03083,G02858,hard,0.6769425868988037,0.5995686054229736,0.07737398147583008,2
U03063,G02838,¡vamos a matarlos a estos dos10!,¡enchuku' di'tawa' asu' katu'ta'!,¡yuspeinet'echun nanapu'si'la!,U01189,G01032,medium,0.6769425868988037,0.522803783416748,0.15413880348205566,4
U00984,G00848,¿tienes frío?,¿sanekwantula?,¿denlusa'acha?,U00961,G00827,hard,0.5963805913925171,0.5462580323219299,0.05012255907058716,41
U02959,G02734,"otros, dice, fueron a poner más yuca (para aprovisionarse).",ali'ladaper ima ker' aku'pakuñina'.,kananna' nanasa' llikantullina' dei'tullina'.,U03079,G02854,hard,0.5619739890098572,0.5098434686660767,0.05213052034378052,7
U02959,G02734,"otros, dice, fueron a poner más yuca (para aprovisionarse).",ali'ladaper ima ker' aku'pakuñina'.,nu'awa' nu'pachi tanni'ma llisanala nu'tanna'.,U03074,G02849,medium,0.5619739890098572,0.4110947549343109,0.15087923407554626,39
U01177,G01025,quedate conmigo.,llia'ker' kualek,lansa'ker' kualek,U01339,G01167,hard,0.5916271805763245,0.5386950373649597,0.052932143211364746,3
U01177,G01025,quedate conmigo.,llia'ker' kualek,wiperi'u ikersu',U01375,G01200,medium,0.5916271805763245,0.4413222372531891,0.15030494332313538,26
U00441,G00358,tom irá.,tom pa'echu,tom chiminchu,U00675,G00565,hard,0.8181912899017334,0.7603343725204468,0.05785691738128662,4
U00441,G00358,tom irá.,tom pa'echu,tom lauktapalli,U00915,G00785,medium,0.8181912899017334,0.6633553504943848,0.15483593940734863,27
U03072,G02847,"- ¡no, cállate tú! quizás tú quieres que te sigan maltratando.","-!ma'sha, ta'tuler kenma! kenmeipa' luwantula llikanerchapinpu'erkensu'","!paku', adanta'ku'! itudekllini'ma'.",U02529,G02304,medium,0.6982859969139099,0.5211432576179504,0.17714273929595947,2
U01653,G01461,¿puedo besarte?,¿yennitulek musha'a'kik?,¿weipensu' ñapalek?,U00134,G00096,hard,0.576705813407898,0.5249568819999695,0.05174893140792847,27
U01482,G01300,son negocios.,uku'latak nuker'ka,ñiñuduker' nuka'a,U01801,G01598,hard,0.49430784583091736,0.4439568519592285,0.05035099387168884,13
U01311,G01142,¿estás despierta?,¿nanpiladasu' ñapala?,¿si'lentapala?,U01648,G01457,hard,0.7093175649642944,0.657993733882904,0.05132383108139038,11
U01311,G01142,¿estás despierta?,¿nanpiladasu' ñapala?,¿lli'inutapala?,U01974,G01763,medium,0.7093175649642944,0.5580162405967712,0.1513013243675232,46
U01305,G01136,¿estoy soñando?,¿wa'latapalek?,¿nanpiladasu' ñapala?,U01311,G01142,hard,0.5947341918945312,0.5440421104431152,0.050692081451416016,23
U00079,G01153,ayúdanos.,katu'pa'udek,kaluitu'u,U00735,G00615,hard,0.650476336479187,0.5697460174560547,0.08073031902313232,5
U00079,G01153,ayúdanos.,katu'pa'udek,ek'ker'chawa',U01509,G01324,medium,0.650476336479187,0.49641868472099304,0.15405765175819397,20
U01324,G01153,apóyanos.,katu'pa'udek,llia'terwa',U01588,G01399,hard,0.5263631939888,0.4715515673160553,0.05481162667274475,47
U00798,G00675,quiero este.,asu' luwantulek,keritu'u nana,U01947,G01737,hard,0.6795915365219116,0.6190774440765381,0.060514092445373535,3
U00798,G00675,quiero este.,asu' luwantulek,luwantulek sanek,U00539,G00445,medium,0.6795915365219116,0.5278176069259644,0.15177392959594727,7
U00229,G00179,es rojo.,pipersu' nuka'a,nuka'a nana,U01853,G01647,hard,0.5046008825302124,0.44883182644844055,0.05576905608177185,36
U01892,G01686,somos hermanos.,iin nuka'kawa,nampilalasu' ñapalidek,U00943,G00811,hard,0.6267063021659851,0.5728901028633118,0.05381619930267334,15
U02004,G01790,odio pelear.,luyulek idenmaak,luyulek wer'ak,U01404,G01227,hard,0.6162754893302917,0.5604415535926819,0.05583393573760986,6
U02004,G01790,odio pelear.,luyulek idenmaak,a'shulek wapu',U01739,G01541,medium,0.6162754893302917,0.45834025740623474,0.157935231924057,17
U02005,G01790,detesto pelear.,luyulek idenmaak,iyatulek kana'tak,U01730,G01532,hard,0.6471067070960999,0.5959607362747192,0.051145970821380615,3
U02005,G01790,detesto pelear.,luyulek idenmaak,insek'dipersu' ñapi'nek,U00792,G00669,medium,0.6471067070960999,0.49510595202445984,0.15200075507164001,24
U02271,G02046,"la ropita que tengo, me dan de todo.","kutunshawek a'ña'kasu', dudinpu' enka'pallinerku.","- uker, hijito itudeklek.",U02431,G02206,hard,0.5229684114456177,0.46408212184906006,0.05888628959655762,10
U02271,G02046,"la ropita que tengo, me dan de todo.","kutunshawek a'ña'kasu', dudinpu' enka'pallinerku.","ukllinantusik ipa'linchi pamu'lek, a'du'lek uktak.",U02343,G02118,medium,0.5229684114456177,0.37243178486824036,0.15053662657737732,43
U01927,G01718,eres paciente.,wa'tentutek nuka'ma,saka'techu watensu',U01629,G01440,hard,0.614163339138031,0.5622738599777222,0.05188947916030884,11
U01927,G01718,eres paciente.,wa'tentutek nuka'ma,we'inutapalli,U01704,G01507,medium,0.614163339138031,0.46358636021614075,0.15057697892189026,48
U02572,G02347,a veces nos despiertan para que escuchemos y nos asustamos6 cuando escuchamos.,"nerpi'pu' uchinañinerkudek lauk'a'kudek, imanankankantullidek lauk'amudek.",ukluka'pasik kenmu'nta' inyalalatulek chitetlla.,U02345,G02120,hard,0.5221608281135559,0.4634077548980713,0.05875307321548462,6
U02572,G02347,a veces nos despiertan para que escuchemos y nos asustamos6 cuando escuchamos.,"nerpi'pu' uchinañinerkudek lauk'a'kudek, imanankankantullidek lauk'amudek.",nana nani'na itullina' ma'pu'si'pa' insekluteñek muyunpa inchilala yaekketchakwa' tullina'.,U03033,G02808,medium,0.5221608281135559,0.37055107951164246,0.15160974860191345,43
U00615,G00511,sin comentarios.,ma'nen' ñi'ñi lun'ak',ma'kek'pachi'ñi,U02076,G01859,hard,0.5310991406440735,0.48069411516189575,0.050405025482177734,11
U00615,G00511,sin comentarios.,ma'nen' ñi'ñi lun'ak',yalek'tuta,U00295,G00234,medium,0.5310991406440735,0.38058778643608093,0.15051135420799255,47
U00755,G00634,¡ha venido!,¡wek'lli!,¡ipia'lasha!,U00072,G00054,hard,0.7114313244819641,0.5652875900268555,0.14614373445510864,2
U00755,G00634,¡ha venido!,¡wek'lli!,¡katu'lada!,U01614,G01425,medium,0.7114313244819641,0.5475814342498779,0.16384989023208618,3
U01450,G01268,soy huérfano.,suila nuka'ka,turka nuka'ka,U00810,G00686,hard,0.6934865713119507,0.6428854465484619,0.05060112476348877,28
U01450,G01268,soy huérfano.,suila nuka'ka,brashika nuka'a,U02116,G01897,medium,0.6934865713119507,0.539590060710907,0.1538965106010437,40
U02158,G01938,somos profesores.,a'lek'tutek'lusa' nuka'kawa',uki'latek ñapallidek,U01253,G01089,hard,0.6784538626670837,0.5882959365844727,0.09015792608261108,4
U02158,G01938,somos profesores.,a'lek'tutek'lusa' nuka'kawa',wa'tentutek nuka'ma,U01927,G01718,medium,0.6784538626670837,0.5215768814086914,0.15687698125839233,12
U01855,G01649,ellos aplaudieron.,nawa' inllipu'iteklatullina',nawa lamapu'llina',U00904,G00775,hard,0.6237886548042297,0.5722047686576843,0.05158388614654541,5
U01855,G01649,ellos aplaudieron.,nawa' inllipu'iteklatullina',a'nañiwa' lli'inulusa',U02166,G01946,medium,0.6237886548042297,0.47181856632232666,0.15197008848190308,28
U01431,G01251,lo permitiré.,ta'itulekchek,ñapechek nanek,U01434,G01254,hard,0.5648511052131653,0.5060856342315674,0.0587654709815979,32
U00861,G00737,nadie murió.,ñiden chimii'ñi,ñiden lamapui'ñi,U01834,G01630,hard,0.7236185669898987,0.6717564463615417,0.051862120628356934,3
U00861,G00737,nadie murió.,ñiden chimii'ñi,amu utek'wañi,U01695,G01498,medium,0.7236185669898987,0.5705934762954712,0.1530250906944275,9
U02990,G02765,"al regresar de allí hablaron por ahí vive gente blanca, de ojos azules, de ojos claros.","nanekla adenchenna' luncha'llina' nanalupa' dadapu muda' nanpipalli, kañellu'ladatusu, adawa'ladatusu.","ishpañakla nananta', katu'daper i'la shiwilu la'la', inka' la'la' lui'nta'ser, lachekllini'mi'na.",U03132,G02907,hard,0.5182960629463196,0.46776095032691956,0.050535112619400024,10
U02686,G02461,mientras pasaba eso dice quemaron la casa.,nana nu'apasik ima di'serpidektullina'.,uk'apinlencha'ni'ma kelluluñiñi' kanañina'.,U02960,G02735,hard,0.597407341003418,0.54513019323349,0.05227714776992798,8
U03033,G02808,a eso dijeron ¡cuánto hemos sufrido para abrir el camino a moyobamba! dijeron.,nana nani'na itullina' ma'pu'si'pa' insekluteñek muyunpa inchilala yaekketchakwa' tullina'.,ipa'leklanlek a'metchala nu'unta' chilenñusa' yullina' winenllusa' pa'a'ser nanalupa'.,U03095,G02870,hard,0.5485303401947021,0.48533645272254944,0.06319388747215271,11
U03033,G02808,a eso dijeron ¡cuánto hemos sufrido para abrir el camino a moyobamba! dijeron.,nana nani'na itullina' ma'pu'si'pa' insekluteñek muyunpa inchilala yaekketchakwa' tullina'.,adencha'nni'ma luncha'llina': enpu'nipa' ali'la ñinanluk lupa'paperpidek'wañina'.,U02983,G02758,medium,0.5485303401947021,0.39528125524520874,0.1532490849494934,34
U01260,G01096,¿quién renunció?,¿den yunsu'lli?,¿den wer'lli?,U01261,G01097,hard,0.6084976196289062,0.5438133478164673,0.06468427181243896,9
U01260,G01096,¿quién renunció?,¿den yunsu'lli?,¿musu'ñapawiñi?,U00927,G00796,medium,0.6084976196289062,0.43928849697113037,0.16920912265777588,25
U00014,G00011,esperen.,¡wa'ten'ku'!,wa'ten'u,U00921,G00895,hard,0.6115162372589111,0.5565223097801208,0.05499392747879028,10
U00014,G00011,esperen.,¡wa'ten'ku'!,na'pitechuna',U02140,G01920,medium,0.6115162372589111,0.4610011577606201,0.15051507949829102,24
U02788,G02563,porque los de mal corazón quemaron la casa de arákayu.,nana mukankinpu'lalusa'ler arakayu pideknen di'setchullina'.,nanadaper ima'ka arakayu yun pa'lapinantullinerkudek.,U02823,G02598,hard,0.6692817211151123,0.5529150366783142,0.1163666844367981,2
U02788,G02563,porque los de mal corazón quemaron la casa de arákayu.,nana mukankinpu'lalusa'ler arakayu pideknen di'setchullina'.,dankumelli arakayuler lli'apasik.,U02724,G02499,medium,0.6692817211151123,0.5079216957092285,0.1613600254058838,12
U00713,G00599,estás vieja.,tasellun ñapala,kulliker'wanpala,U01267,G01102,hard,0.5897732377052307,0.5295021533966064,0.06027108430862427,5
U00713,G00599,estás vieja.,tasellun ñapala,nanpipalli,U00585,G00486,medium,0.5897732377052307,0.43692654371261597,0.15284669399261475,34
U00259,G00206,tom renunció.,tom yunsu'lli,tom lanerlli,U00914,G00784,hard,0.7722873091697693,0.7203488349914551,0.05193847417831421,38
U02654,G02429,"sábalo, y este es acarahuasú, y este es …este... fasaco, este es lisa, palometa, gamitana.... les dijo.","- nansek, asui'na iker'adu, asui'na ..ma'i.. a'lanan, asu' nerkala, terek, dunanser.... itudekllima.","nanek ima mañer, dañer, pullikariu ma'i panfilo, nanek ima ransisko, nanek ima asu', ma'i, asu' pancho, nanek ima ñilli asu' pidir aku'llima da'kanchineksu'.",U03174,G02949,hard,0.737571120262146,0.6203780174255371,0.11719310283660889,2
U02654,G02429,"sábalo, y este es acarahuasú, y este es …este... fasaco, este es lisa, palometa, gamitana.... les dijo.","- nansek, asui'na iker'adu, asui'na ..ma'i.. a'lanan, asu' nerkala, terek, dunanser.... itudekllima.","da'ilek i'na kua tekpa ñichek, ñichek iyun, tunka, etchu, lu'wellu, isekpila ñichek, ukladekpenma' uwapetchekpi'la enpi'walekpi'nta',",U02952,G02727,medium,0.737571120262146,0.5206168293952942,0.2169542908668518,3
U00882,G00754,¡dejad sitio!,¡ta'ituku' du'ak!,¡enpu'ni aperpipa'!,U01054,G00914,hard,0.5706745386123657,0.5114386081695557,0.05923593044281006,9
U00882,G00754,¡dejad sitio!,¡ta'ituku' du'ak!,¡yennitula nu'ta'mak!,U01611,G01422,medium,0.5706745386123657,0.420101523399353,0.1505730152130127,26
U02076,G01859,es irrelevante.,ma'kek'pachi'ñi,ku'la ñinchitapi'nek,U01397,G01221,hard,0.6111384630203247,0.5491781830787659,0.06196027994155884,15
U01457,G01275,soy importante.,luwantulliner'ku,taserpiku,U00095,G00065,hard,0.55674147605896,0.5063627362251282,0.05037873983383179,35
U01702,G01505,quiere ir.,yapa'lli,enta'i'na,U00601,G00499,hard,0.5336581468582153,0.4726257920265198,0.06103235483169556,3
U01702,G01505,quiere ir.,yapa'lli,ta'wan'tulli,U00370,G00301,medium,0.5336581468582153,0.38356301188468933,0.150095134973526,21
U00620,G00515,es guapa.,mulunsha nuka'a,chimidekpi nuka'a,U01373,G01198,hard,0.6189754009246826,0.5642018914222717,0.05477350950241089,28
U00620,G00515,es guapa.,mulunsha nuka'a,sha'mu'su' nuka'ma,U01640,G01450,medium,0.6189754009246826,0.46861374378204346,0.15036165714263916,37
U02683,G02458,dijeron y le quemaron su tambo y su casa.,"tanni'ma di'ser'itullina' tanpu'nen, pideknen.","llipu'lli, unkunan ekketchulli, pata'tulli kusinek.",U02904,G02679,hard,0.5168918967247009,0.463627427816391,0.053264468908309937,9
U02683,G02458,dijeron y le quemaron su tambo y su casa.,"tanni'ma di'ser'itullina' tanpu'nen, pideknen.",wisunanpalli enpu'nipa' tanpennan ñapalli.,U02754,G02529,medium,0.5168918967247009,0.3665013313293457,0.15039056539535522,43
U00458,G00374,más alto.,a'pinta' musenkek,wintu'u a'pinta',U01183,G01030,hard,0.42469581961631775,0.37133559584617615,0.0533602237701416,6
U00458,G00374,más alto.,a'pinta' musenkek,uencher',U00144,G00104,medium,0.42469581961631775,0.2738415002822876,0.15085431933403015,47
U01911,G01704,me ignorabas.,luwer'chi'nun,ñinchidinupalek,U00813,G00689,hard,0.6768413186073303,0.5692508816719055,0.1075904369354248,4
U01911,G01704,me ignorabas.,luwer'chi'nun,yawellektama',U00298,G00237,medium,0.6768413186073303,0.5244551301002502,0.15238618850708008,13
U01912,G01704,me ignoraste.,luwer'chi'nun,luwer'chi'ñiner'ku,U02131,G01911,hard,0.673383891582489,0.5776945948600769,0.09568929672241211,3
U01912,G01704,me ignoraste.,luwer'chi'nun,latek'iñen,U00521,G00432,medium,0.673383891582489,0.5174100995063782,0.15597379207611084,13
U00457,G00373,lo intentaste.,intek'lli'wina,lektapaleksa',U02050,G01833,hard,0.5705521702766418,0.48743438720703125,0.0831177830696106,2
U00457,G00373,lo intentaste.,intek'lli'wina,tandenñiden,U00934,G00803,medium,0.5705521702766418,0.4177338480949402,0.15281832218170166,13
U01364,G01189,hazlo venir.,a'wencher',da'encha'ku',U00158,G00117,hard,0.4886621832847595,0.4383790194988251,0.05028316378593445,44
U00927,G00796,¿estuvo bueno?,¿musu'ñapawiñi?,¿tom ñiwiñi?,U00482,G00395,hard,0.6289951205253601,0.5467209219932556,0.08227419853210449,4
U00927,G00796,¿estuvo bueno?,¿musu'ñapawiñi?,¿peklu'tula?,U00706,G00592,medium,0.6289951205253601,0.47605443000793457,0.15294069051742554,11
U00856,G00732,entremos.,da'awa',weranwa',U00387,G00315,hard,0.6091691255569458,0.5578638911247253,0.05130523443222046,16
U01904,G01698,¿qué necesito?,¿ma'nen luwantulek?,¿yennitulek a'ñak?,U01331,G01159,hard,0.7267860174179077,0.5892300605773926,0.13755595684051514,2
U01904,G01698,¿qué necesito?,¿ma'nen luwantulek?,¿yennitulek katu'pa'a'kik?,U01652,G01460,medium,0.7267860174179077,0.5663344264030457,0.16045159101486206,3
U03202,G02977,no saben pronunciar.,ninchipeklui'npu'la'pi'na'.,tula'si'ma llinlliwañina'.,U03172,G02947,hard,0.6516303420066833,0.5486440658569336,0.10298627614974976,3
U03202,G02977,no saben pronunciar.,ninchipeklui'npu'la'pi'na'.,ñinchilu'nma'su' ñilli inluntunansu'.,U02505,G02280,medium,0.6516303420066833,0.4946558475494385,0.15697449445724487,9
U02048,G01831,estoy avergonzado.,ñapalek dakuta'su',ñapawinek nanpiladasu',U00799,G00676,hard,0.6954987049102783,0.6429995894432068,0.05249911546707153,46
U01618,G01429,debes esperar.,wa'tenta'masu' ñapalli,pa'a'masu' ñapalli,U01621,G01432,hard,0.6009777188301086,0.5170804262161255,0.08389729261398315,3
U01618,G01429,debes esperar.,wa'tenta'masu' ñapalli,aper'su' ñapala,U01304,G01135,medium,0.6009777188301086,0.4375803470611572,0.16339737176895142,16
U00249,G00196,parate,wanerker',ta'ituler',U01532,G01345,hard,0.5360825657844543,0.4854053854942322,0.05067718029022217,45
U01319,G01148,¿están listos?,¿insek'diperpi ñapalama'?,¿enñupa'cha ñapalama'?,U01603,G01414,hard,0.697990357875824,0.6101565361022949,0.08783382177352905,3
U01319,G01148,¿están listos?,¿insek'diperpi ñapalama'?,¿luwer'chapalama?,U01972,G01761,medium,0.697990357875824,0.544355571269989,0.15363478660583496,13
U00678,G00568,¿fue divertido?,¿mulli'ncha'?,¿musu'ñapawiñi?,U00927,G00796,hard,0.5318515300750732,0.48030126094818115,0.05155026912689209,14
U02443,G02218,"sólo ellas me cuidan, me lavan la ropa.","nawa'sa' lli'apallinerku, peksaduintullinerku.","kutunshawek a'ña'kasu', dudinpu' enka'pallinerku.",U02271,G02046,hard,0.6097893118858337,0.5424467921257019,0.06734251976013184,3
U02443,G02218,"sólo ellas me cuidan, me lavan la ropa.","nawa'sa' lli'apallinerku, peksaduintullinerku.","ma'winpu'pachina', kupiwan enpulu ka'achuna'",U02763,G02538,medium,0.6097893118858337,0.4594839811325073,0.15030533075332642,9
U01086,G00945,quiero ir.,yapa'lek,yanampilek,U01746,G01548,hard,0.6155269742012024,0.55830317735672,0.05722379684448242,15
U00304,G00243,olvídame.,pinaner'u,a'yiulliu,U01388,G01213,hard,0.7199211716651917,0.6573137044906616,0.06260746717453003,9
U00304,G00243,olvídame.,pinaner'u,pata'lliu,U01126,G00979,medium,0.7199211716651917,0.5673782229423523,0.15254294872283936,40
U00490,G00403,no hables.,yalunta',ku'la ikerinchu,U01477,G01295,hard,0.6506518721580505,0.5893539786338806,0.06129789352416992,19
U00490,G00403,no hables.,yalunta',saka'dekimpu ñichu,U01480,G01298,medium,0.6506518721580505,0.4952947199344635,0.15535715222358704,42
U02160,G01940,podemos ayudarte.,yennitulek'wa' katu'pa'a'kik,a'ñapallidek la'la'lusa' latek'ak,U01571,G01382,hard,0.5934076905250549,0.5221735239028931,0.07123416662216187,7
U02160,G01940,podemos ayudarte.,yennitulek'wa' katu'pa'a'kik,katu'pa'tuwinansu',U01885,G01679,medium,0.5934076905250549,0.4429510235786438,0.15045666694641113,24
U01575,G01386,lo entendemos.,lachek'apallidek,pa'echidek,U01583,G01394,hard,0.5959061980247498,0.5454877614974976,0.0504184365272522,21
U01506,G01322,mantengámoslo.,tupi'wa',lli'aterwa',U01589,G01400,hard,0.519239068031311,0.46435150504112244,0.0548875629901886,13
U01506,G01322,mantengámoslo.,tupi'wa',mu'pallidek',U00271,G00217,medium,0.519239068031311,0.3633740246295929,0.15586504340171814,50
U01507,G01322,prosigamos.,tupi'wa',du'awa',U01826,G01622,hard,0.5939018726348877,0.5425621867179871,0.051339685916900635,31
U00825,G00701,soy paciente.,wa'tentutek nuka'ka,insek'diperpiku' nuka'ka,U00218,G00170,hard,0.633497416973114,0.583173394203186,0.05032402276992798,17
U00788,G00665,necesito ayuda.,luwantulek katu'pa',yakatupa'tulek,U01745,G01547,hard,0.703792154788971,0.6378048062324524,0.06598734855651855,3
U00788,G00665,necesito ayuda.,luwantulek katu'pa',taitula'u katu'pe'chen,U00849,G00725,medium,0.703792154788971,0.5479310750961304,0.15586107969284058,9
U03000,G02775,las abuelas ya finadas dijeron: nosotros somos los culpables de que ahora los señores vengan y nos hagan la vida imposible sin motivo.,tullina' amiku'lusa' kuda usha'wañidek asu' ipa'la wa'danlusa' uk'anna' llikanerchi'ñinerkenmu'wa'.,"nu'akkui'na ipa'la yalli'lusa', sha'walusa' enchuku' muyunpa luwetchawa' kenmu'wa'nta', ma'pu'si'pa' nana ñinanlu'.",U02840,G02615,hard,0.6862791180610657,0.6127088069915771,0.07357031106948853,2
U03000,G02775,las abuelas ya finadas dijeron: nosotros somos los culpables de que ahora los señores vengan y nos hagan la vida imposible sin motivo.,tullina' amiku'lusa' kuda usha'wañidek asu' ipa'la wa'danlusa' uk'anna' llikanerchi'ñinerkenmu'wa'.,"ñinchitapalekwa' ali'ladaperunta' nanpi'perkasu', ñi'na ñienpi' lli'dek'i'nekwa'.",U02836,G02611,medium,0.6862791180610657,0.5328733921051025,0.15340572595596313,12
U02099,G01880,llevémonos bien.,in'ekpa'wa' musu',kenmu'sak lli'i'nupalekwa',U01586,G01397,hard,0.60268634557724,0.5121423006057739,0.09054404497146606,2
U02099,G01880,llevémonos bien.,in'ekpa'wa' musu',ñapaker' musu'kankantusu',U00465,G00380,medium,0.60268634557724,0.45125022530555725,0.15143612027168274,14
U01821,G01617,déjalos pelear.,ta'itula'dek'ku' idenmaina',adencher' wiuk'su',U01661,G01468,hard,0.5185635685920715,0.4681844711303711,0.05037909746170044,21
U03128,G02903,hay que hacerles sembrar a estos indios.,a'teradek'awa' asu' kenma'lusa'.,papinkumapu'wa'ku'lusa' nana nu'llina'.,U03193,G02968,hard,0.5693303346633911,0.5169317126274109,0.052398622035980225,7
U03128,G02903,hay que hacerles sembrar a estos indios.,a'teradek'awa' asu' kenma'lusa'.,nana malallinapu'wa'su' ñillin iñer enmu'pinen.,U03105,G02880,medium,0.5693303346633911,0.4163982570171356,0.1529320776462555,36
U02000,G01786,puedo regresar.,yennitulek adanta'ak,yennitulek pa'ak,U00173,G00131,hard,0.586354672908783,0.5242474675178528,0.062107205390930176,3
U02000,G01786,puedo regresar.,yennitulek adanta'ak,ta'itula'u tekdiperechek,U02090,G01872,medium,0.586354672908783,0.4361099898815155,0.15024468302726746,21
U02184,G01964,estamos separados.,yampu'su' ñapallidek,asek ñapallidek,U00698,G00797,hard,0.6055575609207153,0.5514265894889832,0.05413097143173218,44
U01846,G01641,fumar apesta.,u'wa'tak analli,mapu'sina asek',U00522,G00433,hard,0.5026639699935913,0.4471261203289032,0.05553784966468811,2
U01846,G01641,fumar apesta.,u'wa'tak analli,wa'tenker' a'mercha.,U00466,G00381,medium,0.5026639699935913,0.3521695137023926,0.15049445629119873,34
U02179,G01959,estamos seguros.,musu'lu'ukpi ñapallidek,chiminllinkekla nampipalekwa',U00939,G00807,hard,0.6581928133964539,0.6031784415245056,0.05501437187194824,29
U02519,G02294,este era asistente del gobernante.,nana wa'an wala'wanen.,nu'su' lantekpi dekkuntuwiñi napi'.,U02467,G02242,hard,0.5615522265434265,0.5096962451934814,0.05185598134994507,8
U02519,G02294,este era asistente del gobernante.,nana wa'an wala'wanen.,pa'an ima lli'kuñi pilenñantapalli.,U02874,G02649,medium,0.5615522265434265,0.4114817976951599,0.1500704288482666,40
U02893,G02668,"cuando se durmieron, dice que de veras vino el duende puro hueso y a toditos los mató mordiéndoles el cuello,",wichi'a'ser ima tekkinchi lansi' wa'dan uk'an iñer ima laki'kerdeklli.,"katu'shunka' alei'teklun ekkilala ñisik ima, nana wa'anku'lusa' malallinalek lu'rnkasu' nawei'ma ipa' chimia'ser adankenñunta'llina'.",U03086,G02861,hard,0.47279611229896545,0.42107757925987244,0.05171853303909302,31
U01909,G01703,"sí, claro.",tekinchi,lekker',U02222,G01999,hard,0.36577650904655457,0.3118450343608856,0.053931474685668945,9
U01910,G01703,"sí, ciertamente.",tekinchi,tekineklli,U00371,G00302,hard,0.3991865813732147,0.3424115777015686,0.05677500367164612,3
U01910,G01703,"sí, ciertamente.",tekinchi,lunnek,U00771,G00648,medium,0.3991865813732147,0.24830177426338196,0.15088480710983276,36
U02089,G01871,déjame averiguarlo.,ta'itula'u lek'techek,ta'itula'u du'echek,U02091,G01873,hard,0.6417491436004639,0.5904709696769714,0.05127817392349243,10
U02089,G01871,déjame averiguarlo.,ta'itula'u lek'techek,wintu'u a'pinta',U01183,G01030,medium,0.6417491436004639,0.48553428053855896,0.1562148630619049,16
U00305,G00244,olvídenme.,pinaner'u'ku,na'piu'ku,U00282,G00227,hard,0.6582164764404297,0.606839120388031,0.05137735605239868,18
U02837,G02612,"por eso nosotros ahora decimos otra gente también quizá vivirán,","nu'akkui'na kenmu'wa' ipa'la tapalekwa' ali'la muda'nti'pa' nanpipalli,","ka'a'mamasu' supinak ala'sa' dekshadek kanenchuma' inchilalak,",U02538,G02313,hard,0.7120547294616699,0.6119197607040405,0.1001349687576294,2
U02837,G02612,"por eso nosotros ahora decimos otra gente también quizá vivirán,","nu'akkui'na kenmu'wa' ipa'la tapalekwa' ali'la muda'nti'pa' nanpipalli,","ipa'la walek lauk'apallidek, lli'apallidek wa'dantek pekla'su',",U02569,G02344,medium,0.7120547294616699,0.5568974018096924,0.15515732765197754,4
U02350,G02125,ahora a máquina muelen bien menudito.,ipa'li'na makinak peksanpallina' damellu'shasu'.,musenkek kekkilu'tek ima kunekchapallina'.,U02685,G02460,hard,0.5649842023849487,0.5091745853424072,0.055809617042541504,2
U02350,G02125,ahora a máquina muelen bien menudito.,ipa'li'na makinak peksanpallina' damellu'shasu'.,nana nu'apasik ima di'serpidektullina'.,U02686,G02461,medium,0.5649842023849487,0.40892475843429565,0.15605944395065308,18
U02618,G02393,¿han traído candela?,¿pen ipa' kellama'?,¿enpu'dun chimiñina'?,U01380,G01205,hard,0.550899863243103,0.5006346702575684,0.05026519298553467,5
U02618,G02393,¿han traído candela?,¿pen ipa' kellama'?,¿ñapalli a'pinda'?,U01470,G01288,medium,0.550899863243103,0.4000709652900696,0.15082889795303345,29
U01100,G00959,soy adulta.,taserlunku nuka'ka,latek'tutek nuka'ka,U02055,G01838,hard,0.6617265939712524,0.6099420189857483,0.05178457498550415,23
U02152,G01932,tom aceleró.,tom nakusu' a'teka'lli,tom katu'pa'tulli,U00658,G00548,hard,0.8044202327728271,0.7526547312736511,0.051765501499176025,31
U02710,G02485,"también los lagos se secaron,","sennanlusa'nta' enñi,","nu'an imaka samellusa' yu'nketllina',",U02718,G02493,hard,0.7428774833679199,0.6924044489860535,0.050473034381866455,9
U02710,G02485,"también los lagos se secaron,","sennanlusa'nta' enñi,","ñimi'na luwetchi'ñina' iker'adu,",U02632,G02407,medium,0.7428774833679199,0.5906753540039062,0.15220212936401367,28
U00747,G00627,termine esto.,a'ta'wanter asu',lanerku' asu',U00623,G00518,hard,0.6981937885284424,0.6218568682670593,0.07633692026138306,7
U00747,G00627,termine esto.,a'ta'wanter asu',paker' ipa'la,U00381,G00310,medium,0.6981937885284424,0.5473973751068115,0.15079641342163086,28
U00748,G00627,termina esto.,a'ta'wanter asu',a'ta'wantuku' asu',U00749,G00628,hard,0.6473644375801086,0.5764446258544922,0.07091981172561646,7
U00748,G00627,termina esto.,a'ta'wanter asu',llia'ker nanek,U01920,G01711,medium,0.6473644375801086,0.4915132522583008,0.15585118532180786,32
U01050,G00910,esperará.,wa'tentechu,wa'ten'nek',U00185,G00141,hard,0.6856656074523926,0.5450846552848816,0.140580952167511,2
U01050,G00910,esperará.,wa'tentechu,wa'tenker',U00080,G02022,medium,0.6856656074523926,0.521378219127655,0.16428738832473755,3
U01842,G01637,la cogieron.,pilli'tullina',yamerladallina',U00899,G00770,hard,0.6524881720542908,0.6010028123855591,0.05148535966873169,15
U01842,G01637,la cogieron.,pilli'tullina',saka'tulli.,U00222,G00174,medium,0.6524881720542908,0.49173206090927124,0.16075611114501953,37
U00548,G00454,vomité.,enmu'lek,uklli,U00254,G00201,hard,0.5210552215576172,0.469910591840744,0.05114462971687317,22
U02357,G02132,"mientras se masca en la boca, ya está hirviendo la olla de aluminio con la yuca.","katentapek walek, ukluka'palli wa'naukta kellek.",ta'ser kuanta' taserpiku'lusa' laukdeklek du'amu weilan.,U02789,G02564,hard,0.4192734360694885,0.368789404630661,0.050484031438827515,30
U02735,G02510,"dicen que el hombre candela era alto,","tanpen mudei'ma shipen,","mitan nakusik ima adanta'n,",U02688,G02463,hard,0.6032559275627136,0.5528852343559265,0.05037069320678711,35
U00354,G00285,¿está lejos?,¿weia'cha ñapalli?,¿pa'chi'ñin'cha?,U00573,G00477,hard,0.6010019779205322,0.5497335195541382,0.05126845836639404,24
U00207,G00160,soy pobre.,kulliker'wi'nek,neriapalek,U00827,G00703,hard,0.6443868279457092,0.5940095782279968,0.0503772497177124,47
U01022,G00884,¿firmaron?,¿llillinpenma' nu'tulama'?,¿ilañiner'ken?,U01595,G01406,hard,0.7408713102340698,0.6883000135421753,0.05257129669189453,2
U01022,G00884,¿firmaron?,¿llillinpenma' nu'tulama'?,¿enpu'dun chimiñina'?,U01380,G01205,medium,0.7408713102340698,0.5908327102661133,0.15003859996795654,18
U02775,G02550,"diciendo así a veces, con sus comadres agarrándose de las manos,","tanna' nerpi'pu', kumarinenna'lek inpilli'iteklatanna',","nanentu ker' manta'lek menmikda',",U02340,G02115,hard,0.6119401454925537,0.5572320818901062,0.05470806360244751,4
U02775,G02550,"diciendo así a veces, con sus comadres agarrándose de las manos,","tanna' nerpi'pu', kumarinenna'lek inpilli'iteklatanna',","llimaklan wek'an asek nananta' yañinchitulli,",U02279,G02054,medium,0.6119401454925537,0.45829203724861145,0.15364810824394226,16
U02414,G02189,"algunitos de mis hijos quizás me estén entendiendo, pero ya no entienden bien.4",nu'unta'shasi'pa' wilaweklusa' lachek'apilanti'ñina'.,nana malallinalek ñapalusi'mi'na danker'kuñina' kani'ñina' sekputcheksa'.,U03078,G02853,hard,0.46027565002441406,0.4084305465221405,0.05184510350227356,18
U02920,G02695,de veras se fueron.,tekkinchima pa'llina'.,inwiperi'llina',U00896,G00767,hard,0.5585196614265442,0.5048600435256958,0.05365961790084839,2
U02920,G02695,de veras se fueron.,tekkinchima pa'llina'.,ñapawiñina' pektunsu',U02137,G01917,medium,0.5585196614265442,0.4078461527824402,0.150673508644104,26
U00452,G00368,¡hemos ganado!,¡kana'tullidek!,¡tenmiansu'wa'!,U00852,G00728,hard,0.6057435870170593,0.5510595440864563,0.05468404293060303,6
U00452,G00368,¡hemos ganado!,¡kana'tullidek!,¡enpu'ni dakuta'ipa'!,U01597,G01408,medium,0.6057435870170593,0.4499104619026184,0.15583312511444092,34
U03188,G02963,a octavio le decían ukchapi.,octavio itullina' ukchapi.,tatawek ekdusipen ñilli.,U02255,G02030,medium,0.8015863299369812,0.6096377968788147,0.1919485330581665,2
U01812,G01609,consérvalo contigo.,sekdiperker' kenmalek,lansa'ker' kualek,U01339,G01167,hard,0.5966551303863525,0.5285548567771912,0.06810027360916138,3
U01812,G01609,consérvalo contigo.,sekdiperker' kenmalek,ta'itula'u kuasa',U01816,G01613,medium,0.5966551303863525,0.4431181252002716,0.15353700518608093,13
U02289,G02064,ahora felizmente ha venido.,ipa'la mula'si'la weklli.,nanek ta'wantulli.,U02816,G02591,hard,0.6317043304443359,0.5331228971481323,0.09858143329620361,2
U02289,G02064,ahora felizmente ha venido.,ipa'la mula'si'la weklli.,nanek ima lanla' ñilli.,U02818,G02593,medium,0.6317043304443359,0.4803953766822815,0.15130895376205444,5
U02038,G01822,estaré contento.,musu' ñape'chek,ñapalek sakeksu',U01461,G01279,hard,0.5391846895217896,0.4866792559623718,0.052505433559417725,4
U02875,G02650,"todos sus intestinos estaban fuera colgados, no tenía piel.","iñer ima dullinen adipi, ukunpala'lli, ñi chipitekwi'ñi.","a'pinta' kaschilleklansa' lunna', ñi a'pinta' shiwilu la'la' lunpi'ñina'.",U02413,G02188,hard,0.5684329271316528,0.5037100315093994,0.06472289562225342,6
U02875,G02650,"todos sus intestinos estaban fuera colgados, no tenía piel.","iñer ima dullinen adipi, ukunpala'lli, ñi chipitekwi'ñi.","pipektapapachenma' chiminchuma', nanpia'mama' walek.",U02473,G02248,medium,0.5684329271316528,0.4181467294692993,0.15028619766235352,25
U01391,G01215,les creo.,latekdeklek,lli'inutapalek,U00541,G00447,hard,0.6306657195091248,0.57591712474823,0.054748594760894775,5
U01905,G01699,¿cuándo termina?,¿enpi' ta'wantechu?,¿den'ina' teka'lli?,U00130,G00092,hard,0.6005589365959167,0.530599057674408,0.06995987892150879,5
U01905,G01699,¿cuándo termina?,¿enpi' ta'wantechu?,¿nanasa'cha iñer'?,U01119,G00974,medium,0.6005589365959167,0.44709888100624084,0.1534600555896759,16
U02264,G02039,al convivir salí embarazada.,nanpiapamu wilawanek.,napi' sudawek sudatulek.,U02405,G02180,hard,0.47033756971359253,0.4162377715110779,0.05409979820251465,17
U01676,G01482,¿nos conoces?,¿luwer'chapalama'udek?,¿nu'techuma'?,U01908,G01702,hard,0.7743829488754272,0.6724420785903931,0.10194087028503418,3
U01676,G01482,¿nos conoces?,¿luwer'chapalama'udek?,¿luwer'chapalama'u?,U01675,G01481,medium,0.7743829488754272,0.6234254240989685,0.15095752477645874,14
U02898,G02673,dijo una mujer con pena.,tullima ala'sa' shaya'.,mula'si'la wilawanek.,U02409,G02184,hard,0.4789991080760956,0.42681947350502014,0.05217963457107544,13
U02824,G02599,"a la ballena la mató marcel,","lanla' i'na di'tulli marceller,","lapi'samer uklli,",U02647,G02422,hard,0.7830786108970642,0.6869755387306213,0.09610307216644287,2
U02824,G02599,"a la ballena la mató marcel,","lanla' i'na di'tulli marceller,","dunanser uklli,",U02646,G02421,medium,0.7830786108970642,0.6244423985481262,0.158636212348938,6
U01124,G00977,fue repugnante.,nudu'pi ñiwiñi,kasersu' ñiwiñi,U02068,G01851,hard,0.5475797653198242,0.4920964539051056,0.05548331141471863,31
U00375,G00306,guarden esto.,sek'diperku' asu',sekdiperker' nana,U01362,G01188,hard,0.6651051640510559,0.6144139766693115,0.050691187381744385,9
U00375,G00306,guarden esto.,sek'diperku' asu',pilliter' asu',U00307,G00248,medium,0.6651051640510559,0.5049939751625061,0.1601111888885498,29
U03086,G02861,veinticinco años pasaron y cuando las autoridades que habían hablado con malallina murieron volvieron (a jeberos).,"katu'shunka' alei'teklun ekkilala ñisik ima, nana wa'anku'lusa' malallinalek lu'rnkasu' nawei'ma ipa' chimia'ser adankenñunta'llina'.",ipa'leklanlek a'metchala nu'unta' chilenñusa' yullina' winenllusa' pa'a'ser nanalupa'.,U03095,G02870,hard,0.5406906008720398,0.46987566351890564,0.07081493735313416,4
U03086,G02861,veinticinco años pasaron y cuando las autoridades que habían hablado con malallina murieron volvieron (a jeberos).,"katu'shunka' alei'teklun ekkilala ñisik ima, nana wa'anku'lusa' malallinalek lu'rnkasu' nawei'ma ipa' chimia'ser adankenñunta'llina'.",nu'sik nu'eklima nana muyunpak ektu'llina' tullina' papinkuku'lusa'.,U03004,G02779,medium,0.5406906008720398,0.3905846178531647,0.15010598301887512,36
U00597,G00496,¡déjale irse!,¡ta'ituler' pa'i!,¡yalenmekta nanek!,U00883,G00755,hard,0.6637633442878723,0.5591318607330322,0.10463148355484009,4
U00597,G00496,¡déjale irse!,¡ta'ituler' pa'i!,¡enpu'ni aperpipa'!,U01054,G00914,medium,0.6637633442878723,0.5067009329795837,0.15706241130828857,17
U01996,G01782,¿cómo terminará?,¿ma'pu'su' ta'wantechu?,¿enpi'teke'chu?,U02192,G01972,hard,0.6404315233230591,0.583963930606842,0.05646759271621704,3
U01996,G01782,¿cómo terminará?,¿ma'pu'su' ta'wantechu?,¿weia'cha ñapalli?,U00354,G00285,medium,0.6404315233230591,0.484483003616333,0.15594851970672607,8
U01540,G01352,deben morir.,chimin'er'kasu'ñapalli,kanan'a'kasu' ñapalli,U02013,G01798,hard,0.48988786339759827,0.4373631179332733,0.05252474546432495,20
U02075,G01858,¡es increíble!,¡latek'inbu' nuka'a!,!embu'ni we'inuipa'!,U00959,G00825,hard,0.6051371097564697,0.5529239177703857,0.052213191986083984,17
U02075,G01858,¡es increíble!,¡latek'inbu' nuka'a!,¡mupencha!,U00512,G00423,medium,0.6051371097564697,0.45181962847709656,0.15331748127937317,47
U01468,G01286,¿está lloviendo?,¿ulanpallincha?,¿iya'tula?,U01961,G01751,hard,0.759233832359314,0.6846972703933716,0.07453656196594238,3
U01468,G01286,¿está lloviendo?,¿ulanpallincha?,¿a'pe'chapala?,U01938,G01728,medium,0.759233832359314,0.6080355048179626,0.15119832754135132,20
U02997,G02772,"van a experimentar cambios estas mujeres, los jóvenes, los viejos, los abuelos dijo.","nerpi'lantetchuna' asu' kaiklusa', nadi'neklusa', taserpilusa', papinkulusa' tullima.","ipa'la aku'llina', ma'i, giovanna, ma'nen ilipa'.",U03197,G02972,hard,0.6434796452522278,0.5811465978622437,0.06233304738998413,4
U02997,G02772,"van a experimentar cambios estas mujeres, los jóvenes, los viejos, los abuelos dijo.","nerpi'lantetchuna' asu' kaiklusa', nadi'neklusa', taserpilusa', papinkulusa' tullima.","nawi'mi'na, shawalalusa', indiuntunna' luñina'.",U02620,G02395,medium,0.6434796452522278,0.4930464029312134,0.1504332423210144,23
U00153,G00112,adelante. (parte superior),ekter,pa'a,U00236,G00186,hard,0.5348876714706421,0.4835278391838074,0.05135983228683472,28
U01683,G01488,cómete todo.,ka'ker' iñer',llinse'cher' manen'unta',U02195,G01974,hard,0.4875236749649048,0.43726909160614014,0.05025458335876465,19
U00251,G00198,¡genial!,¡u'chimu!,¡mupencha!,U00512,G00423,hard,0.680930495262146,0.6072374582290649,0.07369303703308105,5
U00251,G00198,¡genial!,¡u'chimu!,!enta'n lli'ku'!,U02945,G02720,medium,0.680930495262146,0.5304625630378723,0.15046793222427368,26
U01412,G01233,hice café.,wayusa' nu'tulek,ka'apalek tanta',U00773,G00650,hard,0.471435010433197,0.41774147748947144,0.053693532943725586,9
U00767,G00645,estoy leseando.,si'lentapalek,lauk'i'nek,U02003,G01789,hard,0.7238709926605225,0.666221559047699,0.057649433612823486,17
U02560,G02335,"entonces (los jeberinos) se arrepintieron, no pescaron más.","naneklima luna'tullina', ñi a'pinta' pur'i'ñina'.","taserpi lunpasik, wilalusa' kawichi'ñina'.",U02793,G02568,hard,0.6699408888816833,0.5406144857406616,0.12932640314102173,2
U02560,G02335,"entonces (los jeberinos) se arrepintieron, no pescaron más.","naneklima luna'tullina', ñi a'pinta' pur'i'ñina'.",nanek ima nana pa'lusa' sadinai'ma wa'apetchullina'.,U02895,G02670,medium,0.6699408888816833,0.4828585982322693,0.18708229064941406,5
U03003,G02778,lo que ellos hablaron y nosotros escuchamos cuando éramos niños eso estamos contando.,nawa' lu'rnka'su' kudanta' laukta'kudeksu' wilakudek ñamudek lunpallidek.,"nerpi'pu' uchinañinerkudek lauk'a'kudek, imanankankantullidek lauk'amudek.",U02572,G02347,hard,0.66596519947052,0.6147586703300476,0.05120652914047241,4
U03003,G02778,lo que ellos hablaron y nosotros escuchamos cuando éramos niños eso estamos contando.,nawa' lu'rnka'su' kudanta' laukta'kudeksu' wilakudek ñamudek lunpallidek.,"ali'la wa'natek tekka'a'su' nanek kenmanta', kenmama'nta' pa'achuma' kuda ipa' chimiansekudek, tullina' amishala.",U03032,G02807,medium,0.66596519947052,0.5109604001045227,0.15500479936599731,21
U02385,G02160,entonces cuando se está cutipando (se está haciendo hervir nuevamente) está amaneciendo.,ipa'linchi a'pi'dektapa'sik ukllapilelli.,enpu'nipi'ma ituwetchapalli ulunta'su'.,U02549,G02324,hard,0.5779035687446594,0.5088838934898376,0.06901967525482178,2
U02385,G02160,entonces cuando se está cutipando (se está haciendo hervir nuevamente) está amaneciendo.,ipa'linchi a'pi'dektapa'sik ukllapilelli.,ku'apenñen nanpipalli tan ima.,U02967,G02742,medium,0.5779035687446594,0.42648929357528687,0.15141427516937256,8
U02340,G02115,"primero se va a traer yuca de la chacra,","nanentu ker' manta'lek menmikda',","iñerdaper yu'nkellapilli,",U02744,G02519,hard,0.5358089208602905,0.4846102297306061,0.05119869112968445,19
U02340,G02115,"primero se va a traer yuca de la chacra,","nanentu ker' manta'lek menmikda',","enpu'nipa' kenmu'wa' samerwanpanansu'wa',",U02766,G02541,medium,0.5358089208602905,0.38559165596961975,0.15021726489067078,50
U00081,G00609,resista.,yan'katek'ter',inluukter',U00424,G00342,hard,0.6460985541343689,0.5955338478088379,0.050564706325531006,14
U00082,G00609,resiste.,yan'katek'ter',inluukter',U00424,G00342,hard,0.6535419821739197,0.6011112928390503,0.052430689334869385,16
U02084,G01866,siempre ríe.,nerpi'pu' yamer'ker,intek weranpalli,U00760,G00639,hard,0.42568013072013855,0.374570369720459,0.051109760999679565,30
U00053,G00043,sean gentiles.,mukankan ñiker',sha'pi'su'sa' nuker'ka,U02127,G01907,hard,0.35721859335899353,0.3069499135017395,0.05026867985725403,26
U00054,G00043,sé agradable.,mukankan ñiker',iñer musu',U00844,G00720,hard,0.5882154107093811,0.5364521741867065,0.05176323652267456,8
U00054,G00043,sé agradable.,mukankan ñiker',paker' ñilupa',U00137,G00098,medium,0.5882154107093811,0.4351750314235687,0.15304037928581238,38
U00386,G00314,déjanos entrar.,ta'itula'udek yada'llidek,adipi ka'awa',U01502,G01318,hard,0.42138394713401794,0.3697744905948639,0.05160945653915405,35
U02963,G02738,"la olla se rompió y le bañó toda la cara al, este, tigre negro.","ukta nudektulli ama'ladatulli nana, ma'i, kelluluñiñi'.","ta'ser lauktulek, asu' muyunpa inchilala malek, nu'unta' taketllina'.",U03052,G02827,hard,0.512009859085083,0.4517122805118561,0.06029757857322693,4
U02963,G02738,"la olla se rompió y le bañó toda la cara al, este, tigre negro.","ukta nudektulli ama'ladatulli nana, ma'i, kelluluñiñi'.","pi'tandulaler ima pata'kankañi asu' malallina, tullina'nta'.",U03112,G02887,medium,0.512009859085083,0.36168786883354187,0.15032199025154114,19
U03203,G02978,"así oigo ahora en nuestro pueblo de jeberos, no es como antes.","nu'su' ipa'la lawektapalek asu' shiwilumapu'wek, ñi napi'pu'su'.","ta'ser kuanta' wilaku ñamu lawektulek, ipa'la winta'pallenma'.",U03146,G02921,hard,0.6769788861274719,0.527684211730957,0.1492946743965149,2
U03203,G02978,"así oigo ahora en nuestro pueblo de jeberos, no es como antes.","nu'su' ipa'la lawektapalek asu' shiwilumapu'wek, ñi napi'pu'su'.","dudinpu' asu' lupek pa'a'su'daper ilakapi chiketchullina', wei pa'llina'.",U02813,G02588,medium,0.6769788861274719,0.47014373540878296,0.20683515071868896,3
U02601,G02376,"no, sólo vayan alrededor, por la vereda de mi casa nomás, por los cantos de mi casa den la vuelta, pero no vayan a entrar.","- ma'sha, kunetlla'ku', pidekwek sekllanen, pidekwek dunsanen kunetchuku', ñi'na da'i'nchuma'.","kuanta' nu'apalek i'la. chilenllusa' enpu'ninchi, enpu'ninchi ni luyuinpu'winek, ñi'na yaluntudek'i'nek.",U03100,G02875,hard,0.6313348412513733,0.5391467213630676,0.09218811988830566,2
U02601,G02376,"no, sólo vayan alrededor, por la vereda de mi casa nomás, por los cantos de mi casa den la vuelta, pero no vayan a entrar.","- ma'sha, kunetlla'ku', pidekwek sekllanen, pidekwek dunsanen kunetchuku', ñi'na da'i'nchuma'.","da'ilek i'na kua tekpa ñichek, ñichek iyun, tunka, etchu, lu'wellu, isekpila ñichek, ukladekpenma' uwapetchekpi'la enpi'walekpi'nta',",U02952,G02727,medium,0.6313348412513733,0.46518242359161377,0.16615241765975952,6
U02281,G02056,de esta lengua le voy a hablar.,namasu' la'leklan luntetchek.,nananta' a'lek'apilallun.,U02287,G02062,hard,0.6196837425231934,0.5671254396438599,0.052558302879333496,3
U02281,G02056,de esta lengua le voy a hablar.,namasu' la'leklan luntetchek.,"kua asu' senñula' a'lunpallun,",U02478,G02253,medium,0.6196837425231934,0.4659467339515686,0.15373700857162476,15
U00602,G00504,charlemos.,lun'awa',lunñidek,U00448,G00364,hard,0.5295197367668152,0.464873731136322,0.06464600563049316,12
U00602,G00504,charlemos.,lun'awa',sakeklekwa',U00684,G00572,medium,0.5295197367668152,0.37766820192337036,0.15185153484344482,39
U00608,G00504,conversemos.,lun'awa',mu'pallidek',U00271,G00217,hard,0.6463331580162048,0.5858486294746399,0.06048452854156494,4
U00608,G00504,conversemos.,lun'awa',luper'awa',U02100,G01881,medium,0.6463331580162048,0.4961683750152588,0.15016478300094604,20
U01341,G01169,¿le conozco?,¿luwer'chapalek?,¿wa'latapalek?,U01305,G01136,hard,0.7481009364128113,0.6650148034095764,0.08308613300323486,3
U01341,G01169,¿le conozco?,¿luwer'chapalek?,¿yennitulek ek'llia'ak?,U01334,G01162,medium,0.7481009364128113,0.5780840516090393,0.17001688480377197,11
U02577,G02352,"de ahí, escuchándoles, nosotros también hasta ahora nos acordamos de eso que hablaban.",nanekla'nka lawektapamudek kudanta' ipa'la walek lli'inutapallidek nana lunka'su'.,nanek ima nu'unta' itudekllina' kerku' sha'wapenma' uku'lakeru'kudek.,U03005,G02780,hard,0.648345410823822,0.5843462347984314,0.06399917602539062,7
U02577,G02352,"de ahí, escuchándoles, nosotros también hasta ahora nos acordamos de eso que hablaban.",nanekla'nka lawektapamudek kudanta' ipa'la walek lli'inutapallidek nana lunka'su'.,"ipa'la itullenma' nanek waleksa', iñer panpadekkin lunek.",U02579,G02354,medium,0.648345410823822,0.4973394572734833,0.15100595355033875,28
U02124,G01904,hay reglas.,ñapalli la'la'lusa',iñer'daper' mallia'llina',U01983,G01770,hard,0.6254191994667053,0.5304133892059326,0.0950058102607727,2
U02124,G01904,hay reglas.,ñapalli la'la'lusa',linserchapalek la'la'lusa',U01430,G01250,medium,0.6254191994667053,0.46861499547958374,0.15680420398712158,4
U01684,G01489,cómanse todo.,ka'ku' iñer',aku'ker' kinekla,U00876,G00748,hard,0.5491185188293457,0.4984227120876312,0.05069580674171448,16
U03093,G02868,el pueblo puso policías en el medio del pueblo. policía para el barrio bajo y policía para el barrio alto.,"ninanlu' aku'llina' wala'wan ikiñek ñinanlu'. wala'wan chilenki, wala'wan winenki.","nana inchilalalupa' adencha'nni'ma luncha'llina': enpu'nipa' uran ñilli nana inchilalalupa', dudinpu' ñapalli.",U02993,G02768,hard,0.504158079624176,0.39959555864334106,0.10456252098083496,2
U03093,G02868,el pueblo puso policías en el medio del pueblo. policía para el barrio bajo y policía para el barrio alto.,"ninanlu' aku'llina' wala'wan ikiñek ñinanlu'. wala'wan chilenki, wala'wan winenki.","¡enñupa' ñinanlu' ipa' pa'achuma'! ali'la ñinanlu'lupa' pa'achuma', muyunpalupa' a'pinta' pa'api'nchuma'.",U03038,G02813,medium,0.504158079624176,0.35106655955314636,0.15309152007102966,12
U00445,G00361,esperen aquí.,wa'tenku' asek,weranwa' asek,U01824,G01620,hard,0.6629312038421631,0.5660727620124817,0.0968584418296814,2
U00445,G00361,esperen aquí.,wa'tenku' asek,a'ta'wanter asu',U00747,G00627,medium,0.6629312038421631,0.4826626479625702,0.1802685558795929,11
U01397,G01221,no estudio.,ku'la ñinchitapi'nek,ku'la lachek'i'nek,U01718,G01521,hard,0.5786171555519104,0.52446049451828,0.05415666103363037,16
U02273,G02048,una hija mujer me está sirviendo.,ala'sa' ku'aperwawa luwektapallun.,wilaluntamu sudawek kananek.,U02263,G02038,hard,0.5545220375061035,0.45333537459373474,0.10118666291236877,3
U02273,G02048,una hija mujer me está sirviendo.,ala'sa' ku'aperwawa luwektapallun.,wilaweklusa'pa' ma'sha a'lekdek'i'nek.,U02298,G02073,medium,0.5545220375061035,0.4043295979499817,0.15019243955612183,12
U00685,G00573,nos reímos.,yamerlek'wa',teka'per'aterwa',U00690,G00577,hard,0.6006508469581604,0.5505319237709045,0.05011892318725586,46
U02441,G02216,ellas me cuidan.,nawa' lli'apallinerku.,musu' sekaper'llinerku,U01756,G01558,hard,0.516812264919281,0.4618037939071655,0.05500847101211548,6
U02441,G02216,ellas me cuidan.,nawa' lli'apallinerku.,ala'sa' ku'aperwawa luwektapallun.,U02273,G02048,medium,0.516812264919281,0.3650047183036804,0.15180754661560059,24
U00894,G00766,lo hicieron.,nu'tullina',uk'apilellina',U01867,G01661,hard,0.7157760262489319,0.6460224390029907,0.06975358724594116,4
U00894,G00766,lo hicieron.,nu'tullina',lek'kllina',U01856,G01650,medium,0.7157760262489319,0.5630291104316711,0.15274691581726074,17
U00895,G00766,lo lograron.,nu'tullina',peklu'tullina',U00892,G00764,hard,0.5472568869590759,0.4954052269458771,0.05185166001319885,13
U00895,G00766,lo lograron.,nu'tullina',muisu' kankantullina,U00970,G00836,medium,0.5472568869590759,0.3961811661720276,0.15107572078704834,47
U00704,G00590,¿dónde estoy?,¿enñupa'cha ñapalek?,¿chimipi ñapala?,U00985,G00849,hard,0.7531046867370605,0.6860896348953247,0.06701505184173584,4
U00704,G00590,¿dónde estoy?,¿enñupa'cha ñapalek?,¿iyatulun?,U01680,G01485,medium,0.7531046867370605,0.5993258953094482,0.1537787914276123,12
U00009,G00006,¡socorro! ¡auxilio!,¡katu'pa'! ¡katu'pa'!,¡yuspeinet'echun!,U00859,G00735,hard,0.6007830500602722,0.5388649702072144,0.06191807985305786,9
U00573,G00477,¿es gratis?,¿pa'chi'ñin'cha?,¿sekipia'cha?,U01467,G01285,hard,0.6730794310569763,0.6197390556335449,0.053340375423431396,9
U02520,G02295,"ahí vino volando, bajó y le dijo (a la gente):","nanima pennu'pilenchan, unchan itudeklli:","nana ekpanta'i, ekpanta'i nerñinanluk,",U02290,G02065,hard,0.6702678203582764,0.618238627910614,0.052029192447662354,8
U02520,G02295,"ahí vino volando, bajó y le dijo (a la gente):","nanima pennu'pilenchan, unchan itudeklli:",tullina' nana yalli'lusa' pa'lusa':,U02652,G02427,medium,0.6702678203582764,0.5193753242492676,0.1508924961090088,15
U01301,G01132,eres listo.,insekdiperpi nuka'ma,nantapitek ñiker',U01044,G00904,hard,0.6053288578987122,0.546665608882904,0.058663249015808105,4
U01301,G01132,eres listo.,insekdiperpi nuka'ma,peklupi nuka'ma,U01926,G01717,medium,0.6053288578987122,0.4529205560684204,0.15240830183029175,30
U01999,G01785,la llamé.,peklu'lek,peclu'echek,U01436,G01256,hard,0.7579031586647034,0.703926682472229,0.053976476192474365,7
U01591,G01402,estamos atrapados.,pilli'pi ñapalekwa',nakusu' muin'su' ñapallidek,U01562,G01374,hard,0.705659031867981,0.6486102342605591,0.057048797607421875,22
U01591,G01402,estamos atrapados.,pilli'pi ñapalekwa',wa'tenta'masu' ñapalli,U01618,G01429,medium,0.705659031867981,0.5544237494468689,0.15123528242111206,50
U02431,G02206,"bebe, hijito les digo.","- uker, hijito itudeklek.","- mamá, uk'apincha'lek menmiklan.",U02448,G02223,medium,0.788421630859375,0.6356009840965271,0.1528206467628479,2
U00187,G01794,he vuelto.,adencha'lek,yada'lek,U02017,G01802,hard,0.7083538174629211,0.6576741337776184,0.050679683685302734,7
U02009,G01794,volví.,adencha'lek,luyulek',U00323,G00258,hard,0.6226098537445068,0.5716676712036133,0.050942182540893555,21
U01723,G01526,odio bailar.,luyulek lansa'ak,luyulek idenmaak,U02004,G01790,hard,0.6403705477714539,0.5686967968940735,0.07167375087738037,5
U01723,G01526,odio bailar.,luyulek lansa'ak,yawichi'lek,U00567,G00471,medium,0.6403705477714539,0.47880202531814575,0.1615685224533081,12
U01724,G01526,detesto bailar.,luyulek lansa'ak,tantenñi tuluker'ak,U02243,G02018,hard,0.6670796275138855,0.6024345755577087,0.06464505195617676,7
U01724,G01526,detesto bailar.,luyulek lansa'ak,a'shulek wapu',U01739,G01541,medium,0.6670796275138855,0.5157224535942078,0.15135717391967773,13
U00473,G00388,escoge uno.,wadunker' ala'sa',li'ker' musenkek,U00404,G00328,hard,0.4228832721710205,0.3726821839809418,0.050201088190078735,51
U00110,G00078,páralo. (detener),tu'neker',nu'ter',U00887,G00759,hard,0.654231071472168,0.6038708686828613,0.05036020278930664,50
U00111,G00078,deténlo.,tu'neker',da'encher',U00152,G00116,hard,0.6953148245811462,0.6420575380325317,0.0532572865486145,19
U01452,G01270,estoy desesperado.,perwatendusu' ñapalek,ñapalek sakeksu',U01461,G01279,hard,0.7259533405303955,0.6744668483734131,0.05148649215698242,24
U02895,G02670,dice que ahí las esposas de los que se habían ido tuvieron un mal sueño.,nanek ima nana pa'lusa' sadinai'ma wa'apetchullina'.,nu'unta'shasi'pa' wilaweklusa' lachek'apilanti'ñina'.,U02414,G02189,hard,0.6274987459182739,0.5718303918838501,0.05566835403442383,6
U02895,G02670,dice que ahí las esposas de los que se habían ido tuvieron un mal sueño.,nanek ima nana pa'lusa' sadinai'ma wa'apetchullina'.,adipi du'kunna' wa'inutullina'.,U02770,G02545,medium,0.6274987459182739,0.47716057300567627,0.15033817291259766,49
U02114,G01895,ella desapareció.,nana wer'lli,nana yunsu'lli,U01173,G01775,hard,0.6563891172409058,0.5905829071998596,0.06580621004104614,3
U02114,G01895,ella desapareció.,nana wer'lli,lli'inupi ñiwiñi,U01797,G01595,medium,0.6563891172409058,0.4977225661277771,0.15866655111312866,11
U01067,G00926,no pagué.,panwilekchi'nek,ñinchichi'nek,U01068,G00927,hard,0.7350677251815796,0.6829671859741211,0.052100539207458496,6
U01067,G00926,no pagué.,panwilekchi'nek,yawerannek,U01422,G01242,medium,0.7350677251815796,0.5726181864738464,0.16244953870773315,32
U01868,G01662,están fatal.,muinsu' ñapallina',sadasu' ñapallina',U02147,G01927,hard,0.7073691487312317,0.6464797854423523,0.060889363288879395,3
U01868,G01662,están fatal.,muinsu' ñapallina',saka'tusu' ñapallina',U01548,G01360,medium,0.7073691487312317,0.5426698327064514,0.16469931602478027,9
U02579,G02354,"ahora les digo hasta ahí nomás, todo lo de pampayacu les he contado.","ipa'la itullenma' nanek waleksa', iñer panpadekkin lunek.","tan ipa'linchi penwañina' nana, ma'i, lansi' wa'dan pennenlek.",U02887,G02662,hard,0.6495295166969299,0.5650473237037659,0.08448219299316406,2
U02579,G02354,"ahora les digo hasta ahí nomás, todo lo de pampayacu les he contado.","ipa'la itullenma' nanek waleksa', iñer panpadekkin lunek.","naneklan, pa'nunta'lusa' nawa' a'ka di'tetchuna' nana anaka'.",U02856,G02631,medium,0.6495295166969299,0.49835532903671265,0.15117418766021729,11
U02416,G02191,así ellas me dicen.,nu'anna' itullinerku,kua nanasa' lunek.,U02510,G02285,hard,0.6296001672744751,0.5075401067733765,0.12206006050109863,6
U02416,G02191,así ellas me dicen.,nu'anna' itullinerku,malallina nu'su' a'lli'tullundek.,U03104,G02879,medium,0.6296001672744751,0.4735395610332489,0.1560606062412262,7
U02781,G02556,"los niños no conocen la vacamarina,","wilalusa' luwetchi'ñina' panwalalan,","ñiden usha'wi'ñi ma'kinpa',",U02787,G02562,hard,0.7704451680183411,0.6955307722091675,0.07491439580917358,3
U02781,G02556,"los niños no conocen la vacamarina,","wilalusa' luwetchi'ñina' panwalalan,","iñer u'lan'ukllik wisunanpalli,",U02753,G02528,medium,0.7704451680183411,0.6091124415397644,0.16133272647857666,8
U01798,G01596,estaba nevando.,pulunker'apawiñi,wichi'lek,U01399,G01223,hard,0.6327878832817078,0.5793982744216919,0.05338960886001587,10
U01799,G01596,nevaba.,pulunker'apawiñi,nudu'pi ñiwiñi,U01124,G00977,hard,0.5372726917266846,0.4865213930606842,0.050751298666000366,34
U02242,G02017,odia correr.,luyu'lli teka'ak,luyulek kerka',U02006,G01791,hard,0.5338085293769836,0.4827062785625458,0.051102250814437866,4
U02242,G02017,odia correr.,luyu'lli teka'ak,luwantulek neriak,U01734,G01536,medium,0.5338085293769836,0.3780823051929474,0.15572622418403625,16
U01765,G01566,lo regañaré.,yute'chek,yunsue'chek,U00561,G00466,hard,0.5696157813072205,0.5187599062919617,0.05085587501525879,24
U01766,G01566,le reñiré.,yute'chek,tupiechek,U02035,G01819,hard,0.6588053703308105,0.6074654459953308,0.051339924335479736,28
U00163,G00121,pásenla bien.,musu'nakuku',pili'ker' ikersu',U01361,G01187,hard,0.4779966473579407,0.42414215207099915,0.05385449528694153,15
U02464,G02239,"sacando yuca la depositaban,","ker' uka'nna' kala'tullina',","inpikanpiler'an ima unma' uklli,",U02642,G02417,hard,0.6883195638656616,0.635734498500824,0.052585065364837646,10
U02464,G02239,"sacando yuca la depositaban,","ker' uka'nna' kala'tullina',","wilalusa' ipa'la kaschilla' la'leklansa' lunna',",U02325,G02100,medium,0.6883195638656616,0.5307306051254272,0.15758895874023438,32
U02853,G02628,"no vamos a perecer atrapados por ningún animal, no vamos a temer nada.","ñi anaki'nterwa', ñi tekkwi'nterwa'.","u'dun wawalu' wadek'a'kasu', u'dun wawalu' kua teksusu'kasu'.",U02300,G02075,hard,0.5371605157852173,0.4628821611404419,0.07427835464477539,5
U02853,G02628,"no vamos a perecer atrapados por ningún animal, no vamos a temer nada.","ñi anaki'nterwa', ñi tekkwi'nterwa'.","pipektapapachenma' chiminchuma', nanpia'mama' walek.",U02473,G02248,medium,0.5371605157852173,0.38590505719184875,0.15125545859336853,14
U01274,G01109,puedes nadar.,yennitula' idun'a'mak,yennitula pa'a'masu',U00708,G00594,hard,0.4926121234893799,0.44145339727401733,0.05115872621536255,6
U01274,G01109,puedes nadar.,yennitula' idun'a'mak,nantapitek' ñiker',U00138,G00099,medium,0.4926121234893799,0.3414905071258545,0.1511216163635254,14
U02435,G02210,"felizmente bonito les he criado a mis hijos, con su padre.","mula'si'la u'chimusha teksusudeklek wilaweklusa', papinalek.",pitak aku'n peksantunanlek napi'ku'lusa' peksantullina'.,U02348,G02123,hard,0.5658864974975586,0.493845671415329,0.07204082608222961,6
U02435,G02210,"felizmente bonito les he criado a mis hijos, con su padre.","mula'si'la u'chimusha teksusudeklek wilaweklusa', papinalek.","iskun duker a'ña'seku awawek chiminlapillun, amishawek teksusullun.",U02254,G02029,medium,0.5658864974975586,0.41268277168273926,0.15320372581481934,18
U01541,G01353,gritaron.,lamapu'llina',uk'apilellina',U01867,G01661,hard,0.6112895607948303,0.5531337857246399,0.05815577507019043,34
U00725,G00608,especifica más.,wintu'u a'pinta,inlli'inuter' musuk,U01528,G01341,hard,0.40338122844696045,0.3484734296798706,0.054907798767089844,13
U02288,G02063,bonito le hablo a esta señora con quien nunca antes había conversado.,we'chimu luntulek senñula' enpi'pu' lunchinpu'a'kasu'.,"nu'su' ipa'la lawektapalek asu' shiwilumapu'wek, ñi napi'pu'su'.",U03203,G02978,hard,0.43922117352485657,0.3785925507545471,0.06062862277030945,27
U01717,G01520,no sigo.,ku'la tupiapi'nek,ku'la lachek'i'nek,U01718,G01521,hard,0.6899082064628601,0.6373605728149414,0.0525476336479187,18
U01717,G01520,no sigo.,ku'la tupiapi'nek,weranek',U00568,G00472,medium,0.6899082064628601,0.5342687368392944,0.15563946962356567,39
U01252,G01088,estamos encerrados.,unku'pi ñapallidek,dek'kuntapallidek' wapu',U02169,G01949,hard,0.6729856133460999,0.6220691204071045,0.05091649293899536,8
U01252,G01088,estamos encerrados.,unku'pi ñapallidek,yennitulekwa' nu'tak,U01234,G01073,medium,0.6729856133460999,0.5187379121780396,0.1542477011680603,42
U00166,G00124,ayúdalo.,katu'per',lek'ker',U00135,G00097,hard,0.5489382147789001,0.49795567989349365,0.050982534885406494,24
U02290,G02065,"ella que lleve (mi palabra) a otro pueblo,","nana ekpanta'i, ekpanta'i nerñinanluk,","nu'su' ali'ladaper llipetchullina',",U03113,G02888,hard,0.5490688681602478,0.49491050839424133,0.05415835976600647,38
U00506,G00418,aquí está.,asek' ñapalli,asek uk'apilelli,U01374,G01199,hard,0.6884980201721191,0.5902483463287354,0.09824967384338379,3
U00506,G00418,aquí está.,asek' ñapalli,nuka'a nana,U01853,G01647,medium,0.6884980201721191,0.5279735922813416,0.1605244278907776,5
U02349,G02124,ahora ya no hacen así.,ipa'li'na nui'ñina'.,nanek ima nu'unta' ipa' wa'latapallina'.,U02902,G02677,hard,0.6578040719032288,0.5303214192390442,0.12748265266418457,3
U02349,G02124,ahora ya no hacen así.,ipa'li'na nui'ñina'.,nu'su' nanpillina' napi'.,U03101,G02876,medium,0.6578040719032288,0.4949400722980499,0.16286399960517883,6
U02812,G02587,"cuando contaron los he escuchado, los antiguos viejos y las abuelas finadas hablaban.","ta'ser lauktulek papinkuku'lusa', amiku'lusa' luñina'.",nu'apileklima kencha'llina' inalupa' ku'apellusa' kullikerwanlusa'.,U03019,G02794,hard,0.6380437612533569,0.522608757019043,0.11543500423431396,2
U02812,G02587,"cuando contaron los he escuchado, los antiguos viejos y las abuelas finadas hablaban.","ta'ser lauktulek papinkuku'lusa', amiku'lusa' luñina'.",ipa'leklanlek a'metchala nu'unta' chilenñusa' yullina' winenllusa' pa'a'ser nanalupa'.,U03095,G02870,medium,0.6380437612533569,0.48628273606300354,0.1517610251903534,7
U00898,G00769,obedecieron.,latektullina',pilli'tullina',U01842,G01637,hard,0.6116095781326294,0.5594215393066406,0.05218803882598877,18
U00955,G00822,¡qué confusión!,¡embu'ni luwer'chi'ñi!,¡musu' lli'inuter'!,U00151,G00111,hard,0.5773389339447021,0.5242088437080383,0.05313009023666382,15
U00955,G00822,¡qué confusión!,¡embu'ni luwer'chi'ñi!,!kaluwi'pala!,U00979,G00844,medium,0.5773389339447021,0.41859039664268494,0.1587485373020172,37
U00749,G00628,terminen esto.,a'ta'wantuku' asu',ekpa'ker' asu',U00471,G00386,hard,0.6312922835350037,0.5590202808380127,0.07227200269699097,8
U00749,G00628,terminen esto.,a'ta'wantuku' asu',llia'ker nanek,U01920,G01711,medium,0.6312922835350037,0.4806221127510071,0.15067017078399658,29
U02371,G02146,cuando vuelve a hervir se vuelve a batir....,"ukluka'nunta'sik, utawinunta'lek...","ipa'laka kenmama' uki'la nakuchuma',",U02696,G02471,hard,0.4767986536026001,0.4015934467315674,0.07520520687103271,9
U02371,G02146,cuando vuelve a hervir se vuelve a batir....,"ukluka'nunta'sik, utawinunta'lek...",nerpi'pu' pinanetllek.,U02286,G02061,medium,0.4767986536026001,0.324209600687027,0.15258905291557312,25
U01356,G01183,dame algunos.,enka'u nu'unta'lusa',wintu'udek a'pinta',U01188,G01031,hard,0.5753558874130249,0.5251610279083252,0.05019485950469971,2
U01356,G01183,dame algunos.,enka'u nu'unta'lusa',kenma lli'ker',U00425,G00343,medium,0.5753558874130249,0.4179578721523285,0.1573980152606964,16
U01504,G01320,volvamos.,adanta'wa',tuluner'awa',U00606,G00502,hard,0.5048377513885498,0.4511433243751526,0.05369442701339722,47
U00487,G00400,no canten.,yatulener'tama,yainyututa,U01178,G01026,hard,0.5585776567459106,0.502608597278595,0.055969059467315674,29
U00197,G00152,¡soy libre!,¡inapiku!,¡musu' kankanchi'nek!,U00510,G00421,hard,0.6771140694618225,0.6110813021659851,0.0660327672958374,2
U00197,G00152,¡soy libre!,¡inapiku!,¡latek'i'nek!,U01848,G01643,medium,0.6771140694618225,0.510899543762207,0.16621452569961548,9
U02436,G02211,yo nunca he tenido hijos sin haberme esposado.,ñi wilanwanpa'tamu ñi'nek.,ñienkasu' wilaweklusa' lachek'i'ñina'.,U02299,G02074,hard,0.614526093006134,0.5543530583381653,0.06017303466796875,6
U02436,G02211,yo nunca he tenido hijos sin haberme esposado.,ñi wilanwanpa'tamu ñi'nek.,nu'amui'na i'pa amishawek teksusullun wilaluntulek.,U02262,G02037,medium,0.614526093006134,0.4620760679244995,0.15245002508163452,22
U02620,G02395,"dicen que ellos, los shawala, se reunieron y comentaron.","nawi'mi'na, shawalalusa', indiuntunna' luñina'.","wilalusi'ma, ya'dandektanna', pa'anna', anaka'lli'na'.",U03140,G02915,hard,0.750607967376709,0.6879776120185852,0.06263035535812378,3
U02620,G02395,"dicen que ellos, los shawala, se reunieron y comentaron.","nawi'mi'na, shawalalusa', indiuntunna' luñina'.","du'anna', wa'inutanna', nerpi'pu' ñiper'dekllina' nana pa'lusa'.",U03016,G02791,medium,0.750607967376709,0.5871202349662781,0.1634877324104309,8
U00102,G00071,abre.,ek'ke'cher',ekte'cher',U00154,G00113,hard,0.6412690281867981,0.5894339680671692,0.051835060119628906,18
U02919,G02694,"¡no teman, ustedes tienen machetes, píquen con eso (a las fieras)!","¡aner yatek kuatama', sunkiwanpalama', pasektuku' nanalek!","¡dinsuludekku', adanti'na'! itudekllima.",U02527,G02302,hard,0.5629569888114929,0.5080253481864929,0.054931640625,8
U02919,G02694,"¡no teman, ustedes tienen machetes, píquen con eso (a las fieras)!","¡aner yatek kuatama', sunkiwanpalama', pasektuku' nanalek!","adanda'nni'ma, nana katu'pa'chinpu'lusa' itudeklli ¡enchuku' di'tudekawa' asu' katu'pa'chinpu'lusa'!",U03082,G02857,medium,0.5629569888114929,0.4086116850376129,0.15434530377388,17
U01943,G01733,¿estás ganando?,¿kana'tapala?,¿a'ñapala?,U01671,G01478,hard,0.6794809699058533,0.6235610842704773,0.05591988563537598,5
U02475,G02250,ahí me alumbró mi madre en jeberos.,nanek wadekllun awawek shiwiluk.,wilaluntamu sudawek kananek.,U02263,G02038,hard,0.5568708181381226,0.5062625408172607,0.050608277320861816,20
U02754,G02529,inunda bastante y se forman tahuampales.,wisunanpalli enpu'nipa' tanpennan ñapalli.,kenmami'na llumallunku'lupa' lomas.,U03165,G02940,hard,0.5931107997894287,0.5101416110992432,0.08296918869018555,2
U02754,G02529,inunda bastante y se forman tahuampales.,wisunanpalli enpu'nipa' tanpennan ñapalli.,"pennen alañina', lli'llina' dullinen ukunpalalli.",U02925,G02700,medium,0.5931107997894287,0.43979454040527344,0.15331625938415527,11
U01233,G01072,camina conmigo.,dek'kunter' kualek,sekdiperker' mutu'penkek,U00860,G00736,hard,0.6215192675590515,0.5453915596008301,0.07612770795822144,7
U01233,G01072,camina conmigo.,dek'kunter' kualek,kaker' ma'pinta',U01041,G01179,medium,0.6215192675590515,0.45426321029663086,0.16725605726242065,10
U01780,G01579,los vi.,lli'dek'lek,lli'lliner'ku,U01777,G01576,hard,0.5981888771057129,0.5342369079589844,0.06395196914672852,5
U01780,G01579,los vi.,lli'dek'lek,intek'lli'wina,U00457,G00373,medium,0.5981888771057129,0.4461619555950165,0.1520269215106964,29
U00475,G00390,vente.,wenller',anu'ker',U00149,G00109,hard,0.6338484883308411,0.5490195155143738,0.08482897281646729,4
U00475,G00390,vente.,wenller',tununter',U01166,G01017,medium,0.6338484883308411,0.4802514314651489,0.15359705686569214,38
U02880,G02655,en la noche les voy a visitar para conversar. (duende),dekpilli lli'kunchenma' lunpawa'.,sellawa kualer a'uk'apencha'deklek.,U02670,G02445,hard,0.36892005801200867,0.31867164373397827,0.050248414278030396,40
U01794,G01593,parece fácil.,saka'dek'inpu' lli'tulli,ma'nen'nu'tapa'masu'pu'su' lli'tula,U01615,G01426,hard,0.41807523369789124,0.36783987283706665,0.050235360860824585,6
U01794,G01593,parece fácil.,saka'dek'inpu' lli'tulli,nu'tulek u'su'.,U02339,G02114,medium,0.41807523369789124,0.26594290137290955,0.1521323323249817,37
U01175,G01023,alguien llegó.,ala'sa' yalli' ektukerlli,a'pinta' luwantulli,U01372,G01197,hard,0.489300936460495,0.4345008134841919,0.0548001229763031,6
U01175,G01023,alguien llegó.,ala'sa' yalli' ektukerlli,tom a'ta'wantulli,U01215,G01056,medium,0.489300936460495,0.33457013964653015,0.15473079681396484,37
U00603,G00500,besémonos.,inmusha'wa',tantenlek'wa',U00689,G00576,hard,0.6457657217979431,0.592946469783783,0.052819252014160156,13
U01476,G01294,fue irónico.,si'len ñiwiñi,nana chimiñi,U00241,G00191,hard,0.608104407787323,0.5579160451889038,0.05018836259841919,8
U01476,G01294,fue irónico.,si'len ñiwiñi,yutulli,U01698,G01501,medium,0.608104407787323,0.45729783177375793,0.15080657601356506,34
U00380,G00310,ahora vete.,paker' ipa'la,ta'ituler' pa'i,U01143,G00996,hard,0.6186678409576416,0.5515022277832031,0.06716561317443848,7
U00380,G00310,ahora vete.,paker' ipa'la,wek'ker' ipia'la,U01010,G00873,medium,0.6186678409576416,0.45694366097450256,0.16172417998313904,14
U00381,G00310,ahora lárgate.,paker' ipa'la,wek'ker' ipia'la,U01010,G00873,hard,0.546430230140686,0.4890713691711426,0.05735886096954346,12
U00381,G00310,ahora lárgate.,paker' ipa'la,wiu'su' dekunter',U01371,G01196,medium,0.546430230140686,0.3901597857475281,0.15627044439315796,35
U00483,G00396,no vengas.,yawencha'ta,yalek'tuta,U00295,G00234,hard,0.6612366437911987,0.6077626347541809,0.05347400903701782,9
U00483,G00396,no vengas.,yawencha'ta,nu'chin'chu,U01628,G01439,medium,0.6612366437911987,0.5074471831321716,0.1537894606590271,29
U03204,G02979,"de verdad tomaban las manos de sus compadres, tomaban las manos de sus comadres y se las besaban, se arrodillaban y lloraban.","tekkinchi walek kunparinenna' pilli'iteklatanna', kumarinenna' pilli'iteklatanna', musha'iteklanna', yensunna', willekllina'.","wilalunlusa'nta kuten'anna', kekkilu'tek lli'anna', tandulalusa' lli'anna', willekllina'.",U02564,G02339,hard,0.7314624786376953,0.6794134378433228,0.05204904079437256,3
U03204,G02979,"de verdad tomaban las manos de sus compadres, tomaban las manos de sus comadres y se las besaban, se arrodillaban y lloraban.","tekkinchi walek kunparinenna' pilli'iteklatanna', kumarinenna' pilli'iteklatanna', musha'iteklanna', yensunna', willekllina'.","naku'tanni'ma, ukllinantanna', ektu'llina' muyunpak.",U02972,G02747,medium,0.7314624786376953,0.5797296166419983,0.15173286199569702,18
U02949,G02724,"lo mataron, atizaron la candela y lo metieron (al fuego).","dei'tanna', pen dintunna', aku'lalatullina'.","naku'tanni'ma, ukllinantanna', ektu'llina' muyunpak.",U02972,G02747,hard,0.6765443086624146,0.623885989189148,0.0526583194732666,3
U02949,G02724,"lo mataron, atizaron la candela y lo metieron (al fuego).","dei'tanna', pen dintunna', aku'lalatullina'.","tanni'ma di'ser'itullina' tanpu'nen, pideknen.",U02683,G02458,medium,0.6765443086624146,0.5121130347251892,0.16443127393722534,7
U01876,G01670,tom entendió.,tom lachek'lli,tom uwapalli,U00652,G00544,hard,0.7135552763938904,0.653018593788147,0.06053668260574341,44
U00254,G00201,dia.,uklli,lekker',U02222,G01999,hard,0.5338457226753235,0.48050829768180847,0.053337424993515015,17
U01419,G01239,quiero café.,luwantulek wayusa',ka'apalek tanta',U00773,G00650,hard,0.514389157295227,0.43488237261772156,0.0795067846775055,5
U01419,G01239,quiero café.,luwantulek wayusa',ñapalek sadasu',U00820,G00696,medium,0.514389157295227,0.3608417212963104,0.15354743599891663,29
U00684,G00572,nos divertimos.,sakeklekwa',tuluner'awa',U00606,G00502,hard,0.49795883893966675,0.447796493768692,0.05016234517097473,37
U03052,G02827,"lo que contaron he escuchado, que por causa del camino de moyobamba algunos se terminaron.","ta'ser lauktulek, asu' muyunpa inchilala malek, nu'unta' taketllina'.",enta'n lunchek ipa'la asu' ma'pu'sui'pa' kankantanna' shiwiluku'lusa' muyunpa yaluwetchullina'.,U02833,G02608,hard,0.5459707379341125,0.49464327096939087,0.05132746696472168,19
U02562,G02337,mientras bebían su masato....empuñando sus mocahuas.,uklulu'nenna' uwanna'pu'su'... sinanpachinenna' pilli'tanna'.,pitak aku'n peksantunanlek napi'ku'lusa' peksantullina'.,U02348,G02123,hard,0.5196524262428284,0.4227861166000366,0.09686630964279175,2
U02562,G02337,mientras bebían su masato....empuñando sus mocahuas.,uklulu'nenna' uwanna'pu'su'... sinanpachinenna' pilli'tanna'.,pitawilek ma'ilek nerku'teklek pitawilek.,U02361,G02136,medium,0.5196524262428284,0.3660171329975128,0.15363529324531555,9
U02042,G01826,traeré vino.,kere'chek vinu',kencher' vinu',U00469,G00384,medium,0.8555493354797363,0.5842311978340149,0.27131813764572144,3
U02877,G02652,"¿has venido, hermano menor? (duende)","- ¿ukla'ncha, yalli'wá?","- ¿samerwanpala'ncha, alli'shá?",U02606,G02381,hard,0.6186011433601379,0.5633693933486938,0.05523175001144409,3
U02877,G02652,"¿has venido, hermano menor? (duende)","- ¿ukla'ncha, yalli'wá?","- ¿ah, ipa'cha uncha'la?",U02449,G02224,medium,0.6186011433601379,0.45235475897789,0.16624638438224792,6
U02599,G02374,"por acá he entrado yo para criar peces, se llama pampayacu arákayu les respondió","- asui'na asu'lupa' da'kellek kua samer yapektawamu, panpadek nuka'a tullima.","mula'si'la u'chimusha teksusudeklek wilaweklusa', papinalek.",U02435,G02210,hard,0.5003976821899414,0.4484882950782776,0.05190938711166382,10
U02599,G02374,"por acá he entrado yo para criar peces, se llama pampayacu arákayu les respondió","- asui'na asu'lupa' da'kellek kua samer yapektawamu, panpadek nuka'a tullima.","dudinpu' ñiwiñi nanek, ta'ser lauktulek.",U03046,G02821,medium,0.5003976821899414,0.3486057221889496,0.15179196000099182,46
U00226,G00178,es nuevo.,nalu' nuka'a,nalu ñapalli,U00364,G00295,hard,0.5978270769119263,0.5464270710945129,0.05140000581741333,5
U00226,G00178,es nuevo.,nalu' nuka'a,nana chimiñi,U00241,G00191,medium,0.5978270769119263,0.4463745653629303,0.15145251154899597,32
U01621,G01432,deberías ir.,pa'a'masu' ñapalli,wei ek'tue'chu,U01632,G01443,hard,0.438298761844635,0.38552939891815186,0.052769362926483154,9
U02985,G02760,"de ahí, otro grupo se fue otra vez colocando puentes.",nanekla ali'la musun pa'nunta'lli pentunanlusa' aku'pilan.,nanek ima inpinanerllanna' pek kuallina'.,U02892,G02667,hard,0.6089968681335449,0.5488778948783875,0.06011897325515747,8
U02985,G02760,"de ahí, otro grupo se fue otra vez colocando puentes.",nanekla ali'la musun pa'nunta'lli pentunanlusa' aku'pilan.,"naneklima ali'la musun pa'an, sekllintan ima simana' ima sekllintullina'.",U02958,G02733,medium,0.6089968681335449,0.4540598690509796,0.1549369990825653,40
U00512,G00423,¡encantador!,¡mupencha!,¡katu'lada!,U01614,G01425,hard,0.6881023049354553,0.6255300641059875,0.06257224082946777,17
U00913,G00783,tom gruñó.,tom mermiñi,tom a'ta'wantulli,U01216,G01056,hard,0.8087477684020996,0.7510762810707092,0.05767148733139038,40
U01499,G01315,preguntémosle.,lek'kawa',tekle'rier'chidek,U00050,G00040,hard,0.5024880170822144,0.44531160593032837,0.057176411151885986,21
U00633,G00528,¡habla conmigo!,¡lunker' kualek!,¡muek'kilala!,U01690,G01494,hard,0.6928205490112305,0.630852222442627,0.061968326568603516,2
U00633,G00528,¡habla conmigo!,¡lunker' kualek!,¡u'chimu lli'inu!,U01902,G01696,medium,0.6928205490112305,0.5387502312660217,0.15407031774520874,12
U02237,G02012,escaparon todos.,iñer' chiyekllina',nawa' inyutullina',U01859,G01653,hard,0.5321823358535767,0.4807365834712982,0.05144575238227844,10
U02237,G02012,escaparon todos.,iñer' chiyekllina',saka'tunakla usu'llina,U01294,G01125,medium,0.5321823358535767,0.3782767653465271,0.15390557050704956,42
U00167,G00125,buenas.,mulusa',uklli,U00254,G00201,hard,0.6000359058380127,0.5258930921554565,0.07414281368255615,4
U00167,G00125,buenas.,mulusa',nanasa',U01533,G01842,medium,0.6000359058380127,0.4487033486366272,0.1513325572013855,15
U01971,G01760,¿la conoces?,¿luwer'chapala?,¿naektu'kellia?,U00718,G00602,hard,0.7183095216751099,0.6520763039588928,0.06623321771621704,7
U01971,G01760,¿la conoces?,¿luwer'chapala?,¿yalansa'lli?,U01840,G01635,medium,0.7183095216751099,0.5662861466407776,0.15202337503433228,26
U02034,G01818,estaba escuchando.,lauk'tapawinek,luwer'chapadeklek,U00782,G00659,hard,0.732904851436615,0.6504331231117249,0.08247172832489014,2
U02034,G01818,estaba escuchando.,lauk'tapawinek,sanek'wantuwinek,U00775,G00652,medium,0.732904851436615,0.5820913314819336,0.1508135199546814,16
U02745,G02520,"las cuencas de las quebradas se secaron,","enpinantek'unta'llina' dekshadeklusa',","ukilasu'tundek enñi,",U02712,G02487,hard,0.7595764398574829,0.6869469881057739,0.07262945175170898,7
U02745,G02520,"las cuencas de las quebradas se secaron,","enpinantek'unta'llina' dekshadeklusa',","ma'sha tullima ala'sa' taserpi,",U02623,G02398,medium,0.7595764398574829,0.6017153263092041,0.1578611135482788,22
U00628,G00523,quédate ahí.,nanek llia'ker',ta'ituler' pa'i,U01143,G00996,hard,0.4863133132457733,0.43136900663375854,0.05494430661201477,33
U02515,G02290,dicen que en ese tiempo el dueño (del pampayacu) todavía vivía ahí en esa ribera del río.,nanimi'na napi'pui'mi'na wa'anen nanpi'pawiñinpi'la nana panpadek ukuchinkek.,"dudinpu' asu' lupek pa'a'su'daper ilakapi chiketchullina', wei pa'llina'.",U02813,G02588,hard,0.5388269424438477,0.47067683935165405,0.0681501030921936,6
U02515,G02290,dicen que en ese tiempo el dueño (del pampayacu) todavía vivía ahí en esa ribera del río.,nanimi'na napi'pui'mi'na wa'anen nanpi'pawiñinpi'la nana panpadek ukuchinkek.,enta' winterkenma' ma'pu'si'pa' kineklada' llillin ñilli.,U03147,G02922,medium,0.5388269424438477,0.3882557451725006,0.15057119727134705,37
U02343,G02118,cuando amanece entonces se lava (la yuca) y se la pone en una olla.,"ukllinantusik ipa'linchi pamu'lek, a'du'lek uktak.",asek ima u'chimu saka'takawek ketñala.,U03127,G02902,hard,0.563177227973938,0.4916420876979828,0.0715351402759552,2
U02343,G02118,cuando amanece entonces se lava (la yuca) y se la pone en una olla.,"ukllinantusik ipa'linchi pamu'lek, a'du'lek uktak.",ipa'la peklu'lek leklun pitun.,U02725,G02500,medium,0.563177227973938,0.40480828285217285,0.15836894512176514,20
U02722,G02497,"cuando arákayu icaró al lago junto al pelejo la joven de primera menstruación se acabó,","kuntetchek arakayuler pekkusik nana leklun ta'wantulli,",nu'an ima arakayu sakek'an peklu'deklli inyulateknen ima.,U02595,G02370,hard,0.6529859900474548,0.5614228844642639,0.09156310558319092,3
U02722,G02497,"cuando arákayu icaró al lago junto al pelejo la joven de primera menstruación se acabó,","kuntetchek arakayuler pekkusik nana leklun ta'wantulli,",arakayu ima lanla' akun yunsu'lli.,U02819,G02594,medium,0.6529859900474548,0.4979426860809326,0.15504330396652222,5
U03146,G02921,así lo que han dicho he oído cuando era muchacho y ahora les estoy contando.,"ta'ser kuanta' wilaku ñamu lawektulek, ipa'la winta'pallenma'.",asu' a'lektupideklusek ñinchitupideklusek nana kaschillasa' luñina'.,U03119,G02894,hard,0.669434666633606,0.6181305050849915,0.0513041615486145,3
U03146,G02921,así lo que han dicho he oído cuando era muchacho y ahora les estoy contando.,"ta'ser kuanta' wilaku ñamu lawektulek, ipa'la winta'pallenma'.","ipa'la'ka luwetchudekllina' ali'la muda'lusa', luwetchudekñina' nerpi'la lunlusa'.",U03034,G02809,medium,0.669434666633606,0.5156240463256836,0.15381062030792236,11
U02087,G01869,sigan practicando.,tupituku' inpalerianma',teklerier' ninchita'mak,U01151,G01004,hard,0.5049479007720947,0.426910400390625,0.07803750038146973,6
U02087,G01869,sigan practicando.,tupituku' inpalerianma',ta'tula'shasu' lunker',U01527,G01340,medium,0.5049479007720947,0.3487568199634552,0.15619108080863953,42
U00944,G00812,estamos limpios.,pekuipi ñapalidek,yampu'su' ñapallidek,U02184,G01964,hard,0.6853827834129333,0.6349460482597351,0.05043673515319824,18
U02352,G02127,"después, al maíz pulverizado y la yuca asada desmenuzada se los apiacha (se mezclan a mano formando una masa).",ipa'linchi chitetllu' kellu'lek seklekka'lek.,"ukkapinchasik, uktalek i'la pidanantullina' mutu'ñik.",U02962,G02737,hard,0.4344211220741272,0.38372352719306946,0.05069759488105774,12
U02230,G02005,¿tienen hijos?,¿wilawanpalama'?,¿ñinchitulusa' nuka'mama'?,U02220,G01997,hard,0.6230503916740417,0.5728251934051514,0.05022519826889038,9
U02230,G02005,¿tienen hijos?,¿wilawanpalama'?,¿nanek ñapawina?,U01900,G01694,medium,0.6230503916740417,0.46855416893959045,0.1544962227344513,37
U02623,G02398,"no dijo un viejo,","ma'sha tullima ala'sa' taserpi,","nanek wetlli,",U02723,G02498,hard,0.515097439289093,0.45536303520202637,0.05973440408706665,32
U01685,G01490,todos mienten.,iñer' tumu'llina',iñer'daper yamerladallina',U01984,G01771,hard,0.5472870469093323,0.4971780478954315,0.05010899901390076,6
U01685,G01490,todos mienten.,iñer' tumu'llina',wei ek'tue'chuna',U01631,G01442,medium,0.5472870469093323,0.392827570438385,0.15445947647094727,16
U02187,G01967,¿estabas llorando?,¿welliek'apawina?,¿pumuladawanpalama'?,U02233,G02008,hard,0.6663724780082703,0.6123305559158325,0.054041922092437744,7
U02187,G01967,¿estabas llorando?,¿welliek'apawina?,¿luwer'chapalama'udek?,U01676,G01482,medium,0.6663724780082703,0.5160757899284363,0.15029668807983398,39
U00343,G00275,soy amado.,luanpi nuka'ka,kalu'tutek' nuka'ka,U00765,G00643,hard,0.6434875130653381,0.5855064392089844,0.05798107385635376,31
U00344,G00275,soy amada.,luanpi nuka'ka,wa'tentutek nuka'ka,U00825,G00701,hard,0.6729052662849426,0.6081241965293884,0.0647810697555542,27
U00344,G00275,soy amada.,luanpi nuka'ka,taserpiku,U00095,G00065,medium,0.6729052662849426,0.515646755695343,0.1572585105895996,47
U01095,G00954,me arriesgaré.,inpalerichek,pinaner'u'ku,U00305,G00244,hard,0.6603692173957825,0.6048979163169861,0.05547130107879639,23
U02183,G01963,estamos satisfechos.,sakeksu' ñapallidek,in'ekpa'wa' musu',U02099,G01880,hard,0.6182817816734314,0.5665210485458374,0.051760733127593994,13
U02183,G01963,estamos satisfechos.,sakeksu' ñapallidek,a'ñapallidek ñiñi'wa,U01569,G01380,medium,0.6182817816734314,0.4677898585796356,0.15049192309379578,50
U00276,G00222,¿quién nadó?,¿den iduñi?,¿ma'nen'a'cha nakulli?,U01599,G01410,hard,0.6717649102210999,0.6181147694587708,0.0536501407623291,12
U00276,G00222,¿quién nadó?,¿den iduñi?,¿tom ñiwiñi?,U00482,G00395,medium,0.6717649102210999,0.5116735696792603,0.1600913405418396,24
U00216,G00168,estoy débil.,mudinui'su' ñapalek,yakana'lek,U01424,G01244,hard,0.7049922943115234,0.6510846018791199,0.053907692432403564,47
U03179,G02954,"¿cómo lo vas a llamar?, fidel, dijo (el cura).","¿ma'itetchuncha?, pidir tullima.",- ¿asu' ma'nen samer a'cha? itullina'.,U02653,G02428,hard,0.6887787580490112,0.5875082612037659,0.10127049684524536,2
U03179,G02954,"¿cómo lo vas a llamar?, fidel, dijo (el cura).","¿ma'itetchuncha?, pidir tullima.",¿enkasu' a'cha santupen luwantula ña'su'? itullima.,U03176,G02951,medium,0.6887787580490112,0.5371825695037842,0.15159618854522705,5
U02509,G02284,yo le voy a enseñar todo lo que sé.,kualer a'lek'etchek iñer ñinchita'kasu'.,namasu' la'leklan luntetchek.,U02281,G02056,hard,0.5984766483306885,0.5367491245269775,0.06172752380371094,2
U02509,G02284,yo le voy a enseñar todo lo que sé.,kualer a'lek'etchek iñer ñinchita'kasu'.,ukluka'sik pata'lek unmellinpa'ta'kasu'.,U02358,G02133,medium,0.5984766483306885,0.4481099545955658,0.15036669373512268,14
U01983,G01770,todos oraron.,iñer'daper' mallia'llina',anu'llina',U00430,G00347,hard,0.4938066005706787,0.4355745017528534,0.05823209881782532,20
U02790,G02565,antes los viejos ya finados no querían que nos acercáramos cuando éramos niños.,napi' taserpiku'lusa' luwanchiñina' kawita'kasu' wilakudek ña'sekkudek.,ñi'na ñiden kudaler yawinchi'ñidek latekchiñina'.,U02803,G02578,hard,0.687292218208313,0.6278815865516663,0.05941063165664673,2
U02790,G02565,antes los viejos ya finados no querían que nos acercáramos cuando éramos niños.,napi' taserpiku'lusa' luwanchiñina' kawita'kasu' wilakudek ña'sekkudek.,ali'la muda' nerñinanluklan weklusa' yalli'dekllidek dadapu muda'lusa'.,U02979,G02754,medium,0.687292218208313,0.5310301184654236,0.1562620997428894,9
U01561,G01373,estamos llorando.,welliek'apallidek,a'ñapallidek,U01256,G01092,hard,0.6915812492370605,0.6392390131950378,0.052342236042022705,6
U01561,G01373,estamos llorando.,welliek'apallidek,unku'pi ñapallidek,U01252,G01088,medium,0.6915812492370605,0.5414494872093201,0.15013176202774048,46
U03195,G02970,"ahora se escoge los nombres leyendo en papel, a veces.","wadunek kerkek lli'amu llillinlusa', nerpi'pu'.","ipa'linchi katentamupu'su' pitawitapalek, ka'latulek.",U02372,G02147,hard,0.5456796288490295,0.48739367723464966,0.05828595161437988,4
U03195,G02970,"ahora se escoge los nombres leyendo en papel, a veces.","wadunek kerkek lli'amu llillinlusa', nerpi'pu'.",nu'si'ma nanpillina' enpu'dun ekkilalei'pa'.,U03094,G02869,medium,0.5456796288490295,0.39310145378112793,0.1525781750679016,21
U03183,G02958,de allí le tocó el turno a otro.,naneklima asu' ali'lima panta'lli.,nanek ima inpinanerllanna' pek kuallina'.,U02892,G02667,hard,0.5780293941497803,0.5187060832977295,0.05932331085205078,20
U00930,G00799,podemos ayudar.,yinnitullidek katu'pa'tak,taitula'u'kudek,U00499,G00411,hard,0.6390483975410461,0.5590338110923767,0.08001458644866943,10
U00930,G00799,podemos ayudar.,yinnitullidek katu'pa'tak,kuda ekpekchidek,U00940,G00808,medium,0.6390483975410461,0.48904314637184143,0.1500052511692047,28
U01848,G01643,¡increíble!,¡latek'i'nek!,¡tante'ñek!,U00328,G00263,hard,0.6060754060745239,0.5548796653747559,0.051195740699768066,16
U00953,G00820,¡qué desastre!,¡embu'ni panger'ipa'!,¡latek'inbu' nuka'a!,U02075,G01858,hard,0.621900200843811,0.5568181872367859,0.06508201360702515,10
U00953,G00820,¡qué desastre!,¡embu'ni panger'ipa'!,¡lupersu' ñapala!,U01608,G01419,medium,0.621900200843811,0.47126999497413635,0.15063020586967468,22
U01316,G01145,¿eres feliz?,¿musu' ñapala?,¿peklu'tula?,U00706,G00592,hard,0.6598475575447083,0.597886323928833,0.061961233615875244,10
U02337,G02112,"ustedes también quieren aprender de qué manera se hace,","yañinchitulama' kenmama'nta' ma'pu'si'pa' nu'tulek,","ipa'li'na wilaweklusa' nanapu'si'la luwektapallinerku,",U02268,G02043,hard,0.6371349096298218,0.5746898651123047,0.06244504451751709,3
U02337,G02112,"ustedes también quieren aprender de qué manera se hace,","yañinchitulama' kenmama'nta' ma'pu'si'pa' nu'tulek,","wilalusa' luwetchi'ñina' unma',",U02780,G02555,medium,0.6371349096298218,0.4803451597690582,0.15678974986076355,24
U02932,G02707,"cuando se la llevaron, el viejo la agarró y la detectó.",ekpantasik ima taserpiler pilli'tan lutu'lli.,wileima panta'n lli'an pilli'tulli.,U03177,G02952,hard,0.5455526113510132,0.47165560722351074,0.07389700412750244,9
U02932,G02707,"cuando se la llevaron, el viejo la agarró y la detectó.",ekpantasik ima taserpiler pilli'tan lutu'lli.,nanek da'an lli'itulli dinlupinen.,U02827,G02602,medium,0.5455526113510132,0.394317626953125,0.15123498439788818,36
U01194,G01036,se chocaron.,da'pañina',peklu'tullina',U00892,G00764,hard,0.6046704053878784,0.5542765259742737,0.050393879413604736,15
U01194,G01036,se chocaron.,da'pañina',intek'lli'wina,U00457,G00373,medium,0.6046704053878784,0.44424259662628174,0.16042780876159668,40
U01195,G01036,se estrellaron.,da'pañina',nawa dekllina',U00642,G00535,hard,0.611223042011261,0.5514991879463196,0.059723854064941406,34
U01195,G01036,se estrellaron.,da'pañina',impaleriawa',U01825,G01621,medium,0.611223042011261,0.4587182104587555,0.1525048315525055,49
U02169,G01949,andamos mucho.,dek'kuntapallidek' wapu',nakusu' wichi'llidek,U01243,G01081,hard,0.5697264075279236,0.5063291192054749,0.06339728832244873,4
U02169,G01949,andamos mucho.,dek'kuntapallidek' wapu',tantenlek'wa',U00689,G00576,medium,0.5697264075279236,0.4148114025592804,0.1549150049686432,16
U00159,G00118,¡buen trabajo!,¡musa'ka'tuna!,¡enpu'ni aperpipa'!,U01054,G00914,hard,0.5046816468238831,0.4541129767894745,0.05056867003440857,43
U01745,G01547,quiero ayudar.,yakatupa'tulek,yennitulek nu'tak,U00769,G01587,hard,0.6515708565711975,0.5907979011535645,0.06077295541763306,5
U01745,G01547,quiero ayudar.,yakatupa'tulek,a'ta'wantulek,U00193,G00148,medium,0.6515708565711975,0.499043345451355,0.15252751111984253,29
U02232,G02007,¿tienes arroz?,¿pumuladawanpala?,¿asek nanpipala?,U02235,G02010,hard,0.5606727004051208,0.5083339810371399,0.05233871936798096,12
U01789,G01588,no funcionó.,ku'la saka'chi'ñi,ñiden pek'klu'chi'ñi,U01515,G01330,hard,0.6479519605636597,0.5898590087890625,0.05809295177459717,8
U01789,G01588,no funcionó.,ku'la saka'chi'ñi,u'lanñi,U00359,G00290,medium,0.6479519605636597,0.49100473523139954,0.15694722533226013,15
U01215,G01056,tom canceló.,tom a'ta'wantulli,tom lunñi,U00668,G00558,hard,0.8321914672851562,0.7788854241371155,0.05330604314804077,26
U01216,G01056,tom terminó.,tom a'ta'wantulli,tom peklu'tulli,U00649,G00541,hard,0.8803998827934265,0.820894718170166,0.0595051646232605,8
U01216,G01056,tom terminó.,tom a'ta'wantulli,tom inllipu'itek'latulli,U01551,G01363,medium,0.8803998827934265,0.7237849235534668,0.15661495923995972,36
U00842,G00718,fue real.,ñiwiñi tekinchi,nana chimiñi,U00241,G00191,hard,0.610268235206604,0.5479918718338013,0.062276363372802734,7
U00842,G00718,fue real.,ñiwiñi tekinchi,saka'dekinpu' ñiwiñi,U00841,G00717,medium,0.610268235206604,0.4581880271434784,0.1520802080631256,15
U00482,G00395,¿fue tom?,¿tom ñiwiñi?,tom wer'lli,U02153,G01933,hard,0.7188628315925598,0.6399802565574646,0.07888257503509521,3
U00482,G00395,¿fue tom?,¿tom ñiwiñi?,tom tuluner'lli,U01874,G01668,medium,0.7188628315925598,0.5672404170036316,0.15162241458892822,28
U00173,G00131,puedo ir.,yennitulek pa'ak,iyatulek kana'tak,U01730,G01532,hard,0.5670102834701538,0.5166038274765015,0.050406455993652344,8
U00173,G00131,puedo ir.,yennitulek pa'ak,kanandeklek,U01071,G00930,medium,0.5670102834701538,0.415589302778244,0.1514209806919098,42
U00813,G00689,tengo curiosidad.,ñinchidinupalek,luwer'chulek,U02020,G01805,hard,0.6371000409126282,0.5860508680343628,0.05104917287826538,11
U01044,G00904,sé valiente.,nantapitek ñiker',ñapaker' musu'kankantusu',U00465,G00380,hard,0.6395273208618164,0.5796172022819519,0.0599101185798645,9
U01044,G00904,sé valiente.,nantapitek ñiker',i'shiwansu' ñaper',U00378,G00308,medium,0.6395273208618164,0.48762238025665283,0.15190494060516357,51
U02984,G02759,"sin embargo, aquí ninguno de nosotros tiene casa embarrada así dijeron los que se habían ido a ver.",kenmu'wi'na asek ñiden lupa'paperwi'ñi tullima nana lli'tukunlusa'.,ñi'na ñiden kudaler yawinchi'ñidek latekchiñina'.,U02803,G02578,hard,0.6978368759155273,0.6140868663787842,0.08375000953674316,2
U02984,G02759,"sin embargo, aquí ninguno de nosotros tiene casa embarrada así dijeron los que se habían ido a ver.",kenmu'wi'na asek ñiden lupa'paperwi'ñi tullima nana lli'tukunlusa'.,"ñinchitapalekwa' ali'ladaperunta' nanpi'perkasu', ñi'na ñienpi' lli'dek'i'nekwa'.",U02836,G02611,medium,0.6978368759155273,0.5365101099014282,0.16132676601409912,7
U01769,G01569,soy músico.,tuluner'cheku nuka'ka,llinserchutek' nuka'ka,U01099,G00958,hard,0.7063128352165222,0.6562044620513916,0.050108373165130615,13
U01769,G01569,soy músico.,tuluner'cheku nuka'ka,finlandis nuka'ka,U00808,G00684,medium,0.7063128352165222,0.5467925071716309,0.15952032804489136,34
U03113,G02888,así a otros recriminan.,"nu'su' ali'ladaper llipetchullina',",nawa'ler a'ka di'tetchuna' nana anaka'.,U02916,G02691,hard,0.5583499670028687,0.5079243183135986,0.05042564868927002,30
U01777,G01576,me vieron.,lli'lliner'ku,enka'lliner'ku,U00322,G00257,hard,0.6671842336654663,0.5358948707580566,0.13128936290740967,2
U01777,G01576,me vieron.,lli'lliner'ku,ilanñiner'ku,U01778,G01577,medium,0.6671842336654663,0.5030714869499207,0.16411274671554565,4
U02941,G02716,"ahí mascaron ají, pusieron tabaco en su boca, tomaron tabaco diluido para no dormirse.","nanek nuka' uklullina', pinter katenñina', pinchiyek nu'tanna' ullina' wichi'inpu'erkek.","tanni'ma insekdipellina', uklulu'nenna' a'nu'tullina' sadina' yekpanna'.",U02870,G02645,hard,0.573635458946228,0.5202904343605042,0.05334502458572388,2
U02941,G02716,"ahí mascaron ají, pusieron tabaco en su boca, tomaron tabaco diluido para no dormirse.","nanek nuka' uklullina', pinter katenñina', pinchiyek nu'tanna' ullina' wichi'inpu'erkek.",nanentu saka'tulusui'pa' muyunpak walek ektui'nchuna' tullima ali'la taserpi.,U02861,G02636,medium,0.573635458946228,0.4215215742588043,0.1521138846874237,24
U01442,G01260,te mostraré.,alli'echen,alli'echek,U01441,G01261,hard,0.6356266140937805,0.5833635330200195,0.052263081073760986,6
U01442,G01260,te mostraré.,alli'echen,indei'techek,U01064,G00923,medium,0.6356266140937805,0.4816775918006897,0.15394902229309082,49
U01982,G01769,todos miraron.,iñer'daper' lli'tullina',iñer' kana'tullina',U01353,G01180,hard,0.6124232411384583,0.5535134077072144,0.058909833431243896,4
U01982,G01769,todos miraron.,iñer'daper' lli'tullina',nu'misansu' chimiñina',U01857,G01651,medium,0.6124232411384583,0.45981931686401367,0.15260392427444458,13
U02595,G02370,luego alegrándose los invitó a su patio exterior.,nu'an ima arakayu sakek'an peklu'deklli inyulateknen ima.,ekpantasik ima taserpiler pilli'tan lutu'lli.,U02932,G02707,hard,0.48667463660240173,0.43439653515815735,0.052278101444244385,45
U01678,G01484,¿me quieres?,¿luwantulun?,¿tenmiansu'chek?,U01519,G01334,hard,0.6942321062088013,0.6368562579154968,0.05737584829330444,4
U01678,G01484,¿me quieres?,¿luwantulun?,¿lli'la?,U01668,G01475,medium,0.6942321062088013,0.5408168435096741,0.1534152626991272,20
U01679,G01484,¿me amas?,¿luwantulun?,¿luwer'chapalama'u?,U01675,G01481,hard,0.6571545600891113,0.5723373889923096,0.08481717109680176,4
U01679,G01484,¿me amas?,¿luwantulun?,¿kenma?,U01903,G01697,medium,0.6571545600891113,0.5024129748344421,0.1547415852546692,17
U02874,G02649,yendo vio a alguien tocando flauta (era el duende).,pa'an ima lli'kuñi pilenñantapalli.,"nu'tan, pidekñik sichi'dandek'an iñer urañi.",U02894,G02669,hard,0.4929597079753876,0.4423321783542633,0.05062752962112427,38
U02847,G02622,"¡qué fieras habrán ahí, por donde vamos a abrir el camino!","¡ma'nen ilipa' ñapalli anaka'lusa', nana inchilala yekketcha'kawa'su'lupa'!",¡ma'allimi'na enpi' uklli llinserpi namasu' lunpa'kawa'su' ektu'nchinaa!,U03048,G02823,hard,0.688432514667511,0.6229140162467957,0.06551849842071533,2
U02847,G02622,"¡qué fieras habrán ahí, por donde vamos a abrir el camino!","¡ma'nen ilipa' ñapalli anaka'lusa', nana inchilala yekketcha'kawa'su'lupa'!",¡enchuku' pa'awa'! nupullini'ma ñinanluklan.,U02658,G02433,medium,0.688432514667511,0.5204592943191528,0.16797322034835815,8
U01259,G01095,¿quién escuchó?,¿den lauk'tulli?,¿den lamapu'lli?,U00705,G00591,hard,0.6759313344955444,0.6241075992584229,0.05182373523712158,4
U01259,G01095,¿quién escuchó?,¿den lauk'tulli?,¿nakusu' tanluwatulli?,U00833,G00709,medium,0.6759313344955444,0.5113286972045898,0.1646026372909546,19
U02680,G02455,será mejor que nos apropiemos de estos peces.,a'pimuchun kenmu'wa'ki ñii asu' samer.,- ñi asu' penweklek akusuchi'nchuma'.,U02613,G02388,hard,0.5457392930984497,0.48998382687568665,0.05575546622276306,13
U02680,G02455,será mejor que nos apropiemos de estos peces.,a'pimuchun kenmu'wa'ki ñii asu' samer.,laukdekllidek lu'rnkasu' nana asu' muyunpa inchilala nu'ter'kasu'.,U03045,G02820,medium,0.5457392930984497,0.3952789902687073,0.15046030282974243,44
U01531,G01344,¡qué listo!,¡dakuti'ñi!,¡pilli'pi ñapalekwa'!,U01590,G01401,hard,0.4478277266025543,0.39702627062797546,0.05080145597457886,39
U02947,G02722,"entonces de verdad cuando llegó (el duende) pelearon, pelearon mucho rato.","nanek ima ipa'linchi ma'i... nanek tekkinchi uksik idenmallini'ma, enpu'nipi'ma idenmallina'.","taserpi lunpasik, wilalusa' kawichi'ñina'.",U02793,G02568,hard,0.45439988374710083,0.40213513374328613,0.0522647500038147,34
U02175,G01955,estábamos hablando.,lumpawiñidek,aperlliner'kudek,U01568,G01379,hard,0.5097634196281433,0.45852330327033997,0.051240116357803345,29
U01418,G01238,dormí mucho.,nakusu' wichilek,a'shulek wapu',U01739,G01541,hard,0.6152117848396301,0.556333065032959,0.05887871980667114,3
U01418,G01238,dormí mucho.,nakusu' wichilek,luyulek pennu'ak,U01402,G01226,medium,0.6152117848396301,0.4637514650821686,0.15146031975746155,24
U00030,G00025,mentí.,tumu'lek,anu'lek,U00028,G00023,hard,0.7249795198440552,0.6657219529151917,0.059257566928863525,6
U00030,G00025,mentí.,tumu'lek,tupiechek,U02035,G01819,medium,0.7249795198440552,0.5738027691841125,0.15117675065994263,48
U00986,G00850,¿eres sordo?,¿luuktek' nukama?,¿a'pe'chapala?,U01938,G01728,hard,0.5983471870422363,0.5482144951820374,0.050132691860198975,47
U02776,G02551,"besándose las manos, lloraban.","inmusha'iteklatanna', wellekllina'.",tullina' taserpiku'lusa'.,U02774,G02549,hard,0.6679841876029968,0.5676367282867432,0.10034745931625366,4
U02776,G02551,"besándose las manos, lloraban.","inmusha'iteklatanna', wellekllina'.","enpinantek'unta'llina' dekshadeklusa',",U02745,G02520,medium,0.6679841876029968,0.5141992568969727,0.15378493070602417,11
U01720,G01523,me arrestaron.,pilli'tulliner'ku',madettanna' a'ullinerku.,U02454,G02229,hard,0.537939190864563,0.47882378101348877,0.05911540985107422,15
U01720,G01523,me arrestaron.,pilli'tulliner'ku',wa'danpilapilundek,U02202,G01979,medium,0.537939190864563,0.3875678777694702,0.15037131309509277,39
U02498,G02273,por eso ahora estoy aquí.,ipa'la nu'amu asek ñapalek.,ipa'linchi ukdinu'tulek.,U02355,G02130,hard,0.8054294586181641,0.6904901266098022,0.11493933200836182,2
U02498,G02273,por eso ahora estoy aquí.,ipa'la nu'amu asek ñapalek.,kua ipa' wa'latulek.,U02848,G02623,medium,0.8054294586181641,0.6465166807174683,0.1589127779006958,6
U02298,G02073,ya que a mis hijos no les enseñé.,wilaweklusa'pa' ma'sha a'lekdek'i'nek.,kualer a'lek'etchek iñer ñinchita'kasu'.,U02509,G02284,hard,0.5956303477287292,0.5412806868553162,0.054349660873413086,12
U02298,G02073,ya que a mis hijos no les enseñé.,wilaweklusa'pa' ma'sha a'lekdek'i'nek.,ipa'li'na ma'nen llillinlusi'pa' aku'llina'.,U03199,G02974,medium,0.5956303477287292,0.4435311257839203,0.15209922194480896,50
U01359,G01186,espera ahí.,nanek watenker',nu'ter' ipa'la,U00294,G00233,hard,0.5355429649353027,0.48133301734924316,0.05420994758605957,9
U01359,G01186,espera ahí.,nanek watenker',wanerawa' asek,U02105,G01886,medium,0.5355429649353027,0.3844035863876343,0.15113937854766846,44
U01360,G01186,espere allí.,nanek watenker',a'ta'wanter asu',U00748,G00627,hard,0.5375077128410339,0.48407891392707825,0.05342879891395569,11
U01360,G01186,espere allí.,nanek watenker',luwantulek ali'la,U01744,G01546,medium,0.5375077128410339,0.385137140750885,0.15237057209014893,48
U01865,G01659,atacarán.,panper'echuna',inyutapallina',U02141,G01921,hard,0.5713561773300171,0.5212130546569824,0.05014312267303467,6
U01865,G01659,atacarán.,panper'echuna',uker'llina',U00891,G00763,medium,0.5713561773300171,0.4197310507297516,0.1516251266002655,22
U00650,G00542,tomás bailó.,chuma lansa'lli,chuma wa'tentulli,U00669,G00559,hard,0.6535266637802124,0.5915670394897461,0.06195962429046631,7
U00650,G00542,tomás bailó.,chuma lansa'lli,tom dekkuntulli,U00438,G00355,medium,0.6535266637802124,0.5016842484474182,0.1518424153327942,21
U00566,G00470,¡tengo sueño!,¡yawichi'lek!,¡dakuta'lek!,U01169,G01019,hard,0.662080705165863,0.5981029272079468,0.06397777795791626,3
U00566,G00470,¡tengo sueño!,¡yawichi'lek!,¡musu' kankanchi'nek!,U00510,G00421,medium,0.662080705165863,0.5066134333610535,0.15546727180480957,21
U00616,G00512,reemplázalo.,a'pawilek'ker',inlu'uk'tuker',U01879,G01673,hard,0.6296290159225464,0.5792304873466492,0.05039852857589722,35
U02861,G02636,tal vez los que primero están abriendo trocha lleguen hasta moyobamba dijo el otro viejo.,nanentu saka'tulusui'pa' muyunpak walek ektui'nchuna' tullima ali'la taserpi.,wichi'a'ser ima tekkinchi lansi' wa'dan uk'an iñer ima laki'kerdeklli.,U02893,G02668,hard,0.5677354335784912,0.5156971216201782,0.05203831195831299,3
U02861,G02636,tal vez los que primero están abriendo trocha lleguen hasta moyobamba dijo el otro viejo.,nanentu saka'tulusui'pa' muyunpak walek ektui'nchuna' tullima ali'la taserpi.,"wala'wanlusi'ma a'idiuntundek'an, indiuntunser a'panta'deklli lli'unta'llina'.",U02555,G02330,medium,0.5677354335784912,0.4161338806152344,0.15160155296325684,41
U00683,G00571,podemos ganar.,yennitulekwa' kana'tak,kuda a'nañiechidek,U00941,G00809,hard,0.6112638115882874,0.5579078197479248,0.05335599184036255,3
U00683,G00571,podemos ganar.,yennitulekwa' kana'tak,yennitula' uk'a'mak,U01268,G01103,medium,0.6112638115882874,0.460720956325531,0.15054285526275635,17
U02906,G02681,"como después de tres días no aparecieron, el gobernante convocó al pueblo.","kala ukllima lli'chinpu'a'ser, wa'an peklu'deklli ñinanlu' nanapu'si'la.",lli'an ima apu'tekku' enpu'nipa' yupilerkasu'tekka'lli insekkitulli wicha'pek.,U03077,G02852,hard,0.5251235365867615,0.4678095281124115,0.057314008474349976,7
U02906,G02681,"como después de tres días no aparecieron, el gobernante convocó al pueblo.","kala ukllima lli'chinpu'a'ser, wa'an peklu'deklli ñinanlu' nanapu'si'la.","dasu'la yunsa'nma', lunku' ma'pu'sui'pa' wa'latulama'.",U02866,G02641,medium,0.5251235365867615,0.37395697832107544,0.15116655826568604,46
U01557,G01369,tom cocinará.,tom akusute'chu,tom uwapalli,U00653,G00544,hard,0.7132868766784668,0.6465416550636292,0.06674522161483765,13
U00797,G00674,quiero eso.,nana luwantulek,ñapechek nanek,U01434,G01254,hard,0.6094652414321899,0.5401918888092041,0.06927335262298584,6
U00797,G00674,quiero eso.,nana luwantulek,yan'katektulek,U00513,G00424,medium,0.6094652414321899,0.45847925543785095,0.150985985994339,14
U02633,G02408,"no conocían el tucunaré,","ñi luwetchi'ñina' asu' tukuner,","wilalusa' luwetchi'ñina' panwalalan,",U02781,G02556,hard,0.7925347089767456,0.7120642066001892,0.0804705023765564,8
U02633,G02408,"no conocían el tucunaré,","ñi luwetchi'ñina' asu' tukuner,","kupiwanlusa' ñapallinpi'la,",U02757,G02532,medium,0.7925347089767456,0.6406275629997253,0.15190714597702026,17
U02036,G01820,estaría agradecido.,yuspeine'pi ñapina'ka,saka'techu empu'nipa,U01630,G01441,hard,0.3973803222179413,0.3438035249710083,0.05357679724693298,33
U00703,G00589,¿qué pasa?,¿mapu'la?,¿ikerlli?,U01028,G00889,hard,0.5014218688011169,0.44989293813705444,0.0515289306640625,32
U01088,G00947,fui enmarcado.,a'apitulliner'ku,yunsansu' ñapalek,U00036,G00031,hard,0.6751658916473389,0.6245713233947754,0.05059456825256348,20
U02185,G01965,tenemos esos.,nanadaper a'ñapallidek,nu'tawa' nana,U01501,G01317,hard,0.5981127023696899,0.5260347127914429,0.07207798957824707,6
U02185,G01965,tenemos esos.,nanadaper a'ñapallidek,kana'tapalekwa',U01592,G01403,medium,0.5981127023696899,0.44603824615478516,0.15207445621490479,19
U01466,G01284,¿es popular?,¿luwer'pia'cha?,¿nana'cha?,U00580,G00482,hard,0.5794171094894409,0.5293770432472229,0.05004006624221802,31
U00170,G00128,¡date prisa!,¡wiuker'!,¡a'pinta' wiuksu'!,U00629,G00524,hard,0.5725672841072083,0.5167331099510193,0.055834174156188965,35
U02503,G02278,acá no tengo ningún familiar.,asek kua patun a'ñinekta'la.,kua asek wilawañun awawek.,U02252,G02027,hard,0.627082884311676,0.562606692314148,0.06447619199752808,6
U02503,G02278,acá no tengo ningún familiar.,asek kua patun a'ñinekta'la.,asek ima u'chimu saka'takawek ketñala.,U03127,G02902,medium,0.627082884311676,0.4770391583442688,0.15004372596740723,19
U02753,G02528,"todas las temporadas de lluvias inunda,","iñer u'lan'ukllik wisunanpalli,","ñinchilu'nkudeksu' taker'apilallidek,",U02331,G02106,hard,0.6353146433830261,0.5797374248504639,0.055577218532562256,15
U02753,G02528,"todas las temporadas de lluvias inunda,","iñer u'lan'ukllik wisunanpalli,","ñi luwetchi'ñina' asu' tukuner,",U02633,G02408,medium,0.6353146433830261,0.48405763506889343,0.1512570083141327,43
U03025,G02800,"nadie lo ve, no se deja que lo vean, así.","ñidenler lli'api'ñi, yaya'nlli'chi'ñi, nu'su'.","¡ma'sha, ñinanlu' iñer pa'i'nchu.",U02914,G02689,hard,0.5510144829750061,0.46761614084243774,0.08339834213256836,3
U03025,G02800,"nadie lo ve, no se deja que lo vean, así.","ñidenler lli'api'ñi, yaya'nlli'chi'ñi, nu'su'.","amana' ñichu di'tawa', ali'la erpilu' kupiwan ñipachi nananta' di'tawa'.",U02851,G02626,medium,0.5510144829750061,0.3959074318408966,0.1551070511341095,10
U00384,G00313,déjame entrar.,ta'itula'u yada'lek,ta'itula'u pilli'te'chek,U01495,G01312,hard,0.6350990533828735,0.5758618712425232,0.05923718214035034,9
U00384,G00313,déjame entrar.,ta'itula'u yada'lek,wintu'u,U01355,G01182,medium,0.6350990533828735,0.484758198261261,0.15034085512161255,34
U00385,G00313,déjeme entrar.,ta'itula'u yada'lek,ekpa'ker kenmalek,U01811,G01608,hard,0.5902395844459534,0.5373986959457397,0.05284088850021362,8
U00385,G00313,déjeme entrar.,ta'itula'u yada'lek,wiperi'u ikersu',U01375,G01200,medium,0.5902395844459534,0.439753919839859,0.15048566460609436,39
U02794,G02569,¿por qué se portan así? nos decían.,¿ma'ki'na kenmama' u'lama'? itullinerkudek.,¿ma'ki'na kenmama' asu'lupa' uklama'? sa'la' a'dantetchenmu'wa'.,U02526,G02301,hard,0.7275924682617188,0.6474419236183167,0.0801505446434021,3
U02794,G02569,¿por qué se portan así? nos decían.,¿ma'ki'na kenmama' u'lama'? itullinerkudek.,¿ma'ki'nta' asu' muyunpa inchilala ekketchullina'?,U03114,G02889,medium,0.7275924682617188,0.561739981174469,0.16585248708724976,11
U03118,G02893,ellos ahora nos estan enseñando el castellano.,nawa' ipa'la asu' kaschilla la'la' a'lek'apallinerkudek.,ipa'la nu'anna' ipa' shiwilu la'la' pinaner'apilallina'.,U03120,G02895,hard,0.6352505087852478,0.5789068341255188,0.056343674659729004,3
U03118,G02893,ellos ahora nos estan enseñando el castellano.,nawa' ipa'la asu' kaschilla la'la' a'lek'apallinerkudek.,nana nu'amudek ukllidek itullini'ma.,U02980,G02755,medium,0.6352505087852478,0.4848652184009552,0.1503852903842926,23
U01207,G01048,son rápidos.,wiuksu'lusa' nuker'ka,tekinchilusa' nuker'ka,U02142,G01922,hard,0.5698573589324951,0.5182892084121704,0.05156815052032471,8
U01207,G01048,son rápidos.,wiuksu'lusa' nuker'ka,mukankan ñiker',U00054,G00043,medium,0.5698573589324951,0.41942068934440613,0.150436669588089,20
U02632,G02407,"pero dice que no conocían el acarahuasú,","ñimi'na luwetchi'ñina' iker'adu,","wilalusa' luwetchi'ñina' unma',",U02780,G02555,hard,0.7158290147781372,0.6587681174278259,0.05706089735031128,5
U02632,G02407,"pero dice que no conocían el acarahuasú,","ñimi'na luwetchi'ñina' iker'adu,","nu'wanta'sik ima sameller tupitunta'lli,",U02706,G02481,medium,0.7158290147781372,0.5626216530799866,0.15320736169815063,19
U01949,G01739,¿pueden vernos?,¿yennitullina lli'er'kenmuak?,¿llillinpenma' nu'tulama'?,U01022,G00884,hard,0.7296680212020874,0.6370422840118408,0.09262573719024658,3
U01949,G01739,¿pueden vernos?,¿yennitullina lli'er'kenmuak?,¿llillinpen nu'tula?,U01021,G00883,medium,0.7296680212020874,0.5714842081069946,0.15818381309509277,8
U02695,G02470,después poniéndose de pie dijo:,nu'an ima waneran tulli:,napi' ima wa'an yunsa'n luñi:,U02512,G02287,hard,0.663276195526123,0.6056105494499207,0.05766564607620239,8
U02695,G02470,después poniéndose de pie dijo:,nu'an ima waneran tulli:,"puka' yunsu'lli,",U02748,G02523,medium,0.663276195526123,0.5105618834495544,0.1527143120765686,16
U01126,G00979,me toca. (tocar),pata'lliu,dei'techek,U01438,G01258,hard,0.5939003229141235,0.5425007343292236,0.0513995885848999,44
U01764,G01567,te llamaré.,peklue'chen,latekllien,U01710,G01513,hard,0.631196141242981,0.5763651132583618,0.05483102798461914,3
U01764,G01567,te llamaré.,peklue'chen,nanentupen,U01270,G01105,medium,0.631196141242981,0.47864964604377747,0.1525464951992035,36
U01767,G01567,te invitaré.,peklue'chen,luyullien,U00525,G00435,hard,0.5181495547294617,0.4603163003921509,0.05783325433731079,8
U01767,G01567,te invitaré.,peklue'chen,tuwinek,U00540,G00446,medium,0.5181495547294617,0.3678845763206482,0.15026497840881348,48
U01698,G01501,la increpó.,yutulli,tenmiansu'lli,U01122,G00975,hard,0.5928319096565247,0.5377446413040161,0.055087268352508545,16
U03087,G02862,¿nos van a querer?,"adencha'n ima wa'an lekllina' -adanpilencha'llidek kuda, ¿luwandetchuma' a'cha? regresando le pidieron al gobernante -nosotros estamos volviendo,",¿naektu'kellia?,U00718,G00602,hard,0.4981386065483093,0.4481043219566345,0.050034284591674805,33
U02672,G02447,a arákayu le habló el gobernante.,arakayu ima luntulli wa'anler.,arakayuler tanpen peklu'n itulli,U02728,G02503,hard,0.7125760316848755,0.6477906107902527,0.0647854208946228,6
U02672,G02447,a arákayu le habló el gobernante.,arakayu ima luntulli wa'anler.,nana nu'tan arakayu nu'wanta'lli.,U02705,G02480,medium,0.7125760316848755,0.5480377078056335,0.16453832387924194,14
U01534,G01346,es simple.,saka'dek'inpu',saka'tapalli,U01129,G00982,hard,0.4748488664627075,0.419607937335968,0.0552409291267395,11
U02942,G02717,dice que de verdad la tierra tembló (debido a que el duende venía).,nanek ima tekkinchi lupa' lenmeklli.,nananti'mi'na yañinchitulli.,U02507,G02282,hard,0.5200958847999573,0.4657211899757385,0.05437469482421875,5
U02942,G02717,dice que de verdad la tierra tembló (debido a que el duende venía).,nanek ima tekkinchi lupa' lenmeklli.,ipa'linchi a'pi'dektapa'sik ukllapilelli.,U02385,G02160,medium,0.5200958847999573,0.3678463399410248,0.1522495448589325,51
U02353,G02128,ahí nomás se endulza con azúcar.,nanekpi'la a'kasetllek asukallek.,nu'sui'ma asu' panpadek uksu'ketchulli.,U02578,G02353,hard,0.5783588290214539,0.5123416781425476,0.06601715087890625,7
U02353,G02128,ahí nomás se endulza con azúcar.,nanekpi'la a'kasetllek asukallek.,nawa'nta' insekkitula'su' ñapalli.,U02759,G02534,medium,0.5783588290214539,0.4259799122810364,0.15237891674041748,50
U00936,G00804,te extrañamos.,lu'wanñiden,taitula'u'kudek,U00499,G00411,hard,0.5075686573982239,0.4567137360572815,0.05085492134094238,18
U00138,G00099,sé fuerte.,nantapitek' ñiker',wichi'su' ñapala,U01641,G01451,hard,0.5679675340652466,0.5154317617416382,0.0525357723236084,14
U02731,G02506,"los de mal corazón que se quemen bien,","mukankinpu'lusa' uksu'ketchina',","iñerdaper yu'nkellapilli,",U02744,G02519,hard,0.7609010338783264,0.6651856303215027,0.09571540355682373,2
U02731,G02506,"los de mal corazón que se quemen bien,","mukankinpu'lusa' uksu'ketchina',","sennanlusa'nta' enñi,",U02710,G02485,medium,0.7609010338783264,0.6028201580047607,0.15808087587356567,14
U02774,G02549,dijeron los viejos finados también con pena.,tullina' taserpiku'lusa'.,wanersu' anu'dektullina'.,U02701,G02476,hard,0.5932114124298096,0.5368710160255432,0.05634039640426636,21
U01875,G01669,tom recordó.,tom lli'inutulli,tom nakusu' a'teka'lli,U02152,G01932,hard,0.8109688758850098,0.7568546533584595,0.05411422252655029,27
U01823,G01619,continuemos.,tupitawa',ek'ker'chawa',U01509,G01324,hard,0.629963219165802,0.5752913355827332,0.05467188358306885,10
U01823,G01619,continuemos.,tupitawa',wa'tentaterwa',U00694,G00581,medium,0.629963219165802,0.4767822027206421,0.1531810164451599,35
U00522,G00433,como aquí.,mapu'sina asek',asek uk'apilelli,U01374,G01199,hard,0.5528174638748169,0.4916740357875824,0.0611434280872345,4
U00522,G00433,como aquí.,mapu'sina asek',luwantulek asu',U00791,G00668,medium,0.5528174638748169,0.40116435289382935,0.15165311098098755,27
U01380,G01205,¿cuántos murieron?,¿enpu'dun chimiñina'?,¿enñupa' ñapawina?,U01906,G01700,hard,0.6360701322555542,0.5185782313346863,0.11749190092086792,2
U01380,G01205,¿cuántos murieron?,¿enpu'dun chimiñina'?,¿ma'lusa' samellusa'cha luwantulama'?,U02629,G02404,medium,0.6360701322555542,0.47946876287460327,0.15660136938095093,4
U00453,G00369,¿qué hay?,¿ma'nen ñapalli?,¿nu'la'lli?,U00352,G00283,hard,0.7128487825393677,0.6459760665893555,0.06687271595001221,3
U00453,G00369,¿qué hay?,¿ma'nen ñapalli?,¿chacha'wanpala?,U00989,G00853,medium,0.7128487825393677,0.5613135695457458,0.15153521299362183,15
U02139,G01919,les gustará.,iyatechuna',uk'apilellina',U01867,G01661,hard,0.5429173707962036,0.42593464255332947,0.11698272824287415,2
U02139,G01919,les gustará.,iyatechuna',yamerladallina',U00899,G00770,medium,0.5429173707962036,0.3911312520503998,0.15178611874580383,4
U02607,G02382,tengo abundante. vengan a conocer.,- a'ñapalek wapu'. enchu luwetchukerku'.,"- enta'n, er'washinchi lli'kunkenma'.",U02929,G02704,hard,0.6087336540222168,0.5424491763114929,0.06628447771072388,2
U02607,G02382,tengo abundante. vengan a conocer.,- a'ñapalek wapu'. enchu luwetchukerku'.,"- ta'iter, alli'shá.",U02881,G02656,medium,0.6087336540222168,0.45233282446861267,0.15640082955360413,8
U02740,G02515,"¡gobernante, vamos a hacer pesca con barbasco!","- ¡wa'an, enchuku' pur'awa'!","- ¡nu'ku' nu'pachi kenmama', pur'unta'ku'!",U02741,G02516,hard,0.6107355356216431,0.5176036357879639,0.0931318998336792,2
U02740,G02515,"¡gobernante, vamos a hacer pesca con barbasco!","- ¡wa'an, enchuku' pur'awa'!",¡ma'ki'na tek kualu'lusa' ta'wanchi!,U03083,G02858,medium,0.6107355356216431,0.46072614192962646,0.1500093936920166,4
U02306,G02081,"todo lo que sabemos de los antiguos,","iñer ñinchita'kudeksu' napi'ku'lusa'ki,","ukilasu'tundek enñi,",U02712,G02487,hard,0.6729001998901367,0.6153506636619568,0.05754953622817993,6
U02306,G02081,"todo lo que sabemos de los antiguos,","iñer ñinchita'kudeksu' napi'ku'lusa'ki,","sennanlusa'nta' enñi,",U02710,G02485,medium,0.6729001998901367,0.5145905017852783,0.1583096981048584,30
U01642,G01452,estás tratando.,yanu'tapala,insek'lutenapalli,U01051,G00911,hard,0.6013389229774475,0.5439901351928711,0.057348787784576416,2
U01642,G01452,estás tratando.,yanu'tapala,lunta'palli,U01367,G01192,medium,0.6013389229774475,0.4502924978733063,0.15104642510414124,24
U01290,G01121,estarás bien.,musu' ñape'chu,inapiken nuka'ma,U01639,G01449,hard,0.5627552270889282,0.5018939971923828,0.06086122989654541,4
U01290,G01121,estarás bien.,musu' ñape'chu,saka'tapalli musu',U01479,G01297,medium,0.5627552270889282,0.41253361105918884,0.15022161602973938,42
U01784,G01583,¿está dormido?,¿wichisu'a'cha?,¿ñinchitapala idun'ak?,U01005,G00868,hard,0.6748708486557007,0.6217308044433594,0.05314004421234131,23
U00469,G00384,trae vino.,kencher' vinu',kere'chek vinu',U02042,G01826,hard,0.7847813367843628,0.7001530528068542,0.08462828397750854,2
U00469,G00384,trae vino.,kencher' vinu',da'ker' kinekla,U00026,G00021,medium,0.7847813367843628,0.5980044007301331,0.18677693605422974,5
U00950,G00818,¡qué burro!,¡ma'nen ñinchichi'na!,¡mupalli!,U00103,G00072,hard,0.533376932144165,0.4779508113861084,0.05542612075805664,16
U00951,G00818,¡qué imbécil!,¡ma'nen ñinchichi'na!,¡u'chimu ñinalu'!,U01901,G01695,hard,0.6504766345024109,0.6004030704498291,0.05007356405258179,13
U00951,G00818,¡qué imbécil!,¡ma'nen ñinchichi'na!,¡paku' tekchi wei!.,U02792,G02567,medium,0.6504766345024109,0.49702078104019165,0.15345585346221924,33
U01170,G01020,¡avergüénzate!,¡dakuta'ker'!,¡latada'ker'!,U01182,G01029,hard,0.7087484002113342,0.6551377177238464,0.05361068248748779,8
U01170,G01020,¡avergüénzate!,¡dakuta'ker'!,¡enpu'ni mui'pa!,U01598,G01409,medium,0.7087484002113342,0.5587292909622192,0.150019109249115,51
U02321,G02096,"muchachas, no saben pues esta lengua nuestra,","wilalunlusa', ñi ñinchichi'ñina' namasu' la'la'mapu'wa',","ñinchillintulusa' ñanna' nu'unta' nawa' enka'pallinerku ka'a'kasu',",U02270,G02045,hard,0.6220583915710449,0.5237676501274109,0.09829074144363403,2
U02321,G02096,"muchachas, no saben pues esta lengua nuestra,","wilalunlusa', ñi ñinchichi'ñina' namasu' la'la'mapu'wa',","tusu'si'ma, naneklima, kenmu'wa' ipa'la nana llillin ekpa'palekwa'.",U03185,G02960,medium,0.6220583915710449,0.447867751121521,0.17419064044952393,3
U02485,G02260,yendo al monte mi padre baleaba (animales).,tanak pa'an tatawek ilantulli.,papinalek teksusudeklek.,U02437,G02212,hard,0.6936295032501221,0.6059411764144897,0.08768832683563232,3
U02485,G02260,yendo al monte mi padre baleaba (animales).,tanak pa'an tatawek ilantulli.,nanekla papina chiminlapillun.,U02438,G02213,medium,0.6936295032501221,0.5391204357147217,0.1545090675354004,9
U01681,G01486,¿duele esto?,¿ikerlli asu'?,¿asu' luwantula?,U01624,G01435,hard,0.7997627854347229,0.687096893787384,0.11266589164733887,2
U01681,G01486,¿duele esto?,¿ikerlli asu'?,¿ñimanen nalu?,U00983,G00847,medium,0.7997627854347229,0.6309197545051575,0.16884303092956543,3
U01243,G01081,dormimos demasiado.,nakusu' wichi'llidek,dek'kuntapallidek' wapu',U02169,G01949,hard,0.6104118824005127,0.5458951592445374,0.06451672315597534,2
U01243,G01081,dormimos demasiado.,nakusu' wichi'llidek,ape'chuwiñiner'kudek,U01567,G01378,medium,0.6104118824005127,0.4596318304538727,0.15078005194664001,13
U02565,G02340,de esa manera quizá los antiguos perecieron.,nu'si'pa' papinkuku'lusa' taketllina'.,nana nu'apasik ima di'serpidektullina'.,U02686,G02461,hard,0.6755293607711792,0.6235197186470032,0.052009642124176025,4
U02565,G02340,de esa manera quizá los antiguos perecieron.,nu'si'pa' papinkuku'lusa' taketllina'.,ipa'la asu' shaya'lusa' inllinsellina' asu' ladanenna'.,U03013,G02788,medium,0.6755293607711792,0.5244008302688599,0.15112853050231934,21
U02907,G02682,¿quiénes de ustedes quisieran ir (a buscar a los otros hombres)?,¿den ilanma' a'cha yapa'etchunma'?,¿yennitapala dekkunta'mak?,U01006,G00869,hard,0.6016126871109009,0.549619197845459,0.051993489265441895,7
U02907,G02682,¿quiénes de ustedes quisieran ir (a buscar a los otros hombres)?,¿den ilanma' a'cha yapa'etchunma'?,¿kai'kualusa' nuka'mama'?,U01942,G01732,medium,0.6016126871109009,0.4473961293697357,0.15421655774116516,23
U00621,G00516,canta.,tuluner'ker',ta'tuler',U00284,G01027,hard,0.6074141263961792,0.5534018278121948,0.054012298583984375,15
U02192,G01972,¿cuándo correrás?,¿enpi'teke'chu?,¿insek'diperpi ñapala?,U01318,G01147,hard,0.6443666815757751,0.5591328144073486,0.08523386716842651,4
U02192,G01972,¿cuándo correrás?,¿enpi'teke'chu?,¿aper'suku a'cha?,U00460,G00376,medium,0.6443666815757751,0.49034038186073303,0.15402629971504211,23
U00545,G00451,sobreviví.,chiminllinkekla nampilek,yupawinek,U01426,G01246,hard,0.5079455375671387,0.4532172977924347,0.05472823977470398,4
U00545,G00451,sobreviví.,chiminllinkekla nampilek,nerpi'pu' dekundapalek,U01384,G01209,medium,0.5079455375671387,0.3570164740085602,0.1509290635585785,45
U00771,G00648,confesé.,lunnek,yunsue'chek,U00561,G00466,hard,0.5912123918533325,0.5390315055847168,0.05218088626861572,38
U01953,G01743,¿puedes oírnos?,¿yennitula lauk'a'mudek?,¿yennitulama' dekkunta'mamak?,U01007,G00870,hard,0.7142037153244019,0.663987934589386,0.05021578073501587,2
U01953,G01743,¿puedes oírnos?,¿yennitula lauk'a'mudek?,¿nanpiladasu' ñapala?,U01311,G01142,medium,0.7142037153244019,0.5631480813026428,0.15105563402175903,12
U02204,G01981,puedes entrar.,yennitulada'a'mak,yennitulekwa' kana'tak,U00683,G00571,hard,0.45832741260528564,0.38839954137802124,0.0699278712272644,10
U02204,G01981,puedes entrar.,yennitulada'a'mak,llia'ker' kenma,U00415,G00335,medium,0.45832741260528564,0.3065970540046692,0.15173035860061646,32
U00571,G00475,¿es alto? (estatura - femenino),¿shilun a'cha?,¿nana'cha?,U00580,G00482,hard,0.6068751811981201,0.5543497204780579,0.052525460720062256,7
U00571,G00475,¿es alto? (estatura - femenino),¿shilun a'cha?,¿wichisu'a'cha?,U01784,G01583,medium,0.6068751811981201,0.45610594749450684,0.15076923370361328,42
U01925,G01716,estás enamorado.,yaku'aper'wana,luwer'chapalliñer'ken,U01539,G01351,hard,0.4718403220176697,0.4202285706996918,0.051611751317977905,39
U01781,G01580,¿es médico?,¿lulentuteken'a'cha?,¿suntadulusa'cha?,U01307,G01138,hard,0.6691896915435791,0.6189754605293274,0.05021423101425171,15
U01781,G01580,¿es médico?,¿lulentuteken'a'cha?,¿iya'tulama?,U01962,G01752,medium,0.6691896915435791,0.5188734531402588,0.1503162384033203,43
U00055,G00044,llámame.,peklu'u,itununta'u,U02112,G01893,hard,0.7547422051429749,0.6964163780212402,0.05832582712173462,6
U00055,G00044,llámame.,peklu'u,pata'lliu,U01126,G00979,medium,0.7547422051429749,0.6026405692100525,0.15210163593292236,29
U01296,G01127,estás gordo.,weipensu' ñapala,ñapaker' nanpiladasu',U00626,G00521,hard,0.55653315782547,0.49744486808776855,0.059088289737701416,10
U01296,G01127,estás gordo.,weipensu' ñapala,wa'danpintek ñapala,U01291,G01122,medium,0.55653315782547,0.40635672211647034,0.15017643570899963,42
U02243,G02018,ama cantar.,tantenñi tuluker'ak,u'chimu lanelliek,U01792,G01591,hard,0.46203190088272095,0.4025762975215912,0.05945560336112976,12
U00241,G00191,ella murió.,nana chimiñi,nana uk'lli,U00240,G00190,hard,0.5353703498840332,0.48090264201164246,0.05446770787239075,11
U00241,G00191,ella murió.,nana chimiñi,¿yalansa'lli?,U01840,G01635,medium,0.5353703498840332,0.3832240700721741,0.15214627981185913,36
U02372,G02147,entonces mientras se va masticando se va batiendo el líquido y se masca el afrecho (lo último de la yuca disuelta).,"ipa'linchi katentamupu'su' pitawitapalek, ka'latulek.","ukluka'sik, ali'lak kupin uktak pekdu'a'kasu' upellek.",U02364,G02139,hard,0.5078363418579102,0.45483291149139404,0.05300343036651611,6
U02372,G02147,entonces mientras se va masticando se va batiendo el líquido y se masca el afrecho (lo último de la yuca disuelta).,"ipa'linchi katentamupu'su' pitawitapalek, ka'latulek.",nu'amui'na i'pa amishawek teksusullun wilaluntulek.,U02262,G02037,medium,0.5078363418579102,0.3550303280353546,0.15280601382255554,30
U02527,G02302,"¡bótenlos, que se regresen! les dijeron.","¡dinsuludekku', adanti'na'! itudekllima.","¡nantapiku'la', nasu'ku', wilalusa'! itudekllima.",U02946,G02721,hard,0.7442945837974548,0.6462197303771973,0.09807485342025757,3
U02527,G02302,"¡bótenlos, que se regresen! les dijeron.","¡dinsuludekku', adanti'na'! itudekllima.",enta' winterkenma'. ¡lawekku'!,U03055,G02830,medium,0.7442945837974548,0.532137393951416,0.21215718984603882,9
U03010,G02785,"cuando ya pasaban veinte años ahora sí, vayan a su pueblo, les decían los viejos, este, los que tenían mal corazón.","katu' shunka' ekkilala ñisik ima ipa'a'ka panta'ku' ñinanlu'penmek, itudekllina' nana taserpiku'lusa', ma'i, mukankinpu'lusa'.","napi', kuanta' wilakuñamu laukta'kasu' nana muyunpa inchilalak taker'llina', lansi' wa'danler ka'deklli tullina'.",U03022,G02797,hard,0.6678344011306763,0.5949288010597229,0.07290560007095337,2
U03010,G02785,"cuando ya pasaban veinte años ahora sí, vayan a su pueblo, les decían los viejos, este, los que tenían mal corazón.","katu' shunka' ekkilala ñisik ima ipa'a'ka panta'ku' ñinanlu'penmek, itudekllina' nana taserpiku'lusa', ma'i, mukankinpu'lusa'.","da'ilek, ipa'la tulekwa' mullin, nanekla nana'ka lli'akwa' kenmu'wa'nta' ipa'la enchekmapu'wa' dektuntulekwa', lunekwa' asu' kaschilla', tullina' papinkuku'lusa'.",U03015,G02790,medium,0.6678344011306763,0.5162856578826904,0.15154874324798584,21
U01874,G01668,tom canta.,tom tuluner'lli,tom dek'kuntulli,U00670,G00560,hard,0.7494690418243408,0.6986058950424194,0.05086314678192139,25
U00026,G00021,métete adentro.,da'ker' kinekla,inlli'inuter' musuk,U01528,G01341,hard,0.6016510725021362,0.5495216846466064,0.052129387855529785,7
U00026,G00021,métete adentro.,da'ker' kinekla,llia'ker' kenma,U00415,G00335,medium,0.6016510725021362,0.4442208409309387,0.1574302315711975,36
U00864,G00740,ahora ayúdame.,ipa'la katupa'u,taitula'u katu'pe'chen,U00849,G00725,hard,0.6945407390594482,0.5526592135429382,0.14188152551651,2
U00864,G00740,ahora ayúdame.,ipa'la katupa'u,ta'itula'u pae'chek,U01810,G01607,medium,0.6945407390594482,0.5426909923553467,0.15184974670410156,3
U01648,G01457,¿estás bromeando?,¿si'lentapala?,¿kaluwipala?,U00991,G00855,hard,0.7343435287475586,0.6832023859024048,0.05114114284515381,8
U01648,G01457,¿estás bromeando?,¿si'lentapala?,¿iya'tulama?,U01962,G01752,medium,0.7343435287475586,0.5837618708610535,0.15058165788650513,51
U02466,G02241,su dueño dice le decía ¡tú vete yendo!,"wa'anler imi'na itulli ¡pa'apilanter, kenmá!","¡dinsuludekku', adanti'na'! itudekllima.",U02527,G02302,medium,0.6501545906066895,0.4913872480392456,0.15876734256744385,2
U01946,G01736,acércalo.,a'kawiter',wanerker',U00249,G00196,hard,0.640354335308075,0.5896174311637878,0.05073690414428711,41
U01395,G01219,yo contribuí.,kua katu'patulek,kua panwilek'te'chek',U00186,G00142,hard,0.5988307595252991,0.5219523310661316,0.07687842845916748,7
U01395,G01219,yo contribuí.,kua katu'patulek,nu'anna' itullinerku,U02416,G02191,medium,0.5988307595252991,0.44751930236816406,0.151311457157135,21
U02704,G02479,sólo los bufeos salieron.,sapana'lusa'sa' pekpillina'.,nu'su' nanpillina' napi'.,U03101,G02876,hard,0.5778545141220093,0.524324357509613,0.05353015661239624,9
U02704,G02479,sólo los bufeos salieron.,sapana'lusa'sa' pekpillina'.,napi' amiku'lusa'pu'su'.,U02393,G02168,medium,0.5778545141220093,0.4264881908893585,0.15136632323265076,39
U00811,G00687,soy panadero.,tanta' nu'tutek nuka'ka,perchek' nuka'ka,U00203,G00156,hard,0.6821081638336182,0.6256524920463562,0.05645567178726196,27
U00811,G00687,soy panadero.,tanta' nu'tutek nuka'ka,sadasu' ñapalek',U01584,G01395,medium,0.6821081638336182,0.5243879556655884,0.15772020816802979,39
U03185,G02960,"diciendo así, desde entonces, nosotros ahora estos nombres estamos llevando.","tusu'si'ma, naneklima, kenmu'wa' ipa'la nana llillin ekpa'palekwa'.","naneklan, pa'nunta'lusa' nawa' a'ka di'tetchuna' nana anaka'.",U02856,G02631,hard,0.6682327389717102,0.6085732579231262,0.059659481048583984,4
U03185,G02960,"diciendo así, desde entonces, nosotros ahora estos nombres estamos llevando.","tusu'si'ma, naneklima, kenmu'wa' ipa'la nana llillin ekpa'palekwa'.",nawa' lu'rnka'su' kudanta' laukta'kudeksu' wilakudek ñamudek lunpallidek.,U03003,G02778,medium,0.6682327389717102,0.5135097503662109,0.15472298860549927,20
U01636,G01446,¿bromeas?,¿si'lentapala'?,¿lun'na?,U01340,G01168,hard,0.6755824089050293,0.6251447796821594,0.05043762922286987,16
U00667,G00557,tom ronca.,tom tukulu'palli,tom latek'chi'ñi,U01552,G01364,hard,0.7643795013427734,0.7135670781135559,0.05081242322921753,41
U01115,G00971,estoy estudiando.,kerka' ñinchitapalek,llinserchapalek,U01110,G00967,hard,0.6878424286842346,0.6084673404693604,0.07937508821487427,2
U01115,G00971,estoy estudiando.,kerka' ñinchitapalek,panwilekchi'nek,U01067,G00926,medium,0.6878424286842346,0.5361954569816589,0.15164697170257568,38
U01833,G01629,muévase ya.,lenme'ker' ipa,kenma techu,U00707,G00593,hard,0.5113719701766968,0.4609467685222626,0.050425201654434204,4
U02303,G02078,yo tengo la culpa de no haberles enseñado a mis hijos.,kua usha'wanek a'lek'inpu'dek'amu wilaweklusa'.,ñienkasu' wilaweklusa' lachek'i'ñina'.,U02299,G02074,hard,0.6316043138504028,0.5777350068092346,0.05386930704116821,7
U02303,G02078,yo tengo la culpa de no haberles enseñado a mis hijos.,kua usha'wanek a'lek'inpu'dek'amu wilaweklusa'.,asu' a'lektupideklusek ñinchitupideklusek nana kaschillasa' luñina'.,U03119,G02894,medium,0.6316043138504028,0.48113229870796204,0.1504720151424408,28
U00706,G00592,¿llamaste?,¿peklu'tula?,¿iyatulun?,U01680,G01485,hard,0.6638237237930298,0.6118661761283875,0.051957547664642334,46
U01900,G01694,¿estabas allí?,¿nanek ñapawina?,¿naektu'kellia?,U00718,G00602,hard,0.5529112815856934,0.4974506199359894,0.05546066164970398,24
U02921,G02696,vieron solamente los mosquiteros templados ahí.,lli'kuñina' chipetcheklusa'sa' pektentapa'ser nanek.,nana malallinapu'wa'su' ñillin iñer enmu'pinen.,U03105,G02880,hard,0.6491175889968872,0.5914392471313477,0.05767834186553955,2
U02921,G02696,vieron solamente los mosquiteros templados ahí.,lli'kuñina' chipetcheklusa'sa' pektentapa'ser nanek.,napi'ku'lusa'ler ekpa'llina' menminennak.,U02463,G02238,medium,0.6491175889968872,0.49893295764923096,0.15018463134765625,14
U01891,G01685,te salvaremos.,a'chiyek'echiden,tenmiansu'wa,U00853,G00729,hard,0.4989212155342102,0.4431065320968628,0.05581468343734741,19
U00162,G00120,pásala bien.,musu'nakuker',ka'ker' iñer',U01683,G01488,hard,0.5014541149139404,0.4462502896785736,0.05520382523536682,14
U02310,G02085,el idioma shiwilu se está terminando.,shiwilu la'la' ta'wantapilalli.,shiwilu la'la' yañinchitulli.,U02280,G02055,hard,0.6668999195098877,0.5799226760864258,0.08697724342346191,2
U02310,G02085,el idioma shiwilu se está terminando.,shiwilu la'la' ta'wantapilalli.,shiwilu la'la'mapu'wa' u'chimusha.,U02396,G02171,medium,0.6668999195098877,0.504686176776886,0.1622137427330017,3
U01951,G01741,¿puedes encontrarlo?,¿yennitula kanan'a'mak?,¿luwer'chapadekla?,U02234,G02009,hard,0.6376830339431763,0.5851290822029114,0.05255395174026489,5
U01951,G01741,¿puedes encontrarlo?,¿yennitula kanan'a'mak?,¿luwantapala?,U01977,G01765,medium,0.6376830339431763,0.48758605122566223,0.15009698271751404,47
U02119,G01899,alguien llamó.,denipa' peklu'tulli,apinta'a'tekalli,U01694,G01497,hard,0.5098133683204651,0.45952919125556946,0.05028417706489563,8
U02119,G01899,alguien llamó.,denipa' peklu'tulli,nana yunsu'lli,U01173,G01775,medium,0.5098133683204651,0.3576488494873047,0.1521645188331604,36
U01840,G01635,¿quiere bailar?,¿yalansa'lli?,¿luwantapala?,U01977,G01765,hard,0.5930997133255005,0.5425965189933777,0.0505031943321228,12
U00271,G00217,estamos bien.,mu'pallidek',idunwa',U00607,G00503,hard,0.5524632334709167,0.5019548535346985,0.05050837993621826,29
U00835,G00711,¿es todo?,¿iñer'a'cha?,¿mupallin'cha?,U00574,G00478,hard,0.7027750611305237,0.6491492986679077,0.05362576246261597,7
U00835,G00711,¿es todo?,¿iñer'a'cha?,¿ma'nenpawanpalli?,U02190,G01970,medium,0.7027750611305237,0.5525129437446594,0.15026211738586426,49
U01276,G01110,tú prometiste.,kenma nu'techun tuwina,kenma wichi'wina',U02209,G01986,hard,0.5078786015510559,0.45701077580451965,0.050867825746536255,3
U01276,G01110,tú prometiste.,kenma nu'techun tuwina,tandenñiden,U00934,G00803,medium,0.5078786015510559,0.35701310634613037,0.15086549520492554,22
U03177,G02952,"el muchacho, dice, fue, miró y escogió (un santito) agarrándolo.",wileima panta'n lli'an pilli'tulli.,ekpantasik ima taserpiler pilli'tan lutu'lli.,U02932,G02707,hard,0.48083022236824036,0.4288768172264099,0.051953405141830444,14
U02356,G02131,luego se pone en la boca.,ipa'linchi katennek.,ipa'linchi ukdinu'tulek.,U02355,G02130,hard,0.5254278182983398,0.4568326473236084,0.06859517097473145,7
U02356,G02131,luego se pone en la boca.,ipa'linchi katennek.,asek kua patun a'ñinekta'la.,U02503,G02278,medium,0.5254278182983398,0.3748306930065155,0.15059712529182434,28
U01485,G01303,está mejorado.,tekdiperpi ñapalli,insek'diperpi ñape'chu,U01800,G01597,hard,0.5288088917732239,0.47730982303619385,0.05149906873703003,12
U01485,G01303,está mejorado.,tekdiperpi ñapalli,ma'kek'pachi'ñi,U02076,G01859,medium,0.5288088917732239,0.3773883879184723,0.1514205038547516,48
U02989,G02764,"al descrubir eso, lo que hilábamos se terminó.",maweklima kanana kenmu'wa' pitetcha'kawa'su' ta'wantulli.,tekkinchi tekka'llini'ma nawa' saka'terkek walek.,U02546,G02321,hard,0.49166908860206604,0.44025447964668274,0.0514146089553833,17
U03138,G02913,bien poquito les daba de comer y les mandaba a sus casas.,"u'ñishima awerandeklli, a'panta'deklli pideknennek.",wisunanpalli enpu'nipa' tanpennan ñapalli.,U02754,G02529,hard,0.5516972541809082,0.49530062079429626,0.05639663338661194,2
U03138,G02913,bien poquito les daba de comer y les mandaba a sus casas.,"u'ñishima awerandeklli, a'panta'deklli pideknennek.",ñienkasu' ñinchichillina' namasu' la'lekla lunchinpu'dek'a'kasu' malek.,U02301,G02076,medium,0.5516972541809082,0.3987184166908264,0.1529788374900818,13
U00360,G00291,apesta.,analli,yapa'lli,U01702,G01505,hard,0.4719136357307434,0.4204789102077484,0.051434725522994995,44
U02763,G02538,"cuando no tengan nada, boa alguna vez van a comer","ma'winpu'pachina', kupiwan enpulu ka'achuna'","¡ma'sha, ñinanlu' iñer pa'i'nchu.",U02914,G02689,hard,0.4345741271972656,0.38103774189949036,0.05353638529777527,2
U02763,G02538,"cuando no tengan nada, boa alguna vez van a comer","ma'winpu'pachina', kupiwan enpulu ka'achuna'","ipa'laka kenmama' uki'la nakuchuma',",U02696,G02471,medium,0.4345741271972656,0.28406256437301636,0.15051156282424927,17
U02387,G02162,"hecho esto, se cubre con esteras (formando un techo).","nu'tak, lanchimeklek atantulek.",nananta' a'lek'apilallun.,U02287,G02062,hard,0.5285203456878662,0.4756297171115875,0.052890628576278687,6
U02067,G01850,¡suena genial!,¡illiñi u'chimu!,¡musu' lli'inuter'!,U00151,G00111,hard,0.677301824092865,0.6084702014923096,0.06883162260055542,7
U02067,G01850,¡suena genial!,¡illiñi u'chimu!,¡muek'kilala!,U01690,G01494,medium,0.677301824092865,0.5266379714012146,0.1506638526916504,19
U02808,G02583,de esa manera estos lagos de pampayacu desaparecieron.,nu'sikla'nka asu' panpadek sennanlusa' wetlli.,nanentu pa'erkasu' anaker'chuna' iñerdaper.,U02855,G02630,hard,0.6137935519218445,0.5546046495437622,0.059188902378082275,7
U02808,G02583,de esa manera estos lagos de pampayacu desaparecieron.,nu'sikla'nka asu' panpadek sennanlusa' wetlli.,nanek ima imanankankantullina'.,U02609,G02384,medium,0.6137935519218445,0.4613843560218811,0.15240919589996338,44
U02054,G01837,soy miope.,umilu'lada' nuka'ka,latek'tutek nuka'ka,U02055,G01838,hard,0.7480783462524414,0.6891781687736511,0.05890017747879028,22
U02054,G01837,soy miope.,umilu'lada' nuka'ka,turka nuka'ka,U00810,G00686,medium,0.7480783462524414,0.5879865288734436,0.1600918173789978,34
U01225,G01064,tom sobrevivió.,tom chimillinkekla nampilli,tom musu' lunpi'ñi,U01223,G01063,hard,0.7998014688491821,0.7107781767845154,0.08902329206466675,3
U01225,G01064,tom sobrevivió.,tom chimillinkekla nampilli,tom dek'kuntulli,U00670,G00560,medium,0.7998014688491821,0.6454727053642273,0.15432876348495483,17
U00485,G00398,no miren.,yalli'tama,yalunta',U00490,G00403,hard,0.6592791676521301,0.6046141386032104,0.05466502904891968,9
U00485,G00398,no miren.,yalli'tama,yalenmekta',U00141,G00102,medium,0.6592791676521301,0.5009933710098267,0.15828579664230347,27
U00510,G00421,¡qué aburrimiento!,¡musu' kankanchi'nek!,¡musu' nampipalek!,U00516,G00427,hard,0.5745114684104919,0.5184765458106995,0.05603492259979248,29
U03156,G02931,"otros, dice, hay dos lomas que parecen una boca abierta.",ali'limi'na katu'ta mutupi laweklatekkasu'pu'si'ma ñilli.,napi'ku'lusa'ler ekpa'llina' menminennak.,U02463,G02238,hard,0.49826154112815857,0.4403137266635895,0.05794781446456909,12
U00070,G01018,¡hasta luego!,¡pante'chek!,¡mupencha!,U00512,G00423,hard,0.5644324421882629,0.5123448967933655,0.05208754539489746,19
U00070,G01018,¡hasta luego!,¡pante'chek!,¡kana'tulek!,U00015,G00012,medium,0.5644324421882629,0.4131469428539276,0.15128549933433533,50
U00071,G01018,¡chau!,¡pante'chek!,¡kana'tulek!,U00015,G00012,hard,0.6601191759109497,0.6024539470672607,0.057665228843688965,29
U01167,G01018,¡hasta pronto!,¡pante'chek!,¡enpu'ni dakuta'ipa'!,U01597,G01408,hard,0.5106693506240845,0.4598720967769623,0.05079725384712219,30
U00789,G00666,¡necesito ayuda!,¡luwantulek katu'pa'!,¡yennitula nu'ta'mak!,U01611,G01422,hard,0.7371982932090759,0.6213873028755188,0.11581099033355713,2
U00789,G00666,¡necesito ayuda!,¡luwantulek katu'pa'!,¡ta'itula'u'ku yapanta'lek!,U00383,G00312,medium,0.7371982932090759,0.5863092541694641,0.15088903903961182,3
U02286,G02061,a veces me olvido.,nerpi'pu' pinanetllek.,mula'si'la wilawanek.,U02409,G02184,hard,0.6392921209335327,0.5733129382133484,0.06597918272018433,2
U02286,G02061,a veces me olvido.,nerpi'pu' pinanetllek.,nanpiapamu wilawanek.,U02264,G02039,medium,0.6392921209335327,0.46968111395835876,0.16961100697517395,8
U02193,G01973,¿quien ayudó?,¿den'katu'pa'tulli?,¿den ata'wantulli?,U01258,G01094,hard,0.6624902486801147,0.5917344093322754,0.07075583934783936,3
U02193,G01973,¿quien ayudó?,¿den'katu'pa'tulli?,¿musu'ñapawiñi?,U00927,G00796,medium,0.6624902486801147,0.5051440000534058,0.15734624862670898,20
U02194,G01973,¿quién contribuyó?,¿den'katu'pa'tulli?,¿den'ina' teka'lli?,U00129,G00092,hard,0.5804858207702637,0.5273942947387695,0.05309152603149414,8
U02194,G01973,¿quién contribuyó?,¿den'katu'pa'tulli?,¿naektu'kellia?,U00718,G00602,medium,0.5804858207702637,0.4280937910079956,0.15239202976226807,32
U00784,G00661,vivo aquí.,asek nanpipalek,asek a'ñapala,U01535,G01347,hard,0.6683335304260254,0.5787644386291504,0.089569091796875,3
U00784,G00661,vivo aquí.,asek nanpipalek,ñapechek nanek,U01434,G01254,medium,0.6683335304260254,0.5116177201271057,0.15671581029891968,14
U01662,G01469,baja aquí.,nu'wanker' asek,neriawa' asek,U02103,G01884,hard,0.636994481086731,0.5732874274253845,0.06370705366134644,9
U01662,G01469,baja aquí.,nu'wanker' asek,wanerawa' asek,U02105,G01886,medium,0.636994481086731,0.48556452989578247,0.1514299511909485,37
U03172,G02947,así nomás dice tenían sus nombres.,tula'si'ma llinlliwañina'.,pitetchi'ñina' ipa' nana kapiña'su' lli'anna'.,U02988,G02763,hard,0.6660485863685608,0.6159120798110962,0.0501365065574646,9
U03172,G02947,así nomás dice tenían sus nombres.,tula'si'ma llinlliwañina'.,enpinantekllina' sennanlusa'.,U02746,G02521,medium,0.6660485863685608,0.5159268975257874,0.15012168884277344,48
U00943,G00811,estamos despiertos.,nampilalasu' ñapalidek,ape'chuwiñiner'kudek,U01567,G01378,hard,0.6054677963256836,0.5530436038970947,0.05242419242858887,32
U01792,G01591,huele bien.,u'chimu lanelliek,lau'ker' musu',U01828,G01624,hard,0.4484346807003021,0.39169225096702576,0.05674242973327637,11
U01139,G00992,continuá hablando.,lun'aper'i'la,yamerladaper'i'la,U02083,G01865,hard,0.44347161054611206,0.38535740971565247,0.058114200830459595,10
U01139,G00992,continuá hablando.,lun'aper'i'la,nanekla lli'aterwa',U00450,G00366,medium,0.44347161054611206,0.29263412952423096,0.1508374810218811,42
U01076,G00935,necesito dormir.,luwantulek wichi'ak,luwantulek saka'tak,U01735,G01537,hard,0.6240754127502441,0.5587568283081055,0.06531858444213867,2
U01076,G00935,necesito dormir.,luwantulek wichi'ak,wicha'pawinek,U01754,G01556,medium,0.6240754127502441,0.47340139746665955,0.1506740152835846,39
U01180,G01028,¡felices sueños!,¡u'chimusha wichi'ker'!,¡u'chimu lli'inu!,U01902,G01696,hard,0.6220608353614807,0.5718764066696167,0.050184428691864014,10
U01180,G01028,¡felices sueños!,¡u'chimusha wichi'ker'!,¡wa'ten'ku'!,U00014,G00011,medium,0.6220608353614807,0.47128647565841675,0.15077435970306396,31
U01181,G01028,¡dulces sueños!,¡u'chimusha wichi'ker'!,¡tuku' ma'nen'unta'!,U01517,G01332,hard,0.6307412385940552,0.5705314874649048,0.06020975112915039,13
U01181,G01028,¡dulces sueños!,¡u'chimusha wichi'ker'!,¡yuspeinet'echun nanapu'si'la!,U01189,G01032,medium,0.6307412385940552,0.47861623764038086,0.15212500095367432,38
U01857,G01651,ambos murieron.,nu'misansu' chimiñina',iñer'daper yamerladallina',U01984,G01771,hard,0.5244554281234741,0.47343015670776367,0.05102527141571045,5
U01857,G01651,ambos murieron.,nu'misansu' chimiñina',saka'tunakla usu'dekllina',U01295,G01126,medium,0.5244554281234741,0.3728221356868744,0.15163329243659973,25
U00486,G00399,no cantes.,yatuluner'ta,ku'la iker'i'ñi,U02066,G01849,hard,0.6088850498199463,0.5578422546386719,0.051042795181274414,10
U00486,G00399,no cantes.,yatuluner'ta,luwanchi'ñina',U01199,G01040,medium,0.6088850498199463,0.45742157101631165,0.15146347880363464,41
U01156,G01008,nadie preguntó.,ñiden lekchi'ñi,ñiden chimii'ñi,U00861,G00737,hard,0.6132963299751282,0.5585519075393677,0.0547444224357605,7
U01156,G01008,nadie preguntó.,ñiden lekchi'ñi,tula'si'ma llinlliwañina'.,U03172,G02947,medium,0.6132963299751282,0.46177011728286743,0.15152621269226074,13
U00235,G00185,déjanos.,tai'tula'udek,a'pinta' nu'tawa',U01500,G01316,hard,0.6016945838928223,0.5488165020942688,0.05287808179855347,22
U03130,G02905,"de ahí, dice, ha quedado este pasto que hasta ahora conocemos.",naneklima llia'lli asu' wa'dan panpateklu' ipa'la walek luwetchapalekwa'.,nanek ima' pa'lli' ipa'linchi ala'sa' taserpima tulli enchuku' pa'awa' mutupik.,U03149,G02924,hard,0.6827073097229004,0.5682061314582825,0.11450117826461792,3
U03130,G02905,"de ahí, dice, ha quedado este pasto que hasta ahora conocemos.",naneklima llia'lli asu' wa'dan panpateklu' ipa'la walek luwetchapalekwa'.,naneklimaka asu' nana lanla' pitunta' uwentunta'lli.,U02831,G02606,medium,0.6827073097229004,0.5279884934425354,0.154718816280365,8
U03124,G02899,ya me voy.,pantetchek.,nana luwantulek,U00797,G00674,hard,0.47851115465164185,0.42816808819770813,0.050343066453933716,50
U01238,G01077,tenemos vino.,a'ñapallidek vinu',nakusu' ullidek,U01881,G01675,medium,0.78699791431427,0.5610924363136292,0.22590547800064087,2
U02375,G02150,"abeja mi'len, tú sí que nunca has hecho una chicha insípida.","mi'lencháaaa, kenmapa ñenpi' laki'dek uwapi'naaa.","-!ma'sha, ta'tuler kenma! kenmeipa' luwantula llikanerchapinpu'erkensu'",U03072,G02847,hard,0.5711557865142822,0.4919280707836151,0.07922771573066711,3
U02375,G02150,"abeja mi'len, tú sí que nunca has hecho una chicha insípida.","mi'lencháaaa, kenmapa ñenpi' laki'dek uwapi'naaa.","kenmu'wa' mutupi muda', kenmu'wa' ñi asu'lupa'dei'npu'.",U03150,G02925,medium,0.5711557865142822,0.411256343126297,0.15989944338798523,6
U00051,G00041,ganamos.,kana'llidek,nuwanta'wa',U01505,G01321,hard,0.5894314050674438,0.5379617214202881,0.05146968364715576,24
U02532,G02307,¿por qué regresan muchachitos? les preguntó.,"- ¿ma'kin adanpilenchalama', wilashala? itudekllima.",¿napi'lanlek a'ta' na'wa' saka'tukellina'?.,U03142,G02917,hard,0.6575616002082825,0.5882665514945984,0.06929504871368408,3
U02532,G02307,¿por qué regresan muchachitos? les preguntó.,"- ¿ma'kin adanpilenchalama', wilashala? itudekllima.",napi' amishaku'lusa' nu'tullina' ukllin ma'alanlankekla.,U02383,G02158,medium,0.6575616002082825,0.5072779655456543,0.15028363466262817,13
U02977,G02752,el gobernante los llamó y tras llamarles les preguntó: -¿qué cosa queriendo han venido?,"nana wa'anler peklu'deklli, peklu'dek'an itulli: -¿ma'i'na luwantanma' uklama'?.","wala'wanlusi'ma a'idiuntundek'an, indiuntunser a'panta'deklli lli'unta'llina'.",U02555,G02330,medium,0.8195140957832336,0.5261275768280029,0.2933865189552307,2
U01511,G01326,hazlo rápido.,wiuk'su' nu'ter',kaker' ma'pinta',U01041,G01179,hard,0.5627196431159973,0.5029562711715698,0.05976337194442749,4
U01511,G01326,hazlo rápido.,wiuk'su' nu'ter',ekte'cher',U00154,G00113,medium,0.5627196431159973,0.41073930263519287,0.15198034048080444,30
U02182,G01962,somos prisioneros.,sipuk'ñapallidek,wa'tentutek nuka'ma,U01927,G01718,hard,0.5662305355072021,0.5151228308677673,0.051107704639434814,37
U00389,G00317,¡intentémoslo!,¡intek'klieriwa'!,¡nanpiker'!,U00119,G00085,hard,0.581022322177887,0.5301564931869507,0.05086582899093628,12
U00389,G00317,¡intentémoslo!,¡intek'klieriwa'!,¡musa'ka'tuna!,U00159,G00118,medium,0.581022322177887,0.4305541217327118,0.15046820044517517,47
U02355,G02130,entonces se empieza a mascar formando líquido.,ipa'linchi ukdinu'tulek.,nu'amu amishawekkek pipetchulek.,U02259,G02034,hard,0.49822187423706055,0.4413534700870514,0.056868404150009155,23
U00822,G00698,soy casada.,sudasu' nuka'ka,luanpi nuka'ka,U00343,G00275,hard,0.7232852578163147,0.6711838841438293,0.05210137367248535,13
U00822,G00698,soy casada.,sudasu' nuka'ka,ñapalek sakek'su',U00816,G00692,medium,0.7232852578163147,0.5662374496459961,0.1570478081703186,38
U01656,G01464,¿podemos proseguir?,¿yennitaterwa tupitak?,¿insek'diperpi ñapalama'?,U01319,G01148,hard,0.5548968315124512,0.5031377077102661,0.05175912380218506,22
U01657,G01464,¿podemos continuar?,¿yennitaterwa tupitak?,¿yennitulek katupa'tak?,U01333,G01161,hard,0.5712779760360718,0.5130797028541565,0.05819827318191528,17
U03094,G02869,así vivieron cuántos años quizás.,nu'si'ma nanpillina' enpu'dun ekkilalei'pa'.,tula'si'ma llinlliwañina'.,U03172,G02947,hard,0.5451107025146484,0.4943668246269226,0.05074387788772583,3
U01339,G01167,baila conmigo.,lansa'ker' kualek,llia'ker' kualek,U01177,G01025,hard,0.6767324805259705,0.572873055934906,0.10385942459106445,2
U01339,G01167,baila conmigo.,lansa'ker' kualek,ekpa'ker kenmalek,U01811,G01608,medium,0.6767324805259705,0.5095973014831543,0.16713517904281616,5
U02701,G02476,de pie cayeron al agua.,wanersu' anu'dektullina'.,madettanna' a'ullinerku.,U02454,G02229,hard,0.45642995834350586,0.4060060977935791,0.05042386054992676,30
U00670,G00560,tom caminó.,tom dek'kuntulli,tom malla'lli,U00665,G00555,hard,0.8245148658752441,0.7698595523834229,0.05465531349182129,21
U00670,G00560,tom caminó.,tom dek'kuntulli,tom lli'inutapalli,U01553,G01365,medium,0.8245148658752441,0.6670926213264465,0.1574222445487976,48
U02785,G02560,todos los peces se extinguieron.,samellusa' iñer wetlli.,taker'apilallina' iñer.,U02309,G02084,hard,0.6010076999664307,0.5372905135154724,0.06371718645095825,10
U02785,G02560,todos los peces se extinguieron.,samellusa' iñer wetlli.,chipetcheknenna'si'ma' pektentapalli.,U02911,G02686,medium,0.6010076999664307,0.4502580761909485,0.15074962377548218,43
U02422,G02197,en cambio yo por estar enferma no puedo ir a ninguna parte.,kui'na kaluwi'mu innichi'nek ñi enñupa' pa'a'kasu'.,ma'pu'sui'na ikellandu'mu innichi'nek dekkunta'kasu'.,U02452,G02227,hard,0.6901527643203735,0.6220983862876892,0.06805437803268433,2
U02422,G02197,en cambio yo por estar enferma no puedo ir a ninguna parte.,kui'na kaluwi'mu innichi'nek ñi enñupa' pa'a'kasu'.,ipa'linchi ukdinu'ta'kasu'lek a'kasetllek.,U02381,G02156,medium,0.6901527643203735,0.5145796537399292,0.17557311058044434,7
U00735,G00615,cocíname (con sopa).,kaluitu'u,saka'tapalek,U00034,G00029,hard,0.44872087240219116,0.3942194879055023,0.05450138449668884,22
U02146,G01926,están celosos.,a'pisadatuteklusa' ñapallina',iñer'daper' mallia'llina',U01983,G01770,hard,0.6708182096481323,0.6123007535934448,0.0585174560546875,9
U02146,G01926,están celosos.,a'pisadatuteklusa' ñapallina',nawa' inyutullina',U01859,G01653,medium,0.6708182096481323,0.5183029770851135,0.1525152325630188,31
U00106,G00075,enséñamelo. (muestramelo),alli'u,a'sakek'u,U00169,G00127,hard,0.721711277961731,0.6606006026268005,0.06111067533493042,8
U00106,G00075,enséñamelo. (muestramelo),alli'u,a'ñinchitu'u,U00850,G00726,medium,0.721711277961731,0.5614074468612671,0.16030383110046387,23
U00107,G00075,muestrame.,alli'u,a'uktu'u,U02113,G01894,hard,0.6649206876754761,0.6080917119979858,0.056828975677490234,13
U02636,G02411,la vacamarina.,panwalalan.,panutapalli.,U02661,G02436,hard,0.571320116519928,0.49426913261413574,0.07705098390579224,2
U02636,G02411,la vacamarina.,panwalalan.,a'tashunker',U00920,G00790,medium,0.571320116519928,0.41881972551345825,0.15250039100646973,15
U01093,G00952,estaré bien.,musu' ñapechek,musu' nampipalek,U00515,G00426,hard,0.6336676478385925,0.5644888281822205,0.06917881965637207,3
U01093,G00952,estaré bien.,musu' ñapechek,muin'su' ñapalek,U00514,G00425,medium,0.6336676478385925,0.48160648345947266,0.15206116437911987,9
U00350,G00281,ólvidalo.,pinaner'ker',luwe'chinbuer',U02080,G01862,hard,0.62680584192276,0.5724077820777893,0.0543980598449707,21
U01690,G01494,¡feliz año!,¡muek'kilala!,¡musu' kankanchi'nek!,U00510,G00421,hard,0.5121514797210693,0.4563065469264984,0.05584493279457092,28
U03129,G02904,"vamos a mandarles a hacer chacra, diciendo vinieron (a jeberos).",menmi a'nu'tudek'awa' tannima u'anna'.,kenmu'wa' chimiansikwa' ma'ilipa' lli'tetchu tullini'ma napi'.,U03041,G02816,hard,0.4290691018104553,0.3772678077220917,0.05180129408836365,32
U01091,G00950,tenía sueño.,yawichi'winek,nakusu' wichilek,U01418,G01238,hard,0.7051489353179932,0.6513505578041077,0.0537983775138855,5
U01091,G00950,tenía sueño.,yawichi'winek,illiapalek'inpu ñapawinek,U01429,G01249,medium,0.7051489353179932,0.5524491667747498,0.1526997685432434,23
U02159,G01939,comimos juntos.,weranekwa' kenmu'lek,ekuanñiwiñidek,U02174,G01954,hard,0.548127293586731,0.4974293112754822,0.05069798231124878,3
U02159,G01939,comimos juntos.,weranekwa' kenmu'lek,yadekllidek,U02173,G01953,medium,0.548127293586731,0.3978751301765442,0.15025216341018677,21
U00728,G00610,estate atento.,ñaper' lu'uk'tan,llinsercher' kerka'lusa',U01992,G01778,hard,0.5101126432418823,0.45764559507369995,0.05246704816818237,19
U02096,G01878,remontemos cometas.,a'penu'wa' cometas,uketchu samellusa'.,U02641,G02416,medium,0.787411630153656,0.5237401127815247,0.26367151737213135,3
U00281,G00226,respóndeme.,na'pi'u,pinaner'u,U00304,G00243,hard,0.6673055291175842,0.6165785789489746,0.05072695016860962,16
U00281,G00226,respóndeme.,na'pi'u,a'imanantulun,U01285,G01117,medium,0.6673055291175842,0.513085663318634,0.1542198657989502,34
U01882,G01676,le perdonamos.,ta'itula'llidek,pa'echidek,U01583,G01394,hard,0.5253145098686218,0.4747653007507324,0.050549209117889404,47
U02013,G01798,debo encontrarlo.,kanan'a'kasu' ñapalli,winta'kasu' ñapalli,U02015,G01800,hard,0.5126191973686218,0.4544973373413086,0.05812186002731323,5
U02013,G01798,debo encontrarlo.,kanan'a'kasu' ñapalli,yennitulada'a'mak,U02204,G01981,medium,0.5126191973686218,0.3620276153087616,0.15059158205986023,25
U02092,G01874,hagámoslo ahora.,nu'tawa' ipa'la,nu'ter' ipa'la,U00294,G00233,hard,0.5788824558258057,0.5201901793479919,0.05869227647781372,4
U02092,G01874,hagámoslo ahora.,nu'tawa' ipa'la,nanek watenker',U01359,G01186,medium,0.5788824558258057,0.4071035087108612,0.17177894711494446,13
U02480,G02255,a qué he venido a yurimaguas.,"ma'pu'a'kasu' asek weklek yurimawek,",kua usha'wanek a'lek'inpu'dek'amu wilaweklusa'.,U02303,G02078,hard,0.48998457193374634,0.4314354956150055,0.058549076318740845,20
U00253,G00200,tom vino.,tom uk'lli,tom uwapalli,U00652,G00544,hard,0.7720655798912048,0.7191914319992065,0.05287414789199829,22
U02425,G02200,yo solita sentada me pongo a llorar.,kuashasa' du'wimu willeklek.,nu'sik upetchununta'lek deklek.,U02370,G02145,hard,0.6145302653312683,0.5611536502838135,0.053376615047454834,6
U02425,G02200,yo solita sentada me pongo a llorar.,kuashasa' du'wimu willeklek.,a'pinta' ku'aperwawalusa' musu' eknanpipallun.,U02276,G02051,medium,0.6145302653312683,0.46113649010658264,0.15339377522468567,38
U02608,G02383,y los llamó (a los peces) y toda clase de peces salieron.,"peklu'dekllima, intekdudui'su' samellusa' yunsu'lli.",pa'llina'. pa'anna' erwa uncha'llina'.,U02447,G02222,hard,0.542346179485321,0.4890245497226715,0.053321629762649536,11
U01734,G01536,necesito descansar.,luwantulek neriak,a'shulek wapu',U01739,G01541,hard,0.531541645526886,0.47823891043663025,0.05330273509025574,22
U02507,G02282,ella también quiere aprender.,nananti'mi'na yañinchitulli.,kankanen ukunpala'lli.,U02884,G02659,hard,0.5276861786842346,0.47498080134391785,0.05270537734031677,3
U02507,G02282,ella también quiere aprender.,nananti'mi'na yañinchitulli.,nanek ima nu'unta' ipa' wa'latapallina'.,U02902,G02677,medium,0.5276861786842346,0.3736731708049774,0.1540130078792572,16
U02252,G02027,aquí me engendró mi madre.,kua asek wilawañun awawek.,ipa'la peklu'lek leklun pitun.,U02725,G02500,hard,0.6155552864074707,0.5523765683174133,0.06317871809005737,10
U02252,G02027,aquí me engendró mi madre.,kua asek wilawañun awawek.,nanek ima lanla' ñilli.,U02818,G02593,medium,0.6155552864074707,0.46060141921043396,0.15495386719703674,37
U02516,G02291,"entonces los hombres llegaron y construyeron tambo, chancaron barbasco.","ipa'linchi nawa' ektu'na' palenñantullina', puñañin llisantullina'.","nana sekputchekkui'na di'tanna, inpasetllina', inluyullina'.",U03148,G02923,hard,0.6913256645202637,0.6233110427856445,0.06801462173461914,3
U02516,G02291,"entonces los hombres llegaron y construyeron tambo, chancaron barbasco.","ipa'linchi nawa' ektu'na' palenñantullina', puñañin llisantullina'.","ipa'la'ka luwetchudekllina' ali'la muda'lusa', luwetchudekñina' nerpi'la lunlusa'.",U03034,G02809,medium,0.6913256645202637,0.5373668074607849,0.15395885705947876,20
U02535,G02310,"un pescadito nomás he traído, mi hermanito también unito nomás le respondió.","alla'shasa' samer kencha'lek, yalli'washawek'unta' alla'shasa'pi'la itullima.","nana sekputchek ima'ka nana aperku'tek ima, ñima luwanchi'ñi u'ñisha.",U03135,G02910,hard,0.5229758620262146,0.4704933762550354,0.0524824857711792,13
U00581,G00483,¿es así?,¿nu'su' nuka'a?,¿shipen a'cha?,U00570,G00474,hard,0.6630955934524536,0.6090765595436096,0.054019033908843994,15
U00503,G00415,está arruinado.,sapusu' ñapalli,da'sek'su' ñapala,U02216,G01993,hard,0.6944147944450378,0.6420518755912781,0.052362918853759766,9
U00503,G00415,está arruinado.,sapusu' ñapalli,intek apalli,U00759,G00638,medium,0.6944147944450378,0.5361546277999878,0.15826016664505005,30
U00963,G00829,¿quién vitoreó?,¿den inllipu'iteklatulli?,¿den tenmian'su'lli?,U01262,G01098,hard,0.6569834351539612,0.605522096157074,0.05146133899688721,9
U00963,G00829,¿quién vitoreó?,¿den inllipu'iteklatulli?,¿ikerlli?,U01028,G00889,medium,0.6569834351539612,0.49661800265312195,0.16036543250083923,24
U00879,G00751,¿debería ir?,¿pa'echek'ata'?,¿tenmiansu'chek?,U01519,G01334,hard,0.5461698770523071,0.49424731731414795,0.05192255973815918,21
U02504,G02279,ahora esta señora me pidió ¡habla la lengua shiwilu!,ipa'la asu' senñula' itullun ¡lunker shiwilu la'la'!,enpu'dun waranka ekkilaleipa' ñilli nana nu'su' ña'su'!,U02811,G02586,medium,0.7534018158912659,0.510046124458313,0.24335569143295288,2
U00677,G00567,enciéndelo. (fuego),a'tender',da'encher',U00157,G00116,hard,0.6324148774147034,0.5815157294273376,0.05089914798736572,21
U03068,G02843,"cómo yo siendo mujer (me rebelo), les estoy diciendo a todos párense, les pido a todos que se pongan de pie. así se van a parar, ahí está.","ma'pu'si'na kua ku'aperku ñamu... iñer itapallenma' wanerku', nu'su' waneretchuma', ma'ata'na.","yenchenterka'su' saka'tapanna', iñer er'werwalek ipa' kasiserapilek walek ipa' asu' inkella chanchanchan.",U03136,G02911,hard,0.5202920436859131,0.4655626118183136,0.05472943186759949,9
U03068,G02843,"cómo yo siendo mujer (me rebelo), les estoy diciendo a todos párense, les pido a todos que se pongan de pie. así se van a parar, ahí está.","ma'pu'si'na kua ku'aperku ñamu... iñer itapallenma' wanerku', nu'su' waneretchuma', ma'ata'na.","nanek nuka' uklullina', pinter katenñina', pinchiyek nu'tanna' ullina' wichi'inpu'erkek.",U02941,G02716,medium,0.5202920436859131,0.3684309422969818,0.15186110138893127,42
U02369,G02144,"entonces cuando se termina, nuevamente la yuca sobrante se hierve (con el agua nueva que ha puesto) y se vuelve a trasladar.",ipa'linchi ta'wantununta'sik nu'nipi'la ñapalli ker‘ ukluka'sik upetñunta'lek.,"ipa'linchi katentamupu'su' pitawitapalek, ka'latulek.",U02372,G02147,hard,0.5166370272636414,0.4488980174064636,0.06773900985717773,6
U02369,G02144,"entonces cuando se termina, nuevamente la yuca sobrante se hierve (con el agua nueva que ha puesto) y se vuelve a trasladar.",ipa'linchi ta'wantununta'sik nu'nipi'la ñapalli ker‘ ukluka'sik upetñunta'lek.,nana a'duk ipa'linchi nanek upellek.,U02367,G02142,medium,0.5166370272636414,0.3655162453651428,0.15112078189849854,18
U00891,G00763,se quemaron.,uker'llina',lamapu'llina',U01541,G01353,hard,0.6196532249450684,0.5655201077461243,0.05413311719894409,10
U00891,G00763,se quemaron.,uker'llina',saka'tunakla usu'llina,U01294,G01125,medium,0.6196532249450684,0.4674830734729767,0.15217015147209167,41
U03103,G02878,"malallina es la que nos ha hecho reflexionar,","malallina nana nu'su' a'kankantullundek,","ukilasu'tundek enñi,",U02712,G02487,hard,0.7243722081184387,0.6169242858886719,0.10744792222976685,3
U03103,G02878,"malallina es la que nos ha hecho reflexionar,","malallina nana nu'su' a'kankantullundek,","arakayu yunsui'npu'a'su' ñilli,",U02765,G02540,medium,0.7243722081184387,0.5686102509498596,0.1557619571685791,7
U00400,G00325,lee esto.,luntuker' asu',pata'ker' asu',U00265,G00212,hard,0.692251980304718,0.6284360885620117,0.0638158917427063,16
U00400,G00325,lee esto.,luntuker' asu',llinser'ku' nana,U02197,G01977,medium,0.692251980304718,0.5408750772476196,0.1513769030570984,29
U00401,G00325,lea esto.,luntuker' asu',llinser'ker' nana,U02196,G01975,hard,0.68998122215271,0.6305220723152161,0.059459149837493896,16
U00401,G00325,lea esto.,luntuker' asu',lenme'ker' ipa,U01833,G01629,medium,0.68998122215271,0.5394161343574524,0.15056508779525757,31
U00598,G00497,déjalo entrar.,ta'ituler' da'encha'i,pilli'ter' ikersu',U00073,G01202,hard,0.4710068106651306,0.4179084897041321,0.053098320960998535,14
U02213,G01990,estás soñando.,wa'latapala,we'inutapalli,U01704,G01507,hard,0.5737188458442688,0.5107535719871521,0.0629652738571167,4
U02213,G01990,estás soñando.,wa'latapala,nanpipalli,U00585,G00486,medium,0.5737188458442688,0.4207761585712433,0.1529426872730255,24
U01801,G01598,es mes de navidad.,ñiñuduker' nuka'a,er'wa nuka'a,U00367,G00298,hard,0.5007891654968262,0.449537992477417,0.05125117301940918,26
U01307,G01138,¿son polis?,¿suntadulusa'cha?,¿denlusa'acha?,U00961,G00827,hard,0.5488724708557129,0.4986143112182617,0.05025815963745117,22
U02103,G01884,descansemos aquí.,neriawa' asek,llia'awa' asek,U02104,G01885,hard,0.6811521053314209,0.6037004590034485,0.07745164632797241,4
U02103,G01884,descansemos aquí.,neriawa' asek,nanek ñapaterwa',U01889,G01683,medium,0.6811521053314209,0.5288845896720886,0.15226751565933228,10
U00736,G00616,cuenta conmigo.,kua katu'pekchen,luwuk'tu'u,U00267,G00213,hard,0.42461779713630676,0.3725975453853607,0.052020251750946045,41
U02265,G02040,después tuve mis hijos.,nu'amui'na wadeklek wilaweklusa'.,nu'amu amishawekkek pipetchulek.,U02259,G02034,hard,0.6321975588798523,0.5608599185943604,0.07133764028549194,3
U02265,G02040,después tuve mis hijos.,nu'amui'na wadeklek wilaweklusa'.,nanek ima imanankankantullina'.,U02609,G02384,medium,0.6321975588798523,0.48106107115745544,0.15113648772239685,19
U01230,G01069,espera fuera.,adipi wantenter',wek'ker' ipia'la,U01010,G00873,hard,0.5545342564582825,0.46802374720573425,0.08651050925254822,3
U01230,G01069,espera fuera.,adipi wantenter',saka'techu watensu',U01629,G01440,medium,0.5545342564582825,0.40420758724212646,0.150326669216156,14
U01579,G01390,sobreviviremos.,chiminllinkekla nanpiterwa',dek'kuntapallidek' wapu',U02169,G01949,hard,0.5641791224479675,0.5071567893028259,0.0570223331451416,5
U01579,G01390,sobreviviremos.,chiminllinkekla nanpiterwa',kuda wa'tentulidek,U00449,G00365,medium,0.5641791224479675,0.41402295231819153,0.150156170129776,24
U02752,G02527,"vengándose, el monte, se sumió más el monte.","pillek'an, tanan, dankumelli a'pinta' tanan.","nu'tak, lanchimeklek atantulek.",U02387,G02162,hard,0.6013875007629395,0.5393722653388977,0.06201523542404175,5
U02752,G02527,"vengándose, el monte, se sumió más el monte.","pillek'an, tanan, dankumelli a'pinta' tanan.","nalamulu'lusa' nakutusu', kekkilu'tek kawima uluntulli.",U02550,G02325,medium,0.6013875007629395,0.4509775936603546,0.15040990710258484,15
U03133,G02908,sekputchek no era de buen corazón.,nana sekputchek ima nana mukankinpu'a'su'.,pinter ima sekmu'lli papinku.,U02923,G02698,hard,0.517950713634491,0.46371379494667053,0.054236918687820435,12
U03133,G02908,sekputchek no era de buen corazón.,nana sekputchek ima nana mukankinpu'a'su'.,samellusa' iñer wetlli.,U02785,G02560,medium,0.517950713634491,0.36726364493370056,0.1506870687007904,36
U03199,G02974,ahora cualquier nombre ya les ponen.,ipa'li'na ma'nen llillinlusi'pa' aku'llina'.,nanentu pa'erkasu' anaker'chuna' iñerdaper.,U02855,G02630,hard,0.6373369097709656,0.5711870193481445,0.06614989042282104,4
U03199,G02974,ahora cualquier nombre ya les ponen.,ipa'li'na ma'nen llillinlusi'pa' aku'llina'.,ñi a'pinta' nanadaper lli'inuchi'ñina'.,U02807,G02582,medium,0.6373369097709656,0.48235055804252625,0.15498635172843933,27
U01428,G01248,estaba atrapado.,pilli'pi ñapawinek,pulunker'apawiñi,U01798,G01596,hard,0.6525203585624695,0.6017394661903381,0.05078089237213135,20
U02642,G02417,"dicen que revolcándose vino el paiche,","inpikanpiler'an ima unma' uklli,","ker' uka'nna' kala'tullina',",U02464,G02239,hard,0.7276132106781006,0.6736904978752136,0.05392271280288696,4
U02642,G02417,"dicen que revolcándose vino el paiche,","inpikanpiler'an ima unma' uklli,","ipa'laka kenmama' uki'la nakuchuma',",U02696,G02471,medium,0.7276132106781006,0.5726010799407959,0.1550121307373047,36
U00607,G00503,nademos.,idunwa',wa'ten'u'kudek,U00922,G00791,hard,0.5966808795928955,0.5359494090080261,0.060731470584869385,30
U02267,G02042,ayudándome a criarlos su padre murió y quedé sola.,teksusupa'nku tatanenna' chiminlapillun.,"akusutuker'anna' a'ka'llinerku, a'uranñinerku.",U02444,G02219,hard,0.5322261452674866,0.45537465810775757,0.076851487159729,2
U02267,G02042,ayudándome a criarlos su padre murió y quedé sola.,teksusupa'nku tatanenna' chiminlapillun.,"mula'si'la u'chimusha teksusudeklek wilaweklusa', papinalek.",U02435,G02210,medium,0.5322261452674866,0.37730294466018677,0.1549232006072998,15
U00821,G00697,soy casado.,sadasu' nuka'ka,perchek' nuka'ka,U00203,G00156,hard,0.7087572813034058,0.6554884314537048,0.05326884984970093,17
U00821,G00697,soy casado.,sadasu' nuka'ka,mudinui'su' ñapalek,U00216,G00168,medium,0.7087572813034058,0.558348536491394,0.15040874481201172,45
U02113,G01894,mándemelos.,a'uktu'u,pinaner'u,U00304,G00243,hard,0.6624473333358765,0.5970726609230042,0.06537467241287231,5
U02113,G01894,mándemelos.,a'uktu'u,keritu'u,U01650,G01459,medium,0.6624473333358765,0.5069245100021362,0.15552282333374023,31
U03161,G02936,"ese otro dijo yo he sabido que en el cerro vive llumallun. 12 laulate es un apellido muy común en jeberos. según este relato, su etimología se hallaría en el nombre laweklatek el de la boca abierta. 13 llumallun era viejita que vivia sola y era sabia.",nana ali'lima tulli kui'na ñinchitulek nana mutupik nanpipalli llumallun13'.,nanek ima ala'sa' taserpi waneran tulli ipa'la'ka ali'la ñinanlu' luwetchulekwa'. ipa' wer'uklli kawi'ta'su malek u'apalekwa'.,U02995,G02770,hard,0.49917107820510864,0.43592140078544617,0.06324967741966248,2
U03161,G02936,"ese otro dijo yo he sabido que en el cerro vive llumallun. 12 laulate es un apellido muy común en jeberos. según este relato, su etimología se hallaría en el nombre laweklatek el de la boca abierta. 13 llumallun era viejita que vivia sola y era sabia.",nana ali'lima tulli kui'na ñinchitulek nana mutupik nanpipalli llumallun13'.,"nanek ima mañer, dañer, pullikariu ma'i panfilo, nanek ima ransisko, nanek ima asu', ma'i, asu' pancho, nanek ima ñilli asu' pidir aku'llima da'kanchineksu'.",U03174,G02949,medium,0.49917107820510864,0.33896082639694214,0.1602102518081665,18
U02940,G02715,después se escondieron.,nu'anna' insekkitullina'.,ipa'li'na nui'ñina'.,U02349,G02124,hard,0.5702201128005981,0.5175424814224243,0.05267763137817383,10
U02940,G02715,después se escondieron.,nu'anna' insekkitullina'.,kankanen ukunpala'lli.,U02884,G02659,medium,0.5702201128005981,0.4200066328048706,0.15021347999572754,42
U02757,G02532,"las boas todavía están ahí,","kupiwanlusa' ñapallinpi'la,","ma'sha tullima ala'sa' taserpi,",U02623,G02398,hard,0.6453370451927185,0.5927042961120605,0.05263274908065796,8
U02757,G02532,"las boas todavía están ahí,","kupiwanlusa' ñapallinpi'la,",tullina' nana yalli'lusa' pa'lusa':,U02652,G02427,medium,0.6453370451927185,0.48750734329223633,0.15782970190048218,33
U01020,G00882,¿ayudaste?,¿katu'pa'tula?,¿peklu'tula?,U00706,G00592,hard,0.664745032787323,0.6068302392959595,0.057914793491363525,4
U01020,G00882,¿ayudaste?,¿katu'pa'tula?,¿yennitater'a'cha?,U01785,G01584,medium,0.664745032787323,0.513395369052887,0.15134966373443604,34
U00636,G00531,eso funciona.,nana saka'tapalli,nana katu'patulli,U00220,G00172,hard,0.647775411605835,0.5343289375305176,0.11344647407531738,6
U00636,G00531,eso funciona.,nana saka'tapalli,nana katu'pa'tulli,U00888,G00760,medium,0.647775411605835,0.4839680790901184,0.16380733251571655,8
U03135,G02910,"ese sekputchek era bien miserable, no se conformaba con poquito.","nana sekputchek ima'ka nana aperku'tek ima, ñima luwanchi'ñi u'ñisha.","naneklima luna'tullina', ñi a'pinta' pur'i'ñina'.",U02560,G02335,hard,0.6561933755874634,0.5544911623001099,0.10170221328735352,3
U03135,G02910,"ese sekputchek era bien miserable, no se conformaba con poquito.","nana sekputchek ima'ka nana aperku'tek ima, ñima luwanchi'ñi u'ñisha.","iñer ima dullinen adipi, ukunpala'lli, ñi chipitekwi'ñi.",U02875,G02650,medium,0.6561933755874634,0.5023413300514221,0.15385204553604126,6
U01893,G01687,estamos divorciados.,yanpu'su' ñapallidek,kuda a'nañiechidek,U00941,G00809,hard,0.6164267659187317,0.5663700699806213,0.05005669593811035,30
U00434,G00351,tom sabe.,tom ñinchitapalli,tom saka'tulli,U00671,G00561,hard,0.722977340221405,0.671072781085968,0.05190455913543701,25
U02739,G02514,"al gobernante le dijeron,","wa'an wintullina',","ipa'la a'pinta' ñinchillintanna',",U02804,G02579,hard,0.6114132404327393,0.5596302151679993,0.05178302526473999,19
U02739,G02514,"al gobernante le dijeron,","wa'an wintullina',",sa'la'wenkasu' malek ima itudekllina':,U02525,G02300,medium,0.6114132404327393,0.45565125346183777,0.1557619869709015,51
U01793,G01592,¡huele rico!,¡iyasu' lanelliek!,¡embu'ni panger'ipa'!,U00953,G00820,hard,0.5468592643737793,0.4962467849254608,0.05061247944831848,19
U01596,G01407,¿estabas enfermo?,¿kaluwi'su' ñapawina?,¿pumuladawanpala?,U02232,G02007,hard,0.6513729095458984,0.5932269096374512,0.058145999908447266,11
U01596,G01407,¿estabas enfermo?,¿kaluwi'su' ñapawina?,¿musu'ñapawiñi?,U00927,G00796,medium,0.6513729095458984,0.5004186034202576,0.15095430612564087,47
U00570,G00474,¿es alto? (estatura - masculino),¿shipen a'cha?,¿tekinchi'cha?,U00579,G00481,hard,0.5406697392463684,0.4889993965625763,0.051670342683792114,18
U01554,G01366,tom vaciló.,tom si'lentulli,tom yamerladalli,U00666,G00556,hard,0.8643832802772522,0.8098007440567017,0.05458253622055054,32
U00265,G00212,usa esto.,pata'ker' asu',sek'diperku' asu',U00375,G00306,hard,0.6492944359779358,0.5719878673553467,0.07730656862258911,25
U00265,G00212,usa esto.,pata'ker' asu',linsercher' asek,U00412,G00332,medium,0.6492944359779358,0.498916357755661,0.15037807822227478,36
U02539,G02314,agua blanquísima y cristalina van a encontrar.,enpu'ni dadapudekshipa' enpu'ni pektudekshipa' kanenchuma'.,musenkek kekkilu'tek ima kunekchapallina'.,U02685,G02460,hard,0.44689255952835083,0.39533013105392456,0.05156242847442627,4
U02261,G02036,a nosotras mi padre ya no nos ha querido.,kudei'na ma'sha musu' kankanwapei'ñundek a'pinta' tatawek.,ñi'na ñiden kudaler yawinchi'ñidek latekchiñina'.,U02803,G02578,hard,0.5252490043640137,0.4650996923446655,0.060149312019348145,14
U02261,G02036,a nosotras mi padre ya no nos ha querido.,kudei'na ma'sha musu' kankanwapei'ñundek a'pinta' tatawek.,yaaurañini'ma arakayu luwanchiñi.,U02674,G02449,medium,0.5252490043640137,0.374798059463501,0.1504509449005127,44
U02091,G01873,déjame sentarme.,ta'itula'u du'echek,ta'itula'u pa'ak,U01144,G00997,hard,0.6463542580604553,0.5950380563735962,0.05131620168685913,10
U02091,G01873,déjame sentarme.,ta'itula'u du'echek,wiperi'u ikersu',U01375,G01200,medium,0.6463542580604553,0.4868348240852356,0.15951943397521973,30
U02378,G02153,maíz crudo molido también se hierve en otra olla.,chiter nanpi peksanpi nananta' ali'la uktak a'ukluka'lek.,pinter ima sekmu'lli papinku.,U02923,G02698,hard,0.49188050627708435,0.44047507643699646,0.05140542984008789,9
U03105,G02880,todos los hombres deberían ser como malallina.,nana malallinapu'wa'su' ñillin iñer enmu'pinen.,ku'apenñenleksa' musu' nanpillina' tatawek.,U02260,G02035,hard,0.5081182718276978,0.45767855644226074,0.05043971538543701,4
U03105,G02880,todos los hombres deberían ser como malallina.,nana malallinapu'wa'su' ñillin iñer enmu'pinen.,ipa'li'na ma'nen llillinlusi'pa' aku'llina'.,U03199,G02974,medium,0.5081182718276978,0.3578079640865326,0.15031030774116516,37
U03141,G02916,"viendo todas esas cosas, malallina dijo ¿esos dos hablantes de lengua española nos van a hacer todas esas cosas?",nanadaper imaka lli'an malallina tulli asu' katu'ta' ishpaña la'la' lunlusa' a'ta' kenmu'wa' utetchinerkenmu'wa'.,nanek waleksa' winterkenma' asu' malallina idenma'su' ispaña la'la'lusa'lek.,U03123,G02898,hard,0.585379421710968,0.502848744392395,0.082530677318573,2
U03141,G02916,"viendo todas esas cosas, malallina dijo ¿esos dos hablantes de lengua española nos van a hacer todas esas cosas?",nanadaper imaka lli'an malallina tulli asu' katu'ta' ishpaña la'la' lunlusa' a'ta' kenmu'wa' utetchinerkenmu'wa'.,"nana wa'lata'masui'na tusu' tusu' nu'aterwa', nana malek i'na nasu'ku' wilalusa' nasu' tullima ala'sa' taserpi.",U02869,G02644,medium,0.585379421710968,0.4314790666103363,0.1539003551006317,8
U02044,G01828,te premiaré.,panuerken,a'uktuwu,U01518,G01333,hard,0.5504391193389893,0.4770776033401489,0.07336151599884033,8
U02044,G01828,te premiaré.,panuerken,kana'lliu,U01802,G01599,medium,0.5504391193389893,0.40021657943725586,0.1502225399017334,51
U02045,G01828,te recompensaré.,panuerken,dei'techuner'ku,U02138,G01918,hard,0.47878867387771606,0.4267052412033081,0.05208343267440796,14
U02513,G02288,ya el verano empezó. ¡vamos a pescar muchachos y muchachas! les dijo.,"ipa' ekkilala pilli'ncha'lli. ¡enchuku' pur'awa' nadi'neklusa', wilalunlusa'! itudekllima.","¡nantapiku'la', nasu'ku', wilalusa'! itudekllima.",U02946,G02721,hard,0.6547293066978455,0.576797366142273,0.07793194055557251,2
U02513,G02288,ya el verano empezó. ¡vamos a pescar muchachos y muchachas! les dijo.,"ipa' ekkilala pilli'ncha'lli. ¡enchuku' pur'awa' nadi'neklusa', wilalunlusa'! itudekllima.",unkuenñan pek kua'palli. ¡llisanala nu'tu'ku'!,U03069,G02844,medium,0.6547293066978455,0.49092185497283936,0.1638074517250061,6
U00196,G00151,estoy perfectamente.,u'chimuinchi ñapalek,yunsansu' ñapalek,U00036,G00031,hard,0.5787990093231201,0.5274717211723328,0.051327288150787354,19
U03173,G02948,entonces el cura ha traído santitos chiquititos.,nanek imi'na pacher kelli u'ñishala shanchushala.,naneklima asu' ali'lima panta'lli.,U03183,G02958,hard,0.5839168429374695,0.5329574346542358,0.05095940828323364,11
U02778,G02553,somos víctimas de (la ira de) arákayu.,arakayu nenchullinerkenmu'wa'.,lawinñini'ma arakayu.,U02656,G02431,hard,0.7064138054847717,0.5949800610542297,0.11143374443054199,2
U02778,G02553,somos víctimas de (la ira de) arákayu.,arakayu nenchullinerkenmu'wa'.,nu'ak kua' insekluten'apalekwa'.,U02779,G02554,medium,0.7064138054847717,0.5539134740829468,0.15250033140182495,6
U01637,G01447,¡estás bromeando!,¡si'lentapala!,¡ipia'lasha!,U00072,G00054,hard,0.7267829179763794,0.6557725071907043,0.07101041078567505,4
U01637,G01447,¡estás bromeando!,¡si'lentapala!,¡mupencha!,U00512,G00423,medium,0.7267829179763794,0.5749143362045288,0.15186858177185059,10
U00812,G00688,soy mujer.,ku'aper nuka'ka,ñidenkinpu' nuka'ka,U00824,G00700,hard,0.695739209651947,0.6388996839523315,0.05683952569961548,27
U00812,G00688,soy mujer.,ku'aper nuka'ka,ukapisha ñapalek,U00214,G00166,medium,0.695739209651947,0.5347225666046143,0.16101664304733276,43
U01878,G01672,"¡tom, respóndeme!","¡tom, na'piu!","yuyu'lusa', ¡da'kerku' u'ku!",U03060,G02835,medium,0.8367171287536621,0.5842956900596619,0.25242143869400024,2
U00972,G00838,se desmayó.,muisu' kankatulli,pulunker'apawiñi,U01798,G01596,hard,0.602754533290863,0.5516915321350098,0.05106300115585327,34
U01389,G01214,estoy estornudando.,a'shupalek,llinserchapalek,U01110,G00967,hard,0.6694136261940002,0.6179748773574829,0.051438748836517334,21
U02851,G02626,"si hay tigre se lo mata, si hay anaconda de altura a esa también se la mata.","amana' ñichu di'tawa', ali'la erpilu' kupiwan ñipachi nananta' di'tawa'.","naneklima ali'la musun pa'an, sekllintan ima simana' ima sekllintullina'.",U02958,G02733,hard,0.42533621191978455,0.3672448694705963,0.05809134244918823,11
U02559,G02334,cuentan que así sucedió hace mucho tiempo.,nu'sui'ma napi' nakulli.,nu'su'sa' ñillina' napi'.,U03145,G02920,hard,0.6007998585700989,0.550067126750946,0.05073273181915283,3
U02559,G02334,cuentan que así sucedió hace mucho tiempo.,nu'sui'ma napi' nakulli.,a'pinta' tupichina' nawa'.,U02293,G02068,medium,0.6007998585700989,0.4506998360157013,0.15010002255439758,26
U01728,G01530,ni idea.,ninchichi'nek,ku'la tupiapi'nek,U01717,G01520,hard,0.48291781544685364,0.43003854155540466,0.052879273891448975,31
U00076,G00190,él vino.,nana uk'lli,nana nakulli,U00837,G00713,hard,0.571679413318634,0.5185821652412415,0.05309724807739258,10
U00076,G00190,él vino.,nana uk'lli,a'pinta' luwantulli,U01372,G01197,medium,0.571679413318634,0.41468921303749084,0.1569902002811432,29
U00240,G00190,ella vino.,nana uk'lli,nana lunñi,U00164,G00122,hard,0.6334268450737,0.5720376372337341,0.06138920783996582,8
U00240,G00190,ella vino.,nana uk'lli,"nanek wetlli,",U02723,G02498,medium,0.6334268450737,0.4807538390159607,0.15267300605773926,19
U00810,G00686,soy turca.,turka nuka'ka,koreano nuka'ka,U00554,G00459,medium,0.8878694176673889,0.6892167329788208,0.19865268468856812,2
U03092,G02867,"nuestro pueblo, los que viven en el barrio bajo, van a pandillar por el barrio bajo; los que viven por el barrio alto, por el barrio alto, dijeron.","ñinanlu'mapu'wa', chilenkek ña'su', chilenllupa' chu'kenetchu; winenllupa' ña'su', winenllupa', tanni'ma.","ishpañakla nananta', katu'daper i'la shiwilu la'la', inka' la'la' lui'nta'ser, lachekllini'mi'na.",U03132,G02907,hard,0.5612798929214478,0.5085071325302124,0.05277276039123535,20
U00367,G00298,es tarde.,er'wa nuka'a,etiope nuka'a,U01990,G01776,hard,0.49798280000686646,0.44106560945510864,0.05691719055175781,8
U00965,G00831,¿quién viene?,¿den u'apilelli?,¿shipen a'cha?,U00570,G00474,hard,0.581902265548706,0.5304210782051086,0.05148118734359741,15
U00965,G00831,¿quién viene?,¿den u'apilelli?,¿ma'pu'su' ta'wantechu?,U01996,G01782,medium,0.581902265548706,0.4315532445907593,0.15034902095794678,43
U01595,G01406,¿te dispararon?,¿ilañiner'ken?,¿naektu'kellia?,U00718,G00602,hard,0.7241504788398743,0.6668422222137451,0.05730825662612915,2
U01595,G01406,¿te dispararon?,¿ilañiner'ken?,¿shipenlusa' nuker'ka?,U01308,G01139,medium,0.7241504788398743,0.5737859606742859,0.15036451816558838,21
U01643,G01453,¿estoy calificado para el trabajo?,¿mupalek saka'tunanki?,¿yennitaterwa tupitak?,U01657,G01464,hard,0.5948819518089294,0.5393447875976562,0.05553716421127319,6
U01643,G01453,¿estoy calificado para el trabajo?,¿mupalek saka'tunanki?,¿yennitula ek'ker'cha'mak?,U01956,G01746,medium,0.5948819518089294,0.44268518686294556,0.1521967649459839,31
U01169,G01019,¡qué vergüenza!,¡dakuta'lek!,¡peklu'u ma'isik!,U01329,G01157,hard,0.5163421034812927,0.4646550714969635,0.051687031984329224,35
U00516,G00427,¡estoy feliz!,¡musu' nampipalek!,¡musu' kankanchi'nek!,U00510,G00421,hard,0.6339887976646423,0.5783661007881165,0.05562269687652588,7
U00516,G00427,¡estoy feliz!,¡musu' nampipalek!,¡ipia'lasha!,U00072,G00054,medium,0.6339887976646423,0.4764402508735657,0.15754854679107666,35
U00814,G00690,estoy bailando.,lansa'palek,yalansa'lek,U02026,G01811,hard,0.6754695177078247,0.6235039830207825,0.051965534687042236,11
U00194,G00149,soy justo. (soy bueno),mukankanku',musu' ñape'chek,U02038,G01822,hard,0.48482221364974976,0.42799171805381775,0.05683049559593201,37
U02256,G02031,después vivendo (solo) nuevamente mi padre encontró otra mujer.,nanekla nanapu'si'la nanpipan tatawek ali'la ku'aper kanañi.,ipa'linchi itudeklli asi'na anaka'llina'.,U02922,G02697,hard,0.5462207794189453,0.48033905029296875,0.06588172912597656,4
U02256,G02031,después vivendo (solo) nuevamente mi padre encontró otra mujer.,nanekla nanapu'si'la nanpipan tatawek ali'la ku'aper kanañi.,nanek da'an lli'itulli dinlupinen.,U02827,G02602,medium,0.5462207794189453,0.39502695202827454,0.15119382739067078,26
U01570,G01381,tenemos planes.,a'ñapallidek ma'nen'un'ta' nu'tak,a'ñapallidek dudimpu' nu'ta'kawa'su',U00696,G00583,hard,0.5534190535545349,0.5030180215835571,0.05040103197097778,15
U02112,G01893,repítemelo.,itununta'u,keritu'u,U01650,G01459,hard,0.662608802318573,0.6094289422035217,0.05317986011505127,18
U02112,G01893,repítemelo.,itununta'u,dunker'echek,U02043,G01827,medium,0.662608802318573,0.5118775367736816,0.15073126554489136,47
U02555,G02330,"(el jefe) hizo reunir a los policías, y cuando se reunieron les mandó que se vayan a ver y ellos vieron.","wala'wanlusi'ma a'idiuntundek'an, indiuntunser a'panta'deklli lli'unta'llina'.","naneklima ali'la musun pa'an, sekllintan ima simana' ima sekllintullina'.",U02958,G02733,hard,0.596843957901001,0.5440919995307922,0.05275195837020874,6
U02555,G02330,"(el jefe) hizo reunir a los policías, y cuando se reunieron les mandó que se vayan a ver y ellos vieron.","wala'wanlusi'ma a'idiuntundek'an, indiuntunser a'panta'deklli lli'unta'llina'.","nanek ima chi'yek'erkasu' tekka'erkasu' ima, pa'llima mutupilupa' yananpinna', nanpikuñina'.",U03085,G02860,medium,0.596843957901001,0.4452555477619171,0.15158841013908386,33
U00142,G00103,anímate.,nanta'piker,anu'ker',U00149,G00109,hard,0.590553879737854,0.5399842262268066,0.05056965351104736,10
U02315,G02090,llevándolo ella también que enseñe por otros lugares,"ekpanta'n nananta' a'lekchii, a'lektan nanalupa'",itudek'an ima a'da'dekan ima itudeklli.,U03062,G02837,hard,0.5302752256393433,0.45614051818847656,0.0741347074508667,2
U02315,G02090,llevándolo ella también que enseñe por otros lugares,"ekpanta'n nananta' a'lekchii, a'lektan nanalupa'",nu'si'ma nanpillina' enpu'dun ekkilalei'pa'.,U03094,G02869,medium,0.5302752256393433,0.37790608406066895,0.15236914157867432,17
U00567,G00471,tengo sueño.,yawichi'lek,yawichi'winek,U01091,G00950,hard,0.686324954032898,0.6346940398216248,0.05163091421127319,15
U02580,G02355,"jeberos, julio 2007","yuspainek'etchun, senñula'lusa'. muchas gracias, señoras.","ishpañakla nananta', katu'daper i'la shiwilu la'la', inka' la'la' lui'nta'ser, lachekllini'mi'na.",U03132,G02907,hard,0.29537492990493774,0.2446880042552948,0.050686925649642944,19
U02492,G02267,con mi hermana mayor nomás me quedé.,kaikshawekleksa' llia'lek.,madupu'su' dekkuntuwiñi.,U02462,G02237,hard,0.520847499370575,0.46998658776283264,0.05086091160774231,35
U02388,G02163,ahí se enfría sola.,nanek sanek'i nanasa'.,nanek tawetchulli.,U02830,G02605,hard,0.5627316832542419,0.5067610144615173,0.05597066879272461,6
U02388,G02163,ahí se enfría sola.,nanek sanek'i nanasa'.,ku'apenñen nanpipalli tan ima.,U02967,G02742,medium,0.5627316832542419,0.4118085205554962,0.15092316269874573,27
U01110,G00967,estoy pintando.,llinserchapalek,kua katu'patulek,U01395,G01219,hard,0.6442112922668457,0.5932958126068115,0.05091547966003418,41
U01445,G01263,cogeré uno.,maechek alasa',du'ker' nanek,U00414,G00334,hard,0.5143117904663086,0.4626414179801941,0.0516703724861145,21
U02780,G02555,"los niños no conocen el paiche,","wilalusa' luwetchi'ñina' unma',","iñer ñinchita'kudeksu' napi'ku'lusa'ki,",U02306,G02081,hard,0.7441611289978027,0.6470584869384766,0.09710264205932617,7
U02780,G02555,"los niños no conocen el paiche,","wilalusa' luwetchi'ñina' unma',","mukankinpu'lusa' uksu'ketchina',",U02731,G02506,medium,0.7441611289978027,0.5884955525398254,0.1556655764579773,15
U01392,G01216,los llamé.,peklu'deklek,ilulek,U01727,G01529,hard,0.6286724209785461,0.5784131288528442,0.050259292125701904,31
U03139,G02914,las viejitas lloraban de hambre.,amilusi'ma' willekllina' ukki'lanna'.,kenmami'na llumallunku'lupa' lomas.,U03165,G02940,hard,0.5835877656936646,0.5185858607292175,0.06500190496444702,12
U03139,G02914,las viejitas lloraban de hambre.,amilusi'ma' willekllina' ukki'lanna'.,ku'apenñenleksa' musu' nanpillina' tatawek.,U02260,G02035,medium,0.5835877656936646,0.4313865602016449,0.15220120549201965,33
U00137,G00098,apártate.,paker' ñilupa',cheksu' ñiker',U01029,G00890,hard,0.6547641158103943,0.6000514030456543,0.05471271276473999,6
U00649,G00541,tom llamó.,tom peklu'tulli,tom indek'lli,U00659,G00549,hard,0.9016487002372742,0.8399160504341125,0.06173264980316162,24
U00649,G00541,tom llamó.,tom peklu'tulli,tomas dek'lli,U00437,G00354,medium,0.9016487002372742,0.7442079186439514,0.15744078159332275,48
U03162,G02937,"donde llumallun hemos ido a vivir, así dijo el otro.","llumallunkek ñikuñidek, tullima nana ali'la.","naneklima ali'la musun pa'an, sekllintan ima simana' ima sekllintullina'.",U02958,G02733,hard,0.5146934390068054,0.45966339111328125,0.05503004789352417,6
U00599,G00498,¡déjame salir!,¡ta'itula'u yunsue'chek!,¡yawichi'lek!,U00566,G00470,hard,0.6111197471618652,0.5597658157348633,0.05135393142700195,12
U00599,G00498,¡déjame salir!,¡ta'itula'u yunsue'chek!,¡yuspeinet'echun!,U00859,G00735,medium,0.6111197471618652,0.4564286768436432,0.15469107031822205,35
U03154,G02929,"otros se han ido a quedar en un, este, pasto llamado chota.","ali'lima llia'kuñi ala'sa', ma'i, panpateklu' ima llillinen chota.","tusik ima ipa' tulli ipa' mulli'chinpu'a'ser enchuku' adanta'wa', tullima.",U03137,G02912,hard,0.4799298048019409,0.41466760635375977,0.06526219844818115,10
U01677,G01483,¿te gusta?,¿iyatula?,¿lli'tapala?,U01939,G01729,hard,0.6305627226829529,0.5783767104148865,0.052186012268066406,8
U01149,G01002,escuchemos.,lauk'tawa',lun'awa',U00602,G00504,hard,0.7174775004386902,0.6316345930099487,0.08584290742874146,4
U01149,G01002,escuchemos.,lauk'tawa',tantenlek'wa',U00689,G00576,medium,0.7174775004386902,0.5526356101036072,0.164841890335083,19
U03174,G02949,"allí, dice, a manuel, daniel, policarpo, pánfilo, después francisco, después, este, pancho, después había fidel, los puso en fila.","nanek ima mañer, dañer, pullikariu ma'i panfilo, nanek ima ransisko, nanek ima asu', ma'i, asu' pancho, nanek ima ñilli asu' pidir aku'llima da'kanchineksu'.","nanek ima dasu'la yunsa'n a'uluntulli, tekkinchima nanekla yunkelli iyun, tunka, etchu, dudinpu' lli'la muinpu'a'su'.",U02956,G02731,hard,0.7469139099121094,0.6347350478172302,0.11217886209487915,2
U03174,G02949,"allí, dice, a manuel, daniel, policarpo, pánfilo, después francisco, después, este, pancho, después había fidel, los puso en fila.","nanek ima mañer, dañer, pullikariu ma'i panfilo, nanek ima ransisko, nanek ima asu', ma'i, asu' pancho, nanek ima ñilli asu' pidir aku'llima da'kanchineksu'.","nu'unta' ima lanpi'tasu' nana pendalu' penlu'pasu'. nanekla ima ñilli kuwer', tuner, dudinpu' kaluwi' ñilli merpimapu'wek tullina'.",U02957,G02732,medium,0.7469139099121094,0.5812545418739319,0.1656593680381775,6
U01436,G01256,lo llamaré.,peclu'echek,lunnek,U00771,G00648,hard,0.5953139662742615,0.5436588525772095,0.051655113697052,33
U01291,G01122,estás loco.,wa'danpintek ñapala,lu'uktutek'ken ñiker,U00996,G00859,hard,0.5024921298027039,0.44531601667404175,0.05717611312866211,50
U00318,G00254,puedo correr.,yen'nitulek teka'ak',iyatulek kana'tak,U01730,G01532,hard,0.6388964653015137,0.5832712054252625,0.05562525987625122,3
U00318,G00254,puedo correr.,yen'nitulek teka'ak',luwantulek dek',U01077,G00936,medium,0.6388964653015137,0.4766615331172943,0.16223493218421936,14
U01510,G01325,sigamos adelante.,tupi'wa' ekter'lupa',saka'techu watensu',U01629,G01440,hard,0.5750373601913452,0.5221371650695801,0.05290019512176514,5
U01510,G01325,sigamos adelante.,tupi'wa' ekter'lupa',insek'dipersu' ñapaker',U00721,G00605,medium,0.5750373601913452,0.42476075887680054,0.15027660131454468,21
U00361,G00292,funcionó.,saka'tulli,dekundunlli,U00410,G00331,hard,0.6583090424537659,0.5834482908248901,0.07486075162887573,6
U00361,G00292,funcionó.,saka'tulli,a'pa'deklli.,U02910,G02685,medium,0.6583090424537659,0.5042622685432434,0.15404677391052246,20
U02024,G01809,despierto temprano.,nanpiladapalek shampasik,ñapawiñi kawik,U01847,G01642,hard,0.41838324069976807,0.36528533697128296,0.05309790372848511,40
U03137,G02912,"así dice, cuando no podían ver bien en la noche, vamos a regresar, decía (sekputchek).","tusik ima ipa' tulli ipa' mulli'chinpu'a'ser enchuku' adanta'wa', tullima.","ipa'la asu' kai kua wei ñinanlukla weklli, senñula'.",U02278,G02053,hard,0.5581002831459045,0.49536824226379395,0.0627320408821106,2
U03137,G02912,"así dice, cuando no podían ver bien en la noche, vamos a regresar, decía (sekputchek).","tusik ima ipa' tulli ipa' mulli'chinpu'a'ser enchuku' adanta'wa', tullima.","ínkatu' uklli nakusik, deksik, ullidek.",U02390,G02165,medium,0.5581002831459045,0.4043096601963043,0.15379062294960022,11
U01808,G01605,olvídalo ya.,ipa' pinanerker',ekpa'ker' asu',U00471,G00386,hard,0.42726340889930725,0.3736225366592407,0.05364087224006653,17
U01255,G01091,estamos perdiendo.,wer'apallidek,lachek'apallidek,U01575,G01386,hard,0.720325231552124,0.6660887002944946,0.054236531257629395,4
U01255,G01091,estamos perdiendo.,wer'apallidek,yanpu'su' ñapallidek,U01893,G01687,medium,0.720325231552124,0.5697944760322571,0.15053075551986694,36
U02576,G02351,"cuando era niño me acercaba, sentándome cerca les escuchaba contar. 6 se expresa en shiwilu como late nuestro hígado.","wilaku ñamu kawitulek, du'pa'tamu laweklek lunpa'ser.",iya'linchi muinchi kua insekluten'amu wilaweklusa' a'ñinchillintudeklek.,U02497,G02272,hard,0.4323979914188385,0.3820100426673889,0.050387948751449585,10
U02018,G01803,pedí pizza.,pizza lektulek,kerlliek vinu',U01712,G01515,medium,0.7519412636756897,0.5250138640403748,0.22692739963531494,2
U02190,G01970,¿qué falta?,¿ma'nenpawanpalli?,¿den'katu'pa'tulli?,U02194,G01973,hard,0.5878589749336243,0.5366626381874084,0.05119633674621582,7
U02190,G01970,¿qué falta?,¿ma'nenpawanpalli?,¿a'pe'chapala?,U01938,G01728,medium,0.5878589749336243,0.4377267360687256,0.15013223886489868,49
U00437,G00354,tomás votó.,tomas dek'lli,chuma wa'tentulli,U00669,G00559,hard,0.6756055355072021,0.597680389881134,0.07792514562606812,5
U00437,G00354,tomás votó.,tomas dek'lli,tom yunsu'lli,U00259,G00206,medium,0.6756055355072021,0.5240716338157654,0.15153390169143677,12
U03164,G02939,"en base a eso, entonces, el cura le puso (el nombre) ustedes son maka, maka15 les pusieron.","naneklima ipa'linchi pacherler aku'lli kenmami'na makanma', maka aku'deklli.","ipa'linchi nawa' ektu'na' palenñantullina', puñañin llisantullina'.",U02516,G02291,hard,0.4811021089553833,0.4306837022304535,0.05041840672492981,7
U02258,G02033,pero a mí ya no me quería bien mi padre.,kui'na a'pinta' musu' eknanpi'ñu tatawek.,tanak pa'an tatawek ilantulli.,U02485,G02260,hard,0.6308792233467102,0.5572491884231567,0.07363003492355347,5
U02258,G02033,pero a mí ya no me quería bien mi padre.,kui'na a'pinta' musu' eknanpi'ñu tatawek.,a'llupima ñiwiñi napi' lanla' pitun.,U02832,G02607,medium,0.6308792233467102,0.478355348110199,0.15252387523651123,21
U02167,G01947,hablamos francés.,lumpallidek frances,ñinchitapallidek frances,U02168,G01948,hard,0.7154673337936401,0.6654496788978577,0.05001765489578247,2
U02167,G01947,hablamos francés.,lumpallidek frances,frances nuka'ka,U00553,G00458,medium,0.7154673337936401,0.43184810876846313,0.283619225025177,5
U01433,G01253,seré breve.,wiuksu' ñin'chek,a'shulek wapu',U01739,G01541,hard,0.6093753576278687,0.5537322163581848,0.05564314126968384,3
U01433,G01253,seré breve.,wiuksu' ñin'chek,sanek'wantuwinek,U00775,G00652,medium,0.6093753576278687,0.45573100447654724,0.1536443531513214,19
U00695,G00582,trabajaremos.,saka'taterwa',teka'per'aterwa',U00690,G00577,hard,0.6362180113792419,0.5844234824180603,0.05179452896118164,9
U03062,G02837,diciéndoles así les ha hecho entrar y les dijo.,itudek'an ima a'da'dekan ima itudeklli.,kala ekkilala ima uketlli.,U02552,G02327,hard,0.5238160490989685,0.4734022319316864,0.050413817167282104,11
U03049,G02824,para que mis hijos y los hijos de todos nosotros lo lean y que ellos también conozcan.,"wilawek wilamapu'wa'lusa' lli'erkek, nawa'nta' luwetcherkek.","ta'ser kuanta' wilaku ñamu lawektulek, ipa'la winta'pallenma'.",U03146,G02921,hard,0.5894006490707397,0.532650351524353,0.05675029754638672,2
U03049,G02824,para que mis hijos y los hijos de todos nosotros lo lean y que ellos también conozcan.,"wilawek wilamapu'wa'lusa' lli'erkek, nawa'nta' luwetcherkek.",nanadaper tekkinchinen luñina' taserpilusa' pantanna' lauk'erkasu'.,U02573,G02348,medium,0.5894006490707397,0.4360044598579407,0.15339618921279907,21
U00450,G00366,después veremos.,nanekla lli'aterwa',ipa'la ta'itula'u'kudek,U01157,G01009,hard,0.6114444136619568,0.5457413792610168,0.06570303440093994,3
U00450,G00366,después veremos.,nanekla lli'aterwa',nanek ñapaterwa',U01889,G01683,medium,0.6114444136619568,0.45213738083839417,0.15930703282356262,5
U01331,G01159,¿puedo tenerlo?,¿yennitulek a'ñak?,¿yennitulek katupa'tak?,U01333,G01161,hard,0.7439779043197632,0.6925607323646545,0.05141717195510864,2
U01331,G01159,¿puedo tenerlo?,¿yennitulek a'ñak?,¿luantulek ala'sa'?,U01343,G01171,medium,0.7439779043197632,0.5640696287155151,0.17990827560424805,15
U00432,G00349,tomás condujo.,tomas ekpa'lli,chuma peklu'tulli,U00663,G00553,hard,0.6968398690223694,0.607335090637207,0.08950477838516235,3
U00432,G00349,tomás condujo.,tomas ekpa'lli,tom nakusu' a'teka'lli,U02152,G01932,medium,0.6968398690223694,0.5400442481040955,0.15679562091827393,6
U00739,G00619,¿juegas boliche?,¿indekllitapala bulichi?,¿yennitula lauk'a'muk?,U01952,G01742,hard,0.6646109819412231,0.5712307095527649,0.09338027238845825,2
U00739,G00619,¿juegas boliche?,¿indekllitapala bulichi?,¿pumuladawanpala?,U02232,G02007,medium,0.6646109819412231,0.5145332217216492,0.15007776021957397,3
U00890,G00762,¡allá está!,¡nanek ñapalli!,¡ta'ituler' pa'i!,U00597,G00496,hard,0.6264330148696899,0.5023300051689148,0.12410300970077515,2
U00890,G00762,¡allá está!,¡nanek ñapalli!,¡ipia'lasha!,U00072,G00054,medium,0.6264330148696899,0.46518370509147644,0.1612493097782135,5
U02974,G02749,"entonces, dice que había uno que entendía la lengua shiwilu.",da'ilek ala'si'mi'na lachik'apalli asu' shiwilu la'la'.,nana chu'kenpa'tapasik mitan ukllik'inchi sellawalusa' chu'kenapallina'.,U02684,G02459,hard,0.57144695520401,0.5211988091468811,0.050248146057128906,15
U01960,G01750,¿me oíste?,¿lauk'lun?,¿chimiñi?,U00569,G00473,hard,0.6474120616912842,0.5864930152893066,0.06091904640197754,11
U02866,G02641,"en la mañana, cuando salgan (de su mosquitero), todos ustedes cuenten qué han soñado.","dasu'la yunsa'nma', lunku' ma'pu'sui'pa' wa'latulama'.",nu'apileklima kencha'llina' inalupa' ku'apellusa' kullikerwanlusa'.,U03019,G02794,hard,0.4931296110153198,0.44297531247138977,0.050154298543930054,8
U00038,G00032,escuché.,lau'tulek,dunker'echek,U02043,G01827,hard,0.7665112018585205,0.6967653632164001,0.06974583864212036,7
U00038,G00032,escuché.,lau'tulek,awer'lek,U00524,G00434,medium,0.7665112018585205,0.6123685836791992,0.1541426181793213,37
U01984,G01771,todos sonrieron.,iñer'daper yamerladallina',muisu' kankantullina,U00970,G00836,hard,0.5465272068977356,0.4797283709049225,0.06679883599281311,2
U01984,G01771,todos sonrieron.,iñer'daper yamerladallina',iñer'daper' mallia'llina',U01983,G01770,medium,0.5465272068977356,0.39322710037231445,0.15330010652542114,24
U00893,G00765,bailaron.,lansa'llina',da'pañina',U01195,G01036,hard,0.7004691958427429,0.6308268308639526,0.06964236497879028,5
U00893,G00765,bailaron.,lansa'llina',lek'kllina',U01856,G01650,medium,0.7004691958427429,0.5486975908279419,0.15177160501480103,28
U02323,G02098,el shiwilu que yo hablo no lo saben.,shiwilu lu'nkasu' ñinchichi'ñina'.,ñi wilanwanpa'tamu ñi'nek.,U02436,G02211,hard,0.5941542983055115,0.5251312851905823,0.0690230131149292,2
U02323,G02098,el shiwilu que yo hablo no lo saben.,shiwilu lu'nkasu' ñinchichi'ñina'.,ñienkasu' wilaweklusa' lachek'i'ñina'.,U02299,G02074,medium,0.5941542983055115,0.4409956634044647,0.15315863490104675,9
U00698,G00797,estamos acá.,asek ñapallidek,tupitawa',U01823,G01619,hard,0.7067705392837524,0.6322112083435059,0.07455933094024658,5
U00698,G00797,estamos acá.,asek ñapallidek,pekuipi ñapalidek,U00944,G00812,medium,0.7067705392837524,0.5512186288833618,0.15555191040039062,11
U00762,G00797,aquí estamos.,asek ñapallidek,adipi ka'awa',U01502,G01318,hard,0.7798514366149902,0.6548996567726135,0.12495177984237671,4
U00762,G00797,aquí estamos.,asek ñapallidek,asek' ñapalli,U00506,G00418,medium,0.7798514366149902,0.612073540687561,0.1677778959274292,5
U00928,G00797,estamos aquí.,asek ñapallidek,neriawa' asek,U02103,G01884,hard,0.7968779802322388,0.6663221716880798,0.13055580854415894,4
U00928,G00797,estamos aquí.,asek ñapallidek,weranwa' asek,U01824,G01620,medium,0.7968779802322388,0.6413357257843018,0.155542254447937,7
U00164,G00122,él habló.,nana lunñi,u'lanñi,U00359,G00290,hard,0.5216284394264221,0.4712711274623871,0.050357311964035034,14
U00164,G00122,él habló.,nana lunñi,tom lli'inutulli,U01875,G01669,medium,0.5216284394264221,0.3677608370780945,0.15386760234832764,50
U02141,G01921,están discutiendo.,inyutapallina',na'pitechuna',U02140,G01920,hard,0.5972577333450317,0.49650299549102783,0.1007547378540039,4
U02141,G01921,están discutiendo.,inyutapallina',tupituku' inpalerianma',U02087,G01869,medium,0.5972577333450317,0.4447300434112549,0.15252768993377686,28
U02326,G02101,y han olvidado la lengua shiwilu.,ipa'li'na shiwilu la'la' pinanetllina'.,shiwilu lu'nkasu' ñinchichi'ñina'.,U02323,G02098,hard,0.6402343511581421,0.5868180394172668,0.053416311740875244,3
U02326,G02101,y han olvidado la lengua shiwilu.,ipa'li'na shiwilu la'la' pinanetllina'.,shiwilu la'la'mapu'wa' u'chimusha.,U02396,G02171,medium,0.6402343511581421,0.4713202714920044,0.1689140796661377,6
U01885,G01679,deberíamos ayudar.,katu'pa'tuwinansu',kenmu'sak lli'i'nupalekwa',U01586,G01397,hard,0.571459949016571,0.5152110457420349,0.05624890327453613,30
U01265,G01100,eres bueno.,u'chimu nuka'ma,musu' sek'kaperechuner'ken,U01344,G01172,hard,0.6086128354072571,0.5513085722923279,0.0573042631149292,12
U01265,G01100,eres bueno.,u'chimu nuka'ma,tasellun ñapala,U00713,G00599,medium,0.6086128354072571,0.45697689056396484,0.15163594484329224,44
U02987,G02762,"de ahí ya no quisieron hilar, ya no desmotaban el algodón, ya no hacían ovillo.","nanekla ñi a'pinta' yapitetchi'ñina', ñi ananchi'ñina', ñi asu' pankuellinchi'ñina'.","asu' mukankinpu'lusa', ñi a'pinta' ma'winpu'pachina', tada ilakapi ka'achuna'.",U02762,G02537,hard,0.6084893345832825,0.5577046871185303,0.0507846474647522,5
U02987,G02762,"de ahí ya no quisieron hilar, ya no desmotaban el algodón, ya no hacían ovillo.","nanekla ñi a'pinta' yapitetchi'ñina', ñi ananchi'ñina', ñi asu' pankuellinchi'ñina'.","du'anna', wa'inutanna', nerpi'pu' ñiper'dekllina' nana pa'lusa'.",U03016,G02791,medium,0.6084893345832825,0.4584745466709137,0.15001478791236877,29
U03008,G02783,"una vez que las vendían, (los hermanos) se escondían y las abandonaban, se venían (a jeberos) dejándolas.","uku'latudek'anna', insekkilapidek'anna', uk'lapincha'dekllina' nana.","ipa'linchi nawa' ektu'na' palenñantullina', puñañin llisantullina'.",U02516,G02291,hard,0.6167362332344055,0.5652791857719421,0.05145704746246338,9
U03008,G02783,"una vez que las vendían, (los hermanos) se escondían y las abandonaban, se venían (a jeberos) dejándolas.","uku'latudek'anna', insekkilapidek'anna', uk'lapincha'dekllina' nana.","nanek ukllinantanna', ali'la uklli ukllinantununta'nna' tullina' yadanta'llidek.",U02982,G02757,medium,0.6167362332344055,0.4661811292171478,0.1505551040172577,35
U03073,G02848,"tal vez querrás estar viendo que a tu esposa, a tu hija, a tus hijos varones los estén azotando.","nanipa' luwantula' yalli'apalinpa' sadanpen, teklapinpen, erkunpenlusa' llipu'taperkasu'.","nawi'mi'na' panta'nna', ala'lusa', sekllintanni'ma panta'nna', lli'llini'ma mu'katapasik.",U02583,G02358,hard,0.5535404086112976,0.48899391293525696,0.06454649567604065,3
U03073,G02848,"tal vez querrás estar viendo que a tu esposa, a tu hija, a tus hijos varones los estén azotando.","nanipa' luwantula' yalli'apalinpa' sadanpen, teklapinpen, erkunpenlusa' llipu'taperkasu'.","malallineima ñañashasa', ukllilek dekpilli'lek, uklulu' nu'ta'n, iñer pideknen a'muetchan,",U03058,G02833,medium,0.5535404086112976,0.4019125699996948,0.15162783861160278,39
U00474,G00389,ven solo.,wenller' kenmasa',wenller' dasu'la,U00476,G00391,hard,0.545552670955658,0.48592081665992737,0.05963185429573059,4
U00474,G00389,ven solo.,wenller' kenmasa',ta'ituler' pa'i,U01143,G00996,medium,0.545552670955658,0.39551645517349243,0.15003621578216553,37
U01261,G01097,¿quién desapareció?,¿den wer'lli?,¿den inllipu'iteklatulli?,U00963,G00829,hard,0.6874831318855286,0.6308001279830933,0.0566830039024353,5
U01261,G01097,¿quién desapareció?,¿den wer'lli?,¿den uk'lli?,U00274,G00220,medium,0.6874831318855286,0.5266119241714478,0.1608712077140808,22
U03069,G02844,ahí está echado un shungo (palo sangre). ¡hagan mazos.,unkuenñan pek kua'palli. ¡llisanala nu'tu'ku'!,- panuudek sametchapen. uki'lallidek.,U02611,G02386,hard,0.5119128823280334,0.4524395167827606,0.05947336554527283,5
U03069,G02844,ahí está echado un shungo (palo sangre). ¡hagan mazos.,unkuenñan pek kua'palli. ¡llisanala nu'tu'ku'!,ali'lima llia'lli ma'i mutupik.,U03153,G02928,medium,0.5119128823280334,0.3521489202976227,0.15976396203041077,18
U01873,G01667,falta tomás.,pawanpalli chuma,a'penu'wa' cometas,U02097,G01878,hard,0.4426761269569397,0.39100590348243713,0.051670223474502563,38
U00066,G00050,largo,shin,kishu,U00283,G00228,hard,0.5805212259292603,0.5270905494689941,0.05343067646026611,7
U00066,G00050,largo,shin,muuklli,U01036,G00897,medium,0.5805212259292603,0.42623794078826904,0.1542832851409912,17
U01080,G00939,lo llamé.,pekklu'lek,dunker'echek,U02043,G01827,hard,0.7187369465827942,0.6680471897125244,0.050689756870269775,18
U03106,G02881,"hubiéramos extinguido a todos los de habla española,","nana asu' ishpaña la'la'lunlusa' lliketchudeknanta'ser,","enchuku' nermuda' luwetchawa' kenmu'wa'nta',",U02835,G02610,hard,0.6452699303627014,0.5949533581733704,0.050316572189331055,5
U03106,G02881,"hubiéramos extinguido a todos los de habla española,","nana asu' ishpaña la'la'lunlusa' lliketchudeknanta'ser,","tanpen mudei'ma shipen,",U02735,G02510,medium,0.6452699303627014,0.4936448633670807,0.15162506699562073,30
U01257,G01093,¿quiénes son?,¿denlusa'cha?,¿shipenlusa' nuker'ka?,U01308,G01139,hard,0.6196644306182861,0.5694476962089539,0.050216734409332275,24
U00505,G00417,es inteligente.,ñinchidinusu'nuka'a,apinta'a'tekalli,U01694,G01497,hard,0.5908663868904114,0.5347543358802795,0.056112051010131836,3
U00505,G00417,es inteligente.,ñinchidinusu'nuka'a,llinserchutek' nuka'ka,U01099,G00958,medium,0.5908663868904114,0.4389161169528961,0.15195026993751526,28
U00705,G00591,¿quién gritó?,¿den lamapu'lli?,¿den wer'lli?,U01261,G01097,hard,0.6989381909370422,0.6470551490783691,0.051883041858673096,5
U00705,G00591,¿quién gritó?,¿den lamapu'lli?,¿nakusu' tanluwatulli?,U00833,G00709,medium,0.6989381909370422,0.534782350063324,0.16415584087371826,20
U00415,G00335,tú mantente.,llia'ker' kenma,nanta'piker,U00142,G00103,hard,0.4793258011341095,0.4292561411857605,0.050069659948349,20
U03140,G02915,"a los muchachos, queriendo agarrar pejecitos con canasto, cuando se iban, se los comían las fieras.","wilalusi'ma, ya'dandektanna', pa'anna', anaka'lli'na'.","malallineima ñañashasa', ukllilek dekpilli'lek, uklulu' nu'ta'n, iñer pideknen a'muetchan,",U03058,G02833,hard,0.527660608291626,0.47621849179267883,0.051442116498947144,27
U00991,G00855,¿estás enfermo?,¿kaluwipala?,¿sanekwantula?,U00984,G00848,hard,0.7351731061935425,0.6779963374137878,0.05717676877975464,4
U00991,G00855,¿estás enfermo?,¿kaluwipala?,¿tupitechunku?,U01348,G01175,medium,0.7351731061935425,0.5832536816596985,0.151919424533844,37
U01131,G00984,sigue bailando.,lansa'per'i'la,luntaper'i'la,U01135,G00988,hard,0.6680818200111389,0.5649465918540955,0.10313522815704346,2
U01131,G00984,sigue bailando.,lansa'per'i'la,lun'aper'i'la,U01139,G00992,medium,0.6680818200111389,0.5148698091506958,0.15321201086044312,6
U02069,G01852,todo terminó.,iñer' ta'wantulli,a'pa'deklli.,U02910,G02685,hard,0.5841349959373474,0.5264212489128113,0.05771374702453613,3
U02069,G01852,todo terminó.,iñer' ta'wantulli,lliaka'uk enka'lina,U02115,G01896,medium,0.5841349959373474,0.43386512994766235,0.15026986598968506,17
U00518,G00429,sé leer.,ñinchitapalek lun'ak,lauk'apallien,U00526,G00436,hard,0.6186892986297607,0.5501679182052612,0.06852138042449951,3
U00518,G00429,sé leer.,ñinchitapalek lun'ak,llinsecher'pi'la,U01142,G00995,medium,0.6186892986297607,0.4632624685764313,0.15542683005332947,20
U01539,G01351,te conocen.,luwer'chapalliñer'ken,iyatechuna',U02139,G01919,hard,0.6122339367866516,0.5403719544410706,0.07186198234558105,4
U01539,G01351,te conocen.,luwer'chapalliñer'ken,yamerladallina',U00899,G00770,medium,0.6122339367866516,0.4546494781970978,0.15758445858955383,16
U01277,G01111,prometió.,nana tuwiñi nu'techu,yutulli,U01698,G01501,hard,0.45255473256111145,0.4004170894622803,0.05213764309883118,26
U01197,G01038,me conocían.,luwer'chuwiñiner'ku,luwer'chi'ñiner'ku,U02131,G01911,hard,0.7020062208175659,0.6425243020057678,0.059481918811798096,2
U01197,G01038,me conocían.,luwer'chuwiñiner'ku,tenpu'llinerku',U02134,G01914,medium,0.7020062208175659,0.5425458550453186,0.15946036577224731,11
U02647,G02422,"vino la corvina,","lapi'samer uklli,","nanek wetlli,",U02723,G02498,hard,0.683410108089447,0.62893146276474,0.05447864532470703,7
U02647,G02422,"vino la corvina,","lapi'samer uklli,","wa'an wintullina',",U02739,G02514,medium,0.683410108089447,0.5295072197914124,0.15390288829803467,17
U02063,G01846,¿respira?,¿neriapalli?,¿wichisu'a'cha?,U01784,G01583,hard,0.5907289385795593,0.5397911667823792,0.050937771797180176,18
U03166,G02941,y ustedes que fueron a vivir a los dos cerros que forman como una boca abierta son laulate.,kenmami'na lawekklatekkek ñikunama' laulate.,nanadaper tekkinchinen luñina' taserpilusa' pantanna' lauk'erkasu'.,U02573,G02348,hard,0.486102432012558,0.4324692487716675,0.0536331832408905,8
U03048,G02823,¡ojalá alguna vez llegue escrito esto que estamos hablando!,¡ma'allimi'na enpi' uklli llinserpi namasu' lunpa'kawa'su' ektu'nchinaa!,ipa'la asu' senñula' itullun ¡lunker shiwilu la'la'!,U02504,G02279,hard,0.5234311819076538,0.4420226812362671,0.08140850067138672,5
U03048,G02823,¡ojalá alguna vez llegue escrito esto que estamos hablando!,¡ma'allimi'na enpi' uklli llinserpi namasu' lunpa'kawa'su' ektu'nchinaa!,- ñi asu' penweklek akusuchi'nchuma'.,U02613,G02388,medium,0.5234311819076538,0.37331265211105347,0.15011852979660034,21
U01477,G01295,no dolerá.,ku'la ikerinchu,yayamerladata,U00744,G00624,hard,0.6424058675765991,0.5904781818389893,0.05192768573760986,15
U01477,G01295,no dolerá.,ku'la ikerinchu,yen'nichi'nek,U00314,G00251,medium,0.6424058675765991,0.4850754141807556,0.1573304533958435,34
U02569,G02344,"hasta ahora escuchamos y vemos gallos que cantan,","ipa'la walek lauk'apallidek, lli'apallidek wa'dantek pekla'su',","nasu'ku' ipia'laklanek itudekllima wilalusa',",U02937,G02712,hard,0.6788762807846069,0.6112641096115112,0.0676121711730957,2
U02569,G02344,"hasta ahora escuchamos y vemos gallos que cantan,","ipa'la walek lauk'apallidek, lli'apallidek wa'dantek pekla'su',","nana asu' ishpaña la'la'lunlusa' lliketchudeknanta'ser,",U03106,G02881,medium,0.6788762807846069,0.5208335518836975,0.15804272890090942,9
U02544,G02319,de ahí sí voltéense y miren.,"nanekla, nanekla'nka pi'shek'anma' lli'ku'.",adipi du'kunna' wa'inutullina'.,U02770,G02545,hard,0.493576318025589,0.44315001368522644,0.05042630434036255,20
U00092,G00064,estoy gordo.,weipensu' ñapalek,nakusu' wichilek,U01418,G01238,hard,0.6139727234840393,0.5601035356521606,0.05386918783187866,47
U02401,G02176,"pero no la desvío, todavía la sé bien.","ma'shi'na teknerinek, ñinchitapalek i'la.","a'lek'erken, ekpanta'n kenmanta' ñinchiter.",U02282,G02057,hard,0.5962849259376526,0.48575589060783386,0.11052903532981873,3
U02401,G02176,"pero no la desvío, todavía la sé bien.","ma'shi'na teknerinek, ñinchitapalek i'la.","kutunshawek a'ña'kasu', dudinpu' enka'pallinerku.",U02271,G02046,medium,0.5962849259376526,0.4299718737602234,0.1663130521774292,6
U02418,G02193,"sí, aquí estoy, hermana. ven a visitarme.","- ajá, ñapalek, ñañá. uker lli'ker'ú.","- mamá, uk'apincha'lek menmiklan.",U02448,G02223,medium,0.7214104533195496,0.5677857398986816,0.15362471342086792,2
U02845,G02620,"ahí dice un viejo se levantó y dijo, levantó su mano en alto y dijo:","nanek ima ala'sa' taserpi yunsa'n tulli, iteklanen ima usañin musenkek aku'n tulli.","arakayu ima peklu'deklli, itudeklli:",U02637,G02412,hard,0.5499681234359741,0.4892297387123108,0.06073838472366333,10
U02845,G02620,"ahí dice un viejo se levantó y dijo, levantó su mano en alto y dijo:","nanek ima ala'sa' taserpi yunsa'n tulli, iteklanen ima usañin musenkek aku'n tulli.","ipa'la itullenma' nanek waleksa', iñer panpadekkin lunek.",U02579,G02354,medium,0.5499681234359741,0.399175763130188,0.15079236030578613,36
U02741,G02516,"¡así hagan entonces ustedes, vayan a hacer la pesca!","- ¡nu'ku' nu'pachi kenmama', pur'unta'ku'!","- ¡wa'an, enchuku' pur'awa'!",U02740,G02515,hard,0.6113681793212891,0.5592702031135559,0.052097976207733154,3
U02741,G02516,"¡así hagan entonces ustedes, vayan a hacer la pesca!","- ¡nu'ku' nu'pachi kenmama', pur'unta'ku'!","ipa'li'na kai kuaweklusa', senñula'lusa', wintetchenma'",U02334,G02109,medium,0.6113681793212891,0.4553101658821106,0.15605801343917847,14
U02696,G02471,"ahora sí ustedes sufrirán hambre,","ipa'laka kenmama' uki'la nakuchuma',","aner yatek kuatama',",U02639,G02414,hard,0.625619649887085,0.564403235912323,0.06121641397476196,4
U02696,G02471,"ahora sí ustedes sufrirán hambre,","ipa'laka kenmama' uki'la nakuchuma',","mitan nakusik ima adanta'n,",U02688,G02463,medium,0.625619649887085,0.4683803915977478,0.15723925828933716,28
U00940,G00808,nosotros conduciremos.,kuda ekpekchidek,teka'per'aterwa',U00690,G00577,hard,0.6178228259086609,0.5522951483726501,0.06552767753601074,2
U00940,G00808,nosotros conduciremos.,kuda ekpekchidek,tupi'wa' ekter'lupa',U01510,G01325,medium,0.6178228259086609,0.4646267592906952,0.1531960666179657,18
U01867,G01661,vienen.,uk'apilellina',a'ñapallina' vinu',U01858,G01652,hard,0.4554310739040375,0.40125811100006104,0.05417296290397644,41
U01599,G01410,¿qué ocurrió?,¿ma'nen'a'cha nakulli?,¿nu'la'lli?,U00352,G00283,hard,0.7199743986129761,0.642438530921936,0.07753586769104004,2
U01599,G01410,¿qué ocurrió?,¿ma'nen'a'cha nakulli?,¿den'katu'pa'tulli?,U02193,G01973,medium,0.7199743986129761,0.5682815313339233,0.15169286727905273,9
U01622,G01433,hueles mal.,anapila,lli'ker' uti'lakla,U02157,G01937,hard,0.42772310972213745,0.3771313726902008,0.050591737031936646,41
U01822,G01618,seamos valientes.,ñiawa' nantapitek lusa',uki'latek ñapallidek,U01253,G01089,hard,0.5432830452919006,0.49092236161231995,0.05236068367958069,21
U02470,G02245,"hasta hoy, hasta ahora no se levanta.","ipa'lalek, ipa'la walek yunsi'ñi.","- enta'n, er'washinchi lli'kunkenma'.",U02929,G02704,hard,0.5757498145103455,0.47227680683135986,0.1034730076789856,3
U02470,G02245,"hasta hoy, hasta ahora no se levanta.","ipa'lalek, ipa'la walek yunsi'ñi.","- ah, enta'n'i'na dasu'laklanek uwi'nek.",U02451,G02226,medium,0.5757498145103455,0.4223744869232178,0.15337532758712769,6
U01424,G01244,quiero ganar.,yakana'lek,yaintekllitulek,U01747,G01549,hard,0.5914900898933411,0.5391682386398315,0.05232185125350952,3
U02471,G02246,el canasto habló ¿por qué ustedes se burlaron de mí?,nana lantekpi luñi ¿ma'ki'na kenmama' lumellama'u'ku?,napi' amishaku'lusa' nu'tullina' ukllin ma'alanlankekla.,U02383,G02158,hard,0.5491151809692383,0.4680953025817871,0.08101987838745117,3
U02471,G02246,el canasto habló ¿por qué ustedes se burlaron de mí?,nana lantekpi luñi ¿ma'ki'na kenmama' lumellama'u'ku?,a'llupima ñiwiñi napi' lanla' pitun.,U02832,G02607,medium,0.5491151809692383,0.39794573187828064,0.15116944909095764,12
U01191,G01034,así es.,nu'su' nuka'a,nalu' nuka'a,U00226,G00178,hard,0.5674904584884644,0.5052816867828369,0.06220877170562744,7
U01191,G01034,así es.,nu'su' nuka'a,mui'su' nuka'a,U01550,G01362,medium,0.5674904584884644,0.4171867072582245,0.15030375123023987,22
U00600,G01313,déjame ver.,ta'itula'u lli'echek,ta'itula'u du'echek,U02091,G01873,hard,0.7782196402549744,0.7148405909538269,0.06337904930114746,3
U00600,G01313,déjame ver.,ta'itula'u lli'echek,ta'itula'u lek'techek,U02089,G01871,medium,0.7782196402549744,0.6078910231590271,0.17032861709594727,6
U01496,G01313,déjame verlo.,ta'itula'u lli'echek,ta'itula'u lauk'echek,U01819,G01616,hard,0.7454274892807007,0.6618365049362183,0.08359098434448242,3
U01496,G01313,déjame verlo.,ta'itula'u lli'echek,ta'itula'u wintechen,U01818,G01615,medium,0.7454274892807007,0.5948983430862427,0.150529146194458,13
U02836,G02611,"sabemos que otros también viven, pero nunca les hemos visto.","ñinchitapalekwa' ali'ladaperunta' nanpi'perkasu', ñi'na ñienpi' lli'dek'i'nekwa'.","wilawek wilamapu'wa'lusa' lli'erkek, nawa'nta' luwetcherkek.",U03049,G02824,medium,0.7188928723335266,0.5546239018440247,0.16426897048950195,2
U00433,G00350,tom teje.,tom lanteñi,tom a'ta'wantulli,U01215,G01056,hard,0.8398721814155579,0.7833227515220642,0.05654942989349365,29
U02335,G02110,les voy a enseñar la elaboración de la chicha punta.,a'lek'etchenma' kuda ukluta'kudeksu'.,kui'na laweklateklupa' tullima.,U03160,G02935,hard,0.5647915005683899,0.5076741576194763,0.057117342948913574,7
U02335,G02110,les voy a enseñar la elaboración de la chicha punta.,a'lek'etchenma' kuda ukluta'kudeksu'.,nu'sik upetchununta'lek deklek.,U02370,G02145,medium,0.5647915005683899,0.41454610228538513,0.15024539828300476,24
U02383,G02158,antes las abuelitas ya finadas hacían sedama de los tallos de la palmera ma'a.,napi' amishaku'lusa' nu'tullina' ukllin ma'alanlankekla.,nu'apileklima kencha'llina' inalupa' ku'apellusa' kullikerwanlusa'.,U03019,G02794,hard,0.5693874359130859,0.5163620114326477,0.05302542448043823,2
U02383,G02158,antes las abuelitas ya finadas hacían sedama de los tallos de la palmera ma'a.,napi' amishaku'lusa' nu'tullina' ukllin ma'alanlankekla.,tulli ma'pu'mi'na' peklu'chi'nama' weilan lauk'a'killek tullima arakayu.,U02593,G02368,medium,0.5693874359130859,0.4180840849876404,0.15130335092544556,15
U02727,G02502,entonces dice que ahí llamó al hombre candela.,nanek ima ipa'linchi tanpen peklu'lli.,pa'an ima lli'kuñi pilenñantapalli.,U02874,G02649,hard,0.7154717445373535,0.6299334764480591,0.08553826808929443,5
U02727,G02502,entonces dice que ahí llamó al hombre candela.,nanek ima ipa'linchi tanpen peklu'lli.,nanek ima lanla' ñilli.,U02818,G02593,medium,0.7154717445373535,0.5652673244476318,0.15020442008972168,20
U01699,G01502,parece enfadada.,yupa'masu'pusu' lli'tula,musuk'i'la lli'inuper',U01529,G01342,hard,0.5008432269096375,0.4461626410484314,0.054680585861206055,8
U01699,G01502,parece enfadada.,yupa'masu'pusu' lli'tula,kerpi'a'cha',U01123,G00976,medium,0.5008432269096375,0.3498360812664032,0.15100714564323425,44
U01626,G01437,eras mío.,kuakin ñiwina,we'inu nuka'a,U00230,G00180,hard,0.6128529906272888,0.5604621171951294,0.052390873432159424,9
U01626,G01437,eras mío.,kuakin ñiwina,musu'nakuku',U00163,G00121,medium,0.6128529906272888,0.4611855745315552,0.15166741609573364,51
U02270,G02045,"como varios de ellos han estudiado ellos me dan mi comida,","ñinchillintulusa' ñanna' nu'unta' nawa' enka'pallinerku ka'a'kasu',","ta'ser kuanta' papinkuku'lusa' laukdeklek, wilakuñamu,",U02575,G02350,hard,0.6831546425819397,0.6187249422073364,0.06442970037460327,3
U02270,G02045,"como varios de ellos han estudiado ellos me dan mi comida,","ñinchillintulusa' ñanna' nu'unta' nawa' enka'pallinerku ka'a'kasu',","wilalusa' ipa'la kaschilla' la'leklansa' lunna',",U02325,G02100,medium,0.6831546425819397,0.5270089507102966,0.15614569187164307,12
U00914,G00784,tom inhaló.,tom lanerlli,tom ñinchitapalli,U00434,G00351,hard,0.7820687294006348,0.7306916117668152,0.05137711763381958,48
U02699,G02474,diciendo esto arákayu se fue río abajo.,tan ima arakayu nu'wanta'lli.,nu'an ima arakayu sakek'an peklu'deklli inyulateknen ima.,U02595,G02370,hard,0.6227263808250427,0.5699635148048401,0.05276286602020264,12
U02699,G02474,diciendo esto arákayu se fue río abajo.,tan ima arakayu nu'wanta'lli.,"arakayu lli'unta'llima enpu'ni wa'inuipa' nana pideknen uksuketchulli,",U02689,G02464,medium,0.6227263808250427,0.46969735622406006,0.15302902460098267,39
U01309,G01140,¿estás sola?,¿kenmashasa' ñapala?,¿kerka' ñinchitapala?,U02221,G01998,hard,0.6573662757873535,0.6027177572250366,0.054648518562316895,17
U00278,G00224,tú primero.,kenmamentu,llia'ker' kenma,U00415,G00335,hard,0.5019125938415527,0.44088631868362427,0.06102627515792847,9
U00278,G00224,tú primero.,kenmamentu,llia'ker' nanek,U00630,G00525,medium,0.5019125938415527,0.3469332456588745,0.15497934818267822,45
U00279,G00224,usted primero.,kenmamentu,musu' sek'kaperechuner'ken,U01344,G01172,hard,0.4548524022102356,0.4013015627861023,0.0535508394241333,12
U01572,G01383,necesitamos dinero.,kulliker' luwantullidek,yinnitullidek katu'pa'tak,U00930,G00799,hard,0.5974896550178528,0.5437983274459839,0.053691327571868896,4
U01572,G01383,necesitamos dinero.,kulliker' luwantullidek,kana'ta'kawa'su' ñapalli,U02165,G01945,medium,0.5974896550178528,0.4388192296028137,0.15867042541503906,23
U02151,G01931,están trabajando.,saka'tapallina',inyutapallina',U02141,G01921,hard,0.7129697203636169,0.6192659139633179,0.09370380640029907,2
U02151,G01931,están trabajando.,saka'tapallina',nawa'sa' ñapallina',U01544,G01356,medium,0.7129697203636169,0.5613507032394409,0.15161901712417603,3
U01908,G01702,¿lo harán?,¿nu'techuma'?,¿iya'tula?,U01961,G01751,hard,0.6437327861785889,0.5771569013595581,0.06657588481903076,3
U01908,G01702,¿lo harán?,¿nu'techuma'?,¿a'ñapala?,U01671,G01478,medium,0.6437327861785889,0.49053874611854553,0.15319404006004333,36
U01199,G01040,se negaron.,luwanchi'ñina',lamapu'llina',U01541,G01353,hard,0.6398724913597107,0.5763121247291565,0.0635603666305542,15
U01199,G01040,se negaron.,luwanchi'ñina',ekte'chechuna',U00156,G00115,medium,0.6398724913597107,0.48851361870765686,0.15135887265205383,44
U03089,G02864,ya malalina ha muerto. ella era la que sentía rencor.,ipa' malallina chimiñi. nana asu' luyuta'su'.,"naneklima yunsu'lli dellutekkek, yunsu'n chimiñi.",U02829,G02604,hard,0.6166083812713623,0.501677393913269,0.11493098735809326,3
U03089,G02864,ya malalina ha muerto. ella era la que sentía rencor.,ipa' malallina chimiñi. nana asu' luyuta'su'.,nu'an ipa' yunsu'n panta'lli. 7 hizo daño.,U02726,G02501,medium,0.6166083812713623,0.460126668214798,0.15648171305656433,8
U00449,G00365,nosotros esperamos.,kuda wa'tentulidek,kenmu'sak lli'i'nupalekwa',U01586,G01397,hard,0.6307077407836914,0.5776222944259644,0.05308544635772705,10
U00085,G01223,dormí.,wichi'lek,wiuk'apalek,U01771,G01571,hard,0.6702886819839478,0.6162742376327515,0.05401444435119629,13
U01399,G01223,me dormí.,wichi'lek,wicha'palek,U00086,G00059,hard,0.6916363835334778,0.6386526226997375,0.052983760833740234,13
U02411,G02186,"pero como tengo hijos ellos me están viendo, de mi comida, de mi bebida, de todo me están viendo mis hijos.","wilawamui'na nawa' lli'apallinerku, uran'ukeklan3, uweklan, iñerkeklan lli'apallinerku wilaweklusa'.","kui'na apulli'ku, kwina', ma'i, tananmuda'ku.",U03171,G02946,hard,0.6142792701721191,0.5607931017875671,0.053486168384552,10
U02411,G02186,"pero como tengo hijos ellos me están viendo, de mi comida, de mi bebida, de todo me están viendo mis hijos.","wilawamui'na nawa' lli'apallinerku, uran'ukeklan3, uweklan, iñerkeklan lli'apallinerku wilaweklusa'.","muyunpak walek pa'anna', adencha'nna', indiuntunna' luñina'.",U03042,G02817,medium,0.6142792701721191,0.46139273047447205,0.1528865396976471,40
U02848,G02623,yo ya he soñado.,kua ipa' wa'latulek.,nana ka'amu susulek.,U02487,G02262,hard,0.6121528148651123,0.5536891222000122,0.0584636926651001,2
U02848,G02623,yo ya he soñado.,kua ipa' wa'latulek.,wayusa' luwantulek,U01414,G01235,medium,0.6121528148651123,0.45135045051574707,0.16080236434936523,11
U02995,G02770,dice que ahí se puso de pie un viejo y dijo: ahora sí hemos conocido otro pueblo. porque ya se aproxima el día del perecimiento (el día del fin) estamos así.,nanek ima ala'sa' taserpi waneran tulli ipa'la'ka ali'la ñinanlu' luwetchulekwa'. ipa' wer'uklli kawi'ta'su malek u'apalekwa'.,"adencha'n ima wa'an lekllina' -adanpilencha'llidek kuda, ¿luwandetchuma' a'cha? regresando le pidieron al gobernante -nosotros estamos volviendo,",U03087,G02862,hard,0.6932966113090515,0.5709337592124939,0.12236285209655762,2
U02995,G02770,dice que ahí se puso de pie un viejo y dijo: ahora sí hemos conocido otro pueblo. porque ya se aproxima el día del perecimiento (el día del fin) estamos así.,nanek ima ala'sa' taserpi waneran tulli ipa'la'ka ali'la ñinanlu' luwetchulekwa'. ipa' wer'uklli kawi'ta'su malek u'apalekwa'.,"nu'unti'ma aper'kulli. yalun'i'ñi uncha'n muyunpakla ma'pu'si'pa' lli'lli senñulalusa', ñima nanapinta' yalun'i'ñi, ta'tula'nna' pa'llina'.",U03035,G02810,medium,0.6932966113090515,0.535172700881958,0.1581239104270935,3
U01372,G01197,quiere más.,a'pinta' luwantulli,ipa'li'na tanantapilalli,U02768,G02543,hard,0.5392036437988281,0.4404609799385071,0.09874266386032104,2
U01372,G01197,quiere más.,a'pinta' luwantulli,yennitula nu'ta'mak,U01612,G01423,medium,0.5392036437988281,0.3887453079223633,0.15045833587646484,7
U02834,G02609,"ahí, dice, las personas del pueblo se concentraron primero, el jefe les llamó:","nanek ima ñinanlu' indiuntuñina' nanentu, wa'anler peklu'deklli.","nanima pennu'pilenchan, unchan itudeklli:",U02520,G02295,hard,0.5995706915855408,0.549179196357727,0.05039149522781372,7
U02834,G02609,"ahí, dice, las personas del pueblo se concentraron primero, el jefe les llamó:","nanek ima ñinanlu' indiuntuñina' nanentu, wa'anler peklu'deklli.","nu'sui'ma pa'apan, ala'lu'sa' wa'anler a'peklu'tulli.",U02664,G02439,medium,0.5995706915855408,0.44836926460266113,0.15120142698287964,21
U02738,G02513,"entonces el pueblo en asamblea dijo,","ipa'linchi ñinanlu' indiuntun tulli,","llimaklan wek'an asek nananta' yañinchitulli,",U02279,G02054,hard,0.7263537645339966,0.665794849395752,0.06055891513824463,4
U02738,G02513,"entonces el pueblo en asamblea dijo,","ipa'linchi ñinanlu' indiuntun tulli,","tukuner uklli,",U02644,G02419,medium,0.7263537645339966,0.5737417340278625,0.15261203050613403,34
U01204,G01045,ellos vendrán.,nawa' wenche'chuna',nanekla lli'aterwa',U00450,G00366,hard,0.6509600877761841,0.557076096534729,0.09388399124145508,3
U01204,G01045,ellos vendrán.,nawa' wenche'chuna',na'pitechuna',U02140,G01920,medium,0.6509600877761841,0.49430176615715027,0.1566583216190338,11
U00471,G00386,lleva esto.,ekpa'ker' asu',lli'ku' asu',U01032,G00893,hard,0.6202034950256348,0.5691222548484802,0.05108124017715454,19
U00471,G00386,lleva esto.,ekpa'ker' asu',lauk'lek nana,U02061,G01844,medium,0.6202034950256348,0.46317043900489807,0.1570330560207367,50
U02308,G02083,de las tías (paternas) finadas.,inetchaku'lusa'ki.,ñinchitapalek ma'tapallinpa',U00793,G00670,hard,0.38893187046051025,0.3359215557575226,0.05301031470298767,19
U02956,G02731,"dice que de madrugada, al levantarse, venteó la ceniza con abanico y de ahí salieron zancudos, tábanos, tabanillos negros, toda clase de insectos que no valen.","nanek ima dasu'la yunsa'n a'uluntulli, tekkinchima nanekla yunkelli iyun, tunka, etchu, dudinpu' lli'la muinpu'a'su'.","tekkinchi walek kunparinenna' pilli'iteklatanna', kumarinenna' pilli'iteklatanna', musha'iteklanna', yensunna', willekllina'.",U03204,G02979,hard,0.632489800453186,0.5789880752563477,0.05350172519683838,3
U02956,G02731,"dice que de madrugada, al levantarse, venteó la ceniza con abanico y de ahí salieron zancudos, tábanos, tabanillos negros, toda clase de insectos que no valen.","nanek ima dasu'la yunsa'n a'uluntulli, tekkinchima nanekla yunkelli iyun, tunka, etchu, dudinpu' lli'la muinpu'a'su'.","nanapu'a'su' taserpilusa' ñinchia'lachekterkasu', ñinchilawer'erkasu' a'lachektetchuna', laweretchuna' ma'tusui'pa' wa'lata'kawa'su'.",U02867,G02642,medium,0.632489800453186,0.4612218737602234,0.17126792669296265,23
U02320,G02095,"jóvenes,","nadi'neklusa',","shiwilu la'la',",U02322,G02097,hard,0.5986025333404541,0.4858301877975464,0.11277234554290771,3
U02320,G02095,"jóvenes,","nadi'neklusa',","dunanser uklli,",U02646,G02421,medium,0.5986025333404541,0.44602134823799133,0.15258118510246277,6
U02300,G02075,"hartos hijos he parido, hartos hijos he criado.","u'dun wawalu' wadek'a'kasu', u'dun wawalu' kua teksusu'kasu'.","wilawek wilamapu'wa'lusa' lli'erkek, nawa'nta' luwetcherkek.",U03049,G02824,hard,0.5836648344993591,0.5182658433914185,0.06539899110794067,6
U02300,G02075,"hartos hijos he parido, hartos hijos he criado.","u'dun wawalu' wadek'a'kasu', u'dun wawalu' kua teksusu'kasu'.","ta'ser kuanta' papinkuku'lusa' laukdeklek, wilakuñamu,",U02575,G02350,medium,0.5836648344993591,0.43352311849594116,0.15014171600341797,28
U02972,G02747,"después de pasar (ese lugar peligroso), amaneciéndose, llegaron a moyobamba.","naku'tanni'ma, ukllinantanna', ektu'llina' muyunpak.","muyunpak walek pa'anna', adencha'nna', indiuntunna' luñina'.",U03042,G02817,hard,0.49993324279785156,0.4493931233882904,0.05054011940956116,3
U02972,G02747,"después de pasar (ese lugar peligroso), amaneciéndose, llegaron a moyobamba.","naku'tanni'ma, ukllinantanna', ektu'llina' muyunpak.","sametchapen panula'udek, chai, yallí' itullima.",U02628,G02403,medium,0.49993324279785156,0.3388155996799469,0.16111764311790466,31
U02309,G02084,van consumiéndose todos.,taker'apilallina' iñer.,a'pinta' tupichina' nawa'.,U02293,G02068,hard,0.48763906955718994,0.43112054467201233,0.05651852488517761,13
U03090,G02865,"ahora nosotros, ahora este pueblo se ha dividido en dos: barrio bajo y barrio alto.","ipa'li'na' kenmu'wa', ipa' asu' ñinanlu' katu'ta' ñillin: chilen, winen.","nana inchilalalupa' adencha'nni'ma luncha'llina': enpu'nipa' uran ñilli nana inchilalalupa', dudinpu' ñapalli.",U02993,G02768,hard,0.5235682725906372,0.4462887644767761,0.07727950811386108,2
U03090,G02865,"ahora nosotros, ahora este pueblo se ha dividido en dos: barrio bajo y barrio alto.","ipa'li'na' kenmu'wa', ipa' asu' ñinanlu' katu'ta' ñillin: chilen, winen.","nanek ima chi'yek'erkasu' tekka'erkasu' ima, pa'llima mutupilupa' yananpinna', nanpikuñina'.",U03085,G02860,medium,0.5235682725906372,0.3716107904911041,0.15195748209953308,26
U01061,G00920,comí manzanas.,ka'lek manzanas,nutulek tanta'shala,U01731,G01533,medium,0.8073168992996216,0.5678091049194336,0.239507794380188,2
U02066,G01849,no duele.,ku'la iker'i'ñi,ñiden lekchi'ñi,U01156,G01008,hard,0.6622580289840698,0.6093997359275818,0.05285829305648804,12
U02066,G01849,no duele.,ku'la iker'i'ñi,ma'shapin'ta ka'ker',U01352,G01179,medium,0.6622580289840698,0.509953498840332,0.1523045301437378,38
U02147,G01927,están casados.,sadasu' ñapallina',muinsu' ñapallina',U01868,G01662,hard,0.6643298268318176,0.5846892595291138,0.07964056730270386,3
U02147,G01927,están casados.,sadasu' ñapallina',wadanpintek nuka'kawa',U01894,G01688,medium,0.6643298268318176,0.5117105841636658,0.15261924266815186,12
U02726,G02501,"ocurrido esto, (arákayu) salió del lugar y se fue.",nu'an ipa' yunsu'n panta'lli. 7 hizo daño.,nu'su' lantekpi dekkuntuwiñi napi'.,U02467,G02242,hard,0.4724644720554352,0.42013341188430786,0.05233106017112732,22
U00101,G00070,"yo, también.",kuanta',enka'u nana,U01033,G00894,hard,0.41276291012763977,0.36026597023010254,0.05249693989753723,8
U00303,G00242,síguenos.,tupi'tu'udek,tuluner'awa',U00606,G00502,hard,0.6085817813873291,0.5512459874153137,0.05733579397201538,15
U00303,G00242,síguenos.,tupi'tu'udek,tupitawa',U01823,G01619,medium,0.6085817813873291,0.45267054438591003,0.15591123700141907,44
U02188,G01968,¿qué dijo?,¿ma'tulli?,¿ikerli?,U01465,G01283,hard,0.6163340210914612,0.5662408471107483,0.05009317398071289,9
U01649,G01458,¿estás soltero?,¿inapiken ñapala?,¿chuchu ka'a'pala?,U01968,G01757,hard,0.5648201107978821,0.5142659544944763,0.05055415630340576,47
U02058,G01841,estoy constipado.,ñapalek a'mechailusu,sadasu' ñapalek',U01584,G01395,hard,0.7457444667816162,0.6921536326408386,0.05359083414077759,34
U02070,G01853,fue emocionante.,musu' ñapawiñi,kishu wellek'lli,U00591,G00491,hard,0.4968773126602173,0.44224998354911804,0.05462732911109924,19
U01768,G01568,soy principiante.,tenmiansu'palek,insek'diperpi ñapalek,U00347,G00278,hard,0.6226446032524109,0.5716020464897156,0.05104255676269531,6
U02732,G02507,sólo los de buen corazón sobrevivirán.,mukankanlusa'sa' dansu'chuna'.,innichi'ñina' lu'nkasu'.,U02329,G02104,hard,0.44888627529144287,0.3988761603832245,0.050010114908218384,37
U01227,G01066,tom hablará.,tom lun'echu,tom latekte'chu,U01558,G01370,hard,0.7886528372764587,0.7358156442642212,0.05283719301223755,3
U01227,G01066,tom hablará.,tom lun'echu,tom latek'chi'ñi,U01552,G01364,medium,0.7886528372764587,0.6383257508277893,0.15032708644866943,51
U00851,G00727,déjame vivir.,taitula'u nanpiak,ta'itula'u pae'chek,U01810,G01607,hard,0.5836954712867737,0.5318871140480042,0.05180835723876953,2
U00851,G00727,déjame vivir.,taitula'u nanpiak,itununta'u,U02112,G01893,medium,0.5836954712867737,0.43293261528015137,0.15076285600662231,30
U00885,G00757,¡alto! ¡ladrón!,¡wanerker'! ¡apechutek!,¡latada'ker'!,U01182,G01029,hard,0.7229145169258118,0.6597394347190857,0.06317508220672607,4
U00885,G00757,¡alto! ¡ladrón!,¡wanerker'! ¡apechutek!,¡wanerker'!,U00250,G00197,medium,0.7229145169258118,0.5680127739906311,0.15490174293518066,17
U01328,G01156,pidan ayuda.,lektuku' katu'pa',nawa' peklu'techuna',U01203,G01044,hard,0.49616020917892456,0.44309186935424805,0.053068339824676514,18
U03065,G02840,"no se cansan de reñirnos, no dejan de pegarnos, ¿acaso eso es bueno?","tukaner'chi'ñinerkenmu'wa', llikaner'chi'ñinerkenmu'wa', ¿nana'cha mulli?","- ¡uku' chai alli'shalusa', yalli'walusa'! ¿enñupa' a'cha pa'apilalama'?",U02588,G02363,hard,0.6370980739593506,0.5095231533050537,0.12757492065429688,2
U03065,G02840,"no se cansan de reñirnos, no dejan de pegarnos, ¿acaso eso es bueno?","tukaner'chi'ñinerkenmu'wa', llikaner'chi'ñinerkenmu'wa', ¿nana'cha mulli?","nanekla ñi a'pinta' yapitetchi'ñina', ñi ananchi'ñina', ñi asu' pankuellinchi'ñina'.",U02987,G02762,medium,0.6370980739593506,0.4833296239376068,0.15376845002174377,3
U00892,G00764,llamaron.,peklu'tullina',lumer'llina',U01198,G01039,hard,0.7125235199928284,0.6486493945121765,0.06387412548065186,14
U00892,G00764,llamaron.,peklu'tullina',panper'echuna',U01865,G01659,medium,0.7125235199928284,0.55857253074646,0.1539509892463684,31
U02462,G02237,como el motelo caminaba.,madupu'su' dekkuntuwiñi.,penwek i'na nerpi'la.,U02614,G02389,hard,0.5431927442550659,0.45566096901893616,0.08753177523612976,6
U02462,G02237,como el motelo caminaba.,madupu'su' dekkuntuwiñi.,nanpiapamu wilawanek.,U02264,G02039,medium,0.5431927442550659,0.3918146789073944,0.1513780653476715,23
U03083,G02858,¡que los cobardes se terminen!,¡ma'ki'na tek kualu'lusa' ta'wanchi!,¡wiuku' wilalunlusa!,U01998,G01784,hard,0.6912505626678467,0.6255430579185486,0.0657075047492981,2
U03083,G02858,¡que los cobardes se terminen!,¡ma'ki'na tek kualu'lusa' ta'wanchi!,¡enpu'ni aperpipa'!,U01054,G00914,medium,0.6912505626678467,0.520887017250061,0.17036354541778564,16
U01340,G01168,¿hablaste?,¿lun'na?,¿werana?,U01692,G01495,hard,0.6305484175682068,0.5796659588813782,0.05088245868682861,51
U00155,G00114,se adelantará.,ekte'chechu,ku'la ikerinchu,U01477,G01295,hard,0.532417893409729,0.48197558522224426,0.05044230818748474,10
U02800,G02575,¿qué les voy a dar de comer a mis hijos? diciendo.,¿wilaweklusa' ma'nen i'na a'ka'dek'etchek? tanna'.,¿ma'ki'na kenmama' asu'lupa' uklama'? sa'la' a'dantetchenmu'wa'.,U02526,G02301,hard,0.6470890045166016,0.5775678753852844,0.06952112913131714,4
U02800,G02575,¿qué les voy a dar de comer a mis hijos? diciendo.,¿wilaweklusa' ma'nen i'na a'ka'dek'etchek? tanna'.,itullinerkudek ¿ma'nen i'na kenmama' yalauklama'?,U02791,G02566,medium,0.6470890045166016,0.488524466753006,0.15856453776359558,9
U00193,G00148,he terminado.,a'ta'wantulek,patenchulek,U01417,G01237,hard,0.6473034024238586,0.5967735648155212,0.0505298376083374,21
U03191,G02966,"así quizás somos, o no quizás. no creo yo.","la'i nu'lekweipa', ku'leipa'. latekchi'lek kua.","kenmu'wa' mutupi muda', kenmu'wa' ñi asu'lupa'dei'npu'.",U03150,G02925,hard,0.6127747893333435,0.505795955657959,0.10697883367538452,2
U03191,G02966,"así quizás somos, o no quizás. no creo yo.","la'i nu'lekweipa', ku'leipa'. latekchi'lek kua.","kuanta' nu'apalek i'la. chilenllusa' enpu'ninchi, enpu'ninchi ni luyuinpu'winek, ñi'na yaluntudek'i'nek.",U03100,G02875,medium,0.6127747893333435,0.45082610845565796,0.16194868087768555,6
U00952,G00819,¡qué pérdida!,¡embu'ni wer'ipa'!,!embu'ni uchutek'ipa'!,U00954,G00821,hard,0.6280776262283325,0.5746442675590515,0.053433358669281006,5
U00952,G00819,¡qué pérdida!,¡embu'ni wer'ipa'!,¡empu'ni ñinchidinusu'ta'!,U00763,G00641,medium,0.6280776262283325,0.4778125584125519,0.15026506781578064,17
U00557,G00462,soy torpe.,ma'kimpu nuka'ka,wa'tentutek nuka'ka,U00825,G00701,hard,0.7290923595428467,0.6690042614936829,0.06008809804916382,19
U00557,G00462,soy torpe.,ma'kimpu nuka'ka,kua nuka'ka,U00099,G00068,medium,0.7290923595428467,0.5747747421264648,0.15431761741638184,32
U00806,G00682,trabajo aquí.,saka'tapallek asek,asek uk'apilelli,U01374,G01199,hard,0.5993102788925171,0.5410111546516418,0.058299124240875244,4
U00806,G00682,trabajo aquí.,saka'tapallek asek,pata'ker' asu',U00265,G00212,medium,0.5993102788925171,0.44920048117637634,0.15010979771614075,35
U00005,G00003,¿quién?,¿den?,¿lun'na?,U01340,G01168,hard,0.7418057918548584,0.6845342516899109,0.05727154016494751,3
U00005,G00003,¿quién?,¿den?,¿lauk'lun?,U01960,G01750,medium,0.7418057918548584,0.588973879814148,0.15283191204071045,20
U02197,G01977,anoten eso.,llinser'ku' nana,llinser'ker' nana,U02196,G01975,hard,0.710750937461853,0.643074631690979,0.06767630577087402,3
U02197,G01977,anoten eso.,llinser'ku' nana,tenmian'suer' asu',U00624,G00519,medium,0.710750937461853,0.5382300019264221,0.1725209355354309,11
U02200,G01977,anoten esto.,llinser'ku' nana,llinser'ker' nana,U02196,G01975,hard,0.660738468170166,0.5966798067092896,0.06405866146087646,8
U02200,G01977,anoten esto.,llinser'ku' nana,sekdiperker' nana,U01362,G01188,medium,0.660738468170166,0.4818432331085205,0.1788952350616455,29
U00672,G00562,tom bostezó.,tom lauki'lli,tom lansa'palli,U00651,G00543,hard,0.7863700985908508,0.7362647652626038,0.05010533332824707,44
U02640,G02415,no lloren!,aner yawellektama'!,¡mupalli!,U00103,G00072,hard,0.5519837141036987,0.4995768964290619,0.05240681767463684,23
U01182,G01029,¡relajate!,¡latada'ker'!,¡yuspeinet'echun!,U00046,G00735,hard,0.6740298867225647,0.6236417889595032,0.05038809776306152,21
U00036,G00031,estoy levantado.,yunsansu' ñapalek,wer'su' ñapalek,U00204,G00157,hard,0.6695924401283264,0.6183280944824219,0.05126434564590454,34
U03007,G02782,"diez años, catorce, quince, como mujeres (de los españoles) se fueron. a todas las fueron a vender.","shunka' ekkilala, shunka' ínkatu', shunka' alei'teklun ku'apellusa'pu'su' pa'llina'. iñer uku'latukun.","nanek nuka' uklullina', pinter katenñina', pinchiyek nu'tanna' ullina' wichi'inpu'erkek.",U02941,G02716,hard,0.49039018154144287,0.4401513934135437,0.05023878812789917,13
U03007,G02782,"diez años, catorce, quince, como mujeres (de los españoles) se fueron. a todas las fueron a vender.","shunka' ekkilala, shunka' ínkatu', shunka' alei'teklun ku'apellusa'pu'su' pa'llina'. iñer uku'latukun.","ishpañakla nananta', katu'daper i'la shiwilu la'la', inka' la'la' lui'nta'ser, lachekllini'mi'na.",U03132,G02907,medium,0.49039018154144287,0.33963027596473694,0.15075990557670593,45
U02191,G01971,¿cuándo acabó?,¿enpi'ta'wantulli?,¿den'ina' kana'tulli?,U00131,G00093,hard,0.7052042484283447,0.6216278076171875,0.08357644081115723,5
U02191,G01971,¿cuándo acabó?,¿enpi'ta'wantulli?,¿den lamapu'lli?,U00705,G00591,medium,0.7052042484283447,0.5514824390411377,0.15372180938720703,13
U02971,G02746,"por eso ellos se fueron calladitos, caminaron cuidadosamente sin hacer ruido.","nawei'mi'na nana malek ima nawa' ta'tushalanna' pa'llina', ta'tushalanni'ma dekkuntullina'.",nu'unta'shasi'pa' wilaweklusa' lachek'apilanti'ñina'.,U02414,G02189,hard,0.569271981716156,0.5157779455184937,0.053494036197662354,20
U01046,G00906,la ayuda.,katu'pa',katu'per',U00166,G00124,hard,0.6151609420776367,0.5015037059783936,0.11365723609924316,4
U01046,G00906,la ayuda.,katu'pa',usanker',U00612,G00508,medium,0.6151609420776367,0.4638616740703583,0.15129926800727844,11
U02307,G02082,"de las mujeres ya fallecidas,","kaikku'lusa'ki,","damer'ita yunsu'lli,",U02749,G02524,hard,0.5825921893119812,0.5320833325386047,0.050508856773376465,29
U02307,G02082,"de las mujeres ya fallecidas,","kaikku'lusa'ki,","nanima yañinchitulli,",U02313,G02088,medium,0.5825921893119812,0.43033385276794434,0.15225833654403687,51
U00553,G00458,soy francés.,frances nuka'ka,finlandis nuka'ka,U00808,G00684,hard,0.8152080178260803,0.7546246647834778,0.06058335304260254,2
U00553,G00458,soy francés.,frances nuka'ka,koreano nuka'ka,U00554,G00459,medium,0.8152080178260803,0.6603216528892517,0.1548863649368286,3
U02892,G02667,ahí dice se olvidaron y se acostaron.,nanek ima inpinanerllanna' pek kuallina'.,"pi'murllina', a'du'llina'.",U02465,G02240,hard,0.5867443680763245,0.5348260402679443,0.05191832780838013,15
U00692,G00579,nosotros ayudaremos.,kuda katu'pa'techidek,yennitulek'wa' katu'pa'a'kawak,U02161,G01941,hard,0.5748377442359924,0.520787239074707,0.0540505051612854,9
U01632,G01443,llegará lejos.,wei ek'tue'chu,ku'la nakui'nchu,U00231,G00181,hard,0.5291111469268799,0.47708314657211304,0.052028000354766846,4
U01632,G01443,llegará lejos.,wei ek'tue'chu,nanpi'palek'i'la,U02056,G01839,medium,0.5291111469268799,0.3755001127719879,0.15361103415489197,23
U00666,G00556,tom sonrió.,tom yamerladalli,tom chimillinkekla nampilli,U01225,G01064,hard,0.812797486782074,0.7614666819572449,0.0513308048248291,4
U00666,G00556,tom sonrió.,tom yamerladalli,tom wer'lli,U02153,G01933,medium,0.812797486782074,0.6526840925216675,0.1601133942604065,40
U01972,G01761,¿la conocen?,¿luwer'chapalama?,¿denlusa'acha?,U00961,G00827,hard,0.6954663991928101,0.6352764964103699,0.060189902782440186,8
U01972,G01761,¿la conocen?,¿luwer'chapalama?,¿luwer'chapalama'u?,U01675,G01481,medium,0.6954663991928101,0.5403140187263489,0.15515238046646118,34
U02283,G02058,"llévala por ahí a un pueblo lejano, madre, diciendo así le estoy enseñando.","nanalupa' wei ñinanluk ekpanter, awá, itamu a'lek'apalek.","iskun duker a'ña'seku awawek chiminlapillun, amishawek teksusullun.",U02254,G02029,hard,0.5641869306564331,0.5041187405586243,0.06006819009780884,5
U02283,G02058,"llévala por ahí a un pueblo lejano, madre, diciendo así le estoy enseñando.","nanalupa' wei ñinanluk ekpanter, awá, itamu a'lek'apalek.","- asui'na asu'lupa' da'kellek kua samer yapektawamu, panpadek nuka'a tullima.",U02599,G02374,medium,0.5641869306564331,0.41266873478889465,0.15151819586753845,13
U01608,G01419,¡estás borracho!,¡lupersu' ñapala!,¡si'lentapala!,U01637,G01447,hard,0.6788698434829712,0.6211549043655396,0.05771493911743164,2
U01608,G01419,¡estás borracho!,¡lupersu' ñapala!,¡yalenmekta nanek!,U00883,G00755,medium,0.6788698434829712,0.5226610898971558,0.15620875358581543,13
U00345,G00276,soy obeso.,weipensu' nuka'ka,ku'aper nuka'ka,U00812,G00688,hard,0.6891193985939026,0.6292471885681152,0.059872210025787354,11
U00345,G00276,soy obeso.,weipensu' nuka'ka,yusu' ñapalek,U01109,G00966,medium,0.6891193985939026,0.533576488494873,0.15554291009902954,48
U02359,G02134,"una vez tanteado entonces se chanca,","patak ipa'linchi u'deklek,","lapi'samer uklli,",U02647,G02422,hard,0.675746500492096,0.613180935382843,0.06256556510925293,7
U02359,G02134,"una vez tanteado entonces se chanca,","patak ipa'linchi u'deklek,","ipa'la a'pinta' ñinchillintanna',",U02804,G02579,medium,0.675746500492096,0.5256913304328918,0.1500551700592041,24
U01819,G01616,déjame sentirlo.,ta'itula'u lauk'echek,wintu'u a'pinta,U00725,G00608,hard,0.5845907926559448,0.5250356197357178,0.05955517292022705,13
U01819,G01616,déjame sentirlo.,ta'itula'u lauk'echek,a'lli'u nana,U01174,G01022,medium,0.5845907926559448,0.4334734380245209,0.15111735463142395,32
U01820,G01616,déjame oírlo.,ta'itula'u lauk'echek,ta'itula'u yada'lek,U00385,G00313,hard,0.6214653849601746,0.5691514015197754,0.05231398344039917,17
U01820,G01616,déjame oírlo.,ta'itula'u lauk'echek,alek'u,U00105,G00074,medium,0.6214653849601746,0.46735936403274536,0.1541060209274292,35
U02736,G02511,"de cuello colorado, de cara colorada.","piper'unkellu', pipelladasu'.","uka'lek, eksu'lek.",U02341,G02116,hard,0.5292419791221619,0.46249473094940186,0.06674724817276001,3
U02736,G02511,"de cuello colorado, de cara colorada.","piper'unkellu', pipelladasu'.","pillek'an, tanan, dankumelli a'pinta' tanan.",U02752,G02527,medium,0.5292419791221619,0.3678450584411621,0.16139692068099976,14
U02869,G02644,"que eso que has soñado así así va a suceder, por eso estén alertas muchachos dijo un viejo.","nana wa'lata'masui'na tusu' tusu' nu'aterwa', nana malek i'na nasu'ku' wilalusa' nasu' tullima ala'sa' taserpi.","nanek ima ipa'linchi ma'i... nanek tekkinchi uksik idenmallini'ma, enpu'nipi'ma idenmallina'.",U02947,G02722,hard,0.47192510962486267,0.4203518331050873,0.05157327651977539,27
U01761,G01563,estaré cerca.,kawik ñapechek,wa'tentapechek,U02041,G01825,hard,0.5939069986343384,0.5377510786056519,0.05615592002868652,3
U01761,G01563,estaré cerca.,kawik ñapechek,wa'danpintek ñapalek,U00340,G00273,medium,0.5939069986343384,0.4424828886985779,0.1514241099357605,43
U02835,G02610,"vamos a conocer a otro tipo de gente nosotros también,","enchuku' nermuda' luwetchawa' kenmu'wa'nta',","nana asu' ishpaña la'la'lunlusa' lliketchudeknanta'ser,",U03106,G02881,hard,0.6973853707313538,0.6018458008766174,0.09553956985473633,3
U02835,G02610,"vamos a conocer a otro tipo de gente nosotros también,","enchuku' nermuda' luwetchawa' kenmu'wa'nta',","- pu'yek aperku'tullinerkudek,",U02533,G02308,medium,0.6973853707313538,0.543048083782196,0.15433728694915771,10
U02235,G02010,¿vives aquí?,¿asek nanpipala?,¿asek nanpipalama'?,U02236,G02011,hard,0.6699907779693604,0.6013928651809692,0.06859791278839111,3
U02235,G02010,¿vives aquí?,¿asek nanpipala?,¿enñupa'cha ñapala?,U01602,G01413,medium,0.6699907779693604,0.512758195400238,0.15723258256912231,15
U01628,G01439,fracasarás.,nu'chin'chu,ekte'chechu,U00155,G00114,hard,0.5672724843025208,0.4889150559902191,0.07835742831230164,6
U01628,G01439,fracasarás.,nu'chin'chu,yatuluner'ta,U00486,G00399,medium,0.5672724843025208,0.41581282019615173,0.15145966410636902,32
U00089,G00062,lo intenté.,tekle'rilek',lata'echek,U00807,G00683,hard,0.7276092767715454,0.6729696989059448,0.054639577865600586,4
U01345,G01173,hazlo rápidamente.,wiu'su' nu'ter',uker' ma'pinta',U01040,G00901,hard,0.5356132388114929,0.4825626611709595,0.05305057764053345,8
U01345,G01173,hazlo rápidamente.,wiu'su' nu'ter',lli'ker' uti'lakla,U02157,G01937,medium,0.5356132388114929,0.38467463850975037,0.15093860030174255,51
U01346,G01173,hágalo rápido.,wiu'su' nu'ter',cheksu' du'ker',U02118,G01898,hard,0.5430827140808105,0.4930512607097626,0.050031453371047974,11
U01346,G01173,hágalo rápido.,wiu'su' nu'ter',sekdiperker' kenmalek,U01812,G01609,medium,0.5430827140808105,0.391960084438324,0.15112262964248657,50
U01474,G01292,aquí duele.,asek ikerlli,awa wellek'lli,U00614,G00510,hard,0.6086942553520203,0.5283727645874023,0.08032149076461792,3
U01474,G01292,aquí duele.,asek ikerlli,nana yunsu'lli,U01989,G01775,medium,0.6086942553520203,0.45722314715385437,0.1514711081981659,17
U00769,G01587,puedo hacerlo.,yennitulek nu'tak,yen'nitulek teka'ak',U00318,G00254,hard,0.6465729475021362,0.590666651725769,0.05590629577636719,4
U00769,G01587,puedo hacerlo.,yennitulek nu'tak,yennitula' uk'a'mak,U01268,G01103,medium,0.6465729475021362,0.48247697949409485,0.16409596800804138,15
U01788,G01587,puede hacerse.,yennitulek nu'tak,nana katu'pa'techu,U01190,G01033,hard,0.4868437945842743,0.4362974464893341,0.050546348094940186,11
U01788,G01587,puede hacerse.,yennitulek nu'tak,ekte'chechu,U00155,G00114,medium,0.4868437945842743,0.3363206684589386,0.1505231261253357,42
U02759,G02534,ellos también escondidos están.,nawa'nta' insekkitula'su' ñapalli.,nu'su'sa' ñillina' napi'.,U03145,G02920,hard,0.6544458270072937,0.5971302390098572,0.05731558799743652,10
U02759,G02534,ellos también escondidos están.,nawa'nta' insekkitula'su' ñapalli.,nana nadi'neklusi'ma.,U02938,G02713,medium,0.6544458270072937,0.5000012516975403,0.15444457530975342,46
U02413,G02188,hablando más en castellano ya no hablan shiwilu.,"a'pinta' kaschilleklansa' lunna', ñi a'pinta' shiwilu la'la' lunpi'ñina'.",enta' winterkenma' ma'pu'si'pa' kineklada' llillin ñilli.,U03147,G02922,hard,0.5283581018447876,0.4711780548095703,0.057180047035217285,4
U02413,G02188,hablando más en castellano ya no hablan shiwilu.,"a'pinta' kaschilleklansa' lunna', ñi a'pinta' shiwilu la'la' lunpi'ñina'.","apu'tek i'mi'na ñinpu' ninchiluyuchi'ñi, ñi aperku'tekinpu'.",U03134,G02909,medium,0.5283581018447876,0.37823569774627686,0.15012240409851074,19
U02244,G02019,quiere venir.,ya'wencha'lli,iñer' ta'wantulli,U02069,G01852,hard,0.5027014017105103,0.4515681862831116,0.05113321542739868,7
U02244,G02019,quiere venir.,ya'wencha'lli,ta'iter' a'mercha,U00394,G00319,medium,0.5027014017105103,0.3510422706604004,0.15165913105010986,34
U02811,G02586,hace cuántos miles de años habrá pasado eso lo que ha sido así!,enpu'dun waranka ekkilaleipa' ñilli nana nu'su' ña'su'!,¡ma'allimi'na enpi' uklli llinserpi namasu' lunpa'kawa'su' ektu'nchinaa!,U03048,G02823,hard,0.6617836952209473,0.5294989347457886,0.1322847604751587,2
U02811,G02586,hace cuántos miles de años habrá pasado eso lo que ha sido así!,enpu'dun waranka ekkilaleipa' ñilli nana nu'su' ña'su'!,"¡ma'nen ilipa' ñapalli anaka'lusa', nana inchilala yekketcha'kawa'su'lupa'!",U02847,G02622,medium,0.6617836952209473,0.4989403784275055,0.16284331679344177,4
U01581,G01392,estamos intrigados.,lachek'insu' ñapallidek,uki'lallidek,U01564,G01375,hard,0.6259328126907349,0.57356196641922,0.05237084627151489,32
U02625,G02400,"él es, éste es criador de peces exclusivamente.",nani'na asi'na samersa' pektawa'su' nuka'a.,nana sekputchek ima nana mukankinpu'a'su'.,U03133,G02908,hard,0.5943632125854492,0.5331951379776001,0.06116807460784912,2
U02625,G02400,"él es, éste es criador de peces exclusivamente.",nani'na asi'na samersa' pektawa'su' nuka'a.,nana nuka'a,U00428,G00345,medium,0.5943632125854492,0.4397231936454773,0.15464001893997192,7
U00546,G00452,viví,nampilek,luwer'chulek,U02020,G01805,hard,0.5578582286834717,0.507825493812561,0.050032734870910645,23
U00852,G00728,¡empecemos!,¡tenmiansu'wa'!,¡yawa'tenta!,U00491,G00404,hard,0.7915474772453308,0.72260981798172,0.06893765926361084,2
U00852,G00728,¡empecemos!,¡tenmiansu'wa'!,¡kana'tullidek!,U00452,G00368,medium,0.7915474772453308,0.6309735178947449,0.16057395935058594,5
U02153,G01933,tom desapareció.,tom wer'lli,tom panwilek'tulli,U00258,G00205,hard,0.822676956653595,0.7689921855926514,0.053684771060943604,13
U02153,G01933,tom desapareció.,tom wer'lli,tomas ekpa'lli,U00432,G00349,medium,0.822676956653595,0.6669251918792725,0.1557517647743225,50
U00905,G00776,esto apesta.,asu' analli,ipa'li'na tanantapilalli,U02768,G02543,hard,0.6014600396156311,0.5501667261123657,0.05129331350326538,7
U00905,G00776,esto apesta.,asu' analli,nana uk'lli,U00240,G00190,medium,0.6014600396156311,0.4395822286605835,0.1618778109550476,24
U00123,G00088,lo sabemos.,ñinchitapallidek,a'wer'llidek,U02186,G01966,hard,0.6184616088867188,0.567916989326477,0.0505446195602417,16
U00123,G00088,lo sabemos.,ñinchitapallidek,welliek'apallidek,U01561,G01373,medium,0.6184616088867188,0.4624883532524109,0.15597325563430786,42
U02894,G02669,"después de hacer eso, los acarreó a su casa (a todos los cadáveres) y se los comió.","nu'tan, pidekñik sichi'dandek'an iñer urañi.",nanek da'an lli'itulli dinlupinen.,U02827,G02602,hard,0.4535004496574402,0.4031975567340851,0.0503028929233551,39
U01014,G00876,baje.,nu'wanker',wenller',U00475,G00390,hard,0.5608745813369751,0.5092658996582031,0.05160868167877197,42
U03034,G02809,"ahora conocemos a otras gentes, conocemos a los que hablan otra lengua.","ipa'la'ka luwetchudekllina' ali'la muda'lusa', luwetchudekñina' nerpi'la lunlusa'.","lli'inutapaku' nu'sukla'nka kenmu'wa' ipa'la itullinerkenmu'wa', gente civilizada tullima.",U03190,G02965,hard,0.62436443567276,0.563805341720581,0.060559093952178955,6
U03034,G02809,"ahora conocemos a otras gentes, conocemos a los que hablan otra lengua.","ipa'la'ka luwetchudekllina' ali'la muda'lusa', luwetchudekñina' nerpi'la lunlusa'.","enchuku', inlli'inuku'la' yalli'lusa' enpu'ninchi yawichi'tama' nanpiladaku'.",U02863,G02638,medium,0.62436443567276,0.46267443895339966,0.16168999671936035,36
U01030,G00891,conduce lentamente.,ekpa'ker' utila',lunker' lachek'ak,U01523,G01338,hard,0.49407339096069336,0.44226792454719543,0.051805466413497925,33
U00515,G00426,soy feliz,musu' nampipalek,yawelliekwinek,U02030,G01814,hard,0.6061154007911682,0.5554584860801697,0.050656914710998535,9
U02839,G02614,no sabemos.,ñinchichi'nekwa'.,lachek'apallidek,U01575,G01386,hard,0.6132653951644897,0.5555679798126221,0.057697415351867676,17
U03190,G02965,"vayan acordándose de esa clase (de nombres) nos dicen ahora, gente civilizada dicen.","lli'inutapaku' nu'sukla'nka kenmu'wa' ipa'la itullinerkenmu'wa', gente civilizada tullima.","ipa'la'ka luwetchudekllina' ali'la muda'lusa', luwetchudekñina' nerpi'la lunlusa'.",U03034,G02809,medium,0.6810601949691772,0.4958750903606415,0.18518510460853577,2
U00337,G00271,soy ciega.,dapinantek' nuka'ka,luanpi nuka'ka,U00344,G00275,hard,0.7713236212730408,0.7191956639289856,0.052127957344055176,18
U00337,G00271,soy ciega.,dapinantek' nuka'ka,ñapalek sadasu',U00820,G00696,medium,0.7713236212730408,0.6188023090362549,0.1525213122367859,31
U00338,G00271,soy ciego.,dapinantek' nuka'ka,mukankainpu' nuka'ka,U00205,G00158,hard,0.7471386790275574,0.6867627501487732,0.06037592887878418,22
U01759,G01561,sería cuidadoso.,ñi'inaka inlu'uktutek,inlli'inuinsu' ñapalli,U02246,G02021,hard,0.38407203555107117,0.33280158042907715,0.05127045512199402,24
U02345,G02120,mientras está hirviendo se tuesta el maíz desgranado.,ukluka'pasik kenmu'nta' inyalalatulek chitetlla.,ukluka'sik pata'lek unmellinpa'ta'kasu'.,U02358,G02133,hard,0.49412646889686584,0.4409064054489136,0.05322006344795227,8
U01942,G01732,¿son hermanas?,¿kai'kualusa' nuka'mama'?,¿pumuladawanpalama'?,U02233,G02008,hard,0.6702111959457397,0.5946810841560364,0.07553011178970337,3
U01942,G01732,¿son hermanas?,¿kai'kualusa' nuka'mama'?,¿pen a'cha a'ñapalama'?,U02612,G02387,medium,0.6702111959457397,0.5181908011436462,0.1520203948020935,12
U02881,G02656,"muy bien, hermano. (joven)","- ta'iter, alli'shá.",lekker',U02222,G01999,hard,0.43398723006248474,0.3785795569419861,0.05540767312049866,14
U02782,G02557,"no conocen la huangana,","luwetchi'ñina' panwala,","ñimi'na luwetchi'ñina' iker'adu,",U02632,G02407,hard,0.769098699092865,0.7179364562034607,0.0511622428894043,4
U02782,G02557,"no conocen la huangana,","luwetchi'ñina' panwala,","kuashasa' ñienkasu' patunwi'nek,",U02502,G02277,medium,0.769098699092865,0.603041410446167,0.166057288646698,15
U01320,G01149,¿estás?,¿ñapala?,¿enpuduncha?,U01706,G01509,hard,0.74090975522995,0.682629406452179,0.058280348777770996,14
U02594,G02369,después dice que arákayu se alegró.,nu'an ima arakayu sakeklli.,tan ima arakayu nana lanla' aku'lli.,U02821,G02596,hard,0.7601779103279114,0.7098939418792725,0.050283968448638916,6
U02594,G02369,después dice que arákayu se alegró.,nu'an ima arakayu sakeklli.,lawinñini'ma arakayu.,U02656,G02431,medium,0.7601779103279114,0.6070635914802551,0.15311431884765625,12
U01183,G01030,cuéntame más.,wintu'u a'pinta',enka'u nu'unta'lusa',U01356,G01183,hard,0.7307421565055847,0.6218309998512268,0.10891115665435791,5
U01183,G01030,cuéntame más.,wintu'u a'pinta',musu' wintu'u,U02238,G02013,medium,0.7307421565055847,0.573329746723175,0.15741240978240967,7
U01184,G01030,dime más.,wintu'u a'pinta',enka'u nu'unta'lusa',U01356,G01183,hard,0.6898360252380371,0.5611718893051147,0.12866413593292236,5
U01184,G01030,dime más.,wintu'u a'pinta',ta'itula'u lli'echek,U01496,G01313,medium,0.6898360252380371,0.5267184972763062,0.16311752796173096,7
U01185,G01030,dígame más.,wintu'u a'pinta',enka'u nu'unta'lusa',U01356,G01183,hard,0.7583653330802917,0.6331461071968079,0.1252192258834839,5
U01185,G01030,dígame más.,wintu'u a'pinta',ta'itula'u wintechen,U01818,G01615,medium,0.7583653330802917,0.5969559550285339,0.1614093780517578,7
U01896,G01690,somos minuciosos.,inlu'uk'tutek nuka'kawa',yampu'su' ñapallidek,U02184,G01964,hard,0.6740209460258484,0.6168581247329712,0.0571628212928772,12
U01896,G01690,somos minuciosos.,inlu'uk'tutek nuka'kawa',nanadaper a'ñapallidek,U02185,G01965,medium,0.6740209460258484,0.5231198072433472,0.15090113878250122,43
U02455,G02230,"eso nomás, no tomo mucho, poquito cuando tengo sed bebo,","nanasa', kupin uwapi'nek, u'nisha iyumu uwapalek,","ukluka'sik, ali'lak kupin uktak pekdu'a'kasu' upellek.",U02364,G02139,hard,0.6466343402862549,0.509171724319458,0.13746261596679688,2
U02455,G02230,"eso nomás, no tomo mucho, poquito cuando tengo sed bebo,","nanasa', kupin uwapi'nek, u'nisha iyumu uwapalek,",nanasa' lunek. ipa'li'na kua yunsanpateku nellupa' pa'achek.,U03047,G02822,medium,0.6466343402862549,0.4928070604801178,0.15382727980613708,3
U00119,G00085,¡despierta!,¡nanpiker'!,¡mupencha!,U00512,G00423,hard,0.7399728894233704,0.6725706458091736,0.06740224361419678,3
U00119,G00085,¡despierta!,¡nanpiker'!,¡lli'ker'!,U01008,G00871,medium,0.7399728894233704,0.5881592631340027,0.15181362628936768,25
U02030,G01814,quise llorar.,yawelliekwinek,yawichi'lek,U00567,G00471,hard,0.5902274250984192,0.5377666354179382,0.05246078968048096,7
U02030,G01814,quise llorar.,yawelliekwinek,luwantulliner'ku,U01457,G01275,medium,0.5902274250984192,0.4396009147167206,0.1506265103816986,44
U03055,G02830,entonces les voy a contar. ¡escuchen!,enta' winterkenma'. ¡lawekku'!,"- ¡wa'an, enchuku' pur'awa'!",U02740,G02515,hard,0.6123540997505188,0.5617012977600098,0.05065280199050903,4
U03055,G02830,entonces les voy a contar. ¡escuchen!,enta' winterkenma'. ¡lawekku'!,"yuyu'lusa', ¡da'kerku' u'ku!",U03060,G02835,medium,0.6123540997505188,0.46190279722213745,0.15045130252838135,14
U00467,G00382,sé serio.,yamercha,inpaleriaper',U01813,G01610,hard,0.48107367753982544,0.42968040704727173,0.05139327049255371,27
U00372,G00303,¡es verdad!,¡tekkinchi nuka'a!,¡nanek ñapalli!,U00890,G00762,hard,0.5513401627540588,0.49210530519485474,0.0592348575592041,10
U00372,G00303,¡es verdad!,¡tekkinchi nuka'a!,¡paker'!,U00065,G00051,medium,0.5513401627540588,0.4012693464756012,0.15007081627845764,42
U00956,G00823,qué dolor.,embu'ni iker'ipa',panwalalan.,U02636,G02411,hard,0.4106508195400238,0.3443985879421234,0.06625223159790039,4
U01213,G01054,esto ayudará.,asu' katu'pa'techu,asu' saka'techu',U01872,G01666,hard,0.6462419033050537,0.5960763096809387,0.05016559362411499,3
U01213,G01054,esto ayudará.,asu' katu'pa'techu,nu'tawa' ipa'la,U02092,G01874,medium,0.6462419033050537,0.4782632887363434,0.16797861456871033,10
U02541,G02316,entonces con eso mismo lávense y frótense sus cuerpos.,"nu'anma' nanalek i'la inpamu'pi'ku', inpanka'pi'ku'.",nanentu pa'erkasu' anaker'chuna' iñerdaper.,U02855,G02630,hard,0.6287023425102234,0.5651345252990723,0.06356781721115112,4
U02541,G02316,entonces con eso mismo lávense y frótense sus cuerpos.,"nu'anma' nanalek i'la inpamu'pi'ku', inpanka'pi'ku'.",ta'wanchinpu'ek asu'lupa namasu' la'la' lu'nkawasu'.,U02316,G02091,medium,0.6287023425102234,0.47766876220703125,0.15103358030319214,39
U02460,G02235,el canasto caminaba.,nana lantekpi dekkuntulli.,tom panwilek'tulli,U00258,G00205,hard,0.44698506593704224,0.39493605494499207,0.05204901099205017,26
U00651,G00543,tom baila.,tom lansa'palli,tom chi'ye'klli,U00911,G00781,hard,0.8469865918159485,0.7961350679397583,0.050851523876190186,17
U01727,G01529,tengo tos.,ilulek,lauk'tapawinek,U02034,G01818,hard,0.5225032567977905,0.47234514355659485,0.05015811324119568,45
U01961,G01751,¿te gustó?,¿iya'tula?,¿iyatulun?,U01680,G01485,hard,0.5829768180847168,0.5324938297271729,0.050482988357543945,44
U02282,G02057,"te voy a enseñar, llévala tú también y aprende.","a'lek'erken, ekpanta'n kenmanta' ñinchiter.","a'urkenma' uklupidek, dinpunen a'urkenma'.",U03061,G02836,hard,0.6270956993103027,0.56480473279953,0.062290966510772705,2
U02282,G02057,"te voy a enseñar, llévala tú también y aprende.","a'lek'erken, ekpanta'n kenmanta' ñinchiter.","kalantekwek nu'tulek, kutunwek nu'tulek, apetchawekku'kin kutunen nu'itulek.",U03144,G02919,medium,0.6270956993103027,0.44590312242507935,0.1811925768852234,6
U02293,G02068,más que sigan ellos (difundiéndola).,a'pinta' tupichina' nawa'.,nu'su' nanpillina' napi'.,U03101,G02876,hard,0.6407329440116882,0.5506375432014465,0.0900954008102417,2
U02293,G02068,más que sigan ellos (difundiéndola).,a'pinta' tupichina' nawa'.,uketchu samellusa'.,U02641,G02416,medium,0.6407329440116882,0.487538605928421,0.1531943380832672,11
U02770,G02545,yendo a sentarse afuera y sintieron pena.,adipi du'kunna' wa'inutullina'.,wisunanpalli enpu'nipa' tanpennan ñapalli.,U02754,G02529,hard,0.5488584637641907,0.49629563093185425,0.052562832832336426,4
U02770,G02545,yendo a sentarse afuera y sintieron pena.,adipi du'kunna' wa'inutullina'.,"nanekla, nanekla'nka pi'shek'anma' lli'ku'.",U02544,G02319,medium,0.5488584637641907,0.39438632130622864,0.15447214245796204,33
U02177,G01957,los detendremos.,tu'nek'echidek,a'ñapalekwa' da'lusa',U02163,G01943,hard,0.47751927375793457,0.42521756887435913,0.05230170488357544,36
U02278,G02053,"ahora esta hermana ha venido desde un pueblo lejano, la señora.","ipa'la asu' kai kua wei ñinanlukla weklli, senñula'.","ukta nudektulli ama'ladatulli nana, ma'i, kelluluñiñi'.",U02963,G02738,hard,0.5878854990005493,0.5205488204956055,0.06733667850494385,2
U02278,G02053,"ahora esta hermana ha venido desde un pueblo lejano, la señora.","ipa'la asu' kai kua wei ñinanlukla weklli, senñula'.",da'ilek ala'si'mi'na lachik'apalli asu' shiwilu la'la'.,U02974,G02749,medium,0.5878854990005493,0.42806488275527954,0.15982061624526978,5
U00659,G00549,tom saltó.,tom indek'lli,tom inllipu'itek'latulli,U01551,G01363,hard,0.834489107131958,0.7773921489715576,0.05709695816040039,36
U01012,G00875,regresa.,adencher',a'wanerker',U00109,G00077,hard,0.5924274921417236,0.5374353528022766,0.05499213933944702,26
U00551,G00456,llegué tarde.,etu'kerlek er'wa,lek'ku ek'klli,U01945,G01735,hard,0.5890674591064453,0.507225751876831,0.08184170722961426,6
U00551,G00456,llegué tarde.,etu'kerlek er'wa,kualek nu'ter',U01347,G01174,medium,0.5890674591064453,0.43690621852874756,0.15216124057769775,34
U01661,G01468,regresa pronto.,adencher' wiuk'su',da'ker' kinekla,U00026,G00021,hard,0.48475080728530884,0.4305228888988495,0.05422791838645935,16
U02887,G02662,"dijeron eso e hicieron fuego con la candela de, este, el duende puro hueso.","tan ipa'linchi penwañina' nana, ma'i, lansi' wa'dan pennenlek.","nanek ima ñinanlu' indiuntuñina' nanentu, wa'anler peklu'deklli.",U02834,G02609,hard,0.5310558080673218,0.47741249203681946,0.05364331603050232,13
U01732,G01534,debo regresar.,adanta'a'kasu' ñapalli,kanan'a'kasu' ñapalli,U02013,G01798,hard,0.5269091725349426,0.4653718173503876,0.061537355184555054,4
U01732,G01534,debo regresar.,adanta'a'kasu' ñapalli,yennitula' llia'a'mak,U01269,G01104,medium,0.5269091725349426,0.3701879382133484,0.15672123432159424,15
U00382,G00311,¡suéltame!,¡apu'u!,¡ta'tu'la'ku!,U00594,G00494,hard,0.7972314357757568,0.7322576642036438,0.06497377157211304,6
U00382,G00311,¡suéltame!,¡apu'u!,¡peklu'u ma'isik!,U01329,G01157,medium,0.7972314357757568,0.6315421462059021,0.16568928956985474,14
U00426,G00344,toma esto.,ma'ta asu',sek'diperker' asu',U00374,G00305,hard,0.6541065573692322,0.6005979776382446,0.05350857973098755,22
U00426,G00344,toma esto.,ma'ta asu',llinser'ku' nana,U02197,G01977,medium,0.6541065573692322,0.49396440386772156,0.16014215350151062,44
U00427,G00344,tome esto.,ma'ta asu',a'ta'wantuku' asu',U00749,G00628,hard,0.6762697696685791,0.6207646727561951,0.05550509691238403,23
U00427,G00344,tome esto.,ma'ta asu',du'ker' nanek,U00414,G00334,medium,0.6762697696685791,0.5249109864234924,0.15135878324508667,32
U02367,G02142,se lo sienta y entonces ahí se vacea (el líquido para ser guardado).,nana a'duk ipa'linchi nanek upellek.,ipa'linchi a'pi'dektapa'sik ukllapilelli.,U02385,G02160,hard,0.5193925499916077,0.4661194980144501,0.05327305197715759,6
U02367,G02142,se lo sienta y entonces ahí se vacea (el líquido para ser guardado).,nana a'duk ipa'linchi nanek upellek.,ipa'linchi katennek.,U02356,G02131,medium,0.5193925499916077,0.3673184812068939,0.15207406878471375,35
U02248,G02023,¿cuánto mides?,¿empu'dun pichiapala?,¿kenma tukulu'pala?,U01026,G00888,hard,0.468728631734848,0.41810715198516846,0.050621479749679565,4
U01366,G01191,le cogieron.,pilli'tullina,latektullina',U00898,G00769,hard,0.6096791625022888,0.5524947047233582,0.057184457778930664,14
U01366,G01191,le cogieron.,pilli'tullina,intek'lli'wina,U00457,G00373,medium,0.6096791625022888,0.45830923318862915,0.15136992931365967,35
U00298,G00237,no lloren.,yawellektama',yatuluner'ta,U00486,G00399,hard,0.7174999117851257,0.6500306725502014,0.06746923923492432,2
U00298,G00237,no lloren.,yawellektama',yawa'tentuta,U00493,G00406,medium,0.7174999117851257,0.5534489750862122,0.16405093669891357,15
U00772,G00649,no como.,ka'api'nek,yiennichi'nek,U02074,G01857,hard,0.5398662686347961,0.4884512722492218,0.05141499638557434,5
U00772,G00649,no como.,ka'api'nek,ku'la pa'chinchu,U01478,G01296,medium,0.5398662686347961,0.388439416885376,0.15142685174942017,38
U02129,G01909,ellos cenaron.,nawa' werañina',nawa dekllina',U00642,G00535,hard,0.6414893865585327,0.5869354009628296,0.054553985595703125,3
U02129,G01909,ellos cenaron.,nawa' werañina',iyatechuna',U02139,G01919,medium,0.6414893865585327,0.4875795543193817,0.153909832239151,24
U01362,G01188,guarda eso.,sekdiperker' nana,lli'ku' asu',U01032,G00893,hard,0.6473068594932556,0.5885603427886963,0.058746516704559326,9
U01362,G01188,guarda eso.,sekdiperker' nana,lenme'ker' ipa,U01833,G01629,medium,0.6473068594932556,0.49120888113975525,0.15609797835350037,30
U01363,G01188,conserva eso.,sekdiperker' nana,llinser'ker' nana,U02196,G01975,hard,0.6855119466781616,0.6208078265190125,0.06470412015914917,6
U01363,G01188,conserva eso.,sekdiperker' nana,nu'ter' ipa'la,U00294,G00233,medium,0.6855119466781616,0.5341062545776367,0.1514056921005249,29
U03112,G02887,"dice que el astro le había tocado el corazón a malallina, decían algunos.","pi'tandulaler ima pata'kankañi asu' malallina, tullina'nta'.","ukta nudektulli ama'ladatulli nana, ma'i, kelluluñiñi'.",U02963,G02738,hard,0.64298415184021,0.581834077835083,0.06115007400512695,2
U03112,G02887,"dice que el astro le había tocado el corazón a malallina, decían algunos.","pi'tandulaler ima pata'kankañi asu' malallina, tullina'nta'.",ala'sa' taserpiler ima pinter setmun a'u'deklli.,U02890,G02665,medium,0.64298415184021,0.48110541701316833,0.16187873482704163,13
U01444,G01262,lo llevaré.,epa'echek,dei'techek,U01439,G01258,hard,0.6861664056777954,0.6311690211296082,0.054997384548187256,13
U01444,G01262,lo llevaré.,epa'echek,katu'palek,U00527,G00437,medium,0.6861664056777954,0.5352388620376587,0.15092754364013672,51
U02922,G02697,entonces dijeron estos fueron atrapados por las fieras.,ipa'linchi itudeklli asi'na anaka'llina'.,nu'anna' insekkitullina'.,U02940,G02715,hard,0.6139529347419739,0.5594918727874756,0.05446106195449829,36
U02442,G02217,"ellas son doscitas, dos hijas mujeres.","nawa' katu'shadaper, katu'ta' ku'aperwawalusa'.","la'i nu'lekweipa', ku'leipa'. latekchi'lek kua.",U03191,G02966,hard,0.5230421423912048,0.4703928828239441,0.05264925956726074,6
U02442,G02217,"ellas son doscitas, dos hijas mujeres.","nawa' katu'shadaper, katu'ta' ku'aperwawalusa'.","wadunni'ma chintanna', adenchanna' ñinanluk luncha'llina'.",U02655,G02430,medium,0.5230421423912048,0.3704187273979187,0.15262341499328613,28
U02756,G02531,"en esos lagos, dice, todavía viven sus dueños, adentro.","sennanlusek ima nanpipallinpi'la wa'anen, kinekla.","dudinpu' asu' lupek pa'a'su'daper ilakapi chiketchullina', wei pa'llina'.",U02813,G02588,hard,0.6279817223548889,0.5745347738265991,0.053446948528289795,3
U02756,G02531,"en esos lagos, dice, todavía viven sus dueños, adentro.","sennanlusek ima nanpipallinpi'la wa'anen, kinekla.","nu'anma' nanalek i'la inpamu'pi'ku', inpanka'pi'ku'.",U02541,G02316,medium,0.6279817223548889,0.4721519649028778,0.1558297574520111,9
U02865,G02640,"cuando se despierten los unos, hasta que estén despiertos ellos los otros que duerman.",nanpincha'a'ser nawa' nanpiladaperkek walek ali'la musun'unta' wichi'chu'.,ala'lu'sa' katu'ta' wilalunlusa' katu'ta' yuyu'walusa'ler kaper'anna' lumellina'.,U02468,G02243,hard,0.5458871722221375,0.491281121969223,0.05460605025291443,9
U02472,G02247,ahora sí nunca más voy a caminar.,ipa'la'ka enpi'pu'sha dekkunchi'nchek.,ipa'linchi ukdinu'ta'kasu'lek a'kasetllek.,U02381,G02156,hard,0.6586861610412598,0.6013162136077881,0.05736994743347168,2
U02472,G02247,ahora sí nunca más voy a caminar.,ipa'la'ka enpi'pu'sha dekkunchi'nchek.,ipa'linchi ukdinu'tulek.,U02355,G02130,medium,0.6586861610412598,0.5076274275779724,0.15105873346328735,10
U01631,G01442,llegaran lejos.,wei ek'tue'chuna',nanek nanpipallina',U02132,G01912,hard,0.5366101264953613,0.4706665873527527,0.06594353914260864,4
U01631,G01442,llegaran lejos.,wei ek'tue'chuna',uker'llina',U00891,G00763,medium,0.5366101264953613,0.3849361538887024,0.15167397260665894,31
U00451,G00367,ya veremos.,ipa' lli'aterwa',lli'aterwa',U01589,G01400,hard,0.6678124070167542,0.6172963976860046,0.05051600933074951,3
U00451,G00367,ya veremos.,ipa' lli'aterwa',lli'awa',U00388,G00316,medium,0.6678124070167542,0.5043068528175354,0.16350555419921875,11
U02957,G02732,"algunos percibieron la ceniza que volaba. dicen que de ahí se originó la lombriz, el iluli, toda clase de enfermedades que hay en nuestro estómago, dijeron.","nu'unta' ima lanpi'tasu' nana pendalu' penlu'pasu'. nanekla ima ñilli kuwer', tuner, dudinpu' kaluwi' ñilli merpimapu'wek tullina'.","nu'unti'ma aper'kulli. yalun'i'ñi uncha'n muyunpakla ma'pu'si'pa' lli'lli senñulalusa', ñima nanapinta' yalun'i'ñi, ta'tula'nna' pa'llina'.",U03035,G02810,hard,0.5767267346382141,0.524641215801239,0.0520855188369751,13
U02957,G02732,"algunos percibieron la ceniza que volaba. dicen que de ahí se originó la lombriz, el iluli, toda clase de enfermedades que hay en nuestro estómago, dijeron.","nu'unta' ima lanpi'tasu' nana pendalu' penlu'pasu'. nanekla ima ñilli kuwer', tuner, dudinpu' kaluwi' ñilli merpimapu'wek tullina'.","yenchenterka'su' saka'tapanna', iñer er'werwalek ipa' kasiserapilek walek ipa' asu' inkella chanchanchan.",U03136,G02911,medium,0.5767267346382141,0.42371073365211487,0.15301600098609924,47
U00782,G00659,los conozco.,luwer'chapadeklek,ellia'pawinek,U01755,G01557,hard,0.5568885803222656,0.5057680010795593,0.0511205792427063,25
U02821,G02596,dijo arákayu y puso la ballena.,tan ima arakayu nana lanla' aku'lli.,"arakayu ima peklu'deklli, itudeklli:",U02637,G02412,hard,0.6305511593818665,0.5804327726364136,0.05011838674545288,11
U02821,G02596,dijo arákayu y puso la ballena.,tan ima arakayu nana lanla' aku'lli.,tullima lansi' wa'dan uker'apan.,U02953,G02728,medium,0.6305511593818665,0.4776880443096161,0.15286311507225037,25
U01617,G01428,puedes hablar.,yennitula lun'a'mak,yennitula' idun'a'mak,U01274,G01109,hard,0.5822029709815979,0.5271098613739014,0.05509310960769653,3
U01617,G01428,puedes hablar.,yennitula lun'a'mak,yennitula pa'a'masu',U00708,G00594,medium,0.5822029709815979,0.394380658864975,0.18782231211662292,7
U01614,G01425,¡hipócrita!,¡katu'lada!,¡ukeñan!,U00007,G00005,hard,0.6592525243759155,0.6085876226425171,0.05066490173339844,25
U02180,G01960,estamos escuchando.,lauk'tapallidek,kerka' luntapallidek,U01585,G01396,hard,0.672340452671051,0.5917001962661743,0.08064025640487671,2
U02180,G01960,estamos escuchando.,lauk'tapallidek,uki'lallidek,U01564,G01375,medium,0.672340452671051,0.5201354622840881,0.1522049903869629,11
U00040,G00034,escucharon.,lau'tullina',llia'llina',U00640,G00533,hard,0.7495061755180359,0.6658688187599182,0.08363735675811768,4
U00040,G00034,escucharon.,lau'tullina',lumer'llina',U01198,G01039,medium,0.7495061755180359,0.597315788269043,0.15219038724899292,14
U02550,G02325,"sobrepasaba las copas de los árboles, muy cerca del cielo ardía.","nalamulu'lusa' nakutusu', kekkilu'tek kawima uluntulli.",ta'ser kuanta' taserpiku'lusa' laukdeklek du'amu weilan.,U02789,G02564,hard,0.49740731716156006,0.44368183612823486,0.053725481033325195,12
U01161,G01013,señálalo.,tañituker',anu'ker',U00149,G00109,hard,0.6323179006576538,0.5818454027175903,0.05047249794006348,47
U02999,G02774,de esa manera construyeron el camino de moyobamba.,nu'siklimaka asu' muyunpa inchilala nu'tullina'.,nanekla papina chiminlapillun.,U02438,G02213,hard,0.5033513903617859,0.4503644108772278,0.052986979484558105,40
U00211,G00163,soy delgado. (masculino),shamu'pensu' nuka'ka,nuwek'mutu'ku,U00188,G00143,hard,0.6557509899139404,0.6003395318984985,0.055411458015441895,26
U00211,G00163,soy delgado. (masculino),shamu'pensu' nuka'ka,sha'mu'su' ñapalek,U00565,G00469,medium,0.6557509899139404,0.5036196708679199,0.1521313190460205,40
U03042,G02817,"se fueron hasta moyobamba, regresaron, tuvieron reuniones y hablaron.","muyunpak walek pa'anna', adencha'nna', indiuntunna' luñina'.","du'anna', wa'inutanna', nerpi'pu' ñiper'dekllina' nana pa'lusa'.",U03016,G02791,hard,0.7091217637062073,0.6191801428794861,0.08994162082672119,7
U03042,G02817,"se fueron hasta moyobamba, regresaron, tuvieron reuniones y hablaron.","muyunpak walek pa'anna', adencha'nna', indiuntunna' luñina'.","du'anna' adipi, uklulunenna' uwanna'pu'su', tusu' tullina', tandulalusa' lli'anna', pi'tandula lli'anna'.",U03111,G02886,medium,0.7091217637062073,0.5556167960166931,0.15350496768951416,17
U00290,G00230,vuelve.,aden'cher',a'wanerker',U00109,G00077,hard,0.6028818488121033,0.5497076511383057,0.05317419767379761,19
U01800,G01597,estará listo.,insek'diperpi ñape'chu,chiminllinkekla nanpiterwa',U01579,G01390,hard,0.6031946539878845,0.5410245656967163,0.06217008829116821,2
U01800,G01597,estará listo.,insek'diperpi ñape'chu,insek'lutenapalli,U01051,G00911,medium,0.6031946539878845,0.4362788200378418,0.16691583395004272,8
U03078,G02853,los del grupo del malallina entraron y encontraron solamente a sekputchek.,nana malallinalek ñapalusi'mi'na danker'kuñina' kani'ñina' sekputcheksa'.,"ta'ser lauktulek papinkuku'lusa', amiku'lusa' luñina'.",U02812,G02587,hard,0.48353302478790283,0.43314459919929504,0.05038842558860779,20
U02899,G02674,"quizás no, quizas es un anuncio de lluvias.","ma'shipa', yu'lanla'pi' nuka'a.","- ah, enta'n'i'na dasu'laklanek uwi'nek.",U02451,G02226,hard,0.5452044010162354,0.4483216404914856,0.09688276052474976,4
U02899,G02674,"quizás no, quizas es un anuncio de lluvias.","ma'shipa', yu'lanla'pi' nuka'a.","- enta'n, er'washinchi lli'kunkenma'.",U02929,G02704,medium,0.5452044010162354,0.38582634925842285,0.1593780517578125,9
U01588,G01399,nos quedamos.,llia'terwa',pa'inpu'wa',U01150,G01003,hard,0.6162524223327637,0.5627942681312561,0.05345815420150757,26
U01538,G01350,lo encontraron.,kanañina',anu'llina',U00430,G00347,hard,0.5766274333000183,0.5189478993415833,0.05767953395843506,22
U00896,G00767,se abrazaron.,inwiperi'llina',lumer'llina',U01198,G01039,hard,0.6710759401321411,0.605445921421051,0.06563001871109009,27
U00896,G00767,se abrazaron.,inwiperi'llina',impaleriawa',U01825,G01621,medium,0.6710759401321411,0.5197167992591858,0.15135914087295532,44
U02852,G02627,a todos ellos matándolos bien vamos a ir.,nanadaper a'ka di'tupatekwa' musu' pa'aterwa'.,nu'unta'nmu'wa' ipa' muyunpa luwetchaterwa'.,U02860,G02635,hard,0.5670323967933655,0.5110713243484497,0.05596107244491577,6
U02852,G02627,a todos ellos matándolos bien vamos a ir.,nanadaper a'ka di'tupatekwa' musu' pa'aterwa'.,nawa' ipa'la asu' kaschilla la'la' a'lek'apallinerkudek.,U03118,G02893,medium,0.5670323967933655,0.41619840264320374,0.15083399415016174,19
U00800,G00677,estaba mareado.,ñapawinek lupersu',illiapalek'inpu ñapawinek,U01429,G01249,hard,0.6886335611343384,0.6378457546234131,0.05078780651092529,11
U00800,G00677,estaba mareado.,ñapawinek lupersu',perwatendusu' ñapalek,U01452,G01270,medium,0.6886335611343384,0.5368344187736511,0.15179914236068726,49
U00323,G00258,lo odio.,luyulek',a'ñapalek,U00178,G00136,hard,0.6182974576950073,0.5573676228523254,0.060929834842681885,13
U01343,G01171,¿necesito uno?,¿luantulek ala'sa'?,¿yennitulek pilli'tak?,U01336,G01164,hard,0.5486035943031311,0.48056328296661377,0.06804031133651733,4
U01343,G01171,¿necesito uno?,¿luantulek ala'sa'?,¿yennitulek wiperi'a'kik?,U01332,G01160,medium,0.5486035943031311,0.388400137424469,0.1602034568786621,25
U00184,G00140,me quedé.,lliya'lek',sakek'lek,U01722,G01525,hard,0.577745795249939,0.5267121195793152,0.05103367567062378,46
U02291,G02066,"ella también que enseñe para que (otros) la aprendan,","nananta' a'lekchii, ñinchichii,","nana asu' ishpaña la'la'lunlusa' lliketchudeknanta'ser,",U03106,G02881,hard,0.6271171569824219,0.5660398602485657,0.0610772967338562,13
U02291,G02066,"ella también que enseñe para que (otros) la aprendan,","nananta' a'lekchii, ñinchichii,","ma'sha tullima ala'sa' taserpi,",U02623,G02398,medium,0.6271171569824219,0.4771079421043396,0.15000921487808228,39
U02363,G02138,"cuando está humeando, humeando, humeando,","mu'ka mu'ka mu'katapasik,","nananta' a'lekchii, ñinchichii,",U02291,G02066,hard,0.5599950551986694,0.5004478096961975,0.059547245502471924,4
U02363,G02138,"cuando está humeando, humeando, humeando,","mu'ka mu'ka mu'katapasik,","ali'la uncha'lli, ali'la uncha'lli....",U02428,G02203,medium,0.5599950551986694,0.40205153822898865,0.1579435169696808,15
U00583,G00713,eso pasa.,nana nakulli,nana ikerlli,U00635,G00530,hard,0.5721964836120605,0.5089594125747681,0.06323707103729248,11
U00583,G00713,eso pasa.,nana nakulli,nu'tawa' nana,U01501,G01317,medium,0.5721964836120605,0.42066168785095215,0.1515347957611084,31
U00837,G00713,eso sucedió.,nana nakulli,nana katu'pa'tulli,U00888,G00760,hard,0.6856723427772522,0.6309705972671509,0.05470174551010132,8
U00837,G00713,eso sucedió.,nana nakulli,nana taserpitulli,U00754,G00633,medium,0.6856723427772522,0.5322585701942444,0.1534137725830078,18
U02746,G02521,se secaron las cochas.,enpinantekllina' sennanlusa'.,sapana'lusa'sa' pekpillina'.,U02704,G02479,hard,0.5940135717391968,0.543218195438385,0.05079537630081177,5
U02746,G02521,se secaron las cochas.,enpinantekllina' sennanlusa'.,tekkinchima pa'llina'.,U02920,G02695,medium,0.5940135717391968,0.4423188269138336,0.15169474482536316,20
U02951,G02726,"ya me han muerto, ya me están quemando para que no vea más nada.","ipa' dei'tulamau'ku, ipa' kekkapalama'u'ku lli'chinpuek a'pinta'.","ma'pu'si'pa' lli'etchuma' kenmama', ñienpi' lli'npu'a'mama'su' itudekllima wilalusa'.",U02545,G02320,hard,0.5259110927581787,0.47375309467315674,0.05215799808502197,13
U01664,G01471,"vamos, hazlo.","pa'awa, nu'ter'","pa'awa, nu'tuku'",U01665,G01472,hard,0.7275063991546631,0.6384353637695312,0.08907103538513184,2
U01664,G01471,"vamos, hazlo.","pa'awa, nu'ter'","- ta'iter, alli'shá.",U02881,G02656,medium,0.7275063991546631,0.5741859674453735,0.15332043170928955,3
U01924,G01715,son increíbles.,latek'inpu'pilusa' nuker'ka,ñiñuduker' nuka'a,U01801,G01598,hard,0.5673714280128479,0.5010533332824707,0.0663180947303772,14
U01924,G01715,son increíbles.,latek'inpu'pilusa' nuker'ka,mukankaninpu',U01854,G01648,medium,0.5673714280128479,0.41502928733825684,0.15234214067459106,46
U02725,G02500,ahora le llamamos a ese lugar la poza de la niña.,ipa'la peklu'lek leklun pitun.,naneklimaka asu' nana lanla' pitunta' uwentunta'lli.,U02831,G02606,hard,0.6069570779800415,0.5557911992073059,0.051165878772735596,8
U02725,G02500,ahora le llamamos a ese lugar la poza de la niña.,ipa'la peklu'lek leklun pitun.,ipa'linchi ukdinu'ta'kasu'lek a'kasetllek.,U02381,G02156,medium,0.6069570779800415,0.4548690915107727,0.1520879864692688,42
U00775,G00652,tenía frío.,sanek'wantuwinek,ñapawinek lupersu',U00800,G00677,hard,0.6709809899330139,0.616901695728302,0.054079294204711914,9
U00934,G00803,te queremos.,tandenñiden,nuwanta'wa',U01505,G01321,hard,0.525885820388794,0.4619905650615692,0.06389525532722473,5
U00934,G00803,te queremos.,tandenñiden,lek'kawa',U01499,G01315,medium,0.525885820388794,0.3748178780078888,0.15106794238090515,20
U00935,G00803,te amamos.,tandenñiden,impaleriawa',U01825,G01621,hard,0.5108398795127869,0.4526260793209076,0.05821380019187927,17
U00886,G00758,descansad.,neriker',inpaleriaper',U01813,G01610,hard,0.5097142457962036,0.45680534839630127,0.052908897399902344,19
U03082,G02857,"regresando, a los que no apoyaron la rebelión les dijeron ¡vamos a matarlos a esos que no se han adherido.","adanda'nni'ma, nana katu'pa'chinpu'lusa' itudeklli ¡enchuku' di'tudekawa' asu' katu'pa'chinpu'lusa'!",ipa'leklanlek a'metchala nu'unta' chilenñusa' yullina' winenllusa' pa'a'ser nanalupa'.,U03095,G02870,hard,0.5652636885643005,0.5142161846160889,0.05104750394821167,9
U02444,G02219,"preparando la comida me dan de comer, me alimentan.","akusutuker'anna' a'ka'llinerku, a'uranñinerku.","nawa'sa' lli'apallinerku, peksaduintullinerku.",U02443,G02218,hard,0.6401810050010681,0.5524998307228088,0.08768117427825928,2
U02444,G02219,"preparando la comida me dan de comer, me alimentan.","akusutuker'anna' a'ka'llinerku, a'uranñinerku.","nawa' katu'shadaper, katu'ta' ku'aperwawalusa'.",U02442,G02217,medium,0.6401810050010681,0.47938159108161926,0.16079941391944885,7
U00830,G00706,estoy esperando.,wa'tentapalek,wa'tentapechek,U02041,G01825,hard,0.7496991753578186,0.6889358758926392,0.06076329946517944,3
U00830,G00706,estoy esperando.,wa'tentapalek,yapa'lek,U01086,G00945,medium,0.7496991753578186,0.5938785076141357,0.15582066774368286,11
U00365,G00296,está oscuro.,kasiser' ñapalli,neria'masu' ñapalli,U02207,G01984,hard,0.609695553779602,0.5547937750816345,0.05490177869796753,10
U01203,G01044,ellos llamarán.,nawa' peklu'techuna',nawa dekllina',U00642,G00535,hard,0.6095003485679626,0.5576574802398682,0.05184286832809448,7
U01203,G01044,ellos llamarán.,nawa' peklu'techuna',iñer' tumu'llina',U01685,G01490,medium,0.6095003485679626,0.45233482122421265,0.15716552734375,26
U02943,G02718,cuando calmó el temblor los árboles se sacudieron.,nana lupa' lenmek'a'su' supinak nalalusi'ma pada'sa'tulli.,ekpantasik ima taserpiler pilli'tan lutu'lli.,U02932,G02707,hard,0.5312050580978394,0.4811946153640747,0.05001044273376465,20
U03108,G02883,"ellos nos han enseñado a mentir, a robar, a matar, todas esas cosas.","nawa' asu' a'lekllinerkenmu'wa' tumu'akawek, apetchakawek, di'akawek, nanadaper ima'ka.","nana inpikanpasik ima, pa'anna', pasek pasekka'tullina', paki'tullina'.",U02964,G02739,hard,0.6349031329154968,0.5792648792266846,0.055638253688812256,12
U03108,G02883,"ellos nos han enseñado a mentir, a robar, a matar, todas esas cosas.","nawa' asu' a'lekllinerkenmu'wa' tumu'akawek, apetchakawek, di'akawek, nanadaper ima'ka.","pillek'an, tanan, dankumelli a'pinta' tanan.",U02752,G02527,medium,0.6349031329154968,0.4809625446796417,0.1539405882358551,34
U02645,G02420,"vino la doncella,","da'wanser uklli,","puka' yunsu'lli,",U02748,G02523,hard,0.7569618821144104,0.6927297115325928,0.06423217058181763,5
U02645,G02420,"vino la doncella,","da'wanser uklli,","tanpen mudei'ma shipen,",U02735,G02510,medium,0.7569618821144104,0.5962297320365906,0.16073215007781982,12
U00572,G00476,¿es alto? (muy arriba),¿musenkek a'cha?,¿shipen a'cha?,U00570,G00474,hard,0.5788952708244324,0.5278126001358032,0.05108267068862915,12
U01965,G01754,¿lo hiciste?,¿nu'tula?,¿kana'tapala?,U01943,G01733,hard,0.6321678757667542,0.5819275379180908,0.05024033784866333,28
U00402,G00326,lean esto.,luntuku' asu',llia'ker nanek,U01920,G01711,hard,0.6679201722145081,0.5943705439567566,0.07354962825775146,23
U00402,G00326,lean esto.,luntuku' asu',lenme'ker' ipa,U01833,G01629,medium,0.6679201722145081,0.5136357545852661,0.15428441762924194,43
U02630,G02405,"dicen que en esa época ellos, los shiwilu finados, no conocían (todos) los peces.","napi'pui'mi'na ñi nawa', asu' shiwiluku'lusa', samerunta' luwetchi'ñina'.",nu'an yupasik ima ipa' ipa'linchi ñinanlu' indiuntunñina'.,U02737,G02512,hard,0.6428341865539551,0.5839354991912842,0.0588986873626709,4
U02630,G02405,"dicen que en esa época ellos, los shiwilu finados, no conocían (todos) los peces.","napi'pui'mi'na ñi nawa', asu' shiwiluku'lusa', samerunta' luwetchi'ñina'.",enta' wintununterkenma' u'ñishata'la nana ishpaña la'la' lunlusi'mi'na' pipekpi wekllina' muyunpeklan asu' shiwiluk.,U03125,G02900,medium,0.6428341865539551,0.4896627366542816,0.15317144989967346,34
U00190,G00145,estoy calmado.,tuna'su' ñapalek,saka'tusu' ñapalek,U01453,G01271,hard,0.6791357398033142,0.6258899569511414,0.05324578285217285,40
U00787,G00664,debo esconderme.,insek'kita'kasu'ñapalli,iker'lalak aku'llinerku,U01779,G01578,hard,0.4760494530200958,0.4225168228149414,0.05353263020515442,29
U02280,G02055,quiere aprender el idioma shiwilu.,shiwilu la'la' yañinchitulli.,shiwilu la'la' ta'wantapilalli.,U02310,G02085,hard,0.6285192370414734,0.5407497882843018,0.08776944875717163,2
U02280,G02055,quiere aprender el idioma shiwilu.,shiwilu la'la' yañinchitulli.,tullima ala'sa' shaya'.,U02898,G02673,medium,0.6285192370414734,0.4420531690120697,0.1864660680294037,6
U01028,G00889,¿duele?,¿ikerlli?,¿ukllin'cha?,U00752,G00631,hard,0.8378912806510925,0.759371280670166,0.07851999998092651,6
U01028,G00889,¿duele?,¿ikerlli?,¿li'apalu?,U01350,G01177,medium,0.8378912806510925,0.6872002482414246,0.15069103240966797,23
U00143,G00231,venga.,wencher',aden'cher',U00290,G00230,hard,0.6546121835708618,0.597911536693573,0.05670064687728882,7
U00143,G00231,venga.,wencher',muwencha'ker',U00127,G00090,medium,0.6546121835708618,0.5020896196365356,0.15252256393432617,51
U00291,G00231,ven.,wencher',da'encher',U00157,G00116,hard,0.6742146611213684,0.6218941807746887,0.05232048034667969,11
U02792,G02567,"¡váyanse, caramba, lejos!",¡paku' tekchi wei!.,"- ta'iter, alli'shá.",U02881,G02656,hard,0.5585718154907227,0.4993877410888672,0.05918407440185547,10
U02792,G02567,"¡váyanse, caramba, lejos!",¡paku' tekchi wei!.,¡wanerker'!,U00250,G00197,medium,0.5585718154907227,0.40698447823524475,0.1515873372554779,32
U01144,G00997,déjame ir.,ta'itula'u pa'ak,adenche'chek,U01092,G00951,hard,0.6903987526893616,0.6271460056304932,0.06325274705886841,5
U01144,G00997,déjame ir.,ta'itula'u pa'ak,peklu'u,U00055,G00044,medium,0.6903987526893616,0.5390293598175049,0.1513693928718567,20
U02967,G02742,su hembra vive dijeron.,ku'apenñen nanpipalli tan ima.,chipetcheknenna'si'ma' pektentapalli.,U02911,G02686,hard,0.4992159903049469,0.44645974040031433,0.05275624990463257,12
U02981,G02756,ahí efectivamente apareció un hombre blanco. al verlo se asustaron de ver lo que nunca antes habían visto.,"tekkinchi ala'sa' dadapu mudi'ma lli'tulli. lli'anna' imanantullina', lli'anna' ñi enpi' lli'inpu'erkasu'.","apu'tek ima kullikerwa'su', sekputchek imi'na saka'tulusa' luwekta'su' nanakin kelli.",U03131,G02906,hard,0.5967303514480591,0.544481098651886,0.052249252796173096,7
U02981,G02756,ahí efectivamente apareció un hombre blanco. al verlo se asustaron de ver lo que nunca antes habían visto.,"tekkinchi ala'sa' dadapu mudi'ma lli'tulli. lli'anna' imanantullina', lli'anna' ñi enpi' lli'inpu'erkasu'.","tanni'ma insekdipellina', uklulu'nenna' a'nu'tullina' sadina' yekpanna'.",U02870,G02645,medium,0.5967303514480591,0.4465479254722595,0.15018242597579956,37
U02816,G02591,aquí termina.,nanek ta'wantulli.,ipa'li'na tanantapilalli,U02768,G02543,hard,0.5874071717262268,0.5258553624153137,0.061551809310913086,3
U02816,G02591,aquí termina.,nanek ta'wantulli.,nana katu'patulli,U00220,G00172,medium,0.5874071717262268,0.4353652894496918,0.15204188227653503,13
U00442,G00359,pruébatelo.,teklerier',sekdiperker',U00100,G00069,hard,0.6776952147483826,0.6232564449310303,0.054438769817352295,19
U02614,G02389,mi candela es diferente.,penwek i'na nerpi'la.,ipa'linchi katennek.,U02356,G02131,hard,0.5425354242324829,0.46579989790916443,0.07673552632331848,3
U02614,G02389,mi candela es diferente.,penwek i'na nerpi'la.,nanpiapamu wilawanek.,U02264,G02039,medium,0.5425354242324829,0.39152777194976807,0.15100765228271484,20
U01026,G00888,¿usted ronca?,¿kenma tukulu'pala?,¿luuktek' nukama?,U00986,G00850,hard,0.5541417002677917,0.5029360055923462,0.05120569467544556,18
U02721,G02496,"enojándose (arákayu) se fue dejándolos, tras icarar se fue y los dejó.","yun pa'lapinta'lli, pekkun pa'lapinta'lli.","naneklima yunsu'lli dellutekkek, yunsu'n chimiñi.",U02829,G02604,hard,0.4956057667732239,0.4452707767486572,0.05033499002456665,7
U01806,G01603,está vibrando.,pada'sa'tapalli,saka'tapalli,U01129,G00982,hard,0.5626537799835205,0.4835609197616577,0.07909286022186279,16
U01806,G01603,está vibrando.,pada'sa'tapalli,luyu'lli teka'ak,U02242,G02017,medium,0.5626537799835205,0.4118735194206238,0.15078026056289673,45
U01338,G01166,venga mañana.,weker' eklli,dekunder' uti'la,U00924,G00793,hard,0.470631867647171,0.4182133376598358,0.052418529987335205,22
U02605,G02380,de ahí los shawala le dijeron:,naneklima shawalalusa'ler itullina':,nana malek dansu'lusa' tullina':,U02566,G02341,hard,0.8245331645011902,0.7339885234832764,0.09054464101791382,2
U02605,G02380,de ahí los shawala le dijeron:,naneklima shawalalusa'ler itullina':,nu'an ima waneran tulli:,U02695,G02470,medium,0.8245331645011902,0.658150851726532,0.1663823127746582,4
U02376,G02151,"abeja mi'len, tú qué cantidad de chicha que hagas siempre la endulzas.","mi'lencháaa, kenma enpu'nipi'nta' uklutetchu iñer a'kaser apalaaa.","mi'lencháaaa, kenmapa ñenpi' laki'dek uwapi'naaa.",U02375,G02150,hard,0.6313625574111938,0.5813376903533936,0.05002486705780029,3
U02376,G02151,"abeja mi'len, tú qué cantidad de chicha que hagas siempre la endulzas.","mi'lencháaa, kenma enpu'nipi'nta' uklutetchu iñer a'kaser apalaaa.","ala'musun wicha'pai, ali'la musui'na nanpiladapai.",U02864,G02639,medium,0.6313625574111938,0.44875839352607727,0.18260416388511658,8
U01158,G01010,ahora sientate.,ipa'la du'ker',kenma lli'ker',U00425,G00343,hard,0.4849461615085602,0.4334450960159302,0.051501065492630005,5
U01158,G01010,ahora sientate.,ipa'la du'ker',ka'ku' iñer',U01684,G01489,medium,0.4849461615085602,0.33348897099494934,0.15145719051361084,45
U01370,G01195,¡me pellizcó!,¡sek'tek'lliu!,¡wek'lli!,U00755,G00634,hard,0.7292795777320862,0.6711646914482117,0.05811488628387451,5
U01370,G01195,¡me pellizcó!,¡sek'tek'lliu!,¡lunker' kualek!,U00633,G00528,medium,0.7292795777320862,0.5751574635505676,0.15412211418151855,19
U02574,G02349,"también hallaban restos de cerámica, restos de adobe para parar las ollas, al bañarse, al bucear sacaban.","nu'sik sunka'teklusa', sunkapilusa' kananpallina', ama'nna'pu'su' dadektanna' usu'pallina'.","napi' ima llikanetchudek'i'ñina', yutudekllini'ma, llipu'tudekllini'ma, er'washinchi walek a'saka'tudekllina'.",U03056,G02831,hard,0.6077080368995667,0.5521672368049622,0.05554080009460449,19
U02574,G02349,"también hallaban restos de cerámica, restos de adobe para parar las ollas, al bañarse, al bucear sacaban.","nu'sik sunka'teklusa', sunkapilusa' kananpallina', ama'nna'pu'su' dadektanna' usu'pallina'.","papinkumapu'wa'ku' tanni'ma nana luyurka'su', luyullinerkenmu'wa', tanni'ma pa'llina'.",U03151,G02926,medium,0.6077080368995667,0.44787412881851196,0.1598339080810547,38
U02202,G01979,nos traicionaste.,wa'danpilapilundek,a'kaluwi'lun,U00973,G00839,hard,0.5047889351844788,0.4513328969478607,0.05345603823661804,23
U00175,G00133,fracasé.,a'aper'lek',yanpu'lek,U01721,G01524,hard,0.7147871851921082,0.662900447845459,0.05188673734664917,15
U00663,G00553,tomás llamó.,chuma peklu'tulli,denipa' peklu'tulli,U02119,G01899,hard,0.6891236901283264,0.6321948170661926,0.05692887306213379,6
U00663,G00553,tomás llamó.,chuma peklu'tulli,tuna'sik wetlli.,U02703,G02478,medium,0.6891236901283264,0.5324430465698242,0.1566806435585022,13
U03027,G02802,lo que hablaron las abuelitas ya finadas se esta cumpliendo ahora.,amiku'lusa' lu'rnka'su'pi'la nana ipa' innitapallin ipa'la.,napi'ku'lusa'ler ekpa'llina' menminennak.,U02463,G02238,hard,0.6258877515792847,0.5652068853378296,0.06068086624145508,2
U03027,G02802,lo que hablaron las abuelitas ya finadas se esta cumpliendo ahora.,amiku'lusa' lu'rnka'su'pi'la nana ipa' innitapallin ipa'la.,ala'lu'sa' katu'ta' wilalunlusa' katu'ta' yuyu'walusa'ler kaper'anna' lumellina'.,U02468,G02243,medium,0.6258877515792847,0.4724683463573456,0.1534194052219391,18
U00132,G00094,corre.,tek'ker',wencher',U00291,G00231,hard,0.7062089443206787,0.6532564759254456,0.052952468395233154,25
U00088,G00061,voy a dormir,wichi'echek,wicha'pawinek,U01754,G01556,hard,0.5896017551422119,0.5382523536682129,0.05134940147399902,13
U01756,G01558,fui bienvenido.,musu' sekaper'llinerku,u'chimu ñiwiñi,U01795,G01594,hard,0.5233839750289917,0.47321274876594543,0.050171226263046265,19
U02253,G02028,"conviviendo con mi padre me engendraron, me parieron y aquí mismo crecí.","nanpipakun tatawek ima wilawañinerku, wadekllinerku, asek i'la susulek.","akusutuker'anna' a'ka'llinerku, a'uranñinerku.",U02444,G02219,hard,0.712079644203186,0.5873691439628601,0.12471050024032593,2
U02253,G02028,"conviviendo con mi padre me engendraron, me parieron y aquí mismo crecí.","nanpipakun tatawek ima wilawañinerku, wadekllinerku, asek i'la susulek.","ta'ser lauktulek, asu' muyunpa inchilala malek, nu'unta' taketllina'.",U03052,G02827,medium,0.712079644203186,0.5608507990837097,0.15122884511947632,3
U03123,G02898,hasta acá nomás les he contado la lucha de malallina con los españoles.,nanek waleksa' winterkenma' asu' malallina idenma'su' ispaña la'la'lusa'lek.,nu'amui'na i'pa amishawek teksusullun wilaluntulek.,U02262,G02037,hard,0.6256633996963501,0.5406120419502258,0.08505135774612427,2
U03123,G02898,hasta acá nomás les he contado la lucha de malallina con los españoles.,nanek waleksa' winterkenma' asu' malallina idenma'su' ispaña la'la'lusa'lek.,enta'n lunchek ipa'la asu' ma'pu'sui'pa' kankantanna' shiwiluku'lusa' muyunpa yaluwetchullina'.,U02833,G02608,medium,0.6256633996963501,0.4747544825077057,0.1509089171886444,5
U02627,G02402,en verdad le dijeron:,tekkinchima itulli:,"nana anaka'ler pekdadeklli tan ima a'insekdiperdeklli, musu pilendek'anna':",U02917,G02692,hard,0.5806560516357422,0.5060169100761414,0.07463914155960083,4
U02627,G02402,en verdad le dijeron:,tekkinchima itulli:,"lli'kerenni'ma tullina'ka nawa', nana a'lachekta'su', lawer'a'su' tulli:",U03126,G02901,medium,0.5806560516357422,0.4265732169151306,0.15408283472061157,16
U01646,G01456,¿vendrás?,¿wenche'chun?,¿mapu'la?,U00703,G00589,hard,0.6709949374198914,0.6203619837760925,0.05063295364379883,23
U01647,G01456,¿vienes?,¿wenche'chun?,¿a'pe'chapala?,U01938,G01728,hard,0.6952117085456848,0.6404100656509399,0.05480164289474487,17
U01650,G01459,tráemelo.,keritu'u,tupi'tu'u,U00302,G00241,hard,0.7206282019615173,0.6670096516609192,0.053618550300598145,12
U01650,G01459,tráemelo.,keritu'u,dei'techek,U01438,G01258,medium,0.7206282019615173,0.5681878328323364,0.1524403691291809,38
U00131,G00093,¿quién ganó?,¿den'ina' kana'tulli?,¿tom ñiwiñi?,U00482,G00395,hard,0.5739139914512634,0.5186452865600586,0.055268704891204834,16
U00131,G00093,¿quién ganó?,¿den'ina' kana'tulli?,¿ikerlli asu'?,U01681,G01486,medium,0.5739139914512634,0.4232313632965088,0.15068262815475464,34
U03159,G02934,"de ahí, cuando regresaron les preguntaron ¿dónde se han ido a vivir ustedes, yéndose al cerro?","naneklima adencha'a'ser lekdekllina' ¿enñupa' i'na kenmama' nanpikunama', pa'anma' mutupik?",nana nani'na itullina' ma'pu'si'pa' insekluteñek muyunpa inchilala yaekketchakwa' tullina'.,U03033,G02808,medium,0.6905854940414429,0.5397445559501648,0.15084093809127808,2
U02006,G01791,odio estudiar.,luyulek kerka',luyulek saka'tak,U01726,G01528,hard,0.5366318821907043,0.4717422425746918,0.06488963961601257,4
U02006,G01791,odio estudiar.,luyulek kerka',insek'kita'kasu'ñapalli,U00787,G00664,medium,0.5366318821907043,0.38583627343177795,0.1507956087589264,15
U01574,G01385,deberíamos comer.,ka'a'kawa'su' ñapalli,luwantullidek katu'pa',U01884,G01678,hard,0.5034059882164001,0.4525584578514099,0.050847530364990234,26
U02613,G02388,con mi candela no van a cocinar.,- ñi asu' penweklek akusuchi'nchuma'.,ñi a'pinta' nanadaper lli'inuchi'ñina'.,U02807,G02582,hard,0.5566443800926208,0.4791146516799927,0.07752972841262817,4
U02613,G02388,con mi candela no van a cocinar.,- ñi asu' penweklek akusuchi'nchuma'.,musenkek kekkilu'tek ima kunekchapallina'.,U02685,G02460,medium,0.5566443800926208,0.40532657504081726,0.1513178050518036,25
U00156,G00115,se adelantarán.,ekte'chechuna',iyatechuna',U02139,G01919,hard,0.6098592281341553,0.5336751341819763,0.07618409395217896,3
U00156,G00115,se adelantarán.,ekte'chechuna',nawa' peklu'techuna',U01203,G01044,medium,0.6098592281341553,0.45909053087234497,0.1507686972618103,12
U01002,G00865,¿puedes venir?,¿yennitula uk'a'mak?,¿yennitula katu'pa'ta'mak?,U01003,G00866,hard,0.5441426038742065,0.49085038900375366,0.05329221487045288,16
U00349,G00280,he perdido.,a'wer'lek,adencha'lek,U02009,G01794,hard,0.7522611618041992,0.688556432723999,0.0637047290802002,5
U03045,G02820,hemos escuchado lo que han hablado aquellos que hicieron el camino a moyobamba.,laukdekllidek lu'rnkasu' nana asu' muyunpa inchilala nu'ter'kasu'.,maweklima kanana kenmu'wa' pitetcha'kawa'su' ta'wantulli.,U02989,G02764,hard,0.5783625245094299,0.5228041410446167,0.05555838346481323,13
U03045,G02820,hemos escuchado lo que han hablado aquellos que hicieron el camino a moyobamba.,laukdekllidek lu'rnkasu' nana asu' muyunpa inchilala nu'ter'kasu'.,"ta'ser lauktulek papinkuku'lusa', amiku'lusa' luñina'.",U02812,G02587,medium,0.5783625245094299,0.4262654185295105,0.15209710597991943,44
U02724,G02499,se hundió mientras arákayu la estaba mirando.,dankumelli arakayuler lli'apasik.,arakayuler pekkun pa'lapinta'lli.,U02715,G02490,hard,0.7219085097312927,0.6620339155197144,0.05987459421157837,3
U02724,G02499,se hundió mientras arákayu la estaba mirando.,dankumelli arakayuler lli'apasik.,yaaurañini'ma arakayu luwanchiñi.,U02674,G02449,medium,0.7219085097312927,0.5557510852813721,0.16615742444992065,11
U03149,G02924,"ahí, dice, se ha ido un viejo y ha dicho vamos a ir al cerro.",nanek ima' pa'lli' ipa'linchi ala'sa' taserpima tulli enchuku' pa'awa' mutupik.,ali'la muda' nerñinanluklan weklusa' yalli'dekllidek dadapu muda'lusa'.,U02979,G02754,hard,0.5142152309417725,0.459398478269577,0.054816752672195435,4
U03149,G02924,"ahí, dice, se ha ido un viejo y ha dicho vamos a ir al cerro.",nanek ima' pa'lli' ipa'linchi ala'sa' taserpima tulli enchuku' pa'awa' mutupik.,nu'pachi munu'tawa' nananta' munu'ta'kudik tullima ala'sa' taserpi.,U02626,G02401,medium,0.5142152309417725,0.36420947313308716,0.1500057578086853,27
U01441,G01261,lo demostraré.,alli'echek,tekdiper'echek,U02037,G01821,hard,0.6562073230743408,0.6038973331451416,0.05230998992919922,3
U01441,G01261,lo demostraré.,alli'echek,latekllien,U01390,G01513,medium,0.6562073230743408,0.5042478442192078,0.15195947885513306,33
U01443,G01261,le mostraré.,alli'echek,lata'echek,U00807,G00683,hard,0.7053658366203308,0.6454638242721558,0.05990201234817505,5
U01443,G01261,le mostraré.,alli'echek,lu'wanwinek,U00786,G00663,medium,0.7053658366203308,0.5536159873008728,0.151749849319458,45
U01810,G01607,déjame irme.,ta'itula'u pae'chek,ta'itula'u pilli'te'chek,U01495,G01312,hard,0.6692517399787903,0.6103203296661377,0.05893141031265259,6
U01810,G01607,déjame irme.,ta'itula'u pae'chek,¡ta'itula'u pa'ak!,U01145,G00998,medium,0.6692517399787903,0.5191576480865479,0.15009409189224243,29
U01024,G00886,¿usted fuma?,¿kenma u'wa'tapala?,¿enñupa'cha ñapala?,U01602,G01413,hard,0.49462631344795227,0.44345611333847046,0.05117020010948181,35
U02374,G02149,ese líquido al anochecer se lo endulza discursando a la abeja mi'len2:,nana di'din er'washinchi a'kasekchulek mi'len ulen'ak:,nanek ima ala'sa' taserpi wa'latutek tulli:,U02913,G02688,hard,0.6624106764793396,0.5806106328964233,0.08180004358291626,2
U02374,G02149,ese líquido al anochecer se lo endulza discursando a la abeja mi'len2:,nana di'din er'washinchi a'kasekchulek mi'len ulen'ak:,nakupila'ser yasaka'tanna' nana kaschilla lu'nsu'lek peklu'dek'an itudeklli:,U03059,G02834,medium,0.6624106764793396,0.4996340572834015,0.1627766191959381,4
U02817,G02592,los finados shiwilu a la que llamamos ahora campana poza antes la llamaban ballena poza.,shiwiluku'lusa' ipa'la ita'kawa'su' kanpana' pitun napi' i'na itullina' lanla' pitun.,"wilalusa' ipa'la ñi lachek'i'ñina', ipa'li'na shiwilu la'la'mapu'wa' nawa' lachek'i'ñina'.",U02398,G02173,hard,0.510280966758728,0.44130563735961914,0.06897532939910889,2
U02817,G02592,los finados shiwilu a la que llamamos ahora campana poza antes la llamaban ballena poza.,shiwiluku'lusa' ipa'la ita'kawa'su' kanpana' pitun napi' i'na itullina' lanla' pitun.,nu'sui'ma napi' arakayu pillek'aminerkenmu'wa' pa'lapinta'llinerkenmu'wa'.,U02751,G02526,medium,0.510280966758728,0.35046589374542236,0.15981507301330566,28
U01941,G01731,¿estás casada?,¿sudasu'cha ñapala?,¿wichi'su' ñapala?,U01645,G01455,hard,0.6577961444854736,0.6069282293319702,0.05086791515350342,12
U01129,G00982,está funcionando.,saka'tapalli,nana saka'tapalli,U00636,G00531,hard,0.6618417501449585,0.5986471176147461,0.0631946325302124,3
U01129,G00982,está funcionando.,saka'tapalli,insek'diperpi ñapalli,U00587,G00488,medium,0.6618417501449585,0.5032948851585388,0.15854686498641968,11
U02950,G02725,aunque había muerto hablaba:,chiminla'pi'n ima lunpalli:,nanek ima ali'la taserpi wa'lata'su' tulli:,U02854,G02629,hard,0.6476907134056091,0.5832394361495972,0.06445127725601196,6
U02950,G02725,aunque había muerto hablaba:,chiminla'pi'n ima lunpalli:,"arakayu ima peklu'deklli, itudeklli:",U02637,G02412,medium,0.6476907134056091,0.48158910870552063,0.1661016047000885,16
U00416,G00336,quieto.,du'la'ker',nu'wanker',U01013,G00876,hard,0.5097604990005493,0.45715993642807007,0.05260056257247925,44
U02546,G02321,de veras corrieron ellos hasta que se cansaron.,tekkinchi tekka'llini'ma nawa' saka'terkek walek.,nu'si'pa' papinkuku'lusa' taketllina'.,U02565,G02340,hard,0.5710479021072388,0.515012264251709,0.056035637855529785,19
U00353,G00284,¿es malo?,¿mukankan'inpu'?,¿chimiñi?,U00569,G00473,hard,0.7001941204071045,0.6484634876251221,0.05173063278198242,20
U01388,G01213,me indigna.,a'yiulliu,lamapu'lek,U00543,G00449,hard,0.6254221200942993,0.5580783486366272,0.06734377145767212,9
U01388,G01213,me indigna.,a'yiulliu,aper'lek,U01408,G01229,medium,0.6254221200942993,0.4725361168384552,0.15288600325584412,48
U00462,G00378,¿estás levantado?,¿yunsansu' ñapala?,¿kerka' ñinchitapala?,U02221,G01998,hard,0.7006657123565674,0.6479935050010681,0.05267220735549927,10
U00462,G00378,¿estás levantado?,¿yunsansu' ñapala?,¿kenmasa' ñapawina?,U01899,G01693,medium,0.7006657123565674,0.5500010251998901,0.15066468715667725,51
U00591,G00491,jesús lloró.,kishu wellek'lli,yus nampipalli,U00500,G00412,hard,0.6243727207183838,0.5401431918144226,0.08422952890396118,2
U00591,G00491,jesús lloró.,kishu wellek'lli,chuma peklu'tulli,U00663,G00553,medium,0.6243727207183838,0.45787328481674194,0.16649943590164185,4
U00335,G00966,estoy enojado.,yusu' ñapalek,ñapalek a'mechailusu,U02058,G01841,hard,0.7485781908035278,0.6977315545082092,0.050846636295318604,20
U01109,G00966,estoy indignado.,yusu' ñapalek,saka'tusu' ñapalek,U01453,G01271,hard,0.6571987271308899,0.6036542057991028,0.05354452133178711,43
U02396,G02171,nuestra lengua shiwilu es bonita.,shiwilu la'la'mapu'wa' u'chimusha.,shiwilu lu'nkasu' ñinchichi'ñina'.,U02323,G02098,hard,0.6516114473342896,0.5892550945281982,0.06235635280609131,2
U02396,G02171,nuestra lengua shiwilu es bonita.,shiwilu la'la'mapu'wa' u'chimusha.,shiwilu la'la' ta'wantapilalli.,U02310,G02085,medium,0.6516114473342896,0.4748936593532562,0.17671778798103333,5
U03101,G02876,así han vivido antes.,nu'su' nanpillina' napi'.,nu'su'sa' ñillina' napi'.,U03145,G02920,hard,0.6240333914756775,0.5725582242012024,0.0514751672744751,3
U03101,G02876,así han vivido antes.,nu'su' nanpillina' napi'.,nu'su' ñiwiñi napi'.,U03206,G02981,medium,0.6240333914756775,0.4721052646636963,0.1519281268119812,21
U01797,G01595,fue planeado.,lli'inupi ñiwiñi,ya'wencha'lli,U02244,G02019,hard,0.5110918879508972,0.4500584304332733,0.0610334575176239,24
U00803,G00679,estaba cansado.,saka'tusu' ñapawinek,inapilante'ñapalek,U01101,G00960,hard,0.658427357673645,0.6029855012893677,0.055441856384277344,18
U00799,G00676,estaba despierto.,ñapawinek nanpiladasu',ñapawinek saka'tusu',U01757,G01559,hard,0.6628448963165283,0.6115657091140747,0.05127918720245361,16
U02952,G02727,"por eso me voy a convertir en garrapata, voy a ser zancudo, tábano, tabanillo negro, mosquito, mosca grandecita voy a ser, voy a estar tomando su sangre por siempre,","da'ilek i'na kua tekpa ñichek, ñichek iyun, tunka, etchu, lu'wellu, isekpila ñichek, ukladekpenma' uwapetchekpi'la enpi'walekpi'nta',","nanek ima mañer, dañer, pullikariu ma'i panfilo, nanek ima ransisko, nanek ima asu', ma'i, asu' pancho, nanek ima ñilli asu' pidir aku'llima da'kanchineksu'.",U03174,G02949,hard,0.6072180867195129,0.5454248785972595,0.06179320812225342,2
U02952,G02727,"por eso me voy a convertir en garrapata, voy a ser zancudo, tábano, tabanillo negro, mosquito, mosca grandecita voy a ser, voy a estar tomando su sangre por siempre,","da'ilek i'na kua tekpa ñichek, ñichek iyun, tunka, etchu, lu'wellu, isekpila ñichek, ukladekpenma' uwapetchekpi'la enpi'walekpi'nta',","musu' lunpalek i'la shiwilu la'la'mapu'wa', kuaki shiwilu la'la' musu' lunpalek i'la. todavía hablo bien nuestra lengua shiwilu, mi idioma shiwilu todavía",U02402,G02177,medium,0.6072180867195129,0.4473881125450134,0.1598299741744995,8
U01164,G01015,pónganlo allí.,aku'ku' nanek,asek ikerlli,U01474,G01292,hard,0.5198498368263245,0.46700817346572876,0.0528416633605957,30
U02982,G02757,"entonces cuando amanecieron, otro día cuando amanecieron nuevamente dijeron ya queremos volver.","nanek ukllinantanna', ali'la uklli ukllinantununta'nna' tullina' yadanta'llidek.",naneklima llia'lli asu' wa'dan panpateklu' ipa'la walek luwetchapalekwa'.,U03130,G02905,hard,0.5971255898475647,0.531724214553833,0.06540137529373169,6
U02982,G02757,"entonces cuando amanecieron, otro día cuando amanecieron nuevamente dijeron ya queremos volver.","nanek ukllinantanna', ali'la uklli ukllinantununta'nna' tullina' yadanta'llidek.","nani'na kenmu'wa' itapallinerkenmu'wa' u'su' pennu'chuma' kenmama'nta' enpi' uklli, tullina' ima amiku'lusa'.",U03030,G02805,medium,0.5971255898475647,0.43805932998657227,0.15906625986099243,40
U02500,G02275,entonces a mí viniendo ahora esta señora me está haciendo contar.,nanek kua wek'amu ipa'la asek asu' senñula' a'lunpallun.,nana malek asu' penweklek penwei'nchuma'.,U02616,G02391,hard,0.6576847434043884,0.606091320514679,0.05159342288970947,3
U02500,G02275,entonces a mí viniendo ahora esta señora me está haciendo contar.,nanek kua wek'amu ipa'la asek asu' senñula' a'lunpallun.,"ta'ser kuanta' wilaku ñamu lawektulek, ipa'la winta'pallenma'.",U03146,G02921,medium,0.6576847434043884,0.5046979784965515,0.15298676490783691,20
U01603,G01414,¿dónde están?,¿enñupa'cha ñapalama'?,¿wilawanpalama'?,U02230,G02005,hard,0.6622301936149597,0.5977382659912109,0.06449192762374878,8
U01603,G01414,¿dónde están?,¿enñupa'cha ñapalama'?,¿chacha'wanpala?,U00989,G00853,medium,0.6622301936149597,0.5113544464111328,0.1508757472038269,36
U00388,G00316,veamos.,lli'awa',lun'awa',U00608,G00504,hard,0.789230465888977,0.6579384207725525,0.13129204511642456,3
U00388,G00316,veamos.,lli'awa',da'awa',U00856,G00732,medium,0.789230465888977,0.6387022733688354,0.1505281925201416,7
U00765,G00643,soy cocinero.,kalu'tutek' nuka'ka,wa'tentutek nuka'ka,U00825,G00701,hard,0.6362727284431458,0.585842490196228,0.050430238246917725,23
U02604,G02379,por eso todos en el patio nomás se quedaron.,nu'anni'ma iñer inyulatekkeksa' llia'llina'.,nanek wadekllun awawek shiwiluk.,U02475,G02250,hard,0.5285413265228271,0.4781610369682312,0.05038028955459595,36
U02849,G02624,dicen que otro viejo se levantó y dijo también ¡no teman! ¿acaso vamos a ir solos?,ali'la taserpima tununta'llin pitan ¡ma'sha aner yatek kuatama'! ¿kenmu'shasa' a'ta' pa'aterwa'?,"adencha'n ima wa'an lekllina' -adanpilencha'llidek kuda, ¿luwandetchuma' a'cha? regresando le pidieron al gobernante -nosotros estamos volviendo,",U03087,G02862,hard,0.6404845118522644,0.5724962949752808,0.06798821687698364,3
U02849,G02624,dicen que otro viejo se levantó y dijo también ¡no teman! ¿acaso vamos a ir solos?,ali'la taserpima tununta'llin pitan ¡ma'sha aner yatek kuatama'! ¿kenmu'shasa' a'ta' pa'aterwa'?,"naneklima adencha'a'ser lekdekllina' ¿enñupa' i'na kenmama' nanpikunama', pa'anma' mutupik?",U03159,G02934,medium,0.6404845118522644,0.47565221786499023,0.16483229398727417,11
U00711,G00597,ya verás.,ipa' lli'echu,nanek llia'ker',U00628,G00523,hard,0.5778442025184631,0.5072492361068726,0.07059496641159058,4
U00711,G00597,ya verás.,ipa' lli'echu,ya'wencha'lli,U02244,G02019,medium,0.5778442025184631,0.4267973303794861,0.15104687213897705,11
U02670,G02445,a las golondrinas yo las envío.,sellawa kualer a'uk'apencha'deklek.,napi' sudawek sudatulek.,U02405,G02180,hard,0.4785875380039215,0.4283148944377899,0.05027264356613159,24
U02165,G01945,deberíamos ganar.,kana'ta'kawa'su' ñapalli,luwantullidek katu'pa',U01884,G01678,hard,0.5657996535301208,0.5112240314483643,0.05457562208175659,14
U01206,G01047,son huevos.,kadu'lusa' nuker'ka,tekinchilusa' nuker'ka,U02142,G01922,hard,0.6638282537460327,0.5801419019699097,0.08368635177612305,7
U01206,G01047,son huevos.,kadu'lusa' nuker'ka,kulliker'wanpala,U01267,G01102,medium,0.6638282537460327,0.5088632702827454,0.15496498346328735,13
U01606,G01417,¿ella vendrá?,¿nana wenche'chu?,¿lli'tapalli?,U01464,G01282,hard,0.7109280228614807,0.6240812540054321,0.08684676885604858,2
U01606,G01417,¿ella vendrá?,¿nana wenche'chu?,¿yalansa'lli?,U01840,G01635,medium,0.7109280228614807,0.5578880310058594,0.15303999185562134,8
U02526,G02301,¿por qué ustedes han venido por acá? nos van a contagiar la viruela.,¿ma'ki'na kenmama' asu'lupa' uklama'? sa'la' a'dantetchenmu'wa'.,¿ma'ki'na kenmama' u'lama'? itullinerkudek.,U02794,G02569,hard,0.6698569059371948,0.614572286605835,0.05528461933135986,2
U02526,G02301,¿por qué ustedes han venido por acá? nos van a contagiar la viruela.,¿ma'ki'na kenmama' asu'lupa' uklama'? sa'la' a'dantetchenmu'wa'.,¿enkasu' a'cha santupen luwantula ña'su'? itullima.,U03176,G02951,medium,0.6698569059371948,0.5022817850112915,0.16757512092590332,9
U01914,G01980,nos mentiste.,tumu'tulundek,pinaner'u'ku,U00305,G00244,hard,0.44902127981185913,0.3980847895145416,0.050936490297317505,41
U02203,G01980,nos engañaste.,tumu'tulundek,yennichi'nek'wa',U01247,G01084,hard,0.4619724154472351,0.4117041528224945,0.0502682626247406,36
U00236,G00186,vamos.,pa'a,wa'tentaterwa',U00694,G00581,hard,0.5455954670906067,0.49482104182243347,0.05077442526817322,21
U00996,G00859,sé confiado.,lu'uktutek'ken ñiker,a'lliupiken nuka'ma,U00966,G00832,hard,0.6069670915603638,0.5372257232666016,0.06974136829376221,7
U00996,G00859,sé confiado.,lu'uktutek'ken ñiker,ñi'inaka inlu'uktutek,U01759,G01561,medium,0.6069670915603638,0.45427921414375305,0.15268787741661072,41
U02804,G02579,"ahora aún más teniendo educación formal,","ipa'la a'pinta' ñinchillintanna',","nu'su' ali'ladaper llipetchullina',",U03113,G02888,hard,0.5806305408477783,0.523242712020874,0.0573878288269043,7
U02804,G02579,"ahora aún más teniendo educación formal,","ipa'la a'pinta' ñinchillintanna',","nanapa yunsu'i kenmu'wa'kinsa' ñii asu' samer,",U02682,G02457,medium,0.5806305408477783,0.4305742084980011,0.15005633234977722,45
U02980,G02755,por eso hemos venido dijeron.,nana nu'amudek ukllidek itullini'ma.,nu'si'pa' papinkuku'lusa' taketllina'.,U02565,G02340,hard,0.7064129710197449,0.6088835000991821,0.09752947092056274,3
U02980,G02755,por eso hemos venido dijeron.,nana nu'amudek ukllidek itullini'ma.,nu'sui'ma napi' nakulli.,U02559,G02334,medium,0.7064129710197449,0.5411948561668396,0.16521811485290527,18
U00047,G00037,gracias.,yuspeinet'echun,katu'pa'u,U00078,G01152,hard,0.5088061094284058,0.4557318389415741,0.053074270486831665,13
U00924,G00793,camina lentamente.,dekunder' uti'la,aku'ker' kinekla,U00876,G00748,hard,0.5096028447151184,0.4580536186695099,0.05154922604560852,26
U01635,G01445,eres parcial.,denlekpin'ta' ñapala,musu' ñape'chu,U01290,G01121,hard,0.5891950726509094,0.5322268605232239,0.05696821212768555,22
U01545,G01357,están enojados.,yusu' ñapallina',sadasu' ñapallina',U02147,G01927,hard,0.7287219762802124,0.660294234752655,0.06842774152755737,3
U01545,G01357,están enojados.,yusu' ñapallina',nawa'sa' ñapallina',U01544,G01356,medium,0.7287219762802124,0.5727633237838745,0.1559586524963379,12
U00954,G00821,¡qué mugre!,!embu'ni uchutek'ipa'!,¡lupersu' ñapala!,U01608,G01419,hard,0.5749809741973877,0.5194879770278931,0.05549299716949463,17
U00954,G00821,¡qué mugre!,!embu'ni uchutek'ipa'!,¡liatusu' nuka'a!,U01807,G01604,medium,0.5749809741973877,0.4240577816963196,0.15092319250106812,45
U01475,G01293,me enferma.,a'kaluwi'liu,luyulek',U00323,G00258,hard,0.6605314612388611,0.5990080237388611,0.0615234375,4
U01475,G01293,me enferma.,a'kaluwi'liu,yunsu'pilalek,U02052,G01835,medium,0.6605314612388611,0.5097723007202148,0.15075916051864624,49
U00923,G00792,despertalo.,a'nambiker',uencher',U00144,G00104,hard,0.5136248469352722,0.4629635512828827,0.050661295652389526,44
U01321,G01150,¿estás cansado?,¿saka'tusu' ñapala?,¿kerka' ñinchitapala?,U02221,G01998,hard,0.689311683177948,0.6379779577255249,0.051333725452423096,18
U00980,G01721,estás enfermo.,kaluwi'pala,saka'tapawina,U01625,G01436,hard,0.6394729614257812,0.5858940482139587,0.05357891321182251,4
U00980,G01721,estás enfermo.,kaluwi'pala,u'chimu nuka'ma,U01265,G01100,medium,0.6394729614257812,0.488034725189209,0.15143823623657227,23
U01930,G01721,estás herida.,kaluwi'pala,tasellun ñapala,U00713,G00599,hard,0.6042430400848389,0.5500819087028503,0.054161131381988525,8
U01930,G01721,estás herida.,kaluwi'pala,yayamerladata,U00744,G00624,medium,0.6042430400848389,0.4533924460411072,0.1508505940437317,25
U02276,G02051,más son las mujeres las que me acompañan.,a'pinta' ku'aperwawalusa' musu' eknanpipallun.,napi' i'na amiku'lusa' utawitunanteklek utawillina'.,U02362,G02137,hard,0.6332265734672546,0.5796698331832886,0.053556740283966064,2
U02276,G02051,más son las mujeres las que me acompañan.,a'pinta' ku'aperwawalusa' musu' eknanpipallun.,nawa'ler a'ka di'tetchuna' nana anaka'.,U02916,G02691,medium,0.6332265734672546,0.4831484854221344,0.15007808804512024,17
U02489,G02264,la víbora mordió a mi padre.,da'wanler kiteklli tatawek.,tanak pa'an tatawek ilantulli.,U02485,G02260,hard,0.7094917893409729,0.6364855170249939,0.073006272315979,2
U02489,G02264,la víbora mordió a mi padre.,da'wanler kiteklli tatawek.,pinter ima sekmu'lli papinku.,U02923,G02698,medium,0.7094917893409729,0.5556850433349609,0.15380674600601196,5
U00177,G00135,lo entiendo.,lachek'apalek,enmu'lek,U00548,G00454,hard,0.6208354234695435,0.570228636264801,0.05060678720474243,51
U02050,G01833,solo pregunto.,lektapaleksa',¿luwer'pia'cha?,U01466,G01284,hard,0.3380727767944336,0.2877574861049652,0.050315290689468384,21
U03050,G02825,así hablaron los antiguos….,nu'sui'ma luñi taserpiku'lusa'.....,"nu'an imaka samellusa' yu'nketllina',",U02718,G02493,medium,0.725723922252655,0.5461291074752808,0.17959481477737427,2
U00995,G00858,estar atento.,insekdipersu' ñapaker',nantapitek' ñiker',U00138,G00099,hard,0.598652184009552,0.5323865413665771,0.06626564264297485,4
U00995,G00858,estar atento.,insekdipersu' ñapaker',ñapaker' nanpiladasu',U00626,G00521,medium,0.598652184009552,0.44207876920700073,0.15657341480255127,17
U02983,G02758,tras volver (a jeberos) contaron: mucho en otros pueblos tienen casa embarrada (tarrajeada).,adencha'nni'ma luncha'llina': enpu'nipa' ali'la ñinanluk lupa'paperpidek'wañina'.,enta' winterkenma' ma'pu'si'pa' kineklada' llillin ñilli.,U03147,G02922,hard,0.5223721265792847,0.472074955701828,0.050297170877456665,2
U02983,G02758,tras volver (a jeberos) contaron: mucho en otros pueblos tienen casa embarrada (tarrajeada).,adencha'nni'ma luncha'llina': enpu'nipa' ali'la ñinanluk lupa'paperpidek'wañina'.,nu'sik nu'eklima nana muyunpak ektu'llina' tullina' papinkuku'lusa'.,U03004,G02779,medium,0.5223721265792847,0.37067046761512756,0.1517016589641571,22
U01919,G01710,hueles bien.,lanerllien u'chimu,mulusa',U00167,G00125,hard,0.514577329158783,0.46005767583847046,0.0545196533203125,7
U01919,G01710,hueles bien.,lanerllien u'chimu,musu' wintu'u,U02238,G02013,medium,0.514577329158783,0.362351655960083,0.15222567319869995,51
U02789,G02564,"cuando contaban yo también a los viejos ya finados les he escuchado, sentado desde cierta distancia.",ta'ser kuanta' taserpiku'lusa' laukdeklek du'amu weilan.,"dudinpu' asu' lupek pa'a'su'daper ilakapi chiketchullina', wei pa'llina'.",U02813,G02588,hard,0.5554779171943665,0.5026363134384155,0.05284160375595093,13
U02771,G02546,todos dijeron ¿por qué nos hicieron eso?,iñerdaper ¿ma'ki'nta' nu'tullinerkenmu'wa' ten?,nana lantekpi luñi ¿ma'ki'na kenmama' lumellama'u'ku?,U02471,G02246,hard,0.5585252046585083,0.5072434544563293,0.051281750202178955,11
U01287,G01120,tú sobreviviste.,kenma chiminllinkekla nampila,kenma wichi'wina',U02209,G01986,hard,0.5192950963973999,0.43699678778648376,0.08229830861091614,5
U01287,G01120,tú sobreviviste.,kenma chiminllinkekla nampila,musu' sekaper'llinerku,U01756,G01558,medium,0.5192950963973999,0.36400774121284485,0.15528735518455505,13
U01289,G01120,usted sobrevivió.,kenma chiminllinkekla nampila,kenma nu'techun tuwina,U01276,G01110,hard,0.623717188835144,0.5406651496887207,0.08305203914642334,3
U01289,G01120,usted sobrevivió.,kenma chiminllinkekla nampila,chiminllinkekla nanpiterwa',U01579,G01390,medium,0.623717188835144,0.4614472985267639,0.16226989030838013,7
U01142,G00995,sigue escribiendo.,llinsecher'pi'la,wek'ker' ipia'la,U01010,G00873,hard,0.5691523551940918,0.5138427019119263,0.05530965328216553,4
U01142,G00995,sigue escribiendo.,llinsecher'pi'la,lunta'palli,U01367,G01192,medium,0.5691523551940918,0.41663578152656555,0.15251657366752625,18
U01990,G01776,es etíope.,etiope nuka'a,pipersu' nuka'a,U00229,G00179,medium,0.8102254867553711,0.5918325781822205,0.21839290857315063,2
U01226,G01065,tomás desapareció.,chuma wer'lli,tomas dek'lli,U00437,G00354,hard,0.6703553199768066,0.6066238880157471,0.06373143196105957,5
U01226,G01065,tomás desapareció.,chuma wer'lli,tom wer'lli,U02153,G01933,medium,0.6703553199768066,0.5185563564300537,0.15179896354675293,12
U02117,G01898,siéntate derecho.,cheksu' du'ker',ekpa'ker' utila',U01030,G00891,hard,0.46730726957321167,0.41592517495155334,0.051382094621658325,50
U02118,G01898,siéntese recto.,cheksu' du'ker',kenma tenmiansuer',U00456,G00372,hard,0.5405877232551575,0.48492807149887085,0.05565965175628662,37
U00294,G00233,hazlo ahora.,nu'ter' ipa'la,eklli nu'ter',U01669,G01476,hard,0.632192850112915,0.5476638078689575,0.08452904224395752,4
U00294,G00233,hazlo ahora.,nu'ter' ipa'la,ma'ta asu',U00427,G00344,medium,0.632192850112915,0.4813292324542999,0.1508636176586151,19
U02631,G02406,"solamente las mojarras, bujurquis, fasacos, shirui grande, los pucahuicsa, sólo eso conocían.","pektalusa'sa', adu, a'lanan, punkapi, asu' pupunlusa', nanasi'ma luwetchullina'.","du'anna' adipi, uklulunenna' uwanna'pu'su', tusu' tullina', tandulalusa' lli'anna', pi'tandula lli'anna'.",U03111,G02886,hard,0.6082884669303894,0.5466766357421875,0.061611831188201904,5
U02631,G02406,"solamente las mojarras, bujurquis, fasacos, shirui grande, los pucahuicsa, sólo eso conocían.","pektalusa'sa', adu, a'lanan, punkapi, asu' pupunlusa', nanasi'ma luwetchullina'.","nu'unta' ima lanpi'tasu' nana pendalu' penlu'pasu'. nanekla ima ñilli kuwer', tuner, dudinpu' kaluwi' ñilli merpimapu'wek tullina'.",U02957,G02732,medium,0.6082884669303894,0.4577414095401764,0.150547057390213,19
U02026,G01811,quiero bailar.,yalansa'lek,yan'katektulek,U00513,G00424,hard,0.5645071864128113,0.5120588541030884,0.0524483323097229,35
U02937,G02712,"desde ahora pónganse en acción les dijo a los muchachos,","nasu'ku' ipia'laklanek itudekllima wilalusa',","ipa'la a'pinta' ñinchillintanna',",U02804,G02579,hard,0.6520472764968872,0.5814427733421326,0.07060450315475464,10
U02937,G02712,"desde ahora pónganse en acción les dijo a los muchachos,","nasu'ku' ipia'laklanek itudekllima wilalusa',","¡enpi'pui'pa' nana nu'su' ña'su',",U02810,G02585,medium,0.6520472764968872,0.4980122745037079,0.15403500199317932,26
U01582,G01393,estamos bailando.,lansa'pallidek,lansa'wa',U00854,G00730,hard,0.6526226997375488,0.580027163028717,0.07259553670883179,2
U01582,G01393,estamos bailando.,lansa'pallidek,tanten'ñidek,U01239,G01078,medium,0.6526226997375488,0.49306249618530273,0.1595602035522461,8
U00269,G00215,obsérvalos.,lli'dek'ku',muer'wa,U01688,G01492,hard,0.5199005007743835,0.46930500864982605,0.050595492124557495,30
U01888,G01682,estaremos felices.,musu' ñape'chidek,a'ñapalekdekwa',U01897,G01691,hard,0.5337697863578796,0.4818476438522339,0.05192214250564575,10
U00668,G00558,tom charló.,tom lunñi,tom kana'tulli,U00117,G00083,hard,0.8197205066680908,0.7683328986167908,0.05138760805130005,20
U00590,G00721,hace viento.,tanluwatapalli,yutulli,U01698,G01501,hard,0.5210254788398743,0.4670211374759674,0.05400434136390686,24
U00845,G00721,hace fresco.,tanluwatapalli,nana saka'tapalli,U00636,G00531,hard,0.4692940413951874,0.413197785615921,0.05609625577926636,25
U02537,G02312,voy a cerrar mi boca fuerte. cuando vuelva a abrirla y saque (los pescados) coman.,inlasiser'chek. lauknunta' asek kui'na usunma' ka'ku'.,- a'ñapalek wapu'. enchu luwetchukerku'.,U02607,G02382,hard,0.5042235255241394,0.4415690302848816,0.06265449523925781,4
U02537,G02312,voy a cerrar mi boca fuerte. cuando vuelva a abrirla y saque (los pescados) coman.,inlasiser'chek. lauknunta' asek kui'na usunma' ka'ku'.,ipa'la lunchek ma'pu'si'pa' napi' uketllin asu' panpadek ukuchinlusa'.,U02511,G02286,medium,0.5042235255241394,0.35040953755378723,0.15381398797035217,22
U02827,G02602,"ahí entrando (dentro de la ballena, marcel) le vio su corazón.",nanek da'an lli'itulli dinlupinen.,nu'su' lantekpi dekkuntuwiñi napi'.,U02467,G02242,hard,0.6099922060966492,0.529766321182251,0.0802258849143982,3
U02827,G02602,"ahí entrando (dentro de la ballena, marcel) le vio su corazón.",nanek da'an lli'itulli dinlupinen.,tanak pa'an tatawek ilantulli.,U02485,G02260,medium,0.6099922060966492,0.4577353894710541,0.1522568166255951,19
U02186,G01966,los perdimos.,a'wer'llidek,uki'lallidek,U01564,G01375,hard,0.6734054088592529,0.617728054523468,0.05567735433578491,11
U02186,G01966,los perdimos.,a'wer'llidek,lachek'apallidek,U01575,G01386,medium,0.6734054088592529,0.5218378901481628,0.1515675187110901,36
U03165,G02940,ustedes (los que viven) por (donde) llumallun son lomas.,kenmami'na llumallunku'lupa' lomas.,"ma'shipa', yu'lanla'pi' nuka'a.",U02899,G02674,medium,0.6382646560668945,0.46964672207832336,0.16861793398857117,2
U00018,G00015,sonríe.,yamer,¡u'chimu!,U00251,G00198,hard,0.546136200428009,0.4906783998012543,0.05545780062675476,25
U00127,G00090,bienvenido.,muwencha'ker',iñer musu',U00844,G00720,hard,0.5292801260948181,0.47467824816703796,0.05460187792778015,15
U00127,G00090,bienvenido.,muwencha'ker',damula,U00063,G00048,medium,0.5292801260948181,0.3786208927631378,0.1506592333316803,48
U02226,G02002,¿puedo salir?,¿yennitulek yunsu'ak?,¿yennitulek lli'ak?,U01513,G01328,hard,0.6894685626029968,0.6346318125724792,0.05483675003051758,13
U02226,G02002,¿puedo salir?,¿yennitulek yunsu'ak?,¿enñupa'cha ñapalek?,U00704,G00590,medium,0.6894685626029968,0.5375217199325562,0.15194684267044067,27
U00903,G00774,pasearon.,da'llina',dekllina',U00643,G00536,hard,0.712830126285553,0.6452522873878479,0.06757783889770508,16
U00903,G00774,pasearon.,da'llina',lau'tullina',U00040,G00034,medium,0.712830126285553,0.558706521987915,0.15412360429763794,33
U00511,G00422,¡qué bonito!,¡embu'ni mushipa'!,¡embu'ni panger'ipa'!,U00953,G00820,hard,0.5834087133407593,0.5131556987762451,0.07025301456451416,17
U00511,G00422,¡qué bonito!,¡embu'ni mushipa'!,¡nanek ñapalli!,U00890,G00762,medium,0.5834087133407593,0.42956116795539856,0.15384754538536072,42
U00707,G00593,tú decides.,kenma techu,kenma lli'ker',U00425,G00343,hard,0.46085816621780396,0.39999330043792725,0.06086486577987671,5
U00707,G00593,tú decides.,kenma techu,tom panwilek'techu,U00676,G00566,medium,0.46085816621780396,0.30945122241973877,0.15140694379806519,33
U02802,G02577,hasta ahora nosotros los que hemos oído conocemos (de arákayu).,ipa'la walek kuda laukta'kudeksu' ñinchitapallidek.,nanek ima nu'unta' itudekllina' kerku' sha'wapenma' uku'lakeru'kudek.,U03005,G02780,hard,0.5971007347106934,0.541333794593811,0.055766940116882324,12
U02802,G02577,hasta ahora nosotros los que hemos oído conocemos (de arákayu).,ipa'la walek kuda laukta'kudeksu' ñinchitapallidek.,"ipa'la walek lauk'apallidek, lli'apallidek wa'dantek pekla'su',",U02569,G02344,medium,0.5971007347106934,0.4466354548931122,0.15046527981758118,38
U01212,G01053,son débiles.,saputek'lusa' nuker'ka,kaikualusa' nuker'ka,U02148,G01928,hard,0.5874085426330566,0.5342698693275452,0.053138673305511475,7
U01212,G01053,son débiles.,saputek'lusa' nuker'ka,kaluwi'pala,U01930,G01721,medium,0.5874085426330566,0.4361066520214081,0.15130189061164856,20
U02446,G02221,trabajar les digo.,"- ah, pakuuu kenmamá'. lliinuta'mama'su' yasaka'tulama' itudeklek. ah, vayan ustedes, conforme acordaron van a",yen'nitulek teka'ak',U00318,G00254,hard,0.3802468478679657,0.3280865252017975,0.05216032266616821,21
U01368,G01193,la besó.,musha'lli,nanasa',U01533,G01842,hard,0.5996176600456238,0.5368720293045044,0.06274563074111938,18
U02939,G02714,unos cortaron trozos de madera para meterlos dentro de sus mosquiteros (y hacerle creer al duende que eran ellos durmiendo).,"ali'ladaper nalatuntun llituntullina', chipetcheknenna' lalak yakala'nna'.",wilalusa' enmu'pinenwawalusa' ima peklu'deklli.,U03175,G02950,hard,0.4773944914340973,0.4227568209171295,0.05463767051696777,19
U01978,G01766,¿me conoce?,¿luwer'chapalun?,¿luwer'chapadekla?,U02234,G02009,hard,0.6549766659736633,0.5841351747512817,0.07084149122238159,11
U01978,G01766,¿me conoce?,¿luwer'chapalun?,¿luwer'chapalama?,U01972,G01761,medium,0.6549766659736633,0.5028856992721558,0.15209096670150757,33
U00655,G00546,tom fracasó.,tom aper'lli,tom inllipu'itek'latulli,U01551,G01363,hard,0.8155101537704468,0.7640340328216553,0.051476120948791504,31
U00250,G00197,¡de pie!,¡wanerker'!,¡apu'u!,U00382,G00311,hard,0.6342083215713501,0.5793851613998413,0.05482316017150879,18
U00250,G00197,¡de pie!,¡wanerker'!,¡wa'ten'ker'!,U00013,G00010,medium,0.6342083215713501,0.47991111874580383,0.15429720282554626,44
U02913,G02688,cuentan que ahí un viejo soñador dijo:,nanek ima ala'sa' taserpi wa'latutek tulli:,sa'la'wenkasu' malek ima itudekllina':,U02525,G02300,hard,0.7617257833480835,0.6920895576477051,0.06963622570037842,3
U02913,G02688,cuentan que ahí un viejo soñador dijo:,nanek ima ala'sa' taserpi wa'latutek tulli:,nana di'din er'washinchi a'kasekchulek mi'len ulen'ak:,U02374,G02149,medium,0.7617257833480835,0.5856786370277405,0.17604714632034302,13
U00256,G00203,tomás miente.,tomas tumu'palli,u'chimu ñiwiñi,U01795,G01594,hard,0.6403668522834778,0.5227271318435669,0.11763972043991089,2
U00256,G00203,tomás miente.,tomas tumu'palli,chuma peklu'tulli,U00663,G00553,medium,0.6403668522834778,0.4859599471092224,0.15440690517425537,9
U03085,G02860,"entonces los que se escaparon, los que se corrieron, dice, se fueron a vivir por los cerros, se fueron a vivir.","nanek ima chi'yek'erkasu' tekka'erkasu' ima, pa'llima mutupilupa' yananpinna', nanpikuñina'.","wilalusi'ma, ya'dandektanna', pa'anna', anaka'lli'na'.",U03140,G02915,hard,0.6760023236274719,0.618889570236206,0.05711275339126587,12
U03085,G02860,"entonces los que se escaparon, los que se corrieron, dice, se fueron a vivir por los cerros, se fueron a vivir.","nanek ima chi'yek'erkasu' tekka'erkasu' ima, pa'llima mutupilupa' yananpinna', nanpikuñina'.","nanekla ñi a'pinta' yapitetchi'ñina', ñi ananchi'ñina', ñi asu' pankuellinchi'ñina'.",U02987,G02762,medium,0.6760023236274719,0.5161423087120056,0.1598600149154663,38
U00501,G00413,tosió.,chinku'lli,kishu,U00283,G00228,hard,0.45389673113822937,0.40180379152297974,0.052092939615249634,21
U02166,G01946,compartimos ideas.,a'nañiwa' lli'inulusa',ta'itula'udek yada'llidek,U00386,G00314,hard,0.4783220887184143,0.42604878544807434,0.052273303270339966,20
U00946,G00814,lo sentimos.,we'inutulidek,lumpawiñidek,U02175,G01955,hard,0.6802719831466675,0.6232965588569641,0.05697542428970337,5
U00946,G00814,lo sentimos.,we'inutulidek,a'ñapalekdekwa',U01897,G01691,medium,0.6802719831466675,0.529107928276062,0.15116405487060547,32
U01007,G00870,¿pueden andar?,¿yennitulama' dekkunta'mamak?,¿yennitula ek'ker'cha'mak?,U01956,G01746,hard,0.688651442527771,0.6264519095420837,0.062199532985687256,3
U01007,G00870,¿pueden andar?,¿yennitulama' dekkunta'mamak?,¿yennitula uk'a'mak?,U01002,G00865,medium,0.688651442527771,0.5341578722000122,0.1544935703277588,9
U02150,G01930,están conmigo.,kualek ñapallina',nanentu kenmama',U01271,G01106,hard,0.5789722204208374,0.47400638461112976,0.10496583580970764,2
U02150,G01930,están conmigo.,kualek ñapallina',muisu' kankantullina,U00970,G00836,medium,0.5789722204208374,0.42625701427459717,0.15271520614624023,5
U02511,G02286,ahora les voy a contar cómo antiguamente se quemaron estas riberas del río pampayacu.,ipa'la lunchek ma'pu'si'pa' napi' uketllin asu' panpadek ukuchinlusa'.,nanek waleksa' winterkenma' asu' malallina idenma'su' ispaña la'la'lusa'lek.,U03123,G02898,hard,0.5633924007415771,0.4971669614315033,0.06622543931007385,6
U02511,G02286,ahora les voy a contar cómo antiguamente se quemaron estas riberas del río pampayacu.,ipa'la lunchek ma'pu'si'pa' napi' uketllin asu' panpadek ukuchinlusa'.,ipa'la nu'anna' ipa' shiwilu la'la' pinaner'apilallina'.,U03120,G02895,medium,0.5633924007415771,0.4132506251335144,0.15014177560806274,41
U02032,G01816,nací aquí.,asek wadeklliner'ku,asek uk'apilelli,U01374,G01199,hard,0.5535297393798828,0.5033450126647949,0.05018472671508789,4
U02032,G01816,nací aquí.,asek wadeklliner'ku,enka'u nana,U01033,G00894,medium,0.5535297393798828,0.40225207805633545,0.15127766132354736,36
U02598,G02373,¿cómo se llama esta quebrada? preguntaron.,- ¿ma'dek a'cha asu'? itullini'mi'na'.,¿ma'ki'nta' asu' muyunpa inchilala ekketchullina'?,U03114,G02889,hard,0.6860416531562805,0.6087000966072083,0.07734155654907227,4
U02598,G02373,¿cómo se llama esta quebrada? preguntaron.,- ¿ma'dek a'cha asu'? itullini'mi'na'.,"– ¿ma'ki'na nu'taterwa?, tullima ala'sa' taserpi.",U03071,G02846,medium,0.6860416531562805,0.528011679649353,0.1580299735069275,12
U02448,G02223,"mamá, estoy viniendo de la chacra.","- mamá, uk'apincha'lek menmiklan.","- uker, hijito itudeklek.",U02431,G02206,hard,0.6845755577087402,0.5718277096748352,0.11274784803390503,2
U02448,G02223,"mamá, estoy viniendo de la chacra.","- mamá, uk'apincha'lek menmiklan.","nu'tak, lanchimeklek atantulek.",U02387,G02162,medium,0.6845755577087402,0.5290156602859497,0.15555989742279053,4
U00629,G00524,¡más rápido!,¡a'pinta' wiuksu'!,¡u'chimu ñiñuduker!,U02109,G01890,hard,0.5629600286483765,0.5116421580314636,0.05131787061691284,14
U00185,G00141,esperé.,wa'ten'nek',wa'tentapalek,U00830,G00706,hard,0.6880193948745728,0.6056798696517944,0.08233952522277832,4
U00185,G00141,esperé.,wa'ten'nek',wa'tentutek ñiechek,U02040,G01824,medium,0.6880193948745728,0.5376573801040649,0.1503620147705078,14
U01551,G01363,tom aplaudió.,tom inllipu'itek'latulli,tom lanerlli,U00914,G00784,hard,0.7685679793357849,0.7179072499275208,0.05066072940826416,39
U02765,G02540,"si arakayu no hubiera salido (de pampayacu),","arakayu yunsui'npu'a'su' ñilli,","di'serpidektawa' asu' arakayu,",U02681,G02456,hard,0.7925803065299988,0.6682592630386353,0.12432104349136353,2
U02765,G02540,"si arakayu no hubiera salido (de pampayacu),","arakayu yunsui'npu'a'su' ñilli,","ukilasu'tundek enñi,",U02712,G02487,medium,0.7925803065299988,0.5844834446907043,0.20809686183929443,3
U01426,G01246,estaba furioso.,yupawinek,nakusu' weranek,U01709,G01512,hard,0.6250227689743042,0.5721533298492432,0.052869439125061035,23
U03109,G02884,nos han hecho quedar a nosotros malos en nuestro corazón,a'lliyanantulekwa' kenmu'wa' kankanmapu'wek,"enpu'nipa' kenmu'wa' samerwanpanansu'wa',",U02766,G02541,hard,0.6933645606040955,0.6214461922645569,0.07191836833953857,2
U03109,G02884,nos han hecho quedar a nosotros malos en nuestro corazón,a'lliyanantulekwa' kenmu'wa' kankanmapu'wek,nakusu' muin'su' ñapallidek,U01563,G01374,medium,0.6933645606040955,0.5172807574272156,0.17608380317687988,7
U00358,G00289,fracasó.,a'aper'lli,nupek'tulli,U01471,G01289,hard,0.6922779679298401,0.6353225111961365,0.05695545673370361,10
U00358,G00289,fracasó.,a'aper'lli,a'pa'deklli.,U02910,G02685,medium,0.6922779679298401,0.5416601300239563,0.1506178379058838,25
U01773,G01574,estoy desempleado.,makek saka'tapi'nek,u'chimuinchi ñapalek,U00196,G00151,hard,0.6524548530578613,0.5967999696731567,0.05565488338470459,15
U01775,G01574,estoy desempleada.,makek saka'tapi'nek,ñapalek dakuta'su',U02048,G01831,hard,0.6280947923660278,0.5767908692359924,0.0513039231300354,15
U00191,G00146,está calmando. (dolor),latada'pilalli,we'inutapalli,U01704,G01507,hard,0.528328001499176,0.47426268458366394,0.054065316915512085,14
U01375,G01200,abrazame fuertemente.,wiperi'u ikersu',sekdiperker' kenmalek,U01812,G01609,hard,0.5714471936225891,0.5207090973854065,0.05073809623718262,7
U01375,G01200,abrazame fuertemente.,wiperi'u ikersu',luwantulek kulliker',U01085,G00944,medium,0.5714471936225891,0.41711533069610596,0.15433186292648315,36
U02671,G02446,ellas se van a contarme de qué manera celebraron el carnaval dijo arákayu.,nawi'na wintapanta'llinerku ma'pu'si'pa mitan nakulama' tullima arakayu.,nu'an ima arakayu sakek'an peklu'deklli inyulateknen ima.,U02595,G02370,hard,0.5855813026428223,0.5203141570091248,0.06526714563369751,7
U02671,G02446,ellas se van a contarme de qué manera celebraron el carnaval dijo arákayu.,nawi'na wintapanta'llinerku ma'pu'si'pa mitan nakulama' tullima arakayu.,nanadaper tekkinchinen luñina' taserpilusa' pantanna' lauk'erkasu'.,U02573,G02348,medium,0.5855813026428223,0.4342496693134308,0.15133163332939148,26
U02083,G01865,sigue sonriendo.,yamerladaper'i'la,ninchiter' wapu',U00631,G00526,hard,0.5832757353782654,0.5256901979446411,0.05758553743362427,2
U02083,G01865,sigue sonriendo.,yamerladaper'i'la,nanpi'palek'i'la,U02056,G01839,medium,0.5832757353782654,0.42890533804893494,0.15437039732933044,11
U00714,G00600,estás triste.,we'inutusu' ñapala,tanluwatapalli,U00590,G00721,hard,0.5328159928321838,0.48219189047813416,0.05062410235404968,19
U00843,G00719,es lunes.,lunes nuka'a,mulunsha nuka'a,U00620,G00515,medium,0.7896957397460938,0.5928669571876526,0.19682878255844116,2
U03014,G02789,los culpables son los que abrieron el camino a moyobamba.,nana usha'wañen muyunpa inchilala ekketcherka'su'.,lli'kuñina' chipetcheklusa'sa' pektentapa'ser nanek.,U02921,G02696,hard,0.5123621225357056,0.46155866980552673,0.05080345273017883,11
U00781,G00658,te oí.,lauk'llien,latekllien,U01710,G01513,hard,0.5651302933692932,0.5121182799339294,0.05301201343536377,4
U00781,G00658,te oí.,lauk'llien,uker'lli,U00356,G00287,medium,0.5651302933692932,0.414133757352829,0.15099653601646423,30
U03030,G02805,"eso a nosotros nos está diciendo así van a volar ustedes también algún día, cuentan que dijeron las abuelas ya finadas.","nani'na kenmu'wa' itapallinerkenmu'wa' u'su' pennu'chuma' kenmama'nta' enpi' uklli, tullina' ima amiku'lusa'.","naneima a'lachiktulli aner yanu'tudektama' asu' yadi'tudektama', nawa' uk'i'ñina' ya'di'nna' tullima nana a'lachikta'su'.",U02975,G02750,hard,0.6418511271476746,0.5899066925048828,0.05194443464279175,3
U03030,G02805,"eso a nosotros nos está diciendo así van a volar ustedes también algún día, cuentan que dijeron las abuelas ya finadas.","nani'na kenmu'wa' itapallinerkenmu'wa' u'su' pennu'chuma' kenmama'nta' enpi' uklli, tullina' ima amiku'lusa'.",nu'sik nu'eklima nana muyunpak ektu'llina' tullina' papinkuku'lusa'.,U03004,G02779,medium,0.6418511271476746,0.49184706807136536,0.1500040590763092,25
U00959,G00825,¡qué lástima!,!embu'ni we'inuipa'!,!embu'ni uchutek'ipa'!,U00954,G00821,hard,0.6588168144226074,0.6058276891708374,0.05298912525177002,12
U00959,G00825,¡qué lástima!,!embu'ni we'inuipa'!,¡tekkinchi nuka'a!,U00372,G00303,medium,0.6588168144226074,0.4982282221317291,0.1605885922908783,29
U00857,G00733,vayámonos.,pa'awa',pa'inpu'wa',U01150,G01003,hard,0.6794376969337463,0.6270257234573364,0.05241197347640991,10
U00857,G00733,vayámonos.,pa'awa',lun'awa',U00608,G00504,medium,0.6794376969337463,0.5270572900772095,0.15238040685653687,41
U01856,G01650,le preguntaron.,lek'kllina',pilli'tullina',U01842,G01637,hard,0.571526825428009,0.5161934494972229,0.05533337593078613,12
U01856,G01650,le preguntaron.,lek'kllina',iñer' chiyekllina',U02237,G02012,medium,0.571526825428009,0.42058005928993225,0.15094676613807678,37
U03114,G02889,¿por qué pues han abierto ese camino a moyobamaba?,¿ma'ki'nta' asu' muyunpa inchilala ekketchullina'?,¿ma'pu'a'su' asu' yalli' i'na nanashasa' nanpipalli?,U02621,G02396,medium,0.709726870059967,0.5551658272743225,0.15456104278564453,2
U01824,G01620,comamos aquí.,weranwa' asek,asek ñapallidek,U00698,G00797,hard,0.6852501630783081,0.6280505061149597,0.05719965696334839,6
U01824,G01620,comamos aquí.,weranwa' asek,asek uk'apilelli,U01374,G01199,medium,0.6852501630783081,0.5338549613952637,0.15139520168304443,12
U01726,G01528,odio trabajar.,luyulek saka'tak,luyulek idenmaak,U02005,G01790,hard,0.6281998753547668,0.5370344519615173,0.09116542339324951,2
U01726,G01528,odio trabajar.,luyulek saka'tak,luyulek pennu'ak,U01402,G01226,medium,0.6281998753547668,0.4583204388618469,0.16987943649291992,8
U02969,G02744,dice que se fueron a ver los pastos. ¿qué es esto? dijeron viendo el pasto.,lli'kuñini'ma panpateklu'lusa'. ma'lusa' asu'? tullini'ma panpateklu' lli'anna'.,- ¿ma'dek a'cha asu'? itullini'mi'na'.,U02598,G02373,hard,0.7150990962982178,0.5963070392608643,0.11879205703735352,2
U02969,G02744,dice que se fueron a ver los pastos. ¿qué es esto? dijeron viendo el pasto.,lli'kuñini'ma panpateklu'lusa'. ma'lusa' asu'? tullini'ma panpateklu' lli'anna'.,- nu'amuntana luwanpallen. ¿ma'pun a'cha kai kuawek lli'ker'i'ñu? tapalek.,U02420,G02195,medium,0.7150990962982178,0.5421199798583984,0.17297911643981934,5
U02628,G02403,"tus pececitos regálanos, por favor, hermano le dijeron.","sametchapen panula'udek, chai, yallí' itullima.","dei'tanna', pen dintunna', aku'lalatullina'.",U02949,G02724,hard,0.4939328730106354,0.44322457909584045,0.05070829391479492,4
U02628,G02403,"tus pececitos regálanos, por favor, hermano le dijeron.","sametchapen panula'udek, chai, yallí' itullima.","kui'na apulli'ku, kwina', ma'i, tananmuda'ku.",U03171,G02946,medium,0.4939328730106354,0.34189456701278687,0.1520383059978485,40
U00915,G00785,tom escucha.,tom lauktapalli,tom teka'lli,U00116,G01060,hard,0.7177286744117737,0.6676392555236816,0.05008941888809204,28
U01514,G01329,memoriza esto.,sekdiperker' asu' mutu'penkek,llinse'cher' manen'unta',U02195,G01974,hard,0.5376476645469666,0.48607057332992554,0.051577091217041016,31
U01514,G01329,memoriza esto.,sekdiperker' asu' mutu'penkek,mapu'sina asek',U00522,G00433,medium,0.5376476645469666,0.38674813508987427,0.15089952945709229,48
U02003,G01789,no escuché.,lauk'i'nek,luver'chi'nek,U01069,G00928,hard,0.6946759819984436,0.6428813934326172,0.051794588565826416,9
U02003,G01789,no escuché.,lauk'i'nek,kulliker'wi'nek,U00207,G00160,medium,0.6946759819984436,0.5418581962585449,0.15281778573989868,35
U02055,G01838,soy responsable.,latek'tutek nuka'ka,perwatendusu' ñapalek,U01452,G01270,hard,0.6569531559944153,0.6043024659156799,0.05265069007873535,30
U00428,G00345,eso es.,nana nuka'a,asu' nuka'a,U00645,G00538,hard,0.7896429300308228,0.7391644716262817,0.050478458404541016,3
U00428,G00345,eso es.,nana nuka'a,nanapu'su' nuka'a,U01805,G01602,medium,0.7896429300308228,0.6212079524993896,0.1684349775314331,6
U00015,G00012,¡he ganado!,¡kana'tulek!,¡a'ñapalek!,U00023,G00019,hard,0.654653012752533,0.602400004863739,0.052253007888793945,5
U00015,G00012,¡he ganado!,¡kana'tulek!,¡lunker' kualek!,U00633,G00528,medium,0.654653012752533,0.5030296444892883,0.15162336826324463,17
U00802,G00678,estaba desnudo.,inanpilatek ñapawinek,illiapalek'inpu ñapawinek,U01429,G01249,hard,0.74640291929245,0.68585205078125,0.06055086851119995,3
U00802,G00678,estaba desnudo.,inanpilatek ñapawinek,kadulunsu' ñapalek,U01111,G00968,medium,0.74640291929245,0.5960960984230042,0.1503068208694458,28
U02673,G02448,quisieron hacerle tomar chicha punta pero arákayu no quiso tomar.,"ya'ullini'ma uklulu', arakayu iyui'ñi.","tasellunku'lusa' papinkuku'lusa' du'anna', nana arakayukin luñina'.",U02797,G02572,hard,0.5808586478233337,0.4897499084472656,0.09110873937606812,2
U02673,G02448,quisieron hacerle tomar chicha punta pero arákayu no quiso tomar.,"ya'ullini'ma uklulu', arakayu iyui'ñi.","iñer ima dullinen adipi, ukunpala'lli, ñi chipitekwi'ñi.",U02875,G02650,medium,0.5808586478233337,0.4229260981082916,0.15793254971504211,13
U02682,G02457,"para que salgan para nosotros nomás, para que sean para nosotros nomás estos peces,","nanapa yunsu'i kenmu'wa'kinsa' ñii asu' samer,","tanna' nerpi'pu', kumarinenna'lek inpilli'iteklatanna',",U02775,G02550,hard,0.5623072385787964,0.4982617497444153,0.0640454888343811,12
U02682,G02457,"para que salgan para nosotros nomás, para que sean para nosotros nomás estos peces,","nanapa yunsu'i kenmu'wa'kinsa' ñii asu' samer,","nasu'ku' ipia'laklanek itudekllima wilalusa',",U02937,G02712,medium,0.5623072385787964,0.41215983033180237,0.15014740824699402,28
U01611,G01422,¡puedes hacerlo!,¡yennitula nu'ta'mak!,¡ta'ituler' pa'i!,U00597,G00496,medium,0.7958759069442749,0.5815569162368774,0.21431899070739746,2
U02240,G02015,no duerme.,ku'la wicha'pi'ñi,yalli'tama,U00485,G00398,hard,0.5958799123764038,0.5453928709030151,0.05048704147338867,12
U00425,G00343,encárgate tú.,kenma lli'ker',llia'ker' kenma,U00415,G00335,hard,0.6366310119628906,0.5734633207321167,0.06316769123077393,3
U00425,G00343,encárgate tú.,kenma lli'ker',aden'cher' wiuk'su',U00293,G00232,medium,0.6366310119628906,0.48561203479766846,0.15101897716522217,34
U02255,G02030,mi padre quedó viudo.,tatawek ekdusipen ñilli.,tanak pa'an tatawek ilantulli.,U02485,G02260,hard,0.7601641416549683,0.6560477018356323,0.10411643981933594,2
U02255,G02030,mi padre quedó viudo.,tatawek ekdusipen ñilli.,madupu'su' dekkuntuwiñi.,U02462,G02237,medium,0.7601641416549683,0.5554248690605164,0.2047392725944519,4
U02209,G01986,tú dormías.,kenma wichi'wina',kenma tenmiansuer',U00456,G00372,hard,0.49692681431770325,0.4452430009841919,0.05168381333351135,5
U02209,G01986,tú dormías.,kenma wichi'wina',yalek'tuta,U00295,G00234,medium,0.49692681431770325,0.3462347090244293,0.15069210529327393,36
U01592,G01403,estamos ganando.,kana'tapalekwa',a'nañiechidek,U00942,G00810,hard,0.5798752903938293,0.5237743854522705,0.05610090494155884,14
U01515,G01330,nadie llamó.,ñiden pek'klu'chi'ñi,ñiden lekchi'ñi,U01156,G01008,hard,0.7306028604507446,0.6731150150299072,0.0574878454208374,5
U01515,G01330,nadie llamó.,ñiden pek'klu'chi'ñi,amu utek'wañi,U01695,G01498,medium,0.7306028604507446,0.4974690079689026,0.23313385248184204,10
U01404,G01227,odio perder.,luyulek wer'ak,luyulek pennu'ak,U01402,G01226,hard,0.5964136123657227,0.5383408069610596,0.058072805404663086,7
U01404,G01227,odio perder.,luyulek wer'ak,luwanchi'nek,U00179,G00137,medium,0.5964136123657227,0.44267749786376953,0.15373611450195312,18
U01405,G01227,detesto perder.,luyulek wer'ak,luyulek pennu'ak,U01403,G01226,hard,0.5981951951980591,0.5450761318206787,0.05311906337738037,5
U01405,G01227,detesto perder.,luyulek wer'ak,tantenñi tuluker'ak,U02243,G02018,medium,0.5981951951980591,0.4473356008529663,0.15085959434509277,20
U00060,G00746,suéltalo.,apu'ker',kawiter',U01011,G00874,hard,0.6184166073799133,0.5618448853492737,0.05657172203063965,49
U00391,G00746,aflójalo.,apu'ker',a'pawilek'ker',U00616,G00512,hard,0.6199562549591064,0.5572992563247681,0.06265699863433838,15
U00393,G00746,aflójala.,apu'ker',ekte'cher',U00154,G00113,hard,0.6184590458869934,0.5671684145927429,0.05129063129425049,18
U02929,G02704,"a ver, por la tarde les voy a ir a visitar.","- enta'n, er'washinchi lli'kunkenma'.","enta'n, nawa' kerka' ñinchilli'npu'la'pi'na'.",U03028,G02803,hard,0.6043335795402527,0.5266573429107666,0.07767623662948608,3
U02929,G02704,"a ver, por la tarde les voy a ir a visitar.","- enta'n, er'washinchi lli'kunkenma'.",ipa'linchi ukdinu'ta'kasu'lek a'kasetllek.,U02381,G02156,medium,0.6043335795402527,0.45149028301239014,0.15284329652786255,9
U01480,G01298,será fácil.,saka'dekimpu ñichu,ma'shapin'ta ka'ker',U01352,G01179,hard,0.37173354625701904,0.32013630867004395,0.0515972375869751,19
U01894,G01688,somos inquietos.,wadanpintek nuka'kawa',insekdiperpi nuka'ma,U01301,G01132,hard,0.6372656226158142,0.5799071192741394,0.057358503341674805,28
U01434,G01254,estaré ahí.,ñapechek nanek,asek' ñapalli,U00506,G00418,hard,0.6141114830970764,0.5530643463134766,0.061047136783599854,5
U01434,G01254,estaré ahí.,ñapechek nanek,ipa' ñinchitulek,U01708,G01511,medium,0.6141114830970764,0.46206140518188477,0.15205007791519165,15
U01292,G01123,es cruel.,mukankan'inpu' nuka'a,inantek' nuka'a,U00586,G00487,hard,0.6292520761489868,0.5791296362876892,0.05012243986129761,6
U01292,G01123,es cruel.,mukankan'inpu' nuka'a,we'inutapalli,U01704,G01507,medium,0.6292520761489868,0.4787699282169342,0.1504821479320526,38
U00979,G00844,¡estás enfermo!,!kaluwi'pala!,¡mupalli!,U00103,G00072,hard,0.636406421661377,0.5807545781135559,0.055651843547821045,6
U00979,G00844,¡estás enfermo!,!kaluwi'pala!,¡dakuta'ker'!,U01170,G01020,medium,0.636406421661377,0.48519495129585266,0.1512114703655243,27
U00524,G00434,me perdí.,awer'lek,lamapu'lek,U00543,G00449,hard,0.7420732975006104,0.6898053884506226,0.05226790904998779,14
U02684,G02459,mientras (arákayu) estaba pandillando el día central de carnaval las golondrinas estaban también danzando.,nana chu'kenpa'tapasik mitan ukllik'inchi sellawalusa' chu'kenapallina'.,nu'an ima arakayu sakek'an peklu'deklli inyulateknen ima.,U02595,G02370,hard,0.4552213251590729,0.40384024381637573,0.051381081342697144,25
U00643,G00536,votaron.,dekllina',indek'llina',U00641,G00534,hard,0.6216965317726135,0.5654720664024353,0.05622446537017822,22
U00643,G00536,votaron.,dekllina',wa'tentullina',U00900,G00771,medium,0.6216965317726135,0.4713645875453949,0.15033194422721863,39
U02931,G02706,"¡ahí está, la candela agarren!",- ¡ma'ata'na pen maku'!,ipa'la asu' senñula' itullun ¡lunker shiwilu la'la'!,U02504,G02279,hard,0.5522881150245667,0.5009899735450745,0.05129814147949219,5
U02931,G02706,"¡ahí está, la candela agarren!",- ¡ma'ata'na pen maku'!,"¡tom, na'piu!",U01878,G01672,medium,0.5522881150245667,0.3955327272415161,0.15675538778305054,23
U01834,G01630,nadie gritó.,ñiden lamapui'ñi,ñiden lekchi'ñi,U01156,G01008,hard,0.7149810791015625,0.6587880849838257,0.056192994117736816,5
U01834,G01630,nadie gritó.,ñiden lamapui'ñi,amu utek'wañi,U01695,G01498,medium,0.7149810791015625,0.4828965961933136,0.2320844829082489,10
U01671,G01478,¿lo tienes?,¿a'ñapala?,¿chacha'wanpala?,U00989,G00853,hard,0.6579664945602417,0.6066057085990906,0.05136078596115112,35
U02316,G02091,para que no se acabe aquí esta lengua que hablamos.,ta'wanchinpu'ek asu'lupa namasu' la'la' lu'nkawasu'.,nawa' ipa'la asu' kaschilla la'la' a'lek'apallinerkudek.,U03118,G02893,hard,0.6521456241607666,0.597295880317688,0.05484974384307861,3
U02316,G02091,para que no se acabe aquí esta lengua que hablamos.,ta'wanchinpu'ek asu'lupa namasu' la'la' lu'nkawasu'.,kenma senñula' yañinchitula asu' shiwilu la'la'mapu'wa'.,U02395,G02170,medium,0.6521456241607666,0.5020270943641663,0.15011852979660034,12
U01739,G01541,estornudo mucho.,a'shulek wapu',wiuksu' lunpalek,U01082,G00941,hard,0.5837359428405762,0.5304906368255615,0.05324530601501465,5
U01739,G01541,estornudo mucho.,a'shulek wapu',sekdiperker' mutu'penkek,U00860,G00736,medium,0.5837359428405762,0.43307557702064514,0.15066036581993103,30
U01097,G00956,soy médico.,lulentutek' nuka'ka,insilanpi nuka'ka,U00555,G00460,hard,0.6922851800918579,0.6375283598899841,0.05475682020187378,19
U01097,G00956,soy médico.,lulentutek' nuka'ka,kua nuka'ka,U00099,G00068,medium,0.6922851800918579,0.5379623174667358,0.15432286262512207,34
U02744,G02519,"todos (los peces) salieron,","iñerdaper yu'nkellapilli,","shidek enñi,",U02711,G02486,hard,0.6699227690696716,0.6178092360496521,0.05211353302001953,14
U02744,G02519,"todos (los peces) salieron,","iñerdaper yu'nkellapilli,","iñer u'lan'ukllik wisunanpalli,",U02753,G02528,medium,0.6699227690696716,0.49444127082824707,0.17548149824142456,34
U03038,G02813,"¡a que ciudad quizá van a ir! a otra ciudad desconocida van a ir, a moyobamba ya no van a ir más.","¡enñupa' ñinanlu' ipa' pa'achuma'! ali'la ñinanlu'lupa' pa'achuma', muyunpalupa' a'pinta' pa'api'nchuma'.",aperkwi'nterwa'. ¡aner yaperku'tama'! aperku'teklusa' ñerkasu' malek nana nu'tudekllina'.,U02568,G02343,hard,0.6153374314308167,0.5083761811256409,0.10696125030517578,3
U03038,G02813,"¡a que ciudad quizá van a ir! a otra ciudad desconocida van a ir, a moyobamba ya no van a ir más.","¡enñupa' ñinanlu' ipa' pa'achuma'! ali'la ñinanlu'lupa' pa'achuma', muyunpalupa' a'pinta' pa'api'nchuma'.",nu'amudek i'na' ¡enchu lli'kunwa' nana den ipa' nanpipalli! tamudek pekpiwatukellillen itullini'ma.,U02592,G02367,medium,0.6153374314308167,0.463634729385376,0.15170270204544067,6
U02964,G02739,"dice que mientras (el tigre negro) se revolcaba, (los hombres) se acercaron, lo picaron varias veces y lo mataron violentamente.","nana inpikanpasik ima, pa'anna', pasek pasekka'tullina', paki'tullina'.","napi' ima llikanetchudek'i'ñina', yutudekllini'ma, llipu'tudekllini'ma, er'washinchi walek a'saka'tudekllina'.",U03056,G02831,hard,0.5380151271820068,0.4763403534889221,0.06167477369308472,15
U01333,G01161,¿puedo participar?,¿yennitulek katupa'tak?,¿yennitulek katu'pa'a'kik?,U01651,G01460,hard,0.7209078073501587,0.670030951499939,0.05087685585021973,6
U01333,G01161,¿puedo participar?,¿yennitulek katupa'tak?,¿yennitapala dekkunta'mak?,U01006,G00869,medium,0.7209078073501587,0.560981035232544,0.15992677211761475,17
U00232,G00182,no entrar.,ku'la dai'nchu,ninchichi'nek,U01728,G01530,hard,0.5713333487510681,0.5191992521286011,0.05213409662246704,22
U02644,G02419,"vino el tucunaré,","tukuner uklli,","lapi'samer uklli,",U02647,G02422,hard,0.7051606178283691,0.6472945213317871,0.05786609649658203,5
U02644,G02419,"vino el tucunaré,","tukuner uklli,","shiwilu la'la',",U02322,G02097,medium,0.7051606178283691,0.5539373159408569,0.1512233018875122,19
U00715,G01724,¿hemos terminado?,¿a'ta'wantulekwa'?,¿insek'diperpi ñapalama'?,U01319,G01148,hard,0.620062530040741,0.5687155723571777,0.05134695768356323,6
U00715,G01724,¿hemos terminado?,¿a'ta'wantulekwa'?,¿yusu' ñapala?,U00717,G01141,medium,0.620062530040741,0.4700559377670288,0.15000659227371216,27
U01933,G01724,¿terminamos?,¿a'ta'wantulekwa'?,¿nu'techu'?,U01907,G01701,hard,0.6985871195793152,0.6476315855979919,0.05095553398132324,6
U01933,G01724,¿terminamos?,¿a'ta'wantulekwa'?,¿chacha'wanpala?,U00989,G00853,medium,0.6985871195793152,0.5452214479446411,0.15336567163467407,32
U01384,G01209,siempre camino.,nerpi'pu' dekundapalek,ñiden lekchi'ñi,U01156,G01008,hard,0.3481574058532715,0.29617780447006226,0.05197960138320923,37
U02043,G01827,lo buscaré.,dunker'echek,wer'lliek,U00031,G00026,hard,0.6330786943435669,0.5814513564109802,0.05162733793258667,24
U02322,G02097,"la lengua shiwilu,","shiwilu la'la',","tukuner uklli,",U02644,G02419,medium,0.795792818069458,0.6149175763130188,0.1808752417564392,2
U03180,G02955,ahora tú. otro (niño) fue. estuvo viendo y escogió (otro santito) agarrándolo.,kenmei'na. ali'la panta'lli. lli'apallima pilli'tulli. 16 shapingo significa sacharuna o espíritu de la selva.,lli'kuñini'ma panpateklu'lusa'. ma'lusa' asu'? tullini'ma panpateklu' lli'anna'.,U02969,G02744,hard,0.43444979190826416,0.38241639733314514,0.05203339457511902,14
U01688,G01492,buenas tardes.,muer'wa,lun'awa',U00608,G00504,hard,0.45747026801109314,0.3867377042770386,0.07073256373405457,16
U00808,G00684,soy finlandés.,finlandis nuka'ka,frances nuka'ka,U00553,G00458,medium,0.8994155526161194,0.6450281143188477,0.25438743829727173,2
U02587,G02362,diciendo (eso) se acercaron y (arákayu) salió de su casa (a encontrarlos). al verlos los llamó:,tanni'ma kawinta'llini'ma yunsu'lli pidekñikla. lli'dek'an peklu'deklli:,"arakayu ima peklu'deklli, itudeklli:",U02637,G02412,hard,0.5987487435340881,0.4912162721157074,0.10753247141838074,8
U02587,G02362,diciendo (eso) se acercaron y (arákayu) salió de su casa (a encontrarlos). al verlos los llamó:,tanni'ma kawinta'llini'ma yunsu'lli pidekñikla. lli'dek'an peklu'deklli:,nanek ima ala'sa' taserpi wa'latutek tulli:,U02913,G02688,medium,0.5987487435340881,0.4454081356525421,0.15334060788154602,14
U01826,G01622,sentémonos.,du'awa',tanten'ñidek,U01239,G01078,hard,0.5177639126777649,0.4668313264846802,0.05093258619308472,51
U02669,G02444,arákayu dijo a estas golondrinas yo las estoy criando.,arakayu ima tulli asu' sellawa i'na kualer pektawapalek.,ala'sa' kupin uktaksa' iñer nana kaladaper uktakda' sekdunek.,U02380,G02155,hard,0.635553777217865,0.5084888339042664,0.12706494331359863,2
U02669,G02444,arákayu dijo a estas golondrinas yo las estoy criando.,arakayu ima tulli asu' sellawa i'na kualer pektawapalek.,ali'ladaper tullini'ma asu' arakayu samer luwektapalli.,U02679,G02454,medium,0.635553777217865,0.4854525029659271,0.15010127425193787,3
U00757,G00636,es feliz.,musu' nuka'a,u'chimusha nuka'a,U01481,G01299,hard,0.5346688628196716,0.4846499264240265,0.05001893639564514,21
U01751,G01553,quiero trabajar.,yasaka'tulek,kanandeklek,U01071,G00930,hard,0.5916028618812561,0.5406907200813293,0.05091214179992676,14
U01294,G01125,está despedido.,saka'tunakla usu'llina,chimillinkekla nanpichu,U01991,G01777,hard,0.45703962445259094,0.40663009881973267,0.050409525632858276,49
U01353,G01180,todos ganan.,iñer' kana'tullina',iñer'daper' mallia'llina',U01983,G01770,hard,0.5229698419570923,0.47265759110450745,0.05031225085258484,5
U01353,G01180,todos ganan.,iñer' kana'tullina',wanersu' anu'dektullina'.,U02701,G02476,medium,0.5229698419570923,0.3680395781993866,0.1549302637577057,27
U03192,G02967,así nos han puesto.,nana nu'su' aku'llinerkenmu'wa'.,nu'ak kua' insekluten'apalekwa'.,U02779,G02554,hard,0.680260181427002,0.5970236659049988,0.08323651552200317,2
U03192,G02967,así nos han puesto.,nana nu'su' aku'llinerkenmu'wa'.,a'ñapalekwa' asu',U01898,G01692,medium,0.680260181427002,0.5044972896575928,0.17576289176940918,10
U02313,G02088,"ella dice que quiere aprender (mi idioma),","nanima yañinchitulli,","nananta' a'lekchii, ñinchichii,",U02291,G02066,hard,0.7045705318450928,0.5890647172927856,0.11550581455230713,2
U02313,G02088,"ella dice que quiere aprender (mi idioma),","nanima yañinchitulli,","damer'ita yunsu'lli,",U02749,G02524,medium,0.7045705318450928,0.5515575408935547,0.15301299095153809,5
U02568,G02343,no vamos a mezquinar. ¡no sean mezquinos! por ser miserables les hicieron eso.,aperkwi'nterwa'. ¡aner yaperku'tama'! aperku'teklusa' ñerkasu' malek nana nu'tudekllina'.,"- ¡uku' chai alli'shalusa', yalli'walusa'! ¿enñupa' a'cha pa'apilalama'?",U02588,G02363,hard,0.5861027240753174,0.5237774848937988,0.062325239181518555,5
U02568,G02343,no vamos a mezquinar. ¡no sean mezquinos! por ser miserables les hicieron eso.,aperkwi'nterwa'. ¡aner yaperku'tama'! aperku'teklusa' ñerkasu' malek nana nu'tudekllina'.,uklulu'nenna' uwanna'pu'su'... sinanpachinenna' pilli'tanna'.,U02562,G02337,medium,0.5861027240753174,0.41378509998321533,0.17231762409210205,10
U02259,G02034,por eso me arrimé donde mi abuelita.,nu'amu amishawekkek pipetchulek.,nu'sik upetchununta'lek deklek.,U02370,G02145,hard,0.6873794198036194,0.6209008097648621,0.06647861003875732,7
U02259,G02034,por eso me arrimé donde mi abuelita.,nu'amu amishawekkek pipetchulek.,nu'amui'na i'pa amishawek teksusullun wilaluntulek.,U02262,G02037,medium,0.6873794198036194,0.5365828275680542,0.15079659223556519,26
U00192,G00147,estoy tranquilo. (estoy bien),u'chimuñapalek,sha'mu'su' ñapalek,U00565,G00469,hard,0.5575615763664246,0.5040501952171326,0.05351138114929199,12
U02409,G02184,felizmente tengo hijos.,mula'si'la wilawanek.,nu'amui'na kuanta' musu' nanpiapalek.,U02277,G02052,hard,0.483978271484375,0.4269120395183563,0.05706623196601868,11
U00154,G00113,adelántante,ekte'cher',a'wanerker',U00109,G00077,hard,0.47382932901382446,0.4228660762310028,0.050963252782821655,33
U01081,G00940,leo libros.,luntulek kerka'lusa',luwantulek kulliker',U01085,G00944,hard,0.4703860580921173,0.4066144526004791,0.06377160549163818,7
U01081,G00940,leo libros.,luntulek kerka'lusa',kenma lli'ker',U00425,G00343,medium,0.4703860580921173,0.31985196471214294,0.15053409337997437,42
U01578,G01389,teníamos razón.,a'persu' ñapiñidek,llipu'pi ñapawiñidek,U01248,G01085,hard,0.6178403496742249,0.5623252987861633,0.05551505088806152,11
U01578,G01389,teníamos razón.,a'persu' ñapiñidek,saka'tusu' ñapalidek,U00947,G00815,medium,0.6178403496742249,0.4669114351272583,0.15092891454696655,43
U00853,G00729,comencemos.,tenmiansu'wa,tantenlek'wa',U00689,G00576,hard,0.6303908228874207,0.571030855178833,0.059359967708587646,4
U00853,G00729,comencemos.,tenmiansu'wa,inmusha'wa',U00603,G00500,medium,0.6303908228874207,0.4794827699661255,0.15090805292129517,36
U02452,G02227,como ahora con este dolor de pierna no puedo caminar.,ma'pu'sui'na ikellandu'mu innichi'nek dekkunta'kasu'.,nana malek asu' penweklek penwei'nchuma'.,U02616,G02391,hard,0.49362197518348694,0.44072404503822327,0.05289793014526367,22
U01533,G01842,es suficiente.,nanasa',ma'kek'pachi'ñi,U02076,G01859,hard,0.4409993290901184,0.38850271701812744,0.05249661207199097,16
U02059,G01842,suficiente.,nanasa',luntuu,U00881,G00753,hard,0.41092926263809204,0.35909196734428406,0.05183729529380798,13
U01693,G01496,¿ya comiste?,¿ipa werana?,¿den wer'lli?,U01261,G01097,hard,0.609724760055542,0.5581085681915283,0.05161619186401367,42
U00975,G00841,lo necesitas.,luantapala,tandenñiden,U00935,G00803,hard,0.45131775736808777,0.39259833097457886,0.05871942639350891,10
U00975,G00841,lo necesitas.,luantapala,asu' katu'pa'techu,U01213,G01054,medium,0.45131775736808777,0.30089810490608215,0.15041965246200562,50
U03131,G02906,"cuentan que apu'tek tenía plata, mientras que a sekputchek lo trajeron para que supervise a los trabajadores.","apu'tek ima kullikerwa'su', sekputchek imi'na saka'tulusa' luwekta'su' nanakin kelli.","naneklima ali'la musun pa'an, sekllintan ima simana' ima sekllintullina'.",U02958,G02733,medium,0.6479542255401611,0.48385289311408997,0.16410133242607117,2
U02370,G02145,luego se vuelve a agregar agua.,nu'sik upetchununta'lek deklek.,asek ima u'chimu saka'takawek ketñala.,U03127,G02902,hard,0.47806861996650696,0.42521682381629944,0.05285179615020752,21
U02533,G02308,(los hombres de jeberos) nos mezquinaron la pesca.,"- pu'yek aperku'tullinerkudek,",sapana'lusa'sa' pekpillina'.,U02704,G02479,hard,0.47318655252456665,0.4125230312347412,0.06066352128982544,7
U02533,G02308,(los hombres de jeberos) nos mezquinaron la pesca.,"- pu'yek aperku'tullinerkudek,",asu'ler pekdadek'etchu mukankinpu'lusa',U02820,G02595,medium,0.47318655252456665,0.32248207926750183,0.15070447325706482,46
U01038,G00899,feliz pascua.,musu' paskua',¡musu' paskua'!,U01039,G00900,hard,0.7639225721359253,0.6521809101104736,0.11174166202545166,2
U01038,G00899,feliz pascua.,musu' paskua',iñer musu',U00844,G00720,medium,0.7639225721359253,0.48009738326072693,0.28382518887519836,3
U02593,G02368,entonces dijo arákayu¿por qué no llamaron de lejos para oírlos?,tulli ma'pu'mi'na' peklu'chi'nama' weilan lauk'a'killek tullima arakayu.,nu'unta'shasi'pa' wilaweklusa' lachek'apilanti'ñina'.,U02414,G02189,hard,0.49703431129455566,0.440361887216568,0.05667242407798767,16
U02393,G02168,como hacían antes las abuelas ya finadas.,napi' amiku'lusa'pu'su'.,adipi du'kunna' wa'inutullina'.,U02770,G02545,hard,0.529081404209137,0.4678269028663635,0.06125450134277344,5
U02393,G02168,como hacían antes las abuelas ya finadas.,napi' amiku'lusa'pu'su'.,tullina' taserpiku'lusa'.,U02774,G02549,medium,0.529081404209137,0.378586083650589,0.15049532055854797,49
U02380,G02155,en una sola olla grande se mezcla todo lo de esas tres ollas.,ala'sa' kupin uktaksa' iñer nana kaladaper uktakda' sekdunek.,nu'sik ker' su'watek nananta' a'ukluka'lek ali'la uktak.,U02379,G02154,hard,0.5312402248382568,0.45610910654067993,0.0751311182975769,5
U02380,G02155,en una sola olla grande se mezcla todo lo de esas tres ollas.,ala'sa' kupin uktaksa' iñer nana kaladaper uktakda' sekdunek.,"naneklima ali'la musun pa'an, sekllintan ima simana' ima sekllintullina'.",U02958,G02733,medium,0.5312402248382568,0.3764600455760956,0.15478017926216125,29
U00500,G00412,dios existe.,yus nampipalli,pawanpalli chuma,U01873,G01667,hard,0.5429016351699829,0.4765862226486206,0.0663154125213623,2
U00500,G00412,dios existe.,yus nampipalli,chuma ekpa'palli,U00654,G00545,medium,0.5429016351699829,0.39055585861206055,0.15234577655792236,5
U03041,G02816,cuando nosotros perezcamos qué cosas quizá aparecerán dijeron antes.,kenmu'wa' chimiansikwa' ma'ilipa' lli'tetchu tullini'ma napi'.,pipekdek'anni'ma kencha'dekllina' ya'luwerdek'anna'.,U03020,G02795,hard,0.6626427173614502,0.5870600938796997,0.07558262348175049,2
U03041,G02816,cuando nosotros perezcamos qué cosas quizá aparecerán dijeron antes.,kenmu'wa' chimiansikwa' ma'ilipa' lli'tetchu tullini'ma napi'.,nu'apileklima kencha'llina' inalupa' ku'apellusa' kullikerwanlusa'.,U03019,G02794,medium,0.6626427173614502,0.5098870396614075,0.15275567770004272,12
U01269,G01104,puedes quedarte.,yennitula' llia'a'mak,yennitulekwa' kana'tak,U00683,G00571,hard,0.4912426769733429,0.43981000781059265,0.051432669162750244,8
U01269,G01104,puedes quedarte.,yennitula' llia'a'mak,ku'la nakui'nchu,U00231,G00181,medium,0.4912426769733429,0.3409516215324402,0.1502910554409027,24
U01500,G01316,hagamos más.,a'pinta' nu'tawa',nu'tawa' ipa'la,U02092,G01874,hard,0.5739316344261169,0.5158352851867676,0.058096349239349365,7
U01500,G01316,hagamos más.,a'pinta' nu'tawa',kualek nu'ter',U01347,G01174,medium,0.5739316344261169,0.41983893513679504,0.1540926992893219,24
U02136,G01916,estaban listos.,insekdiperpi ñapawiñina',ñapawiñina' pektunsu',U02137,G01917,hard,0.7311896681785583,0.626596987247467,0.10459268093109131,2
U02136,G01916,estaban listos.,insekdiperpi ñapawiñina',nu'misansu' chimiñina',U01857,G01651,medium,0.7311896681785583,0.5727393627166748,0.15845030546188354,6
U02890,G02665,"un viejo, dice, diluyó tabaco y les dio de beber (para que se despierten).",ala'sa' taserpiler ima pinter setmun a'u'deklli.,lli'an ima apu'tekku' enpu'nipa' yupilerkasu'tekka'lli insekkitulli wicha'pek.,U03077,G02852,hard,0.4541454017162323,0.38894328474998474,0.06520211696624756,8
U01609,G01420,llegaste temprano.,dasu'la ektu'kerllia,wa'tenker' a'mercha.,U00466,G00381,hard,0.46374592185020447,0.41219279170036316,0.05155313014984131,4
U01609,G01420,llegaste temprano.,dasu'la ektu'kerllia,tom nakusu' a'teka'lli,U02152,G01932,medium,0.46374592185020447,0.3134552240371704,0.15029069781303406,42
U02829,G02604,ahí dice (la ballena) salió a la playa y saliendo murió.,"naneklima yunsu'lli dellutekkek, yunsu'n chimiñi.",nanek da'an lli'itulli dinlupinen.,U02827,G02602,hard,0.5049784779548645,0.4428521394729614,0.062126338481903076,7
U02829,G02604,ahí dice (la ballena) salió a la playa y saliendo murió.,"naneklima yunsu'lli dellutekkek, yunsu'n chimiñi.",nanek ima nana pa'lusa' sadinai'ma wa'apetchullina'.,U02895,G02670,medium,0.5049784779548645,0.35140976309776306,0.15356871485710144,32
U03167,G02942,"y ustedes los de la pampa chota, ustedes son chota.","kenmami'na nana panpateklu' chota, chotanma'.","nawa' katu'shadaper, katu'ta' ku'aperwawalusa'.",U02442,G02217,hard,0.5686246156692505,0.512832760810852,0.05579185485839844,3
U03167,G02942,"y ustedes los de la pampa chota, ustedes son chota.","kenmami'na nana panpateklu' chota, chotanma'.","piper'unkellu', pipelladasu'.",U02736,G02511,medium,0.5686246156692505,0.4184258282184601,0.1501987874507904,13
U02831,G02606,"de ahí, esta la ballena poza se redujo.",naneklimaka asu' nana lanla' pitunta' uwentunta'lli.,ipa'la mula'si'la weklli.,U02289,G02064,hard,0.6156055927276611,0.5638142228126526,0.051791369915008545,14
U02831,G02606,"de ahí, esta la ballena poza se redujo.",naneklimaka asu' nana lanla' pitunta' uwentunta'lli.,nana sakanlupi'mi'na lli'llina' pen mukatapa'su'.,U02872,G02647,medium,0.6156055927276611,0.46483397483825684,0.1507716178894043,37
U01155,G01007,nadie sabe.,ñiden ñinchichi'ñi,ñiden chimii'ñi,U00861,G00737,hard,0.6408017873764038,0.5862494111061096,0.05455237627029419,5
U01155,G01007,nadie sabe.,ñiden ñinchichi'ñi,ku'la ñinchitapi'nek,U01397,G01221,medium,0.6408017873764038,0.47316232323646545,0.16763946413993835,13
U02955,G02730,uno que madrugó no se acordó nada de lo que le habían advertido (que no ventee la candela antes de que la icaren).,nana chida'su'la'sui'mi'na ñi illi'inui'ñi winter'kasu'.,ali'ladaper ima ker' aku'pakuñina'.,U02959,G02734,hard,0.42265939712524414,0.3678628206253052,0.054796576499938965,22
U02663,G02438,"afuera dormía la gente, en el patio exterior.","adipi wichi'llina', inyulatekkek.","u'ñishima awerandeklli, a'panta'deklli pideknennek.",U03138,G02913,hard,0.5151965618133545,0.447736531496048,0.06746003031730652,4
U02663,G02438,"afuera dormía la gente, en el patio exterior.","adipi wichi'llina', inyulatekkek.",nerpi'la llillin aku'llina' ñinchiluinpu'la'pi'na'.,U03196,G02971,medium,0.5151965618133545,0.36458879709243774,0.15060776472091675,17
U02841,G02616,antes los soñadores decían por ahí por donde el sol se oculta hay un pueblo.,napi' wa'latulusa' tullina' ina asu' kekki da'asu'lupa' ala'sa' ñinanlu' ñapalli.,wichi'a'ser ima tekkinchi lansi' wa'dan uk'an iñer ima laki'kerdeklli.,U02893,G02668,hard,0.5867030620574951,0.5354068875312805,0.0512961745262146,3
U02841,G02616,antes los soñadores decían por ahí por donde el sol se oculta hay un pueblo.,napi' wa'latulusa' tullina' ina asu' kekki da'asu'lupa' ala'sa' ñinanlu' ñapalli.,ipa'la lunchek ma'pu'si'pa' napi' uketllin asu' panpadek ukuchinlusa'.,U02511,G02286,medium,0.5867030620574951,0.4342612624168396,0.15244179964065552,46
U02584,G02359,alguien estaba haciendo fuego en su casa.,penwanpasik pidekñik.,chipetcheknenna'si'ma' pektentapalli.,U02911,G02686,hard,0.38844943046569824,0.3317168653011322,0.05673256516456604,40
U01899,G01693,¿estabas solo?,¿kenmasa' ñapawina?,¿kadu'lunsu' ñapala?,U02219,G01996,hard,0.5940427184104919,0.5332331657409668,0.060809552669525146,32
U02768,G02543,en cambio ahora crece la maleza,ipa'li'na tanantapilalli,ipa'la mula'si'la weklli.,U02289,G02064,hard,0.5670701861381531,0.46879836916923523,0.09827181696891785,2
U02768,G02543,en cambio ahora crece la maleza,ipa'li'na tanantapilalli,nanek tawetchulli.,U02830,G02605,medium,0.5670701861381531,0.4129367768764496,0.1541334092617035,6
U01737,G01539,ahora recuerdo.,ipa'la lli'inutulek,ipa' ñinchitulek,U01708,G01511,hard,0.6354306936264038,0.5677013397216797,0.06772935390472412,3
U01737,G01539,ahora recuerdo.,ipa'la lli'inutulek,ipa'linchi ukdinu'tulek.,U02355,G02130,medium,0.6354306936264038,0.4838816523551941,0.15154904127120972,10
U02410,G02185,"si no tuviera hijos ya me habría muerto, el hambre me hubiera matado, la enfermedad y el hambre me hubieran matado.","wilawi'nek'ipa' chiminpinek, uki'la di'tunansinku, kaluwi' uki'la di'tunansinku.","ñi nana wa'dantek pektawapi'ñi, ñi laman pektawapi'ñi, ñi ma'nen nanadaper.",U02624,G02399,hard,0.5886232852935791,0.500122606754303,0.08850067853927612,2
U02410,G02185,"si no tuviera hijos ya me habría muerto, el hambre me hubiera matado, la enfermedad y el hambre me hubieran matado.","wilawi'nek'ipa' chiminpinek, uki'la di'tunansinku, kaluwi' uki'la di'tunansinku.","kuanta' nu'apalek i'la. chilenllusa' enpu'ninchi, enpu'ninchi ni luyuinpu'winek, ñi'na yaluntudek'i'nek.",U03100,G02875,medium,0.5886232852935791,0.4384211599826813,0.15020212531089783,10
U01349,G01176,¿lo ves?,¿li'apala?,¿ukllin'cha?,U00752,G00631,hard,0.6764653921127319,0.6249009370803833,0.05156445503234863,16
U01460,G01278,te escucharé.,lauk'echen,alli'echen,U01442,G01260,hard,0.6722604036331177,0.6203556060791016,0.05190479755401611,3
U01460,G01278,te escucharé.,lauk'echen,dei'techen,U01440,G01259,medium,0.6722604036331177,0.5184029936790466,0.15385740995407104,34
U01440,G01259,te mataré.,dei'techen,pata'lliu,U01126,G00979,hard,0.56083744764328,0.5042868256568909,0.05655062198638916,12
U00635,G00530,eso duele.,nana ikerlli,nana chimiñi,U00241,G00191,hard,0.6181743144989014,0.5583692789077759,0.05980503559112549,13
U00635,G00530,eso duele.,nana ikerlli,nana saka'tapalli,U00636,G00531,medium,0.6181743144989014,0.46496525406837463,0.15320906043052673,21
U02958,G02733,"de ahí otro grupo se fue, trochando semanas, han hecho trocha.","naneklima ali'la musun pa'an, sekllintan ima simana' ima sekllintullina'.","nanek ima ñinanlu' indiuntuñina' nanentu, wa'anler peklu'deklli.",U02834,G02609,hard,0.5788800120353699,0.5278443098068237,0.05103570222854614,4
U02958,G02733,"de ahí otro grupo se fue, trochando semanas, han hecho trocha.","naneklima ali'la musun pa'an, sekllintan ima simana' ima sekllintullina'.","nanek ima ala'sa' taserpi yunsa'n tulli, iteklanen ima usañin musenkek aku'n tulli.",U02845,G02620,medium,0.5788800120353699,0.426139235496521,0.15274077653884888,26
U00151,G00111,¡piénsalo bien!,¡musu' lli'inuter'!,¡pilli'ter'!,U01378,G01203,hard,0.595181941986084,0.5418807864189148,0.05330115556716919,16
U02389,G02164,nadie la toca para que no se malogre.,ñidenler pata'pi'ñi aper'inpu'ek.,nu'unta'shasi'pa' wilaweklusa' lachek'apilanti'ñina'.,U02414,G02189,hard,0.5248288512229919,0.473751425743103,0.051077425479888916,13
U02389,G02164,nadie la toca para que no se malogre.,ñidenler pata'pi'ñi aper'inpu'ek.,nana sekputchek ima nana mukankinpu'a'su'.,U03133,G02908,medium,0.5248288512229919,0.3738422989845276,0.15098655223846436,45
U02333,G02108,"todo se está terminando. jeberos, 25 de julio del 2005",iñer ta'wantapilallina'.,ku'apenñen nanpipalli tan ima.,U02967,G02742,hard,0.360028475522995,0.3029005527496338,0.057127922773361206,6
U02181,G01961,estamos organizados.,mumusu' ñapallidek,i'shiwansu' ñapaku',U00379,G00309,hard,0.6141451597213745,0.5634012222290039,0.050743937492370605,27
U00183,G00261,reí.,yamerlek',u'lanñi,U00359,G00290,hard,0.6332864761352539,0.5764157176017761,0.05687075853347778,38
U00326,G00261,me reí.,yamerlek',yamerlek,U02047,G01830,hard,0.7015838623046875,0.6483107805252075,0.05327308177947998,30
U02296,G02071,"nuestras costumbres,","nanpikudeksu',","ukilasu'tundek enñi,",U02712,G02487,hard,0.536656379699707,0.4837777614593506,0.052878618240356445,9
U02296,G02071,"nuestras costumbres,","nanpikudeksu',","ipa'laka kenmama' uki'la nakuchuma',",U02696,G02471,medium,0.536656379699707,0.3844219446182251,0.15223443508148193,29
U01841,G01636,¿bailamos?,¿lansa'wa?,¿wilawanpala'?,U02231,G02006,hard,0.7646558284759521,0.6978073716163635,0.06684845685958862,3
U01841,G01636,¿bailamos?,¿lansa'wa?,¿luwer'chapalama'udek?,U01676,G01482,medium,0.7646558284759521,0.6126928329467773,0.1519629955291748,11
U01630,G01441,trabajas mucho.,saka'techu empu'nipa,kulliker'wanpala,U01267,G01102,hard,0.3988822102546692,0.34799864888191223,0.05088356137275696,30
U02656,G02431,se corrió la voz sobre arákayu.,lawinñini'ma arakayu.,arakayu ima pillektutek.,U02717,G02492,hard,0.6249077320098877,0.570727527141571,0.05418020486831665,13
U02656,G02431,se corrió la voz sobre arákayu.,lawinñini'ma arakayu.,tan ima pillekllenmu'wa' asu' arakayu.,U02764,G02539,medium,0.6249077320098877,0.4740225672721863,0.15088516473770142,22
U01577,G01388,estábamos borrachos.,lupersu' ñapawiñidek,a'ñapalekwa' da'lusa',U02163,G01943,hard,0.7017799019813538,0.6282431483268738,0.07353675365447998,4
U01577,G01388,estábamos borrachos.,lupersu' ñapawiñidek,ñinpi' lunpi'ñidek,U01573,G01384,medium,0.7017799019813538,0.5500480532646179,0.15173184871673584,27
U02843,G02618,"diciendo eso se cansaron de hablar y ya perecieron ellos, ahora nosotros también eso mismo estamos recordando.","tanna' pellunna' ipa' takerllina' nawa', ipa'li'na kenmu'wa'nta' nani'la lli'inutapalekwa'.",nanekla'nka lawektapamudek kudanta' ipa'la walek lli'inutapallidek nana lunka'su'.,U02577,G02352,hard,0.7325976490974426,0.6677040457725525,0.06489360332489014,2
U02843,G02618,"diciendo eso se cansaron de hablar y ya perecieron ellos, ahora nosotros también eso mismo estamos recordando.","tanna' pellunna' ipa' takerllina' nawa', ipa'li'na kenmu'wa'nta' nani'la lli'inutapalekwa'.",nawa' lu'rnka'su' kudanta' laukta'kudeksu' wilakudek ñamudek lunpallidek.,U03003,G02778,medium,0.7325976490974426,0.5807981491088867,0.1517994999885559,12
U00917,G00787,tom enseña.,tom a'lektapalli,tom tukulu'palli,U00667,G00557,hard,0.8352530002593994,0.7585941553115845,0.07665884494781494,2
U00917,G00787,tom enseña.,tom a'lektapalli,tom lachek'lli,U01876,G01670,medium,0.8352530002593994,0.6851004362106323,0.1501525640487671,17
U03018,G02793,"allá, decían.","da'ilek, ali'ladaper tullina' saka'tunan dunkerpatekkudek nanalupa' pa'achidek, tullima. sin embargo, otros opinaban a buscar trabajo tenemos que ir por","- ah, pakuuu kenmamá'. lliinuta'mama'su' yasaka'tulama' itudeklek. ah, vayan ustedes, conforme acordaron van a",U02446,G02221,hard,0.4290195107460022,0.37854722142219543,0.05047228932380676,17
U03079,G02854,"encontrándole, a él nomás lo revolcaron golpéandolo y lo mataron.",kananna' nanasa' llikantullina' dei'tullina'.,"enta'n, nawa' kerka' ñinchilli'npu'la'pi'na'.",U03028,G02803,hard,0.44299814105033875,0.39218220114707947,0.05081593990325928,43
U00073,G01202,agarra fuertemente.,pilli'ter' ikersu',tupiter' inpalerian,U02086,G01868,hard,0.5941286087036133,0.5428562164306641,0.05127239227294922,10
U01377,G01202,sujétalo fuerte.,pilli'ter' ikersu',ninchiter' wapu',U00631,G00526,hard,0.49719205498695374,0.44329002499580383,0.0539020299911499,12
U01481,G01299,es adorable.,u'chimusha nuka'a,tumu' nuka'a,U02123,G01903,hard,0.5257506966590881,0.472219854593277,0.05353084206581116,24
U03104,G02879,malallina es la que nos ha hecho darnos cuenta.,malallina nu'su' a'lli'tullundek.,shiwilu la'la'mapu'wa' u'chimusha.,U02396,G02171,hard,0.5503697991371155,0.481467604637146,0.06890219449996948,2
U03104,G02879,malallina es la que nos ha hecho darnos cuenta.,malallina nu'su' a'lli'tullundek.,nu'awa' nu'pachi tanni'ma llisanala nu'tanna'.,U03074,G02849,medium,0.5503697991371155,0.4002196788787842,0.1501501202583313,15
U02606,G02381,"¿tienes pescado, hermano mayor?","- ¿samerwanpala'ncha, alli'shá?","- ñapala, ñañá? itukellu.",U02417,G02192,medium,0.6171400547027588,0.4498257339000702,0.1673143208026886,2
U01200,G01041,pararon.,ta'itula'llina,uk'apilellina',U01867,G01661,hard,0.5911093950271606,0.5303707718849182,0.06073862314224243,31
U01200,G01041,pararon.,ta'itula'llina,iñer' chiyekllina',U02237,G02012,medium,0.5911093950271606,0.4374261200428009,0.15368327498435974,48
U01517,G01332,¡digan algo!,¡tuku' ma'nen'unta'!,¡musu' llia'ker'!,U00593,G00493,hard,0.6698237657546997,0.5882370471954346,0.08158671855926514,5
U01517,G01332,¡digan algo!,¡tuku' ma'nen'unta'!,¡enpu'ni dakuta'ipa'!,U01597,G01408,medium,0.6698237657546997,0.5091500878334045,0.16067367792129517,18
U01668,G01475,¿lo viste?,¿lli'la?,¿ikerlli?,U01028,G00889,hard,0.7492619156837463,0.6853061318397522,0.06395578384399414,5
U01668,G01475,¿lo viste?,¿lli'la?,¿lu'wan'nun?,U01966,G01755,medium,0.7492619156837463,0.5948963165283203,0.15436559915542603,27
U00099,G00068,soy yo.,kua nuka'ka,luanpi nuka'ka,U00343,G00275,hard,0.7529027462005615,0.6979720592498779,0.054930686950683594,2
U00099,G00068,soy yo.,kua nuka'ka,umilu'lada' nuka'ka,U02054,G01837,medium,0.7529027462005615,0.5924575328826904,0.1604452133178711,16
U01938,G01728,¿estás jodiendo?,¿a'pe'chapala?,¿kana'tula?,U00737,G00617,hard,0.6738842725753784,0.6232019662857056,0.05068230628967285,30
U01150,G01003,no vayamos.,pa'inpu'wa',yatulener'tama,U00487,G00400,hard,0.5988644957542419,0.5341892242431641,0.06467527151107788,28
U01035,G00896,ve adentro.,paker' kinekla,lauk'la tuna'ker',U00508,G00420,hard,0.5696547031402588,0.5158847570419312,0.05376994609832764,7
U01035,G00896,ve adentro.,paker' kinekla,nanentupen,U01270,G01105,medium,0.5696547031402588,0.4154885411262512,0.15416616201400757,33
U02408,G02183,ahora que soy una mujer enferma ellos me cuidan.,kaluwi'tekku ipa'la ñaseku nawa' luwektapallinerku.,napi' i'na amiku'lusa' utawitunanteklek utawillina'.,U02362,G02137,hard,0.628823459148407,0.5614634156227112,0.0673600435256958,2
U02408,G02183,ahora que soy una mujer enferma ellos me cuidan.,kaluwi'tekku ipa'la ñaseku nawa' luwektapallinerku.,kua usha'wanek a'lek'inpu'dek'amu wilaweklusa'.,U02303,G02078,medium,0.628823459148407,0.4732469618320465,0.15557649731636047,15
U02897,G02672,"¿ay, quién de nosotras irá a quedar viuda?","¿denkenmu'wa' ekdulunterwa', ten",kenmu'wa' takeraterwa' nu'unta'nmu'wa'.,U02859,G02634,hard,0.3957933485507965,0.3399992883205414,0.05579406023025513,51
U00826,G00702,estoy leyendo.,lunpalek,kua lli'inutapalek,U00542,G00448,hard,0.6904979348182678,0.637839138507843,0.052658796310424805,17
U02538,G02313,"después de comer van a encontrar una quebradita en el camino,","ka'a'mamasu' supinak ala'sa' dekshadek kanenchuma' inchilalak,","mitan nakusik ima adanta'n,",U02688,G02463,hard,0.5382623076438904,0.48778432607650757,0.05047798156738281,11
U02538,G02313,"después de comer van a encontrar una quebradita en el camino,","ka'a'mamasu' supinak ala'sa' dekshadek kanenchuma' inchilalak,","nu'an imaka samellusa' yu'nketllina',",U02718,G02493,medium,0.5382623076438904,0.3876398205757141,0.15062248706817627,36
U01085,G00944,quiero dinero.,luwantulek kulliker',luwantulek saka'tak,U01735,G01537,hard,0.5784046053886414,0.5272787809371948,0.05112582445144653,2
U03193,G02968,nuestros abuelos finados ellos han sido así.,papinkumapu'wa'ku'lusa' nana nu'llina'.,nanalupa' uk'anna' asu' utapakellinerkenmu'wa'.,U03115,G02890,hard,0.6336551904678345,0.5763298869132996,0.05732530355453491,2
U03193,G02968,nuestros abuelos finados ellos han sido así.,papinkumapu'wa'ku'lusa' nana nu'llina'.,mukankanlusa'sa' dansu'chuna'.,U02732,G02507,medium,0.6336551904678345,0.4831914007663727,0.1504637897014618,17
U01712,G01515,traje vino.,kerlliek vinu',a'ñapallina' vinu',U01858,G01652,medium,0.6735444068908691,0.5015040636062622,0.17204034328460693,5
U02299,G02074,ninguno de mis hijos entiende.,ñienkasu' wilaweklusa' lachek'i'ñina'.,tula'si'ma llinlliwañina'.,U03172,G02947,hard,0.6158615350723267,0.5631986856460571,0.05266284942626953,9
U02299,G02074,ninguno de mis hijos entiende.,ñienkasu' wilaweklusa' lachek'i'ñina'.,sadinleksi'ma chu'kenñi.,U02675,G02450,medium,0.6158615350723267,0.4657508432865143,0.15011069178581238,24
U02543,G02318,después levántense y corran hasta un árbol inclinado.,- nanekla yunsanma' tekka'nta'ku' ala'sa' nala inner'apek walek.,"ukluka'sik, ali'lak kupin uktak pekdu'a'kasu' upellek.",U02364,G02139,hard,0.48480933904647827,0.4343382716178894,0.05047106742858887,13
U02815,G02590,eso nomás les he contado sobre arákayu.,nanasa' winterkenma' arakayuki.,dankumelli arakayuler lli'apasik.,U02724,G02499,hard,0.6122743487358093,0.5615085959434509,0.0507657527923584,13
U01703,G01506,se ahogó.,chimidek'tulli,a'pawilek'la,U01931,G01722,hard,0.5845552682876587,0.5231968760490417,0.06135839223861694,28
U00284,G01027,cálmate.,ta'tuler',pinaner'ker',U00350,G00281,hard,0.6461718678474426,0.5953623652458191,0.050809502601623535,39
U01179,G01027,cállate.,ta'tuler',apu'ker',U00392,G00746,hard,0.7374497652053833,0.68413245677948,0.05331730842590332,19
U00120,G00086,despierta.,nanpiker',empu'duncha',U01725,G01527,hard,0.6483744978904724,0.5975519418716431,0.050822556018829346,2
U00120,G00086,despierta.,nanpiker',a'wencher',U01364,G01189,medium,0.6483744978904724,0.49672752618789673,0.15164697170257568,24
U00614,G00510,mamá lloró.,awa wellek'lli,tomas dek'lli,U00437,G00354,hard,0.4042033851146698,0.3507865369319916,0.05341684818267822,20
U03196,G02971,nombres extranjeros han puesto sin saber hablar (la lengua).,nerpi'la llillin aku'llina' ñinchiluinpu'la'pi'na'.,ñinchilu'nma'su' ñilli inluntunansu'.,U02505,G02280,hard,0.6539534330368042,0.5998924374580383,0.05406099557876587,5
U03196,G02971,nombres extranjeros han puesto sin saber hablar (la lengua).,nerpi'la llillin aku'llina' ñinchiluinpu'la'pi'na'.,lli'kuñina' chipetcheklusa'sa' pektentapa'ser nanek.,U02921,G02696,medium,0.6539534330368042,0.5018776059150696,0.15207582712173462,21
U03132,G02907,"él era de españa también, los dos mismos no hablaban la lengua shiwilu ni la lengua inka, pero entendían.","ishpañakla nananta', katu'daper i'la shiwilu la'la', inka' la'la' lui'nta'ser, lachekllini'mi'na.","iñer ima dullinen adipi, ukunpala'lli, ñi chipitekwi'ñi.",U02875,G02650,hard,0.5593129992485046,0.46267059445381165,0.096642404794693,6
U03132,G02907,"él era de españa también, los dos mismos no hablaban la lengua shiwilu ni la lengua inka, pero entendían.","ishpañakla nananta', katu'daper i'la shiwilu la'la', inka' la'la' lui'nta'ser, lachekllini'mi'na.","ñidenler lli'api'ñi, yaya'nlli'chi'ñi, nu'su'.",U03025,G02800,medium,0.5593129992485046,0.40674373507499695,0.1525692641735077,25
U00742,G00622,¡no dispares!,¡yailantuta!,¡yawellekta!,U00297,G00236,hard,0.7271966338157654,0.6164224743843079,0.11077415943145752,3
U00742,G00622,¡no dispares!,¡yailantuta!,¡inapiku!,U00197,G00152,medium,0.7271966338157654,0.5733367800712585,0.15385985374450684,11
U02449,G02224,"¿ah, ya has venido?","- ¿ah, ipa'cha uncha'la?",¿nana wenche'chu?,U01606,G01417,hard,0.6901418566703796,0.5834553241729736,0.106686532497406,2
U02449,G02224,"¿ah, ya has venido?","- ¿ah, ipa'cha uncha'la?",¿ipa werana?,U01693,G01496,medium,0.6901418566703796,0.4767940640449524,0.21334779262542725,4
U00552,G00457,lo haré.,nu'techek,peklu'lek,U01999,G01785,hard,0.7267269492149353,0.671554684638977,0.05517226457595825,8
U00552,G00457,lo haré.,nu'techek,latekllien,U01390,G01513,medium,0.7267269492149353,0.5762569904327393,0.15046995878219604,51
U02173,G01953,queremos votar.,yadekllidek,wer'su' ñapallidek,U00699,G00585,hard,0.4461933374404907,0.3958633244037628,0.050330013036727905,49
U00059,G00047,¡entren!,¡daker'ku'!,¡ta'ituler'!,U00012,G00009,hard,0.7172748446464539,0.6553036570549011,0.061971187591552734,12
U00059,G00047,¡entren!,¡daker'ku'!,da'encha'ku',U00158,G00117,medium,0.7172748446464539,0.5652377605438232,0.15203708410263062,28
U03126,G02901,"los que vinieron a ver dijeron, los que hacían comprender, los que interpretaban (la lengua) dijeron:","lli'kerenni'ma tullina'ka nawa', nana a'lachekta'su', lawer'a'su' tulli:","uku'latudek'anna', insekkilapidek'anna', uk'lapincha'dekllina' nana.",U03008,G02783,hard,0.6926281452178955,0.639305055141449,0.05332309007644653,3
U03126,G02901,"los que vinieron a ver dijeron, los que hacían comprender, los que interpretaban (la lengua) dijeron:","lli'kerenni'ma tullina'ka nawa', nana a'lachekta'su', lawer'a'su' tulli:","nana sekputchekkui'na di'tanna, inpasetllina', inluyullina'.",U03148,G02923,medium,0.6926281452178955,0.5416533350944519,0.1509748101234436,8
U00247,G00195,prepárate.,insek'diper'ker',de'a'merker',U02107,G01888,hard,0.6231950521469116,0.571628749370575,0.05156630277633667,40
U01979,G01767,no interfieras.,yatu'nektuta,yalli'tama,U00485,G00398,hard,0.6512855887413025,0.5948948860168457,0.05639070272445679,15
U01979,G01767,no interfieras.,yatu'nektuta,ninchiter' wapu',U00631,G00526,medium,0.6512855887413025,0.4975328743457794,0.15375271439552307,39
U01859,G01653,ellos discutieron.,nawa' inyutullina',iñer' tumu'llina',U01685,G01490,hard,0.626303493976593,0.5742990374565125,0.052004456520080566,10
U01859,G01653,ellos discutieron.,nawa' inyutullina',saka'tunakla usu'dekllina',U01295,G01126,medium,0.626303493976593,0.47479572892189026,0.15150776505470276,37
U00296,G00235,no llores.,yawellekta,yalamapu'ta,U00743,G00623,hard,0.7442799806594849,0.6937345862388611,0.05054539442062378,6
U00296,G00235,no llores.,yawellekta,yataitula'ta,U00488,G00401,medium,0.7442799806594849,0.5918108224868774,0.15246915817260742,16
U02236,G02011,¿viven aquí?,¿asek nanpipalama'?,¿ipa werana?,U01693,G01496,hard,0.6446757316589355,0.5896241068840027,0.05505162477493286,4
U02236,G02011,¿viven aquí?,¿asek nanpipalama'?,¿insek'diperpi ñapalama'?,U01319,G01148,medium,0.6446757316589355,0.4931359887123108,0.15153974294662476,20
U00639,G00533,se quedaron.,llia'llina',kana'chi'ñina',U00431,G00348,hard,0.6162152886390686,0.561299741268158,0.054915547370910645,13
U00639,G00533,se quedaron.,llia'llina',pilli'tullina',U01842,G01637,medium,0.6162152886390686,0.4660256803035736,0.150189608335495,39
U00640,G00533,se mantuvieron.,llia'llina',dekllina',U00643,G00536,hard,0.6795840263366699,0.6197983026504517,0.05978572368621826,25
U00640,G00533,se mantuvieron.,llia'llina',kana'chi'ñina',U00431,G00348,medium,0.6795840263366699,0.5263918042182922,0.15319222211837769,45
U02968,G02743,"semanas, un mes y llegaron a moyobamba.","sekllintulli iñer uklli, ala' simana', katu' simana', kala simana', ala' dukerkek ima ektu'llina' muyunpak. hicieron trocha todos los días, una semana, dos semanas, tres","katentapek walek, ukluka'palli wa'naukta kellek.",U02357,G02132,hard,0.41388577222824097,0.3622059226036072,0.05167984962463379,20
U01374,G01199,aquí viene.,asek uk'apilelli,asek ikerlli,U01474,G01292,hard,0.6211158037185669,0.5583828091621399,0.062732994556427,2
U01374,G01199,aquí viene.,asek uk'apilelli,ipa' lli'echu,U00711,G00597,medium,0.6211158037185669,0.4605746269226074,0.16054117679595947,16
U02123,G01903,es falso.,tumu' nuka'a,kerpi'a'cha',U01123,G00976,hard,0.5974026322364807,0.5454677939414978,0.05193483829498291,17
U02773,G02548,¿por qué nos hicieron esto?,¿ma'kin nu'tullinerkenmu'wa' chi,papinkumapu'wa'ku'lusa' nana nu'llina'.,U03193,G02968,hard,0.5423396825790405,0.4916168451309204,0.05072283744812012,7
U02773,G02548,¿por qué nos hicieron esto?,¿ma'kin nu'tullinerkenmu'wa' chi,¿ma'pu'a'su' asu' yalli' i'na nanashasa' nanpipalli?,U02621,G02396,medium,0.5423396825790405,0.39233875274658203,0.1500009298324585,43
U03150,G02925,"nosotros somos gente de cerro, nosotros no somos de aquí.","kenmu'wa' mutupi muda', kenmu'wa' ñi asu'lupa'dei'npu'.","ñinchitapalekwa' ali'ladaperunta' nanpi'perkasu', ñi'na ñienpi' lli'dek'i'nekwa'.",U02836,G02611,hard,0.6946864128112793,0.5972192287445068,0.09746718406677246,2
U03150,G02925,"nosotros somos gente de cerro, nosotros no somos de aquí.","kenmu'wa' mutupi muda', kenmu'wa' ñi asu'lupa'dei'npu'.","nu'su' ipa'la ñaterwa', ñi kenmu'wa' ipa'la chu'kenapi'nterwa' iñer ñinanlu'.",U03091,G02866,medium,0.6946864128112793,0.5128774046897888,0.18180900812149048,5
U03119,G02894,en la escuela primaria y secundaria soló hablan puro castellano.,asu' a'lektupideklusek ñinchitupideklusek nana kaschillasa' luñina'.,enta' winterkenma' ma'pu'si'pa' kineklada' llillin ñilli.,U03147,G02922,hard,0.4472734332084656,0.3972097635269165,0.05006366968154907,8
U02621,G02396,¿por qué este hermano vive solo?,¿ma'pu'a'su' asu' yalli' i'na nanashasa' nanpipalli?,¿sulliman wanpalli?,U02065,G01848,hard,0.49968892335891724,0.4176753759384155,0.08201354742050171,3
U02621,G02396,¿por qué este hermano vive solo?,¿ma'pu'a'su' asu' yalli' i'na nanashasa' nanpipalli?,¿ma'nen ila'cha luwantekchuma' kenmama'?,U02651,G02426,medium,0.49968892335891724,0.3466784358024597,0.15301048755645752,9
U01753,G01555,estaba soñando.,wa'latapawinek,yawichi'winek,U01091,G00950,hard,0.7364621758460999,0.6691754460334778,0.06728672981262207,2
U01753,G01555,estaba soñando.,wa'latapawinek,wa'tentapalek,U00830,G00706,medium,0.7364621758460999,0.586421549320221,0.1500406265258789,11
U02106,G01887,esperemos aquí.,watendawa' asek,wanerawa' asek,U02105,G01886,hard,0.6550685167312622,0.6049854755401611,0.050083041191101074,5
U02106,G01887,esperemos aquí.,watendawa' asek,nu'tawa' ipa'la,U02092,G01874,medium,0.6550685167312622,0.49759581685066223,0.15747269988059998,12
U02404,G02179,en mi jeberos a mis hijos he criado cuando su padre vivía.,shiwiluwekkek wilaweklusa' teksusudeklek papina' nanpipasik.,pitak aku'n peksantunanlek napi'ku'lusa' peksantullina'.,U02348,G02123,hard,0.6057859659194946,0.5341184735298157,0.07166749238967896,4
U02404,G02179,en mi jeberos a mis hijos he criado cuando su padre vivía.,shiwiluwekkek wilaweklusa' teksusudeklek papina' nanpipasik.,ukluka'pasik kenmu'nta' inyalalatulek chitetlla.,U02345,G02120,medium,0.6057859659194946,0.4526800513267517,0.15310591459274292,21
U01300,G01131,son inteligentes.,iñer' ñinchitulusa' nuker'ka,saputek'lusa' nuker'ka,U01212,G01053,hard,0.6651775240898132,0.5978832840919495,0.06729423999786377,5
U01300,G01131,son inteligentes.,iñer' ñinchitulusa' nuker'ka,ñapaker' musu'kankantusu',U00465,G00380,medium,0.6651775240898132,0.49820107221603394,0.1669764518737793,17
U02856,G02631,"después, los que van de nuevo (el segundo grupo) ellos sí van a matar a las fieras.","naneklan, pa'nunta'lusa' nawa' a'ka di'tetchuna' nana anaka'.",asu' tanan ima di'setchetchuna' itudekllima ñima latekchiñina'.,U02521,G02296,hard,0.5564462542533875,0.48123639822006226,0.0752098560333252,3
U02856,G02631,"después, los que van de nuevo (el segundo grupo) ellos sí van a matar a las fieras.","naneklan, pa'nunta'lusa' nawa' a'ka di'tetchuna' nana anaka'.",nu'an yupasik ima ipa' ipa'linchi ñinanlu' indiuntunñina'.,U02737,G02512,medium,0.5564462542533875,0.4046342372894287,0.15181201696395874,16
U00282,G00227,respóndanme.,na'piu'ku,luntuu,U00881,G00753,hard,0.5989384055137634,0.5367624759674072,0.0621759295463562,26
U00282,G00227,respóndanme.,na'piu'ku,yunsu'ku',U00064,G00049,medium,0.5989384055137634,0.44755658507347107,0.15138182044029236,50
U00563,G00467,susto.,imanan,saka'tulli,U00361,G00292,hard,0.5054035186767578,0.45495250821113586,0.05045101046562195,19
U00766,G00644,estoy jodiendo.,a'perchapalek,llinserchapalek,U01110,G00967,hard,0.6843048334121704,0.6330367922782898,0.051268041133880615,36
U01805,G01602,es idéntico.,nanapu'su' nuka'a,tumu' nuka'a,U02123,G01903,hard,0.5556298494338989,0.5046846270561218,0.0509452223777771,9
U00116,G01060,tom corrió.,tom teka'lli,tom inllipu'itek'latulli,U01551,G01363,hard,0.8709478974342346,0.8030857443809509,0.06786215305328369,28
U00116,G01060,tom corrió.,tom teka'lli,tomas dek'lli,U00437,G00354,medium,0.8709478974342346,0.7178869843482971,0.1530609130859375,48
U01220,G01060,tom huyó.,tom teka'lli,tom yamerladalli,U00666,G00556,hard,0.8396691679954529,0.7848555445671082,0.05481362342834473,30
U03036,G02811,"desde entonces, ahora todos uno y otro lugar nos vamos a conocer.","nanekla, ipa'li'na iñer inapu'su' pa'akwa' luwetllekwa'.",naneklima llia'lli asu' wa'dan panpateklu' ipa'la walek luwetchapalekwa'.,U03130,G02905,hard,0.6424287557601929,0.5290319919586182,0.11339676380157471,2
U03036,G02811,"desde entonces, ahora todos uno y otro lugar nos vamos a conocer.","nanekla, ipa'li'na iñer inapu'su' pa'akwa' luwetllekwa'.","ipa'la'ka luwetchudekllina' ali'la muda'lusa', luwetchudekñina' nerpi'la lunlusa'.",U03034,G02809,medium,0.6424287557601929,0.4832213819026947,0.15920737385749817,10
U02787,G02562,"nadie más tiene la culpa,","ñiden usha'wi'ñi ma'kinpa',","iñerdaper yu'nkellapilli,",U02744,G02519,hard,0.745969295501709,0.6803144812583923,0.06565481424331665,7
U02787,G02562,"nadie más tiene la culpa,","ñiden usha'wi'ñi ma'kinpa',","wilalusa' luwetchi'ñina' panwalalan,",U02781,G02556,medium,0.745969295501709,0.5936281085014343,0.15234118700027466,27
U01478,G01296,no servirá.,ku'la pa'chinchu,ku'la u'wa'ta'pi'ñi,U02241,G02016,hard,0.6320272088050842,0.5802485942840576,0.05177861452102661,15
U01478,G01296,no servirá.,ku'la pa'chinchu,we'inutapalli,U01704,G01507,medium,0.6320272088050842,0.48013997077941895,0.15188723802566528,38
U00494,G00623,no grites.,yalamapu'ta,yawellekta,U00296,G00235,hard,0.7500454783439636,0.6779141426086426,0.07213133573532104,8
U00494,G00623,no grites.,yalamapu'ta,ku'la iker'i'ñi,U02066,G01849,medium,0.7500454783439636,0.5939577221870422,0.1560877561569214,20
U00743,G00623,no chilles.,yalamapu'ta,yalli'tama,U00485,G00398,hard,0.643156886100769,0.5817012786865234,0.061455607414245605,5
U00743,G00623,no chilles.,yalamapu'ta,ñiden lamapui'ñi,U01834,G01630,medium,0.643156886100769,0.49195054173469543,0.1512063443660736,28
U01526,G01340,habla bajito.,ta'tula'shasu' lunker',wiuk'su' nu'ter',U01511,G01326,hard,0.5042323470115662,0.4522431790828705,0.05198916792869568,22
U01527,G01340,habla calladito.,ta'tula'shasu' lunker',pili'ker' ikersu',U01361,G01187,hard,0.5619702935218811,0.5062753558158875,0.05569493770599365,7
U03142,G02917,"¿acaso desde antes, pues, ellos han venido a trabajar?",¿napi'lanlek a'ta' na'wa' saka'tukellina'?.,¿wilaweklusa' ma'nen i'na a'ka'dek'etchek? tanna'.,U02800,G02575,hard,0.5950391292572021,0.5450145602226257,0.050024569034576416,3
U03142,G02917,"¿acaso desde antes, pues, ellos han venido a trabajar?",¿napi'lanlek a'ta' na'wa' saka'tukellina'?.,"enta'n, nawa' kerka' ñinchilli'npu'la'pi'na'.",U03028,G02803,medium,0.5950391292572021,0.4433479905128479,0.15169113874435425,22
U01906,G01700,¿dónde estabas?,¿enñupa' ñapawina?,¿welliek'apawina?,U02187,G01967,hard,0.6895819306373596,0.6313087940216064,0.058273136615753174,6
U01906,G01700,¿dónde estabas?,¿enñupa' ñapawina?,¿den yunsu'lli?,U01260,G01096,medium,0.6895819306373596,0.5354956388473511,0.15408629179000854,16
U00274,G00220,¿quién vino?,¿den uk'lli?,¿den tenmian'su'lli?,U01262,G01098,hard,0.6288549900054932,0.5778996348381042,0.050955355167388916,13
U00274,G00220,¿quién vino?,¿den uk'lli?,¿nakusu' tanluwatulli?,U00833,G00709,medium,0.6288549900054932,0.4733254611492157,0.15552952885627747,26
U00446,G00362,fallamos.,aper'llidek,tupi'wa',U01507,G01322,hard,0.6777596473693848,0.6165599822998047,0.06119966506958008,11
U00446,G00362,fallamos.,aper'llidek,tupi'tu'udek,U00303,G00242,medium,0.6777596473693848,0.5259951949119568,0.15176445245742798,51
U02218,G01995,¿eres real?,¿tekinchi nuka'ma?,¿nana'cha?,U00580,G00482,hard,0.6553134918212891,0.6034219861030579,0.0518915057182312,20
U02664,G02439,"así dice cuando estaba transcurriendo, una vez el gobernante le hizo llamar.","nu'sui'ma pa'apan, ala'lu'sa' wa'anler a'peklu'tulli.","nanek ima ala'sa' taserpi yunsa'n tulli, iteklanen ima usañin musenkek aku'n tulli.",U02845,G02620,hard,0.6722345948219299,0.5817306041717529,0.090503990650177,2
U02664,G02439,"así dice cuando estaba transcurriendo, una vez el gobernante le hizo llamar.","nu'sui'ma pa'apan, ala'lu'sa' wa'anler a'peklu'tulli.",nanek ima wa'ki'lleklli urankasu' supinak ima.,U02888,G02663,medium,0.6722345948219299,0.5208879709243774,0.1513466238975525,12
U00141,G00102,estate quieto.,yalenmekta',denlekpin'ta' ñapala,U01635,G01445,hard,0.46521028876304626,0.4149676561355591,0.05024263262748718,24
U02904,G02679,"golpea, abre la puerta, toca una y otra cosa en la cocina.","llipu'lli, unkunan ekketchulli, pata'tulli kusinek.","ukluka'sik, ali'lak kupin uktak pekdu'a'kasu' upellek.",U02364,G02139,hard,0.6697772145271301,0.6177392601966858,0.052037954330444336,2
U02904,G02679,"golpea, abre la puerta, toca una y otra cosa en la cocina.","llipu'lli, unkunan ekketchulli, pata'tulli kusinek.","pillek'an, tanan, dankumelli a'pinta' tanan.",U02752,G02527,medium,0.6697772145271301,0.5187969207763672,0.15098029375076294,5
U02324,G02099,no.,ma'sha.,¿nana'cha?,U00580,G00482,hard,0.45129287242889404,0.3921353220939636,0.05915755033493042,7
U02331,G02106,"los que sabemos hablar nos estamos extinguiendo,","ñinchilu'nkudeksu' taker'apilallidek,","- pu'yek aperku'tullinerkudek,",U02533,G02308,hard,0.7387930750846863,0.6771925091743469,0.061600565910339355,4
U02331,G02106,"los que sabemos hablar nos estamos extinguiendo,","ñinchilu'nkudeksu' taker'apilallidek,","enpinantek'unta'llina' dekshadeklusa',",U02745,G02520,medium,0.7387930750846863,0.5835045576095581,0.15528851747512817,15
U00838,G00714,yo invito.,kua peklu'tulek,kua katu'patulek,U01395,G01219,hard,0.5031715631484985,0.4477727711200714,0.055398792028427124,9
U00838,G00714,yo invito.,kua peklu'tulek,iyatulek kana'tak,U01730,G01532,medium,0.5031715631484985,0.3526688814163208,0.15050268173217773,42
U02328,G02103,"no les importa,","ñi yalui'ñina',","ñinchillinsetchanna',",U02805,G02580,hard,0.6125067472457886,0.5148554444313049,0.09765130281448364,4
U02328,G02103,"no les importa,","ñi yalui'ñina',","sennanlusa'nta' enñi,",U02710,G02485,medium,0.6125067472457886,0.4491812288761139,0.16332551836967468,10
U00223,G00175,es tom.,tom nuka'a,nuka'ku tom,U00091,G00063,hard,0.8650446534156799,0.7625671625137329,0.10247749090194702,2
U00223,G00175,es tom.,tom nuka'a,tom uwapalli,U00653,G00544,medium,0.8650446534156799,0.7031038999557495,0.16194075345993042,4
U00827,G00703,estoy descansando.,neriapalek,wa'tentapalek,U00830,G00706,hard,0.7094908952713013,0.6568746566772461,0.052616238594055176,7
U00827,G00703,estoy descansando.,neriapalek,insek'diperpi ñapalek,U00347,G00278,medium,0.7094908952713013,0.5591453313827515,0.1503455638885498,44
U00547,G00453,eso creo.,nanalatekapalek,kua katu'patulek,U01395,G01219,hard,0.5342684388160706,0.45772457122802734,0.07654386758804321,13
U00547,G00453,eso creo.,nanalatekapalek,kananek,U01415,G01236,medium,0.5342684388160706,0.3839513063430786,0.15031713247299194,51
U01015,G00877,sal fuera.,yunsuer' adipi,eklli nu'ter',U01669,G01476,hard,0.49025675654411316,0.42852622270584106,0.061730533838272095,4
U01015,G00877,sal fuera.,yunsuer' adipi,pawanpalli chuma,U01873,G01667,medium,0.49025675654411316,0.3398386836051941,0.15041807293891907,40
U02090,G01872,déjame arreglarlo.,ta'itula'u tekdiperechek,ta'itula'u lek'techek,U02089,G01871,hard,0.6475404500961304,0.5966392755508423,0.050901174545288086,4
U02090,G01872,déjame arreglarlo.,ta'itula'u tekdiperechek,ta'itula'u ata'wantak,U01494,G01311,medium,0.6475404500961304,0.49553152918815613,0.15200892090797424,17
U02728,G02503,arakáyu llamó al hombre candela y le dijo,arakayuler tanpen peklu'n itulli,"arakayu ima peklu'deklli, itudeklli:",U02637,G02412,hard,0.7267183661460876,0.6675053834915161,0.05921298265457153,2
U02728,G02503,arakáyu llamó al hombre candela y le dijo,arakayuler tanpen peklu'n itulli,arakayuler pilleklli.,U02716,G02491,medium,0.7267183661460876,0.5572628378868103,0.16945552825927734,7
U03206,G02981,así era antes.,nu'su' ñiwiñi napi'.,nanek ima lanla' ñilli.,U02818,G02593,hard,0.5282811522483826,0.4452805519104004,0.08300060033798218,3
U03206,G02981,así era antes.,nu'su' ñiwiñi napi'.,asu' analli,U00905,G00776,medium,0.5282811522483826,0.37489253282546997,0.1533886194229126,15
U02031,G01815,quise pagar.,yapanwilek'tuwinek,tantenwinek,U00532,G00662,hard,0.4369426965713501,0.3859778642654419,0.0509648323059082,27
U00077,G01775,él renunció.,nana yunsu'lli,nana taserpitulli,U00754,G00633,hard,0.6179718971252441,0.5602718591690063,0.05770003795623779,6
U00077,G01775,él renunció.,nana yunsu'lli,nana tuwiñi nu'techu,U01277,G01111,medium,0.6179718971252441,0.4629450738430023,0.15502682328224182,24
U01173,G01775,ella salió.,nana yunsu'lli,nana taserpitulli,U00754,G00633,hard,0.6616100668907166,0.6106898188591003,0.05092024803161621,5
U01173,G01775,ella salió.,nana yunsu'lli,asu' analli,U00905,G00776,medium,0.6616100668907166,0.5093252062797546,0.15228486061096191,19
U01989,G01775,él salió.,nana yunsu'lli,nana lamapu'lli,U01045,G00905,hard,0.6125893592834473,0.5529897212982178,0.05959963798522949,8
U01989,G01775,él salió.,nana yunsu'lli,ta'wan'tulli,U00370,G00301,medium,0.6125893592834473,0.45986461639404297,0.1527247428894043,33
U00645,G00538,éste es.,asu' nuka'a,nalu' nuka'a,U00226,G00178,hard,0.7069888114929199,0.6328942179679871,0.07409459352493286,4
U00645,G00538,éste es.,asu' nuka'a,ma'ta asu',U00427,G00344,medium,0.7069888114929199,0.552931010723114,0.1540578007698059,10
U02260,G02035,mi padre con su mujer nomás vivían bien.,ku'apenñenleksa' musu' nanpillina' tatawek.,kudei'na ma'sha musu' kankanwapei'ñundek a'pinta' tatawek.,U02261,G02036,hard,0.5886005759239197,0.5218334794044495,0.06676709651947021,5
U02260,G02035,mi padre con su mujer nomás vivían bien.,ku'apenñenleksa' musu' nanpillina' tatawek.,musenkek kekkilu'tek ima kunekchapallina'.,U02685,G02460,medium,0.5886005759239197,0.433672159910202,0.15492841601371765,10
U01421,G01241,quiero morir.,yachiminek,yasaka'tulek,U01751,G01553,hard,0.5603818893432617,0.5100818872451782,0.050300002098083496,46
U02196,G01975,anota eso.,llinser'ker' nana,llia'ker nanek,U01920,G01711,hard,0.7140177488327026,0.6557727456092834,0.05824500322341919,3
U02196,G01975,anota eso.,llinser'ker' nana,a'ta'wanter asu',U00747,G00627,medium,0.7140177488327026,0.5574049949645996,0.15661275386810303,28
U00222,G00174,funciona.,saka'tulli.,tekinchi,U01910,G01703,hard,0.39668750762939453,0.34625810384750366,0.05042940378189087,49
U01509,G01324,abrámoslo.,ek'ker'chawa',idunwa',U00607,G00503,hard,0.5940439105033875,0.5384262204170227,0.055617690086364746,12
U01509,G01324,abrámoslo.,ek'ker'chawa',llinserllidek,U01890,G01684,medium,0.5940439105033875,0.44335004687309265,0.1506938636302948,48
U02214,G01991,eres nervioso.,tekua'tek nuka'ma,mukankan ñiker',U00054,G00043,hard,0.5473701357841492,0.4941073954105377,0.05326274037361145,30
U03060,G02835,"señores, ¡vengan y pasen a beber!","yuyu'lusa', ¡da'kerku' u'ku!","¡nantapiku'la', nasu'ku', wilalusa'! itudekllima.",U02946,G02721,hard,0.7382747530937195,0.599678635597229,0.13859611749649048,4
U03060,G02835,"señores, ¡vengan y pasen a beber!","yuyu'lusa', ¡da'kerku' u'ku!","¡dinsuludekku', adanti'na'! itudekllima.",U02527,G02302,medium,0.7382747530937195,0.5882487893104553,0.15002596378326416,6
U01665,G01472,"vamos, háganlo.","pa'awa, nu'tuku'","- ta'iter, alli'shá.",U02881,G02656,hard,0.6545136570930481,0.5935596823692322,0.06095397472381592,4
U01665,G01472,"vamos, háganlo.","pa'awa, nu'tuku'","- ukllidek, alli'sha.",U02928,G02703,medium,0.6545136570930481,0.49474820494651794,0.15976545214653015,5
U01704,G01507,está deprimido.,we'inutapalli,neria'masu' ñapalli,U02207,G01984,hard,0.5810272097587585,0.5295510292053223,0.05147618055343628,21
U03151,G02926,"nuestros abuelos finados dijeron que los que aborrecían, los que nos aborrecían, diciendo se fueron.","papinkumapu'wa'ku' tanni'ma nana luyurka'su', luyullinerkenmu'wa', tanni'ma pa'llina'.","nerpi'pu' uchinañinerkudek lauk'a'kudek, imanankankantullidek lauk'amudek.",U02572,G02347,hard,0.691150963306427,0.6067585349082947,0.08439242839813232,2
U03151,G02926,"nuestros abuelos finados dijeron que los que aborrecían, los que nos aborrecían, diciendo se fueron.","papinkumapu'wa'ku' tanni'ma nana luyurka'su', luyullinerkenmu'wa', tanni'ma pa'llina'.","wilalunlusa'nta kuten'anna', kekkilu'tek lli'anna', tandulalusa' lli'anna', willekllina'.",U02564,G02339,medium,0.691150963306427,0.5409790873527527,0.15017187595367432,6
U03127,G02902,el palo de yuca es bueno para trabajar.,asek ima u'chimu saka'takawek ketñala.,nani'na asi'na samersa' pektawa'su' nuka'a.,U02625,G02400,hard,0.3789280951023102,0.31981900334358215,0.05910909175872803,17
U03037,G02812,lo que han anunciado los abuelos ya finados algún día ustedes con sus madres ya no van a estar caminando.,ter'kasu'pi'la papinkuku'lusa' enpi' uklli kenmama' awapenma'lek pa'api'nchuma'.,napi' taserpiku'lusa' luwanchiñina' kawita'kasu' wilakudek ña'sekkudek.,U02790,G02565,hard,0.5386146306991577,0.4883175492286682,0.0502970814704895,17
U01598,G01409,¡qué alivio!,¡enpu'ni mui'pa!,¡dakuta'lek!,U01169,G01019,hard,0.5121667385101318,0.4602932333946228,0.05187350511550903,28
U01598,G01409,¡qué alivio!,¡enpu'ni mui'pa!,¡latek'i'nek!,U01848,G01643,medium,0.5121667385101318,0.3572157919406891,0.15495094656944275,51
U01705,G01508,aquí vienen.,asek uk'apilellina',nanek nanpipallina',U02132,G01912,hard,0.6763185262680054,0.5733744502067566,0.10294407606124878,3
U01705,G01508,aquí vienen.,asek uk'apilellina',ipa' lli'aterwa',U00451,G00367,medium,0.6763185262680054,0.5099447965621948,0.16637372970581055,5
U01544,G01356,están solos.,nawa'sa' ñapallina',kana'chi'ñina',U00431,G00348,hard,0.5728766918182373,0.5118417143821716,0.061034977436065674,12
U01544,G01356,están solos.,nawa'sa' ñapallina',luwer'chapalliñer'ken,U01539,G01351,medium,0.5728766918182373,0.4163350760936737,0.1565416157245636,41
U00846,G00722,está nublado.,pulunker' wanta'palli,wichi'su' ñapala,U01641,G01451,hard,0.6191861629486084,0.5667967200279236,0.052389442920684814,18
U01039,G00900,¡feliz pascua!,¡musu' paskua'!,¡a'pinta' wiuksu'!,U00629,G00524,medium,0.8534632921218872,0.602308988571167,0.2511543035507202,2
U02428,G02203,uno a uno van llegando.....,"ali'la uncha'lli, ali'la uncha'lli....",nu'sui'ma luñi taserpiku'lusa'.....,U03050,G02825,hard,0.47812607884407043,0.4085941016674042,0.06953197717666626,2
U02428,G02203,uno a uno van llegando.....,"ali'la uncha'lli, ali'la uncha'lli....","ipa'laka kenmama' uki'la nakuchuma',",U02696,G02471,medium,0.47812607884407043,0.32556018233299255,0.15256589651107788,11
U00307,G00248,agarra esto.,pilliter' asu',sek'diperku' asu',U00375,G00306,hard,0.7017225623130798,0.6484189629554749,0.05330359935760498,23
U00307,G00248,agarra esto.,pilliter' asu',nu'wanker' asek,U01662,G01469,medium,0.7017225623130798,0.5361802577972412,0.16554230451583862,41
U00311,G00248,sostén esto.,pilliter' asu',sekdiperker' nana,U01362,G01188,hard,0.6520663499832153,0.5954378247261047,0.056628525257110596,24
U00311,G00248,sostén esto.,pilliter' asu',sekdiperker' asu' mutu'penkek,U01514,G01329,medium,0.6520663499832153,0.4986952245235443,0.15337112545967102,40
U01236,G01075,estábamos listos.,insek'diperpi ñapawiñidek,a'persu' ñapiñidek,U01578,G01389,hard,0.6952841281890869,0.6413460373878479,0.053938090801239014,4
U01236,G01075,estábamos listos.,insek'diperpi ñapawiñidek,lachek'insu' ñapallidek,U01581,G01392,medium,0.6952841281890869,0.5368378758430481,0.15844625234603882,33
U02105,G01886,paremos aquí.,wanerawa' asek,nu'wanker' asek,U01662,G01469,hard,0.6388329267501831,0.5696361064910889,0.06919682025909424,7
U02105,G01886,paremos aquí.,wanerawa' asek,kencher' asek,U01325,G01154,medium,0.6388329267501831,0.4820827543735504,0.1567501723766327,26
U00219,G00171,gané.,kana'tulek,lliya'lek',U00184,G00140,hard,0.5712732672691345,0.5190079808235168,0.052265286445617676,26
U03053,G02828,"hasta aquí nomás les voy a contar sobre moyobamba. jeberos, julio 2007",nanek waleksa' winterkenma' asu' muyunpaki.,nu'amui'na i'pa amishawek teksusullun wilaluntulek.,U02262,G02037,hard,0.393431156873703,0.33951395750045776,0.05391719937324524,10
U02872,G02647,en esa bajada vieron humo.,nana sakanlupi'mi'na lli'llina' pen mukatapa'su'.,nanek waleksa' winterkenma' asu' muyunpaki.,U03053,G02828,hard,0.5500646829605103,0.4940985441207886,0.05596613883972168,27
U00699,G00585,estamos perdidos.,wer'su' ñapallidek,unku'pi ñapallidek,U01252,G01088,hard,0.720210075378418,0.667172372341156,0.05303770303726196,14
U00103,G00072,¡perfecto!,¡mupalli!,¡mupencha!,U00512,G00423,hard,0.6632973551750183,0.5998910665512085,0.06340628862380981,4
U00103,G00072,¡perfecto!,¡mupalli!,¡li'ker'la!,U00464,G00379,medium,0.6632973551750183,0.5132802724838257,0.15001708269119263,23
U02707,G02482,todos los peces se llevó.,iñer samer ekpanta'lli.,nana sennanlusa' enñi.,U02755,G02530,hard,0.5240142941474915,0.471015602350235,0.05299869179725647,20
U00261,G00208,tom lloró.,tom welliek'lli,tom uwapalli,U00652,G00544,hard,0.7652006149291992,0.7151587009429932,0.050041913986206055,40
U02860,G02635,tal vez algunos de nosotros vamos a conocer moyobamba.,nu'unta'nmu'wa' ipa' muyunpa luwetchaterwa'.,maweklima kanana kenmu'wa' pitetcha'kawa'su' ta'wantulli.,U02989,G02764,hard,0.5876069068908691,0.5369642972946167,0.05064260959625244,5
U02860,G02635,tal vez algunos de nosotros vamos a conocer moyobamba.,nu'unta'nmu'wa' ipa' muyunpa luwetchaterwa'.,"nanekla, ipa'li'na iñer inapu'su' pa'akwa' luwetllekwa'.",U03036,G02811,medium,0.5876069068908691,0.4374096393585205,0.15019726753234863,25
U01494,G01311,déjame terminar.,ta'itula'u ata'wantak,ta'itula'u lauk'echek,U01819,G01616,hard,0.626533567905426,0.5759019255638123,0.05063164234161377,18
U01494,G01311,déjame terminar.,ta'itula'u ata'wantak,enka'u nu'unta'lusa',U01356,G01183,medium,0.626533567905426,0.4739859998226166,0.15254756808280945,33
U02925,G02700,le pidieron su candela (al duende) y se dieron cuenta de que sus intestinos estaban colgados.,"pennen alañina', lli'llina' dullinen ukunpalalli.","nalamulu'lusa' nakutusu', kekkilu'tek kawima uluntulli.",U02550,G02325,hard,0.629919707775116,0.5711433291435242,0.0587763786315918,6
U02925,G02700,le pidieron su candela (al duende) y se dieron cuenta de que sus intestinos estaban colgados.,"pennen alañina', lli'llina' dullinen ukunpalalli.",napi'ku'lusa'ler ekpa'llina' menminennak.,U02463,G02238,medium,0.629919707775116,0.47828397154808044,0.15163573622703552,23
U01607,G01418,¿vendrá ella?,¿wenche'chu nana?,¿mapu'la?,U00703,G00589,hard,0.5483437776565552,0.4958697557449341,0.052474021911621094,14
U00513,G00424,lo admito.,yan'katektulek,latekdeklek,U01391,G01215,hard,0.6113996505737305,0.5557476282119751,0.05565202236175537,20
U00752,G00631,¿ha venido?,¿ukllin'cha?,¿mapu'la?,U00703,G00589,hard,0.5810489654541016,0.530841588973999,0.05020737648010254,38
U01293,G01124,estás borracha.,lupersu' ñapala,yanu'tapala,U01642,G01452,hard,0.634418249130249,0.5749130249023438,0.05950522422790527,8
U01293,G01124,estás borracha.,lupersu' ñapala,yalamapu'ta,U00743,G00623,medium,0.634418249130249,0.47860950231552124,0.15580874681472778,28
U01429,G01249,estaba desarmado.,illiapalek'inpu ñapawinek,nudu'pi ñiwiñi,U01124,G00977,hard,0.6476736068725586,0.5929809212684631,0.05469268560409546,16
U02499,G02274,después me hicieron abuela.,nanekla amitullinerku.,madettanna' a'ullinerku.,U02454,G02229,hard,0.6836292147636414,0.6147266626358032,0.06890255212783813,2
U02499,G02274,después me hicieron abuela.,nanekla amitullinerku.,nawa' ipa'la lli'apallinerku.,U02407,G02182,medium,0.6836292147636414,0.5327639579772949,0.15086525678634644,8
U01075,G00934,necesito pintura.,luwantulek llinserchunan,luwantulek katu'pa',U00788,G00665,hard,0.5603324770927429,0.48919475078582764,0.07113772630691528,2
U01075,G00934,necesito pintura.,luwantulek llinserchunan,linserchapalek la'la'lusa',U01430,G01250,medium,0.5603324770927429,0.40537190437316895,0.15496057271957397,13
U02394,G02169,"a ver, pues, vamos a conversar.",enta'ten i'na lunterkenma'.,"enta'n, nawa' kerka' ñinchilli'npu'la'pi'na'.",U03028,G02803,hard,0.5496878027915955,0.49445438385009766,0.0552334189414978,4
U02394,G02169,"a ver, pues, vamos a conversar.",enta'ten i'na lunterkenma'.,"nu'tak, lanchimeklek atantulek.",U02387,G02162,medium,0.5496878027915955,0.39853236079216003,0.15115544199943542,14
U02549,G02324,enorme se levantaba el ardor.,enpu'nipi'ma ituwetchapalli ulunta'su'.,enpinantekllina' sennanlusa'.,U02746,G02521,hard,0.5254788398742676,0.47509050369262695,0.050388336181640625,22
U02945,G02720,¡más miren!,!enta'n lli'ku'!,¡musu' llia'ker'!,U00593,G00493,hard,0.7032164931297302,0.626319944858551,0.0768965482711792,4
U02945,G02720,¡más miren!,!enta'n lli'ku'!,¡musa'ka'tuna!,U00159,G00118,medium,0.7032164931297302,0.5503625869750977,0.15285390615463257,14
U00847,G00723,es inútil. (sujeto),ma'kinpu' nuka'a,tekua'tek nuka'ma,U02214,G01991,hard,0.5304660797119141,0.4794347882270813,0.051031291484832764,19
U01471,G01289,se quebró.,nupek'tulli,latada'pilalli,U00191,G00146,hard,0.6363087892532349,0.5673696994781494,0.06893908977508545,21
U01471,G01289,se quebró.,nupek'tulli,iyalli,U00309,G00300,medium,0.6363087892532349,0.4810147285461426,0.15529406070709229,48
U01881,G01675,bebimos mucho.,nakusu' ullidek,kulliker' luwantullidek,U01572,G01383,hard,0.5232263803482056,0.470478355884552,0.052748024463653564,2
U01881,G01675,bebimos mucho.,nakusu' ullidek,ñiawa' nantapitek lusa',U01822,G01618,medium,0.5232263803482056,0.37017157673835754,0.15305480360984802,31
U02163,G01943,tenemos visita.,a'ñapalekwa' da'lusa',nampilalasu' ñapalidek,U00943,G00811,hard,0.5338899493217468,0.4833343029022217,0.050555646419525146,22
U01348,G01175,¿me sigues?,¿tupitechunku?,¿luwantapala?,U01977,G01765,hard,0.6449925899505615,0.5947285294532776,0.050264060497283936,11
U02277,G02052,así yo también vivo bien.,nu'amui'na kuanta' musu' nanpiapalek.,ala'sa' ku'aperwawa luwektapallun.,U02273,G02048,hard,0.6133349537849426,0.5381826162338257,0.07515233755111694,4
U02277,G02052,así yo también vivo bien.,nu'amui'na kuanta' musu' nanpiapalek.,penwek i'na nerpi'la.,U02614,G02389,medium,0.6133349537849426,0.4584241211414337,0.1549108326435089,21
U02571,G02346,despertamos y escuchamos.,"nanadaper panta'mudek wichi'nta'mudek, ikineklli' nanpincha'mudek laukllidek. todas esas cosas cuando nos vamos a dormir, a medianoche",wanersu' anu'dektullina'.,U02701,G02476,hard,0.33303049206733704,0.28101232647895813,0.052018165588378906,38
U01718,G01521,no entiendo.,ku'la lachek'i'nek,wa'tenchi'nek,U01396,G01220,hard,0.6575555205345154,0.5959044098854065,0.06165111064910889,29
U02474,G02249,yo soy jeberina auténtica.,kua shiwilulunku nuka'ka.,taserlunku nuka'ka,U01100,G00959,hard,0.6287762522697449,0.5439683198928833,0.08480793237686157,3
U02474,G02249,yo soy jeberina auténtica.,kua shiwilulunku nuka'ka.,finlandis nuka'ka,U00808,G00684,medium,0.6287762522697449,0.4721031188964844,0.1566731333732605,24
U00840,G00716,estuvo chevere.,ucha'paya ñapawiñi,lli'inupi ñiwiñi,U01797,G01595,hard,0.6530182361602783,0.5941671133041382,0.05885112285614014,7
U00840,G00716,estuvo chevere.,ucha'paya ñapawiñi,saka'tulli,U00361,G00292,medium,0.6530182361602783,0.5009710788726807,0.15204715728759766,25
U02417,G02192,"¿estás aquí, hermana? me viene a decir. 3 una forma alternativa es weranwekkeklan. 4 se refiere a sus hijos presentes durante la sesión de grabación.","- ñapala, ñañá? itukellu.","- ¿ma'kin adanpilenchalama', wilashala? itudekllima.",U02532,G02307,hard,0.43428340554237366,0.3837863504886627,0.05049705505371094,13
U00277,G00223,escríbeme.,llinser'chu'u,alek'u,U00105,G00074,hard,0.6604376435279846,0.6050724387168884,0.05536520481109619,6
U00277,G00223,escríbeme.,llinser'chu'u,adenche'chek,U01092,G00951,medium,0.6604376435279846,0.5098042488098145,0.15063339471817017,45
U01234,G01073,podemos hacerlo.,yennitulekwa' nu'tak,yennitulekwa' kana'tak,U00683,G00571,hard,0.6110742688179016,0.5571039915084839,0.053970277309417725,4
U01234,G01073,podemos hacerlo.,yennitulekwa' nu'tak,yennitulek nu'tak,U00769,G01587,medium,0.6110742688179016,0.4542537331581116,0.15682053565979004,14
U02961,G02736,"sangraron lechecaspi, la hicieron hervir y lo esperaron.","ekkadek pektañina', a'ukluka'llina', wa'tenñina'.","akusutuker'anna' a'ka'llinerku, a'uranñinerku.",U02444,G02219,hard,0.6368675231933594,0.5643671751022339,0.07250034809112549,8
U02961,G02736,"sangraron lechecaspi, la hicieron hervir y lo esperaron.","ekkadek pektañina', a'ukluka'llina', wa'tenñina'.","wala'wanlusi'ma a'idiuntundek'an, indiuntunser a'panta'deklli lli'unta'llina'.",U02555,G02330,medium,0.6368675231933594,0.47940492630004883,0.15746259689331055,28
U02262,G02037,por eso me crió mi abuelita y me hice señorita.,nu'amui'na i'pa amishawek teksusullun wilaluntulek.,kudei'na ma'sha musu' kankanwapei'ñundek a'pinta' tatawek.,U02261,G02036,hard,0.5405353307723999,0.4854050576686859,0.05513027310371399,6
U00902,G00773,ellos caminaron.,nawa dek'kuntillina',nawa' inllipu'iteklatullina',U01855,G01649,hard,0.6556791663169861,0.5972162485122681,0.05846291780471802,2
U00902,G00773,ellos caminaron.,nawa dek'kuntillina',taker'apilallina' iñer.,U02309,G02084,medium,0.6556791663169861,0.5028131604194641,0.15286600589752197,20
U01813,G01610,siga intentando.,inpaleriaper',insek'diperpi ñapalli,U00587,G00488,hard,0.5025402903556824,0.4491802453994751,0.053360044956207275,31
U01955,G01745,¿pueden ayudarme?,¿yennitulama katupa'a'muk?,¿yennitullina lli'er'kenmuak?,U01949,G01739,hard,0.6372843384742737,0.5703970193862915,0.06688731908798218,9
U01955,G01745,¿pueden ayudarme?,¿yennitulama katupa'a'muk?,¿yennitulek pilli'tak?,U01336,G01164,medium,0.6372843384742737,0.48265329003334045,0.15463104844093323,26
U02440,G02215,ahí están doscitas mis hijas.,ma'ata'na katu'ta'shadaper ku'tinweklusa'.,ipa'la nu'anna' ipa' shiwilu la'la' pinaner'apilallina'.,U03120,G02895,hard,0.5243591070175171,0.4700964391231537,0.0542626678943634,45
U02743,G02518,entonces dicen que arákayu icaró (con su saber) desde allí a los riachuelos que tenían peces.,ipa'linchi arakayu ima pekkutulli naneklanek dekshadeklusa' samerwa'nsu'.,nawi'na wintapanta'llinerku ma'pu'si'pa mitan nakulama' tullima arakayu.,U02671,G02446,hard,0.7090787887573242,0.6159385442733765,0.09314024448394775,4
U02743,G02518,entonces dicen que arákayu icaró (con su saber) desde allí a los riachuelos que tenían peces.,ipa'linchi arakayu ima pekkutulli naneklanek dekshadeklusa' samerwa'nsu'.,arakayu ima tulli asu' sellawa i'na kualer pektawapalek.,U02669,G02444,medium,0.7090787887573242,0.5438025593757629,0.16527622938156128,11
U03066,G02841,¿les gusta a eso a ustedes?,musu' a'cha kankantulama' kenmama'.,"nu'an imaka samellusa' yu'nketllina',",U02718,G02493,hard,0.4052368402481079,0.35474732518196106,0.05048951506614685,43
U00907,G00778,tom cambió.,tom a'pawillek'lli,tom lauki'lli,U00672,G00562,hard,0.7828772664070129,0.7301655411720276,0.05271172523498535,36
U00908,G00778,tom varió.,tom a'pawillek'lli,tom latek'chi'ñi,U01552,G01364,hard,0.7888017892837524,0.7255145907402039,0.06328719854354858,41
U03005,G02780,dice que ahí algunos (españoles) les decían (a los shiwilu) traigan a sus hermanas para vendérnoslas.,nanek ima nu'unta' itudekllina' kerku' sha'wapenma' uku'lakeru'kudek.,nanadaper imaka lli'an malallina tulli asu' katu'ta' ishpaña la'la' lunlusa' a'ta' kenmu'wa' utetchinerkenmu'wa'.,U03141,G02916,hard,0.6127220392227173,0.5129709839820862,0.0997510552406311,2
U03005,G02780,dice que ahí algunos (españoles) les decían (a los shiwilu) traigan a sus hermanas para vendérnoslas.,nanek ima nu'unta' itudekllina' kerku' sha'wapenma' uku'lakeru'kudek.,nawa' ñinanlu'nenna' a'llupitununtekchuna' itullima tanpen muda'.,U02734,G02509,medium,0.6127220392227173,0.46147364377975464,0.15124839544296265,17
U02494,G02269,después he salido a yurimaguas.,nanekla yunsu'lek yurimawek.,nanekla amitullinerku.,U02499,G02274,medium,0.7971889972686768,0.6318343281745911,0.1653546690940857,2
U01556,G01368,tom palideció.,tom sha'pi'wiñi,tom akusute'chu,U01557,G01369,hard,0.7701396942138672,0.71513432264328,0.05500537157058716,51
U00523,G01236,lo encontré.,kananek,awer'lek,U00524,G00434,hard,0.6806867122650146,0.6276543140411377,0.05303239822387695,27
U01415,G01236,la rescaté.,kananek,yen'ner'lek',U00084,G00058,hard,0.6178196668624878,0.5655316710472107,0.0522879958152771,32
U01416,G01236,lo rescaté.,kananek,lauk'echen,U01460,G01278,hard,0.6499729752540588,0.5940502882003784,0.05592268705368042,26
U01730,G01532,adoro ganar.,iyatulek kana'tak,luwantulek na'pia'musu',U01733,G01535,hard,0.4913811981678009,0.4349435865879059,0.05643761157989502,11
U00321,G00257,me dieron.,enka'lliner'ku,werañina',U02128,G01908,hard,0.5777105689048767,0.5181072950363159,0.05960327386856079,10
U00321,G00257,me dieron.,enka'lliner'ku,kanañina',U01538,G01350,medium,0.5777105689048767,0.42665475606918335,0.15105581283569336,45
U00322,G00257,me alcanzaron.,enka'lliner'ku,usu'lliner'ku,U02033,G01817,hard,0.5904404520988464,0.5347012281417847,0.05573922395706177,6
U00322,G00257,me alcanzaron.,enka'lliner'ku,madettanna' a'ullinerku.,U02454,G02229,medium,0.5904404520988464,0.4385562837123871,0.15188416838645935,12
U01069,G00928,lo desconozco.,luver'chi'nek,llinserchapalek,U01110,G00967,hard,0.680267870426178,0.6273239254951477,0.05294394493103027,7
U01069,G00928,lo desconozco.,luver'chi'nek,lli'dek'lek,U01780,G01579,medium,0.680267870426178,0.5286997556686401,0.15156811475753784,45
U00258,G00205,tom pagó.,tom panwilek'tulli,tom aper'lli,U00655,G00546,hard,0.7742677927017212,0.7221484184265137,0.05211937427520752,30
U02046,G01829,estoy comprendiendo.,lachek'apilalek,lauk'apallien,U00526,G00436,hard,0.5934072136878967,0.5426778197288513,0.05072939395904541,50
U02946,G02721,"¡ánimo muchachos, tengan valor, en acción! les dijo.","¡nantapiku'la', nasu'ku', wilalusa'! itudekllima.","- ¡nu'ku' nu'pachi kenmama', pur'unta'ku'!",U02741,G02516,hard,0.6561335325241089,0.5843546390533447,0.07177889347076416,5
U02946,G02721,"¡ánimo muchachos, tengan valor, en acción! les dijo.","¡nantapiku'la', nasu'ku', wilalusa'! itudekllima.","lauk'apetchuma', ipa'la u'etchu. ¡idenmaku'la'!",U02936,G02711,medium,0.6561335325241089,0.49756619334220886,0.15856733918190002,10
U02456,G02231,no como antes que bebía bastante.,ñi napi'pu'su' kupin uwapawinek.,kuashasa' du'wimu willeklek.,U02425,G02200,hard,0.5496955513954163,0.4804646074771881,0.06923094391822815,2
U02456,G02231,no como antes que bebía bastante.,ñi napi'pu'su' kupin uwapawinek.,nu'sik upetchununta'lek deklek.,U02370,G02145,medium,0.5496955513954163,0.39956775307655334,0.15012779831886292,15
U02796,G02571,de ahí yo también he aprendido de qué manera vivió este arákayu.,nanekla'nka kuanta' ñinchitulek asu' arakayu ma'pu'si'pa' nanpilli.,nawi'na wintapanta'llinerku ma'pu'si'pa mitan nakulama' tullima arakayu.,U02671,G02446,medium,0.7374703884124756,0.5790081024169922,0.1584622859954834,2
U01847,G01642,estuvo cerca.,ñapawiñi kawik,kasersu' ñiwiñi,U02068,G01851,hard,0.5758224129676819,0.5185844898223877,0.05723792314529419,6
U01847,G01642,estuvo cerca.,ñapawiñi kawik,wa'latapawinek,U01753,G01555,medium,0.5758224129676819,0.4256667494773865,0.1501556634902954,26
U03016,G02791,"se sentaban, sentían pena y a veces insultaban a los que habían ido (por primera vez a moyobamba).","du'anna', wa'inutanna', nerpi'pu' ñiper'dekllina' nana pa'lusa'.","nawi'mi'na, shawalalusa', indiuntunna' luñina'.",U02620,G02395,hard,0.6588262319564819,0.599647045135498,0.05917918682098389,5
U03016,G02791,"se sentaban, sentían pena y a veces insultaban a los que habían ido (por primera vez a moyobamba).","du'anna', wa'inutanna', nerpi'pu' ñiper'dekllina' nana pa'lusa'.","inmusha'iteklatanna', wellekllina'.",U02776,G02551,medium,0.6588262319564819,0.5060790181159973,0.15274721384048462,19
U02766,G02541,"nosotros tendríamos muchísimo pescado,","enpu'nipa' kenmu'wa' samerwanpanansu'wa',","kuashasa' ñienkasu' patunwi'nek,",U02502,G02277,hard,0.6644666790962219,0.5859947800636292,0.07847189903259277,7
U02766,G02541,"nosotros tendríamos muchísimo pescado,","enpu'nipa' kenmu'wa' samerwanpanansu'wa',","mitan nakusik ima adanta'n,",U02688,G02463,medium,0.6644666790962219,0.508762776851654,0.15570390224456787,22
U00593,G00493,¡quédate tranquilo!,¡musu' llia'ker'!,¡paku' llipu'tudek'kunku'!,U00020,G00017,hard,0.5604546070098877,0.5088855624198914,0.05156904458999634,31
U00378,G00308,mantente abrigado.,i'shiwansu' ñaper',ñaper' lu'uk'tan,U00728,G00610,hard,0.614473819732666,0.5605027079582214,0.05397111177444458,10
U00378,G00308,mantente abrigado.,i'shiwansu' ñaper',ñapaker' kawik,U00627,G00522,medium,0.614473819732666,0.4638659656047821,0.1506078541278839,37
U01898,G01692,tenemos esto.,a'ñapalekwa' asu',nu'tawa' nana,U01501,G01317,medium,0.7392447590827942,0.5836728811264038,0.15557187795639038,2
U00630,G00525,detente ahí.,llia'ker' nanek,ipa' pinanerker',U01808,G01605,hard,0.6111082434654236,0.5564682483673096,0.054639995098114014,10
U00630,G00525,detente ahí.,llia'ker' nanek,yunsuer' adipi,U01015,G00877,medium,0.6111082434654236,0.4609556198120117,0.15015262365341187,44
U01145,G00998,¡déjame irme!,¡ta'itula'u pa'ak!,¡ta'itula'u yunsue'chek!,U00599,G00498,hard,0.748266875743866,0.6668394207954407,0.08142745494842529,2
U01145,G00998,¡déjame irme!,¡ta'itula'u pa'ak!,¡ta'tu'la'ku!,U00594,G00494,medium,0.748266875743866,0.5957340002059937,0.15253287553787231,6
U02609,G02384,ahí dice se sorprendieron.,nanek ima imanankankantullina'.,nana nu'apasik ima di'serpidektullina'.,U02686,G02461,hard,0.7138605117797852,0.6484186053276062,0.06544190645217896,2
U02609,G02384,ahí dice se sorprendieron.,nanek ima imanankankantullina'.,ma'i silutulusa' dunkerllina'.,U03075,G02850,medium,0.7138605117797852,0.5622543692588806,0.15160614252090454,13
U00834,G00710,¿es suyo?,¿kenmakin'cha?,¿a'ñapala?,U01671,G01478,hard,0.6827495098114014,0.6306798458099365,0.052069664001464844,23
U01240,G01678,necesitamos ayuda.,luwantullidek katu'pa',yennitulek'wa' katu'pa'a'kawak,U02161,G01941,hard,0.7113571166992188,0.6567077040672302,0.054649412631988525,6
U01240,G01678,necesitamos ayuda.,luwantullidek katu'pa',yennitulekwa' kana'tak,U00683,G00571,medium,0.7113571166992188,0.5575742125511169,0.1537829041481018,22
U01884,G01678,necesitábamos ayuda.,luwantullidek katu'pa',yennitulek'wa' katu'pa'a'kawak,U02161,G01941,hard,0.710191547870636,0.6450567245483398,0.06513482332229614,5
U01884,G01678,necesitábamos ayuda.,luwantullidek katu'pa',luwantulek katu'pa',U00788,G00665,medium,0.710191547870636,0.5565659999847412,0.15362554788589478,9
U01803,G01600,es delicioso.,iyasu' nuka'a,tekkinchi nuka'a,U00373,G00304,hard,0.4519100785255432,0.39758071303367615,0.054329365491867065,24
U00300,G00239,¡fantástico!,¡u'chimuinchi!,¡dakuta'ker'!,U01170,G01020,hard,0.7119281888008118,0.6205651164054871,0.09136307239532471,8
U00300,G00239,¡fantástico!,¡u'chimuinchi!,¡wanerker'!,U00250,G00197,medium,0.7119281888008118,0.5613468289375305,0.15058135986328125,34
U02420,G02195,por eso te estoy echando de menos. ¿qué teniendo mi hermana no me visita? estoy diciendo.,- nu'amuntana luwanpallen. ¿ma'pun a'cha kai kuawek lli'ker'i'ñu? tapalek.,- ¿uki'lalama' a'cha? lauk'a'seku asu' katu'ta' samer i'la dekwa'ku' la'la'wekkek.,U02536,G02311,hard,0.6799584031105042,0.5838423371315002,0.0961160659790039,2
U02420,G02195,por eso te estoy echando de menos. ¿qué teniendo mi hermana no me visita? estoy diciendo.,- nu'amuntana luwanpallen. ¿ma'pun a'cha kai kuawek lli'ker'i'ñu? tapalek.,nana ala'sa' nadi'nek ima tulli ¿nanek den ipa' nanpipalli? enta'n lli'kunchek i'na tan ima pa'lli.,U02873,G02648,medium,0.6799584031105042,0.5249351263046265,0.15502327680587769,3
U00413,G00333,firma esto.,linserker' asu',llinser'ker' nana,U02196,G01975,hard,0.6141140460968018,0.5547758340835571,0.05933821201324463,23
U00413,G00333,firma esto.,linserker' asu',eklli nu'ter',U01669,G01476,medium,0.6141140460968018,0.45904460549354553,0.15506944060325623,43
U02239,G02014,¡buen viaje!,¡paker' musu'!,¡musu' nampipalek!,U00516,G00427,hard,0.5294351577758789,0.47593602538108826,0.05349913239479065,31
U01715,G01518,lo noto.,lli'apalek,luwer'chapadeklek,U00782,G00659,hard,0.5993313193321228,0.5463985204696655,0.052932798862457275,20
U03115,G02890,viniendo por ahí nos están viniendo a hacer esto.,nanalupa' uk'anna' asu' utapakellinerkenmu'wa'.,nanek ima nu'unta' ipa' wa'latapallina'.,U02902,G02677,hard,0.6296408176422119,0.5705108046531677,0.05913001298904419,5
U03115,G02890,viniendo por ahí nos están viniendo a hacer esto.,nanalupa' uk'anna' asu' utapakellinerkenmu'wa'.,nanentu pa'erkasu' anaker'chuna' iñerdaper.,U02855,G02630,medium,0.6296408176422119,0.47815176844596863,0.1514890491962433,20
U02012,G01797,adoro aprender.,iyatulek ñinchitak,luwantulek saka'tak,U01735,G01537,hard,0.46895715594291687,0.4188738465309143,0.050083309412002563,24
U00203,G00156,soy vago.,perchek' nuka'ka,insek'diperpiku' nuka'ka,U00218,G00170,hard,0.725517213344574,0.6689208745956421,0.056596338748931885,28
U00203,G00156,soy vago.,perchek' nuka'ka,sha'mu'su' ñapalek,U00565,G00469,medium,0.725517213344574,0.5745095014572144,0.15100771188735962,43
U00299,G00238,no mientas.,yatumu'ta,yawellekta,U00296,G00235,hard,0.7285402417182922,0.656134307384491,0.07240593433380127,7
U00299,G00238,no mientas.,yatumu'ta,yatu'nektuta,U01979,G01767,medium,0.7285402417182922,0.5723951458930969,0.1561450958251953,23
U01680,G01485,¿te gusto?,¿iyatulun?,¿nu'techu'?,U01907,G01701,hard,0.5866541266441345,0.5353267788887024,0.05132734775543213,45
U00832,G00708,¿para llevar?,¿ekpa'ak?,¿iya'tulama?,U01962,G01752,hard,0.5850149393081665,0.5331957340240479,0.05181920528411865,17
U01336,G01164,¿puedo tomarlo?,¿yennitulek pilli'tak?,¿yennitulek katu'pa'a'kik?,U01652,G01460,hard,0.7207816243171692,0.6702002286911011,0.050581395626068115,7
U01336,G01164,¿puedo tomarlo?,¿yennitulek pilli'tak?,¿yennitula kanan'a'mak?,U01951,G01741,medium,0.7207816243171692,0.5657570362091064,0.15502458810806274,16
U00078,G01152,ayúdame.,katu'pa'u,tai'tula'u,U00234,G00184,hard,0.7387622594833374,0.681804358959198,0.056957900524139404,3
U00078,G01152,ayúdame.,katu'pa'u,na'pi'u,U00281,G00226,medium,0.7387622594833374,0.5872539281845093,0.15150833129882812,9
U01323,G01152,apóyame.,katu'pa'u,epa'echek,U01444,G01262,hard,0.6168668866157532,0.5618857145309448,0.05498117208480835,19
U02978,G02753,-queriendo conocer hemos venido.,-yaluwer'amudek ukllidek.,a'ñapallidek dudimpu' nu'ta'kawa'su',U00696,G00583,medium,0.6947081685066223,0.4996776580810547,0.19503051042556763,2
U01809,G01606,simplemente hazlo.,ma'pu'su'pintak nu'ter,ekpa'ker' utila',U01030,G00891,hard,0.4709145724773407,0.41189032793045044,0.05902424454689026,8
U00708,G00594,puedes irte.,yennitula pa'a'masu',yen'nitulek teka'ak',U00318,G00254,hard,0.47395485639572144,0.41458040475845337,0.059374451637268066,9
U00708,G00594,puedes irte.,yennitula pa'a'masu',¡yalenmekta nanek!,U00883,G00755,medium,0.47395485639572144,0.3208170235157013,0.15313783288002014,31
U02590,G02365,"por este lugar hemos salido sin saber dónde,","asu'lupa' pekpikellidek, luwer'inpu'la'pi'mudek,","enchuku' nermuda' luwetchawa' kenmu'wa'nta',",U02835,G02610,hard,0.5466691851615906,0.49235397577285767,0.05431520938873291,11
U02590,G02365,"por este lugar hemos salido sin saber dónde,","asu'lupa' pekpikellidek, luwer'inpu'la'pi'mudek,","ma'sha tullima ala'sa' taserpi,",U02623,G02398,medium,0.5466691851615906,0.3937642574310303,0.1529049277305603,37
U01488,G01306,está obsoleto.,ñapalli napi'da',saka'tusu' ñapala,U01302,G01133,hard,0.5833986401557922,0.5328406095504761,0.05055803060531616,26
U02705,G02480,eso hizo arákayu y se fue río abajo.,nana nu'tan arakayu nu'wanta'lli.,"napi'pu' arakayu ima nanpipalli, samerwanpalli.",U02657,G02432,hard,0.6501665115356445,0.5926308035850525,0.05753570795059204,8
U02705,G02480,eso hizo arákayu y se fue río abajo.,nana nu'tan arakayu nu'wanta'lli.,nana mukankinpu'lalusa'ler arakayu pideknen di'setchullina'.,U02788,G02563,medium,0.6501665115356445,0.4948861598968506,0.15528035163879395,24
U00218,G00170,estoy listo. (preparado),insek'diperpiku' nuka'ka,nanpi'palek'i'la,U02056,G01839,hard,0.4508592188358307,0.39957094192504883,0.05128827691078186,36
U02859,G02634,uno de nosotros va a perecer.,kenmu'wa' takeraterwa' nu'unta'nmu'wa'.,nana nu'su' aku'llinerkenmu'wa'.,U03192,G02967,hard,0.44083741307258606,0.3900516927242279,0.050785720348358154,8
U02859,G02634,uno de nosotros va a perecer.,kenmu'wa' takeraterwa' nu'unta'nmu'wa'.,"enpu'nipa' kenmu'wa' samerwanpanansu'wa',",U02766,G02541,medium,0.44083741307258606,0.29048362374305725,0.1503537893295288,40
U03122,G02897,"cuando tenia 12 años he escuchado lo que digo ahora, me ponía detrás de mi abuelita finada.","shunka' katu' ekkilala a'ñamu nana lunpa'kasu' ipa'la lauktulek, kuanta' supinawantamu amiwekku'.","iskun duker a'ña'seku awawek chiminlapillun, amishawek teksusullun.",U02254,G02029,hard,0.6199268102645874,0.5674819350242615,0.05244487524032593,2
U03122,G02897,"cuando tenia 12 años he escuchado lo que digo ahora, me ponía detrás de mi abuelita finada.","shunka' katu' ekkilala a'ñamu nana lunpa'kasu' ipa'la lauktulek, kuanta' supinawantamu amiwekku'.","nu'amudek i'na kua taserpiku' nuka'ka, kui'na kanchis shunka' ekkilalawantulek ipa'.",U03121,G02896,medium,0.6199268102645874,0.4633179306983948,0.15660887956619263,12
U02655,G02430,"escogieron (el pescado) y lo ahumaron, regresaron al pueblo y contaron (lo que había sucedido).","wadunni'ma chintanna', adenchanna' ñinanluk luncha'llina'.","chillenllusa' pa'a'ser winenllupa', winellun winenpenllusa'nta' yullina'.",U03096,G02871,hard,0.5035824775695801,0.4529716670513153,0.05061081051826477,38
U02465,G02240,llenaban el canasto y lo sentaban.,"pi'murllina', a'du'llina'.",uk'apinlencha'ni'ma kelluluñiñi' kanañina'.,U02960,G02735,hard,0.545136034488678,0.48885300755500793,0.056283026933670044,9
U02465,G02240,llenaban el canasto y lo sentaban.,"pi'murllina', a'du'llina'.",nana nu'apasik ima di'serpidektullina'.,U02686,G02461,medium,0.545136034488678,0.3943599462509155,0.15077608823776245,51
U02301,G02076,ninguno sabe de esta lengua porque no les he hablado.,ñienkasu' ñinchichillina' namasu' la'lekla lunchinpu'dek'a'kasu' malek.,nerpi'pu' innichi'nek lli'inuta'kasu' lunpa'kasu'.,U02285,G02060,hard,0.539282500743866,0.4841124415397644,0.05517005920410156,14
U01757,G01559,estaba agotado.,ñapawinek saka'tusu',pilli'pi ñapawinek,U01428,G01248,hard,0.649594247341156,0.5893877744674683,0.060206472873687744,18
U01651,G01460,¿puedo ayudarle?,¿yennitulek katu'pa'a'kik?,¿yennitulek lata'ak?,U01948,G01738,hard,0.7557647824287415,0.6965218782424927,0.05924290418624878,6
U01651,G01460,¿puedo ayudarle?,¿yennitulek katu'pa'a'kik?,¿yennitulek du'ak?,U01655,G01463,medium,0.7557647824287415,0.6052421927452087,0.15052258968353271,17
U01652,G01460,¿puedo ayudarte?,¿yennitulek katu'pa'a'kik?,¿yennitulek lata'ak?,U01948,G01738,hard,0.7518696784973145,0.6941111087799072,0.05775856971740723,6
U01652,G01460,¿puedo ayudarte?,¿yennitulek katu'pa'a'kik?,¿yennitulek du'ak?,U01655,G01463,medium,0.7518696784973145,0.5989211797714233,0.1529484987258911,20
U01733,G01535,necesito respuestas.,luwantulek na'pia'musu',yennituwinaskudek dek'kuntak,U01566,G01377,hard,0.5405076742172241,0.483809232711792,0.05669844150543213,8
U01733,G01535,necesito respuestas.,luwantulek na'pia'musu',¡luwantulek katu'pa'!,U00789,G00666,medium,0.5405076742172241,0.38945919275283813,0.151048481464386,40
U01559,G01371,intenta hacerlo.,teklerier' nu'ta'mak,yan'katek'ter',U00082,G00609,hard,0.6323657631874084,0.526861310005188,0.10550445318222046,2
U01559,G01371,intenta hacerlo.,teklerier' nu'ta'mak,ma'pu'su'pintak nu'ter,U01809,G01606,medium,0.6323657631874084,0.4671216309070587,0.16524413228034973,8
U00580,G00482,¿es ese?,¿nana'cha?,¿nu'su' nuka'a?,U00581,G00483,hard,0.7813108563423157,0.7053159475326538,0.07599490880966187,2
U00580,G00482,¿es ese?,¿nana'cha?,¿tekinchi'cha?,U00579,G00481,medium,0.7813108563423157,0.6310475468635559,0.15026330947875977,13
U02666,G02441,"arákayu, el gobernante ha dicho que te vayas a pandillar para el carnaval.","- arakayú, wa'an tulli chu'kenpa'tunter ima asu' mitanpi'.","mi'lencháaaa, kenmapa ñenpi' laki'dek uwapi'naaa.",U02375,G02150,hard,0.5572267770767212,0.499767541885376,0.057459235191345215,2
U02666,G02441,"arákayu, el gobernante ha dicho que te vayas a pandillar para el carnaval.","- arakayú, wa'an tulli chu'kenpa'tunter ima asu' mitanpi'.",ipa'la lunchek arakayu ma'pu'si'pa' nanpilli panpadek ukuchik.,U02581,G02356,medium,0.5572267770767212,0.40446561574935913,0.15276116132736206,9
U00447,G00363,nos olvidamos.,pinaner'llidek,yadekllidek,U02173,G01953,hard,0.608345091342926,0.5570286512374878,0.05131644010543823,50
U01467,G01285,¿es privado?,¿sekipia'cha?,¿pa'chi'ñin'cha?,U00573,G00477,hard,0.7059525847434998,0.6556599736213684,0.05029261112213135,9
U00508,G00420,"hey, cálmate.",lauk'la tuna'ker',wiu'su' dekunter',U01371,G01196,hard,0.4177437424659729,0.3673218786716461,0.05042186379432678,42
U02490,G02265,"ahora, cuando murieron mis padres nos hemos quedado huérfanos.",ipa'la tatawek awawek chiminsik i'na dinsuwilallidek.,nu'an asu' kekkilu'tek yunsu'lli ya'lli'minmu'wa' yapekkiwantanminmu'wa',U02900,G02675,hard,0.641398012638092,0.5655343532562256,0.07586365938186646,4
U02490,G02265,"ahora, cuando murieron mis padres nos hemos quedado huérfanos.",ipa'la tatawek awawek chiminsik i'na dinsuwilallidek.,nu'awa' nu'pachi tanni'ma llisanala nu'tanna'.,U03074,G02849,medium,0.641398012638092,0.4885229766368866,0.15287503600120544,16
U02911,G02686,(al llegar vieron que) solamente sus mosquiteros estaban templados.,chipetcheknenna'si'ma' pektentapalli.,ku'apenñenleksa' musu' nanpillina' tatawek.,U02260,G02035,hard,0.5119239687919617,0.46073204278945923,0.05119192600250244,26
U01398,G01222,yo exageré.,kua a'nadalek,nanalatekapalek,U00547,G00453,hard,0.5868314504623413,0.5355235934257507,0.051307857036590576,23
U00534,G00441,te quiero.,luantullien,mukankanku',U00194,G00149,hard,0.5769836902618408,0.5264114737510681,0.050572216510772705,8
U00535,G00441,te amo.,luantullien,latekllien,U01710,G01513,hard,0.566095769405365,0.5156991481781006,0.050396621227264404,5
U00535,G00441,te amo.,luantullien,alli'u,U00107,G00075,medium,0.566095769405365,0.4144696593284607,0.1516261100769043,35
U02268,G02043,"ahora mis hijos a su vez me están sirviendo,","ipa'li'na wilaweklusa' nanapu'si'la luwektapallinerku,","kua asu' senñula' a'lunpallun,",U02478,G02253,hard,0.7177231311798096,0.6608640551567078,0.05685907602310181,4
U02268,G02043,"ahora mis hijos a su vez me están sirviendo,","ipa'li'na wilaweklusa' nanapu'si'la luwektapallinerku,","ker' uka'nna' kala'tullina',",U02464,G02239,medium,0.7177231311798096,0.5650017857551575,0.1527213454246521,16
U02172,G01952,queremos hablar.,yalunñidek,tanten'ñidek,U01239,G01078,hard,0.6007123589515686,0.5439233779907227,0.05678898096084595,7
U02172,G01952,queremos hablar.,yalunñidek,llinserllidek,U01890,G01684,medium,0.6007123589515686,0.449618935585022,0.15109342336654663,45
U00662,G00552,tom obedeció.,tom latek'tulli,tomas dek'lli,U00437,G00354,hard,0.7585778832435608,0.6962745785713196,0.06230330467224121,42
U01903,G01697,¿y tú?,¿kenma?,¿lli'la?,U01668,G01475,hard,0.7690325975418091,0.6995224952697754,0.06951010227203369,4
U01903,G01697,¿y tú?,¿kenma?,¿li'apala?,U01349,G01176,medium,0.7690325975418091,0.6024895906448364,0.16654300689697266,22
U01135,G00988,siga leyendo.,luntaper'i'la,lunta'palli,U01367,G01192,hard,0.632114052772522,0.5708202123641968,0.061293840408325195,5
U01135,G00988,siga leyendo.,luntaper'i'la,lli'ker' uti'lakla,U02157,G01937,medium,0.632114052772522,0.47291702032089233,0.15919703245162964,16
U01711,G01514,presto dinero.,alantapalek kulliker',dekunder' uti'la,U00924,G00793,hard,0.4431827962398529,0.39300471544265747,0.050178080797195435,6
U01396,G01220,no esperé.,wa'tenchi'nek,yen'nichi'nek,U00315,G00251,hard,0.8042238354682922,0.7018197178840637,0.10240411758422852,2
U01396,G01220,no esperé.,wa'tenchi'nek,ñinchichi'nek,U01068,G00927,medium,0.8042238354682922,0.6518080234527588,0.15241581201553345,7
U02878,G02653,"sí, he venido, hermano. tú candelita necesito. (joven)","- uklek, alli'sha. penshapen luwanpa'llen.","- ajá, ñapalek, ñañá. uker lli'ker'ú.",U02418,G02193,hard,0.6551589369773865,0.6013462543487549,0.05381268262863159,2
U02878,G02653,"sí, he venido, hermano. tú candelita necesito. (joven)","- uklek, alli'sha. penshapen luwanpa'llen.","la'i nu'lekweipa', ku'leipa'. latekchi'lek kua.",U03191,G02966,medium,0.6551589369773865,0.4696882367134094,0.18547070026397705,4
U02454,G02229,recogiendo (masato) de la tinaja me dan de beber.,madettanna' a'ullinerku.,a'pinta' ku'aperwawalusa' musu' eknanpipallun.,U02276,G02051,hard,0.5436143279075623,0.4897817075252533,0.05383262038230896,7
U02454,G02229,recogiendo (masato) de la tinaja me dan de beber.,madettanna' a'ullinerku.,napi'ku'lusa'ler ekpa'llina' menminennak.,U02463,G02238,medium,0.5436143279075623,0.3922625184059143,0.15135180950164795,37
U01783,G01582,¿está durmiendo?,¿wicha'palli?,¿wichisu'a'cha?,U01784,G01583,hard,0.7274928092956543,0.6725457906723022,0.05494701862335205,6
U01783,G01582,¿está durmiendo?,¿wicha'palli?,¿ñinchitapala idun'ak?,U01005,G00868,medium,0.7274928092956543,0.573655903339386,0.1538369059562683,39
U02814,G02589,ahora los han espantado más lejos.,ipa'la a'pinta' lliwaitullina'.,nu'su' nanpillina' napi'.,U03101,G02876,hard,0.6640601754188538,0.612518846988678,0.05154132843017578,2
U02814,G02589,ahora los han espantado más lejos.,ipa'la a'pinta' lliwaitullina'.,iñer ta'wantapilallina'.,U02333,G02108,medium,0.6640601754188538,0.50813227891922,0.1559278964996338,22
U01975,G01764,¿tú crees?,¿kenma latektapala?,¿lu'wan'nun?,U01966,G01755,hard,0.562445878982544,0.5118658542633057,0.05058002471923828,14
U01976,G01764,¿usted cree?,¿kenma latektapala?,¿ipa werana?,U01693,G01496,hard,0.5486786961555481,0.49670204520225525,0.05197665095329285,32
U02071,G01854,era fabuloso.,u'chimu'ñiwiñi,ñiwiñi tekinchi,U00842,G00718,hard,0.6364036202430725,0.552436113357544,0.08396750688552856,4
U02071,G01854,era fabuloso.,u'chimu'ñiwiñi,apinta'a'tekalli,U01694,G01497,medium,0.6364036202430725,0.4855317175388336,0.1508719027042389,15
U00634,G00529,buen chico.,wila mukankan,uku'latak nuker'ka,U01482,G01300,hard,0.44355326890945435,0.38889747858047485,0.05465579032897949,29
U02348,G02123,poniéndolo en el batán los antiguos molían con moledor de palo.,pitak aku'n peksantunanlek napi'ku'lusa' peksantullina'.,nu'apileklima kencha'llina' inalupa' ku'apellusa' kullikerwanlusa'.,U03019,G02794,hard,0.5418590307235718,0.4874061346054077,0.05445289611816406,7
U02348,G02123,poniéndolo en el batán los antiguos molían con moledor de palo.,pitak aku'n peksantunanlek napi'ku'lusa' peksantullina'.,kua usha'wanek a'lek'inpu'dek'amu wilaweklusa'.,U02303,G02078,medium,0.5418590307235718,0.39086705446243286,0.15099197626113892,46
U01516,G01331,¡di algo!,¡tuker' ma'nen'unta'!,!enta'n lli'ku'!,U02945,G02720,hard,0.5934224128723145,0.5395302772521973,0.05389213562011719,20
U02681,G02456,"quemémosle la casa a este arákayu,","di'serpidektawa' asu' arakayu,","kua asu' senñula' a'lunpallun,",U02478,G02253,hard,0.7706020474433899,0.6419932246208191,0.1286088228225708,2
U02681,G02456,"quemémosle la casa a este arákayu,","di'serpidektawa' asu' arakayu,","nanapa yunsu'i kenmu'wa'kinsa' ñii asu' samer,",U02682,G02457,medium,0.7706020474433899,0.6042861938476562,0.16631585359573364,4
U00049,G00039,pruébalo. (intentar),tekle'rier',tek'ker',U00132,G00094,hard,0.6933426856994629,0.6419612765312195,0.05138140916824341,20
U02649,G02424,"la matamata, la taricaya, la charapa salieron del agua.","mapapa', damer'ita, puka' yunchinkelli.","naku'tanni'ma, ukllinantanna', ektu'llina' muyunpak.",U02972,G02747,hard,0.6079686880111694,0.5358899831771851,0.07207870483398438,5
U02649,G02424,"la matamata, la taricaya, la charapa salieron del agua.","mapapa', damer'ita, puka' yunchinkelli.","nalamulu'lusa' nakutusu', kekkilu'tek kawima uluntulli.",U02550,G02325,medium,0.6079686880111694,0.4489288926124573,0.15903979539871216,12
U02751,G02526,dicen que de esa manera antiguamente arákayu nos maldijo y nos abandonó. a long time ago.,nu'sui'ma napi' arakayu pillek'aminerkenmu'wa' pa'lapinta'llinerkenmu'wa'.,nu'an ima arakayu sakek'an peklu'deklli inyulateknen ima.,U02595,G02370,hard,0.5152100324630737,0.46087250113487244,0.054337531328201294,3
U02751,G02526,dicen que de esa manera antiguamente arákayu nos maldijo y nos abandonó. a long time ago.,nu'sui'ma napi' arakayu pillek'aminerkenmu'wa' pa'lapinta'llinerkenmu'wa'.,nu'an ima ipa'linchi arakayu yulli.,U02691,G02466,medium,0.5152100324630737,0.3626048266887665,0.15260520577430725,25
U00681,G00893,miren esto.,lli'ku' asu',llinser'ker' asu',U02199,G01976,hard,0.7193372249603271,0.6473709940910339,0.07196623086929321,5
U00681,G00893,miren esto.,lli'ku' asu',sek'diperker' asu',U00374,G00305,medium,0.7193372249603271,0.5662571787834167,0.1530800461769104,20
U01032,G00893,examinen esto.,lli'ku' asu',sek'diperku' asu',U00375,G00306,hard,0.6106727123260498,0.5556935667991638,0.054979145526885986,8
U01032,G00893,examinen esto.,lli'ku' asu',pata'ker' asu',U00265,G00212,medium,0.6106727123260498,0.4546958804130554,0.15597683191299438,28
U01326,G01155,pide ayuda.,lekter' katu'pa',katu'pa'udek,U01324,G01153,hard,0.44290030002593994,0.38750797510147095,0.055392324924468994,27
U01327,G01155,pida ayuda.,lekter' katu'pa',taitula'u katu'pe'chen,U00849,G00725,hard,0.565426766872406,0.5145441889762878,0.050882577896118164,5
U01327,G01155,pida ayuda.,lekter' katu'pa',insek'dipersu' ñapaker',U00721,G00605,medium,0.565426766872406,0.4138111472129822,0.15161561965942383,39
U00820,G00696,estoy casado.,ñapalek sadasu',sha'mu'su' ñapalek,U00565,G00469,hard,0.6723622679710388,0.6218094229698181,0.0505528450012207,8
U00871,G00745,ponte esto.,i'shiker' asu',sek'diperker' asu',U00374,G00305,hard,0.7345054149627686,0.6820113658905029,0.052494049072265625,20
U00871,G00745,ponte esto.,i'shiker' asu',sekdiperker' nana,U01362,G01188,medium,0.7345054149627686,0.5755780935287476,0.158927321434021,34
U00872,G00745,póngase esto.,i'shiker' asu',luntuker' asu',U00401,G00325,hard,0.7368156313896179,0.6842656135559082,0.05255001783370972,11
U00872,G00745,póngase esto.,i'shiker' asu',llinser'ker' nana,U02196,G01975,medium,0.7368156313896179,0.5833340883255005,0.15348154306411743,30
U02382,G02157,"después de endulzar (el líquido con el mascado), se cierne en la sedama (cernidor).",a'kaser'a'kasu' supinak ukllinkek sulatulek.,ipa'linchi chitetllu' kellu'lek seklekka'lek.,U02352,G02127,hard,0.5001134276390076,0.44976282119750977,0.0503506064414978,5
U02382,G02157,"después de endulzar (el líquido con el mascado), se cierne en la sedama (cernidor).",a'kaser'a'kasu' supinak ukllinkek sulatulek.,"ukluka'sik, ali'lak kupin uktak pekdu'a'kasu' upellek.",U02364,G02139,medium,0.5001134276390076,0.34940099716186523,0.15071243047714233,33
U00238,G00188,cásate conmigo.,sadaker' kualek',dek'kunter' kualek,U01233,G01072,hard,0.6698022484779358,0.6179078817367554,0.05189436674118042,4
U00238,G00188,cásate conmigo.,sadaker' kualek',taitula'u nanpiak,U00851,G00727,medium,0.6698022484779358,0.5075289011001587,0.1622733473777771,14
U01099,G00958,soy escritor.,llinserchutek' nuka'ka,luanpi nuka'ka,U00343,G00275,hard,0.6697641611099243,0.6164286732673645,0.053335487842559814,11
U01099,G00958,soy escritor.,llinserchutek' nuka'ka,lupersu' ñapalek,U00341,G00274,medium,0.6697641611099243,0.5080419778823853,0.16172218322753906,35
U02629,G02404,¿qué tipo de peces quieren?,¿ma'lusa' samellusa'cha luwantulama'?,¿ma'nen ila'cha luwantekchuma' kenmama'?,U02651,G02426,hard,0.6042352914810181,0.4611303508281708,0.1431049406528473,2
U02629,G02404,¿qué tipo de peces quieren?,¿ma'lusa' samellusa'cha luwantulama'?,¿pen a'cha a'ñapalama'?,U02612,G02387,medium,0.6042352914810181,0.4439637362957001,0.160271555185318,3
U03145,G02920,así nomas han sido antes.,nu'su'sa' ñillina' napi'.,tula'si'ma llinlliwañina'.,U03172,G02947,hard,0.60812908411026,0.5575975775718689,0.05053150653839111,12
U00466,G00381,sea paciente.,wa'tenker' a'mercha.,nerpi'pu' yamer'ker,U02084,G01866,hard,0.5196297764778137,0.4695040285587311,0.05012574791908264,21
U00694,G00581,esperaremos.,wa'tentaterwa',tupitawa',U01823,G01619,hard,0.705644965171814,0.6367162466049194,0.06892871856689453,3
U00694,G00581,esperaremos.,wa'tentaterwa',saka'taterwa',U00695,G00582,medium,0.705644965171814,0.5531843304634094,0.15246063470840454,12
U03171,G02946,"yo soy tocayo, yo soy, este, shapingo16.","kui'na apulli'ku, kwina', ma'i, tananmuda'ku.","eksu', kencha'lek pidik, aku'lek.",U02342,G02117,hard,0.5523025989532471,0.4651220738887787,0.08718052506446838,4
U03171,G02946,"yo soy tocayo, yo soy, este, shapingo16.","kui'na apulli'ku, kwina', ma'i, tananmuda'ku.","kalantekwek nu'tulek, kutunwek nu'tulek, apetchawekku'kin kutunen nu'itulek.",U03144,G02919,medium,0.5523025989532471,0.38277551531791687,0.1695270836353302,11
U02358,G02133,cuando hierve se tantea para estar segura de que esté suave.,ukluka'sik pata'lek unmellinpa'ta'kasu'.,a'kaser'a'kasu' supinak ukllinkek sulatulek.,U02382,G02157,hard,0.5470361113548279,0.48738405108451843,0.05965206027030945,4
U02358,G02133,cuando hierve se tantea para estar segura de que esté suave.,ukluka'sik pata'lek unmellinpa'ta'kasu'.,ñi napi'pu'su' kupin uwapawinek.,U02456,G02231,medium,0.5470361113548279,0.3970022201538086,0.1500338912010193,21
U00578,G00481,¿es seguro?,¿tekinchi'cha?,¿iñer'a'cha?,U00835,G00711,hard,0.7284359335899353,0.6774994730949402,0.05093646049499512,8
U00578,G00481,¿es seguro?,¿tekinchi'cha?,¿wer'su' ñapala?,U00990,G00854,medium,0.7284359335899353,0.577162504196167,0.1512734293937683,50
U00579,G00481,¿es verdad?,¿tekinchi'cha?,¿mupallin'cha?,U00574,G00478,hard,0.7123227119445801,0.6579142808914185,0.05440843105316162,7
U00579,G00481,¿es verdad?,¿tekinchi'cha?,¿neriapalli?,U02063,G01846,medium,0.7123227119445801,0.5592727065086365,0.1530500054359436,50
U01585,G01396,estamos leyendo.,kerka' luntapallidek,tanten'ñidek,U01239,G01078,hard,0.6141074895858765,0.5629323124885559,0.05117517709732056,12
U00688,G01082,debemos irnos.,pa'a'kawa'su' ñapalli,kuda wa'tentulidek,U00449,G00365,hard,0.5987062454223633,0.5344675183296204,0.06423872709274292,11
U00688,G01082,debemos irnos.,pa'a'kawa'su' ñapalli,teka'per'aterwa',U00690,G00577,medium,0.5987062454223633,0.4479939341545105,0.15071231126785278,47
U01244,G01082,deberíamos irnos.,pa'a'kawa'su' ñapalli,kuda a'nañiechidek,U00941,G00809,hard,0.6115240454673767,0.5577296614646912,0.05379438400268555,10
U01244,G01082,deberíamos irnos.,pa'a'kawa'su' ñapalli,katu'pa'tuwinansu',U01885,G01679,medium,0.6115240454673767,0.46147146821022034,0.15005257725715637,51
U01355,G01182,dímelo.,wintu'u,a'sakek'u,U00169,G00127,hard,0.7230651378631592,0.667205274105072,0.05585986375808716,18
U01355,G01182,dímelo.,wintu'u,peklu'lek,U01999,G01785,medium,0.7230651378631592,0.5714055299758911,0.15165960788726807,35
U00791,G00668,necesito esto.,luwantulek asu',lauk'lek nana,U02061,G01844,hard,0.6738554835319519,0.55339515209198,0.12046033143997192,3
U00791,G00668,necesito esto.,luwantulek asu',luwantulek katu'pa',U00788,G00665,medium,0.6738554835319519,0.5164328217506409,0.15742266178131104,6
U01006,G00869,¿puedes andar?,¿yennitapala dekkunta'mak?,¿yennitula uk'a'mak?,U01002,G00865,hard,0.6889818906784058,0.6231630444526672,0.06581884622573853,4
U01006,G00869,¿puedes andar?,¿yennitapala dekkunta'mak?,¿nanpiladasu' ñapala?,U01311,G01142,medium,0.6889818906784058,0.5374706983566284,0.15151119232177734,21
U00169,G00127,compláceme.,a'sakek'u,alli'u,U00106,G00075,hard,0.6686009764671326,0.6177544593811035,0.05084651708602905,6
U00169,G00127,compláceme.,a'sakek'u,lli'u,U00268,G00214,medium,0.6686009764671326,0.5125617980957031,0.15603917837142944,29
U00363,G00294,está frío.,sanek'apalli,lunta'palli,U01367,G01192,hard,0.5943813323974609,0.5410565137863159,0.05332481861114502,14
U00363,G00294,está frío.,sanek'apalli,nana saka'tapalli,U00636,G00531,medium,0.5943813323974609,0.4440319240093231,0.15034940838813782,49
U01258,G01094,¿quién canceló?,¿den ata'wantulli?,¿den inllipu'iteklatulli?,U00963,G00829,hard,0.6604694724082947,0.6088739037513733,0.05159556865692139,9
U01258,G01094,¿quién canceló?,¿den ata'wantulli?,¿den'katu'pa'tulli?,U02194,G01973,medium,0.6604694724082947,0.5053078532218933,0.15516161918640137,22
U01558,G01370,tom obedecerá.,tom latekte'chu,tom wellek'echu,U00674,G00564,hard,0.7993587255477905,0.7268579602241516,0.07250076532363892,5
U01558,G01370,tom obedecerá.,tom latekte'chu,tom idenmalli,U00656,G00547,medium,0.7993587255477905,0.6466835737228394,0.15267515182495117,12
U00665,G00555,tom rezó.,tom malla'lli,tom welliek'lli,U00261,G00208,hard,0.8631498217582703,0.8125869631767273,0.05056285858154297,31
U00665,G00555,tom rezó.,tom malla'lli,tom chimillinkekla nampilli,U01225,G01064,medium,0.8631498217582703,0.7110133171081543,0.15213650465011597,50
U03189,G02964,esa clase de nombres antes no hemos tenido.,tusu'sa' llillinlusa' napi' a'ñiwinekwa'.,papinkumapu'wa'ku'lusa' nana nu'llina'.,U03193,G02968,hard,0.6436452269554138,0.5910882353782654,0.05255699157714844,2
U03189,G02964,esa clase de nombres antes no hemos tenido.,tusu'sa' llillinlusa' napi' a'ñiwinekwa'.,nu'siklimaka asu' muyunpa inchilala nu'tullina'.,U02999,G02774,medium,0.6436452269554138,0.4838767945766449,0.15976843237876892,13
U01843,G01638,estaba llorando.,welliek'apawiñi,wanerapalek,U01774,G01573,hard,0.6712058186531067,0.6211405396461487,0.05006527900695801,14
U02882,G02657,dijeron eso y regresando (el joven y otros) vinieron a contar al grupo de personas.,tanni'ma adenchanna' lunchallina' da'mupa'ser nana musun.,"du'anna', wa'inutanna', nerpi'pu' ñiper'dekllina' nana pa'lusa'.",U03016,G02791,hard,0.506208598613739,0.4533686637878418,0.05283993482589722,28
U02567,G02342,nosotros no vamos a equivocarnos más. nosotros no vamos a pecar más.,kenmu'wa' a'pinta' tu'aper'interwa'. kenmu'wa' a'pinta' usha'winterwa'.,"ñi anaki'nterwa', ñi tekkwi'nterwa'.",U02853,G02628,hard,0.6509822607040405,0.5975390672683716,0.053443193435668945,3
U02567,G02342,nosotros no vamos a equivocarnos más. nosotros no vamos a pecar más.,kenmu'wa' a'pinta' tu'aper'interwa'. kenmu'wa' a'pinta' usha'winterwa'.,- panuudek sametchapen. uki'lallidek.,U02611,G02386,medium,0.6509822607040405,0.49642980098724365,0.15455245971679688,6
U01051,G00911,está sufriendo.,insek'lutenapalli,sapusu' ñapalli,U00503,G00415,hard,0.6868566870689392,0.6298574805259705,0.05699920654296875,5
U01051,G00911,está sufriendo.,insek'lutenapalli,chimin'er'kasu'ñapalli,U01540,G01352,medium,0.6868566870689392,0.5367629528045654,0.15009373426437378,21
U00587,G00488,está listo.,insek'diperpi ñapalli,tanluwatapalli,U00590,G00721,hard,0.5982335209846497,0.5394283533096313,0.05880516767501831,5
U00587,G00488,está listo.,insek'diperpi ñapalli,we'inutapalli,U01704,G01507,medium,0.5982335209846497,0.44272562861442566,0.155507892370224,22
U01470,G01288,¿hay más?,¿ñapalli a'pinda'?,¿werana?,U01691,G01495,hard,0.6359956860542297,0.582685649394989,0.05331003665924072,3
U01470,G01288,¿hay más?,¿ñapalli a'pinda'?,¿luwer'chapalli?,U01973,G01762,medium,0.6359956860542297,0.4858987629413605,0.15009692311286926,44
U02962,G02737,"cuando venía (el tigre negro), con la olla de barro y todo se lo echaron en su cabeza.","ukkapinchasik, uktalek i'la pidanantullina' mutu'ñik.","pillek'an, tanan, dankumelli a'pinta' tanan.",U02752,G02527,hard,0.48822861909866333,0.4350067675113678,0.05322185158729553,12
U00539,G00445,necesito hielo.,luwantulek sanek,nutulek tanta'shala,U01731,G01533,hard,0.4867999851703644,0.4363710284233093,0.050428956747055054,21
U00328,G00263,¡lo adoro!,¡tante'ñek!,¡ipia'lasha!,U00072,G00054,hard,0.5057345628738403,0.4531000554561615,0.05263450741767883,23
U01344,G01172,serás bienvenido.,musu' sek'kaperechuner'ken,muwencha'ku',U00125,G00089,hard,0.6076990962028503,0.5400023460388184,0.06769675016403198,3
U01344,G01172,serás bienvenido.,musu' sek'kaperechuner'ken,wencha'winsu',U01701,G01504,medium,0.6076990962028503,0.45734116435050964,0.1503579318523407,10
U01137,G00990,sigan corriendo.,teka'pa'ku'i'la,ñaper' lu'uk'tan,U00727,G00610,hard,0.48992154002189636,0.43685057759284973,0.05307096242904663,14
U00558,G00463,ahí voy.,nanek pa'echek,ipa'la lli'inutulek,U01737,G01539,hard,0.7035291194915771,0.580583393573761,0.12294572591781616,2
U00558,G00463,ahí voy.,nanek pa'echek,asek a'ñapala,U01535,G01347,medium,0.7035291194915771,0.5301807522773743,0.17334836721420288,3
U01571,G01382,tenemos reglas.,a'ñapallidek la'la'lusa' latek'ak,lachek'insu' ñapallidek,U01581,G01392,hard,0.7170841693878174,0.6149386763572693,0.1021454930305481,2
U01571,G01382,tenemos reglas.,a'ñapallidek la'la'lusa' latek'ak,nampilalasu' ñapalidek,U00943,G00811,medium,0.7170841693878174,0.5670644044876099,0.15001976490020752,7
U01430,G01250,escribo versos.,linserchapalek la'la'lusa',luntulek kerka'lusa',U01081,G00940,hard,0.5890457034111023,0.5340885519981384,0.05495715141296387,3
U01430,G01250,escribo versos.,linserchapalek la'la'lusa',wayusa' luwantulek,U01414,G01235,medium,0.5890457034111023,0.43515700101852417,0.15388870239257812,23
U00875,G00748,mándalo dentro.,aku'ker' kinekla,ka'ker' iñer',U01683,G01488,hard,0.5290748476982117,0.45821455121040344,0.07086029648780823,7
U00875,G00748,mándalo dentro.,aku'ker' kinekla,inlli'ter,U00104,G00073,medium,0.5290748476982117,0.3771117031574249,0.15196314454078674,33
U00876,G00748,mándalo adentro.,aku'ker' kinekla,dekunder' uti'la,U00924,G00793,hard,0.5610612630844116,0.5060078501701355,0.05505341291427612,5
U00876,G00748,mándalo adentro.,aku'ker' kinekla,ta'iter' a'mercha,U00394,G00319,medium,0.5610612630844116,0.40945303440093994,0.15160822868347168,33
U02334,G02109,"ahora mis hermanas menores, señoras, les voy a contar,","ipa'li'na kai kuaweklusa', senñula'lusa', wintetchenma'","wilalusa' wellek'apilenchan ima, uk'apilenchani'ma,",U02530,G02305,hard,0.5430349111557007,0.4919756054878235,0.0510593056678772,5
U02334,G02109,"ahora mis hermanas menores, señoras, les voy a contar,","ipa'li'na kai kuaweklusa', senñula'lusa', wintetchenma'","yañinchitulama' kenmama'nta' ma'pu'si'pa' nu'tulek,",U02337,G02112,medium,0.5430349111557007,0.3914286494255066,0.1516062617301941,38
U01406,G01228,estoy resfriado.,ilusu' ñapalek,ñapalek sadasu',U00820,G00696,hard,0.6771690845489502,0.6268631815910339,0.05030590295791626,43
U01407,G01228,estoy acatarrado.,ilusu' ñapalek,ñapalek da'iyasu',U01776,G01575,hard,0.7100811004638672,0.6599962115287781,0.05008488893508911,27
U00412,G00332,firme aquí.,linsercher' asek,lenme'ker' ipa,U01833,G01629,hard,0.6170192956924438,0.5534705519676208,0.063548743724823,9
U00412,G00332,firme aquí.,linsercher' asek,llia'awa' asek,U02104,G01885,medium,0.6170192956924438,0.45877590775489807,0.15824338793754578,46
U02384,G02159,a la madrugada siguiente una se levanta nuevamente para cutipar (haciéndole hervir otra vez).,dasu'dekpilli yunsa'nnunta'lek ya'pi'dektak.,asek ima u'chimu saka'takawek ketñala.,U03127,G02902,hard,0.45437100529670715,0.3985578715801239,0.05581313371658325,16
U01817,G01614,déjanos solos.,ta'itula'udek kudasa',a'pinta' nu'tawa',U01500,G01316,hard,0.5581180453300476,0.5055264830589294,0.052591562271118164,3
U01817,G01614,déjanos solos.,ta'itula'udek kudasa',kenmu'sak lli'i'nupalekwa',U01586,G01397,medium,0.5581180453300476,0.4025808870792389,0.15553715825080872,23
U01568,G01379,nos robaron.,aperlliner'kudek,uki'lallidek,U01564,G01375,hard,0.5988107323646545,0.5486765503883362,0.05013418197631836,12
U02737,G02512,"en eso que estaba enojado (arákayu), dice que el pueblo se reunió.",nu'an yupasik ima ipa' ipa'linchi ñinanlu' indiuntunñina'.,nana lupa' lenmek'a'su' supinak nalalusi'ma pada'sa'tulli.,U02943,G02718,hard,0.489637553691864,0.4384966492652893,0.05114090442657471,30
U00941,G00809,nosotros compartiremos.,kuda a'nañiechidek,insek'diperlekwa',U01235,G01074,hard,0.5279550552368164,0.47515952587127686,0.05279552936553955,28
U02830,G02605,ahí se pudrió.,nanek tawetchulli.,nana taserpitulli,U00754,G00633,hard,0.6650775074958801,0.6142558455467224,0.050821661949157715,11
U02830,G02605,ahí se pudrió.,nanek tawetchulli.,ipa'la mula'si'la weklli.,U02289,G02064,medium,0.6650775074958801,0.49666109681129456,0.16841641068458557,23
U00565,G00469,estoy flacucho.,sha'mu'su' ñapalek,kadulunsu' ñapalek,U01111,G00968,hard,0.7246028184890747,0.6735730767250061,0.051029741764068604,20
U02658,G02433,¡vayamos! y salieron en grupos desde el pueblo.,¡enchuku' pa'awa'! nupullini'ma ñinanluklan.,"!paku', adanta'ku'! itudekllini'ma'.",U02529,G02304,hard,0.5868750214576721,0.5217567086219788,0.06511831283569336,2
U02658,G02433,¡vayamos! y salieron en grupos desde el pueblo.,¡enchuku' pa'awa'! nupullini'ma ñinanluklan.,pa'llina'. pa'anna' erwa uncha'llina'.,U02447,G02222,medium,0.5868750214576721,0.4367670714855194,0.1501079499721527,7
U00983,G00847,¿nada nuevo?,¿ñimanen nalu?,¿mulli'ncha'?,U00678,G00568,hard,0.5092738270759583,0.45918354392051697,0.050090283155441284,18
U00854,G00730,bailemos.,lansa'wa',luper'awa',U02100,G01881,hard,0.704106330871582,0.6533488035202026,0.050757527351379395,3
U00854,G00730,bailemos.,lansa'wa',inlulen'awa',U02101,G01882,medium,0.704106330871582,0.5540391206741333,0.15006721019744873,36
U02415,G02190,"ahí están mi hermana menor florencia, mi hermana menor maría, con ellas hablo.","ma'atana kai kuawek florencia, kai kuawek maría, nawa'lekku lunpalek.","nanpipakun tatawek ima wilawañinerku, wadekllinerku, asek i'la susulek.",U02253,G02028,hard,0.669472336769104,0.581426203250885,0.088046133518219,2
U02415,G02190,"ahí están mi hermana menor florencia, mi hermana menor maría, con ellas hablo.","ma'atana kai kuawek florencia, kai kuawek maría, nawa'lekku lunpalek.","nanalek tatawek awawek teksusullun, kua nana lu'nkasu'.",U02477,G02252,medium,0.669472336769104,0.5103767514228821,0.15909558534622192,4
U00676,G00566,tom pagará.,tom panwilek'techu,tom chiminchu,U00675,G00565,hard,0.7282784581184387,0.6618722677230835,0.06640619039535522,7
U00676,G00566,tom pagará.,tom panwilek'techu,tom kana'tulli,U00117,G00083,medium,0.7282784581184387,0.576016902923584,0.15226155519485474,40
U00129,G00092,¿quién corría?,¿den'ina' teka'lli?,¿den chimiñi?,U00275,G00221,hard,0.6478810906410217,0.5972867012023926,0.05059438943862915,16
U00129,G00092,¿quién corría?,¿den'ina' teka'lli?,¿naektu'kellia?,U00718,G00602,medium,0.6478810906410217,0.48101121187210083,0.1668698787689209,34
U00130,G00092,¿quién corrió?,¿den'ina' teka'lli?,¿den u'apilelli?,U00965,G00831,hard,0.6952981352806091,0.6409645080566406,0.054333627223968506,15
U00130,G00092,¿quién corrió?,¿den'ina' teka'lli?,¿ikerlli?,U01028,G00889,medium,0.6952981352806091,0.5435928106307983,0.1517053246498108,23
U00744,G00624,no sonrías.,yayamerladata,yatumu'ta,U00299,G00238,hard,0.7243227958679199,0.6581082344055176,0.06621456146240234,11
U00744,G00624,no sonrías.,yayamerladata,yatu'nektuta,U01979,G01767,medium,0.7243227958679199,0.5694543123245239,0.154868483543396,21
U00105,G00074,enséñamelo. (pasar conocimiento),alek'u,luwuk'tu'u,U00267,G00213,hard,0.6235201358795166,0.5716391801834106,0.05188095569610596,17
U00105,G00074,enséñamelo. (pasar conocimiento),alek'u,luyullien,U00525,G00435,medium,0.6235201358795166,0.47090911865234375,0.15261101722717285,37
U02065,G01848,¿es venenoso?,¿sulliman wanpalli?,¿kenma'cha'?,U00355,G00286,hard,0.6180613040924072,0.5661632418632507,0.051898062229156494,48
U00689,G00576,lo queremos.,tantenlek'wa',pa'aterwa',U00270,G00216,hard,0.43632227182388306,0.3855314254760742,0.05079084634780884,51
U01593,G01404,estamos trabajando.,saka'tapalekwa',kana'tapalekwa',U01592,G01403,hard,0.6392996311187744,0.5779569745063782,0.06134265661239624,4
U01593,G01404,estamos trabajando.,saka'tapalekwa',yadekllidek,U02173,G01953,medium,0.6392996311187744,0.4880481958389282,0.1512514352798462,29
U00383,G00312,¡déjeme ir!,¡ta'itula'u'ku yapanta'lek!,¡peklu'u ma'isik!,U01329,G01157,hard,0.525286853313446,0.4731529951095581,0.05213385820388794,19
U01010,G00873,ven enseguida.,wek'ker' ipia'la,dekunder' uti'la,U00924,G00793,hard,0.563486635684967,0.5020216107368469,0.06146502494812012,4
U01010,G00873,ven enseguida.,wek'ker' ipia'la,uker'llina',U00891,G00763,medium,0.563486635684967,0.4132424592971802,0.15024417638778687,35
U02149,G01929,son especiales.,u'chimuinchilusa' nuker'ka,dapinantek' nuka'ka,U00337,G00271,hard,0.5018159747123718,0.45120304822921753,0.0506129264831543,19
U02723,G02498,"ahí desapareció (en el agua),","nanek wetlli,","unma' yunsu'lli,",U02747,G02522,hard,0.7088302969932556,0.590627133846283,0.11820316314697266,2
U02723,G02498,"ahí desapareció (en el agua),","nanek wetlli,","puka' yunsu'lli,",U02748,G02523,medium,0.7088302969932556,0.5457268357276917,0.16310346126556396,5
U02438,G02213,después su padre murió dejándome sola.,nanekla papina chiminlapillun.,ñi napi'pu'su' kupin uwapawinek.,U02456,G02231,hard,0.5708215832710266,0.5166600346565247,0.05416154861450195,10
U02438,G02213,después su padre murió dejándome sola.,nanekla papina chiminlapillun.,asek kua patun a'ñinekta'la.,U02503,G02278,medium,0.5708215832710266,0.41919660568237305,0.15162497758865356,44
U01461,G01279,estoy satisfecho.,ñapalek sakeksu',ñapalek a'mechailusu,U02058,G01841,hard,0.6272795796394348,0.5727522969245911,0.05452728271484375,6
U01743,G01545,enseño francés.,a'lek'tapalek frances,lumpallidek frances,U02167,G01947,hard,0.6042870879173279,0.543437123298645,0.06084996461868286,3
U01743,G01545,enseño francés.,a'lek'tapalek frances,ñinchitapallidek frances,U02168,G01948,medium,0.6042870879173279,0.44467857480049133,0.15960851311683655,4
U00221,G00173,duele.,ikerlli,analli,U00360,G00291,hard,0.5388866066932678,0.48705169558525085,0.05183491110801697,19
U00989,G00853,¿estás herida?,¿chacha'wanpala?,¿iya'tula?,U01961,G01751,hard,0.6481348872184753,0.5963454842567444,0.05178940296173096,38
U00204,G00157,estoy perdida.,wer'su' ñapalek,ku'aper'wi'nek,U00564,G00468,hard,0.7076613306999207,0.6565418839454651,0.051119446754455566,14
U02992,G02767,cuentan que de ahí se trajeron al cura raptándolo por la noche.,"naneklimaka, pacher kencha'llina' apetchanna' dekpilli.",nanek ima wa'ki'lleklli urankasu' supinak ima.,U02888,G02663,hard,0.5929144620895386,0.5404354333877563,0.05247902870178223,10
U00526,G00436,te oigo.,lauk'apallien,keritu'u,U01650,G01459,hard,0.5639122724533081,0.5126435160636902,0.05126875638961792,26
U00664,G00554,tomás llamó soplando hoja.,chuma peklu'tulli penmek'tan,iñer samer ekpanta'lli.,U02707,G02482,hard,0.6976662278175354,0.6168729066848755,0.08079332113265991,3
U00664,G00554,tomás llamó soplando hoja.,chuma peklu'tulli penmek'tan,tanak pa'an tatawek ilantulli.,U02485,G02260,medium,0.6976662278175354,0.541153609752655,0.15651261806488037,13
U01573,G01384,nunca hablamos.,ñinpi' lunpi'ñidek,yawellektama',U00298,G00237,hard,0.5803090929985046,0.5262682437896729,0.05404084920883179,7
U01573,G01384,nunca hablamos.,ñinpi' lunpi'ñidek,nantapitek ñiker',U01044,G00904,medium,0.5803090929985046,0.4283392131328583,0.15196987986564636,47
U02711,G02486,"los lagos grandes se secaron,","shidek enñi,","nadi'neklusa',",U02320,G02095,hard,0.6022785305976868,0.5482539534568787,0.054024577140808105,40
U00544,G00450,yo grité.,kua lamapu'lek,kua a'nadalek,U01398,G01222,hard,0.5996822714805603,0.5338849425315857,0.06579732894897461,2
U00544,G00450,yo grité.,kua lamapu'lek,nana lamapu'lli,U01045,G00905,medium,0.5996822714805603,0.4488699734210968,0.1508122980594635,18
U00158,G00117,entren.,da'encha'ku',indek'llina',U00641,G00534,hard,0.6092110276222229,0.5554363131523132,0.05377471446990967,9
U00158,G00117,entren.,da'encha'ku',inlli'inuker',U01870,G01664,medium,0.6092110276222229,0.45735543966293335,0.15185558795928955,50
U01425,G01245,tuve cuidado.,inlu'uktuwinek,tekua'dande'ku,U00096,G00066,hard,0.6191419959068298,0.5653101205825806,0.05383187532424927,2
U01425,G01245,tuve cuidado.,inlu'uktuwinek,pi'ser'katulek,U00332,G00267,medium,0.6191419959068298,0.4687480628490448,0.15039393305778503,28
U01245,G01083,¡lo conseguimos!,¡kananekwa'!,¡asek ñapallidek!,U00761,G00640,hard,0.6733507513999939,0.5850718021392822,0.08827894926071167,4
U01245,G01083,¡lo conseguimos!,¡kananekwa'!,nu'amudek i'na' ¡enchu lli'kunwa' nana den ipa' nanpipalli! tamudek pekpiwatukellillen itullini'ma.,U02592,G02367,medium,0.6733507513999939,0.4745011329650879,0.198849618434906,7
U01246,G01083,¡lo logramos!,¡kananekwa'!,¡asek ñapallidek!,U00761,G00640,hard,0.6332228183746338,0.566072404384613,0.06715041399002075,4
U01246,G01083,¡lo logramos!,¡kananekwa'!,¡musa'ka'tuna!,U00159,G00118,medium,0.6332228183746338,0.47121500968933105,0.16200780868530273,8
U02714,G02489,el puerto de lluvia se secó.,u'lan untunan enñi.,ipa'la mula'si'la weklli.,U02289,G02064,hard,0.5220153331756592,0.47136905789375305,0.05064627528190613,9
U02714,G02489,el puerto de lluvia se secó.,u'lan untunan enñi.,papinalek teksusudeklek.,U02437,G02212,medium,0.5220153331756592,0.3716724216938019,0.1503429114818573,32
U02650,G02425,esto así estoy criando.,asu' u'su kua pektawapalek.,nana a'lek'apalek.,U02314,G02089,hard,0.7413099408149719,0.6746317744255066,0.06667816638946533,2
U02650,G02425,esto así estoy criando.,asu' u'su kua pektawapalek.,nu'amu du'apalek.,U02453,G02228,medium,0.7413099408149719,0.5512136816978455,0.19009625911712646,12
U01741,G01543,estudio francés.,a'lek'apalliner'ku frances,lumpallidek frances,U02167,G01947,hard,0.5686241388320923,0.4762211740016937,0.09240296483039856,3
U01741,G01543,estudio francés.,a'lek'apalliner'ku frances,ñinchiter' italianu,U01491,G01308,medium,0.5686241388320923,0.39281851053237915,0.17580562829971313,4
U02027,G01812,quiero conducir.,yaekpa'lek,ñinchitapalek lun'ak,U00518,G00429,hard,0.561000645160675,0.5096045136451721,0.05139613151550293,22
U02028,G01812,quiero manejar.,yaekpa'lek,yunsu'pilalek,U02052,G01835,hard,0.5871763229370117,0.5370855331420898,0.050090789794921875,15
U01645,G01455,¿estás dormido?,¿wichi'su' ñapala?,¿mer'su' ñapala?,U00988,G00852,hard,0.7548108696937561,0.7037286162376404,0.05108225345611572,10
U01645,G01455,¿estás dormido?,¿wichi'su' ñapala?,¿welliek'apawina?,U02187,G01967,medium,0.7548108696937561,0.6035075783729553,0.15130329132080078,40
U01446,G01264,lo miraré.,lli'echek,lli'apalek,U01715,G01518,hard,0.7966005802154541,0.745053231716156,0.051547348499298096,2
U01446,G01264,lo miraré.,lli'echek,ta'itulekchek,U01431,G01251,medium,0.7966005802154541,0.6432443857192993,0.15335619449615479,25
U00724,G00890,sé específico.,cheksu' ñiker',ñaper' lu'uk'tan,U00728,G00610,hard,0.5218380689620972,0.4660046696662903,0.055833399295806885,4
U00724,G00890,sé específico.,cheksu' ñiker',kulliker'wanpala,U01267,G01102,medium,0.5218380689620972,0.36935627460479736,0.1524817943572998,42
U01029,G00890,no divagues.,cheksu' ñiker',yalenmekta',U00141,G00102,hard,0.6089610457420349,0.5532832741737366,0.05567777156829834,31
U02717,G02492,"arákayu, dice, era un shingurador.",arakayu ima pillektutek.,yaaurañini'ma arakayu luwanchiñi.,U02674,G02449,hard,0.6938298344612122,0.6349360346794128,0.058893799781799316,5
U02717,G02492,"arákayu, dice, era un shingurador.",arakayu ima pillektutek.,tan ima arakayu nana lanla' aku'lli.,U02821,G02596,medium,0.6938298344612122,0.5351316332817078,0.1586982011795044,10
U02760,G02535,arakayu les dijo:,arakayuler itudeklli:,"arakayu ima peklu'deklli, itudeklli:",U02637,G02412,medium,0.852587103843689,0.6823117733001709,0.17027533054351807,2
U01552,G01364,tom dudó.,tom latek'chi'ñi,tom nakusu' a'teka'lli,U02152,G01932,hard,0.8018689155578613,0.7518180012702942,0.05005091428756714,34
U01948,G01738,¿puedo probármelo?,¿yennitulek lata'ak?,¿yennitulek da'ak?,U01330,G01158,hard,0.7254747152328491,0.6753937005996704,0.05008101463317871,9
U01948,G01738,¿puedo probármelo?,¿yennitulek lata'ak?,¿yennitula wichi'a'mak?,U01337,G01165,medium,0.7254747152328491,0.5705519914627075,0.1549227237701416,20
U00754,G00633,él envejeció.,nana taserpitulli,nana katu'patulli,U00220,G00172,hard,0.6033245921134949,0.547134518623352,0.05619007349014282,17
U00754,G00633,él envejeció.,nana taserpitulli,yapa'lli,U01702,G01505,medium,0.6033245921134949,0.4519106149673462,0.15141397714614868,49
U01947,G01737,traeme eso.,keritu'u nana,llia'ker' nanek,U00630,G00525,hard,0.6473578214645386,0.5732457041740417,0.07411211729049683,4
U01947,G01737,traeme eso.,keritu'u nana,tenmian'suer' asu',U00624,G00519,medium,0.6473578214645386,0.4967498481273651,0.15060797333717346,34
U02317,G02092,para que no se acabe aquí digo yo.,ta'wanchinpu'ek asek tulek kua.,ipa'la nu'amu asek ñapalek.,U02498,G02273,hard,0.664779543876648,0.6102554202079773,0.054524123668670654,3
U02317,G02092,para que no se acabe aquí digo yo.,ta'wanchinpu'ek asek tulek kua.,ta'wanchinpu'ek asu'lupa namasu' la'la' lu'nkawasu'.,U02316,G02091,medium,0.664779543876648,0.5076523423194885,0.15712720155715942,18
U01495,G01312,déjame cogerlo.,ta'itula'u pilli'te'chek,kualek nu'ter',U01347,G01174,hard,0.6234763860702515,0.5619779229164124,0.06149846315383911,10
U01495,G01312,déjame cogerlo.,ta'itula'u pilli'te'chek,wintu'u,U01355,G01182,medium,0.6234763860702515,0.47100815176963806,0.1524682343006134,38
U03032,G02807,"en otro fierro que corre también tú, ustedes van a viajar cuando nosotros perezcamos, decían las abuelitas.","ali'la wa'natek tekka'a'su' nanek kenmanta', kenmama'nta' pa'achuma' kuda ipa' chimiansekudek, tullina' amishala.","nani'na kenmu'wa' itapallinerkenmu'wa' u'su' pennu'chuma' kenmama'nta' enpi' uklli, tullina' ima amiku'lusa'.",U03030,G02805,hard,0.619438648223877,0.5520422458648682,0.06739640235900879,2
U03032,G02807,"en otro fierro que corre también tú, ustedes van a viajar cuando nosotros perezcamos, decían las abuelitas.","ali'la wa'natek tekka'a'su' nanek kenmanta', kenmama'nta' pa'achuma' kuda ipa' chimiansekudek, tullina' amishala.",ali'la muda' nerñinanluklan weklusa' yalli'dekllidek dadapu muda'lusa'.,U02979,G02754,medium,0.619438648223877,0.46627920866012573,0.15315943956375122,9
U01590,G01401,¡estamos atrapados!,¡pilli'pi ñapalekwa'!,¡asek ñapallidek!,U00761,G00640,hard,0.7958956360816956,0.7093718647956848,0.08652377128601074,2
U01590,G01401,¡estamos atrapados!,¡pilli'pi ñapalekwa'!,¡paku' llipu'tudek'kunku'!,U00020,G00017,medium,0.7958956360816956,0.6362308263778687,0.1596648097038269,3
U03198,G02973,"antes les ponían maría, virginia, este, les ponían nombres de los santos antiguamente.","napi' i'na maria, wirkiña aku'llina', ma'i, santu llillinlusa' aku'llina' napi'.","ipa'la aku'llina', ma'i, giovanna, ma'nen ilipa'.",U03197,G02972,hard,0.6786829829216003,0.6014376282691956,0.07724535465240479,2
U03198,G02973,"antes les ponían maría, virginia, este, les ponían nombres de los santos antiguamente.","napi' i'na maria, wirkiña aku'llina', ma'i, santu llillinlusa' aku'llina' napi'.","nerpi'lantetchuna' asu' kaiklusa', nadi'neklusa', taserpilusa', papinkulusa' tullima.",U02997,G02772,medium,0.6786829829216003,0.5198093056678772,0.15887367725372314,4
U00776,G00653,te encontré.,kaper'llien,lli'apalek,U01715,G01518,hard,0.5803285241127014,0.5273747444152832,0.05295377969741821,40
U02840,G02615,"por eso ahora hermanos y hermanas vamos a conocer moyobamba nosotros también, qué tal será esa ciudad.","nu'akkui'na ipa'la yalli'lusa', sha'walusa' enchuku' muyunpa luwetchawa' kenmu'wa'nta', ma'pu'si'pa' nana ñinanlu'.","tanna' pellunna' ipa' takerllina' nawa', ipa'li'na kenmu'wa'nta' nani'la lli'inutapalekwa'.",U02843,G02618,hard,0.6164462566375732,0.5640504360198975,0.05239582061767578,6
U02840,G02615,"por eso ahora hermanos y hermanas vamos a conocer moyobamba nosotros también, qué tal será esa ciudad.","nu'akkui'na ipa'la yalli'lusa', sha'walusa' enchuku' muyunpa luwetchawa' kenmu'wa'nta', ma'pu'si'pa' nana ñinanlu'.","shunka' katu' ekkilala a'ñamu nana lunpa'kasu' ipa'la lauktulek, kuanta' supinawantamu amiwekku'.",U03122,G02897,medium,0.6164462566375732,0.46526405215263367,0.15118220448493958,31
U01791,G01590,es sábado.,sawadu' nuka'a,lunes nuka'a,U00843,G00719,hard,0.6712258458137512,0.6123659014701843,0.058859944343566895,2
U01791,G01590,es sábado.,sawadu' nuka'a,nalu' nuka'a,U00226,G00178,medium,0.6712258458137512,0.5113794207572937,0.15984642505645752,9
U01071,G00930,los encontré.,kanandeklek,peklu'lek,U01999,G01785,hard,0.5929267406463623,0.5394559502601624,0.05347079038619995,33
U00356,G00287,se quemó.,uker'lli,ta'wan'tulli,U00370,G00301,hard,0.6337592601776123,0.5709217190742493,0.06283754110336304,17
U00356,G00287,se quemó.,uker'lli,iyalli,U00369,G00300,medium,0.6337592601776123,0.4833531677722931,0.1504060924053192,34
U02553,G02328,"cuando los niños llegaron (a jeberos), le contaron al gobernante:","nana wilalusa'shima ektu'ntanna', wa'an wintunta'llina':",nanek ima ali'la taserpi wa'lata'su' tulli:,U02854,G02629,hard,0.5888700485229492,0.5364059209823608,0.05246412754058838,13
U02553,G02328,"cuando los niños llegaron (a jeberos), le contaron al gobernante:","nana wilalusa'shima ektu'ntanna', wa'an wintunta'llina':",uk'apinlencha'ni'ma kelluluñiñi' kanañina'.,U02960,G02735,medium,0.5888700485229492,0.4375803768634796,0.1512896716594696,33
U02820,G02595,esto les va a devorar a todos los malos,asu'ler pekdadek'etchu mukankinpu'lusa',musu' a'cha kankantulama' kenmama'.,U03066,G02841,hard,0.5160251259803772,0.4615824222564697,0.05444270372390747,2
U02820,G02595,esto les va a devorar a todos los malos,asu'ler pekdadek'etchu mukankinpu'lusa',nanadaper a'ka di'tupatekwa' musu' pa'aterwa'.,U02852,G02627,medium,0.5160251259803772,0.36543601751327515,0.15058910846710205,33
U00937,G00805,te necesitamos.,luwantulliden,lu'wanñiden,U00936,G00804,hard,0.6150184273719788,0.5382281541824341,0.07679027318954468,2
U00937,G00805,te necesitamos.,luwantulliden,yennitulekwa' nu'tak,U01234,G01073,medium,0.6150184273719788,0.44133397936820984,0.17368444800376892,6
U00331,G00266,te vi.,lli'llien,lli'echek,U01446,G01264,hard,0.6424302458763123,0.5559471845626831,0.08648306131362915,2
U00331,G00266,te vi.,lli'llien,teklerier',U00442,G00359,medium,0.6424302458763123,0.4824719727039337,0.15995827317237854,9
U01655,G01463,¿puedo sentarme?,¿yennitulek du'ak?,¿yennitulek pilli'tak?,U01336,G01164,hard,0.7338224053382874,0.6738408803939819,0.05998152494430542,6
U01655,G01463,¿puedo sentarme?,¿yennitulek du'ak?,¿yennitapala dekkunta'mak?,U01006,G00869,medium,0.7338224053382874,0.5809420943260193,0.15288031101226807,24
U00034,G00029,estoy trabajando.,saka'tapalek,neriapalek,U00827,G00703,hard,0.7057906985282898,0.6397204995155334,0.06607019901275635,2
U00034,G00029,estoy trabajando.,saka'tapalek,llinserchapalek,U01110,G00967,medium,0.7057906985282898,0.5535655617713928,0.15222513675689697,37
U02233,G02008,¿tienen arroz?,¿pumuladawanpalama'?,¿enñupa'cha ñapalama'?,U01603,G01414,hard,0.5438829064369202,0.4905146658420563,0.05336824059486389,10
U02079,G01862,solo ignórala.,luwe'chinbuer',llinse'cher' manen'unta',U02195,G01974,hard,0.4144618511199951,0.36343035101890564,0.05103150010108948,48
U01210,G01051,son ricas.,iyasu'lusa' nuker'ka,uku'latak nuker'ka,U01482,G01300,hard,0.6616806983947754,0.5952970385551453,0.06638365983963013,7
U01210,G01051,son ricas.,iyasu'lusa' nuker'ka,kulliker'wanpala,U01267,G01102,medium,0.6616806983947754,0.5033366680145264,0.15834403038024902,14
U01003,G00866,¿puedes ayudar?,¿yennitula katu'pa'ta'mak?,¿yennitula ek'ker'cha'mak?,U01956,G01746,hard,0.7062401175498962,0.6377521753311157,0.06848794221878052,5
U01003,G00866,¿puedes ayudar?,¿yennitula katu'pa'ta'mak?,¿mupalek saka'tunanki?,U01643,G01453,medium,0.7062401175498962,0.551582932472229,0.15465718507766724,17
U01931,G01722,has cambiado.,a'pawilek'la,ya'wencha'lli,U02244,G02019,hard,0.5041608810424805,0.45343342423439026,0.05072745680809021,30
U01998,G01784,"¡apúrensen, muchachas!",¡wiuku' wilalunlusa!,"wa'anler imi'na itulli ¡pa'apilanter, kenmá!",U02466,G02241,hard,0.6150573492050171,0.5413455367088318,0.0737118124961853,22
U01998,G01784,"¡apúrensen, muchachas!",¡wiuku' wilalunlusa!,!embu'ni uchutek'ipa'!,U00954,G00821,medium,0.6150573492050171,0.4611664414405823,0.15389090776443481,50
U03187,G02962,antes no. a augusto le decían akushupi.,napi'i'na ma'sha augusto itullina' akushupi.,tan ima arakayu nana lanla' aku'lli.,U02821,G02596,hard,0.6400631070137024,0.5621923208236694,0.07787078619003296,2
U03187,G02962,antes no. a augusto le decían akushupi.,napi'i'na ma'sha augusto itullina' akushupi.,arakayuler pekkun pa'lapinta'lli.,U02715,G02490,medium,0.6400631070137024,0.4755517542362213,0.16451135277748108,13
U01988,G01774,"genial, ¿no?",u'chimuinchi ¿i'ya?,"- ¿samerwanpala'ncha, alli'shá?",U02606,G02381,hard,0.5982950925827026,0.5356975197792053,0.06259757280349731,2
U01988,G01774,"genial, ¿no?",u'chimuinchi ¿i'ya?,¿mukankan'inpu'?,U00353,G00284,medium,0.5982950925827026,0.4313405752182007,0.16695451736450195,6
U01361,G01187,agárrate fuerte.,pili'ker' ikersu',da'ker' kinekla,U00026,G00021,hard,0.5904657244682312,0.5378510355949402,0.052614688873291016,18
U02975,G02750,"él ha explicado: a ellos no los traten así, a ellos no los maten, ellos no han venido a matar dijo el intérprete.","naneima a'lachiktulli aner yanu'tudektama' asu' yadi'tudektama', nawa' uk'i'ñina' ya'di'nna' tullima nana a'lachikta'su'.","napi'pui'mi'na ñi nawa', asu' shiwiluku'lusa', samerunta' luwetchi'ñina'.",U02630,G02405,hard,0.6377408504486084,0.5867119431495667,0.05102890729904175,8
U02975,G02750,"él ha explicado: a ellos no los traten así, a ellos no los maten, ellos no han venido a matar dijo el intérprete.","naneima a'lachiktulli aner yanu'tudektama' asu' yadi'tudektama', nawa' uk'i'ñina' ya'di'nna' tullima nana a'lachikta'su'.","du'anna', wa'inutanna', nerpi'pu' ñiper'dekllina' nana pa'lusa'.",U03016,G02791,medium,0.6377408504486084,0.48507893085479736,0.15266191959381104,24
U00283,G00228,jesús.,kishu,mulusa',U00167,G00125,hard,0.5907237529754639,0.5174790024757385,0.07324475049972534,2
U00283,G00228,jesús.,kishu,ma'sha.,U02324,G02099,medium,0.5907237529754639,0.43097829818725586,0.159745454788208,8
U00086,G00059,durmiendo,wicha'palek,weranpi'nek,U00817,G00693,hard,0.5932131409645081,0.5333311557769775,0.05988198518753052,11
U00086,G00059,durmiendo,wicha'palek,lliya'lek',U00184,G00140,medium,0.5932131409645081,0.4423368573188782,0.15087628364562988,46
U01132,G00985,sigue cavando.,iwa'taper'i'la,ñapaker' kawik,U00627,G00522,hard,0.6100757122039795,0.5495530962944031,0.060522615909576416,9
U01132,G00985,sigue cavando.,iwa'taper'i'la,ñapaker' nanpiladasu',U00626,G00521,medium,0.6100757122039795,0.45408856868743896,0.15598714351654053,32
U02512,G02287,cuentan que antiguamente el gobernante (de jeberos) se levantó y habló:,napi' ima wa'an yunsa'n luñi:,"iñer u'lan'ukllik wisunanpalli,",U02753,G02528,hard,0.5756548047065735,0.5245777368545532,0.051077067852020264,18
U02512,G02287,cuentan que antiguamente el gobernante (de jeberos) se levantó y habló:,napi' ima wa'an yunsa'n luñi:,"nanima yañinchitulli,",U02313,G02088,medium,0.5756548047065735,0.4192843735218048,0.15637043118476868,42
U01502,G01318,comamos fuera.,adipi ka'awa',inapi ñapallidek,U02178,G01958,hard,0.5789782404899597,0.4995099902153015,0.0794682502746582,2
U01502,G01318,comamos fuera.,adipi ka'awa',tupitawa',U01823,G01619,medium,0.5789782404899597,0.42646700143814087,0.15251123905181885,23
U02208,G01985,deberían quedarse.,llia'a'mamasu' ñapalli,neria'masu' ñapalli,U02207,G01984,hard,0.49243584275245667,0.43796929717063904,0.05446654558181763,18
U01816,G01613,¡déjame sola!,ta'itula'u kuasa',¡dakuta'lek!,U01169,G01019,hard,0.4732053577899933,0.422823965549469,0.05038139224052429,32
U01529,G01342,sigue positivo.,musuk'i'la lli'inuper',ñapaker' nanpiladasu',U00626,G00521,hard,0.468485951423645,0.41722261905670166,0.05126333236694336,8
U00883,G00755,¡quieto ahí!,¡yalenmekta nanek!,¡lunker' kualek!,U00633,G00528,hard,0.5965104103088379,0.5329180955886841,0.06359231472015381,2
U00883,G00755,¡quieto ahí!,¡yalenmekta nanek!,du'ker' nanek,U00414,G00334,medium,0.5965104103088379,0.4381573796272278,0.1583530306816101,20
U01858,G01652,tienen vino.,a'ñapallina' vinu',a'ñapala' vinu',U01613,G01424,hard,0.7931076884269714,0.6739815473556519,0.11912614107131958,2
U01858,G01652,tienen vino.,a'ñapallina' vinu',a'ñapallidek vinu',U01238,G01077,medium,0.7931076884269714,0.5894761681556702,0.20363152027130127,3
U02241,G02016,no fuma.,ku'la u'wa'ta'pi'ñi,ku'la wicha'pi'ñi,U02240,G02015,hard,0.5932362675666809,0.5359496474266052,0.057286620140075684,25
U02917,G02692,esa fiera les comió a todos dijo eso y (el gobernador) hizo que se preparen y les aconsejaron:,"nana anaka'ler pekdadeklli tan ima a'insekdiperdeklli, musu pilendek'anna':","lli'kerenni'ma tullina'ka nawa', nana a'lachekta'su', lawer'a'su' tulli:",U03126,G02901,hard,0.7141722440719604,0.6559639573097229,0.05820828676223755,2
U02917,G02692,esa fiera les comió a todos dijo eso y (el gobernador) hizo que se preparen y les aconsejaron:,"nana anaka'ler pekdadeklli tan ima a'insekdiperdeklli, musu pilendek'anna':","naneklima ali'la musun pa'an, sekllintan ima simana' ima sekllintullina'.",U02958,G02733,medium,0.7141722440719604,0.5616424679756165,0.152529776096344,10
U01709,G01512,comí demasiado.,nakusu' weranek,yawichi'winek,U01091,G00950,hard,0.5445361733436584,0.48794761300086975,0.056588560342788696,3
U02626,G02401,entonces tratémosle bien para que él también nos trate bien dijo un viejo.,nu'pachi munu'tawa' nananta' munu'ta'kudik tullima ala'sa' taserpi.,nanek ima' pa'lli' ipa'linchi ala'sa' taserpima tulli enchuku' pa'awa' mutupik.,U03149,G02924,hard,0.5710483193397522,0.5184938311576843,0.05255448818206787,3
U02626,G02401,entonces tratémosle bien para que él también nos trate bien dijo un viejo.,nu'pachi munu'tawa' nananta' munu'ta'kudik tullima ala'sa' taserpi.,"nanek ukllinantanna', ali'la uklli ukllinantununta'nna' tullina' yadanta'llidek.",U02982,G02757,medium,0.5710483193397522,0.4201032817363739,0.1509450376033783,30
U00100,G00069,guárdalo.,sekdiperker',yan'katekter',U01358,G01185,hard,0.604251503944397,0.5534968376159668,0.050754666328430176,23
U00939,G00807,sobrevivimos.,chiminllinkekla nampipalekwa',a'ñapalekwa' da'lusa',U02163,G01943,hard,0.6155461072921753,0.5619245171546936,0.05362159013748169,4
U00939,G00807,sobrevivimos.,chiminllinkekla nampipalekwa',llipu'pi ñapawiñidek,U01248,G01085,medium,0.6155461072921753,0.4650559723377228,0.15049013495445251,32
U01778,G01577,me dispararon.,ilanñiner'ku,enka'lliner'ku,U00322,G00257,hard,0.6528255343437195,0.5745859146118164,0.07823961973190308,7
U01778,G01577,me dispararon.,ilanñiner'ku,latek'iñen,U00521,G00432,medium,0.6528255343437195,0.5008469223976135,0.15197861194610596,18
U01956,G01746,¿puedes abrirlo?,¿yennitula ek'ker'cha'mak?,¿yennitapala dekkunta'mak?,U01006,G00869,hard,0.716851532459259,0.6529518365859985,0.0638996958732605,2
U01956,G01746,¿puedes abrirlo?,¿yennitula ek'ker'cha'mak?,¿yennitechek katu'pa'tak?,U00470,G00385,medium,0.716851532459259,0.5581735372543335,0.15867799520492554,17
U00542,G00448,yo recuerdo.,kua lli'inutapalek,yamerlek,U02047,G01830,hard,0.6656009554862976,0.6154663562774658,0.05013459920883179,8
U02426,G02201,lloro porque mis hijos se van todos a la chacra y me quedo sola.,willeklek wilaweklusa' chiketllapitapallinerku menmik.,"ta'ser kuanta' wilaku ñamu lawektulek, ipa'la winta'pallenma'.",U03146,G02921,hard,0.6161364912986755,0.5462863445281982,0.0698501467704773,2
U02426,G02201,lloro porque mis hijos se van todos a la chacra y me quedo sola.,willeklek wilaweklusa' chiketllapitapallinerku menmik.,"u'ñishima awerandeklli, a'panta'deklli pideknennek.",U03138,G02913,medium,0.6161364912986755,0.4661158323287964,0.15002065896987915,16
U01318,G01147,¿estás lista?,¿insek'diperpi ñapala?,¿sanekwantula?,U00984,G00848,hard,0.6311140060424805,0.5779232978820801,0.05319070816040039,31
U02487,G02262,comiendo eso he crecido.,nana ka'amu susulek.,ipa'linchi ukdinu'tulek.,U02355,G02130,hard,0.6573697924613953,0.5894109010696411,0.06795889139175415,6
U02487,G02262,comiendo eso he crecido.,nana ka'amu susulek.,nanpiapamu wilawanek.,U02264,G02039,medium,0.6573697924613953,0.5020204782485962,0.15534931421279907,21
U01600,G01411,¿qué haremos?,¿ma'nen'a'cha nu'taterwa'?,¿a'ta'wantulekwa'?,U01933,G01724,hard,0.7528199553489685,0.6602463722229004,0.09257358312606812,2
U01600,G01411,¿qué haremos?,¿ma'nen'a'cha nu'taterwa'?,¿pa'echek'ata'?,U00879,G00751,medium,0.7528199553489685,0.595599889755249,0.15722006559371948,5
U02953,G02728,dijo el duende puro hueso mientras se quemaba.,tullima lansi' wa'dan uker'apan.,nana wilalusa' wanererkek walek ima uketlli.,U02551,G02326,hard,0.576323390007019,0.5252101421356201,0.051113247871398926,6
U02953,G02728,dijo el duende puro hueso mientras se quemaba.,tullima lansi' wa'dan uker'apan.,kenmami'na llumallunku'lupa' lomas.,U03165,G02940,medium,0.576323390007019,0.4203754663467407,0.15594792366027832,37
U03046,G02821,"toda cosa había ahí, cuando han dicho he escuchado.","dudinpu' ñiwiñi nanek, ta'ser lauktulek.","nawa'sa' lli'apallinerku, peksaduintullinerku.",U02443,G02218,hard,0.5954158902168274,0.5338494181632996,0.06156647205352783,2
U03046,G02821,"toda cosa había ahí, cuando han dicho he escuchado.","dudinpu' ñiwiñi nanek, ta'ser lauktulek.","nanekla, nanekla'nka pi'shek'anma' lli'ku'.",U02544,G02319,medium,0.5954158902168274,0.4415396749973297,0.15387621521949768,19
U00738,G00618,hazlo ahorita.,nu'ter' ipia'la,nu'ter' ipa'la,U00294,G00233,hard,0.5630932450294495,0.50678551197052,0.05630773305892944,13
U03074,G02849,"así vamos a hacer entonces, dijeron haciendo mazo.",nu'awa' nu'pachi tanni'ma llisanala nu'tanna'.,asu' tanan ima di'setchetchuna' itudekllima ñima latekchiñina'.,U02521,G02296,hard,0.5141388177871704,0.46050819754600525,0.05363062024116516,13
U02749,G02524,"la taricaya salió,","damer'ita yunsu'lli,","da'wanser uklli,",U02645,G02420,hard,0.7840578556060791,0.7159820199012756,0.06807583570480347,5
U02749,G02524,"la taricaya salió,","damer'ita yunsu'lli,","shiwilu la'la',",U02322,G02097,medium,0.7840578556060791,0.593166708946228,0.19089114665985107,13
U02612,G02387,¿tienen candela?,¿pen a'cha a'ñapalama'?,¿enpu'dun chimiñina'?,U01380,G01205,hard,0.4933488965034485,0.4417172074317932,0.05163168907165527,21
U01748,G01550,quiero renunciar.,yayunsu'lek,perwatendusu' ñapalek,U01452,G01270,hard,0.5112677216529846,0.4605385363101959,0.050729185342788696,28
U01270,G01105,tú primera.,nanentupen,paker' kinekla,U01035,G00896,hard,0.5291656851768494,0.4611690938472748,0.06799659132957458,7
U01270,G01105,tú primera.,nanentupen,nanta'piker,U00142,G00103,medium,0.5291656851768494,0.3769766390323639,0.15218904614448547,32
U00763,G00641,¡qué curioso!,¡empu'ni ñinchidinusu'ta'!,¡liatusu' nuka'a!,U01807,G01604,hard,0.5300613045692444,0.475624680519104,0.05443662405014038,35
U00790,G00667,los necesito.,luwantudek'lek,kananek,U00523,G01236,hard,0.5958463549613953,0.5342533588409424,0.06159299612045288,4
U00790,G00667,los necesito.,luwantudek'lek,wanerapalek,U01774,G01573,medium,0.5958463549613953,0.44514602422714233,0.15070033073425293,40
U01101,G00960,estoy descalzo.,inapilante'ñapalek,inapi ñechek,U01094,G00953,hard,0.7161012887954712,0.6627433896064758,0.05335789918899536,40
U02675,G02450,sólo con su mujer pandillaba.,sadinleksi'ma chu'kenñi.,samellusa' iñer wetlli.,U02785,G02560,hard,0.5128629803657532,0.4608841836452484,0.05197879672050476,12
U03201,G02976,ahora no se puede entender.,ipa'la lacheknawi'ñina'.,nawa'nta' insekkitula'su' ñapalli.,U02759,G02534,hard,0.5948081016540527,0.5408374071121216,0.05397069454193115,2
U03201,G02976,ahora no se puede entender.,ipa'la lacheknawi'ñina'.,sadinleksi'ma chu'kenñi.,U02675,G02450,medium,0.5948081016540527,0.4398562014102936,0.15495190024375916,14
U00341,G00274,estoy borracho.,lupersu' ñapalek,vinu' a'ñapalek,U00780,G00657,hard,0.6815637350082397,0.6295692920684814,0.0519944429397583,27
U02870,G02645,"dijeron esto y se alistaron, mandaron a hacer masato a sus señoras para llevar.","tanni'ma insekdipellina', uklulu'nenna' a'nu'tullina' sadina' yekpanna'.","nanek ukllinantanna', ali'la uklli ukllinantununta'nna' tullina' yadanta'llidek.",U02982,G02757,medium,0.7276237607002258,0.5630837082862854,0.16454005241394043,2
U01519,G01334,¿empiezo?,¿tenmiansu'chek?,¿ekpa'ak?,U00832,G00708,hard,0.7337045669555664,0.6694622039794922,0.06424236297607422,7
U01519,G01334,¿empiezo?,¿tenmiansu'chek?,¿ma'pu'sin?,U01379,G01204,medium,0.7337045669555664,0.5597791075706482,0.1739254593849182,14
U01337,G01165,¿puedes dormir?,¿yennitula wichi'a'mak?,¿yennitapala dekkunta'mak?,U01006,G00869,hard,0.6356884241104126,0.5854113698005676,0.05027705430984497,12
U03047,G02822,sólo eso he hablado. ahora me voy a levantar y me voy a ir por otra parte.,nanasa' lunek. ipa'li'na kua yunsanpateku nellupa' pa'achek.,inlasiser'chek. lauknunta' asek kui'na usunma' ka'ku'.,U02537,G02312,hard,0.669947624206543,0.5624963045120239,0.10745131969451904,3
U03047,G02822,sólo eso he hablado. ahora me voy a levantar y me voy a ir por otra parte.,nanasa' lunek. ipa'li'na kua yunsanpateku nellupa' pa'achek.,nanek kua wek'amu ipa'la asek asu' senñula' a'lunpallun.,U02500,G02275,medium,0.669947624206543,0.5038923621177673,0.16605526208877563,6
U01915,G01706,pareces cansado.,saka'ta'masu'pu'su' lli'tula,yupa'masu'pusu' lli'tula,U01699,G01502,hard,0.5702966451644897,0.5033950209617615,0.06690162420272827,5
U01915,G01706,pareces cansado.,saka'ta'masu'pu'su' lli'tula,ninchipeklui'npu'la'pi'na'.,U03202,G02977,medium,0.5702966451644897,0.41972997784614563,0.15056666731834412,17
U03002,G02777,"lloraron entre ellos, se besaron las manos, así dijeron como dialogando con sus compadres. ahí bebiendo todas estas cosas hablaban. 8 probablemente el narrador hace alusión a los espa ñoles conocidos como apu'tek y sekputchek. véanse las narraciones siguientes.","inwellektanna', inmusha'iteklanna', tullini'ma kunpallinenna' luntanna'pu'su'. nanek uwanna', tusu'sa' luñina'.","shunka' ekkilala, shunka' ínkatu', shunka' alei'teklun ku'apellusa'pu'su' pa'llina'. iñer uku'latukun.",U03007,G02782,hard,0.6231709718704224,0.5523937940597534,0.07077717781066895,2
U03002,G02777,"lloraron entre ellos, se besaron las manos, así dijeron como dialogando con sus compadres. ahí bebiendo todas estas cosas hablaban. 8 probablemente el narrador hace alusión a los espa ñoles conocidos como apu'tek y sekputchek. véanse las narraciones siguientes.","inwellektanna', inmusha'iteklanna', tullini'ma kunpallinenna' luntanna'pu'su'. nanek uwanna', tusu'sa' luñina'.","katu' shunka' ekkilala ñisik ima ipa'a'ka panta'ku' ñinanlu'penmek, itudekllina' nana taserpiku'lusa', ma'i, mukankinpu'lusa'.",U03010,G02785,medium,0.6231709718704224,0.4702867865562439,0.15288418531417847,18
U03020,G02795,dice que cargadas en la espalda las trajeron queriendo hacerles conocer.,pipekdek'anni'ma kencha'dekllina' ya'luwerdek'anna'.,willeklek wilaweklusa' chiketllapitapallinerku menmik.,U02426,G02201,hard,0.5345913171768188,0.484491229057312,0.050100088119506836,21
U00654,G00545,tomás conduce.,chuma ekpa'palli,tom tukulu'palli,U00667,G00557,hard,0.52576744556427,0.4641611576080322,0.06160628795623779,6
U00654,G00545,tomás conduce.,chuma ekpa'palli,ta'itula'dek'ku' idenmaina',U01821,G01617,medium,0.52576744556427,0.3752211034297943,0.1505463421344757,28
U00007,G00005,¡incendio!,¡ukeñan!,!enta'n lli'ku'!,U02945,G02720,hard,0.5220038294792175,0.45975103974342346,0.06225278973579407,48
U01877,G01671,tom luchará.,tom idenmechu,tom lansa'palli,U00651,G00543,hard,0.7612656354904175,0.7052106261253357,0.05605500936508179,16
U00618,G00514,sonría.,yamerladaker',muuklli,U01036,G00897,hard,0.48670148849487305,0.433674156665802,0.053027331829071045,29
U01159,G01011,"ah, entiendo.","ah, lachek'apalek",lauk'echen,U01460,G01278,medium,0.7013556957244873,0.518616259098053,0.18273943662643433,2
U02564,G02339,"las jóvenes también, alzando la vista, mirando al cielo, mirando las estrellas, lloraban.","wilalunlusa'nta kuten'anna', kekkilu'tek lli'anna', tandulalusa' lli'anna', willekllina'.","naku'tanni'ma, ukllinantanna', ektu'llina' muyunpak.",U02972,G02747,hard,0.661663830280304,0.6096702814102173,0.05199354887008667,12
U02564,G02339,"las jóvenes también, alzando la vista, mirando al cielo, mirando las estrellas, lloraban.","wilalunlusa'nta kuten'anna', kekkilu'tek lli'anna', tandulalusa' lli'anna', willekllina'.","papinkumapu'wa'ku' tanni'ma nana luyurka'su', luyullinerkenmu'wa', tanni'ma pa'llina'.",U03151,G02926,medium,0.661663830280304,0.5064114928245544,0.1552523374557495,33
U02131,G01911,me ignoraron.,luwer'chi'ñiner'ku,luwer'chuwiñiner'ku,U01197,G01038,hard,0.7237828969955444,0.6330429911613464,0.090739905834198,2
U02131,G01911,me ignoraron.,luwer'chi'ñiner'ku,ñinchituwinek',U00325,G00260,medium,0.7237828969955444,0.5655709505081177,0.15821194648742676,8
U00947,G00815,estamos cansados.,saka'tusu' ñapalidek,uki'latek ñapallidek,U01253,G01089,hard,0.7089619040489197,0.6552106738090515,0.053751230239868164,6
U00947,G00815,estamos cansados.,saka'tusu' ñapalidek,kuda ekpekchidek,U00940,G00808,medium,0.7089619040489197,0.5560571551322937,0.15290474891662598,38
U01952,G01742,¿puedes oírme?,¿yennitula lauk'a'muk?,¿yennitapala dekkunta'mak?,U01006,G00869,hard,0.6164460778236389,0.54510498046875,0.07134109735488892,6
U01952,G01742,¿puedes oírme?,¿yennitula lauk'a'muk?,¿luwantulun?,U01679,G01484,medium,0.6164460778236389,0.4631196856498718,0.1533263921737671,40
U01811,G01608,llévalo contigo.,ekpa'ker kenmalek,dek'kunter' kualek,U01233,G01072,hard,0.6099693179130554,0.5503472089767456,0.059622108936309814,5
U01811,G01608,llévalo contigo.,ekpa'ker kenmalek,inlli'inuter' musuk,U01528,G01341,medium,0.6099693179130554,0.44921213388442993,0.1607571840286255,10
U00637,G00835,engañaron.,tumu'llina',llia'llina',U00640,G00533,hard,0.7452253103256226,0.6842434406280518,0.0609818696975708,10
U00637,G00835,engañaron.,tumu'llina',lau'tullina',U00040,G00034,medium,0.7452253103256226,0.5933825373649597,0.15184277296066284,30
U00969,G00835,hicieron trampa.,tumu'llina',werañina',U02128,G01908,hard,0.6074959635734558,0.5512006282806396,0.05629533529281616,23
U00160,G00329,agárralo.,pilli'ter',a'nambiker',U00923,G00792,hard,0.6408857703208923,0.5877853631973267,0.053100407123565674,27
U00286,G00329,captúralo.,pilli'ter',tu'neker',U00110,G00078,hard,0.6831374764442444,0.6328162550926208,0.050321221351623535,15
U00406,G00329,¡arrestadlo!,pilli'ter',apu'ker',U00060,G00746,hard,0.5864877700805664,0.5360572934150696,0.050430476665496826,40
U02325,G02100,los niños ahora hablan sólo el castellano,"wilalusa' ipa'la kaschilla' la'leklansa' lunna',",luwetchi'ñina' asu' kupin samellusa':,U02783,G02558,hard,0.40379080176353455,0.3431277573108673,0.060663044452667236,9
U00309,G00300,es rico. (sabor),iyalli,etiope nuka'a,U01990,G01776,hard,0.4213932454586029,0.37082183361053467,0.05057141184806824,43
U00369,G00300,es agradable. (sabor),iyalli,ma'sha.,U02324,G02099,hard,0.389996200799942,0.3356354236602783,0.054360777139663696,44
U02010,G01795,sigo estornudando.,a'shupalekpi'la,insek'dipersu' ñapi'nek,U00792,G00669,hard,0.6133357286453247,0.5566141605377197,0.05672156810760498,3
U02010,G01795,sigo estornudando.,a'shupalekpi'la,nakusu' weranek,U01709,G01512,medium,0.6133357286453247,0.46159717440605164,0.15173855423927307,41
U01713,G01516,puedo ayudarte.,yennitulek katu'pa'a'kik,yen'nitulek teka'ak',U00318,G00254,hard,0.5718786716461182,0.5115538835525513,0.060324788093566895,6
U01713,G01516,puedo ayudarte.,yennitulek katu'pa'a'kik,luwantulek dek',U01077,G00936,medium,0.5718786716461182,0.4216133654117584,0.15026530623435974,28
U01382,G01207,"apúrate, tom.",wiuk'er' tom,tom pa'echu,U00441,G00358,medium,0.7326249480247498,0.5764783620834351,0.1561465859413147,5
U02104,G01885,quedémonos acá.,llia'awa' asek,nu'wanker' asek,U01662,G01469,hard,0.6339928507804871,0.5286478996276855,0.10534495115280151,6
U02104,G01885,quedémonos acá.,llia'awa' asek,kencher' asek,U01325,G01154,medium,0.6339928507804871,0.4816776514053345,0.1523151993751526,10
U00448,G00364,conversamos.,lunñidek,tupi'tu'udek,U00303,G00242,hard,0.5860133171081543,0.5188925266265869,0.06712079048156738,18
U02694,G02469,"se rabió, lloró, tuvo mucha pena arákayu.","yulli, willeklli, wa'inutulli arakayu.","llipu'lli, unkunan ekketchulli, pata'tulli kusinek.",U02904,G02679,hard,0.7451804876327515,0.6181060075759888,0.1270744800567627,2
U02694,G02469,"se rabió, lloró, tuvo mucha pena arákayu.","yulli, willeklli, wa'inutulli arakayu.","peklu'dekllima, intekdudui'su' samellusa' yunsu'lli.",U02608,G02383,medium,0.7451804876327515,0.5361422896385193,0.20903819799423218,4
U02263,G02038,siendo señorita encontré marido.,wilaluntamu sudawek kananek.,namasu' la'leklan luntetchek.,U02281,G02056,hard,0.5582260489463806,0.5063968896865845,0.05182915925979614,23
U01045,G00905,él gritó.,nana lamapu'lli,tenmiansu'lli,U01120,G00975,hard,0.6350748538970947,0.5768399238586426,0.05823493003845215,7
U01045,G00905,él gritó.,nana lamapu'lli,chimidek'tulli,U01703,G01506,medium,0.6350748538970947,0.4842160940170288,0.15085875988006592,28
U01077,G00936,necesito agua.,luwantulek dek',kadulunsu' ñapalek,U01111,G00968,hard,0.45172056555747986,0.40142765641212463,0.050292909145355225,45
U02497,G02272,"entonces, mucho he sufrido para hacer educar a mis hijos.",iya'linchi muinchi kua insekluten'amu wilaweklusa' a'ñinchillintudeklek.,kui'na enpu'nipa' insekluten'a'kasu' nanpi'kasu'.,U02482,G02257,hard,0.5954230427742004,0.544854998588562,0.05056804418563843,14
U03197,G02972,"ahora ponen, este, giovana, y otros nombres más.","ipa'la aku'llina', ma'i, giovanna, ma'nen ilipa'.","kui'na apulli'ku, kwina', ma'i, tananmuda'ku.",U03171,G02946,medium,0.7840769290924072,0.598533570766449,0.18554335832595825,2
U01907,G01701,¿lo harás?,¿nu'techu'?,¿lli'la?,U01668,G01475,hard,0.6228029727935791,0.57085782289505,0.05194514989852905,33
U00948,G00816,somos gemelos.,insilan nuka'kawa',a'lek'tutek'lusa' nuka'kawa',U02158,G01938,hard,0.6603901386260986,0.5840611457824707,0.07632899284362793,14
U00948,G00816,somos gemelos.,insilan nuka'kawa',ñidenkinpu' nuka'ka,U00824,G00700,medium,0.6603901386260986,0.5058964490890503,0.15449368953704834,41
U01616,G01427,pareces enfermo.,kaluwinanpu'su' lli'tula,yupa'masu'pusu' lli'tula,U01699,G01502,hard,0.5738060474395752,0.5214725732803345,0.05233347415924072,6
U01616,G01427,pareces enfermo.,kaluwinanpu'su' lli'tula,wa'tenta'masu' ñapalli,U01618,G01429,medium,0.5738060474395752,0.41935330629348755,0.15445274114608765,24
U00673,G00563,tom gritó.,tom lamapu'lli,tom dek'kuntulli,U00670,G00560,hard,0.842737078666687,0.7927322387695312,0.05000483989715576,19
U00673,G00563,tom gritó.,tom lamapu'lli,tom latek'chi'ñi,U01552,G01364,medium,0.842737078666687,0.6896069645881653,0.15313011407852173,48
U01641,G01451,estás dormido.,wichi'su' ñapala,denlekpin'ta' ñapala,U01635,G01445,hard,0.6018484234809875,0.5511058568954468,0.05074256658554077,10
U01641,G01451,estás dormido.,wichi'su' ñapala,saka'tusu' ñapala,U01302,G01133,medium,0.6018484234809875,0.45146268606185913,0.15038573741912842,43
U02128,G01908,cenaron.,werañina',dekllina',U00643,G00536,hard,0.7069171071052551,0.6555420756340027,0.05137503147125244,10
U02128,G01908,cenaron.,werañina',lli'ker'llia',U00237,G00187,medium,0.7069171071052551,0.5414986610412598,0.16541844606399536,33
U02639,G02414,"no tengan miedo,","aner yatek kuatama',","nadi'neklusa',",U02320,G02095,hard,0.47719430923461914,0.4271257519721985,0.050068557262420654,17
U00355,G00286,¿eres tú?,¿kenma'cha'?,¿werana?,U01691,G01495,hard,0.6845641136169434,0.632510244846344,0.052053868770599365,12
U02381,G02156,"entonces con lo que se ha mascado (entre varias mujeres) se endulza. 2 ramichi, en español regional.",ipa'linchi ukdinu'ta'kasu'lek a'kasetllek.,naneklima asu' ali'lima panta'lli.,U03183,G02958,hard,0.3009185194969177,0.25080370903015137,0.05011481046676636,31
U01491,G01308,aprende italiano.,ñinchiter' italianu,alek'apalliner'ku ingles,U02023,G01808,hard,0.6859641671180725,0.5567299723625183,0.1292341947555542,2
U01491,G01308,aprende italiano.,ñinchiter' italianu,a'lek'apalliner'ku frances,U01741,G01543,medium,0.6859641671180725,0.48258256912231445,0.20338159799575806,3
U02910,G02685,(el gobernante) les mandó.,a'pa'deklli.,iyatechuna',U02139,G01919,hard,0.46097373962402344,0.4109325706958771,0.05004116892814636,29
U01055,G00915,¡qué romántico!,¡enpu'ni mupenchipa'!,¡u'chimu lli'inu!,U01902,G01696,hard,0.627238929271698,0.5635278224945068,0.06371110677719116,8
U01055,G00915,¡qué romántico!,¡enpu'ni mupenchipa'!,¡wiuku' wilalunlusa!,U01998,G01784,medium,0.627238929271698,0.4770391583442688,0.1501997709274292,31
U02883,G02658,"entonces contaron por acá hay un hombre puro hueso y sus intestinos le cuelgan,","naneklima luncha'llina' asu'lupa' lansi'sa' ala'sa' ya'lli, dullinen iñer ukunpala'lli,","nala pendakilanenlusa' musu' ukpendalu'tek walek ima uketlli,",U02557,G02332,hard,0.5618934631347656,0.5049630999565125,0.056930363178253174,4
U02883,G02658,"entonces contaron por acá hay un hombre puro hueso y sus intestinos le cuelgan,","naneklima luncha'llina' asu'lupa' lansi'sa' ala'sa' ya'lli, dullinen iñer ukunpala'lli,","nanek ima ipa'linchi ma'i... nanek tekkinchi uksik idenmallini'ma, enpu'nipi'ma idenmallina'.",U02947,G02722,medium,0.5618934631347656,0.41133058071136475,0.15056288242340088,32
U02637,G02412,dice que arákayu llamó (a los peces) y le dijo (a la gente):,"arakayu ima peklu'deklli, itudeklli:",arakayuler itudeklli:,U02760,G02535,hard,0.8291417360305786,0.7678866386413574,0.06125509738922119,2
U02637,G02412,dice que arákayu llamó (a los peces) y le dijo (a la gente):,"arakayu ima peklu'deklli, itudeklli:","arakayu yunsui'npu'a'su' ñilli,",U02765,G02540,medium,0.8291417360305786,0.6222798824310303,0.20686185359954834,3
U01923,G01714,estaban felices.,musu' ñapawiñina',ñapawiñina' pektunsu',U02137,G01917,hard,0.6321874856948853,0.571144163608551,0.06104332208633423,4
U01923,G01714,estaban felices.,musu' ñapawiñina',muinsu' ñapallina',U01868,G01662,medium,0.6321874856948853,0.47252586483955383,0.15966162085533142,13
U02257,G02032,con otra mujer vivían bien.,ali'la ku'apellek nanpillina' musu'.,wanersu' anu'dektullina'.,U02701,G02476,hard,0.45400550961494446,0.40335217118263245,0.05065333843231201,12
U00521,G00432,lo dudo.,latek'iñen,a'ñapalek,U00178,G00136,hard,0.5780969262123108,0.5268977284431458,0.05119919776916504,25
U00210,G00162,estoy enferma.,kaluwi'su' ñapalek,ñapalek sakek'su',U00816,G00692,hard,0.7361862063407898,0.6852830052375793,0.05090320110321045,20
U00931,G00800,podemos hablar.,yinnitullidek lunnak,yennitula lun'a'mak,U01617,G01428,hard,0.4757864773273468,0.4255583882331848,0.05022808909416199,16
U02463,G02238,los antiguos lo llevaban a sus chacras.,napi'ku'lusa'ler ekpa'llina' menminennak.,enpinantekllina' sennanlusa'.,U02746,G02521,hard,0.6748495697975159,0.6191576719284058,0.05569189786911011,4
U02463,G02238,los antiguos lo llevaban a sus chacras.,napi'ku'lusa'ler ekpa'llina' menminennak.,nu'si'pa' papinkuku'lusa' taketllina'.,U02565,G02340,medium,0.6748495697975159,0.5216885805130005,0.15316098928451538,19
U00031,G00026,perdí. (opuesto de ganar),wer'lliek,a'kaluwi'liu,U01475,G01293,hard,0.5520741939544678,0.496001273393631,0.05607292056083679,33
U01268,G01103,puedes venir.,yennitula' uk'a'mak,yennitula lun'a'mak,U01617,G01428,hard,0.5288455486297607,0.4646025002002716,0.06424304842948914,5
U01268,G01103,puedes venir.,yennitula' uk'a'mak,yen'nitulek teka'ak',U00318,G00254,medium,0.5288455486297607,0.37722185254096985,0.1516236960887909,15
U02819,G02594,dicen que arákayu puso una ballena y salió (de la región).,arakayu ima lanla' akun yunsu'lli.,tan ima arakayu nana lanla' aku'lli.,U02821,G02596,hard,0.6820816993713379,0.5793575048446655,0.10272419452667236,6
U02819,G02594,dicen que arákayu puso una ballena y salió (de la región).,arakayu ima lanla' akun yunsu'lli.,nu'an ima ipa'linchi arakayu yulli.,U02691,G02466,medium,0.6820816993713379,0.5299035310745239,0.15217816829681396,16
U00364,G00295,está fresco.,nalu ñapalli,pawanpalli chuma,U01873,G01667,hard,0.5986580848693848,0.5477975010871887,0.050860583782196045,12
U00364,G00295,está fresco.,nalu ñapalli,wa'danpintek ñapala,U01291,G01122,medium,0.5986580848693848,0.44837042689323425,0.1502876579761505,45
U02467,G02242,así el canasto caminaba antiguamente.,nu'su' lantekpi dekkuntuwiñi napi'.,kankanen ukunpala'lli.,U02884,G02659,hard,0.5601065158843994,0.5037487745285034,0.056357741355895996,11
U00555,G00460,soy gemelo.,insilanpi nuka'ka,latek'tutek nuka'ka,U02055,G01838,hard,0.7273942232131958,0.6641122102737427,0.06328201293945312,24
U00555,G00460,soy gemelo.,insilanpi nuka'ka,japones nuka'ka,U01386,G01211,medium,0.7273942232131958,0.5660355687141418,0.16135865449905396,36
U02651,G02426,¿qué más van a necesitar ustedes?,¿ma'nen ila'cha luwantekchuma' kenmama'?,¿napi'lanlek a'ta' na'wa' saka'tukellina'?.,U03142,G02917,hard,0.60120689868927,0.5267537832260132,0.07445311546325684,5
U02651,G02426,¿qué más van a necesitar ustedes?,¿ma'nen ila'cha luwantekchuma' kenmama'?,¿wilaweklusa' ma'nen i'na a'ka'dek'etchek? tanna'.,U02800,G02575,medium,0.60120689868927,0.4506201446056366,0.15058675408363342,13
U01402,G01226,odio volar.,luyulek pennu'ak,luyulek kerka',U02006,G01791,hard,0.5679389834403992,0.5068069696426392,0.06113201379776001,11
U01402,G01226,odio volar.,luyulek pennu'ak,luwantulek saka'tak,U01735,G01537,medium,0.5679389834403992,0.40631869435310364,0.16162028908729553,23
U01403,G01226,detesto volar.,luyulek pennu'ak,nerpi'pu' dekundapalek,U01384,G01209,hard,0.5530779361724854,0.5026606917381287,0.05041724443435669,14
U01403,G01226,detesto volar.,luyulek pennu'ak,yennitulek adanta'ak,U02000,G01786,medium,0.5530779361724854,0.402371883392334,0.15070605278015137,49
U01453,G01271,estoy agotado.,saka'tusu' ñapalek,insek'dipersu' ñapi'nek,U00792,G00669,hard,0.7096115946769714,0.6529663801193237,0.056645214557647705,41
U02900,G02675,quizás aparecieron estas nubes para pronosticarnos mal agüero,nu'an asu' kekkilu'tek yunsu'lli ya'lli'minmu'wa' yapekkiwantanminmu'wa',"ñinchillintulusa' ñanna' nu'unta' nawa' enka'pallinerku ka'a'kasu',",U02270,G02045,hard,0.47332292795181274,0.4200100302696228,0.05331289768218994,7
U02573,G02348,todas esas cosas verdad es lo que contaron los viejos que escuchaban cuando iban (a pampayacu).,nanadaper tekkinchinen luñina' taserpilusa' pantanna' lauk'erkasu'.,kenmu'wi'na asek ñiden lupa'paperwi'ñi tullima nana lli'tukunlusa'.,U02984,G02759,hard,0.5684226155281067,0.5121129751205444,0.056309640407562256,15
U03176,G02951,¿cuál quieres que sea tu santo? les preguntó.,¿enkasu' a'cha santupen luwantula ña'su'? itullima.,- ¿asu' ma'nen samer a'cha? itullina'.,U02653,G02428,hard,0.6632828116416931,0.5921427011489868,0.0711401104927063,3
U03176,G02951,¿cuál quieres que sea tu santo? les preguntó.,¿enkasu' a'cha santupen luwantula ña'su'? itullima.,¿kenmama' a'cha u'pidekta'mama'u'kusu' kua musu' nu'tapallenma'?,U02692,G02467,medium,0.6632828116416931,0.5021917819976807,0.16109102964401245,7
U02207,G01984,deberías descansar.,neria'masu' ñapalli,pa'a'kawa'su' ñapalli,U00688,G01082,hard,0.45342934131622314,0.4025316834449768,0.05089765787124634,35
U02833,G02608,"a ver pues, voy a contar ahora cómo se les habrá ocurrido a los shiwilu finados conocer moyobamba.",enta'n lunchek ipa'la asu' ma'pu'sui'pa' kankantanna' shiwiluku'lusa' muyunpa yaluwetchullina'.,ipa'leklanlek a'metchala nu'unta' chilenñusa' yullina' winenllusa' pa'a'ser nanalupa'.,U03095,G02870,hard,0.6762357354164124,0.6029242873191833,0.073311448097229,2
U02833,G02608,"a ver pues, voy a contar ahora cómo se les habrá ocurrido a los shiwilu finados conocer moyobamba.",enta'n lunchek ipa'la asu' ma'pu'sui'pa' kankantanna' shiwiluku'lusa' muyunpa yaluwetchullina'.,"napi', kuanta' wilakuñamu laukta'kasu' nana muyunpa inchilalak taker'llina', lansi' wa'danler ka'deklli tullina'.",U03022,G02797,medium,0.6762357354164124,0.49310970306396484,0.1831260323524475,4
U01329,G01157,¡llámame después!,¡peklu'u ma'isik!,¡ta'tu'la'ku!,U00594,G00494,hard,0.6426268219947815,0.5901917219161987,0.052435100078582764,7
U01329,G01157,¡llámame después!,¡peklu'u ma'isik!,¡musu' llia'ker'!,U00593,G00493,medium,0.6426268219947815,0.486640602350235,0.1559862196445465,25
U02855,G02630,los que van a ir primero (el primer grupo) van a perecer todos devorados por las fieras.,nanentu pa'erkasu' anaker'chuna' iñerdaper.,nu'anni'ma iñer inyulatekkeksa' llia'llina'.,U02604,G02379,hard,0.4751702845096588,0.41484689712524414,0.06032338738441467,13
U03125,G02900,les voy a contar otro poquito sobre los de habla española que llegaron cargados desde moyobamba acá a jeberos.,enta' wintununterkenma' u'ñishata'la nana ishpaña la'la' lunlusi'mi'na' pipekpi wekllina' muyunpeklan asu' shiwiluk.,"ipa'la' winterkenma' ma'pu'si'pa' napi' shawala kenma' ñapanna'pi'la idenmalli'na' asu' nerñinalukla uklusa'lek, kaschilla lunlusa'.",U03054,G02829,hard,0.5408368110656738,0.4729779362678528,0.06785887479782104,5
U03125,G02900,les voy a contar otro poquito sobre los de habla española que llegaron cargados desde moyobamba acá a jeberos.,enta' wintununterkenma' u'ñishata'la nana ishpaña la'la' lunlusi'mi'na' pipekpi wekllina' muyunpeklan asu' shiwiluk.,"ta'ser lauktulek papinkuku'lusa', amiku'lusa' luñina'.",U02812,G02587,medium,0.5408368110656738,0.3902176320552826,0.15061917901039124,28
U02813,G02588,"todos los animales, hasta los terrestres, se han ido por su lado, se han alejado.","dudinpu' asu' lupek pa'a'su'daper ilakapi chiketchullina', wei pa'llina'.","nawi'mi'na' panta'nna', ala'lusa', sekllintanni'ma panta'nna', lli'llini'ma mu'katapasik.",U02583,G02358,hard,0.5416097044944763,0.4908008873462677,0.05080881714820862,14
U00231,G00181,prohibido pasar.,ku'la nakui'nchu,insek'kita'kasu'ñapalli,U00787,G00664,hard,0.51806640625,0.4659842550754547,0.05208215117454529,6
U00231,G00181,prohibido pasar.,ku'la nakui'nchu,wei ek'tue'chu,U01632,G01443,medium,0.51806640625,0.367968887090683,0.15009751915931702,45
U02020,G01805,lo reconozco.,luwer'chulek,inanpilechek,U01772,G01572,hard,0.6169296503067017,0.5637619495391846,0.05316770076751709,22
U02266,G02041,los parí y crecieron.,"wadeklek, susullina'.","uka'lek, eksu'lek.",U02341,G02116,hard,0.6301387548446655,0.5357871055603027,0.09435164928436279,3
U02266,G02041,los parí y crecieron.,"wadeklek, susullina'.",enpinantekllina' sennanlusa'.,U02746,G02521,medium,0.6301387548446655,0.46766525506973267,0.16247349977493286,6
U03147,G02922,ahora les voy a contar cómo quizás los nombres shiwilu11 han sido.,enta' winterkenma' ma'pu'si'pa' kineklada' llillin ñilli.,nu'sik nu'eklima nana muyunpak ektu'llina' tullina' papinkuku'lusa'.,U03004,G02779,hard,0.4716728627681732,0.42129042744636536,0.05038243532180786,22
U00855,G00731,¡hagámoslo!,¡nu'tawa'!,¡kananekwa'!,U01246,G01083,hard,0.6255504488945007,0.5745127201080322,0.051037728786468506,6
U00855,G00731,¡hagámoslo!,¡nu'tawa'!,!enta'n lli'ku'!,U02945,G02720,medium,0.6255504488945007,0.46997779607772827,0.15557265281677246,29
U01890,G01684,lo pintaremos.,llinserllidek,da'awa',U00856,G00732,hard,0.47185757756233215,0.41114330291748047,0.060714274644851685,23
U02109,G01890,¡feliz navidad!,¡u'chimu ñiñuduker!,¡wiuker' wila!,U01997,G01783,hard,0.5893905758857727,0.5373490452766418,0.05204153060913086,11
U02109,G01890,¡feliz navidad!,¡u'chimu ñiñuduker!,¡yalenmekta nanek!,U00883,G00755,medium,0.5893905758857727,0.4307377338409424,0.15865284204483032,40
U00006,G00004,¡fuego!,¡pen!,¡nanpiker'!,U00119,G00085,hard,0.6708984971046448,0.619540810585022,0.0513576865196228,20
U01851,G01646,está claro.,latek'la nañi,ñinchidinusu'nuka'a,U00505,G00417,hard,0.47478047013282776,0.4146236181259155,0.06015685200691223,10
U01851,G01646,está claro.,latek'la nañi,sanek'apalli,U00363,G00294,medium,0.47478047013282776,0.32329466938972473,0.15148580074310303,50
U01852,G01646,es obvio.,latek'la nañi,inantek' nuka'a,U00586,G00487,hard,0.6016396284103394,0.5504522919654846,0.051187336444854736,4
U01852,G01646,es obvio.,latek'la nañi,musu' ñape'chu,U01290,G01121,medium,0.6016396284103394,0.4484955966472626,0.15314403176307678,47
U00538,G00444,lo extraño.,lu'wanek,chinku'lli,U00501,G00413,hard,0.5037131905555725,0.44603869318962097,0.05767449736595154,10
U01489,G01345,déjelo.,ta'ituler',tañituker',U01161,G01013,hard,0.6262996792793274,0.569723904132843,0.056575775146484375,10
U02545,G02320,"a ver qué cosa van a ver ustedes, algo que nunca antes han visto les dijo a los niños.","ma'pu'si'pa' lli'etchuma' kenmama', ñienpi' lli'npu'a'mama'su' itudekllima wilalusa'.","du'anna', wa'inutanna', nerpi'pu' ñiper'dekllina' nana pa'lusa'.",U03016,G02791,hard,0.6074993014335632,0.5251793265342712,0.08231997489929199,3
U02545,G02320,"a ver qué cosa van a ver ustedes, algo que nunca antes han visto les dijo a los niños.","ma'pu'si'pa' lli'etchuma' kenmama', ñienpi' lli'npu'a'mama'su' itudekllima wilalusa'.","ektu'sik ima muyunpak, nana inka' la'la' lunlusa'ler ima, yadi'tudeklli.",U02973,G02748,medium,0.6074993014335632,0.4566756784915924,0.15082362294197083,31
U03096,G02871,"cuando los barriobajinos van por el barrio alto, las mujeres y los hombres del barrio alto se rabian.","chillenllusa' pa'a'ser winenllupa', winellun winenpenllusa'nta' yullina'.","alla'shasa' samer kencha'lek, yalli'washawek'unta' alla'shasa'pi'la itullima.",U02535,G02310,hard,0.497339129447937,0.43525394797325134,0.06208518147468567,5
U00414,G00334,sentate ahí.,du'ker' nanek,du'ker' asek,U00246,G00194,hard,0.5897757411003113,0.5385077595710754,0.05126798152923584,12
U00414,G00334,sentate ahí.,du'ker' nanek,linserker' asu',U00413,G00333,medium,0.5897757411003113,0.4361100196838379,0.1536657214164734,42
U02551,G02326,"hasta donde se detuvieron los niños, dice, ardió todo.",nana wilalusa' wanererkek walek ima uketlli.,nanadaper tekkinchinen luñina' taserpilusa' pantanna' lauk'erkasu'.,U02573,G02348,hard,0.5206509828567505,0.4703773856163025,0.050273597240448,16
U00168,G00126,¡qué encanto!,¡empu'ni mushipa'!,!embu'ni we'inuipa'!,U00959,G00825,hard,0.6150540709495544,0.5622050762176514,0.052848994731903076,13
U00168,G00126,¡qué encanto!,¡empu'ni mushipa'!,¡luwantulek katu'pa'!,U00789,G00666,medium,0.6150540709495544,0.46229857206344604,0.1527554988861084,39
U01835,G01631,nadie escucha.,ñiden lauk'tapi'ñi,ñiden lekchi'ñi,U01156,G01008,hard,0.6568294763565063,0.5997264385223389,0.05710303783416748,4
U01835,G01631,nadie escucha.,ñiden lauk'tapi'ñi,innichi'ñina' lu'nkasu'.,U02329,G02104,medium,0.6568294763565063,0.4838182032108307,0.17301127314567566,12
U02712,G02487,"el rayo caño se secó,","ukilasu'tundek enñi,","ma'sha tullima ala'sa' taserpi,",U02623,G02398,hard,0.6195800304412842,0.5615842938423157,0.057995736598968506,19
U02712,G02487,"el rayo caño se secó,","ukilasu'tundek enñi,","ñiden usha'wi'ñi ma'kinpa',",U02787,G02562,medium,0.6195800304412842,0.46179255843162537,0.1577874720096588,30
U02254,G02029,cuando tenía nueve meses murió mi madre y me crió mi abuelita.,"iskun duker a'ña'seku awawek chiminlapillun, amishawek teksusullun.","wilaku ñamu kawitulek, du'pa'tamu laweklek lunpa'ser.",U02576,G02351,hard,0.5266546607017517,0.47558969259262085,0.05106496810913086,6
U02254,G02029,cuando tenía nueve meses murió mi madre y me crió mi abuelita.,"iskun duker a'ña'seku awawek chiminlapillun, amishawek teksusullun.","ipa'linchi katentamupu'su' pitawitapalek, ka'latulek.",U02372,G02147,medium,0.5266546607017517,0.37525007128715515,0.15140458941459656,38
U02762,G02537,"estos malos, cuando no tengan más que comer, hasta lagarto comerán.","asu' mukankinpu'lusa', ñi a'pinta' ma'winpu'pachina', tada ilakapi ka'achuna'.",nanpincha'a'ser nawa' nanpiladaperkek walek ali'la musun'unta' wichi'chu'.,U02865,G02640,hard,0.5562876462936401,0.5039679408073425,0.05231970548629761,3
U02762,G02537,"estos malos, cuando no tengan más que comer, hasta lagarto comerán.","asu' mukankinpu'lusa', ñi a'pinta' ma'winpu'pachina', tada ilakapi ka'achuna'.","lli'llini'ma tekka'pilasik panpadeklupa', tupitullina' ñi kasek'i'ñina'.",U03081,G02856,medium,0.5562876462936401,0.400719553232193,0.15556809306144714,27
U01518,G01333,mándamelo.,a'uktuwu,latekllien,U01390,G01513,hard,0.582269012928009,0.5278444290161133,0.05442458391189575,39
U00737,G00617,¿ganaste?,¿kana'tula?,¿kana'tapala?,U01943,G01733,hard,0.7128152251243591,0.656613290309906,0.056201934814453125,5
U00488,G00401,no pares.,yataitula'ta,ku'la tupiapi'nek,U01717,G01520,hard,0.5420717000961304,0.4893281161785126,0.0527435839176178,31
U01479,G01297,funciona bien.,saka'tapalli musu',ekpa'ker' utila',U01030,G00891,hard,0.45664429664611816,0.3852025866508484,0.07144170999526978,2
U01479,G01297,funciona bien.,saka'tapalli musu',mukankan ñiker',U00054,G00043,medium,0.45664429664611816,0.3051187992095947,0.15152549743652344,11
U01536,G01348,están aquí.,asek ñapallina',nanek nanpipallina',U02132,G01912,hard,0.7920791506767273,0.6712414026260376,0.1208377480506897,2
U01536,G01348,están aquí.,asek ñapallina',asek' ñapalli,U00506,G00418,medium,0.7920791506767273,0.5513252019882202,0.24075394868850708,4
U02700,G02475,dando un brinco se lanzó al agua con su señora.,sekkankatan indi'dektulli sadinlek.,samellusa' iñer wetlli.,U02785,G02560,hard,0.4677557051181793,0.4130404591560364,0.054715245962142944,20
U01597,G01408,¡qué fiasco!,¡enpu'ni dakuta'ipa'!,¡empu'ni ñinchidinusu'ta'!,U00763,G00641,hard,0.578386127948761,0.5184041261672974,0.05998200178146362,16
U01597,G01408,¡qué fiasco!,¡enpu'ni dakuta'ipa'!,¡paku' tekchi wei!.,U02792,G02567,medium,0.578386127948761,0.4254079759120941,0.15297815203666687,32
U02143,G01923,son primos.,i'inlusa' nuker'ka,kaikualusa' nuker'ka,U02148,G01928,hard,0.6286944150924683,0.5722944736480713,0.05639994144439697,6
U02143,G01923,son primos.,i'inlusa' nuker'ka,u'chimuinchilusa' nuker'ka,U02149,G01929,medium,0.6286944150924683,0.46436965465545654,0.16432476043701172,13
U00430,G00347,cayeron.,anu'llina',panper'echuna',U01865,G01659,hard,0.6817026734352112,0.6264229416847229,0.05527973175048828,15
U00430,G00347,cayeron.,anu'llina',inyutapallina',U02141,G01921,medium,0.6817026734352112,0.5307990908622742,0.150903582572937,36
U02390,G02165,"cuando pasan cuatro días, cuando fermenta, bebemos.","ínkatu' uklli nakusik, deksik, ullidek.","dei'tanna', pen dintunna', aku'lalatullina'.",U02949,G02724,hard,0.5080090761184692,0.44149914383888245,0.06650993227958679,6
U02390,G02165,"cuando pasan cuatro días, cuando fermenta, bebemos.","ínkatu' uklli nakusik, deksik, ullidek.","nerpi'la la'la' ipa' lunpallina', ta'kawa'su'.",U02838,G02613,medium,0.5080090761184692,0.35752567648887634,0.1504833996295929,23
U02575,G02350,cuando contaban yo también a los abuelos ya finados les he escuchado.,"ta'ser kuanta' papinkuku'lusa' laukdeklek, wilakuñamu,",nawa' ñinanlu'nenna' a'llupitununtekchuna' itullima tanpen muda'.,U02734,G02509,hard,0.5066884160041809,0.4563887119293213,0.05029970407485962,32
U00828,G00704,soy egoísta.,kuakeksa' lli'inupalek,ukapisu' ñapalek,U00215,G00167,hard,0.5922338366508484,0.5398196578025818,0.0524141788482666,51
U02547,G02322,aquí está el árbol inclinado. ¡detengámonos!,ma'atasu' nala inner'apalli. ¡wanera!,unkuenñan pek kua'palli. ¡llisanala nu'tu'ku'!,U03069,G02844,hard,0.7248643040657043,0.6156215667724609,0.10924273729324341,2
U02547,G02322,aquí está el árbol inclinado. ¡detengámonos!,ma'atasu' nala inner'apalli. ¡wanera!,"- ¡nu'ku' nu'pachi kenmama', pur'unta'ku'!",U02741,G02516,medium,0.7248643040657043,0.5564306378364563,0.16843366622924805,4
U02677,G02452,"¿qué tipo de hombre es este, arákayu? dijeron los pobladores.",¿ma'pu'lusa' asu' muda' ñan i'na asu' arakayu u'lli? tullini'ma nana ñinanlu'wanlusa'.,- ¿asu' ma'nen samer a'cha? itullina'.,U02653,G02428,hard,0.711958646774292,0.596314549446106,0.11564409732818604,2
U02677,G02452,"¿qué tipo de hombre es este, arákayu? dijeron los pobladores.",¿ma'pu'lusa' asu' muda' ñan i'na asu' arakayu u'lli? tullini'ma nana ñinanlu'wanlusa'.,- ¿ma'dek a'cha asu'? itullini'mi'na'.,U02598,G02373,medium,0.711958646774292,0.5546448826789856,0.1573137640953064,3
U02755,G02530,esas cochas se secaron.,nana sennanlusa' enñi.,ma'i silutulusa' dunkerllina'.,U03075,G02850,hard,0.5919369459152222,0.5344577431678772,0.05747920274734497,7
U02755,G02530,esas cochas se secaron.,nana sennanlusa' enñi.,samellusa' iñer wetlli.,U02785,G02560,medium,0.5919369459152222,0.4414742588996887,0.15046268701553345,24
U00801,G01817,me despidieron.,usu'lliner'ku,enka'lliner'ku,U00322,G00257,hard,0.6330103278160095,0.5570696592330933,0.07594066858291626,5
U00801,G01817,me despidieron.,usu'lliner'ku,inmusha'llina',U00897,G00768,medium,0.6330103278160095,0.48067089915275574,0.15233942866325378,17
U02033,G01817,fui despedido.,usu'lliner'ku,u'chimuñapalek,U00192,G00147,hard,0.5818867087364197,0.5309001803398132,0.050986528396606445,45
U02960,G02735,"en lo que estaban llevando, encontraron al tigre negro.",uk'apinlencha'ni'ma kelluluñiñi' kanañina'.,"peklu'dekllima, intekdudui'su' samellusa' yunsu'lli.",U02608,G02383,hard,0.5174463391304016,0.4636545777320862,0.05379176139831543,12
U01239,G01078,los amamos.,tanten'ñidek,kuda wa'tentulidek,U00449,G00365,hard,0.49356910586357117,0.4433363974094391,0.05023270845413208,34
U00095,G00065,soy viejo.,taserpiku,kadulunsu' ñapalek,U01111,G00968,hard,0.5974218249320984,0.5451505184173584,0.05227130651473999,45
U02973,G02748,cuentan que cando llegaron a moyobamba los que hablaban en lengua inca los quisieron matar.,"ektu'sik ima muyunpak, nana inka' la'la' lunlusa'ler ima, yadi'tudeklli.",wichi'a'ser ima tekkinchi lansi' wa'dan uk'an iñer ima laki'kerdeklli.,U02893,G02668,hard,0.4899056553840637,0.4389459490776062,0.05095970630645752,43
U00431,G00348,perdieron.,kana'chi'ñina',lansa'llina',U00893,G00765,hard,0.6061988472938538,0.5545456409454346,0.05165320634841919,34
U02517,G02292,"luego de hacer eso, dijeron pesquemos mañana.",nu'anna' eklli pur'awa' tullini'ma.,nanek ima nu'unta' ipa' wa'latapallina'.,U02902,G02677,hard,0.5885829925537109,0.5364002585411072,0.05218273401260376,4
U02517,G02292,"luego de hacer eso, dijeron pesquemos mañana.",nu'anna' eklli pur'awa' tullini'ma.,nu'an asu' kekkilu'tek yunsu'lli ya'lli'minmu'wa' yapekkiwantanminmu'wa',U02900,G02675,medium,0.5885829925537109,0.43815210461616516,0.15043088793754578,40
U01143,G00996,déjalo ir.,ta'ituler' pa'i,ta'iter' a'mercha,U00394,G00319,hard,0.5710108876228333,0.5174940824508667,0.05351680517196655,2
U01143,G00996,déjalo ir.,ta'ituler' pa'i,pilli'ter',U00286,G00329,medium,0.5710108876228333,0.4179237484931946,0.15308713912963867,24
U01973,G01762,¿le conoce?,¿luwer'chapalli?,¿luwer'chapalek?,U01341,G01169,hard,0.6434123516082764,0.5914395451545715,0.051972806453704834,22
U02779,G02554,por eso estamos sufriendo.,nu'ak kua' insekluten'apalekwa'.,a'ñapallidek dudimpu' nu'ta'kawa'su',U00696,G00583,hard,0.6557472348213196,0.5669680833816528,0.08877915143966675,3
U02779,G02554,por eso estamos sufriendo.,nu'ak kua' insekluten'apalekwa'.,nana nu'amudek ukllidek itullini'ma.,U02980,G02755,medium,0.6557472348213196,0.4924110472202301,0.16333618760108948,5
U00370,G00301,se terminó.,ta'wan'tulli,tumu'lli,U00968,G00834,hard,0.7383131980895996,0.6507948637008667,0.08751833438873291,8
U00370,G00301,se terminó.,ta'wan'tulli,yapa'lli,U01702,G01505,medium,0.7383131980895996,0.5880895256996155,0.15022367238998413,16
U02001,G01787,me resfrié.,iluwinek,kua lamapu'lek,U00544,G00450,hard,0.6331658959388733,0.5796694159507751,0.053496479988098145,34
U02246,G02021,está inconsciente.,inlli'inuinsu' ñapalli,tekdiperpi ñapalli,U01485,G01303,hard,0.6507449150085449,0.5912420749664307,0.05950284004211426,20
U02274,G02049,con mi yerno ambos son de buen corazón.,mikekweklek i'la we'chimu1 mukankanlusa'.,sellawa kualer a'uk'apencha'deklek.,U02670,G02445,hard,0.5224049687385559,0.4720611274242401,0.050343841314315796,12
U02818,G02593,allí dice vivía una ballena.,nanek ima lanla' ñilli.,ipa'la a'pinta' kupin ukta lli'tapi'ñi.,U02365,G02140,hard,0.6097832918167114,0.5260775089263916,0.08370578289031982,7
U02818,G02593,allí dice vivía una ballena.,nanek ima lanla' ñilli.,nu'sui'ma asu' panpadek uksu'ketchulli.,U02578,G02353,medium,0.6097832918167114,0.45432594418525696,0.15545734763145447,32
U02698,G02473,todos (los animales) que crío me los llevaré al ucayali,iñer pektawawek ekpantetchek ukayerlupa',"kua asu' senñula' a'lunpallun,",U02478,G02253,hard,0.5154931545257568,0.4481254518032074,0.06736770272254944,6
U02698,G02473,todos (los animales) que crío me los llevaré al ucayali,iñer pektawawek ekpantetchek ukayerlupa',asu' u'su kua pektawapalek.,U02650,G02425,medium,0.5154931545257568,0.3642229735851288,0.15127018094062805,31
U02137,G01917,estaban equivocados.,ñapawiñina' pektunsu',musu' ñapawiñina',U01923,G01714,hard,0.690091609954834,0.6350995302200317,0.054992079734802246,6
U02137,G01917,estaban equivocados.,ñapawiñina' pektunsu',iñer' kana'tullina',U01353,G01180,medium,0.690091609954834,0.5361089110374451,0.15398269891738892,31
U00574,G00478,¿está bueno?,¿mupallin'cha?,¿wichisu'a'cha?,U01784,G01583,hard,0.6407217979431152,0.5856404304504395,0.05508136749267578,17
U01332,G01160,¿puedo abrazarte?,¿yennitulek wiperi'a'kik?,¿yennitulama katupa'a'muk?,U01955,G01745,hard,0.5781515836715698,0.5179105997085571,0.060240983963012695,30
U01332,G01160,¿puedo abrazarte?,¿yennitulek wiperi'a'kik?,¿empu'dun pichiapala?,U02248,G02023,medium,0.5781515836715698,0.42477715015411377,0.15337443351745605,50
U03019,G02794,así seguía hasta que trajeron por acá (por jeberos) mujeres adineradas.,nu'apileklima kencha'llina' inalupa' ku'apellusa' kullikerwanlusa'.,lli'an ima apu'tekku' enpu'nipa' yupilerkasu'tekka'lli insekkitulli wicha'pek.,U03077,G02852,hard,0.4529719650745392,0.4021714925765991,0.050800472497940063,50
U00761,G00640,¡aquí estamos!,¡asek ñapallidek!,¡pilli'pi ñapalekwa'!,U01590,G01401,hard,0.7381832599639893,0.6874767541885376,0.05070650577545166,2
U00761,G00640,¡aquí estamos!,¡asek ñapallidek!,¡nanek ñapalli!,U00890,G00762,medium,0.7381832599639893,0.5739480257034302,0.16423523426055908,3
U00267,G00213,vigílame.,luwuk'tu'u,kaluitu'u,U00735,G00615,hard,0.6446571946144104,0.5880628228187561,0.0565943717956543,28
U03121,G02896,"yo soy viejo, tengo setenta años ya.","nu'amudek i'na kua taserpiku' nuka'ka, kui'na kanchis shunka' ekkilalawantulek ipa'.","kui'na apulli'ku, kwina', ma'i, tananmuda'ku.",U03171,G02946,hard,0.4058775305747986,0.35540056228637695,0.05047696828842163,42
U00658,G00548,tom ayudó.,tom katu'pa'tulli,tom saka'tulli,U00671,G00561,hard,0.8536190390586853,0.7979333400726318,0.05568569898605347,2
U00658,G00548,tom ayudó.,tom katu'pa'tulli,tom lli'inutulli,U01875,G01669,medium,0.8536190390586853,0.7009430527687073,0.15267598628997803,26
U01223,G01063,tom tartamudea.,tom musu' lunpi'ñi,tom uk'lli,U00253,G00200,hard,0.7622604966163635,0.7101194262504578,0.05214107036590576,49
U01224,G01063,tom balbucea.,tom musu' lunpi'ñi,tom panwilek'techu,U00676,G00566,hard,0.7704365253448486,0.7203022837638855,0.050134241580963135,50
U02791,G02566,nos decían ¿qué quieren escuchar ustedes?,itullinerkudek ¿ma'nen i'na kenmama' yalauklama'?,¿wilaweklusa' ma'nen i'na a'ka'dek'etchek? tanna'.,U02800,G02575,hard,0.6868830919265747,0.6234696507453918,0.06341344118118286,4
U02791,G02566,nos decían ¿qué quieren escuchar ustedes?,itullinerkudek ¿ma'nen i'na kenmama' yalauklama'?,¿napi'lanlek a'ta' na'wa' saka'tukellina'?.,U03142,G02917,medium,0.6868830919265747,0.5202165246009827,0.16666656732559204,14
U03061,G02836,"les voy a dar de beber la chicha punta, su espuma les voy a dar de beber.","a'urkenma' uklupidek, dinpunen a'urkenma'.",ta'ser kuanta' taserpiku'lusa' laukdeklek du'amu weilan.,U02789,G02564,hard,0.6455896496772766,0.5268120765686035,0.1187775731086731,2
U03061,G02836,"les voy a dar de beber la chicha punta, su espuma les voy a dar de beber.","a'urkenma' uklupidek, dinpunen a'urkenma'.","ukluka'sik, ali'lak kupin uktak pekdu'a'kasu' upellek.",U02364,G02139,medium,0.6455896496772766,0.4924623668193817,0.1531272828578949,4
U00532,G00662,me gustó.,tantenwinek,lli'echek,U01446,G01264,hard,0.588104784488678,0.5350657105445862,0.0530390739440918,27
U02646,G02421,"vino la gamitana,","dunanser uklli,","nanek wetlli,",U02723,G02498,hard,0.6757264137268066,0.6224253177642822,0.053301095962524414,7
U02646,G02421,"vino la gamitana,","dunanser uklli,","shidek enñi,",U02711,G02486,medium,0.6757264137268066,0.5185314416885376,0.15719497203826904,15
U00904,G00775,ellos gritaron.,nawa lamapu'llina',nawa' inllipu'iteklatullina',U01855,G01649,hard,0.6462373733520508,0.5929288268089294,0.05330854654312134,7
U00904,G00775,ellos gritaron.,nawa lamapu'llina',chi'yek llina',U01196,G01037,medium,0.6462373733520508,0.49534180760383606,0.15089556574821472,41
U02368,G02143,"se sigue trasladando el líquido, se sigue vaciando (la yuca disuelta).","uper'apilalek, uper'apilalek.",itudek'an ima a'da'dekan ima itudeklli.,U03062,G02837,hard,0.47454777359962463,0.4239860773086548,0.05056169629096985,7
U02368,G02143,"se sigue trasladando el líquido, se sigue vaciando (la yuca disuelta).","uper'apilalek, uper'apilalek.","tanni'ma di'ser'itullina' tanpu'nen, pideknen.",U02683,G02458,medium,0.47454777359962463,0.32099390029907227,0.15355387330055237,32
U01066,G00925,no mentí.,tumui'nek,manennu'tapi'nek,U00779,G00656,hard,0.6535690426826477,0.5966416597366333,0.056927382946014404,15
U01066,G00925,no mentí.,tumui'nek,ñinchitapalek lun'ak,U00518,G00429,medium,0.6535690426826477,0.5024482607841492,0.15112078189849854,49
U00325,G00260,lo sabía.,ñinchituwinek',yaintekllitulek,U01747,G01549,hard,0.5371227860450745,0.4806225299835205,0.056500256061553955,19
U02074,G01857,es imposible.,yiennichi'nek,insek'kita'kasu'ñapalli,U00787,G00664,hard,0.532459020614624,0.4818643629550934,0.05059465765953064,37
U01302,G01133,estás cansado.,saka'tusu' ñapala,inapiken nuka'ma,U01639,G01449,hard,0.5401628017425537,0.4856356382369995,0.0545271635055542,20
U01330,G01158,¿puedo entrar?,¿yennitulek da'ak?,¿yennitulek lli'ak?,U01513,G01328,hard,0.6902532577514648,0.639558732509613,0.05069452524185181,9
U01330,G01158,¿puedo entrar?,¿yennitulek da'ak?,¿enñupa'cha ñapalek?,U00704,G00590,medium,0.6902532577514648,0.5341672897338867,0.15608596801757812,19
U01058,G01813,quiero saberlo.,yañinchitulek,yaintekllitulek,U01747,G01549,hard,0.704738974571228,0.5937593579292297,0.11097961664199829,6
U01058,G01813,quiero saberlo.,yañinchitulek,luwantudek'lek,U00790,G00667,medium,0.704738974571228,0.5473991632461548,0.15733981132507324,15
U02029,G01813,quiero aprender.,yañinchitulek,yakana'lek,U01424,G01244,hard,0.6944511532783508,0.641925573348999,0.05252557992935181,6
U02029,G01813,quiero aprender.,yañinchitulek,inanpilechek,U01772,G01572,medium,0.6944511532783508,0.5443044900894165,0.15014666318893433,25
U00150,G00110,¡piérdete!,¡wer'ker'!,¡ta'tu'la'ku!,U00594,G00494,hard,0.6879633069038391,0.6219278573989868,0.0660354495048523,29
U01342,G01170,¿te conozco?,¿luwer'chapallien?,¿naektu'kellia?,U00718,G00602,hard,0.6375154256820679,0.583396315574646,0.054119110107421875,14
U01342,G01170,¿te conozco?,¿luwer'chapallien?,¿lli'la?,U01668,G01475,medium,0.6375154256820679,0.4872000515460968,0.15031537413597107,45
U02142,G01922,son correctos.,tekinchilusa' nuker'ka,musu' sekaper'llinerku,U01756,G01558,hard,0.4642629027366638,0.4121081531047821,0.052154749631881714,31
U02377,G02152,la mía también icáramela.,kuanta' uklupidekwek pekkuituu.,enta'ten i'na lunterkenma'.,U02394,G02169,hard,0.5461275577545166,0.4937693774700165,0.05235818028450012,16
U02377,G02152,la mía también icáramela.,kuanta' uklupidekwek pekkuituu.,nu'ak kua' insekluten'apalekwa'.,U02779,G02554,medium,0.5461275577545166,0.3934101462364197,0.15271741151809692,51
U00013,G00010,¡espera!,¡wa'ten'ker'!,¡paker'!,U00067,G00051,hard,0.6261650919914246,0.5757182240486145,0.05044686794281006,13
U00013,G00010,¡espera!,¡wa'ten'ker'!,¡si'lentapala!,U01637,G01447,medium,0.6261650919914246,0.47605207562446594,0.15011301636695862,45
U00717,G01141,¿estás enfadado?,¿yusu' ñapala?,¿si'lentapala?,U01648,G01457,hard,0.712358832359314,0.661375880241394,0.05098295211791992,18
U00717,G01141,¿estás enfadado?,¿yusu' ñapala?,¿tupitechunku?,U01348,G01175,medium,0.712358832359314,0.5621243715286255,0.15023446083068848,49
U01310,G01141,¿estás enojada?,¿yusu' ñapala?,¿musu' ñapala?,U01316,G01145,hard,0.6939634084701538,0.6434502005577087,0.05051320791244507,16
U00347,G00278,estoy listo.,insek'diperpi ñapalek,ñapalek da'iyasu',U01776,G01575,hard,0.6371145844459534,0.5851131677627563,0.05200141668319702,10
U00795,G00672,huelo gas.,lanerapalek gas,ulek wayusa',U01719,G01522,medium,0.687770426273346,0.487186998128891,0.20058342814445496,2
U01092,G00951,volveré.,adenche'chek,dei'techek,U01439,G01258,hard,0.6439328193664551,0.5792731046676636,0.0646597146987915,5
U00719,G00603,como quieras.,kenma luwanta'masu'pu'su',musu' sek'kaperechuner'ken,U01344,G01172,hard,0.3602430522441864,0.29874345660209656,0.061499595642089844,12
U00373,G00304,es verdad.,tekkinchi nuka'a,mukankaninpu',U01854,G01648,hard,0.5612778067588806,0.501813530921936,0.05946427583694458,21
U00373,G00304,es verdad.,tekkinchi nuka'a,nanasa',U02059,G01842,medium,0.5612778067588806,0.40767309069633484,0.15360471606254578,42
U02823,G02598,dicen que todas estas cosas arákayu enojándose nos ha dejado al irse.,nanadaper ima'ka arakayu yun pa'lapinantullinerkudek.,laukdekllidek lu'rnkasu' nana asu' muyunpa inchilala nu'ter'kasu'.,U03045,G02820,hard,0.6327629089355469,0.5319774150848389,0.10078549385070801,4
U02823,G02598,dicen que todas estas cosas arákayu enojándose nos ha dejado al irse.,nanadaper ima'ka arakayu yun pa'lapinantullinerkudek.,nawi'na wintapanta'llinerku ma'pu'si'pa mitan nakulama' tullima arakayu.,U02671,G02446,medium,0.6327629089355469,0.48242056369781494,0.15034234523773193,10
U03098,G02873,se desprecian hasta la actualidad.,inluyupallina'pi'la ipa'la walek.,nu'su' nanpillina' napi'.,U03101,G02876,hard,0.5306093692779541,0.48030203580856323,0.05030733346939087,9
U03098,G02873,se desprecian hasta la actualidad.,inluyupallina'pi'la ipa'la walek.,tupituku' inpalerianma',U02087,G01869,medium,0.5306093692779541,0.37945646047592163,0.15115290880203247,37
U00949,G00817,somos jóvenes.,nadi'nek nuka'kawa',inapi ñapallidek,U02178,G01958,hard,0.5890620946884155,0.5339680910110474,0.055094003677368164,19
U00465,G00380,estate contento.,ñapaker' musu'kankantusu',empu'ni yaluntama',U00140,G00101,hard,0.44746503233909607,0.38700637221336365,0.06045866012573242,9
U00270,G00216,iremos.,pa'aterwa',ek'ker'chawa',U01509,G01324,hard,0.6934480667114258,0.6310773491859436,0.06237071752548218,5
U00270,G00216,iremos.,pa'aterwa',pa'inpu'wa',U01150,G01003,medium,0.6934480667114258,0.5410323739051819,0.1524156928062439,15
U02750,G02525,la mata-mata salió....,mapapa' yunsu'lli.....,"damer'ita yunsu'lli,",U02749,G02524,medium,0.7936270236968994,0.5097457766532898,0.2838812470436096,2
U01959,G01749,defiéndete.,inlu'ukter',tupi'tu'u,U00302,G00241,hard,0.5958084464073181,0.5457225441932678,0.05008590221405029,12
U01371,G01196,camina rápido.,wiu'su' dekunter',ta'iter' a'mercha,U00394,G00319,hard,0.48365798592567444,0.4290255904197693,0.05463239550590515,34
U02023,G01808,estudio inglés.,alek'apalliner'ku ingles,llinsercher' kerka'lusa',U01992,G01778,medium,0.6413546800613403,0.4123880863189697,0.2289665937423706,2
U02060,G01843,tuve suficiente.,a'ñiwinek nanasa',tantenwinek,U00785,G00662,hard,0.40034055709838867,0.35015323758125305,0.05018731951713562,34
U02588,G02363,"¡vengan pues (caramba me alegra) hermanos mayores, hermanos menores! ¿a dónde van?","- ¡uku' chai alli'shalusa', yalli'walusa'! ¿enñupa' a'cha pa'apilalama'?","!paku', adanta'ku'! itudekllini'ma'.",U02529,G02304,hard,0.6874070763587952,0.5511717200279236,0.13623535633087158,3
U02588,G02363,"¡vengan pues (caramba me alegra) hermanos mayores, hermanos menores! ¿a dónde van?","- ¡uku' chai alli'shalusa', yalli'walusa'! ¿enñupa' a'cha pa'apilalama'?",ali'la taserpima tununta'llin pitan ¡ma'sha aner yatek kuatama'! ¿kenmu'shasa' a'ta' pa'aterwa'?,U02849,G02624,medium,0.6874070763587952,0.5309325456619263,0.1564745306968689,5
U02365,G02140,ahora ya no se ven las ollas grandes de barro.,ipa'la a'pinta' kupin ukta lli'tapi'ñi.,ipa'la walek kuda laukta'kudeksu' ñinchitapallidek.,U02802,G02577,hard,0.5721746683120728,0.5105181932449341,0.06165647506713867,2
U02365,G02140,ahora ya no se ven las ollas grandes de barro.,ipa'la a'pinta' kupin ukta lli'tapi'ñi.,nu'pachi munu'tawa' nananta' munu'ta'kudik tullima ala'sa' taserpi.,U02626,G02401,medium,0.5721746683120728,0.4209088087081909,0.15126585960388184,19
U01033,G00894,dame eso.,enka'u nana,a'lli'u nana,U01174,G01022,hard,0.6424148082733154,0.5914264917373657,0.05098831653594971,25
U01033,G00894,dame eso.,enka'u nana,nu'wanker' asek,U01662,G01469,medium,0.6424148082733154,0.4848921000957489,0.15752270817756653,48
U01902,G01696,¡buen pensamiento!,¡u'chimu lli'inu!,¡u'chimu!,U00251,G00198,hard,0.5963210463523865,0.5415716171264648,0.05474942922592163,14
U01902,G01696,¡buen pensamiento!,¡u'chimu lli'inu!,¡luntuu!,U00632,G00527,medium,0.5963210463523865,0.4432056248188019,0.1531154215335846,51
U00549,G00455,¡quiero uno!,ala'sa' luantulek,a'lli'u nana,U01174,G01022,hard,0.45596641302108765,0.4052991271018982,0.05066728591918945,35
U00550,G00455,¡quiero una!,ala'sa' luantulek,¡sek'tek'lliu!,U01370,G01195,hard,0.45886561274528503,0.4065786302089691,0.05228698253631592,30
U02868,G02643,"cuando le contemos el viejo va a decir,","nana wintupatekwa' nana tetchu,","iñerdaper yu'nkellapilli,",U02744,G02519,hard,0.5813948512077332,0.5268802046775818,0.05451464653015137,17
U02685,G02460,arriba en el cielo dice estaban dando vueltas.,musenkek kekkilu'tek ima kunekchapallina'.,ma'i silutulusa' dunkerllina'.,U03075,G02850,hard,0.5930313467979431,0.5426017045974731,0.05042964220046997,5
U02685,G02460,arriba en el cielo dice estaban dando vueltas.,musenkek kekkilu'tek ima kunekchapallina'.,ipa'linchi itudeklli asi'na anaka'llina'.,U02922,G02697,medium,0.5930313467979431,0.4424178898334503,0.1506134569644928,31
U00687,G00575,lo hicimos.,nu'tulek'wa',a'ta'wantullidek,U00697,G00584,hard,0.6405651569366455,0.5800418853759766,0.060523271560668945,4
U00687,G00575,lo hicimos.,nu'tulek'wa',si'lentapawiñidek,U01887,G01681,medium,0.6405651569366455,0.4889797270298004,0.1515854299068451,19
U00697,G00584,terminamos.,a'ta'wantullidek,dek'kuntawa',U00610,G00506,hard,0.562110960483551,0.5099260807037354,0.052184879779815674,35
U00239,G00189,¿puedo ir?,¿yen'nitulek pa'ak?,¿yennitulek ek'llia'ak?,U01334,G01162,hard,0.7296561002731323,0.6795595288276672,0.05009657144546509,7
U00239,G00189,¿puedo ir?,¿yen'nitulek pa'ak?,¿pa'echek'ata'?,U00879,G00751,medium,0.7296561002731323,0.5711446404457092,0.1585114598274231,16
U02238,G02013,explícamelo.,musu' wintu'u,latekllien,U01710,G01513,hard,0.5816663503646851,0.5296363234519958,0.05203002691268921,38
U01836,G01632,demuéstramelo.,a'lli'u,katu'pa'u,U00078,G01152,hard,0.6428558230400085,0.5924322009086609,0.050423622131347656,21
U01836,G01632,demuéstramelo.,a'lli'u,luyullien,U00525,G00435,medium,0.6428558230400085,0.49042588472366333,0.15242993831634521,40
U00297,G00236,¡no llores!,¡yawellekta!,¡inapiku!,U00197,G00152,hard,0.7468677163124084,0.6765249371528625,0.0703427791595459,4
U00297,G00236,¡no llores!,¡yawellekta!,¡latek'i'nek!,U01848,G01643,medium,0.7468677163124084,0.5875824093818665,0.159285306930542,8
U00528,G00438,la conozco.,luwer'chapalek,utrinwanpalek,U01729,G01531,hard,0.6057912707328796,0.5553103685379028,0.05048090219497681,18
U00529,G00438,lo conozco.,luwer'chapalek,latekdeklek,U01391,G01215,hard,0.6380795836448669,0.586490273475647,0.05158931016921997,13
U02174,G01954,éramos amigos.,ekuanñiwiñidek,wadanpintek nuka'kawa',U01894,G01688,hard,0.6582338213920593,0.604141116142273,0.05409270524978638,5
U02174,G01954,éramos amigos.,ekuanñiwiñidek,inlu'uk'tutek nuka'kawa',U01896,G01690,medium,0.6582338213920593,0.506172776222229,0.15206104516983032,29
U01153,G01006,"continúa, tom.","tupiter', tom",wiuk'er' tom,U01382,G01207,hard,0.8058975338935852,0.68514084815979,0.12075668573379517,3
U01153,G01006,"continúa, tom.","tupiter', tom",tom pa'echu,U00441,G00358,medium,0.8058975338935852,0.6416240930557251,0.1642734408378601,5
U01154,G01006,"prosigue, tom.","tupiter', tom",wiuk'er' tom,U01382,G01207,hard,0.8357787728309631,0.7605676651000977,0.07521110773086548,3
U01154,G01006,"prosigue, tom.","tupiter', tom",wa'tenker' tom,U01037,G00898,medium,0.8357787728309631,0.6655240654945374,0.17025470733642578,4
U00841,G00717,fue fácil.,saka'dekinpu' ñiwiñi,u'chimu'ñiwiñi,U02071,G01854,hard,0.5541067719459534,0.4724684953689575,0.08163827657699585,2
U00841,G00717,fue fácil.,saka'dekinpu' ñiwiñi,a'pinta' luwantulli,U01372,G01197,medium,0.5541067719459534,0.40106987953186035,0.15303689241409302,12
U01567,G01378,fuimos robados.,ape'chuwiñiner'kudek,kulliker'wi'ñidek,U00700,G00586,hard,0.6995397806167603,0.6477800011634827,0.05175977945327759,10
U01567,G01378,fuimos robados.,ape'chuwiñiner'kudek,sipuk'ñapallidek,U02182,G01962,medium,0.6995397806167603,0.549129068851471,0.1504107117652893,38
U02014,G01799,debo ayudarlo.,katu'pa'a'kasu' ñapalli,adanta'a'kasu' ñapalli,U01732,G01534,hard,0.6266544461250305,0.5749775767326355,0.05167686939239502,3
U02014,G01799,debo ayudarlo.,katu'pa'a'kasu' ñapalli,saka'techu empu'nipa,U01630,G01441,medium,0.6266544461250305,0.470257431268692,0.1563970148563385,13
U02178,G01958,estamos disponibles.,inapi ñapallidek,nakusu' muin'su' ñapallidek,U01563,G01374,hard,0.6552698612213135,0.6048130393028259,0.05045682191848755,19
U02140,G01920,responderán.,na'pitechuna',panper'echuna',U01865,G01659,hard,0.5571902394294739,0.45119816064834595,0.10599207878112793,4
U02140,G01920,responderán.,na'pitechuna',latektullina',U00898,G00769,medium,0.5571902394294739,0.406058669090271,0.15113157033920288,10
U00056,G00045,llámanos.,peklu'udek,tupi'tu'udek,U00303,G00242,hard,0.6002970337867737,0.5490520596504211,0.05124497413635254,12
U00479,G00393,¡ven rápido!,¡wencher' wiuksu'!,¡tenmiansu'wa'!,U00852,G00728,hard,0.5723918080329895,0.520424485206604,0.0519673228263855,23
U00480,G00393,¡vení rápido!,¡wencher' wiuksu'!,¡wanerku' enmu'pinenpu'su'!,U03067,G02842,hard,0.6148926019668579,0.5645700693130493,0.050322532653808594,17
U00480,G00393,¡vení rápido!,¡wencher' wiuksu'!,¡luwantulek katu'pa'!,U00789,G00666,medium,0.6148926019668579,0.46452948451042175,0.15036311745643616,51
U02453,G02228,por eso estoy sentada.,nu'amu du'apalek.,ipa'la'ka enpi'pu'sha dekkunchi'nchek.,U02472,G02247,hard,0.6214542388916016,0.5687291026115417,0.052725136280059814,6
U02453,G02228,por eso estoy sentada.,nu'amu du'apalek.,nu'sik upetchununta'lek deklek.,U02370,G02145,medium,0.6214542388916016,0.46987903118133545,0.1515752077102661,26
U02529,G02304,"¡váyanse, regrésense por donde vinieron!.","!paku', adanta'ku'! itudekllini'ma'.",¡enchuku' pa'awa'! nupullini'ma ñinanluklan.,U02658,G02433,hard,0.6308741569519043,0.5468098521232605,0.0840643048286438,3
U02529,G02304,"¡váyanse, regrésense por donde vinieron!.","!paku', adanta'ku'! itudekllini'ma'.","lauk'apetchuma', ipa'la u'etchu. ¡idenmaku'la'!",U02936,G02711,medium,0.6308741569519043,0.463838130235672,0.1670360267162323,9
U01347,G01174,hazlo conmigo.,kualek nu'ter',dek'kunter' kualek,U01233,G01072,hard,0.5508913993835449,0.4970894157886505,0.05380198359489441,27
U00244,G00193,mes.,duker,damula,U00063,G00048,hard,0.5497869253158569,0.4978695213794708,0.05191740393638611,11
U00245,G00193,luna,duker,ekter,U00153,G00112,hard,0.5041948556900024,0.414091557264328,0.09010329842567444,9
U00245,G00193,luna,duker,luantullien,U00535,G00441,medium,0.5041948556900024,0.3462778925895691,0.15791696310043335,15
U00205,G00158,soy malo. (maldad),mukankainpu' nuka'ka,weilunsu' nuka'ka,U00093,G00277,hard,0.591910183429718,0.5414672493934631,0.05044293403625488,22
U01262,G01098,¿quién empieza?,¿den tenmian'su'lli?,¿den inllipu'iteklatulli?,U00963,G00829,hard,0.5778905749320984,0.5238779783248901,0.05401259660720825,18
U01263,G01098,¿quién parte?,¿den tenmian'su'lli?,¿den uk'lli?,U00274,G00220,hard,0.5760107040405273,0.5241782069206238,0.051832497119903564,27
U00585,G00486,está vivo.,nanpipalli,nantapi'na,U00981,G00845,hard,0.738872766494751,0.6741193532943726,0.06475341320037842,2
U00585,G00486,está vivo.,nanpipalli,yanantapita,U01682,G01487,medium,0.738872766494751,0.5854295492172241,0.15344321727752686,6
U02566,G02341,por eso los sobrevivientes dijeron:,nana malek dansu'lusa' tullina':,luwetchi'ñina' asu' kupin samellusa':,U02783,G02558,hard,0.7065847516059875,0.6497279405593872,0.05685681104660034,6
U02566,G02341,por eso los sobrevivientes dijeron:,nana malek dansu'lusa' tullina':,"nana asu' ishpaña la'la'lunlusa' lliketchudeknanta'ser,",U03106,G02881,medium,0.7065847516059875,0.5462051630020142,0.1603795886039734,18
U00065,G00051,¡largo!,¡paker'!,¡ta'ituler'!,U00012,G00009,hard,0.6361291408538818,0.5831641554832458,0.052964985370635986,28
U00065,G00051,¡largo!,¡paker'!,lliya'lek',U00184,G00140,medium,0.6361291408538818,0.4811783730983734,0.15495076775550842,49
U00067,G00051,¡vete ya!,¡paker'!,¡mupalli!,U00103,G00072,hard,0.5795548558235168,0.5284430980682373,0.05111175775527954,28
U01393,G01217,puedo sentirlo.,yennitulek lauk'ak,iyatulek ñinchitak,U02012,G01797,hard,0.575091540813446,0.5235322713851929,0.051559269428253174,10
U01393,G01217,puedo sentirlo.,yennitulek lauk'ak,yennitulek katu'pa'a'kik,U01713,G01516,medium,0.575091540813446,0.4242374300956726,0.15085411071777344,30
U02764,G02539,eso exclamó y nos maldijo este arákayu.,tan ima pillekllenmu'wa' asu' arakayu.,nu'an ima ipa'linchi arakayu yulli.,U02691,G02466,hard,0.6356164813041687,0.5722196698188782,0.06339681148529053,3
U02764,G02539,eso exclamó y nos maldijo este arákayu.,tan ima pillekllenmu'wa' asu' arakayu.,arakayu ima lanla' akun yunsu'lli.,U02819,G02594,medium,0.6356164813041687,0.47584936022758484,0.15976712107658386,21
U01654,G01462,¿puedo verlos?,¿yennitulek lli'dek'ak?,¿yennitulek lata'ak?,U01948,G01738,hard,0.7360338568687439,0.6624379754066467,0.07359588146209717,3
U01654,G01462,¿puedo verlos?,¿yennitulek lli'dek'ak?,¿yennitulek pilli'tak?,U01336,G01164,medium,0.7360338568687439,0.5853493809700012,0.15068447589874268,13
U01041,G01179,come algo.,kaker' ma'pinta',paker' ipa'la,U00381,G00310,hard,0.5050097107887268,0.4509429931640625,0.05406671762466431,9
U01352,G01179,come algo.,ma'shapin'ta ka'ker',llia'ker nanek,U01920,G01711,hard,0.4310717284679413,0.37737610936164856,0.053695619106292725,44
U01367,G01192,está leyendo.,lunta'palli,luntaper'i'la,U01135,G00988,hard,0.6973530650138855,0.6294383406639099,0.06791472434997559,2
U01367,G01192,está leyendo.,lunta'palli,nanpipalli,U00585,G00486,medium,0.6973530650138855,0.5471534132957458,0.15019965171813965,10
U00888,G00760,eso ayudó.,nana katu'pa'tulli,nana katu'patulli,U00220,G00172,hard,0.7443328499794006,0.6776425838470459,0.06669026613235474,2
U00888,G00760,eso ayudó.,nana katu'pa'tulli,nana katu'pa'techu,U01190,G01033,medium,0.7443328499794006,0.583955705165863,0.1603771448135376,3
U00470,G00385,¿puedo ayudar?,¿yennitechek katu'pa'tak?,¿yennitulek a'ñak?,U01331,G01159,hard,0.7803812623023987,0.7284197807312012,0.05196148157119751,5
U00470,G00385,¿puedo ayudar?,¿yennitechek katu'pa'tak?,¿yennitulama katupa'a'muk?,U01955,G01745,medium,0.7803812623023987,0.6272411942481995,0.15314006805419922,14
U02373,G02148,cuando todo está mascado y enfriado,"iñer ka'latak saneksik,","mukankinpu'lusa' uksu'ketchina',",U02731,G02506,hard,0.38285958766937256,0.32905617356300354,0.05380341410636902,9
U02373,G02148,cuando todo está mascado y enfriado,"iñer ka'latak saneksik,",makek saka'tapi'nek,U01775,G01574,medium,0.38285958766937256,0.23163214325904846,0.1512274444103241,50
U01272,G01107,lo heriste.,llipu'tula,tandenñiden,U00934,G00803,hard,0.5051247477531433,0.4526148736476898,0.05250987410545349,21
U02205,G01982,puedes decírnoslo.,yennitula winta'mudek,yennitulekwa' nu'tak,U01234,G01073,hard,0.5647531151771545,0.49601325392723083,0.0687398612499237,4
U02205,G01982,puedes decírnoslo.,yennitula winta'mudek,¿yennitullina lli'er'kenmuak?,U01949,G01739,medium,0.5647531151771545,0.41353803873062134,0.1512150764465332,15
U00987,G00851,¿estás libre?,¿inapi ñapala?,¿asek nanpipalama'?,U02236,G02011,hard,0.6536722183227539,0.6024147272109985,0.05125749111175537,41
U02936,G02711,van a escuchar (ruido) y en ese momento va a venir. ¡peleen!,"lauk'apetchuma', ipa'la u'etchu. ¡idenmaku'la'!",enta' winterkenma'. ¡lawekku'!,U03055,G02830,medium,0.7499499320983887,0.5926835536956787,0.15726637840270996,2
U00844,G00720,todo bien.,iñer musu',imanan,U00563,G00467,hard,0.4768028259277344,0.39037424325942993,0.08642858266830444,10
U00844,G00720,todo bien.,iñer musu',iyalli,U00309,G00300,medium,0.4768028259277344,0.32313957810401917,0.1536632478237152,27
U02419,G02194,estoy viniendo queriendo verte. como fui a la chacra tantos días no te he visitado.,- uk'apincha'lek yalli'amun. pa'amu menmik u'dun uklli lli'ker'i'ñen.,"kuanta' nu'apalek i'la. chilenllusa' enpu'ninchi, enpu'ninchi ni luyuinpu'winek, ñi'na yaluntudek'i'nek.",U03100,G02875,hard,0.6459383964538574,0.5884379744529724,0.05750042200088501,2
U02419,G02194,estoy viniendo queriendo verte. como fui a la chacra tantos días no te he visitado.,- uk'apincha'lek yalli'amun. pa'amu menmik u'dun uklli lli'ker'i'ñen.,nanimi'na napi'pui'mi'na wa'anen nanpi'pawiñinpi'la nana panpadek ukuchinkek.,U02515,G02290,medium,0.6459383964538574,0.48625388741493225,0.15968450903892517,8
U00554,G00459,soy coreano.,koreano nuka'ka,finlandis nuka'ka,U00808,G00684,medium,0.8500316739082336,0.6422533392906189,0.20777833461761475,2
U03102,G02877,"malallina es la que nos ha puesto así,","malallina nana nu'su' aku'llundek,","nana wintupatekwa' nana tetchu,",U02868,G02643,hard,0.7483516335487366,0.6176984906196594,0.13065314292907715,3
U03102,G02877,"malallina es la que nos ha puesto así,","malallina nana nu'su' aku'llundek,","ukilasu'tundek enñi,",U02712,G02487,medium,0.7483516335487366,0.5699948072433472,0.1783568263053894,6
U00881,G00753,háblame.,luntuu,luwuk'tu'u,U00267,G00213,hard,0.6920844912528992,0.6328533887863159,0.05923110246658325,17
U00559,G00464,estoy comiendo.,werampalek,weranek',U00568,G00472,hard,0.6855431795120239,0.626616358757019,0.05892682075500488,8
U01054,G00914,¡qué horrible!,¡enpu'ni aperpipa'!,¡latek'inbu' nuka'a!,U02075,G01858,hard,0.5728833079338074,0.5228533744812012,0.0500299334526062,18
U01054,G00914,¡qué horrible!,¡enpu'ni aperpipa'!,¡latek'i'nek!,U01848,G01643,medium,0.5728833079338074,0.4206061363220215,0.1522771716117859,47
U03058,G02833,"malallina solita, en el día y en la noche, elaboró su masato llenando toda su casa (con la bebida), 9 malallina es la adaptación del nombre español magdalena. en esta traducción hemos optado por mantener la forma shiwilu malallina.","malallineima ñañashasa', ukllilek dekpilli'lek, uklulu' nu'ta'n, iñer pideknen a'muetchan,","shunka' ekkilala, shunka' ínkatu', shunka' alei'teklun ku'apellusa'pu'su' pa'llina'. iñer uku'latukun.",U03007,G02782,hard,0.40612876415252686,0.35337164998054504,0.05275711417198181,13
U03058,G02833,"malallina solita, en el día y en la noche, elaboró su masato llenando toda su casa (con la bebida), 9 malallina es la adaptación del nombre español magdalena. en esta traducción hemos optado por mantener la forma shiwilu malallina.","malallineima ñañashasa', ukllilek dekpilli'lek, uklulu' nu'ta'n, iñer pideknen a'muetchan,","nawi'mi'na' panta'nna', ala'lusa', sekllintanni'ma panta'nna', lli'llini'ma mu'katapasik.",U02583,G02358,medium,0.40612876415252686,0.25557488203048706,0.1505538821220398,40
U01414,G01235,necesito café.,wayusa' luwantulek,ñapawinek saka'tusu',U01757,G01559,hard,0.4996509850025177,0.41627630591392517,0.08337467908859253,6
U01414,G01235,necesito café.,wayusa' luwantulek,nu'tulek u'su'.,U02339,G02114,medium,0.4996509850025177,0.3487226366996765,0.1509283483028412,25
U03044,G02819,"tratándonos así todas esas cosas nosotros hemos aprendido de otros cuando éramos niños, sentándonos muy cerca a su lado.","nu'taminerkenmu'wa' nanadaper a'ka asu' kudanta' ñinchipa'tullidek wilakudek ñamudek, du'pa'dek'amudek.",nanekla'nka lawektapamudek kudanta' ipa'la walek lli'inutapallidek nana lunka'su'.,U02577,G02352,hard,0.6411860585212708,0.5843632221221924,0.05682283639907837,5
U03044,G02819,"tratándonos así todas esas cosas nosotros hemos aprendido de otros cuando éramos niños, sentándonos muy cerca a su lado.","nu'taminerkenmu'wa' nanadaper a'ka asu' kudanta' ñinchipa'tullidek wilakudek ñamudek, du'pa'dek'amudek.",nana nani'na itullina' ma'pu'si'pa' insekluteñek muyunpa inchilala yaekketchakwa' tullina'.,U03033,G02808,medium,0.6411860585212708,0.4803560972213745,0.16082996129989624,20
U01613,G01424,tienes vino.,a'ñapala' vinu',kerlliek vinu',U01712,G01515,hard,0.6925500631332397,0.5778535604476929,0.11469650268554688,2
U01613,G01424,tienes vino.,a'ñapala' vinu',kencher' vinu',U00469,G00384,medium,0.6925500631332397,0.5322219729423523,0.16032809019088745,3
U01522,G01337,sientate tomás.,duker' chuma,ninchiter' wapu',U00631,G00526,hard,0.6183467507362366,0.5683091878890991,0.05003756284713745,3
U01522,G01337,sientate tomás.,duker' chuma,wa'tenker' tom,U01037,G00898,medium,0.6183467507362366,0.465550035238266,0.15279671549797058,25
U02399,G02174,antes cuando era niñita hablaba bonito el shiwilu.,napi' wilashakuñamu asu' shiwilu la'la' mushasu' lunek.,"naneklima yunsu'lli dellutekkek, yunsu'n chimiñi.",U02829,G02604,hard,0.5109459161758423,0.45427706837654114,0.05666884779930115,13
U02399,G02174,antes cuando era niñita hablaba bonito el shiwilu.,napi' wilashakuñamu asu' shiwilu la'la' mushasu' lunek.,nana chu'kenpa'tapasik mitan ukllik'inchi sellawalusa' chu'kenapallina'.,U02684,G02459,medium,0.5109459161758423,0.35890114307403564,0.15204477310180664,50
U02674,G02449,quisieron hacerle comer pero arákayu no quiso.,yaaurañini'ma arakayu luwanchiñi.,tan ima arakayu nana lanla' aku'lli.,U02821,G02596,hard,0.5100864171981812,0.45192837715148926,0.058158040046691895,10
U02674,G02449,quisieron hacerle comer pero arákayu no quiso.,yaaurañini'ma arakayu luwanchiñi.,"arakayu lli'unta'llima enpu'ni wa'inuipa' nana pideknen uksuketchulli,",U02689,G02464,medium,0.5100864171981812,0.3559010624885559,0.15418535470962524,33
U02570,G02345,"perros que ladran, bebes que lloran, (gente) que chanca barbasco, que cortan leña, que se llaman.","ñiñi'wa pekla'su', wawaser willek'a'su', llise'nkasu', diwek'erkasu', peklu'terkasu'.","shunka' ekkilala, shunka' ínkatu', shunka' alei'teklun ku'apellusa'pu'su' pa'llina'. iñer uku'latukun.",U03007,G02782,hard,0.5785749554634094,0.5247734785079956,0.05380147695541382,21
U02570,G02345,"perros que ladran, bebes que lloran, (gente) que chanca barbasco, que cortan leña, que se llaman.","ñiñi'wa pekla'su', wawaser willek'a'su', llise'nkasu', diwek'erkasu', peklu'terkasu'.","kui'na apulli'ku, kwina', ma'i, tananmuda'ku.",U03171,G02946,medium,0.5785749554634094,0.428104043006897,0.15047091245651245,40
U01009,G00872,¡compruébalo!,¡lli'ker' mupallinpa'!,lau'tuku',U00039,G00033,hard,0.5360379219055176,0.48109519481658936,0.05494272708892822,40
U01357,G01184,deme esos.,enka'u nanalusa',keritu'u nana,U01947,G01737,hard,0.6882857084274292,0.6115820407867432,0.07670366764068604,4
U01357,G01184,deme esos.,enka'u nanalusa',a'ta'wantuku' asu',U00749,G00628,medium,0.6882857084274292,0.5199031233787537,0.16838258504867554,13
U00438,G00355,tom camina.,tom dekkuntulli,tom a'shulli,U00916,G00786,hard,0.7948343753814697,0.7429521083831787,0.051882266998291016,25
U00080,G02022,espera.,wa'tenker',wa'ten'nek',U00185,G00141,hard,0.6838280558586121,0.6104034185409546,0.07342463731765747,5
U00080,G02022,espera.,wa'tenker',wa'tentaterwa',U00694,G00581,medium,0.6838280558586121,0.52017742395401,0.16365063190460205,10
U00248,G02022,un momento.,wa'tenker',teklerier',U00442,G00359,hard,0.49508506059646606,0.4400528371334076,0.05503222346305847,6
U02247,G02022,un momentito.,wa'tenker',muwencha'ker',U00127,G00090,hard,0.4511902332305908,0.3957049548625946,0.055485278367996216,9
U02049,G01832,estoy ayudando.,katu' pa'tapalek,ñapalek da'peksu',U01059,G00918,hard,0.5694961547851562,0.5189626812934875,0.0505334734916687,33
U02234,G02009,¿los conoces?,¿luwer'chapadekla?,¿welliek'apawina?,U02187,G01967,hard,0.7051066756248474,0.6516396403312683,0.0534670352935791,11
U02234,G02009,¿los conoces?,¿luwer'chapadekla?,¿tekinchi'cha' ñapalama?,U00994,G00857,medium,0.7051066756248474,0.5474052429199219,0.15770143270492554,30
U02168,G01948,estudiamos francés.,ñinchitapallidek frances,frances nuka'ka,U00553,G00458,medium,0.6534348726272583,0.4473063349723816,0.2061285376548767,5
U02810,G02585,"¡cuándo habrá sucedido eso,","¡enpi'pui'pa' nana nu'su' ña'su',","ipa'linchi ñinanlu' indiuntun tulli,",U02738,G02513,hard,0.5893636345863342,0.5335078835487366,0.055855751037597656,7
U02810,G02585,"¡cuándo habrá sucedido eso,","¡enpi'pui'pa' nana nu'su' ña'su',","kundetchek enñi,",U02713,G02488,medium,0.5893636345863342,0.43476536870002747,0.15459826588630676,43
U02772,G02547,dijeron las muchachas.,tullina' sha'walusa'.,iñer' panwilek'tullina',U01686,G01491,hard,0.568369448184967,0.515558123588562,0.05281132459640503,13
U02772,G02547,dijeron las muchachas.,tullina' sha'walusa'.,naneklima shawalalusa'ler itullina':,U02605,G02380,medium,0.568369448184967,0.41804230213165283,0.1503271460533142,47
U01098,G00957,soy doctor.,doktor nuka'ka,kalu'tutek' nuka'ka,U00765,G00643,hard,0.8473595976829529,0.7244734168052673,0.12288618087768555,2
U01098,G00957,soy doctor.,doktor nuka'ka,taserlunku nuka'ka,U01100,G00959,medium,0.8473595976829529,0.6902530193328857,0.15710657835006714,5
U03013,G02788,ahora las mujeres se pintan sus caras.,ipa'la asu' shaya'lusa' inllinsellina' asu' ladanenna'.,nu'si'ma nanpillina' enpu'dun ekkilalei'pa'.,U03094,G02869,hard,0.5415290594100952,0.48523619771003723,0.05629286170005798,24
U00874,G00747,recuérdalo.,li'inuter',lau'tuku',U00039,G00033,hard,0.6162538528442383,0.5661079287528992,0.05014592409133911,17
U02341,G02116,"se la extrae, se la pela.","uka'lek, eksu'lek.","ali'la uncha'lli, ali'la uncha'lli....",U02428,G02203,hard,0.5767070055007935,0.5083441734313965,0.06836283206939697,4
U02341,G02116,"se la extrae, se la pela.","uka'lek, eksu'lek.","pi'murllina', a'du'llina'.",U02465,G02240,medium,0.5767070055007935,0.3994772732257843,0.17722973227500916,7
U00046,G00735,¡gracias!,¡yuspeinet'echun!,¡daker'ku'!,U00059,G00047,hard,0.6205861568450928,0.5690467357635498,0.05153942108154297,6
U00046,G00735,¡gracias!,¡yuspeinet'echun!,¡musu' lli'inuter'!,U00151,G00111,medium,0.6205861568450928,0.46953997015953064,0.15104618668556213,32
U00859,G00735,¡muchas gracias!,¡yuspeinet'echun!,¡paker' musu'!,U02239,G02014,hard,0.65459805727005,0.6004619002342224,0.05413615703582764,7
U00859,G00735,¡muchas gracias!,¡yuspeinet'echun!,¡lupersu' ñapala!,U01608,G01419,medium,0.65459805727005,0.5041382908821106,0.15045976638793945,34
U01271,G01106,ustedes primero.,nanentu kenmama',llia'ker' kenma,U00415,G00335,hard,0.4903637170791626,0.43738043308258057,0.05298328399658203,5
U01271,G01106,ustedes primero.,nanentu kenmama',musu' paskua',U01038,G00899,medium,0.4903637170791626,0.3336104452610016,0.156753271818161,39
U01288,G01119,sobrevivió.,chiminllinkekla nampilli,nudu'pi ñiwiñi,U01124,G00977,hard,0.6223358511924744,0.5173811316490173,0.10495471954345703,2
U01288,G01119,sobrevivió.,chiminllinkekla nampilli,si'len ñiwiñi,U01476,G01294,medium,0.6223358511924744,0.46213191747665405,0.1602039337158203,6
U01566,G01377,podríamos caminar.,yennituwinaskudek dek'kuntak,kuda ekpekchidek,U00940,G00808,hard,0.5166686773300171,0.46508559584617615,0.05158308148384094,8
U01566,G01377,podríamos caminar.,yennituwinaskudek dek'kuntak,ape'chuwiñiner'kudek,U01567,G01378,medium,0.5166686773300171,0.3648257851600647,0.1518428921699524,42
U01189,G01032,¡gracias nuevamente!,¡yuspeinet'echun nanapu'si'la!,¡ta'itula'u yunsue'chek!,U00599,G00498,hard,0.6244426369667053,0.5711347460746765,0.05330789089202881,6
U01189,G01032,¡gracias nuevamente!,¡yuspeinet'echun nanapu'si'la!,¡ta'ituku' du'ak!,U00882,G00754,medium,0.6244426369667053,0.474006325006485,0.15043631196022034,30
U01625,G01436,estabas ocupado.,saka'tapawina,insekdiperpi ñapawiñina',U02136,G01916,hard,0.5903385281562805,0.524699866771698,0.06563866138458252,3
U01625,G01436,estabas ocupado.,saka'tapawina,saka'tunakla usu'llina,U01294,G01125,medium,0.5903385281562805,0.4378710091114044,0.1524675190448761,13
U00968,G00834,hizo trampa.,tumu'lli,nana taserpitulli,U00754,G00633,hard,0.6142005324363708,0.5601667761802673,0.054033756256103516,13
U00968,G00834,hizo trampa.,tumu'lli,denipa' peklu'tulli,U02119,G01899,medium,0.6142005324363708,0.4628605246543884,0.15134000778198242,42
U02219,G01996,¿estás embarazada?,¿kadu'lunsu' ñapala?,¿chacha'wanpala?,U00989,G00853,hard,0.6120880246162415,0.5619736909866333,0.050114333629608154,24
U02557,G02332,los carbones de los árboles se quemaron bien hasta convertirse en ceniza.,"nala pendakilanenlusa' musu' ukpendalu'tek walek ima uketlli,",tanni'ma adenchanna' lunchallina' da'mupa'ser nana musun.,U02882,G02657,hard,0.4650610387325287,0.4099509119987488,0.05511012673377991,24
U01497,G01314,déjame intentarlo.,ta'itula'u tekle'richek,ta'itula'u ata'wantak,U01494,G01311,hard,0.6702334880828857,0.5963160395622253,0.0739174485206604,5
U01497,G01314,déjame intentarlo.,ta'itula'u tekle'richek,ta'itula'u du'echek,U02091,G01873,medium,0.6702334880828857,0.5078409314155579,0.16239255666732788,18
U01498,G01314,déjame probarlo.,ta'itula'u tekle'richek,ta'itula'u lauk'echek,U01819,G01616,hard,0.6577617526054382,0.5958254337310791,0.06193631887435913,5
U01498,G01314,déjame probarlo.,ta'itula'u tekle'richek,ta'itula'u pa'ak,U01144,G00997,medium,0.6577617526054382,0.4889061748981476,0.16885557770729065,14
U02652,G02427,(entonces) preguntaron esos hermanos (shawala) que habían ido:,tullina' nana yalli'lusa' pa'lusa':,nana malek dansu'lusa' tullina':,U02566,G02341,hard,0.7457748651504517,0.6804022789001465,0.06537258625030518,3
U02652,G02427,(entonces) preguntaron esos hermanos (shawala) que habían ido:,tullina' nana yalli'lusa' pa'lusa':,"nu'an imaka samellusa' yu'nketllina',",U02718,G02493,medium,0.7457748651504517,0.5903913974761963,0.15538346767425537,10
U00133,G00095,has ganado.,kana'tula,panutapalli.,U02661,G02436,hard,0.4960050880908966,0.44334763288497925,0.05265745520591736,30
U01548,G01360,están cansados.,saka'tusu' ñapallina',yusu' ñapallina',U01545,G01357,hard,0.6941373944282532,0.6436052322387695,0.05053216218948364,6
U01548,G01360,están cansados.,saka'tusu' ñapallina',iñer'daper yamerladallina',U01984,G01771,medium,0.6941373944282532,0.5377930402755737,0.15634435415267944,15
U03015,G02790,"sin embargo, ahora decimos está bien, eso sí viéndoles nosotros también nos cortamos nuestros cabellos, hablamos el castellano dijeron los abuelos ya finados.","da'ilek, ipa'la tulekwa' mullin, nanekla nana'ka lli'akwa' kenmu'wa'nta' ipa'la enchekmapu'wa' dektuntulekwa', lunekwa' asu' kaschilla', tullina' papinkuku'lusa'.","ali'la wa'natek tekka'a'su' nanek kenmanta', kenmama'nta' pa'achuma' kuda ipa' chimiansekudek, tullina' amishala.",U03032,G02807,hard,0.690628170967102,0.6393434405326843,0.051284730434417725,3
U03015,G02790,"sin embargo, ahora decimos está bien, eso sí viéndoles nosotros también nos cortamos nuestros cabellos, hablamos el castellano dijeron los abuelos ya finados.","da'ilek, ipa'la tulekwa' mullin, nanekla nana'ka lli'akwa' kenmu'wa'nta' ipa'la enchekmapu'wa' dektuntulekwa', lunekwa' asu' kaschilla', tullina' papinkuku'lusa'.","ipa'la a'pinta' asunwekwañina', miduwañina', kerka' ñinchillintullina'. nu'unta' kulliker'wañi.",U03026,G02801,medium,0.690628170967102,0.5337437391281128,0.15688443183898926,15
U02979,G02754,"a otra gente que han venido de otros pueblos queremos verles, a la gente blanca.",ali'la muda' nerñinanluklan weklusa' yalli'dekllidek dadapu muda'lusa'.,nanekla'nka lawektapamudek kudanta' ipa'la walek lli'inutapallidek nana lunka'su'.,U02577,G02352,hard,0.48753371834754944,0.43334606289863586,0.054187655448913574,21
U01111,G00968,estoy embarazada.,kadulunsu' ñapalek,tuna'su' ñapalek,U00190,G00145,hard,0.619805097579956,0.5675105452537537,0.05229455232620239,32
U02061,G01844,oí eso.,lauk'lek nana,a'lli'u nana,U01174,G01022,hard,0.6141269207000732,0.5536432862281799,0.06048363447189331,8
U02061,G01844,oí eso.,lauk'lek nana,asek lia'ker',U00420,G00340,medium,0.6141269207000732,0.46250948309898376,0.15161743760108948,39
U01285,G01117,me asustas.,a'imanantulun,a'ñinchitu'u,U00850,G00726,hard,0.5973666906356812,0.5328762531280518,0.0644904375076294,10
U01285,G01117,me asustas.,a'imanantulun,dei'techuner'ku,U02138,G01918,medium,0.5973666906356812,0.447059690952301,0.15030699968338013,41
U01120,G00975,ha empezado.,tenmiansu'lli,enta'i'na,U00601,G00499,hard,0.6354516744613647,0.5752432942390442,0.06020838022232056,6
U01120,G00975,ha empezado.,tenmiansu'lli,apinta'a'tekalli,U01694,G01497,medium,0.6354516744613647,0.4839443862438202,0.15150728821754456,26
U01121,G00975,empezó.,tenmiansu'lli,uker'lli,U00356,G00287,hard,0.6201258301734924,0.5611653923988342,0.0589604377746582,11
U01121,G00975,empezó.,tenmiansu'lli,a'pawilek'la,U01931,G01722,medium,0.6201258301734924,0.4662593901157379,0.15386644005775452,23
U01122,G00975,comenzó.,tenmiansu'lli,tekineklli,U00371,G00302,hard,0.6108965277671814,0.5601403117179871,0.050756216049194336,5
U01122,G00975,comenzó.,tenmiansu'lli,nanek ta'wantulli.,U02816,G02591,medium,0.6108965277671814,0.4602232277393341,0.1506733000278473,17
U01484,G01302,es emocionante.,sakeknansu' nuka'a,tanluwatapalli,U00590,G00721,hard,0.4395429790019989,0.3894764482975006,0.05006653070449829,31
U01235,G01074,nos preparamos.,insek'diperlekwa',saka'tapalekwa',U01593,G01404,hard,0.6810323596000671,0.6192198991775513,0.06181246042251587,3
U01235,G01074,nos preparamos.,insek'diperlekwa',tenmiansu'wa,U00853,G00729,medium,0.6810323596000671,0.5298829674720764,0.15114939212799072,31
U01992,G01778,escribe libros.,llinsercher' kerka'lusa',lektuku' katu'pa',U01328,G01156,hard,0.575745701789856,0.4856327474117279,0.09011295437812805,2
U01992,G01778,escribe libros.,llinsercher' kerka'lusa',alek'apalliner'ku ingles,U02023,G01808,medium,0.575745701789856,0.4173513650894165,0.15839433670043945,10
U02525,G02300,dice que como estaban cubiertos de chupos les dijeron:,sa'la'wenkasu' malek ima itudekllina':,tullina' nana yalli'lusa' pa'lusa':,U02652,G02427,hard,0.7423875331878662,0.662007749080658,0.08037978410720825,2
U02525,G02300,dice que como estaban cubiertos de chupos les dijeron:,sa'la'wenkasu' malek ima itudekllina':,nanek ima ala'sa' taserpi wa'latutek tulli:,U02913,G02688,medium,0.7423875331878662,0.5862864255905151,0.15610110759735107,8
U02201,G01978,me traicionaste.,wa'danpilapilun,yada'lek,U02017,G01802,hard,0.6220855712890625,0.5712491273880005,0.05083644390106201,38
U02581,G02356,ahora voy a contar de qué manera vivió arákayu en la ribera del río pampayacu.,ipa'la lunchek arakayu ma'pu'si'pa' nanpilli panpadek ukuchik.,nu'pachi munu'tawa' nananta' munu'ta'kudik tullima ala'sa' taserpi.,U02626,G02401,hard,0.5915762186050415,0.5348606109619141,0.05671560764312744,4
U02581,G02356,ahora voy a contar de qué manera vivió arákayu en la ribera del río pampayacu.,ipa'la lunchek arakayu ma'pu'si'pa' nanpilli panpadek ukuchik.,ala'sa' kupin uktaksa' iñer nana kaladaper uktakda' sekdunek.,U02380,G02155,medium,0.5915762186050415,0.43925032019615173,0.15232589840888977,19
U01242,G01080,lo necesitamos.,luwantullidek,a'nañiechidek,U00942,G00810,hard,0.6279814839363098,0.5503323674201965,0.07764911651611328,2
U01242,G01080,lo necesitamos.,luwantullidek,kanan'a'kasu' ñapalli,U02013,G01798,medium,0.6279814839363098,0.47563251852989197,0.15234896540641785,18
U02362,G02137,pero anteriormente las abuelas finadas batían con el batidor utawitunantek.,napi' i'na amiku'lusa' utawitunanteklek utawillina'.,"ta'ser lauktulek papinkuku'lusa', amiku'lusa' luñina'.",U02812,G02587,hard,0.45297232270240784,0.40209606289863586,0.05087625980377197,21
U00805,G00681,esperaré.,wa'tentechek,wa'tentapalek,U00830,G00706,hard,0.8063606023788452,0.7010937929153442,0.10526680946350098,4
U00805,G00681,esperaré.,wa'tentechek,wa'tenchi'nek,U01396,G01220,medium,0.8063606023788452,0.6490505337715149,0.15731006860733032,5
U01991,G01777,sobrevivirá.,chimillinkekla nanpichu,iwa'taper'i'la,U01132,G00985,hard,0.46287214756011963,0.4017605185508728,0.061111629009246826,11
U03031,G02806,algún día en un fierro viejo que vuela ustedes también van a viajar.,enpi' uklli pen ala'sa' wa'natek pennu'a'su' kenmama'nta' pa'achuma'.,"ta'ser kuanta' wilaku ñamu lawektulek, ipa'la winta'pallenma'.",U03146,G02921,hard,0.5070366263389587,0.4529602527618408,0.05407637357711792,4
U03031,G02806,algún día en un fierro viejo que vuela ustedes también van a viajar.,enpi' uklli pen ala'sa' wa'natek pennu'a'su' kenmama'nta' pa'achuma'.,naneklima llia'lli asu' wa'dan panpateklu' ipa'la walek luwetchapalekwa'.,U03130,G02905,medium,0.5070366263389587,0.35689082741737366,0.15014579892158508,20
U02100,G01881,emborrachémonos.,luper'awa',weranwa',U00387,G00315,hard,0.5602259039878845,0.505487322807312,0.05473858118057251,10
U01660,G01467,vuelve aquí.,adencher' asek,a'ta'wanter asu',U00747,G00627,hard,0.5850040316581726,0.5297866463661194,0.05521738529205322,12
U01981,G01768,¡no mientas!,¡yatumu'ta!,¡yawellekta!,U00297,G00236,hard,0.7535425424575806,0.6625725030899048,0.09097003936767578,3
U01981,G01768,¡no mientas!,¡yatumu'ta!,¡si'lentapala!,U01637,G01447,medium,0.7535425424575806,0.6033006310462952,0.1502419114112854,6
U00492,G00405,¡no esperen!,¡yawa'tentutama!,¡yailantuta!,U00742,G00622,hard,0.6456676721572876,0.5946100950241089,0.05105757713317871,6
U00492,G00405,¡no esperen!,¡yawa'tentutama!,¡dakuta'ker'!,U01170,G01020,medium,0.6456676721572876,0.49187201261520386,0.15379565954208374,21
U02231,G02006,¿tienes hijos?,¿wilawanpala'?,¿kaluwi'su' ñapawina?,U01596,G01407,hard,0.60177081823349,0.547239363193512,0.05453145503997803,21
U02592,G02367,haciendo eso nosotros dijimos ¡vamos a ver quiénes son esos que viven! y vinimos a salir (del monte).,nu'amudek i'na' ¡enchu lli'kunwa' nana den ipa' nanpipalli! tamudek pekpiwatukellillen itullini'ma.,"ipa' ekkilala pilli'ncha'lli. ¡enchuku' pur'awa' nadi'neklusa', wilalunlusa'! itudekllima.",U02513,G02288,medium,0.6917302012443542,0.5196762084960938,0.1720539927482605,2
U00057,G00046,entre.,da'kerker',pa'a,U00236,G00186,hard,0.6031979918479919,0.5528663396835327,0.05033165216445923,48
U00058,G00046,pase.,da'kerker',nu'wanker',U01013,G00876,hard,0.6244896650314331,0.569409191608429,0.05508047342300415,48
U01569,G01380,tenemos perro.,a'ñapallidek ñiñi'wa,welliek'apallidek,U01561,G01373,hard,0.3893457353115082,0.33916333317756653,0.05018240213394165,46
U03035,G02810,"algunos mezquinaban. volviendo de moyobamba no querían contar cómo habían visto a las señoras, ni querian contar más, sin despedirse se iban.","nu'unti'ma aper'kulli. yalun'i'ñi uncha'n muyunpakla ma'pu'si'pa' lli'lli senñulalusa', ñima nanapinta' yalun'i'ñi, ta'tula'nna' pa'llina'.","napi' ima llikanetchudek'i'ñina', yutudekllini'ma, llipu'tudekllini'ma, er'washinchi walek a'saka'tudekllina'.",U03056,G02831,hard,0.666465163230896,0.5983322262763977,0.06813293695449829,3
U03035,G02810,"algunos mezquinaban. volviendo de moyobamba no querían contar cómo habían visto a las señoras, ni querian contar más, sin despedirse se iban.","nu'unti'ma aper'kulli. yalun'i'ñi uncha'n muyunpakla ma'pu'si'pa' lli'lli senñulalusa', ñima nanapinta' yalun'i'ñi, ta'tula'nna' pa'llina'.","da'ilek, ali'ladaper tullina' saka'tunan dunkerpatekkudek nanalupa' pa'achidek, tullima. sin embargo, otros opinaban a buscar trabajo tenemos que ir por",U03018,G02793,medium,0.666465163230896,0.5155437588691711,0.15092140436172485,15
U01701,G01504,debería venir.,wencha'winsu',ya'wencha'lli,U02244,G02019,hard,0.4530845582485199,0.39953720569610596,0.05354735255241394,9
U01701,G01504,debería venir.,wencha'winsu',ñapawiñi kawik,U01847,G01642,medium,0.4530845582485199,0.30248260498046875,0.15060195326805115,36
U03081,G02856,"lo vieron corriendo hacia el pampayacu, lo siguieron pero no lo alcanzaron.","lli'llini'ma tekka'pilasik panpadeklupa', tupitullina' ñi kasek'i'ñina'.","nawei'mi'na nana malek ima nawa' ta'tushalanna' pa'llina', ta'tushalanni'ma dekkuntullina'.",U02971,G02746,hard,0.631447970867157,0.507046103477478,0.12440186738967896,2
U03081,G02856,"lo vieron corriendo hacia el pampayacu, lo siguieron pero no lo alcanzaron.","lli'llini'ma tekka'pilasik panpadeklupa', tupitullina' ñi kasek'i'ñina'.","naneklima luna'tullina', ñi a'pinta' pur'i'ñina'.",U02560,G02335,medium,0.631447970867157,0.47560641169548035,0.15584155917167664,5
U02407,G02182,ellos ahora ven por mí.,nawa' ipa'la lli'apallinerku.,nawa'ler a'ka di'tetchuna' nana anaka'.,U02916,G02691,hard,0.6496497392654419,0.5814650654792786,0.06818467378616333,3
U02407,G02182,ellos ahora ven por mí.,nawa' ipa'la lli'apallinerku.,ipa'la a'pinta' lliwaitullina'.,U02814,G02589,medium,0.6496497392654419,0.4961594045162201,0.1534903347492218,9
U00186,G00142,yo pagaré.,kua panwilek'te'chek',yan'katektulek,U00513,G00424,hard,0.5582030415534973,0.5004454851150513,0.057757556438446045,5
U00186,G00142,yo pagaré.,kua panwilek'te'chek',yada'lek,U02017,G01802,medium,0.5582030415534973,0.4076673686504364,0.1505356729030609,39
U02988,G02763,ya no hilaban porque habían visto las telas (en moyobamba).,pitetchi'ñina' ipa' nana kapiña'su' lli'anna'.,uk'apinlencha'ni'ma kelluluñiñi' kanañina'.,U02960,G02735,hard,0.619518518447876,0.5687885880470276,0.05072993040084839,4
U02988,G02763,ya no hilaban porque habían visto las telas (en moyobamba).,pitetchi'ñina' ipa' nana kapiña'su' lli'anna'.,nanentu pa'erkasu' anaker'chuna' iñerdaper.,U02855,G02630,medium,0.619518518447876,0.46711966395378113,0.15239885449409485,29
U01390,G01513,te creo.,latekllien,lata'echek,U00807,G00683,hard,0.5423374176025391,0.4878087043762207,0.05452871322631836,27
U01710,G01513,te creí.,latekllien,tantenwinek,U00785,G00662,hard,0.5812897682189941,0.5290970206260681,0.052192747592926025,15
U00476,G00391,ven temprano.,wenller' dasu'la,wa'tenker' a'mercha.,U00466,G00381,hard,0.6048048734664917,0.5469904541969299,0.05781441926956177,6
U00476,G00391,ven temprano.,wenller' dasu'la,ta'tula'shasu' lunker',U01527,G01340,medium,0.6048048734664917,0.45119988918304443,0.15360498428344727,42
U01105,G00963,estoy congelado.,nakusu' sanekwantulek,ilusu' ñapalek,U01406,G01228,hard,0.6657543182373047,0.6154739856719971,0.05028033256530762,23
U00351,G00282,¿está tom?,¿ñapalli tom?,tom nuka'a,U00223,G00175,hard,0.8333956599235535,0.7061493396759033,0.12724632024765015,2
U00351,G00282,¿está tom?,¿ñapalli tom?,¿tom ñiwiñi?,U00482,G00395,medium,0.8333956599235535,0.6681779026985168,0.16521775722503662,4
U00906,G00777,tom llegó.,tom ektu'lli,tom indek'lli,U00659,G00549,hard,0.8362423181533813,0.7796353697776794,0.056606948375701904,6
U00906,G00777,tom llegó.,tom ektu'lli,tom a'lektapalli,U00917,G00787,medium,0.8362423181533813,0.6723158359527588,0.16392648220062256,42
U01818,G01615,déjame explicar.,ta'itula'u wintechen,luwuk'tu'u,U00267,G00213,hard,0.5555755496025085,0.49513643980026245,0.060439109802246094,16
U01818,G01615,déjame explicar.,ta'itula'u wintechen,alli'echen,U01442,G01260,medium,0.5555755496025085,0.4049980342388153,0.15057751536369324,42
U01438,G01258,lo mataré.,dei'techek,lata'echek,U00807,G00683,hard,0.6542654633522034,0.5959089994430542,0.05835646390914917,4
U01438,G01258,lo mataré.,dei'techek,lli'apalek,U01715,G01518,medium,0.6542654633522034,0.5013577938079834,0.15290766954421997,32
U01439,G01258,le mataré.,dei'techek,mape'chek,U01435,G01255,hard,0.6650362014770508,0.6141675710678101,0.05086863040924072,5
U00118,G00084,espérame despierto.,wa'ten'u nanpisu',a'shulek wapu',U01739,G01541,hard,0.704025387763977,0.6260004639625549,0.07802492380142212,3
U00118,G00084,espérame despierto.,wa'ten'u nanpisu',sekdiperker' mutu'penkek,U00860,G00736,medium,0.704025387763977,0.5499464869499207,0.1540789008140564,9
U03148,G02923,"después de matar a sekputchek, (los jeberinos) se han esparcido, se han aborrecido.","nana sekputchekkui'na di'tanna, inpasetllina', inluyullina'.","wadunek kerkek lli'amu llillinlusa', nerpi'pu'.",U03195,G02970,hard,0.519065797328949,0.4566088914871216,0.06245690584182739,7
U03148,G02923,"después de matar a sekputchek, (los jeberinos) se han esparcido, se han aborrecido.","nana sekputchekkui'na di'tanna, inpasetllina', inluyullina'.","sametchapen panula'udek, chai, yallí' itullima.",U02628,G02403,medium,0.519065797328949,0.3660799264907837,0.15298587083816528,38
U01435,G01255,lo compraré.,mape'chek,peklue'chen,U01767,G01567,hard,0.6210895776748657,0.56778883934021,0.05330073833465576,25
U00751,G00630,¡ponte serio!,¡ñiker' musu!,¡illiñi u'chimu!,U02067,G01850,hard,0.5734513998031616,0.5232145190238953,0.05023688077926636,33
U03054,G02829,"ahora les voy a contar cómo quiza cuando vivían los antiguos indios shawala pelearon contra los que vinieron de otro pueblo, los catellano- hablantes.","ipa'la' winterkenma' ma'pu'si'pa' napi' shawala kenma' ñapanna'pi'la idenmalli'na' asu' nerñinalukla uklusa'lek, kaschilla lunlusa'.","napi', kuanta' wilakuñamu laukta'kasu' nana muyunpa inchilalak taker'llina', lansi' wa'danler ka'deklli tullina'.",U03022,G02797,hard,0.6428672671318054,0.5911155939102173,0.051751673221588135,2
U03054,G02829,"ahora les voy a contar cómo quiza cuando vivían los antiguos indios shawala pelearon contra los que vinieron de otro pueblo, los catellano- hablantes.","ipa'la' winterkenma' ma'pu'si'pa' napi' shawala kenma' ñapanna'pi'la idenmalli'na' asu' nerñinalukla uklusa'lek, kaschilla lunlusa'.","lli'inutapaku' nu'sukla'nka kenmu'wa' ipa'la itullinerkenmu'wa', gente civilizada tullima.",U03190,G02965,medium,0.6428672671318054,0.4849097430706024,0.157957524061203,8
U00770,G00647,puedo compartir.,yennitulek a'nañiak,yakatupa'tulek,U01745,G01547,hard,0.5420816540718079,0.4835347831249237,0.058546870946884155,3
U00770,G00647,puedo compartir.,yennitulek a'nañiak,luwantulek wichi'ak,U01076,G00935,medium,0.5420816540718079,0.38806891441345215,0.1540127396583557,32
U01694,G01497,él aceleró.,apinta'a'tekalli,intek apalli,U00759,G00638,hard,0.48077094554901123,0.4238189160823822,0.05695202946662903,48
U01174,G01022,muéstrame eso.,a'lli'u nana,sekdiperker' asu' mutu'penkek,U01514,G01329,hard,0.6427047848701477,0.591458797454834,0.05124598741531372,4
U01174,G01022,muéstrame eso.,a'lli'u nana,adencher' asek,U01660,G01467,medium,0.6427047848701477,0.49049800634384155,0.15220677852630615,40
U02679,G02454,otros dijeron este arákayu cuida los peces.,ali'ladaper tullini'ma asu' arakayu samer luwektapalli.,nanadaper iñer asu' senñula' yañinchitulli.,U02481,G02256,hard,0.6533769369125366,0.5762863755226135,0.0770905613899231,3
U02679,G02454,otros dijeron este arákayu cuida los peces.,ali'ladaper tullini'ma asu' arakayu samer luwektapalli.,lli'kuñina' chipetcheklusa'sa' pektentapa'ser nanek.,U02921,G02696,medium,0.6533769369125366,0.4983575642108917,0.1550193727016449,17
U00994,G00857,¿están seguros?,¿tekinchi'cha' ñapalama?,¿insek'diperpi ñapalama'?,U01319,G01148,hard,0.7255557179450989,0.652062714099884,0.07349300384521484,2
U00994,G00857,¿están seguros?,¿tekinchi'cha' ñapalama?,¿yunsansu' ñapala?,U00462,G00378,medium,0.7255557179450989,0.5741894841194153,0.1513662338256836,14
U00530,G00439,ahora sé.,ipa'la ñinchitulek,nanek pa'echek,U00558,G00463,hard,0.6457080841064453,0.5937308073043823,0.05197727680206299,4
U00530,G00439,ahora sé.,ipa'la ñinchitulek,yennitulek pa'ak,U00173,G00131,medium,0.6457080841064453,0.48323068022727966,0.16247740387916565,7
U02157,G01937,mira cuidadosamente.,lli'ker' uti'lakla,insekdipersu' ñapaker',U00995,G00858,hard,0.560542106628418,0.5038509964942932,0.056691110134124756,6
U02157,G01937,mira cuidadosamente.,lli'ker' uti'lakla,ma'pu'su'pintak nu'ter,U01809,G01606,medium,0.560542106628418,0.40979039669036865,0.15075170993804932,47
U00584,G00485,es mío.,kuakin nuka'a,sudasu' nuka'ka,U00822,G00698,hard,0.642349898815155,0.580946147441864,0.061403751373291016,36
U03091,G02866,"ahora vamos a vivir así, ahora ya no vamos a pandillar todo el pueblo.","nu'su' ipa'la ñaterwa', ñi kenmu'wa' ipa'la chu'kenapi'nterwa' iñer ñinanlu'.","amana' ñichu di'tawa', ali'la erpilu' kupiwan ñipachi nananta' di'tawa'.",U02851,G02626,hard,0.7089902758598328,0.6338170170783997,0.0751732587814331,2
U03091,G02866,"ahora vamos a vivir así, ahora ya no vamos a pandillar todo el pueblo.","nu'su' ipa'la ñaterwa', ñi kenmu'wa' ipa'la chu'kenapi'nterwa' iñer ñinanlu'.","tanna' pellunna' ipa' takerllina' nawa', ipa'li'na kenmu'wa'nta' nani'la lli'inutapalekwa'.",U02843,G02618,medium,0.7089902758598328,0.5487879514694214,0.16020232439041138,4
U00700,G00586,somos pobres.,kulliker'wi'ñidek,ikinek'uklli werañidek,U01237,G01076,hard,0.6129815578460693,0.5615866780281067,0.051394879817962646,37
U00094,G00425,estoy afectado.,muin'su' ñapalek,wa'danpintek ñapalek,U00340,G00273,hard,0.6999151706695557,0.6498528122901917,0.050062358379364014,25
U00514,G00425,estoy aburrida.,muin'su' ñapalek,ñapalek sakeksu',U01461,G01279,hard,0.6825184226036072,0.6324777007102966,0.05004072189331055,42
U00911,G00781,tom escapó.,tom chi'ye'klli,tom yunsu'lli,U00259,G00206,hard,0.8093671798706055,0.7584457993507385,0.05092138051986694,30
U02622,G02397,"no tiene nada, no tiene hijos, no tiene perro, no tiene gallinas, no tiene nada.","ñi ma'wi'ñi, wilawi'ñi, ñi ñiñi'wi'ñi, wa'dantekwi'ñi, ñi ma'wi'ñi.","ñi nana wa'dantek pektawapi'ñi, ñi laman pektawapi'ñi, ñi ma'nen nanadaper.",U02624,G02399,hard,0.7114171981811523,0.581861674785614,0.12955552339553833,2
U02622,G02397,"no tiene nada, no tiene hijos, no tiene perro, no tiene gallinas, no tiene nada.","ñi ma'wi'ñi, wilawi'ñi, ñi ñiñi'wi'ñi, wa'dantekwi'ñi, ñi ma'wi'ñi.","wilalunlusa'nta kuten'anna', kekkilu'tek lli'anna', tandulalusa' lli'anna', willekllina'.",U02564,G02339,medium,0.7114171981811523,0.5553807616233826,0.15603643655776978,4
U00144,G00104,ven a beber,uencher',aku'ker' kinekla,U00876,G00748,hard,0.42240461707115173,0.3713921904563904,0.05101242661476135,25
U00182,G00139,sonreí.,yamerladalek',tumu'lek,U00030,G00025,hard,0.7011153697967529,0.6268722414970398,0.07424312829971313,10
U00182,G00139,sonreí.,yamerladalek',tumu'tuleklek,U01411,G01232,medium,0.7011153697967529,0.5497430562973022,0.15137231349945068,40
U02838,G02613,"diferente lengua hablarán, decimos.","nerpi'la la'la' ipa' lunpallina', ta'kawa'su'.",pipekdek'anni'ma kencha'dekllina' ya'luwerdek'anna'.,U03020,G02795,hard,0.5846309065818787,0.46879076957702637,0.1158401370048523,2
U02838,G02613,"diferente lengua hablarán, decimos.","nerpi'la la'la' ipa' lunpallina', ta'kawa'su'.","nawa' katu'shadaper, katu'ta' ku'aperwawalusa'.",U02442,G02217,medium,0.5846309065818787,0.43272146582603455,0.15190944075584412,4
U01023,G00885,¿luzco bien?,¿llitapalek musu'?,¿yennitulek a'ñak?,U01331,G01159,hard,0.6096662878990173,0.5462512969970703,0.06341499090194702,9
U01023,G00885,¿luzco bien?,¿llitapalek musu'?,¿yennitulek wiperi'a'kik?,U01332,G01160,medium,0.6096662878990173,0.4590902626514435,0.15057602524757385,28
U01605,G01416,¿quién gana?,¿den kana'tulli?,¿ma'nen'a'cha nakulli?,U01599,G01410,hard,0.5782172083854675,0.5180518627166748,0.060165345668792725,13
U01605,G01416,¿quién gana?,¿den kana'tulli?,¿llillinpen nu'tula?,U01021,G00883,medium,0.5782172083854675,0.4281364977359772,0.15008071064949036,29
U03028,G02803,"¡imaginate, ellos sin saber leer!","enta'n, nawa' kerka' ñinchilli'npu'la'pi'na'.",¡ma'ki'na tek kualu'lusa' ta'wanchi!,U03083,G02858,hard,0.48254525661468506,0.4236849248409271,0.058860331773757935,34
U03022,G02797,"antes cuando yo era niño he escuchado que en ese camino de moyobamba perecieron, el duende puro hueso les comió dijeron.","napi', kuanta' wilakuñamu laukta'kasu' nana muyunpa inchilalak taker'llina', lansi' wa'danler ka'deklli tullina'.","katu'shunka' alei'teklun ekkilala ñisik ima, nana wa'anku'lusa' malallinalek lu'rnkasu' nawei'ma ipa' chimia'ser adankenñunta'llina'.",U03086,G02861,hard,0.6003181338310242,0.5317128300666809,0.06860530376434326,4
U03022,G02797,"antes cuando yo era niño he escuchado que en ese camino de moyobamba perecieron, el duende puro hueso les comió dijeron.","napi', kuanta' wilakuñamu laukta'kasu' nana muyunpa inchilalak taker'llina', lansi' wa'danler ka'deklli tullina'.","naneklima ali'la musun pa'an, sekllintan ima simana' ima sekllintullina'.",U02958,G02733,medium,0.6003181338310242,0.44708332419395447,0.1532348096370697,20
U02144,G01924,están bailando.,lansa'pallina',tumu'pallina',U01547,G01359,hard,0.7052931189537048,0.5992445349693298,0.106048583984375,2
U02144,G01924,están bailando.,lansa'pallina',da'pañina',U01194,G01036,medium,0.7052931189537048,0.5497886538505554,0.15550446510314941,5
U02867,G02642,"eso los viejos que saben hacer entender, que saben interpretar, van a hacerles entender nuestros sueños,","nanapu'a'su' taserpilusa' ñinchia'lachekterkasu', ñinchilawer'erkasu' a'lachektetchuna', laweretchuna' ma'tusui'pa' wa'lata'kawa'su'.","ali'la wa'natek tekka'a'su' nanek kenmanta', kenmama'nta' pa'achuma' kuda ipa' chimiansekudek, tullina' amishala.",U03032,G02807,hard,0.6371434330940247,0.5861906409263611,0.050952792167663574,6
U02867,G02642,"eso los viejos que saben hacer entender, que saben interpretar, van a hacerles entender nuestros sueños,","nanapu'a'su' taserpilusa' ñinchia'lachekterkasu', ñinchilawer'erkasu' a'lachektetchuna', laweretchuna' ma'tusui'pa' wa'lata'kawa'su'.","nana sekputchekkui'na di'tanna, inpasetllina', inluyullina'.",U03148,G02923,medium,0.6371434330940247,0.48639562726020813,0.15074780583381653,33
U01152,G01005,entró mary.,da'kerlli mari,ala'sa' yalli' ektukerlli,U01175,G01023,medium,0.7098310589790344,0.49894800782203674,0.21088305115699768,2
U01926,G01717,estás invitado.,peklupi nuka'ma,u'chimushala nuker'ka,U02125,G01905,hard,0.5048771500587463,0.4546683728694916,0.05020877718925476,36
U03175,G02950,a los niños varoncitos los llamó.,wilalusa' enmu'pinenwawalusa' ima peklu'deklli.,uk'apinlencha'ni'ma kelluluñiñi' kanañina'.,U02960,G02735,hard,0.6167281866073608,0.561364471912384,0.05536371469497681,12
U03175,G02950,a los niños varoncitos los llamó.,wilalusa' enmu'pinenwawalusa' ima peklu'deklli.,nanentu pa'erkasu' anaker'chuna' iñerdaper.,U02855,G02630,medium,0.6167281866073608,0.4666804373264313,0.15004774928092957,40
U02554,G02329,"jefe, han quemado pampayacu, todos están pereciendo quemados... los que pescaban dijeron.","wa'an, panpadek di'setchullina', iñer uki'tapilallina'.... purwanlusa' itullima.","- ah, pakuuu kenmamá'. lliinuta'mama'su' yasaka'tulama' itudeklek. ah, vayan ustedes, conforme acordaron van a",U02446,G02221,medium,0.7055470943450928,0.5304729342460632,0.17507416009902954,2
U01553,G01365,tom recuerda.,tom lli'inutapalli,tom wer'lli,U02153,G01933,hard,0.7004141807556152,0.6490872502326965,0.0513269305229187,46
U01505,G01321,vayamos abajo.,nuwanta'wa',tupi'tu'udek,U00303,G00242,hard,0.5353147983551025,0.473192036151886,0.06212276220321655,15
U02077,G01860,es engañoso.,tumu'tek' nuka'a,nanapu'su' nuka'a,U01805,G01602,hard,0.656474769115448,0.6021780967712402,0.054296672344207764,6
U02077,G01860,es engañoso.,tumu'tek' nuka'a,nalu ñapalli,U00364,G00295,medium,0.656474769115448,0.5056824088096619,0.15079236030578613,27
U00966,G00832,sos grande.,a'lliupiken nuka'ma,inapiken nuka'ma,U01639,G01449,hard,0.6059331297874451,0.5292338728904724,0.07669925689697266,2
U00966,G00832,sos grande.,a'lliupiken nuka'ma,sadasu' nuka'ka,U00821,G00697,medium,0.6059331297874451,0.453991562128067,0.15194156765937805,31
U01508,G01323,avancemos.,pa'awa' ekter'lupa',taitula'u'kudek,U00499,G00411,hard,0.5515803694725037,0.4918661415576935,0.05971422791481018,22
U02692,G02467,¿quiénes son ustedes para que hagan esto a mi casa a pesar de que yo les trataba bien?,¿kenmama' a'cha u'pidekta'mama'u'kusu' kua musu' nu'tapallenma'?,willeklek wilaweklusa' chiketllapitapallinerku menmik.,U02426,G02201,hard,0.5361947417259216,0.4640064239501953,0.07218831777572632,8
U02692,G02467,¿quiénes son ustedes para que hagan esto a mi casa a pesar de que yo les trataba bien?,¿kenmama' a'cha u'pidekta'mama'u'kusu' kua musu' nu'tapallenma'?,kui'na kaluwi'mu innichi'nek ñi enñupa' pa'a'kasu'.,U02422,G02197,medium,0.5361947417259216,0.3855404853820801,0.15065425634384155,42
U01198,G01039,rieron.,lumer'llina',lli'ker'llia',U00237,G00187,hard,0.6857112050056458,0.6329370737075806,0.052774131298065186,16
U01198,G01039,rieron.,lumer'llina',panper'echuna',U01865,G01659,medium,0.6857112050056458,0.5220257043838501,0.16368550062179565,36
U02641,G02416,van a venir los peces.,uketchu samellusa'.,iñer ta'wantapilallina'.,U02333,G02108,hard,0.4713761806488037,0.40102246403694153,0.07035371661186218,5
U02641,G02416,van a venir los peces.,uketchu samellusa'.,tullina' taserpiku'lusa'.,U02774,G02549,medium,0.4713761806488037,0.32034817337989807,0.15102800726890564,26
U00627,G00522,mantente cerca.,ñapaker' kawik,musu' dek'la,U00396,G00321,hard,0.5422232151031494,0.49123039841651917,0.05099281668663025,34
U01958,G01748,"vamos, levántate.","yunsanker', enchu",wenller' kenmasa',U00474,G00389,hard,0.5083565711975098,0.4257827401161194,0.08257383108139038,11
U01958,G01748,"vamos, levántate.","yunsanker', enchu",enta' winterkenma'. ¡lawekku'!,U03055,G02830,medium,0.5083565711975098,0.35827454924583435,0.15008202195167542,27
U00387,G00315,comamos.,weranwa',mu'pallidek',U00271,G00217,hard,0.6760798692703247,0.602834939956665,0.07324492931365967,2
U00387,G00315,comamos.,weranwa',a'wer'llidek,U02186,G01966,medium,0.6760798692703247,0.5235398411750793,0.15254002809524536,30
U00125,G00089,bienvenidos.,muwencha'ku',in'ekpa'wa' musu',U02099,G01880,hard,0.6003726720809937,0.5457884073257446,0.05458426475524902,4
U00125,G00089,bienvenidos.,muwencha'ku',idunwa',U00607,G00503,medium,0.6003726720809937,0.44705113768577576,0.1533215343952179,19
U00126,G00089,bienvenidas.,muwencha'ku',kenmamentu,U00278,G00224,hard,0.6500799059867859,0.5985763072967529,0.05150359869003296,3
U00126,G00089,bienvenidas.,muwencha'ku',musu' paskua',U01038,G00899,medium,0.6500799059867859,0.49821025133132935,0.15186965465545654,10
U02536,G02311,¿tienen hambre? cuando abra mi boca metan los dos pescados.,- ¿uki'lalama' a'cha? lauk'a'seku asu' katu'ta' samer i'la dekwa'ku' la'la'wekkek.,¿mupalek saka'tunanki?,U01643,G01453,hard,0.46078404784202576,0.39496883749961853,0.06581521034240723,5
U01807,G01604,¡es maravilloso!,¡liatusu' nuka'a!,!embu'ni we'inuipa'!,U00959,G00825,hard,0.6106286644935608,0.5602484345436096,0.05038022994995117,18
U01807,G01604,¡es maravilloso!,¡liatusu' nuka'a!,¡kananekwa'!,U01246,G01083,medium,0.6106286644935608,0.45849907398223877,0.15212959051132202,43
U00124,G00802,perdimos.,wer'llidek,we'inutulidek,U00946,G00814,hard,0.7746748328208923,0.6711106896400452,0.10356414318084717,6
U00124,G00802,perdimos.,wer'llidek,a'nañiechidek,U00942,G00810,medium,0.7746748328208923,0.6114617586135864,0.1632130742073059,14
U00933,G00802,nos perdimos.,wer'llidek,perlli'llidek,U00701,G00587,hard,0.7568641304969788,0.7013055682182312,0.05555856227874756,4
U00933,G00802,nos perdimos.,wer'llidek,llia'terwa',U01588,G01399,medium,0.7568641304969788,0.6050904989242554,0.1517736315727234,15
U03117,G02892,"así vamos a estar viviendo pues ahora, otras gentes han entrado en jeberos.","nu'su' ñapilaterwa' enta' ipa'la, nermuda'lusi'pa' danker'kuñina' shiwiluk.","ipa'la'ka luwetchudekllina' ali'la muda'lusa', luwetchudekñina' nerpi'la lunlusa'.",U03034,G02809,hard,0.6964752674102783,0.5891227722167969,0.10735249519348145,2
U03117,G02892,"así vamos a estar viviendo pues ahora, otras gentes han entrado en jeberos.","nu'su' ñapilaterwa' enta' ipa'la, nermuda'lusi'pa' danker'kuñina' shiwiluk.","nanek ukllinantanna', ali'la uklli ukllinantununta'nna' tullina' yadanta'llidek.",U02982,G02757,medium,0.6964752674102783,0.5452267527580261,0.1512485146522522,6
U02783,G02558,no conocen los grandes peces:,luwetchi'ñina' asu' kupin samellusa':,sa'la'wenkasu' malek ima itudekllina':,U02525,G02300,hard,0.6843171715736389,0.6018038392066956,0.08251333236694336,2
U02783,G02558,no conocen los grandes peces:,luwetchi'ñina' asu' kupin samellusa':,"ñimi'na luwetchi'ñina' iker'adu,",U02632,G02407,medium,0.6843171715736389,0.5218023061752319,0.16251486539840698,11
U02132,G01912,viven allá.,nanek nanpipallina',weranwa' asek,U01824,G01620,hard,0.599444568157196,0.4597744643688202,0.13967010378837585,4
U02132,G01912,viven allá.,nanek nanpipallina',iñer'daper yamerladallina',U01984,G01771,medium,0.599444568157196,0.44933971762657166,0.1501048505306244,6
U03004,G02779,"así, de esa manera, llegaron a moyobamba decían los abuelos ya finados.",nu'sik nu'eklima nana muyunpak ektu'llina' tullina' papinkuku'lusa'.,nu'an yupasik ima ipa' ipa'linchi ñinanlu' indiuntunñina'.,U02737,G02512,hard,0.6779022812843323,0.6153342127799988,0.0625680685043335,5
U03004,G02779,"así, de esa manera, llegaron a moyobamba decían los abuelos ya finados.",nu'sik nu'eklima nana muyunpak ektu'llina' tullina' papinkuku'lusa'.,kenmu'wi'na asek ñiden lupa'paperwi'ñi tullima nana lli'tukunlusa'.,U02984,G02759,medium,0.6779022812843323,0.526879608631134,0.15102267265319824,28
U01853,G01647,es ese.,nuka'a nana,nu'su' nuka'a,U01191,G01034,medium,0.7952401638031006,0.643125593662262,0.15211457014083862,4
U01547,G01359,están mintiendo.,tumu'pallina',lansa'pallina',U02144,G01924,hard,0.7291577458381653,0.665420413017273,0.06373733282089233,3
U01547,G01359,están mintiendo.,tumu'pallina',latektullina',U00898,G00769,medium,0.7291577458381653,0.5679683685302734,0.16118937730789185,12
U01782,G01581,¿es doctor?,¿lulentutek'a'cha?,¿lulentuteken'a'cha?,U01781,G01580,hard,0.698197603225708,0.644472062587738,0.05372554063796997,10
U01782,G01581,¿es doctor?,¿lulentutek'a'cha?,¿ulanpallincha?,U01468,G01286,medium,0.698197603225708,0.5403890013694763,0.1578086018562317,31
U00134,G00096,¿estoy gordo?,¿weipensu' ñapalek?,¿ñinchitapala idun'ak?,U01005,G00868,hard,0.5737268328666687,0.5194932222366333,0.0542336106300354,23
U02914,G02689,"¡no, no va a ir todo el pueblo.","¡ma'sha, ñinanlu' iñer pa'i'nchu.","- ah, enta'n'i'na dasu'laklanek uwi'nek.",U02451,G02226,hard,0.6220874190330505,0.4926506578922272,0.12943676114082336,2
U02914,G02689,"¡no, no va a ir todo el pueblo.","¡ma'sha, ñinanlu' iñer pa'i'nchu.",asek kua patun a'ñinekta'la.,U02503,G02278,medium,0.6220874190330505,0.4383518099784851,0.18373560905456543,3
U01993,G01779,"ten, pruébatelo.","ma'a'tasu', lataker'","piper'unkellu', pipelladasu'.",U02736,G02511,hard,0.5952126979827881,0.4764755368232727,0.11873716115951538,3
U01993,G01779,"ten, pruébatelo.","ma'a'tasu', lataker'","pa'awa, nu'tuku'",U01665,G01472,medium,0.5952126979827881,0.43427154421806335,0.16094115376472473,8
U01256,G01092,lo tenemos.,a'ñapallidek,kana'llidek,U00051,G00041,hard,0.6976158618927002,0.6353273987770081,0.06228846311569214,5
U01256,G01092,lo tenemos.,a'ñapallidek,perlli'llidek,U00701,G00587,medium,0.6976158618927002,0.5440254807472229,0.1535903811454773,25
U03077,G02852,viendo apu'tek que estaban bien enojados corrió y se escondió en su dormitorio.,lli'an ima apu'tekku' enpu'nipa' yupilerkasu'tekka'lli insekkitulli wicha'pek.,ñienkasu' ñinchichillina' namasu' la'lekla lunchinpu'dek'a'kasu' malek.,U02301,G02076,hard,0.5755334496498108,0.5063586831092834,0.06917476654052734,3
U03077,G02852,viendo apu'tek que estaban bien enojados corrió y se escondió en su dormitorio.,lli'an ima apu'tekku' enpu'nipa' yupilerkasu'tekka'lli insekkitulli wicha'pek.,"wadunek kerkek lli'amu llillinlusa', nerpi'pu'.",U03195,G02970,medium,0.5755334496498108,0.4250205457210541,0.1505129039287567,21
U02221,G01998,¿estudias?,¿kerka' ñinchitapala?,¿luwer'pia'cha?,U01466,G01284,hard,0.6252535581588745,0.5735891461372375,0.05166441202163696,48
U01005,G00868,¿sabes nadar?,¿ñinchitapala idun'ak?,¿yennitula kanan'a'mak?,U01951,G01741,hard,0.5925173163414001,0.5362886786460876,0.0562286376953125,25
U02461,G02236,"sus piernitas eran muy flaquitas, piernas chuecas,","u'ñikuchu'chekshalima, kunsek kutu',","tanna' nerpi'pu', kumarinenna'lek inpilli'iteklatanna',",U02775,G02550,hard,0.6488342881202698,0.5805481672286987,0.06828612089157104,4
U02461,G02236,"sus piernitas eran muy flaquitas, piernas chuecas,","u'ñikuchu'chekshalima, kunsek kutu',","iñerdaper yu'nkellapilli,",U02744,G02519,medium,0.6488342881202698,0.4986880123615265,0.1501462757587433,20
U02429,G02204,"¿recién vienen? les digo en castellano, ¿ya han venido, hijos? les digo.","¿nauncha'lama'? kaschilleklan itulek, ¿ya han venido, hijos? itudeklek.","- ¿ma'kin adanpilenchalama', wilashala? itudekllima.",U02532,G02307,medium,0.8864036798477173,0.6073803901672363,0.27902328968048096,2
U01916,G01707,pareces molesto.,yupa'masu'pu'su' lli'tula,saka'ta'masu'pu'su' lli'tula,U01915,G01706,hard,0.607081949710846,0.5458883047103882,0.061193645000457764,6
U01916,G01707,pareces molesto.,yupa'masu'pu'su' lli'tula,weipensu' ñapala,U01296,G01127,medium,0.607081949710846,0.4568649232387543,0.15021702647209167,10
U01378,G01203,¡sujétalo!,¡pilli'ter'!,¡wiuker'!,U00170,G00128,hard,0.6989704370498657,0.6422428488731384,0.056727588176727295,19
U01378,G01203,¡sujétalo!,¡pilli'ter'!,¡u'chimuinchi!,U00300,G00239,medium,0.6989704370498657,0.5452735424041748,0.15369689464569092,41
U01612,G01423,puedes hacerlo.,yennitula nu'ta'mak,yennitula' uk'a'mak,U01268,G01103,hard,0.6347253322601318,0.5532613396644592,0.08146399259567261,2
U01612,G01423,puedes hacerlo.,yennitula nu'ta'mak,¿yennitula uk'a'mak?,U01002,G00865,medium,0.6347253322601318,0.4799647927284241,0.15476053953170776,8
U00027,G00022,abrázame.,wiperi'u,peklue'chen,U01767,G01567,hard,0.6391689777374268,0.5869209170341492,0.05224806070327759,19
U02171,G01951,queremos saber.,yañinchitullidek,yalunñidek,U02172,G01952,hard,0.7423230409622192,0.6641615629196167,0.07816147804260254,2
U02171,G01951,queremos saber.,yañinchitullidek,lauk'tapallidek,U02180,G01960,medium,0.7423230409622192,0.5847256183624268,0.15759742259979248,11
U01744,G01546,quiero otro.,luwantulek ali'la,ka'apalek tanta',U00773,G00650,hard,0.5017781257629395,0.44256332516670227,0.05921480059623718,2
U01744,G01546,quiero otro.,luwantulek ali'la,lauk'lek nana,U02061,G01844,medium,0.5017781257629395,0.3515908122062683,0.15018731355667114,37
U02583,G02358,"dice que ellos (los shawalas) yendo una vez, abriendo trocha yendo, vieron que estaba humeando.","nawi'mi'na' panta'nna', ala'lusa', sekllintanni'ma panta'nna', lli'llini'ma mu'katapasik.","tekkinchi ala'sa' dadapu mudi'ma lli'tulli. lli'anna' imanantullina', lli'anna' ñi enpi' lli'inpu'erkasu'.",U02981,G02756,hard,0.5174617767333984,0.4655969440937042,0.051864832639694214,39
U00091,G00063,soy tom.,nuka'ku tom,tom nuka'a,U00223,G00175,hard,0.8687341213226318,0.7592421174049377,0.10949200391769409,2
U00091,G00063,soy tom.,nuka'ku tom,tom uwapalli,U00652,G00544,medium,0.8687341213226318,0.6149476170539856,0.25378650426864624,3
U01920,G01711,quédese ahí.,llia'ker nanek,aku'ku' nanek,U01164,G01015,hard,0.5849186778068542,0.5314120650291443,0.05350661277770996,15
U01920,G01711,quédese ahí.,llia'ker nanek,ipa'la lli'inutulek,U01737,G01539,medium,0.5849186778068542,0.4341019093990326,0.15081676840782166,40
U00945,G00813,estamos listos.,insekdiperpi ñapalidek,sakeksu' ñapallidek,U02183,G01963,hard,0.7220281362533569,0.6593138575553894,0.06271427869796753,2
U00945,G00813,estamos listos.,insekdiperpi ñapalidek,i'shiwansu' ñapaku',U00379,G00309,medium,0.7220281362533569,0.5688498616218567,0.15317827463150024,27
U00280,G00225,apunta. ¡fuego!,tañiter' . ¡pen!,¡katu'pa'! ¡katu'pa'!,U00009,G00006,medium,0.7294517755508423,0.5738813877105713,0.155570387840271,3
U01901,G01695,¡buen país!,¡u'chimu ñinalu'!,¡wiuker' wila!,U01997,G01783,hard,0.5572915077209473,0.5063825845718384,0.05090892314910889,13
U01901,G01695,¡buen país!,¡u'chimu ñinalu'!,¡kananekwa'!,U01245,G01083,medium,0.5572915077209473,0.4005945324897766,0.15669697523117065,47
U02126,G01906,están amarillos.,sha'pi'su'sa' ñapallina,saka'tusu' ñapallina',U01548,G01360,hard,0.5025619268417358,0.45183065533638,0.050731271505355835,20
U02447,G02222,se van. luego de ir vienen tarde.,pa'llina'. pa'anna' erwa uncha'llina'.,"pa'awa, nu'tuku'",U01665,G01472,hard,0.5824037194252014,0.43245646357536316,0.14994725584983826,3
U02447,G02222,se van. luego de ir vienen tarde.,pa'llina'. pa'anna' erwa uncha'llina'.,"nanekla, nanekla'nka pi'shek'anma' lli'ku'.",U02544,G02319,medium,0.5824037194252014,0.42969509959220886,0.15270861983299255,4
U01523,G01338,habla claramente.,lunker' lachek'ak,wiuk'su' nu'ter',U01511,G01326,hard,0.47369199991226196,0.42265981435775757,0.051032185554504395,21
U01524,G01338,hable claramente.,lunker' lachek'ak,pilli'ter' ikersu',U00073,G01202,hard,0.49726760387420654,0.44488003849983215,0.05238756537437439,23
U01866,G01660,ellos atacarán.,nawa panper'chechuna',nawa' peklu'techuna',U01203,G01044,hard,0.6521680355072021,0.5695096254348755,0.08265841007232666,2
U01866,G01660,ellos atacarán.,nawa panper'chechuna',ekte'chechuna',U00156,G00115,medium,0.6521680355072021,0.4975292980670929,0.15463873744010925,11
U01897,G01691,los tenemos.,a'ñapalekdekwa',a'ta'wantullidek,U00697,G00584,hard,0.5976255536079407,0.5468989014625549,0.05072665214538574,23
U00293,G00232,vuelve pronto.,aden'cher' wiuk'su',ta'itula'u ata'wantak,U01494,G01311,hard,0.4503245949745178,0.4000638425350189,0.0502607524394989,22
U00977,G01449,eres libre.,inapiken nuka'ma,insekdiperpi nuka'ma,U01301,G01132,hard,0.6773582100868225,0.61468905210495,0.06266915798187256,5
U00977,G01449,eres libre.,inapiken nuka'ma,iñer' ñinchitapala',U01299,G01130,medium,0.6773582100868225,0.5192980766296387,0.15806013345718384,30
U01639,G01449,estás soltero.,inapiken nuka'ma,weipensu' ñapala,U01296,G01127,hard,0.5922773480415344,0.5385913252830505,0.05368602275848389,11
U01639,G01449,estás soltero.,inapiken nuka'ma,luantapala,U00975,G00841,medium,0.5922773480415344,0.4406239092350006,0.1516534388065338,46
U01754,G01556,estaba durmiendo.,wicha'pawinek,nakusu' weranek,U01709,G01512,hard,0.7142992615699768,0.6633344888687134,0.05096477270126343,4
U01754,G01556,estaba durmiendo.,wicha'pawinek,yaekpa'lek,U02028,G01812,medium,0.7142992615699768,0.5587510466575623,0.15554821491241455,27
U01057,G00917,soy chino.,chinu nuka'ka,shamu'pensu' nuka'ka,U00211,G00163,hard,0.65500408411026,0.6015865802764893,0.05341750383377075,14
U01057,G00917,soy chino.,chinu nuka'ka,insek'diperpiku' nuka'ka,U00218,G00170,medium,0.65500408411026,0.503136157989502,0.15186792612075806,37
U00693,G00580,cantaremos.,tuluner'aterwa',lansa'wa',U00854,G00730,hard,0.6946874856948853,0.6224740147590637,0.07221347093582153,3
U00693,G00580,cantaremos.,tuluner'aterwa',tupitawa',U01823,G01619,medium,0.6946874856948853,0.5440546274185181,0.1506328582763672,15
U03076,G02851,"cuando tenían todos sus tambores, cuando yupaneaban se encontraron en la misma puerta de apu'tek.",tuntunwanta'ser silututa'ser inkapetllina' apu'tekku' unkunanñik'inchi.,napi' taserpiku'lusa' luwanchiñina' kawita'kasu' wilakudek ña'sekkudek.,U02790,G02565,hard,0.5078343152999878,0.45662781596183777,0.051206499338150024,39
U00371,G00302,se acabó.,tekineklli,yutulli,U01698,G01501,hard,0.5819576978683472,0.5295449495315552,0.05241274833679199,27
U02437,G02212,con su padre les he criado.,papinalek teksusudeklek.,nanekla amitullinerku.,U02499,G02274,hard,0.560746967792511,0.507023274898529,0.053723692893981934,7
U02437,G02212,con su padre les he criado.,papinalek teksusudeklek.,kala ekkilala ima uketlli.,U02552,G02327,medium,0.560746967792511,0.41042420268058777,0.15032276511192322,31
U01473,G01291,había nevado.,pulunker' ñapawiñi,si'len ñiwiñi,U01476,G01294,hard,0.6573472619056702,0.5821730494499207,0.07517421245574951,8
U01473,G01291,había nevado.,pulunker' ñapawiñi,u'chimu ñiwiñi,U01795,G01594,medium,0.6573472619056702,0.5008033514022827,0.15654391050338745,24
U01546,G01358,están limpias.,mupisusa' ñapallina',muinsu' ñapallina',U01868,G01662,hard,0.6947125792503357,0.6378100514411926,0.056902527809143066,4
U01546,G01358,están limpias.,mupisusa' ñapallina',i'shiwansu' ñapaku',U00379,G00309,medium,0.6947125792503357,0.5433275103569031,0.15138506889343262,13
