pair_id,group_id,anchor,positive,negative,negative_pair_id,negative_group_id,difficulty,sim_positive,sim_negative,margin,negative_rank
U01828,G01624,escucha atentamente.,lau'ker' musu',cheksu' du'ker',U02118,G01898,hard,0.6741775274276733,0.60578453540802,0.06839299201965332,5
U01828,G01624,escucha atentamente.,lau'ker' musu',musuk'i'la lli'inuper',U01529,G01342,medium,0.6741775274276733,0.5197413563728333,0.1544361710548401,15
U01104,G00962,estoy divorciada.,apu'pi nuka'ka,nanpi'palek'i'la,U02056,G01839,hard,0.5428851842880249,0.4911322593688965,0.05175292491912842,51
U02591,G02366,divisando lo que levanta humo tu candela.,lli'amudek mu'katapa'su' penpen.,kui'na laweklateklupa' tullima.,U03160,G02935,medium,0.6618727445602417,0.49271905422210693,0.16915369033813477,2
U02521,G02296,"dicen que este monte lo van a quemar, pero no le creyeron.",asu' tanan ima di'setchetchuna' itudekllima ñima latekchiñina'.,nerpi'la llillin aku'llina' ñinchiluinpu'la'pi'na'.,U03196,G02971,hard,0.5960810780525208,0.4591659903526306,0.13691508769989014,3
U02521,G02296,"dicen que este monte lo van a quemar, pero no le creyeron.",asu' tanan ima di'setchetchuna' itudekllima ñima latekchiñina'.,pitetchi'ñina' ipa' nana kapiña'su' lli'anna'.,U02988,G02763,medium,0.5960810780525208,0.44553840160369873,0.15054267644882202,6
U02101,G01882,curémonos.,inlulen'awa',saka'taterwa',U00695,G00582,hard,0.7169933915138245,0.6441162824630737,0.07287710905075073,5
U02101,G01882,curémonos.,inlulen'awa',llia'terwa',U01588,G01399,medium,0.7169933915138245,0.5653266906738281,0.15166670083999634,22
U00921,G00895,esperame.,wa'ten'u,wa'ten'nek',U00185,G00141,medium,0.8399015665054321,0.6718530654907227,0.16804850101470947,3
U01034,G00895,deme tiempo.,wa'ten'u,wa'tenker',U02247,G02022,hard,0.6470953822135925,0.5929872393608093,0.0541081428527832,4
U01034,G00895,deme tiempo.,wa'ten'u,tupi'tu'u,U00302,G00241,medium,0.6470953822135925,0.4852484166622162,0.16184696555137634,15
U00920,G00790,apágalo.,a'tashunker',tupiter',U00497,G00409,hard,0.6587293148040771,0.6036261916160583,0.0551031231880188,21
U00920,G00790,apágalo.,a'tashunker',tununter',U01166,G01017,medium,0.6587293148040771,0.5082828402519226,0.15044647455215454,36
U02138,G01918,me matarán.,dei'techuner'ku,ilanñiner'ku,U01778,G01577,medium,0.7352293133735657,0.5779804587364197,0.157248854637146,2
U00990,G00854,¿estás perdido?,¿wer'su' ñapala?,¿inapi ñapala?,U00987,G00851,hard,0.7793315649032593,0.727306604385376,0.0520249605178833,3
U00990,G00854,¿estás perdido?,¿wer'su' ñapala?,¿a'pe'chapala?,U01938,G01728,medium,0.7793315649032593,0.5877647399902344,0.1915668249130249,21
U01102,G00961,estoy confuso.,lachek'ki'nek,ñinchichi'nek,U01068,G00927,hard,0.6946486830711365,0.6397868990898132,0.05486178398132324,3
U01102,G00961,estoy confuso.,lachek'ki'nek,yiennichi'nek,U02074,G01857,medium,0.6946486830711365,0.5378599166870117,0.15678876638412476,7
U01103,G00961,estoy confundido.,lachek'ki'nek,ñinchidinupalek,U00813,G00689,hard,0.6970051527023315,0.6067197322845459,0.09028542041778564,4
U01103,G00961,estoy confundido.,lachek'ki'nek,yiennichi'nek,U02074,G01857,medium,0.6970051527023315,0.5450617671012878,0.1519433856010437,7
U02351,G02126,"mientras muelo voy asando también la yuca, cinco yucas enteras.",peksantapamu nana inkaluner ker'unta' a'ler'apalek alei'teklundan.,"- asui'na asu'lupa' da'kellek kua samer yapektawamu, panpadek nuka'a tullima.",U02599,G02374,hard,0.5978823304176331,0.520046591758728,0.07783573865890503,5
U02351,G02126,"mientras muelo voy asando también la yuca, cinco yucas enteras.",peksantapamu nana inkaluner ker'unta' a'ler'apalek alei'teklundan.,"alla'shasa' samer kencha'lek, yalli'washawek'unta' alla'shasa'pi'la itullima.",U02535,G02310,medium,0.5978823304176331,0.4338255524635315,0.16405677795410156,10
U00760,G00639,está fingiendo comer.,intek weranpalli,panutapalli.,U02661,G02436,hard,0.6196503639221191,0.5431180000305176,0.07653236389160156,7
U00760,G00639,está fingiendo comer.,intek weranpalli,¿wicha'palli?,U01783,G01582,medium,0.6196503639221191,0.46662402153015137,0.15302634239196777,15
U01675,G01481,¿me conocen?,¿luwer'chapalama'u?,¿luwer'chapalek?,U01341,G01169,hard,0.7502199411392212,0.6152312755584717,0.1349886655807495,2
U01675,G01481,¿me conocen?,¿luwer'chapalama'u?,¿luwer'chapallien?,U01342,G01170,medium,0.7502199411392212,0.5926901698112488,0.1575297713279724,4
U02116,G01897,es brasileña.,brashika nuka'a,pipersu' nuka'a,U00229,G00179,medium,0.7434180378913879,0.5690388083457947,0.17437922954559326,2
U00833,G00709,¿está ventoso?,¿nakusu' tanluwatulli?,¿nu'su' nuka'a?,U00581,G00483,hard,0.6084986329078674,0.5497308969497681,0.058767735958099365,22
U00833,G00709,¿está ventoso?,¿nakusu' tanluwatulli?,¿ñapalli a'pinda'?,U01470,G01288,medium,0.6084986329078674,0.4573940634727478,0.15110456943511963,45
U00669,G00559,tomás esperó.,chuma wa'tentulli,chuma wer'lli,U01226,G01065,medium,0.8283082246780396,0.5371212959289551,0.2911869287490845,2
U00887,G00759,actúa.,nu'ter',katu'per',U00166,G00124,hard,0.757344663143158,0.6966471076011658,0.06069755554199219,2
U00887,G00759,actúa.,nu'ter',yan'katekter',U01358,G01185,medium,0.757344663143158,0.599674642086029,0.1576700210571289,10
U01068,G00927,no sé.,ñinchichi'nek,yiennichi'nek,U02074,G01857,hard,0.7549072504043579,0.6697589159011841,0.08514833450317383,3
U01068,G00927,no sé.,ñinchichi'nek,ku'la ñinchitapi'nek,U01397,G01221,medium,0.7549072504043579,0.5902783870697021,0.16462886333465576,9
U02195,G01974,escribe algo.,llinse'cher' manen'unta',uker' ma'pinta',U01040,G00901,hard,0.6544544696807861,0.5275617241859436,0.12689274549484253,3
U02195,G01974,escribe algo.,llinse'cher' manen'unta',ninchiter' wapu',U00631,G00526,medium,0.6544544696807861,0.49946534633636475,0.1549891233444214,7
U01295,G01126,están despedidos.,saka'tunakla usu'dekllina',saka'tusu' ñapallina',U01548,G01360,hard,0.8040074706077576,0.7481240034103394,0.05588346719741821,2
U01295,G01126,están despedidos.,saka'tunakla usu'dekllina',saka'tunakla usu'llina,U01294,G01125,medium,0.8040074706077576,0.6456364393234253,0.15837103128433228,6
U02483,G02258,hace mucho yo viví en varadero.,kua napi' simirkek nanpilek.,napi' sudawek sudatulek.,U02405,G02180,hard,0.6004121899604797,0.5040964484214783,0.09631574153900146,3
U02483,G02258,hace mucho yo viví en varadero.,kua napi' simirkek nanpilek.,nanekpi'la a'kasetllek asukallek.,U02353,G02128,medium,0.6004121899604797,0.4396951496601105,0.16071704030036926,10
U01267,G01102,eres rico.,kulliker'wanpala,a'lliupiken nuka'ma,U00966,G00832,hard,0.6876975297927856,0.628969669342041,0.05872786045074463,2
U01267,G01102,eres rico.,kulliker'wanpala,kenma chiminllinkekla nampila,U01287,G01120,medium,0.6876975297927856,0.5346512198448181,0.15304630994796753,13
U01065,G00924,me corté.,indei'tulek,ilulek,U01727,G01529,hard,0.7564594149589539,0.6893724799156189,0.06708693504333496,2
U01065,G00924,me corté.,indei'tulek,kana'lliu,U01802,G01599,medium,0.7564594149589539,0.6041396260261536,0.1523197889328003,14
U01708,G01511,ya sé.,ipa' ñinchitulek,ipa'la lli'inutulek,U01737,G01539,medium,0.6840478777885437,0.4848569929599762,0.1991908848285675,3
U01053,G00913,¡qué pesado!,¡enpu'ni saka'dek'ipa'!,¡embu'ni mushipa'!,U00511,G00422,hard,0.7555055022239685,0.702572226524353,0.05293327569961548,5
U01053,G00913,¡qué pesado!,¡enpu'ni saka'dek'ipa'!,¡empu'ni ñinchidinusu'ta'!,U00763,G00641,medium,0.7555055022239685,0.5751758813858032,0.18032962083816528,14
U02148,G01928,son hermanas.,kaikualusa' nuker'ka,wiuksu'lusa' nuker'ka,U01207,G01048,hard,0.6482712626457214,0.5856319069862366,0.06263935565948486,5
U02148,G01928,son hermanas.,kaikualusa' nuker'ka,sha'pi'su'sa' nuker'ka,U02127,G01907,medium,0.6482712626457214,0.496667742729187,0.15160351991653442,12
U02624,G02399,"él no cría gallinas, no cría huanganas, nada de esos animales.","ñi nana wa'dantek pektawapi'ñi, ñi laman pektawapi'ñi, ñi ma'nen nanadaper.","ñi ma'wi'ñi, wilawi'ñi, ñi ñiñi'wi'ñi, wa'dantekwi'ñi, ñi ma'wi'ñi.",U02622,G02397,hard,0.7242029309272766,0.6415504217147827,0.0826525092124939,2
U02624,G02399,"él no cría gallinas, no cría huanganas, nada de esos animales.","ñi nana wa'dantek pektawapi'ñi, ñi laman pektawapi'ñi, ñi ma'nen nanadaper.","apu'tek i'mi'na ñinpu' ninchiluyuchi'ñi, ñi aperku'tekinpu'.",U03134,G02909,medium,0.7242029309272766,0.5605230927467346,0.163679838180542,4
U00973,G00839,me lastimas.,a'kaluwi'lun,luyullien,U00525,G00435,hard,0.7615306377410889,0.6734298467636108,0.08810079097747803,3
U00973,G00839,me lastimas.,a'kaluwi'lun,enmu'lek,U00548,G00454,medium,0.7615306377410889,0.5961553454399109,0.16537529230117798,6
U00201,G00154,estoy herido.,chacha'lek ñapalek,ñapalek sadasu',U00820,G00696,hard,0.7239418625831604,0.6668903231620789,0.05705153942108154,30
U00201,G00154,estoy herido.,chacha'lek ñapalek,nakusu' muin'su' ñapallidek,U01563,G01374,medium,0.7239418625831604,0.5621079802513123,0.16183388233184814,41
U02793,G02568,cuando un viejo hablaba los niños no debían asomarse.,"taserpi lunpasik, wilalusa' kawichi'ñina'.",wilalusa' enmu'pinenwawalusa' ima peklu'deklli.,U03175,G02950,hard,0.6283596754074097,0.5215878486633301,0.10677182674407959,4
U02793,G02568,cuando un viejo hablaba los niños no debían asomarse.,"taserpi lunpasik, wilalusa' kawichi'ñina'.",napi' taserpiku'lusa' luwanchiñina' kawita'kasu' wilakudek ña'sekkudek.,U02790,G02565,medium,0.6283596754074097,0.47387951612472534,0.15448015928268433,10
U01772,G01572,me desnudo.,inanpilechek,indei'techek,U01064,G00923,hard,0.613722026348114,0.5577839612960815,0.05593806505203247,14
U01772,G01572,me desnudo.,inanpilechek,chimin'ina'ka,U01760,G01562,medium,0.613722026348114,0.4620923399925232,0.15162968635559082,42
U00561,G00466,me mudaré.,yunsue'chek,adencha'lek,U00187,G01794,hard,0.7823723554611206,0.7308019399642944,0.05157041549682617,2
U00561,G00466,me mudaré.,yunsue'chek,dunker'echek,U02043,G01827,medium,0.7823723554611206,0.6307715773582458,0.15160077810287476,12
U00295,G00234,no preguntes.,yalek'tuta,ñilupa'sha,U00419,G00339,hard,0.7208861708641052,0.6506659388542175,0.0702202320098877,7
U00295,G00234,no preguntes.,yalek'tuta,yatuluner'ta,U00486,G00399,medium,0.7208861708641052,0.566428542137146,0.15445762872695923,15
U03009,G02784,(las mujeres) lloraban bastante y después se acostumbraban.,wellek'apawi'ni'ma tekkiyallina'.,musenkek kekkilu'tek ima kunekchapallina'.,U02685,G02460,hard,0.5567374229431152,0.48980212211608887,0.06693530082702637,5
U03009,G02784,(las mujeres) lloraban bastante y después se acostumbraban.,wellek'apawi'ni'ma tekkiyallina'.,chipetcheknenna'si'ma' pektentapalli.,U02911,G02686,medium,0.5567374229431152,0.40474632382392883,0.1519910991191864,22
U01299,G01130,eres inteligente.,iñer' ñinchitapala',tasellun ñapala,U00713,G00599,hard,0.6661266684532166,0.5878621339797974,0.07826453447341919,4
U01299,G01130,eres inteligente.,iñer' ñinchitapala',inapiken nuka'ma,U00977,G01449,medium,0.6661266684532166,0.4842182993888855,0.18190836906433105,13
U00359,G00290,llovió.,u'lanñi,a'aper'lli,U00358,G00289,hard,0.7303059101104736,0.6712442636489868,0.059061646461486816,8
U00359,G00290,llovió.,u'lanñi,ta'wan'tulli,U00370,G00301,medium,0.7303059101104736,0.5471055507659912,0.18320035934448242,21
U01059,G00918,estoy lesionado.,ñapalek da'peksu',ñapalek sakek'su',U00816,G00692,hard,0.826396644115448,0.7745530605316162,0.05184358358383179,12
U01059,G00918,estoy lesionado.,ñapalek da'peksu',amercha tekuasu' ñapalek,U00823,G00699,medium,0.826396644115448,0.6718435287475586,0.1545531153678894,36
U00660,G00550,tom miró.,tom lli'tulli,tom lauki'lli,U00672,G00562,hard,0.8487493395805359,0.7502312064170837,0.09851813316345215,3
U00660,G00550,tom miró.,tom lli'tulli,tom lanteñi,U00433,G00350,medium,0.8487493395805359,0.6739802956581116,0.17476904392242432,5
U01633,G01444,lo verás.,lli'echu,ipa' lli'echu,U00711,G00597,hard,0.8036909699440002,0.7041121125221252,0.099578857421875,3
U01633,G01444,lo verás.,lli'echu,lli'echek,U01446,G01264,medium,0.8036909699440002,0.6531296372413635,0.15056133270263672,4
U01634,G01444,la verás.,lli'echu,ipa' lli'echu,U00711,G00597,hard,0.794478178024292,0.7017321586608887,0.09274601936340332,3
U01634,G01444,la verás.,lli'echu,ekte'chechu,U00155,G00114,medium,0.794478178024292,0.6285337805747986,0.1659443974494934,5
U00024,G01474,¿entendiste?,¿lachek'la?,¿lli'la?,U01668,G01475,hard,0.7879623174667358,0.7216848731040955,0.06627744436264038,3
U00024,G01474,¿entendiste?,¿lachek'la?,¿si'lentapala'?,U01636,G01446,medium,0.7879623174667358,0.6355505585670471,0.15241175889968872,14
U01667,G01474,¿entendió?,¿lachek'la?,¿peklu'tula?,U00706,G00592,hard,0.7306042313575745,0.6241183876991272,0.10648584365844727,10
U01667,G01474,¿entendió?,¿lachek'la?,ilanñi,U01172,G01021,medium,0.7306042313575745,0.5748317837715149,0.15577244758605957,15
U02797,G02572,las viejas finadas y los viejos finados se sentaban y hablaban de ese arákayu.,"tasellunku'lusa' papinkuku'lusa' du'anna', nana arakayukin luñina'.",nana mukankinpu'lalusa'ler arakayu pideknen di'setchullina'.,U02788,G02563,hard,0.6874039769172668,0.6234979033470154,0.06390607357025146,2
U02797,G02572,las viejas finadas y los viejos finados se sentaban y hablaban de ese arákayu.,"tasellunku'lusa' papinkuku'lusa' du'anna', nana arakayukin luñina'.",nawi'na wintapanta'llinerku ma'pu'si'pa mitan nakulama' tullima arakayu.,U02671,G02446,medium,0.6874039769172668,0.5343733429908752,0.1530306339263916,4
U02082,G01864,solo pruébatela.,lataker'sa',luwe'chinbuer',U02080,G01862,hard,0.6085668802261353,0.504504382610321,0.10406249761581421,4
U02082,G01864,solo pruébatela.,lataker'sa',lektapaleksa',U02050,G01833,medium,0.6085668802261353,0.45402079820632935,0.1545460820198059,11
U01036,G00897,buenos días.,muuklli,mulusa',U00167,G00125,hard,0.5694739818572998,0.4616618752479553,0.10781210660934448,3
U01036,G00897,buenos días.,muuklli,pa'a,U00236,G00186,medium,0.5694739818572998,0.4168420732021332,0.15263190865516663,7
U01640,G01450,estás delgado.,sha'mu'su' nuka'ma,tumu'pala,U01297,G01128,hard,0.6336994171142578,0.5703355669975281,0.06336385011672974,15
U01640,G01450,estás delgado.,sha'mu'su' nuka'ma,weipensu' ñapala,U01296,G01127,medium,0.6336994171142578,0.48179617524147034,0.15190324187278748,26
U02693,G02468,gritó arákayu.,lukatullima arakayu.,lawinñini'ma arakayu.,U02656,G02431,hard,0.7412595152854919,0.6473199725151062,0.09393954277038574,2
U02693,G02468,gritó arákayu.,lukatullima arakayu.,arakayu ima pillektutek.,U02717,G02492,medium,0.7412595152854919,0.5708836913108826,0.17037582397460938,7
U00044,G00036,¿en serio?,¿tekinchi?,¿tekinchi'cha?,U00579,G00481,hard,0.6303932070732117,0.5470210313796997,0.08337217569351196,3
U00044,G00036,¿en serio?,¿tekinchi?,¿mukankan'inpu'?,U00353,G00284,medium,0.6303932070732117,0.4599060118198395,0.1704871952533722,5
U00045,G00036,¿la verdad?,¿tekinchi?,¿lulentutek'a'cha?,U01782,G01581,hard,0.6895679235458374,0.5877705216407776,0.10179740190505981,5
U00045,G00036,¿la verdad?,¿tekinchi?,¿lun'na?,U01340,G01168,medium,0.6895679235458374,0.534433901309967,0.15513402223587036,11
U02661,G02436,está regalando (pescado).,panutapalli.,latada'pilalli,U00191,G00146,hard,0.5834004878997803,0.5108028054237366,0.0725976824760437,6
U02661,G02436,está regalando (pescado).,panutapalli.,lunta'palli,U01367,G01192,medium,0.5834004878997803,0.42490068078041077,0.1584998071193695,9
U01619,G01430,necesitas ayuda.,katu'pa' luwantula,luwantulliden,U00937,G00805,medium,0.7376670241355896,0.579116940498352,0.15855008363723755,2
U02220,G01997,¿son estudiantes?,¿ñinchitulusa' nuka'mama'?,¿suntadulusa'cha?,U01307,G01138,hard,0.6692538857460022,0.616269588470459,0.05298429727554321,4
U02220,G01997,¿son estudiantes?,¿ñinchitulusa' nuka'mama'?,kadu'lusa' nuker'ka,U01206,G01047,medium,0.6692538857460022,0.5031596422195435,0.16609424352645874,11
U01997,G01783,¡apúrate niña!,¡wiuker' wila!,¡tuker' ma'nen'unta'!,U01516,G01331,hard,0.7633171081542969,0.6381586790084839,0.125158429145813,2
U01997,G01783,¡apúrate niña!,¡wiuker' wila!,¡ñiker' musu!,U00751,G00630,medium,0.7633171081542969,0.579548716545105,0.1837683916091919,3
U02733,G02508,sólo ellos van a poblar de nuevo.,nawa'sa' nanpichuna'.,a'pinta' tupichina' nawa'.,U02293,G02068,hard,0.650021493434906,0.5868380069732666,0.0631834864616394,4
U02733,G02508,sólo ellos van a poblar de nuevo.,nawa'sa' nanpichuna'.,ipa'la a'pinta' lliwaitullina'.,U02814,G02589,medium,0.650021493434906,0.49251073598861694,0.15751075744628906,11
U01410,G01231,te mentí.,tumu'tullien,tumu'lek,U00030,G00025,hard,0.8024440407752991,0.6949781775474548,0.10746586322784424,2
U01410,G01231,te mentí.,tumu'tullien,luantullien,U00534,G00441,medium,0.8024440407752991,0.6373361945152283,0.1651078462600708,7
U00780,G00657,tengo vino.,vinu' a'ñapalek,kerlliek vinu',U01712,G01515,medium,0.7676348090171814,0.6001228094100952,0.16751199960708618,2
U02688,G02463,"cuando pasó el carnaval regresó,","mitan nakusik ima adanta'n,","iñer ka'latak saneksik,",U02373,G02148,hard,0.7018241882324219,0.6473889350891113,0.05443525314331055,12
U02688,G02463,"cuando pasó el carnaval regresó,","mitan nakusik ima adanta'n,","nana ekpanta'i, ekpanta'i nerñinanluk,",U02290,G02065,medium,0.7018241882324219,0.5288098454475403,0.1730143427848816,22
U03134,G02909,"en cambio apu'tek no sabía aborrecer mucho, no era miserable.","apu'tek i'mi'na ñinpu' ninchiluyuchi'ñi, ñi aperku'tekinpu'.","iñer ima dullinen adipi, ukunpala'lli, ñi chipitekwi'ñi.",U02875,G02650,hard,0.6756849884986877,0.5598911643028259,0.11579382419586182,2
U03134,G02909,"en cambio apu'tek no sabía aborrecer mucho, no era miserable.","apu'tek i'mi'na ñinpu' ninchiluyuchi'ñi, ñi aperku'tekinpu'.","ñi nana wa'dantek pektawapi'ñi, ñi laman pektawapi'ñi, ñi ma'nen nanadaper.",U02624,G02399,medium,0.6756849884986877,0.5222914218902588,0.15339356660842896,4
U00626,G00521,mantente despierto.,ñapaker' nanpiladasu',ñapaker' kawik,U00627,G00522,hard,0.7242874503135681,0.654219925403595,0.07006752490997314,6
U00626,G00521,mantente despierto.,ñapaker' nanpiladasu',insek'dipersu' ñapaker',U00721,G00605,medium,0.7242874503135681,0.5518133640289307,0.17247408628463745,10
U00418,G00338,fuera.,adipi,nu'wanker',U01014,G00876,hard,0.6353799104690552,0.5290390253067017,0.10634088516235352,2
U00418,G00338,fuera.,adipi,yunsuer',U00062,G00048,medium,0.6353799104690552,0.47968554496765137,0.1556943655014038,12
U01586,G01397,somos egoístas.,kenmu'sak lli'i'nupalekwa',kulliker'wi'ñidek,U00700,G00586,hard,0.645261287689209,0.5649672746658325,0.08029401302337646,9
U01586,G01397,somos egoístas.,kenmu'sak lli'i'nupalekwa',ñinpi' lunpi'ñidek,U01573,G01384,medium,0.645261287689209,0.49414193630218506,0.15111935138702393,15
U00489,G00402,¡no hables!,¡yalunta'!,¡ta'ituler'!,U00012,G00009,hard,0.6314374804496765,0.5642439723014832,0.06719350814819336,14
U00489,G00402,¡no hables!,¡yalunta'!,du'la'ker',U00416,G00336,medium,0.6314374804496765,0.4786895215511322,0.1527479588985443,39
U02659,G02434,dice que fueron a mirar.,lli'kuñini'ma.,nu'anna' insekkitullina'.,U02940,G02715,hard,0.5901635885238647,0.5319004654884338,0.05826312303543091,3
U02659,G02434,dice que fueron a mirar.,lli'kuñini'ma.,tula'si'ma llinlliwañina'.,U03172,G02947,medium,0.5901635885238647,0.4342755079269409,0.15588808059692383,11
U02423,G02198,postrada me la paso.,ñapamu erwatapalek.,alantapalek kulliker',U01711,G01514,hard,0.5813578963279724,0.5237109065055847,0.057646989822387695,4
U02423,G02198,postrada me la paso.,ñapamu erwatapalek.,nana ka'amu susulek.,U02487,G02262,medium,0.5813578963279724,0.4286790192127228,0.15267887711524963,19
U00499,G00411,perdónenos.,taitula'u'kudek,tupi'tu'udek,U00303,G00242,hard,0.6712714433670044,0.6026397347450256,0.06863170862197876,4
U00499,G00411,perdónenos.,taitula'u'kudek,tupi'wa',U01507,G01322,medium,0.6712714433670044,0.5158485174179077,0.15542292594909668,14
U03120,G02895,de esta manera ahora están olvidando la lengua shiwilu.,ipa'la nu'anna' ipa' shiwilu la'la' pinaner'apilallina'.,ipa'la asu' senñula' itullun ¡lunker shiwilu la'la'!,U02504,G02279,hard,0.7537415623664856,0.677863359451294,0.07587820291519165,3
U03120,G02895,de esta manera ahora están olvidando la lengua shiwilu.,ipa'la nu'anna' ipa' shiwilu la'la' pinaner'apilallina'.,ipa'la asu' shaya'lusa' inllinsellina' asu' ladanenna'.,U03013,G02788,medium,0.7537415623664856,0.5801828503608704,0.17355871200561523,5
U00491,G00404,¡no esperes!,¡yawa'tenta!,¡yatumu'ta!,U01981,G01768,medium,0.8413342237472534,0.6641784906387329,0.1771557331085205,3
U03064,G02839,"nosotros somos bastantes, ellos son doscitos nomas.","kenmu'wa' wapu'mu'wa', ma'ki'na asu' katu'shadapersa'.","kenmu'wa' mutupi muda', kenmu'wa' ñi asu'lupa'dei'npu'.",U03150,G02925,medium,0.7204995155334473,0.5696640014648438,0.15083551406860352,2
U02347,G02122,una vez tostado se lo muele.,inyek ipa'linchi peksanek.,sekkankatan indi'dektulli sadinlek.,U02700,G02475,hard,0.5204604864120483,0.4671231508255005,0.05333733558654785,7
U02347,G02122,una vez tostado se lo muele.,inyek ipa'linchi peksanek.,ali'lima llia'lli ma'i mutupik.,U03153,G02928,medium,0.5204604864120483,0.36942315101623535,0.151037335395813,30
U00646,G00539,esto funciona.,asu' saka'tapalli,asu' saka'techu',U01872,G01666,hard,0.77822345495224,0.6850011348724365,0.09322232007980347,3
U00646,G00539,esto funciona.,asu' saka'tapalli,asu' analli,U00905,G00776,medium,0.77822345495224,0.6245120763778687,0.15371137857437134,6
U00647,G00539,esto trabaja.,asu' saka'tapalli,nana saka'tapalli,U00636,G00531,hard,0.8210509419441223,0.700088381767273,0.12096256017684937,3
U00647,G00539,esto trabaja.,asu' saka'tapalli,asu' analli,U00905,G00776,medium,0.8210509419441223,0.6080560684204102,0.21299487352371216,5
U01082,G00941,hablo rápido.,wiuksu' lunpalek,a'shulek wapu',U01739,G01541,hard,0.5528175234794617,0.4827969968318939,0.07002052664756775,4
U01082,G00941,hablo rápido.,wiuksu' lunpalek,nerpi'pu' dekundapalek,U01384,G01209,medium,0.5528175234794617,0.3964956998825073,0.15632182359695435,18
U02561,G02336,"atemorizados, cuando contaban nosotros (los jóvenes) los hemos oído a los viejos ya finados sentados en la calle,","tek kuanna', ta'ser kuda lauktullidek papinkuku'lusa' du'anna' adipik kallilalak,",nawa' lu'rnka'su' kudanta' laukta'kudeksu' wilakudek ñamudek lunpallidek.,U03003,G02778,medium,0.7138820886611938,0.5277466773986816,0.1861354112625122,2
U00675,G00565,tom morirá.,tom chiminchu,tom idenmechu,U01877,G01671,hard,0.8385903239250183,0.7312968969345093,0.10729342699050903,2
U00675,G00565,tom morirá.,tom chiminchu,tom pa'echu,U00441,G00358,medium,0.8385903239250183,0.6516115665435791,0.1869787573814392,5
U02285,G02060,a veces no puedo recordar lo que estoy hablando.,nerpi'pu' innichi'nek lli'inuta'kasu' lunpa'kasu'.,ñienkasu' ñinchichillina' namasu' la'lekla lunchinpu'dek'a'kasu' malek.,U02301,G02076,medium,0.6863980889320374,0.5143658518791199,0.17203223705291748,2
U00050,G00040,lo procuramos.,tekle'rier'chidek,tekle'rilek',U00089,G00062,hard,0.7256354689598083,0.6304751038551331,0.09516036510467529,2
U00050,G00040,lo procuramos.,tekle'rier'chidek,lli'aterwa',U01589,G01400,medium,0.7256354689598083,0.5661555528640747,0.15947991609573364,6
U00897,G00768,se besaron.,inmusha'llina',tumu'llina',U00637,G00835,hard,0.6727754473686218,0.6178468465805054,0.054928600788116455,2
U00897,G00768,se besaron.,inmusha'llina',da'pañina',U01195,G01036,medium,0.6727754473686218,0.5183566808700562,0.15441876649856567,19
U01037,G00898,"espera, tom.",wa'tenker' tom,"tupiter', tom",U01154,G01006,hard,0.8591234683990479,0.7094976902008057,0.1496257781982422,2
U01037,G00898,"espera, tom.",wa'tenker' tom,wiuk'er' tom,U01382,G01207,medium,0.8591234683990479,0.5665407776832581,0.2925826907157898,4
U02127,G01907,son amarillas.,sha'pi'su'sa' nuker'ka,u'chimuinchilusa' nuker'ka,U02149,G01929,hard,0.6601039171218872,0.6090219616889954,0.051081955432891846,10
U02127,G01907,son amarillas.,sha'pi'su'sa' nuker'ka,iñer' ñinchitulusa' nuker'ka,U01300,G01131,medium,0.6601039171218872,0.47500598430633545,0.18509793281555176,13
U02279,G02054,"viniendo de lima aquí ella también quiere aprender,","llimaklan wek'an asek nananta' yañinchitulli,","inpikanpiler'an ima unma' uklli,",U02642,G02417,hard,0.6551374793052673,0.5257377028465271,0.12939977645874023,2
U02279,G02054,"viniendo de lima aquí ella también quiere aprender,","llimaklan wek'an asek nananta' yañinchitulli,","nu'wanta'sik ima sameller tupitunta'lli,",U02706,G02481,medium,0.6551374793052673,0.5039051175117493,0.15123236179351807,4
U01464,G01282,¿está mirando?,¿lli'tapalli?,¿li'apala?,U01349,G01176,hard,0.8505492210388184,0.7365018725395203,0.1140473484992981,2
U01464,G01282,¿está mirando?,¿lli'tapalli?,¿li'apalu?,U01350,G01177,medium,0.8505492210388184,0.6856136322021484,0.16493558883666992,5
U00098,G00980,está bien.,mupalli,musu' nuka'a,U00757,G00636,hard,0.8100346326828003,0.6679204702377319,0.14211416244506836,4
U00098,G00980,está bien.,mupalli,¡mupalli!,U00103,G00072,medium,0.8100346326828003,0.6420019268989563,0.168032705783844,5
U00411,G00980,está buena.,mupalli,musu' nuka'a,U00757,G00636,hard,0.8245507478713989,0.7165606021881104,0.10799014568328857,4
U00411,G00980,está buena.,mupalli,¡mupalli!,U00103,G00072,medium,0.8245507478713989,0.6400837302207947,0.18446701765060425,5
U01127,G00980,está perfecto.,mupalli,musu' nuka'a,U00757,G00636,hard,0.7150924205780029,0.5952122211456299,0.11988019943237305,4
U01127,G00980,está perfecto.,mupalli,¡mupalli!,U00103,G00072,medium,0.7150924205780029,0.5622958540916443,0.15279656648635864,6
U01615,G01426,pareces ocupado.,ma'nen'nu'tapa'masu'pu'su' lli'tula,kaluwinanpu'su' lli'tula,U01616,G01427,hard,0.669399082660675,0.588861882686615,0.08053719997406006,3
U01615,G01426,pareces ocupado.,ma'nen'nu'tapa'masu'pu'su' lli'tula,iñer' ñinchitapala',U01299,G01130,medium,0.669399082660675,0.481219619512558,0.18817946314811707,7
U00690,G00577,fracasaremos.,teka'per'aterwa',uki'lallidek,U01564,G01375,hard,0.5826118588447571,0.5316767692565918,0.05093508958816528,20
U00568,G00472,he comido.,weranek',wichi'lek,U00085,G01223,medium,0.7439882159233093,0.5786720514297485,0.1653161644935608,2
U00999,G00862,hazle pasar.,a'nakuker',lenme'ker' ipa,U01833,G01629,hard,0.6490876078605652,0.5794572234153748,0.06963038444519043,2
U00999,G00862,hazle pasar.,a'nakuker',a'tender',U00677,G00567,medium,0.6490876078605652,0.4986952841281891,0.1503923237323761,15
U01008,G00871,¡míralo!,¡lli'ker'!,¡latada'ker'!,U01182,G01029,hard,0.7519072890281677,0.6979206800460815,0.05398660898208618,9
U01008,G00871,¡míralo!,¡lli'ker'!,¡nanpiker'!,U00119,G00085,medium,0.7519072890281677,0.6011843085289001,0.15072298049926758,19
U00961,G00827,¿quiénes sois?,¿denlusa'acha?,¿kenma?,U01903,G01697,hard,0.6976333856582642,0.6385389566421509,0.05909442901611328,6
U00961,G00827,¿quiénes sois?,¿denlusa'acha?,kua nuka'ka,U00099,G00068,medium,0.6976333856582642,0.5349406599998474,0.16269272565841675,10
U00606,G00502,cantemos.,tuluner'awa',lansa'wa',U00854,G00730,hard,0.830553412437439,0.7676516771316528,0.06290173530578613,3
U00606,G00502,cantemos.,tuluner'awa',¿lansa'wa?,U01841,G01636,medium,0.830553412437439,0.6788005232810974,0.15175288915634155,8
U02342,G02117,"pelada, se trae a la casa y se la guarda.","eksu', kencha'lek pidik, aku'lek.","mapapa', damer'ita, puka' yunchinkelli.",U02649,G02424,hard,0.5998289585113525,0.49236011505126953,0.10746884346008301,3
U02342,G02117,"pelada, se trae a la casa y se la guarda.","eksu', kencha'lek pidik, aku'lek.","uka'lek, eksu'lek.",U02341,G02116,medium,0.5998289585113525,0.4484843909740448,0.15134456753730774,7
U02903,G02678,ya algunos de los espíritus de los esposos muertos penaban en sus casas:,nu'unta' ipa' wa'danwañi nana pidik:,"nala pendakilanenlusa' musu' ukpendalu'tek walek ima uketlli,",U02557,G02332,hard,0.5224772095680237,0.46177709102630615,0.06070011854171753,12
U02903,G02678,ya algunos de los espíritus de los esposos muertos penaban en sus casas:,nu'unta' ipa' wa'danwañi nana pidik:,ipa'la asu' shaya'lusa' inllinsellina' asu' ladanenna'.,U03013,G02788,medium,0.5224772095680237,0.37149879336357117,0.15097841620445251,27
U02037,G01821,lo arreglaré.,tekdiper'echek,nu'techek,U00552,G00457,hard,0.6810275912284851,0.6306459307670593,0.05038166046142578,13
U02037,G01821,lo arreglaré.,tekdiper'echek,lli'echek,U01446,G01264,medium,0.6810275912284851,0.5255558490753174,0.15547174215316772,26
U00773,G00650,como pan.,ka'apalek tanta',ulek wayusa',U01719,G01522,hard,0.600607693195343,0.45414677262306213,0.14646092057228088,3
U00773,G00650,como pan.,ka'apalek tanta',maechek alasa',U01445,G01263,medium,0.600607693195343,0.40323641896247864,0.19737127423286438,4
U02478,G02253,"a mí esta señora me está hacienda hablar,","kua asu' senñula' a'lunpallun,","nanentu ker' manta'lek menmikda',",U02340,G02115,hard,0.7223551869392395,0.6445441842079163,0.07781100273132324,2
U02478,G02253,"a mí esta señora me está hacienda hablar,","kua asu' senñula' a'lunpallun,","nana wintupatekwa' nana tetchu,",U02868,G02643,medium,0.7223551869392395,0.5650894045829773,0.1572657823562622,9
U02505,G02280,si usted supiera hablar conversaríamos.,ñinchilu'nma'su' ñilli inluntunansu'.,lli'amudek mu'katapa'su' penpen.,U02591,G02366,hard,0.5116254091262817,0.4320572018623352,0.07956820726394653,3
U02505,G02280,si usted supiera hablar conversaríamos.,ñinchilu'nma'su' ñilli inluntunansu'.,a'lek'etchenma' kuda ukluta'kudeksu'.,U02335,G02110,medium,0.5116254091262817,0.3434826731681824,0.16814273595809937,15
U02451,G02226,"ah, a ver pues, desde la mañana no he bebido nada.","- ah, enta'n'i'na dasu'laklanek uwi'nek.","ipa'lalek, ipa'la walek yunsi'ñi.",U02470,G02245,hard,0.6536732912063599,0.5636515617370605,0.09002172946929932,2
U02451,G02226,"ah, a ver pues, desde la mañana no he bebido nada.","- ah, enta'n'i'na dasu'laklanek uwi'nek.",- nanekla yunsanma' tekka'nta'ku' ala'sa' nala inner'apek walek.,U02543,G02318,medium,0.6536732912063599,0.4907331168651581,0.16294017434120178,5
U02510,G02285,"sólo eso he hablado. yurimaguas, julio 2005",kua nanasa' lunek.,nana ka'amu susulek.,U02487,G02262,medium,0.6055790781974792,0.4437556266784668,0.16182345151901245,2
U01040,G00901,tómate algo.,uker' ma'pinta',wiu'su' nu'ter',U01345,G01173,hard,0.6451590657234192,0.5278825759887695,0.11727648973464966,4
U01040,G00901,tómate algo.,uker' ma'pinta',eklli nu'ter',U01669,G01476,medium,0.6451590657234192,0.44382935762405396,0.20132970809936523,13
U03026,G02801,"ahora más tienen aretes, tienen collar, aprendieron a leer y escribir. algunos tienen dinero.","ipa'la a'pinta' asunwekwañina', miduwañina', kerka' ñinchillintullina'. nu'unta' kulliker'wañi.","shunka' ekkilala, shunka' ínkatu', shunka' alei'teklun ku'apellusa'pu'su' pa'llina'. iñer uku'latukun.",U03007,G02782,hard,0.7221084237098694,0.5767425894737244,0.14536583423614502,2
U03026,G02801,"ahora más tienen aretes, tienen collar, aprendieron a leer y escribir. algunos tienen dinero.","ipa'la a'pinta' asunwekwañina', miduwañina', kerka' ñinchillintullina'. nu'unta' kulliker'wañi.","ipa'la'ka luwetchudekllina' ali'la muda'lusa', luwetchudekñina' nerpi'la lunlusa'.",U03034,G02809,medium,0.7221084237098694,0.5672233700752258,0.15488505363464355,3
U01629,G01440,trabajas duro.,saka'techu watensu',musu' sek'kaperechuner'ken,U01344,G01172,hard,0.6409593820571899,0.4964686632156372,0.14449071884155273,3
U01629,G01440,trabajas duro.,saka'techu watensu',saka'tapawina,U01625,G01436,medium,0.6409593820571899,0.4746338427066803,0.16632553935050964,4
U02332,G02107,nos estamos muriendo.,chimianpilallidek.,perlli'llidek,U00701,G00587,hard,0.6976211667060852,0.6389529705047607,0.05866819620132446,4
U02332,G02107,nos estamos muriendo.,chimianpilallidek.,welliek'apallidek,U01561,G01373,medium,0.6976211667060852,0.5457597970962524,0.15186136960983276,15
U00202,G00155,llego tarde.,erwa' ektu'lek,wichi'echek,U00088,G00061,hard,0.6599370837211609,0.5374960899353027,0.12244099378585815,3
U00202,G00155,llego tarde.,erwa' ektu'lek,dasu'la ektu'kerllia,U01609,G01420,medium,0.6599370837211609,0.4957466423511505,0.16419044137001038,7
U00540,G00446,prometí.,tuwinek,latek'iñen,U00521,G00432,hard,0.5610749125480652,0.4990924894809723,0.061982423067092896,9
U00540,G00446,prometí.,tuwinek,wa'tentechek,U00805,G00681,medium,0.5610749125480652,0.4109567701816559,0.1501181423664093,21
U01624,G01435,¿quieres esto?,¿asu' luwantula?,¿luwantulun?,U01678,G01484,medium,0.7433029413223267,0.5725626945495605,0.1707402467727661,2
U02228,G02003,¡contrólate!,¡inlu'uk'ter!,¡luntuu!,U00632,G00527,hard,0.7106506824493408,0.6582643985748291,0.05238628387451172,17
U02228,G02003,¡contrólate!,¡inlu'uk'ter!,tenpu'ker',U00146,G00106,medium,0.7106506824493408,0.5519137978553772,0.15873688459396362,35
U00641,G00534,lo intentaron.,indek'llina',peklu'tullina',U00892,G00764,hard,0.5466975569725037,0.4935245215892792,0.05317303538322449,15
U00641,G00534,lo intentaron.,indek'llina',latek'lanañi,U01850,G01645,medium,0.5466975569725037,0.3909861445426941,0.15571141242980957,37
U02364,G02139,cuando hierve se lo echa en otra olla de barro grande que está enterrada (hasta la mitad).,"ukluka'sik, ali'lak kupin uktak pekdu'a'kasu' upellek.",nu'sik ker' su'watek nananta' a'ukluka'lek ali'la uktak.,U02379,G02154,hard,0.6537251472473145,0.5978918671607971,0.055833280086517334,2
U02364,G02139,cuando hierve se lo echa en otra olla de barro grande que está enterrada (hasta la mitad).,"ukluka'sik, ali'lak kupin uktak pekdu'a'kasu' upellek.",we'chimu luntulek senñula' enpi'pu' lunchinpu'a'kasu'.,U02288,G02063,medium,0.6537251472473145,0.4810459315776825,0.17267921566963196,9
U03153,G02928,"otros se han quedado en el cerro. 11 literalmente, los nombres de adentro.",ali'lima llia'lli ma'i mutupik.,a'pinta' tupichina' nawa'.,U02293,G02068,hard,0.4817000925540924,0.39415058493614197,0.08754950761795044,3
U03153,G02928,"otros se han quedado en el cerro. 11 literalmente, los nombres de adentro.",ali'lima llia'lli ma'i mutupik.,u'lan untunan enñi.,U02714,G02489,medium,0.4817000925540924,0.3244200348854065,0.1572800576686859,17
U01731,G01533,hice panecitos.,nutulek tanta'shala,wayusa' nu'tulek,U01412,G01233,hard,0.6565438508987427,0.5799561142921448,0.0765877366065979,3
U01731,G01533,hice panecitos.,nutulek tanta'shala,alantapalek kulliker',U01711,G01514,medium,0.6565438508987427,0.48648959398269653,0.17005425691604614,5
U00074,G00055,dolor,iker,ikerlli,U00221,G00173,hard,0.6180634498596191,0.5662831664085388,0.05178028345108032,2
U00074,G00055,dolor,iker,duker,U00244,G00193,medium,0.6180634498596191,0.464038223028183,0.15402522683143616,9
U02876,G02651,de ahí le dijo:,naneklima itulli:,tekkinchima itulli:,U02627,G02402,hard,0.767047643661499,0.6939348578453064,0.07311278581619263,3
U02876,G02651,de ahí le dijo:,naneklima itulli:,nanek ima ali'la taserpi wa'lata'su' tulli:,U02854,G02629,medium,0.767047643661499,0.6158301830291748,0.15121746063232422,6
U02806,G02581,"sabiendo leer,","ñinchilli'anna' kerka'ña,","ñinchillinsetchanna',",U02805,G02580,hard,0.7067857980728149,0.6130895614624023,0.0936962366104126,2
U02806,G02581,"sabiendo leer,","ñinchilli'anna' kerka'ña,","nanima yañinchitulli,",U02313,G02088,medium,0.7067857980728149,0.5502673983573914,0.15651839971542358,4
U02916,G02691,ellos sí van a matar a esa fiera.,nawa'ler a'ka di'tetchuna' nana anaka'.,nanentu pa'erkasu' anaker'chuna' iñerdaper.,U02855,G02630,hard,0.6539126038551331,0.5466102957725525,0.10730230808258057,2
U02916,G02691,ellos sí van a matar a esa fiera.,nawa'ler a'ka di'tetchuna' nana anaka'.,kananna' nanasa' llikantullina' dei'tullina'.,U03079,G02854,medium,0.6539126038551331,0.4998302757740021,0.15408232808113098,4
U00926,G00795,¿hacía frío?,¿sanekwanwiñi?,¿musu'ñapawiñi?,U00927,G00796,hard,0.7335291504859924,0.6629433035850525,0.07058584690093994,2
U00926,G00795,¿hacía frío?,¿sanekwanwiñi?,¿mulli'ncha'?,U00678,G00568,medium,0.7335291504859924,0.555000901222229,0.17852824926376343,10
U01795,G01594,fue ameno.,u'chimu ñiwiñi,ñiwiñi tekinchi,U00842,G00718,hard,0.7616102695465088,0.694963812828064,0.06664645671844482,7
U01795,G01594,fue ameno.,u'chimu ñiwiñi,ucha'paya ñapawiñi,U00840,G00716,medium,0.7616102695465088,0.5943050980567932,0.16730517148971558,13
U01796,G01594,era perfecto.,u'chimu ñiwiñi,ñiwiñi tekinchi,U00842,G00718,hard,0.7470324635505676,0.6781491041183472,0.06888335943222046,3
U01796,G01594,era perfecto.,u'chimu ñiwiñi,si'len ñiwiñi,U01476,G01294,medium,0.7470324635505676,0.5397969484329224,0.20723551511764526,10
U00397,G00322,¡por supuesto!,te'kinchi,tekinchi,U01909,G01703,hard,0.6277777552604675,0.5526754260063171,0.07510232925415039,2
U00397,G00322,¡por supuesto!,te'kinchi,¡pen!,U00006,G00004,medium,0.6277777552604675,0.4773072600364685,0.15047049522399902,10
U01589,G01400,miramos,lli'aterwa',lek'kawa',U01499,G01315,hard,0.8275213241577148,0.6833458542823792,0.1441754698753357,3
U01589,G01400,miramos,lli'aterwa',lauk'tawa',U01149,G01002,medium,0.8275213241577148,0.6265845894813538,0.20093673467636108,4
U00632,G00527,¡háblame!,¡luntuu!,¡a'illinker'!,U02108,G01889,hard,0.7009617686271667,0.6021504998207092,0.09881126880645752,4
U00632,G00527,¡háblame!,¡luntuu!,¡paker'!,U00067,G00051,medium,0.7009617686271667,0.5506370067596436,0.1503247618675232,14
U01253,G01089,estamos hambrientos.,uki'latek ñapallidek,welliek'apallidek,U01561,G01373,hard,0.7904409766197205,0.7268808484077454,0.0635601282119751,16
U01253,G01089,estamos hambrientos.,uki'latek ñapallidek,chiminllinkekla nampipalekwa',U00939,G00807,medium,0.7904409766197205,0.6287124752998352,0.16172850131988525,27
U00178,G00136,lo tengo.,a'ñapalek,awer'lek,U00524,G00434,hard,0.5675480961799622,0.5004633665084839,0.06708472967147827,5
U00178,G00136,lo tengo.,a'ñapalek,lunnek,U00771,G00648,medium,0.5675480961799622,0.41224637627601624,0.15530171990394592,20
U00000,G00000,ve.,paker',lli'u,U00268,G00214,hard,0.4936616122722626,0.4278327524662018,0.06582885980606079,13
U00001,G00000,vete.,paker',pa'a,U00236,G00186,hard,0.8477588295936584,0.7586080431938171,0.08915078639984131,4
U00001,G00000,vete.,paker',da'kerker',U00057,G00046,medium,0.8477588295936584,0.6942196488380432,0.15353918075561523,11
U00002,G00000,vaya.,paker',nu'wanker',U00061,G00876,hard,0.8070825338363647,0.7393724918365479,0.0677100419998169,6
U00002,G00000,vaya.,paker',pa'awa',U00857,G00733,medium,0.8070825338363647,0.6544864773750305,0.15259605646133423,16
U01968,G01757,¿comés carne?,¿chuchu ka'a'pala?,¿ipa werana?,U01693,G01496,hard,0.5672200918197632,0.5155847072601318,0.05163538455963135,5
U01968,G01757,¿comés carne?,¿chuchu ka'a'pala?,¿kaluwipala?,U00991,G00855,medium,0.5672200918197632,0.4166193902492523,0.15060070157051086,24
U02713,G02488,"el lago junto al pelejo se secó,","kundetchek enñi,","patak ipa'linchi u'deklek,",U02359,G02134,hard,0.5950357913970947,0.5389965772628784,0.05603921413421631,21
U02713,G02488,"el lago junto al pelejo se secó,","kundetchek enñi,","luwetchi'ñina' panwala,",U02782,G02557,medium,0.5950357913970947,0.4431289732456207,0.151906818151474,41
U02040,G01824,seré paciente.,wa'tentutek ñiechek,wa'tentapechek,U02041,G01825,hard,0.8206953406333923,0.7465853691101074,0.07410997152328491,2
U02040,G01824,seré paciente.,wa'tentutek ñiechek,wa'tentechek,U00805,G00681,medium,0.8206953406333923,0.642362654209137,0.17833268642425537,4
U00610,G00506,caminemos.,dek'kuntawa',weranwa',U00387,G00315,hard,0.6979224681854248,0.6467228531837463,0.05119961500167847,13
U00610,G00506,caminemos.,dek'kuntawa',lansa'wa',U00854,G00730,medium,0.6979224681854248,0.5439189076423645,0.1540035605430603,35
U01248,G01085,estábamos heridos.,llipu'pi ñapawiñidek,insek'diperpi ñapawiñidek,U01236,G01075,hard,0.725715696811676,0.6701458692550659,0.05556982755661011,13
U01248,G01085,estábamos heridos.,llipu'pi ñapawiñidek,sipuk'ñapallidek,U02182,G01962,medium,0.725715696811676,0.5752618908882141,0.15045380592346191,39
U01249,G01085,estábamos lastimados.,llipu'pi ñapawiñidek,ekuanñiwiñidek,U02174,G01954,hard,0.7793158292770386,0.7261638641357422,0.05315196514129639,8
U01249,G01085,estábamos lastimados.,llipu'pi ñapawiñidek,lachek'insu' ñapallidek,U01581,G01392,medium,0.7793158292770386,0.628357470035553,0.1509583592414856,23
U00012,G00009,¡para!,¡ta'ituler'!,¡daker'ku'!,U00059,G00047,hard,0.7012814879417419,0.6476302742958069,0.05365121364593506,17
U00012,G00009,¡para!,¡ta'ituler'!,¡apu'u!,U00382,G00311,medium,0.7012814879417419,0.5462877750396729,0.1549937129020691,35
U03075,G02850,buscaron a los yupaneros.,ma'i silutulusa' dunkerllina'.,uketchu samellusa'.,U02641,G02416,hard,0.5239781737327576,0.46103423833847046,0.06294393539428711,10
U03075,G02850,buscaron a los yupaneros.,ma'i silutulusa' dunkerllina'.,kananna' nanasa' llikantullina' dei'tullina'.,U03079,G02854,medium,0.5239781737327576,0.3720274269580841,0.15195074677467346,34
U02052,G01835,voy saliendo.,yunsu'pilalek,adenche'chek,U01092,G00951,hard,0.7033184766769409,0.6474427580833435,0.05587571859359741,7
U02052,G01835,voy saliendo.,yunsu'pilalek,yasaka'tulek,U01751,G01553,medium,0.7033184766769409,0.5463520288467407,0.1569664478302002,21
U02944,G02719,las ramas de las lupunas quebradas se mantenían colgadas (ya el duende los estaba hipnotizando).,llinanlusi'ma tanpa'nen ukunñina'.,ma'i silutulusa' dunkerllina'.,U03075,G02850,hard,0.49504220485687256,0.4251081943511963,0.06993401050567627,6
U02944,G02719,las ramas de las lupunas quebradas se mantenían colgadas (ya el duende los estaba hipnotizando).,llinanlusi'ma tanpa'nen ukunñina'.,pipekdek'anni'ma kencha'dekllina' ya'luwerdek'anna'.,U03020,G02795,medium,0.49504220485687256,0.34180396795272827,0.1532382369041443,25
U01863,G01657,ellos ayudarán.,nawa' katu'pa'techuna',nawa panper'chechuna',U01866,G01660,hard,0.7980611324310303,0.6654510498046875,0.13261008262634277,2
U01863,G01657,ellos ayudarán.,nawa' katu'pa'techuna',nana katu'pa'techu,U01190,G01033,medium,0.7980611324310303,0.627581775188446,0.17047935724258423,3
U01542,G01354,ellos bailarán.,nawa' lanse'chuna',nawa dek'kuntillina',U00902,G00773,hard,0.6662221550941467,0.5927723050117493,0.07344985008239746,3
U01542,G01354,ellos bailarán.,nawa' lanse'chuna',panper'echuna',U01865,G01659,medium,0.6662221550941467,0.5138379335403442,0.1523842215538025,9
U00988,G00852,¿estás lleno?,¿mer'su' ñapala?,¿saka'tusu' ñapala?,U01321,G01150,hard,0.7071903347969055,0.6487771272659302,0.05841320753097534,14
U00988,G00852,¿estás lleno?,¿mer'su' ñapala?,¿a'pe'chapala?,U01938,G01728,medium,0.7071903347969055,0.5506370067596436,0.15655332803726196,25
U01974,G01763,¿lo recuerdas?,¿lli'inutapala?,¿kerka' ñinchitapala?,U02221,G01998,hard,0.7140892148017883,0.6383423805236816,0.07574683427810669,8
U01974,G01763,¿lo recuerdas?,¿lli'inutapala?,¿ñinchitapala idun'ak?,U01005,G00868,medium,0.7140892148017883,0.5573462843894958,0.15674293041229248,18
U02734,G02509,sólo el pueblo de ellos se reproducirá le dijo al hombre candela.,nawa' ñinanlu'nenna' a'llupitununtekchuna' itullima tanpen muda'.,nanadaper tekkinchinen luñina' taserpilusa' pantanna' lauk'erkasu'.,U02573,G02348,hard,0.5745080709457397,0.4466836154460907,0.12782445549964905,2
U02734,G02509,sólo el pueblo de ellos se reproducirá le dijo al hombre candela.,nawa' ñinanlu'nenna' a'llupitununtekchuna' itullima tanpen muda'.,ñienkasu' ñinchichillina' namasu' la'lekla lunchinpu'dek'a'kasu' malek.,U02301,G02076,medium,0.5745080709457397,0.41751429438591003,0.1569937765598297,5
U01172,G01021,le disparó.,ilanñi,chimidek'tulli,U01703,G01506,hard,0.7165821194648743,0.6634609699249268,0.05312114953994751,3
U01172,G01021,le disparó.,ilanñi,tenmiansu'lli,U01120,G00975,medium,0.7165821194648743,0.5602775812149048,0.15630453824996948,9
U01190,G01033,eso ayudará.,nana katu'pa'techu,asu' saka'techu',U01872,G01666,hard,0.8033363819122314,0.6568742990493774,0.146462082862854,3
U01190,G01033,eso ayudará.,nana katu'pa'techu,nana katu'pa'tulli,U00888,G00760,medium,0.8033363819122314,0.6456226110458374,0.15771377086639404,4
U00625,G00520,mantente alerta.,ñapaker' insek'dipersu',nantapitek' ñiker',U00138,G00099,hard,0.6917385458946228,0.627392053604126,0.06434649229049683,6
U00625,G00520,mantente alerta.,ñapaker' insek'dipersu',lli'ker' uti'lakla,U02157,G01937,medium,0.6917385458946228,0.5389065146446228,0.15283203125,12
U02041,G01825,estaré esperando.,wa'tentapechek,wa'tentutek ñiechek,U02040,G01824,hard,0.8427711129188538,0.7758803367614746,0.06689077615737915,2
U02041,G01825,estaré esperando.,wa'tentapechek,yennichinek wa'tentak,U01456,G01274,medium,0.8427711129188538,0.6627658009529114,0.18000531196594238,5
U02578,G02353,así dicen que pampayacu se quemó.,nu'sui'ma asu' panpadek uksu'ketchulli.,naneklimaka asu' nana lanla' pitunta' uwentunta'lli.,U02831,G02606,hard,0.7085806131362915,0.5844593644142151,0.12412124872207642,2
U02578,G02353,así dicen que pampayacu se quemó.,nu'sui'ma asu' panpadek uksu'ketchulli.,nu'sikla'nka asu' panpadek sennanlusa' wetlli.,U02808,G02583,medium,0.7085806131362915,0.531585693359375,0.1769949197769165,3
U03136,G02911,"no quería que (los shiwilu) se estiraran cuando trabajaban, hasta que se hacía bien tarde (los obligaban a trabajar), hasta que se hacía bien oscuro y el grillo (cantaba) chanchanchan.","yenchenterka'su' saka'tapanna', iñer er'werwalek ipa' kasiserapilek walek ipa' asu' inkella chanchanchan.","napi' ima llikanetchudek'i'ñina', yutudekllini'ma, llipu'tudekllini'ma, er'washinchi walek a'saka'tudekllina'.",U03056,G02831,hard,0.5780947208404541,0.4882737398147583,0.0898209810256958,2
U03136,G02911,"no quería que (los shiwilu) se estiraran cuando trabajaban, hasta que se hacía bien tarde (los obligaban a trabajar), hasta que se hacía bien oscuro y el grillo (cantaba) chanchanchan.","yenchenterka'su' saka'tapanna', iñer er'werwalek ipa' kasiserapilek walek ipa' asu' inkella chanchanchan.","wilawi'nek'ipa' chiminpinek, uki'la di'tunansinku, kaluwi' uki'la di'tunansinku.",U02410,G02185,medium,0.5780947208404541,0.4270070195198059,0.1510877013206482,7
U01939,G01729,¿estás mirando?,¿lli'tapala?,¿li'apalu?,U01350,G01177,hard,0.8054760694503784,0.7364405989646912,0.06903547048568726,3
U01939,G01729,¿estás mirando?,¿lli'tapala?,¿kana'tapala?,U01943,G01733,medium,0.8054760694503784,0.6471970677375793,0.15827900171279907,9
U01528,G01341,sé positivo.,inlli'inuter' musuk,nantapitek ñiker',U01044,G00904,hard,0.6558457016944885,0.5744260549545288,0.08141964673995972,7
U01528,G01341,sé positivo.,inlli'inuter' musuk,musu' dek'la,U00396,G00321,medium,0.6558457016944885,0.4789099097251892,0.17693579196929932,15
U01940,G01730,¿estás casado?,¿sadasu'cha ñapala?,¿yunsansu' ñapala?,U00462,G00378,hard,0.7179481387138367,0.6671541929244995,0.05079394578933716,6
U01940,G01730,¿estás casado?,¿sadasu'cha ñapala?,¿naektu'kellia?,U00718,G00602,medium,0.7179481387138367,0.5230540633201599,0.19489407539367676,24
U01456,G01274,estoy impaciente.,yennichinek wa'tentak,insek'dipersu' ñapi'nek,U00792,G00669,hard,0.8135064840316772,0.7280601263046265,0.08544635772705078,2
U01456,G01274,estoy impaciente.,yennichinek wa'tentak,insek'diperpi ñapalek,U00347,G00278,medium,0.8135064840316772,0.5976154208183289,0.2158910632133484,4
U02035,G01819,seguiré.,tupiechek,nu'techek,U00552,G00457,hard,0.7175686955451965,0.6671120524406433,0.05045664310455322,2
U02035,G01819,seguiré.,tupiechek,wa'tentechek,U00805,G00681,medium,0.7175686955451965,0.5675274133682251,0.15004128217697144,19
U02530,G02305,"los niños se venían llorando y cuando regresaban, dice, the children left, crying, and on their way back,","wilalusa' wellek'apilenchan ima, uk'apilenchani'ma,","wilalusi'ma, ya'dandektanna', pa'anna', anaka'lli'na'.",U03140,G02915,hard,0.6951682567596436,0.6247565746307373,0.07041168212890625,2
U02530,G02305,"los niños se venían llorando y cuando regresaban, dice, the children left, crying, and on their way back,","wilalusa' wellek'apilenchan ima, uk'apilenchani'ma,","nu'sik sunka'teklusa', sunkapilusa' kananpallina', ama'nna'pu'su' dadektanna' usu'pallina'.",U02574,G02349,medium,0.6951682567596436,0.5303013324737549,0.16486692428588867,4
U02062,G01845,¿es maestro?,¿a'lek'tutek' nuka'a?,¿musenkek a'cha?,U00572,G00476,hard,0.6799134016036987,0.6298826932907104,0.05003070831298828,5
U02062,G01845,¿es maestro?,¿a'lek'tutek' nuka'a?,¿mulli'ncha'?,U00678,G00568,medium,0.6799134016036987,0.5260687470436096,0.1538446545600891,17
U02403,G02178,"esto queriendo llevar lejos, a otro pueblo, quieres aprender, de qué manera vivo aquí en jeberos.","asu' yekpantan wei ali'la ñinanluk yañinchitula, ma'pu'sui'pa nanpilek kua asu' shiwiluk.","ukluka'sik, ali'lak kupin uktak pekdu'a'kasu' upellek.",U02364,G02139,medium,0.6576108932495117,0.4529770612716675,0.20463383197784424,2
U02807,G02582,(los jóvenes) ya no valoran esas cosas.,ñi a'pinta' nanadaper lli'inuchi'ñina'.,nu'su'sa' ñillina' napi'.,U03145,G02920,hard,0.6277783513069153,0.5701017379760742,0.057676613330841064,3
U02807,G02582,(los jóvenes) ya no valoran esas cosas.,ñi a'pinta' nanadaper lli'inuchi'ñina'.,nawa'ler a'ka di'tetchuna' nana anaka'.,U02916,G02691,medium,0.6277783513069153,0.4771558344364166,0.15062251687049866,13
U01887,G01681,estábamos bromeando.,si'lentapawiñidek,pinaner'llidek,U00447,G00363,hard,0.6535371541976929,0.5933048725128174,0.06023228168487549,2
U01887,G01681,estábamos bromeando.,si'lentapawiñidek,tuluner'aterwa',U00693,G00580,medium,0.6535371541976929,0.5015358328819275,0.15200132131576538,16
U01786,G01585,¿está sano?,¿mudinupallincha?,¿ipa' mula'lli?,U01787,G01586,hard,0.7237597107887268,0.6723970770835876,0.05136263370513916,5
U01786,G01585,¿está sano?,¿mudinupallincha?,¿tekinchi'cha?,U00578,G00481,medium,0.7237597107887268,0.5691808462142944,0.15457886457443237,16
U02854,G02629,entonces otro viejo soñador dijo:,nanek ima ali'la taserpi wa'lata'su' tulli:,napi' ima wa'an yunsa'n luñi:,U02512,G02287,hard,0.7616018056869507,0.6885523796081543,0.07304942607879639,3
U02854,G02629,entonces otro viejo soñador dijo:,nanek ima ali'la taserpi wa'lata'su' tulli:,nana malek dansu'lusa' tullina':,U02566,G02341,medium,0.7616018056869507,0.6025398969650269,0.15906190872192383,9
U01707,G01510,"¡apúrensen, muchachos!",¡wiuk'ku wilalusa'!,"yuyu'lusa', ¡da'kerku' u'ku!",U03060,G02835,hard,0.7090938091278076,0.6543149948120117,0.0547788143157959,2
U01707,G01510,"¡apúrensen, muchachos!",¡wiuk'ku wilalusa'!,"- ¡nu'ku' nu'pachi kenmama', pur'unta'ku'!",U02741,G02516,medium,0.7090938091278076,0.502372145652771,0.20672166347503662,7
U02884,G02659,su higado está colgado nomás.,kankanen ukunpala'lli.,penwanpasik pidekñik.,U02584,G02359,hard,0.5887874960899353,0.5274953246116638,0.061292171478271484,2
U02884,G02659,su higado está colgado nomás.,kankanen ukunpala'lli.,penwek i'na nerpi'la.,U02614,G02389,medium,0.5887874960899353,0.4368840157985687,0.15190348029136658,5
U02534,G02309,cuando estábamos agarrando pescado nos botaron porque tenemos esta enfermedad sa'la'.,samer mapa'sekudek dinsulullinerkudek asu' sa'la' a'kudeksu' malek.,nana nani'na itullina' ma'pu'si'pa' insekluteñek muyunpa inchilala yaekketchakwa' tullina'.,U03033,G02808,hard,0.7034112811088562,0.566713809967041,0.13669747114181519,2
U02534,G02309,cuando estábamos agarrando pescado nos botaron porque tenemos esta enfermedad sa'la'.,samer mapa'sekudek dinsulullinerkudek asu' sa'la' a'kudeksu' malek.,nanek ima nu'unta' itudekllina' kerku' sha'wapenma' uku'lakeru'kudek.,U03005,G02780,medium,0.7034112811088562,0.5496468544006348,0.15376442670822144,3
U02405,G02180,hace tiempo me casé con mi esposo.,napi' sudawek sudatulek.,nu'amui'na i'pa amishawek teksusullun wilaluntulek.,U02262,G02037,hard,0.5539318323135376,0.48099833726882935,0.07293349504470825,4
U02405,G02180,hace tiempo me casé con mi esposo.,napi' sudawek sudatulek.,nanekla amitullinerku.,U02499,G02274,medium,0.5539318323135376,0.40243440866470337,0.15149742364883423,19
U00601,G00499,a ver.,enta'i'na,lli'ker'llia',U00237,G00187,hard,0.7215082049369812,0.6380050778388977,0.0835031270980835,3
U00601,G00499,a ver.,enta'i'na,teklerier',U00442,G00359,medium,0.7215082049369812,0.5673174262046814,0.1541907787322998,17
U01750,G01552,quiero hablar.,yalun'nek,yachiminek,U01421,G01241,hard,0.5927992463111877,0.5355457067489624,0.05725353956222534,6
U01750,G01552,quiero hablar.,yalun'nek,si'lentapalek,U00767,G00645,medium,0.5927992463111877,0.4411568343639374,0.15164241194725037,26
U02930,G02705,necesitamos tu candela.,- pen luwanpa'lliyen.,kulliker' luwantullidek,U01572,G01383,hard,0.6176559329032898,0.49233007431030273,0.12532585859298706,2
U02930,G02705,necesitamos tu candela.,- pen luwanpa'lliyen.,a'lliyanantulekwa' kenmu'wa' kankanmapu'wek,U03109,G02884,medium,0.6176559329032898,0.4275856912136078,0.190070241689682,3
U01913,G01705,me mentiste.,tumu'tulun,tumu'lek,U00030,G00025,hard,0.6618868112564087,0.609697163105011,0.052189648151397705,5
U01913,G01705,me mentiste.,tumu'tulun,kenmapu'su' ñiina'ka,U01056,G00916,medium,0.6618868112564087,0.4984929859638214,0.16339382529258728,13
U00419,G00339,aléjate.,ñilupa'sha,a'nakuker',U00999,G00862,hard,0.6768052577972412,0.6035199761390686,0.07328528165817261,9
U00419,G00339,aléjate.,ñilupa'sha,a'tashunker',U00920,G00790,medium,0.6768052577972412,0.5251415371894836,0.15166372060775757,17
U00623,G00518,huelan esto.,lanerku' asu',sek'diperku' asu',U00375,G00306,hard,0.7205019593238831,0.6700915098190308,0.050410449504852295,4
U00623,G00518,huelan esto.,lanerku' asu',llinser'ker' nana,U02196,G01975,medium,0.7205019593238831,0.5683646202087402,0.15213733911514282,19
U02864,G02639,un grupo que vaya durmiendo y el otro grupo que haga guardia.,"ala'musun wicha'pai, ali'la musui'na nanpiladapai.",nu'sik ker' su'watek nananta' a'ukluka'lek ali'la uktak.,U02379,G02154,medium,0.632981538772583,0.44547998905181885,0.18750154972076416,2
U02706,G02481,"dice que cuando iba río abajo los peces lo siguieron,","nu'wanta'sik ima sameller tupitunta'lli,","inpikanpiler'an ima unma' uklli,",U02642,G02417,hard,0.6833074688911438,0.5874768495559692,0.09583061933517456,2
U02706,G02481,"dice que cuando iba río abajo los peces lo siguieron,","nu'wanta'sik ima sameller tupitunta'lli,","ka'a'mamasu' supinak ala'sa' dekshadek kanenchuma' inchilalak,",U02538,G02313,medium,0.6833074688911438,0.5285330414772034,0.15477442741394043,6
U00609,G00505,votemos.,dek'awa',dek'kuntawa',U00610,G00506,hard,0.5370804071426392,0.4862431585788727,0.05083724856376648,19
U00609,G00505,votemos.,dek'awa',katu'pa'taterwa',U00691,G00578,medium,0.5370804071426392,0.3829822540283203,0.15409815311431885,50
U02216,G01993,estás atascado.,da'sek'su' ñapala,tasellun ñapala,U00713,G00599,hard,0.808834969997406,0.7576345205307007,0.05120044946670532,7
U02216,G01993,estás atascado.,da'sek'su' ñapala,¡lupersu' ñapala!,U01608,G01419,medium,0.808834969997406,0.548315167427063,0.260519802570343,14
U00028,G00023,me caí.,anu'lek,a'aper'lek',U00175,G00133,hard,0.7039922475814819,0.6350593566894531,0.06893289089202881,6
U00028,G00023,me caí.,anu'lek,awer'lek,U00524,G00434,medium,0.7039922475814819,0.5504170656204224,0.15357518196105957,15
U02653,G02428,¿estos qué peces son?,- ¿asu' ma'nen samer a'cha? itullina'.,- ¿ma'dek a'cha asu'? itullini'mi'na'.,U02598,G02373,hard,0.6559343934059143,0.6030594110488892,0.052874982357025146,4
U02653,G02428,¿estos qué peces son?,- ¿asu' ma'nen samer a'cha? itullina'.,¿nanasa'cha iñer'?,U01119,G00974,medium,0.6559343934059143,0.49180513620376587,0.16412925720214844,15
U01802,G01599,me supera.,kana'lliu,a'shupalek,U01389,G01214,hard,0.533482015132904,0.46120744943618774,0.07227456569671631,3
U01802,G01599,me supera.,kana'lliu,ilulek,U01727,G01529,medium,0.533482015132904,0.37531498074531555,0.1581670343875885,21
U01535,G01347,aquí tienes.,asek a'ñapala,nanentu kenmama',U01271,G01106,hard,0.7820093631744385,0.6443361639976501,0.13767319917678833,2
U01535,G01347,aquí tienes.,asek a'ñapala,nanadaper a'ñapallidek,U02185,G01965,medium,0.7820093631744385,0.5442383289337158,0.23777103424072266,3
U02863,G02638,"vamos, prevénganse hermanos, no duerman mucho, han de velar en la noche.","enchuku', inlli'inuku'la' yalli'lusa' enpu'ninchi yawichi'tama' nanpiladaku'.","mi'lencháaaa, kenmapa ñenpi' laki'dek uwapi'naaa.",U02375,G02150,hard,0.6083618998527527,0.5239633321762085,0.08439856767654419,2
U02863,G02638,"vamos, prevénganse hermanos, no duerman mucho, han de velar en la noche.","enchuku', inlli'inuku'la' yalli'lusa' enpu'ninchi yawichi'tama' nanpiladaku'.","du'anna', wa'inutanna', nerpi'pu' ñiper'dekllina' nana pa'lusa'.",U03016,G02791,medium,0.6083618998527527,0.45824965834617615,0.15011224150657654,6
U01304,G01135,estás equivocado.,aper'su' ñapala,yaku'aper'wana,U01925,G01716,hard,0.5533250570297241,0.49874264001846313,0.054582417011260986,15
U01304,G01135,estás equivocado.,aper'su' ñapala,tekua'tek nuka'ma,U02214,G01991,medium,0.5533250570297241,0.403054416179657,0.15027064085006714,37
U02923,G02698,diluyó tabaco el viejo.,pinter ima sekmu'lli papinku.,da'wanler kiteklli tatawek.,U02489,G02264,hard,0.609566867351532,0.5256704688072205,0.08389639854431152,2
U02923,G02698,diluyó tabaco el viejo.,pinter ima sekmu'lli papinku.,nana lantekpi dekkuntulli.,U02460,G02235,medium,0.609566867351532,0.45386573672294617,0.15570113062858582,7
U02477,G02252,"con ella mi padre y mi madre me criaron, yo la hablo.","nanalek tatawek awawek teksusullun, kua nana lu'nkasu'.","nanpipakun tatawek ima wilawañinerku, wadekllinerku, asek i'la susulek.",U02253,G02028,hard,0.6925534009933472,0.5790842175483704,0.1134691834449768,2
U02477,G02252,"con ella mi padre y mi madre me criaron, yo la hablo.","nanalek tatawek awawek teksusullun, kua nana lu'nkasu'.","wilaku ñamu kawitulek, du'pa'tamu laweklek lunpa'ser.",U02576,G02351,medium,0.6925534009933472,0.5328758955001831,0.15967750549316406,4
U00863,G00739,nadie mintió.,ñiden tumui'ñi,ñiden lamapui'ñi,U01834,G01630,hard,0.8247886300086975,0.7496119141578674,0.07517671585083008,2
U00863,G00739,nadie mintió.,ñiden tumui'ñi,ñiden chimii'ñi,U00861,G00737,medium,0.8247886300086975,0.6562877297401428,0.1685009002685547,7
U01562,G01374,estamos arruinados.,nakusu' muin'su' ñapallidek,sipuk'ñapallidek,U02182,G01962,hard,0.7938859462738037,0.7437907457351685,0.050095200538635254,14
U01562,G01374,estamos arruinados.,nakusu' muin'su' ñapallidek,aper'llidek,U00446,G00362,medium,0.7938859462738037,0.6352568864822388,0.15862905979156494,28
U01563,G01374,estamos condenados.,nakusu' muin'su' ñapallidek,ape'chuwiñiner'kudek,U01567,G01378,hard,0.6531858444213867,0.600689709186554,0.052496135234832764,23
U01563,G01374,estamos condenados.,nakusu' muin'su' ñapallidek,insek'diperlekwa',U01235,G01074,medium,0.6531858444213867,0.5022916793823242,0.1508941650390625,50
U00456,G00372,tú empieza.,kenma tenmiansuer',nanentu kenmama',U01271,G01106,hard,0.5782748460769653,0.516371488571167,0.06190335750579834,4
U00456,G00372,tú empieza.,kenma tenmiansuer',a'pawilek'la,U01931,G01722,medium,0.5782748460769653,0.4178415536880493,0.16043329238891602,10
U00275,G00221,¿quién murió?,¿den chimiñi?,¿den kana'tulli?,U01605,G01416,hard,0.7913678884506226,0.7269902229309082,0.06437766551971436,7
U00275,G00221,¿quién murió?,¿den chimiñi?,¿den inllipu'iteklatulli?,U00963,G00829,medium,0.7913678884506226,0.6381399035453796,0.15322798490524292,14
U00083,G00057,de acuerdo.,muetchun,te'kinchi,U00397,G00322,hard,0.5254104137420654,0.462801992893219,0.06260842084884644,5
U00083,G00057,de acuerdo.,muetchun,wa'danpintek,U00224,G00176,medium,0.5254104137420654,0.3744940459728241,0.15091636776924133,13
U00093,G00277,soy gorda.,weilunsu' nuka'ka,taserpiku,U00095,G00065,hard,0.6731635928153992,0.6214022040367126,0.05176138877868652,15
U00093,G00277,soy gorda.,weilunsu' nuka'ka,tanta' nu'tutek nuka'ka,U00811,G00687,medium,0.6731635928153992,0.5153206586837769,0.15784293413162231,32
U00346,G00277,soy obesa.,weilunsu' nuka'ka,taserpiku',U00172,G00130,hard,0.690584659576416,0.6341312527656555,0.0564534068107605,16
U00346,G00277,soy obesa.,weilunsu' nuka'ka,ku'aper'wi'nek,U00564,G00468,medium,0.690584659576416,0.5351386070251465,0.15544605255126953,34
U01686,G01491,todos pagaron.,iñer' panwilek'tullina',iñer' kana'tullina',U01353,G01180,hard,0.7709156274795532,0.7016696929931641,0.06924593448638916,2
U01686,G01491,todos pagaron.,iñer' panwilek'tullina',iñer' chiyekllina',U02237,G02012,medium,0.7709156274795532,0.5990093350410461,0.17190629243850708,4
U00642,G00535,ellos votaron.,nawa dekllina',nawa' peklu'techuna',U01203,G01044,hard,0.611687958240509,0.5472185611724854,0.06446939706802368,3
U00642,G00535,ellos votaron.,nawa dekllina',nana sennanlusa' enñi.,U02755,G02530,medium,0.611687958240509,0.45822829008102417,0.15345966815948486,12
U01583,G01394,nos vamos.,pa'echidek,weranwa',U00387,G00315,hard,0.7686649560928345,0.7159749269485474,0.05269002914428711,14
U01583,G01394,nos vamos.,pa'echidek,pa'awa' ekter'lupa',U01508,G01323,medium,0.7686649560928345,0.6124135255813599,0.1562514305114746,24
U01178,G01026,no discutas.,yainyututa,yanantapita,U01682,G01487,hard,0.6003294587135315,0.5496799349784851,0.05064952373504639,18
U01178,G01026,no discutas.,yainyututa,a'nakuker',U00999,G00862,medium,0.6003294587135315,0.4480679929256439,0.15226146578788757,30
U00671,G00561,tom trabajó.,tom saka'tulli,tom inllipu'itek'latulli,U01551,G01363,hard,0.7277974486351013,0.663165271282196,0.06463217735290527,7
U00671,G00561,tom trabajó.,tom saka'tulli,tom si'lentulli,U01554,G01366,medium,0.7277974486351013,0.5762650966644287,0.1515323519706726,21
U00741,G00621,no copien.,nana pu'su' yanu'tutama',yalli'tama,U00485,G00398,hard,0.5567901134490967,0.5001081824302673,0.056681931018829346,5
U00741,G00621,no copien.,nana pu'su' yanu'tutama',luwerchinpu'deker,U00831,G00707,medium,0.5567901134490967,0.40629899501800537,0.1504911184310913,22
U01779,G01578,me demandaron.,iker'lalak aku'llinerku,lli'lliner'ku,U01777,G01576,hard,0.6102321743965149,0.5336891412734985,0.07654303312301636,13
U01779,G01578,me demandaron.,iker'lalak aku'llinerku,kua peklu'tulek,U00838,G00714,medium,0.6102321743965149,0.4567252993583679,0.15350687503814697,20
U00793,G00670,leo labios.,ñinchitapalek ma'tapallinpa',luwer'chapalek,U00529,G00438,hard,0.6162504553794861,0.5383377075195312,0.07791274785995483,6
U00793,G00670,leo labios.,ñinchitapalek ma'tapallinpa',kerka' ñinchitapalek,U01115,G00971,medium,0.6162504553794861,0.4585992097854614,0.15765124559402466,13
U02251,G02026,yo soy jeberina.,kui'na shiwilulunku.,iyasu'lusa' nuker'ka,U01210,G01051,hard,0.5416784882545471,0.4865284264087677,0.05515006184577942,8
U02251,G02026,yo soy jeberina.,kui'na shiwilulunku.,uku'latak nuker'ka,U01482,G01300,medium,0.5416784882545471,0.38456520438194275,0.15711328387260437,36
U02805,G02580,"sabiendo escribir,","ñinchillinsetchanna',","nanima yañinchitulli,",U02313,G02088,hard,0.6212450265884399,0.5640166401863098,0.05722838640213013,4
U02805,G02580,"sabiendo escribir,","ñinchillinsetchanna',","inpikanpiler'an ima unma' uklli,",U02642,G02417,medium,0.6212450265884399,0.4665237367153168,0.15472128987312317,19
U00220,G00172,eso ayuda.,nana katu'patulli,asu' saka'techu',U01872,G01666,hard,0.7061314582824707,0.6332560181617737,0.07287544012069702,5
U00220,G00172,eso ayuda.,nana katu'patulli,nana saka'tapalli,U00636,G00531,medium,0.7061314582824707,0.5350062251091003,0.17112523317337036,8
U02935,G02710,"cuentan que dijo así el hombre que detectó, eso dijo ese soñador:","tullima nana lunanpichita'su', tullima nana wa'lata'su':","nanek ima ñinanlu' indiuntuñina' nanentu, wa'anler peklu'deklli.",U02834,G02609,hard,0.6544657349586487,0.5927332043647766,0.06173253059387207,4
U02935,G02710,"cuentan que dijo así el hombre que detectó, eso dijo ese soñador:","tullima nana lunanpichita'su', tullima nana wa'lata'su':","kala ukllima lli'chinpu'a'ser, wa'an peklu'deklli ñinanlu' nanapu'si'la.",U02906,G02681,medium,0.6544657349586487,0.49684175848960876,0.15762397646903992,12
U01564,G01375,tenemos hambre.,uki'lallidek,nakusu' ullidek,U01881,G01675,hard,0.7167173624038696,0.6605318188667297,0.05618554353713989,10
U01564,G01375,tenemos hambre.,uki'lallidek,kana'ta'kawa'su' ñapalli,U02165,G01945,medium,0.7167173624038696,0.5632076263427734,0.1535097360610962,35
U02198,G01976,anota esto.,llinser'ker' asu',llinser'ku' nana,U02197,G01977,hard,0.7535287737846375,0.703471839427948,0.05005693435668945,7
U02198,G01976,anota esto.,llinser'ker' asu',a'ta'wanter asu',U00747,G00627,medium,0.7535287737846375,0.5115108489990234,0.242017924785614,26
U02199,G01976,anote esto.,llinser'ker' asu',llinser'ku' nana,U02200,G01977,hard,0.7669187188148499,0.7156143188476562,0.051304399967193604,7
U02199,G01976,anote esto.,llinser'ker' asu',ma'ta asu',U00426,G00344,medium,0.7669187188148499,0.5311151742935181,0.2358035445213318,26
U01746,G01548,quiero vivir.,yanampilek,yawerannek,U01422,G01242,hard,0.6138679385185242,0.5364407896995544,0.07742714881896973,4
U01746,G01548,quiero vivir.,yanampilek,luwantulek saka'tak,U01735,G01537,medium,0.6138679385185242,0.4612566828727722,0.15261125564575195,19
U02801,G02576,diciendo eso pescaban los antiguos.,tanna' purllina' napi'ku'lusa'.,ma'ata'na katu'ta'shadaper ku'tinweklusa'.,U02440,G02215,hard,0.7238982915878296,0.6517061591148376,0.07219213247299194,3
U02801,G02576,diciendo eso pescaban los antiguos.,tanna' purllina' napi'ku'lusa'.,nu'si'ma nanpillina' enpu'dun ekkilalei'pa'.,U03094,G02869,medium,0.7238982915878296,0.5613309741020203,0.16256731748580933,11
U03001,G02776,"así como algunos maltratan a sus hijos a cada instante, así estas dos personas (nos maltratan a nosotros)8 dijeron en una reunion hablando.","ma'lusa', nu'unta' willina' llikanetchi'ñina' nanapu'tullinerkenmu'wa', asu' katu'shadaper tullina' ima idiuntunna' lunna'.","katu'shunka' alei'teklun ekkilala ñisik ima, nana wa'anku'lusa' malallinalek lu'rnkasu' nawei'ma ipa' chimia'ser adankenñunta'llina'.",U03086,G02861,hard,0.5921826362609863,0.5336118340492249,0.058570802211761475,5
U03001,G02776,"así como algunos maltratan a sus hijos a cada instante, así estas dos personas (nos maltratan a nosotros)8 dijeron en una reunion hablando.","ma'lusa', nu'unta' willina' llikanetchi'ñina' nanapu'tullinerkenmu'wa', asu' katu'shadaper tullina' ima idiuntunna' lunna'.","nanapu'a'su' taserpilusa' ñinchia'lachekterkasu', ñinchilawer'erkasu' a'lachektetchuna', laweretchuna' ma'tusui'pa' wa'lata'kawa'su'.",U02867,G02642,medium,0.5921826362609863,0.43550410866737366,0.15667852759361267,8
U00062,G00048,sal.,yunsuer',apu'ker',U00391,G00746,hard,0.6031509637832642,0.5499146580696106,0.053236305713653564,12
U00063,G00048,sal.,damula,apu'ker',U00391,G00746,hard,0.6180130839347839,0.5499147176742554,0.06809836626052856,12
U00063,G00048,sal.,damula,¡apu'u!,U00382,G00311,medium,0.6180130839347839,0.4640173316001892,0.15399575233459473,49
U01422,G01242,quiero comer.,yawerannek,yawichi'lek,U00567,G00471,hard,0.667084813117981,0.5844717025756836,0.08261311054229736,5
U01422,G01242,quiero comer.,yawerannek,luwantudek'lek,U00790,G00667,medium,0.667084813117981,0.512897253036499,0.15418756008148193,10
U01682,G01487,no forcejees.,yanantapita,yawencha'ta,U00483,G00396,hard,0.6344720721244812,0.5817343592643738,0.05273771286010742,12
U01682,G01487,no forcejees.,yanantapita,¡yatumu'ta!,U01981,G01768,medium,0.6344720721244812,0.4716675281524658,0.16280454397201538,23
U01889,G01683,ahí estaremos.,nanek ñapaterwa',asek ñapallidek,U00928,G00797,hard,0.6676506996154785,0.5629159808158875,0.10473471879959106,6
U01889,G01683,ahí estaremos.,nanek ñapaterwa',nawa' wenche'chuna',U01204,G01045,medium,0.6676506996154785,0.507594645023346,0.16005605459213257,10
U01735,G01537,necesito trabajar.,luwantulek saka'tak,luwantulek neriak,U01734,G01536,hard,0.7468079328536987,0.6390926241874695,0.10771530866622925,2
U01735,G01537,necesito trabajar.,luwantulek saka'tak,luwantulek dek',U01077,G00936,medium,0.7468079328536987,0.5732201337814331,0.17358779907226562,6
U02481,G02256,todo eso quiere saber esta señora.,nanadaper iñer asu' senñula' yañinchitulli.,nanek iñer asu' sa'la' apu'tetchun itudekllima.,U02542,G02317,hard,0.6627717614173889,0.6070536971092224,0.055718064308166504,2
U02481,G02256,todo eso quiere saber esta señora.,nanadaper iñer asu' senñula' yañinchitulli.,itudek'an ima a'da'dekan ima itudeklli.,U03062,G02837,medium,0.6627717614173889,0.5076225996017456,0.1551491618156433,6
U03111,G02886,"sentados afuera, como tomando su masato, así decían, mirando las estrellas, mirando los astros.","du'anna' adipi, uklulunenna' uwanna'pu'su', tusu' tullina', tandulalusa' lli'anna', pi'tandula lli'anna'.","wilalunlusa'nta kuten'anna', kekkilu'tek lli'anna', tandulalusa' lli'anna', willekllina'.",U02564,G02339,hard,0.7180407643318176,0.6139189004898071,0.1041218638420105,2
U03111,G02886,"sentados afuera, como tomando su masato, así decían, mirando las estrellas, mirando los astros.","du'anna' adipi, uklulunenna' uwanna'pu'su', tusu' tullina', tandulalusa' lli'anna', pi'tandula lli'anna'.","nawi'mi'na' panta'nna', ala'lusa', sekllintanni'ma panta'nna', lli'llini'ma mu'katapasik.",U02583,G02358,medium,0.7180407643318176,0.5647403001785278,0.1533004641532898,7
U00021,G00508,levanta. (un objeto),usanker',ek'ker'cher',U01162,G01014,hard,0.6253606081008911,0.5663936138153076,0.058966994285583496,14
U00021,G00508,levanta. (un objeto),usanker',a'tashunker',U00920,G00790,medium,0.6253606081008911,0.47036394476890564,0.15499666333198547,37
U00612,G00508,levántalo.,usanker',a'sanek'ker',U01017,G00879,hard,0.6277420520782471,0.5658969879150391,0.06184506416320801,10
U00612,G00508,levántalo.,usanker',pili'ker' ikersu',U01361,G01187,medium,0.6277420520782471,0.47672244906425476,0.1510196030139923,31
U01250,G01086,somos adultos.,nuka'kawa taserpilusa',insilan nuka'kawa',U00948,G00816,hard,0.7445893287658691,0.665357768535614,0.07923156023025513,3
U01250,G01086,somos adultos.,nuka'kawa taserpilusa',iin nuka'kawa,U01892,G01686,medium,0.7445893287658691,0.5926728248596191,0.15191650390625,6
U02611,G02386,regálanos tus pescaditos. tenemos hambre.,- panuudek sametchapen. uki'lallidek.,a'lliyanantulekwa' kenmu'wa' kankanmapu'wek,U03109,G02884,medium,0.7081108689308167,0.4644227623939514,0.24368810653686523,2
U00420,G00340,quedate acá.,asek lia'ker',du'ker' nanek,U00414,G00334,hard,0.7430229783058167,0.6643860936164856,0.07863688468933105,11
U00420,G00340,quedate acá.,asek lia'ker',pilliter' asu',U00311,G00248,medium,0.7430229783058167,0.5928072929382324,0.15021568536758423,20
U00527,G00437,le ayudo.,katu'palek,kua katu'patulek,U01395,G01219,hard,0.8019140958786011,0.7214587330818176,0.08045536279678345,3
U00527,G00437,le ayudo.,katu'palek,kananek,U01416,G01236,medium,0.8019140958786011,0.6430200338363647,0.15889406204223633,4
U01691,G01495,¿has comido?,¿werana?,¿a'ñapala?,U01671,G01478,hard,0.6735836267471313,0.6141650080680847,0.05941861867904663,4
U01691,G01495,¿has comido?,¿werana?,¿lun'na?,U01340,G01168,medium,0.6735836267471313,0.5173500776290894,0.156233549118042,12
U01692,G01495,¿comiste?,¿werana?,¿kana'tapala?,U01943,G01733,hard,0.6768525242805481,0.622343897819519,0.05450862646102905,8
U01692,G01495,¿comiste?,¿werana?,¿nu'techu'?,U01907,G01701,medium,0.6768525242805481,0.5171487331390381,0.15970379114151,22
U03100,G02875,"yo también soy así mismo. a los barriobajinos no los aborrezco mucho, pero tampoco quiero conversarles.","kuanta' nu'apalek i'la. chilenllusa' enpu'ninchi, enpu'ninchi ni luyuinpu'winek, ñi'na yaluntudek'i'nek.",- uk'apincha'lek yalli'amun. pa'amu menmik u'dun uklli lli'ker'i'ñen.,U02419,G02194,hard,0.6058521270751953,0.5272260308265686,0.07862609624862671,2
U03100,G02875,"yo también soy así mismo. a los barriobajinos no los aborrezco mucho, pero tampoco quiero conversarles.","kuanta' nu'apalek i'la. chilenllusa' enpu'ninchi, enpu'ninchi ni luyuinpu'winek, ñi'na yaluntudek'i'nek.","nu'unti'ma aper'kulli. yalun'i'ñi uncha'n muyunpakla ma'pu'si'pa' lli'lli senñulalusa', ñima nanapinta' yalun'i'ñi, ta'tula'nna' pa'llina'.",U03035,G02810,medium,0.6058521270751953,0.4370320439338684,0.1688200831413269,3
U03144,G02919,"he hecho mi pampanilla, he hecho mi camisa, de mi tío finado su camisa he hecho.","kalantekwek nu'tulek, kutunwek nu'tulek, apetchawekku'kin kutunen nu'itulek.","wilawi'nek'ipa' chiminpinek, uki'la di'tunansinku, kaluwi' uki'la di'tunansinku.",U02410,G02185,medium,0.8210653066635132,0.6183870434761047,0.20267826318740845,2
U02938,G02713,a esos jóvenes.,nana nadi'neklusi'ma.,nana wa'an wala'wanen.,U02519,G02294,hard,0.6120569109916687,0.5545396208763123,0.057517290115356445,2
U02938,G02713,a esos jóvenes.,nana nadi'neklusi'ma.,i'inlusa' nuker'ka,U02143,G01923,medium,0.6120569109916687,0.4607766568660736,0.1512802541255951,9
U01325,G01154,tráelo aquí.,kencher' asek,nu'wanker' asek,U01662,G01469,hard,0.7849162220954895,0.7323654294013977,0.0525507926940918,3
U01325,G01154,tráelo aquí.,kencher' asek,du'ker' asek,U00246,G00194,medium,0.7849162220954895,0.6341960430145264,0.15072017908096313,13
U01350,G01177,¿me ves?,¿li'apalu?,¿lli'la?,U01668,G01475,hard,0.7101075053215027,0.6504318714141846,0.059675633907318115,2
U01350,G01177,¿me ves?,¿li'apalu?,¿kerka' ñinchitapala?,U02221,G01998,medium,0.7101075053215027,0.5504058599472046,0.1597016453742981,18
U00379,G00309,manténganse abrigados.,i'shiwansu' ñapaku',nantapitek ñiker',U01044,G00904,hard,0.6671067476272583,0.5858306884765625,0.0812760591506958,12
U00379,G00309,manténganse abrigados.,i'shiwansu' ñapaku',tupiter' inpalerian,U02086,G01868,medium,0.6671067476272583,0.48557600378990173,0.18153074383735657,15
U00569,G00473,¿está muerto?,¿chimiñi?,¿sekipia'cha?,U01467,G01285,hard,0.69388347864151,0.6310286521911621,0.0628548264503479,7
U00569,G00473,¿está muerto?,¿chimiñi?,¿inapi ñapala?,U00987,G00851,medium,0.69388347864151,0.540591299533844,0.15329217910766602,23
U02115,G01896,lo abofeteó.,lliaka'uk enka'lina,tenmiansu'lli,U01122,G00975,hard,0.6121882796287537,0.5536007881164551,0.058587491512298584,14
U02115,G01896,lo abofeteó.,lliaka'uk enka'lina,nana uk'lli,U00076,G00190,medium,0.6121882796287537,0.4565103054046631,0.15567797422409058,28
U00023,G00019,¡tengo!,¡a'ñapalek!,¡tante'ñek!,U00328,G00263,hard,0.7384917140007019,0.6376414895057678,0.10085022449493408,2
U00023,G00019,¡tengo!,¡a'ñapalek!,¡pante'chek!,U00070,G01018,medium,0.7384917140007019,0.5559536218643188,0.18253809213638306,5
U00925,G00794,¿estaba equivocada?,¿ñapawinek pektunsu'?,¿kaluwi'su' ñapawina?,U01596,G01407,hard,0.7029760479927063,0.6007888317108154,0.10218721628189087,2
U00925,G00794,¿estaba equivocada?,¿ñapawinek pektunsu'?,¿enñupa' ñapawina?,U01906,G01700,medium,0.7029760479927063,0.5470215678215027,0.1559544801712036,4
U02068,G01851,sabía dulce.,kasersu' ñiwiñi,ñapawinek lupersu',U00800,G00677,hard,0.6201575398445129,0.5470042824745178,0.07315325736999512,4
U02068,G01851,sabía dulce.,kasersu' ñiwiñi,ñinchituwinek',U00325,G00260,medium,0.6201575398445129,0.46622157096862793,0.153935968875885,29
U00691,G00578,ayudaremos.,katu'pa'taterwa',katu'pa'udek,U00079,G01153,hard,0.8166305422782898,0.7450582981109619,0.07157224416732788,2
U00691,G00578,ayudaremos.,katu'pa'taterwa',saka'taterwa',U00695,G00582,medium,0.8166305422782898,0.6412408351898193,0.17538970708847046,5
U01334,G01162,¿puedo quedármelo?,¿yennitulek ek'llia'ak?,¿yennitulek lata'ak?,U01948,G01738,hard,0.816477358341217,0.73972088098526,0.07675647735595703,9
U01334,G01162,¿puedo quedármelo?,¿yennitulek ek'llia'ak?,¿yennitulek musha'a'kik?,U01653,G01461,medium,0.816477358341217,0.6609501242637634,0.1555272340774536,18
U01602,G01413,¿dónde estás?,¿enñupa'cha ñapala?,¿inapi ñapala?,U00987,G00851,hard,0.8086462020874023,0.7179288864135742,0.09071731567382812,2
U01602,G01413,¿dónde estás?,¿enñupa'cha ñapala?,¿a'pe'chapala?,U01938,G01728,medium,0.8086462020874023,0.6351547241210938,0.1734914779663086,3
U02993,G02768,"regresando por ese camino dijeron: por ese camino hay bastante comida, hay de todo.","nana inchilalalupa' adencha'nni'ma luncha'llina': enpu'nipa' uran ñilli nana inchilalalupa', dudinpu' ñapalli.","ta'ser lauktulek, asu' muyunpa inchilala malek, nu'unta' taketllina'.",U03052,G02827,medium,0.5912792086601257,0.42745324969291687,0.16382595896720886,2
U00417,G00337,más despacio.,a'pinta' uti'la,wintu'udek a'pinta',U01188,G01031,hard,0.5109195113182068,0.4188516139984131,0.0920678973197937,6
U00417,G00337,más despacio.,a'pinta' uti'la,nu'ter' ipia'la,U00738,G00618,medium,0.5109195113182068,0.36023253202438354,0.15068697929382324,25
U00152,G00116,adelante. (ingresa),da'encher',aden'cher',U00290,G00230,hard,0.7134677171707153,0.6602634787559509,0.053204238414764404,11
U00152,G00116,adelante. (ingresa),da'encher',pa'awa',U00857,G00733,medium,0.7134677171707153,0.5584563612937927,0.1550113558769226,28
U00157,G00116,entra.,da'encher',yunsuer',U00062,G00048,hard,0.7631860971450806,0.67924565076828,0.08394044637680054,9
U00157,G00116,entra.,da'encher',yunsanker',U00022,G00018,medium,0.7631860971450806,0.6043010950088501,0.15888500213623047,26
U02676,G02451,dice que le vieron sus pies con los dedos hacia atrás y su espalda era barriga. the front and his belly where his back should be.,lli'llini'mi'na lanteknen pi'sheksu' ali'la piteknenunta' merpinen.,"lli'llini'ma tekka'pilasik panpadeklupa', tupitullina' ñi kasek'i'ñina'.",U03081,G02856,hard,0.48385655879974365,0.3759743571281433,0.10788220167160034,2
U02676,G02451,dice que le vieron sus pies con los dedos hacia atrás y su espalda era barriga. the front and his belly where his back should be.,lli'llini'mi'na lanteknen pi'sheksu' ali'la piteknenunta' merpinen.,tanni'ma kawinta'llini'ma yunsu'lli pidekñikla. lli'dek'an peklu'deklli:,U02587,G02362,medium,0.48385655879974365,0.3337520360946655,0.15010452270507812,9
U02748,G02523,"la charapa salió,","puka' yunsu'lli,","damer'ita yunsu'lli,",U02749,G02524,hard,0.8339779376983643,0.7649749517440796,0.06900298595428467,3
U02748,G02523,"la charapa salió,","puka' yunsu'lli,","kundetchek enñi,",U02713,G02488,medium,0.8339779376983643,0.6760947108268738,0.15788322687149048,10
U00320,G00256,quedé inconsciente.,lliya'lek inlli'inui'su',ñinchitapalek idun'ak,U00520,G00431,hard,0.605030357837677,0.5378280878067017,0.06720227003097534,5
U00320,G00256,quedé inconsciente.,lliya'lek inlli'inui'su',ñinchitapalek lun'ak,U00518,G00429,medium,0.605030357837677,0.4401746988296509,0.16485565900802612,25
U02716,G02491,arákayu shinguró7 (los lagos).,arakayuler pilleklli.,arakayuler pekkun pa'lapinta'lli.,U02715,G02490,hard,0.6104941964149475,0.5493462681770325,0.06114792823791504,5
U02716,G02491,arákayu shinguró7 (los lagos).,arakayuler pilleklli.,nana nu'tan arakayu nu'wanta'lli.,U02705,G02480,medium,0.6104941964149475,0.4465775191783905,0.163916677236557,17
U02803,G02578,pero a nadie queremos contarle porque no creen.,ñi'na ñiden kudaler yawinchi'ñidek latekchiñina'.,kenmu'wa' chimiansikwa' ma'ilipa' lli'tetchu tullini'ma napi'.,U03041,G02816,hard,0.6265466213226318,0.569290816783905,0.05725580453872681,2
U02803,G02578,pero a nadie queremos contarle porque no creen.,ñi'na ñiden kudaler yawinchi'ñidek latekchiñina'.,"ñinchitapalekwa' ali'ladaperunta' nanpi'perkasu', ñi'na ñienpi' lli'dek'i'nekwa'.",U02836,G02611,medium,0.6265466213226318,0.46998894214630127,0.15655767917633057,6
U02272,G02047,la que más me cuida es mi hija que es casada.,a'pinta' luwektapa'nkusui'na ku'aperwawa suda'su'.,kua usha'wanek a'lek'inpu'dek'amu wilaweklusa'.,U02303,G02078,hard,0.6212477684020996,0.5695496201515198,0.051698148250579834,2
U02272,G02047,la que más me cuida es mi hija que es casada.,a'pinta' luwektapa'nkusui'na ku'aperwawa suda'su'.,kui'na a'pinta' musu' eknanpi'ñu tatawek.,U02258,G02033,medium,0.6212477684020996,0.4700261056423187,0.15122166275978088,6
U02826,G02601,dicen que cuando marcel bajaba el río en un patecito la ballena se lo tragó.,marcel ima pachishak nu'wantan lanla'ler lanpi'tulli.,ekpantasik ima taserpiler pilli'tan lutu'lli.,U02932,G02707,hard,0.6993070840835571,0.5629324316978455,0.13637465238571167,2
U02826,G02601,dicen que cuando marcel bajaba el río en un patecito la ballena se lo tragó.,marcel ima pachishak nu'wantan lanla'ler lanpi'tulli.,wichi'a'ser ima tekkinchi lansi' wa'dan uk'an iñer ima laki'kerdeklli.,U02893,G02668,medium,0.6993070840835571,0.537092387676239,0.16221469640731812,3
U00039,G00033,escuchen.,lau'tuku',lauk'ter',U00390,G00318,hard,0.8555732369422913,0.737643837928772,0.11792939901351929,2
U00039,G00033,escuchen.,lau'tuku',lau'tullina',U00040,G00034,medium,0.8555732369422913,0.6845346689224243,0.17103856801986694,3
U02715,G02490,arakayú icaró y se fue dejándolos.,arakayuler pekkun pa'lapinta'lli.,tan ima arakayu nu'wanta'lli.,U02699,G02474,hard,0.8137361407279968,0.758766770362854,0.05496937036514282,5
U02715,G02490,arakayú icaró y se fue dejándolos.,arakayuler pekkun pa'lapinta'lli.,"arakayu yunsui'npu'a'su' ñilli,",U02765,G02540,medium,0.8137361407279968,0.6536219716072083,0.16011416912078857,13
U00899,G00770,sonrieron.,yamerladallina',lamapu'llina',U01541,G01353,hard,0.8388614654541016,0.7792081236839294,0.05965334177017212,2
U00899,G00770,sonrieron.,yamerladallina',tumu'llina',U00969,G00835,medium,0.8388614654541016,0.6517183780670166,0.18714308738708496,5
U00266,G00214,mírame.,lli'u,luntuu,U00881,G00753,hard,0.8164386749267578,0.6891049742698669,0.12733370065689087,3
U00266,G00214,mírame.,lli'u,wintu'u,U01355,G01182,medium,0.8164386749267578,0.6635965704917908,0.15284210443496704,6
U00268,G00214,obsérvame.,lli'u,lli'ker',U00858,G00734,hard,0.7486855983734131,0.633603036403656,0.11508256196975708,3
U00268,G00214,obsérvame.,lli'u,a'lli'u,U01836,G01632,medium,0.7486855983734131,0.5962814092636108,0.15240418910980225,13
U02398,G02173,"los niños ahora no la entienden, ahora sí que ellos ya no comprenden nuestra lengua shiwilu.","wilalusa' ipa'la ñi lachek'i'ñina', ipa'li'na shiwilu la'la'mapu'wa' nawa' lachek'i'ñina'.","nu'su' ñapilaterwa' enta' ipa'la, nermuda'lusi'pa' danker'kuñina' shiwiluk.",U03117,G02892,medium,0.847373902797699,0.6081029176712036,0.23927098512649536,2
U02928,G02703,"hemos venido, hermano.","- ukllidek, alli'sha.","pa'awa, nu'tuku'",U01665,G01472,medium,0.735813558101654,0.5087816119194031,0.22703194618225098,2
U00849,G00725,déjame ayudarte.,taitula'u katu'pe'chen,ta'itula'u tekdiperechek,U02090,G01872,hard,0.8312934637069702,0.7231963872909546,0.10809707641601562,2
U00849,G00725,déjame ayudarte.,taitula'u katu'pe'chen,ta'itula'u pilli'te'chek,U01495,G01312,medium,0.8312934637069702,0.6585611701011658,0.17273229360580444,3
U03059,G02834,y cuando (los shawala) estaban pasando a trabajar con esos castellano-hablantes los llamó y les dijo:,nakupila'ser yasaka'tanna' nana kaschilla lu'nsu'lek peklu'dek'an itudeklli:,"nana anaka'ler pekdadeklli tan ima a'insekdiperdeklli, musu pilendek'anna':",U02917,G02692,hard,0.7169888615608215,0.6444151401519775,0.072573721408844,2
U03059,G02834,y cuando (los shawala) estaban pasando a trabajar con esos castellano-hablantes los llamó y les dijo:,nakupila'ser yasaka'tanna' nana kaschilla lu'nsu'lek peklu'dek'an itudeklli:,"tullima nana lunanpichita'su', tullima nana wa'lata'su':",U02935,G02710,medium,0.7169888615608215,0.5438474416732788,0.17314141988754272,4
U01186,G01031,dinos más.,wintu'udek a'pinta',wintu'u a'pinta,U00725,G00608,medium,0.7789475917816162,0.627615749835968,0.1513318419456482,4
U01187,G01031,dígannos más.,wintu'udek a'pinta',wintu'u a'pinta',U01183,G01030,hard,0.8593020439147949,0.7402693629264832,0.11903268098831177,4
U01187,G01031,dígannos más.,wintu'udek a'pinta',llinse'cher' manen'unta',U02195,G01974,medium,0.8593020439147949,0.561107873916626,0.29819416999816895,8
U01188,G01031,cuéntanos más.,wintu'udek a'pinta',llinse'cher' manen'unta',U02195,G01974,medium,0.801918625831604,0.6008332967758179,0.20108532905578613,4
U01921,G01712,fuiste valiente.,nantapitek ñiwina,saka'tapawina,U01625,G01436,medium,0.7825348377227783,0.5937240719795227,0.18881076574325562,2
U03056,G02831,"dice que, antiguamente, (los españoles) los maltrataban, les reñían, los paleaban, los hacían trabajar hasta muy tarde.","napi' ima llikanetchudek'i'ñina', yutudekllini'ma, llipu'tudekllini'ma, er'washinchi walek a'saka'tudekllina'.","du'anna' adipi, uklulunenna' uwanna'pu'su', tusu' tullina', tandulalusa' lli'anna', pi'tandula lli'anna'.",U03111,G02886,hard,0.7055984735488892,0.6323439478874207,0.0732545256614685,3
U03056,G02831,"dice que, antiguamente, (los españoles) los maltrataban, les reñían, los paleaban, los hacían trabajar hasta muy tarde.","napi' ima llikanetchudek'i'ñina', yutudekllini'ma, llipu'tudekllini'ma, er'washinchi walek a'saka'tudekllina'.","pektalusa'sa', adu, a'lanan, punkapi, asu' pupunlusa', nanasi'ma luwetchullina'.",U02631,G02406,medium,0.7055984735488892,0.5527943968772888,0.15280407667160034,8
U01719,G01522,bebo café.,ulek wayusa',ka'apalek wayupi,U00774,G00651,medium,0.6491525769233704,0.4607565402984619,0.18839603662490845,2
U03095,G02870,"desde entonces en adelante, poco a poco algunos barriobajinos se rabian cuando los barrioaltinos van por ahí.",ipa'leklanlek a'metchala nu'unta' chilenñusa' yullina' winenllusa' pa'a'ser nanalupa'.,enta'n lunchek ipa'la asu' ma'pu'sui'pa' kankantanna' shiwiluku'lusa' muyunpa yaluwetchullina'.,U02833,G02608,hard,0.6597788333892822,0.5739677548408508,0.0858110785484314,2
U03095,G02870,"desde entonces en adelante, poco a poco algunos barriobajinos se rabian cuando los barrioaltinos van por ahí.",ipa'leklanlek a'metchala nu'unta' chilenñusa' yullina' winenllusa' pa'a'ser nanalupa'.,nu'sik nu'eklima nana muyunpak ektu'llina' tullina' papinkuku'lusa'.,U03004,G02779,medium,0.6597788333892822,0.49049073457717896,0.16928809881210327,6
U00759,G00638,está fingiendo.,intek apalli,insek'lutenapalli,U01051,G00911,hard,0.5824617743492126,0.5318475365638733,0.050614237785339355,16
U00759,G00638,está fingiendo.,intek apalli,ipa'li'na tanantapilalli,U02768,G02543,medium,0.5824617743492126,0.4300895631313324,0.15237221121788025,45
U00117,G00083,tom ganó.,tom kana'tulli,tom saka'tulli,U00671,G00561,hard,0.8413037061691284,0.7906239032745361,0.050679802894592285,2
U00117,G00083,tom ganó.,tom kana'tulli,tom idenmalli,U00656,G00547,medium,0.8413037061691284,0.6746880412101746,0.16661566495895386,7
U01297,G01128,estás mintiendo.,tumu'pala,llipu'tula,U01272,G01107,hard,0.7813398838043213,0.6411917805671692,0.1401481032371521,2
U01297,G01128,estás mintiendo.,tumu'pala,luantapala,U00975,G00841,medium,0.7813398838043213,0.5956681966781616,0.18567168712615967,3
U01872,G01666,este funciona.,asu' saka'techu',asu' analli,U00905,G00776,hard,0.6938453912734985,0.6269676089286804,0.06687778234481812,6
U01872,G01666,este funciona.,asu' saka'techu',nana katu'pa'techu,U01190,G01033,medium,0.6938453912734985,0.5417302846908569,0.1521151065826416,11
U01550,G01362,es incorrecto.,mui'su' nuka'a,nu'su' nuka'a,U01191,G01034,hard,0.5976400375366211,0.5464476943016052,0.05119234323501587,10
U01550,G01362,es incorrecto.,mui'su' nuka'a,ninchichi'nek,U01728,G01530,medium,0.5976400375366211,0.4412018358707428,0.1564382016658783,22
U01386,G01211,soy japonés.,japones nuka'ka,koreano nuka'ka,U00554,G00459,medium,0.8988231420516968,0.6894035339355469,0.2094196081161499,2
U00919,G00789,pruébate este.,lataker' asu',i'shiker' asu',U00871,G00745,hard,0.8108226656913757,0.7580931186676025,0.05272954702377319,2
U00919,G00789,pruébate este.,lataker' asu',lanerku' asu',U00623,G00518,medium,0.8108226656913757,0.6519195437431335,0.1589031219482422,20
U02395,G02170,usted señora quiere aprender esta nuestra lengua shiwilu.,kenma senñula' yañinchitula asu' shiwilu la'la'mapu'wa'.,napi' wilashakuñamu asu' shiwilu la'la' mushasu' lunek.,U02399,G02174,hard,0.7571556568145752,0.6695035099983215,0.08765214681625366,2
U02395,G02170,usted señora quiere aprender esta nuestra lengua shiwilu.,kenma senñula' yañinchitula asu' shiwilu la'la'mapu'wa'.,shiwilu la'la'mapu'wa' u'chimusha.,U02396,G02171,medium,0.7571556568145752,0.5759767293930054,0.18117892742156982,4
U01196,G01037,se escaparon.,chi'yek llina',yunsu'ku',U00064,G00049,hard,0.7034621238708496,0.6259805560112,0.07748156785964966,15
U01196,G01037,se escaparon.,chi'yek llina',inmusha'llina',U00897,G00768,medium,0.7034621238708496,0.5420898795127869,0.16137224435806274,22
U02287,G02062,ella también me está enseñando.,nananta' a'lek'apilallun.,nawa' lli'apallinerku.,U02441,G02216,hard,0.6273508667945862,0.544548749923706,0.08280211687088013,2
U02287,G02062,ella también me está enseñando.,nananta' a'lek'apilallun.,nana a'lek'apalek.,U02314,G02089,medium,0.6273508667945862,0.46230942010879517,0.16504144668579102,4
U00916,G00786,tom estornudó.,tom a'shulli,tom lanerlli,U00914,G00784,hard,0.7816498279571533,0.731003999710083,0.05064582824707031,16
U00916,G00786,tom estornudó.,tom a'shulli,tom lachek'lli,U01876,G01670,medium,0.7816498279571533,0.6312742233276367,0.1503756046295166,38
U00721,G00605,estate preparado.,insek'dipersu' ñapaker',ñaper' lu'uk'tan,U00727,G00610,hard,0.606979489326477,0.4777458906173706,0.12923359870910645,5
U00721,G00605,estate preparado.,insek'dipersu' ñapaker',tupiter' inpalerian,U02086,G01868,medium,0.606979489326477,0.4495685398578644,0.15741094946861267,7
U02502,G02277,"yo solita vivo, no tengo parientes,","kuashasa' ñienkasu' patunwi'nek,","u'ñikuchu'chekshalima, kunsek kutu',",U02461,G02236,hard,0.7649577856063843,0.638197660446167,0.12676012516021729,2
U02502,G02277,"yo solita vivo, no tengo parientes,","kuashasa' ñienkasu' patunwi'nek,","nanasa', kupin uwapi'nek, u'nisha iyumu uwapalek,",U02455,G02230,medium,0.7649577856063843,0.6081798672676086,0.15677791833877563,3
U01373,G01198,es abogado.,chimidekpi nuka'a,sawadu' nuka'a,U01791,G01590,hard,0.607276439666748,0.5288463234901428,0.07843011617660522,6
U01373,G01198,es abogado.,chimidekpi nuka'a,iyasu' nuka'a,U01803,G01600,medium,0.607276439666748,0.45271560549736023,0.15456083416938782,19
U01490,G01307,solo levántate.,kenmasa' yunsanker',adencher' wiuk'su',U01661,G01468,hard,0.5471689701080322,0.4799114167690277,0.06725755333900452,3
U01490,G01307,solo levántate.,kenmasa' yunsanker',inpaleriaper',U01813,G01610,medium,0.5471689701080322,0.3958800137042999,0.1512889564037323,23
U02888,G02663,"de ahí, dice, (el duende) les hizo dormir después de que comieron.",nanek ima wa'ki'lleklli urankasu' supinak ima.,"nu'tan, pidekñik sichi'dandek'an iñer urañi.",U02894,G02669,hard,0.6669493913650513,0.5991522073745728,0.06779718399047852,2
U02888,G02663,"de ahí, dice, (el duende) les hizo dormir después de que comieron.",nanek ima wa'ki'lleklli urankasu' supinak ima.,"naneklimaka, pacher kencha'llina' apetchanna' dekpilli.",U02992,G02767,medium,0.6669493913650513,0.5103865265846252,0.15656286478042603,4
U01231,G01070,despiertalos.,uchinande'ker,tandenñiden,U00934,G00803,hard,0.5927977561950684,0.5332723259925842,0.05952543020248413,3
U01231,G01070,despiertalos.,uchinande'ker,anapila,U01622,G01433,medium,0.5927977561950684,0.4402577877044678,0.15253996849060059,7
U00938,G00806,nos recordamos.,lli'inutapallidek,inlu'uk'tutek nuka'kawa',U01896,G01690,hard,0.6076074838638306,0.5512521266937256,0.05635535717010498,2
U00938,G00806,nos recordamos.,lli'inutapallidek,lauk'tapallidek,U02180,G01960,medium,0.6076074838638306,0.443347305059433,0.16426017880439758,20
U02134,G01914,me ataron.,tenpu'llinerku',iker'lalak aku'llinerku,U01779,G01578,hard,0.6840847134590149,0.6084524393081665,0.07563227415084839,9
U02134,G01914,me ataron.,tenpu'llinerku',pilli'tullina,U01366,G01191,medium,0.6840847134590149,0.5232691764831543,0.1608155369758606,16
U01411,G01232,les mentí.,tumu'tuleklek,tumu'tulundek,U01914,G01980,hard,0.7318095564842224,0.6694274544715881,0.06238210201263428,4
U01411,G01232,les mentí.,tumu'tuleklek,tumu'tulun,U01913,G01705,medium,0.7318095564842224,0.5808405876159668,0.15096896886825562,9
U00463,G00379,¡ten cuidado!,¡li'ker'la!,inlu'uk'tuker',U01879,G01673,hard,0.6569119095802307,0.596037745475769,0.06087416410446167,8
U00463,G00379,¡ten cuidado!,¡li'ker'la!,lli'dek'ku',U00269,G00215,medium,0.6569119095802307,0.4980262815952301,0.1588856279850006,25
U00464,G00379,¡sé cuidadoso!,¡li'ker'la!,!enta'n lli'ku'!,U02945,G02720,hard,0.67556232213974,0.6227541565895081,0.052808165550231934,4
U00464,G00379,¡sé cuidadoso!,¡li'ker'la!,¡pilli'ter'!,U01378,G01203,medium,0.67556232213974,0.5236456394195557,0.15191668272018433,19
U02873,G02648,cuentan que un joven dijo ¿ahí quién vivirá? a ver voy a ver dijo y se fue.,nana ala'sa' nadi'nek ima tulli ¿nanek den ipa' nanpipalli? enta'n lli'kunchek i'na tan ima pa'lli.,lli'kuñini'ma panpateklu'lusa'. ma'lusa' asu'? tullini'ma panpateklu' lli'anna'.,U02969,G02744,medium,0.7213627696037292,0.5067974925041199,0.21456527709960938,2
U00493,G00406,no esperes.,yawa'tentuta,yalli'tama,U00485,G00398,hard,0.7331726551055908,0.6150543093681335,0.11811834573745728,2
U00493,G00406,no esperes.,yawa'tentuta,yataitula'ta,U00488,G00401,medium,0.7331726551055908,0.569639265537262,0.16353338956832886,5
U01862,G01656,estaban enfermos.,ñapawiñina' kaluwi'su',ñapawiñina' pektunsu',U02137,G01917,hard,0.852267324924469,0.7963968515396118,0.05587047338485718,2
U01862,G01656,estaban enfermos.,ñapawiñina' kaluwi'su',muinsu' ñapallina',U01868,G01662,medium,0.852267324924469,0.7000738382339478,0.15219348669052124,4
U02125,G01905,son lindos.,u'chimushala nuker'ka,sha'mu'su' nuka'ma,U01640,G01450,hard,0.6867078542709351,0.6219329833984375,0.06477487087249756,11
U02125,G01905,son lindos.,u'chimushala nuker'ka,u'chimusha nuka'a,U01481,G01299,medium,0.6867078542709351,0.5293650031089783,0.1573428511619568,16
U03088,G02863,"-vengan, su pueblo es.","-wencha'ku', ñinnanlu'penma' nuka'a.","- uklek, alli'sha. penshapen luwanpa'llen.",U02878,G02653,hard,0.6777843236923218,0.546209454536438,0.1315748691558838,2
U03088,G02863,"-vengan, su pueblo es.","-wencha'ku', ñinnanlu'penma' nuka'a.","- enta'n, er'washinchi lli'kunkenma'.",U02929,G02704,medium,0.6777843236923218,0.5083562135696411,0.16942811012268066,3
U00374,G00305,guarda esto.,sek'diperker' asu',lataker' asu',U00919,G00789,hard,0.7698387503623962,0.7186131477355957,0.05122560262680054,8
U00374,G00305,guarda esto.,sek'diperker' asu',sekdiperker' asu' mutu'penkek,U01514,G01329,medium,0.7698387503623962,0.6169188618659973,0.15291988849639893,23
U01017,G00879,enfríalo.,a'sanek'ker',i'shi'ker',U00399,G00324,hard,0.5758197903633118,0.5216526985168457,0.054167091846466064,2
U01017,G00879,enfríalo.,a'sanek'ker',tu'neker',U00110,G00078,medium,0.5758197903633118,0.4219730496406555,0.15384674072265625,28
U02225,G02001,¿me permiten?,¿ta'itule'chuner'ku?,¿tupitechunku?,U01348,G01175,medium,0.7595345973968506,0.6062160730361938,0.15331852436065674,2
U02379,G02154,así también yuca cruda rallada también se hierve en otra olla.,nu'sik ker' su'watek nananta' a'ukluka'lek ali'la uktak.,"ukluka'sik, ali'lak kupin uktak pekdu'a'kasu' upellek.",U02364,G02139,hard,0.6086957454681396,0.5180330276489258,0.09066271781921387,3
U02379,G02154,así también yuca cruda rallada también se hierve en otra olla.,nu'sik ker' su'watek nananta' a'ukluka'lek ali'la uktak.,ipa'linchi chitetllu' kellu'lek seklekka'lek.,U02352,G02127,medium,0.6086957454681396,0.45131126046180725,0.1573844850063324,7
U01776,G01575,estoy acostumbrado.,ñapalek da'iyasu',ñapalek sadasu',U00820,G00696,hard,0.6790591478347778,0.6266672611236572,0.052391886711120605,13
U01776,G01575,estoy acostumbrado.,ñapalek da'iyasu',makek saka'tapi'nek,U01775,G01574,medium,0.6790591478347778,0.5274623036384583,0.15159684419631958,37
U02229,G02004,¿tienes cerveza?,¿a'ñapala cerveza?,¿pumuladawanpala?,U02232,G02007,medium,0.9218037724494934,0.6885537505149841,0.23325002193450928,2
U02056,G01839,sigo vivo.,nanpi'palek'i'la,ku'la tupiapi'nek,U01717,G01520,medium,0.8685968518257141,0.680483341217041,0.1881135106086731,2
U00135,G00097,pregúntale.,lek'ker',lauk'ter',U00390,G00318,hard,0.6727615594863892,0.5976877808570862,0.07507377862930298,3
U00135,G00097,pregúntale.,lek'ker',wiuker',U00171,G00129,medium,0.6727615594863892,0.5215785503387451,0.15118300914764404,13
U00136,G00097,pregúntales.,lek'ker',teklerier',U00442,G00359,hard,0.6494056582450867,0.5927909016609192,0.05661475658416748,3
U00136,G00097,pregúntales.,lek'ker',lli'dek'ku',U00269,G00215,medium,0.6494056582450867,0.49753355979919434,0.15187209844589233,23
U00246,G00194,siéntate aquí.,du'ker' asek,asek lia'ker',U00420,G00340,hard,0.7867286801338196,0.7332231402397156,0.053505539894104004,3
U00246,G00194,siéntate aquí.,du'ker' asek,nanek llia'ker',U00628,G00523,medium,0.7867286801338196,0.5775446891784668,0.20918399095535278,10
U03071,G02846,"-¿por qué vamos a matarlos?, dijo un viejo.","– ¿ma'ki'na nu'taterwa?, tullima ala'sa' taserpi.",¿ma'ki'na kenmama' u'lama'? itullinerkudek.,U02794,G02569,hard,0.6090466380119324,0.5168822407722473,0.09216439723968506,3
U03071,G02846,"-¿por qué vamos a matarlos?, dijo un viejo.","– ¿ma'ki'na nu'taterwa?, tullima ala'sa' taserpi.",iñerdaper ¿ma'ki'nta' nu'tullinerkenmu'wa' ten?,U02771,G02546,medium,0.6090466380119324,0.45773985981941223,0.15130677819252014,8
U02648,G02423,todo tipo de peces.,dudinpu' samer.,uketchu samellusa'.,U02641,G02416,hard,0.6398413181304932,0.5162162184715271,0.12362509965896606,2
U02648,G02423,todo tipo de peces.,dudinpu' samer.,inetchaku'lusa'ki.,U02308,G02083,medium,0.6398413181304932,0.4754800796508789,0.16436123847961426,3
U00824,G00700,soy neutral.,ñidenkinpu' nuka'ka,kulliker'wi'nek,U00207,G00160,hard,0.7274224758148193,0.6238659024238586,0.1035565733909607,2
U00824,G00700,soy neutral.,ñidenkinpu' nuka'ka,pinanerchek'ku nukaka,U01454,G01272,medium,0.7274224758148193,0.5703190565109253,0.15710341930389404,10
U02718,G02493,"por eso dice los peces salieron,","nu'an imaka samellusa' yu'nketllina',","nu'wanta'sik ima sameller tupitunta'lli,",U02706,G02481,hard,0.7630207538604736,0.6916363835334778,0.07138437032699585,2
U02718,G02493,"por eso dice los peces salieron,","nu'an imaka samellusa' yu'nketllina',","ipa'linchi ñinanlu' indiuntun tulli,",U02738,G02513,medium,0.7630207538604736,0.6051667332649231,0.15785402059555054,5
U02703,G02478,cuando se silenció desapareció.,tuna'sik wetlli.,penwanpasik pidekñik.,U02584,G02359,hard,0.6575997471809387,0.5977437496185303,0.05985599756240845,3
U02703,G02478,cuando se silenció desapareció.,tuna'sik wetlli.,enpu'nipi'ma ituwetchapalli ulunta'su'.,U02549,G02324,medium,0.6575997471809387,0.5021145343780518,0.15548521280288696,6
U02133,G01913,parecen felices.,lli'tullina' musu',ñapaker' musu'kankantusu',U00465,G00380,hard,0.6817973852157593,0.5723491907119751,0.10944819450378418,2
U02133,G01913,parecen felices.,lli'tullina' musu',muisu' kankantullina,U00970,G00836,medium,0.6817973852157593,0.4968489706516266,0.1849484145641327,4
U00037,G00318,escucha.,lau'ter,tuluner'ker',U00621,G00516,hard,0.8102147579193115,0.7336293458938599,0.07658541202545166,4
U00037,G00318,escucha.,lau'ter,du'la'ker',U00416,G00336,medium,0.8102147579193115,0.6520012617111206,0.15821349620819092,16
U00390,G00318,escucha.,lauk'ter',lau'tuku',U00039,G00033,hard,0.8568833470344543,0.7689088582992554,0.08797448873519897,3
U00390,G00318,escucha.,lauk'ter',tenpu'ker',U00146,G00106,medium,0.8568833470344543,0.6900081634521484,0.1668751835823059,8
U00652,G00544,tom bebe.,tom uwapalli,tom lansa'palli,U00651,G00543,hard,0.7367804050445557,0.6721741557121277,0.06460624933242798,4
U00652,G00544,tom bebe.,tom uwapalli,tom wellek'echu,U00674,G00564,medium,0.7367804050445557,0.5863513946533203,0.15042901039123535,13
U00653,G00544,tom toma.,tom uwapalli,tom idenmechu,U01877,G01671,hard,0.6801707744598389,0.6225523948669434,0.05761837959289551,11
U00653,G00544,tom toma.,tom uwapalli,tom a'ta'wantulli,U01216,G01056,medium,0.6801707744598389,0.5299193859100342,0.1502513885498047,43
U00140,G00101,sean breves.,empu'ni yaluntama',nana pu'su' yanu'tutama',U00741,G00621,hard,0.5993465185165405,0.5356884598731995,0.06365805864334106,2
U00140,G00101,sean breves.,empu'ni yaluntama',musuk'i'la lli'inuper',U01529,G01342,medium,0.5993465185165405,0.433634489774704,0.16571202874183655,5
U02015,G01800,debo advertirle.,winta'kasu' ñapalli,lli'kuñini'ma.,U02659,G02434,hard,0.5210253596305847,0.45955488085746765,0.061470478773117065,10
U02015,G01800,debo advertirle.,winta'kasu' ñapalli,ñi'inaka inlu'uktutek,U01759,G01561,medium,0.5210253596305847,0.3710096478462219,0.1500157117843628,23
U00234,G00184,déjame.,tai'tula'u,tupi'tu'u,U00302,G00241,hard,0.8257009983062744,0.7427271008491516,0.0829738974571228,2
U00234,G00184,déjame.,tai'tula'u,ta'itula'u pae'chek,U01810,G01607,medium,0.8257009983062744,0.6634707450866699,0.1622302532196045,8
U02327,G02102,"no quieren (saber) nada,","ñi luwanchi'ñina',","ñimi'na luwetchi'ñina' iker'adu,",U02632,G02407,hard,0.8093904256820679,0.7040079236030579,0.10538250207901001,4
U02327,G02102,"no quieren (saber) nada,","ñi luwanchi'ñina',","ñi luwetchi'ñina' asu' tukuner,",U02633,G02408,medium,0.8093904256820679,0.6472480297088623,0.16214239597320557,8
U02329,G02104,no pueden hablar.,innichi'ñina' lu'nkasu'.,yatulener'tama,U00487,G00400,hard,0.6450724601745605,0.5901365280151367,0.05493593215942383,3
U02329,G02104,no pueden hablar.,innichi'ñina' lu'nkasu'.,yatu'nektuta,U01979,G01767,medium,0.6450724601745605,0.4886646866798401,0.15640777349472046,9
U02747,G02522,"el paiche salió,","unma' yunsu'lli,","kundetchek enñi,",U02713,G02488,hard,0.7352809309959412,0.6836042404174805,0.05167669057846069,10
U02747,G02522,"el paiche salió,","unma' yunsu'lli,","sennanlusa'nta' enñi,",U02710,G02485,medium,0.7352809309959412,0.5555334687232971,0.17974746227264404,13
U01879,G01673,ten cuidado.,inlu'uk'tuker',inluukter',U00423,G00342,hard,0.7000706791877747,0.6469731330871582,0.053097546100616455,3
U01879,G01673,ten cuidado.,inlu'uk'tuker',ñaper' lu'uk'tan,U00727,G00610,medium,0.7000706791877747,0.5449823141098022,0.1550883650779724,14
U02542,G02317,ahí toda esta enfermedad sa'la' va a desaparecer les dijo.,nanek iñer asu' sa'la' apu'tetchun itudekllima.,naneklimaka asu' nana lanla' pitunta' uwentunta'lli.,U02831,G02606,hard,0.6565297842025757,0.5922170877456665,0.06431269645690918,2
U02542,G02317,ahí toda esta enfermedad sa'la' va a desaparecer les dijo.,nanek iñer asu' sa'la' apu'tetchun itudekllima.,nu'sui'ma asu' panpadek uksu'ketchulli.,U02578,G02353,medium,0.6565297842025757,0.4939686954021454,0.1625610888004303,6
U02689,G02464,and he saw that his house had been completely burned.,"arakayu lli'unta'llima enpu'ni wa'inuipa' nana pideknen uksuketchulli,",nu'an ima arakayu sakek'an peklu'deklli inyulateknen ima.,U02595,G02370,hard,0.5035223960876465,0.4525892734527588,0.050933122634887695,19
U01513,G01328,¿puedo verlo?,¿yennitulek lli'ak?,¿yennitula ek'ker'cha'mak?,U01956,G01746,medium,0.8773035407066345,0.6852896213531494,0.1920139193534851,3
U00862,G00738,nadie vino.,ñiden u'i'ñi,amu utek'wañi,U01695,G01498,hard,0.659873902797699,0.5506865978240967,0.1091873049736023,9
U00862,G00738,nadie vino.,ñiden u'i'ñi,nana wer'lli,U02114,G01895,medium,0.659873902797699,0.5036990642547607,0.15617483854293823,11
U02473,G02248,"cargando (toda su vida) van a morir, todo el tiempo que vivan. jeberos, julio 2007","pipektapapachenma' chiminchuma', nanpia'mama' walek.","du'anna', wa'inutanna', nerpi'pu' ñiper'dekllina' nana pa'lusa'.",U03016,G02791,medium,0.6694658398628235,0.45385676622390747,0.21560907363891602,2
U00807,G00683,lo probaré.,lata'echek,nu'techek,U00552,G00457,hard,0.7425453066825867,0.6725103259086609,0.07003498077392578,4
U00807,G00683,lo probaré.,lata'echek,latek'iñen,U00521,G00432,medium,0.7425453066825867,0.5859102010726929,0.1566351056098938,10
U00302,G00241,sígueme.,tupi'tu'u,tupi'tu'udek,U00303,G00242,hard,0.6777424812316895,0.6250203847885132,0.05272209644317627,6
U00302,G00241,sígueme.,tupi'tu'u,katu'pa'u,U00078,G01152,medium,0.6777424812316895,0.527388334274292,0.15035414695739746,32
U00237,G00187,cuidado.,lli'ker'llia',lli'dek'ku',U00269,G00215,hard,0.6833117604255676,0.6311600208282471,0.05215173959732056,10
U00237,G00187,cuidado.,lli'ker'llia',wiuker',U00171,G00129,medium,0.6833117604255676,0.5261036157608032,0.1572081446647644,15
U01049,G00909,corre rápido.,tek'ker' wiuk'su',wiuk'su' nu'ter',U01511,G01326,hard,0.6829290390014648,0.6301883459091187,0.05274069309234619,6
U01049,G00909,corre rápido.,tek'ker' wiuk'su',eklli nu'ter',U01669,G01476,medium,0.6829290390014648,0.5275743007659912,0.15535473823547363,16
U02691,G02466,por eso dice arákayu se enojó mucho.,nu'an ima ipa'linchi arakayu yulli.,nanekla'nka kuanta' ñinchitulek asu' arakayu ma'pu'si'pa' nanpilli.,U02796,G02571,hard,0.6869525909423828,0.6332188844680786,0.0537337064743042,13
U02691,G02466,por eso dice arákayu se enojó mucho.,nu'an ima ipa'linchi arakayu yulli.,"yulli, willeklli, wa'inutulli arakayu.",U02694,G02469,medium,0.6869525909423828,0.5301520228385925,0.15680056810379028,31
U01501,G01317,hagamos eso.,nu'tawa' nana,nu'tawa' ipa'la,U02092,G01874,hard,0.7873333096504211,0.6684490442276001,0.11888426542282104,2
U01501,G01317,hagamos eso.,nu'tawa' nana,a'pinta' nu'tawa',U01500,G01316,medium,0.7873333096504211,0.5944233536720276,0.19290995597839355,4
U00394,G00319,deja sitio.,ta'iter' a'mercha,ta'ituler' da'encha'i,U00598,G00497,hard,0.7234951853752136,0.6599808931350708,0.06351429224014282,2
U00394,G00319,deja sitio.,ta'iter' a'mercha,ta'ituler' pa'i,U01143,G00996,medium,0.7234951853752136,0.5661388039588928,0.1573563814163208,3
U00674,G00564,tom llorará.,tom wellek'echu,tom akusute'chu,U01557,G01369,hard,0.8070361018180847,0.7127504348754883,0.09428566694259644,3
U00674,G00564,tom llorará.,tom wellek'echu,tom lansa'palli,U00651,G00543,medium,0.8070361018180847,0.6540580987930298,0.15297800302505493,7
U02657,G02432,en ese tiempo (comentaron) dicen que existe un tal arákayu y tiene peces.,"napi'pu' arakayu ima nanpipalli, samerwanpalli.",ipa'la lunchek arakayu ma'pu'si'pa' nanpilli panpadek ukuchik.,U02581,G02356,hard,0.597000002861023,0.5231050252914429,0.07389497756958008,4
U02657,G02432,en ese tiempo (comentaron) dicen que existe un tal arákayu y tiene peces.,"napi'pu' arakayu ima nanpipalli, samerwanpalli.",arakayu ima tulli asu' sellawa i'na kualer pektawapalek.,U02669,G02444,medium,0.597000002861023,0.4366621673107147,0.16033783555030823,14
U00075,G00056,el ají pica,nuka' ikerlli,asek ikerlli,U01474,G01292,hard,0.5555421113967896,0.4952560067176819,0.060286104679107666,2
U00075,G00056,el ají pica,nuka' ikerlli,pipersu' nuka'a,U00229,G00179,medium,0.5555421113967896,0.40532705187797546,0.1502150595188141,13
U02832,G02607,dicen que antes era grande ballena poza.,a'llupima ñiwiñi napi' lanla' pitun.,nu'su' lantekpi dekkuntuwiñi napi'.,U02467,G02242,hard,0.628943145275116,0.5333962440490723,0.0955469012260437,2
U02832,G02607,dicen que antes era grande ballena poza.,a'llupima ñiwiñi napi' lanla' pitun.,"nu'tan, pidekñik sichi'dandek'an iñer urañi.",U02894,G02669,medium,0.628943145275116,0.47574469447135925,0.1531984508037567,10
U02161,G01941,podemos ayudarlos.,yennitulek'wa' katu'pa'a'kawak,yennitulek katu'pa'a'kik,U01713,G01516,hard,0.7905234098434448,0.6813876628875732,0.10913574695587158,4
U02161,G01941,podemos ayudarlos.,yennitulek'wa' katu'pa'a'kawak,yinnitullidek lunnak,U00931,G00800,medium,0.7905234098434448,0.6352983713150024,0.15522503852844238,9
U01157,G01009,ahora déjanos.,ipa'la ta'itula'u'kudek,nu'tawa' ipa'la,U02092,G01874,medium,0.9059426784515381,0.6780092716217041,0.22793340682983398,2
U01208,G01049,se fueron.,pa'llina',da'pañina',U01195,G01036,hard,0.7724966406822205,0.7089047431945801,0.06359189748764038,6
U01208,G01049,se fueron.,pa'llina',ta'itula'llina,U01200,G01041,medium,0.7724966406822205,0.6224563121795654,0.15004032850265503,13
U03063,G02838,¡vamos a matarlos a estos dos10!,¡enchuku' di'tawa' asu' katu'ta'!,a'teradek'awa' asu' kenma'lusa'.,U03128,G02903,medium,0.7475264072418213,0.5664631128311157,0.18106329441070557,2
U00984,G00848,¿tienes frío?,¿sanekwantula?,¿wer'su' ñapala?,U00990,G00854,hard,0.7150704264640808,0.6459945440292358,0.06907588243484497,10
U00984,G00848,¿tienes frío?,¿sanekwantula?,¿iyatulun?,U01680,G01485,medium,0.7150704264640808,0.558861255645752,0.15620917081832886,21
U02959,G02734,"otros, dice, fueron a poner más yuca (para aprovisionarse).",ali'ladaper ima ker' aku'pakuñina'.,nanek ima inpinanerllanna' pek kuallina'.,U02892,G02667,hard,0.6936074495315552,0.5537442564964294,0.13986319303512573,2
U02959,G02734,"otros, dice, fueron a poner más yuca (para aprovisionarse).",ali'ladaper ima ker' aku'pakuñina'.,ali'lima llia'lli ma'i mutupik.,U03153,G02928,medium,0.6936074495315552,0.5328695774078369,0.16073787212371826,3
U01177,G01025,quedate conmigo.,llia'ker' kualek,dek'kunter' kualek,U01233,G01072,hard,0.6618233919143677,0.564544141292572,0.09727925062179565,3
U01177,G01025,quedate conmigo.,llia'ker' kualek,taitula'u nanpiak,U00851,G00727,medium,0.6618233919143677,0.49873781204223633,0.16308557987213135,8
U00441,G00358,tom irá.,tom pa'echu,tom chiminchu,U00675,G00565,hard,0.8460069298744202,0.7722899913787842,0.07371693849563599,3
U00441,G00358,tom irá.,tom pa'echu,tom wellek'echu,U00674,G00564,medium,0.8460069298744202,0.6901959180831909,0.15581101179122925,7
U03072,G02847,"- ¡no, cállate tú! quizás tú quieres que te sigan maltratando.","-!ma'sha, ta'tuler kenma! kenmeipa' luwantula llikanerchapinpu'erkensu'","mi'lencháaaa, kenmapa ñenpi' laki'dek uwapi'naaa.",U02375,G02150,hard,0.6540551781654358,0.5386629104614258,0.11539226770401001,2
U03072,G02847,"- ¡no, cállate tú! quizás tú quieres que te sigan maltratando.","-!ma'sha, ta'tuler kenma! kenmeipa' luwantula llikanerchapinpu'erkensu'","¡ma'sha, ñinanlu' iñer pa'i'nchu.",U02914,G02689,medium,0.6540551781654358,0.4995702803134918,0.15448489785194397,3
U01653,G01461,¿puedo besarte?,¿yennitulek musha'a'kik?,¿yennitaterwa tupitak?,U01656,G01464,hard,0.5565743446350098,0.4970109164714813,0.05956342816352844,24
U01653,G01461,¿puedo besarte?,¿yennitulek musha'a'kik?,iyatulek kana'tak,U01730,G01532,medium,0.5565743446350098,0.3990626633167267,0.15751168131828308,35
U01482,G01300,son negocios.,uku'latak nuker'ka,iñer' ñinchitulusa' nuker'ka,U01300,G01131,hard,0.543648898601532,0.4746086001396179,0.06904029846191406,12
U01482,G01300,son negocios.,uku'latak nuker'ka,nuka'kawa taserpilusa',U01250,G01086,medium,0.543648898601532,0.3924170434474945,0.15123185515403748,19
U02902,G02677,"dice que ahí otras estaban soñando,",nanek ima nu'unta' ipa' wa'latapallina'.,"nanapa yunsu'i kenmu'wa'kinsa' ñii asu' samer,",U02682,G02457,hard,0.5463433861732483,0.48793044686317444,0.05841293931007385,23
U01311,G01142,¿estás despierta?,¿nanpiladasu' ñapala?,¿saka'tusu' ñapala?,U01321,G01150,hard,0.7744278311729431,0.7199112772941589,0.05451655387878418,11
U01311,G01142,¿estás despierta?,¿nanpiladasu' ñapala?,¿enñupa'cha ñapala?,U01602,G01413,medium,0.7744278311729431,0.6192115545272827,0.1552162766456604,19
U01305,G01136,¿estoy soñando?,¿wa'latapalek?,¿weipensu' ñapalek?,U00134,G00096,hard,0.7381793856620789,0.6199450492858887,0.11823433637619019,2
U01305,G01136,¿estoy soñando?,¿wa'latapalek?,¿llitapalek musu'?,U01023,G00885,medium,0.7381793856620789,0.5406683087348938,0.19751107692718506,3
U00079,G01153,ayúdanos.,katu'pa'udek,katu'pa'taterwa',U00691,G00578,hard,0.8798043727874756,0.7740711569786072,0.10573321580886841,3
U00079,G01153,ayúdanos.,katu'pa'udek,katu'pa'u,U00078,G01152,medium,0.8798043727874756,0.6986271142959595,0.1811772584915161,6
U01324,G01153,apóyanos.,katu'pa'udek,katu'pa'taterwa',U00691,G00578,hard,0.7763549089431763,0.7192474603652954,0.05710744857788086,3
U01324,G01153,apóyanos.,katu'pa'udek,katu'pa',U01046,G00906,medium,0.7763549089431763,0.6263110637664795,0.15004384517669678,7
U00798,G00675,quiero este.,asu' luwantulek,lauk'lek nana,U02061,G01844,medium,0.7523810267448425,0.584884524345398,0.16749650239944458,4
U00229,G00179,es rojo.,pipersu' nuka'a,tumu'tek' nuka'a,U02077,G01860,hard,0.6310457587242126,0.578366219997406,0.05267953872680664,13
U00229,G00179,es rojo.,pipersu' nuka'a,nuka'a nana,U01853,G01647,medium,0.6310457587242126,0.48094674944877625,0.1500990092754364,28
U01892,G01686,somos hermanos.,iin nuka'kawa,a'lek'tutek'lusa' nuka'kawa',U02158,G01938,hard,0.6728001236915588,0.6179460287094116,0.05485409498214722,6
U01892,G01686,somos hermanos.,iin nuka'kawa,a'ñapalekwa' da'lusa',U02163,G01943,medium,0.6728001236915588,0.5209074020385742,0.15189272165298462,9
U02004,G01790,odio pelear.,luyulek idenmaak,luyu'lli teka'ak,U02242,G02017,hard,0.5992335081100464,0.5150178670883179,0.08421564102172852,8
U02004,G01790,odio pelear.,luyulek idenmaak,empu'duncha',U01725,G01527,medium,0.5992335081100464,0.42932966351509094,0.16990384459495544,12
U02005,G01790,detesto pelear.,luyulek idenmaak,luyu'lli teka'ak,U02242,G02017,hard,0.6076844930648804,0.5562214851379395,0.05146300792694092,8
U02005,G01790,detesto pelear.,luyulek idenmaak,yalansa'lek,U02026,G01811,medium,0.6076844930648804,0.4366071820259094,0.17107731103897095,13
U02271,G02046,"la ropita que tengo, me dan de todo.","kutunshawek a'ña'kasu', dudinpu' enka'pallinerku.","akusutuker'anna' a'ka'llinerku, a'uranñinerku.",U02444,G02219,hard,0.674626350402832,0.5484058856964111,0.1262204647064209,2
U02271,G02046,"la ropita que tengo, me dan de todo.","kutunshawek a'ña'kasu', dudinpu' enka'pallinerku.",kui'na enpu'nipa' insekluten'a'kasu' nanpi'kasu'.,U02482,G02257,medium,0.674626350402832,0.5110359787940979,0.16359037160873413,3
U01927,G01718,eres paciente.,wa'tentutek nuka'ma,watensu' nuka'ma,U01303,G01134,hard,0.7096450328826904,0.5987738966941833,0.11087113618850708,3
U01927,G01718,eres paciente.,wa'tentutek nuka'ma,wa'tenta'masu' ñapalli,U01618,G01429,medium,0.7096450328826904,0.5556519031524658,0.1539931297302246,5
U02572,G02347,a veces nos despiertan para que escuchemos y nos asustamos6 cuando escuchamos.,"nerpi'pu' uchinañinerkudek lauk'a'kudek, imanankankantullidek lauk'amudek.",nawa' lu'rnka'su' kudanta' laukta'kudeksu' wilakudek ñamudek lunpallidek.,U03003,G02778,hard,0.6456475257873535,0.5452650189399719,0.10038250684738159,2
U02572,G02347,a veces nos despiertan para que escuchemos y nos asustamos6 cuando escuchamos.,"nerpi'pu' uchinañinerkudek lauk'a'kudek, imanankankantullidek lauk'amudek.",nanek ima nu'unta' itudekllina' kerku' sha'wapenma' uku'lakeru'kudek.,U03005,G02780,medium,0.6456475257873535,0.4921571910381317,0.1534903347492218,3
U00615,G00511,sin comentarios.,ma'nen' ñi'ñi lun'ak',yalek'tuta,U00295,G00234,hard,0.6151244044303894,0.561538577079773,0.053585827350616455,7
U00615,G00511,sin comentarios.,ma'nen' ñi'ñi lun'ak',yawencha'ta,U00483,G00396,medium,0.6151244044303894,0.4586869776248932,0.15643742680549622,27
U00755,G00634,¡ha venido!,¡wek'lli!,¡pante'chek!,U00070,G01018,medium,0.8195785880088806,0.6248384118080139,0.1947401762008667,2
U01450,G01268,soy huérfano.,suila nuka'ka,tuluner'cheku nuka'ka,U01769,G01569,hard,0.7127792239189148,0.6563857197761536,0.05639350414276123,26
U01450,G01268,soy huérfano.,suila nuka'ka,doktor nuka'ka,U01098,G00957,medium,0.7127792239189148,0.5569239258766174,0.15585529804229736,42
U02158,G01938,somos profesores.,a'lek'tutek'lusa' nuka'kawa',nuka'kawa taserpilusa',U01250,G01086,hard,0.8117470145225525,0.7402760982513428,0.07147091627120972,2
U02158,G01938,somos profesores.,a'lek'tutek'lusa' nuka'kawa',insilan nuka'kawa',U00948,G00816,medium,0.8117470145225525,0.6404441595077515,0.17130285501480103,4
U01855,G01649,ellos aplaudieron.,nawa' inllipu'iteklatullina',iñer'daper yamerladallina',U01984,G01771,hard,0.6716318130493164,0.6074618697166443,0.06416994333267212,5
U01855,G01649,ellos aplaudieron.,nawa' inllipu'iteklatullina',iñer' panwilek'tullina',U01686,G01491,medium,0.6716318130493164,0.5141629576683044,0.15746885538101196,12
U01431,G01251,lo permitiré.,ta'itulekchek,yute'chek,U01765,G01566,hard,0.719480574131012,0.6287804245948792,0.09070014953613281,5
U01431,G01251,lo permitiré.,ta'itulekchek,ta'itula'lek,U00033,G00028,medium,0.719480574131012,0.5493096113204956,0.17017096281051636,8
U00861,G00737,nadie murió.,ñiden chimii'ñi,ñiden tumui'ñi,U00863,G00739,hard,0.7736659646034241,0.7216503024101257,0.05201566219329834,2
U00861,G00737,nadie murió.,ñiden chimii'ñi,ñidenler pata'pi'ñi aper'inpu'ek.,U02389,G02164,medium,0.7736659646034241,0.5591941475868225,0.21447181701660156,9
U02990,G02765,"al regresar de allí hablaron por ahí vive gente blanca, de ojos azules, de ojos claros.","nanekla adenchenna' luncha'llina' nanalupa' dadapu muda' nanpipalli, kañellu'ladatusu, adawa'ladatusu.","nerpi'lantetchuna' asu' kaiklusa', nadi'neklusa', taserpilusa', papinkulusa' tullima.",U02997,G02772,hard,0.6421846747398376,0.5383028388023376,0.1038818359375,2
U02990,G02765,"al regresar de allí hablaron por ahí vive gente blanca, de ojos azules, de ojos claros.","nanekla adenchenna' luncha'llina' nanalupa' dadapu muda' nanpipalli, kañellu'ladatusu, adawa'ladatusu.","wilawamui'na nawa' lli'apallinerku, uran'ukeklan3, uweklan, iñerkeklan lli'apallinerku wilaweklusa'.",U02411,G02186,medium,0.6421846747398376,0.4919893443584442,0.15019533038139343,5
U02686,G02461,mientras pasaba eso dice quemaron la casa.,nana nu'apasik ima di'serpidektullina'.,nanek ima inpinanerllanna' pek kuallina'.,U02892,G02667,hard,0.6791385412216187,0.6181714534759521,0.060967087745666504,2
U02686,G02461,mientras pasaba eso dice quemaron la casa.,nana nu'apasik ima di'serpidektullina'.,tanni'ma adenchanna' lunchallina' da'mupa'ser nana musun.,U02882,G02657,medium,0.6791385412216187,0.5223363637924194,0.15680217742919922,14
U03033,G02808,a eso dijeron ¡cuánto hemos sufrido para abrir el camino a moyobamba! dijeron.,nana nani'na itullina' ma'pu'si'pa' insekluteñek muyunpa inchilala yaekketchakwa' tullina'.,"adanda'nni'ma, nana katu'pa'chinpu'lusa' itudeklli ¡enchuku' di'tudekawa' asu' katu'pa'chinpu'lusa'!",U03082,G02857,hard,0.6642391681671143,0.6100430488586426,0.05419611930847168,2
U03033,G02808,a eso dijeron ¡cuánto hemos sufrido para abrir el camino a moyobamba! dijeron.,nana nani'na itullina' ma'pu'si'pa' insekluteñek muyunpa inchilala yaekketchakwa' tullina'.,"¡ma'nen ilipa' ñapalli anaka'lusa', nana inchilala yekketcha'kawa'su'lupa'!",U02847,G02622,medium,0.6642391681671143,0.5029195547103882,0.16131961345672607,6
U01260,G01096,¿quién renunció?,¿den yunsu'lli?,¿den tenmian'su'lli?,U01262,G01098,hard,0.8638625144958496,0.8002310991287231,0.06363141536712646,4
U01260,G01096,¿quién renunció?,¿den yunsu'lli?,¿den chimiñi?,U00275,G00221,medium,0.8638625144958496,0.6428209543228149,0.22104156017303467,14
U00014,G00011,esperen.,¡wa'ten'ku'!,¡wa'ten'ker'!,U00013,G00010,hard,0.7434454560279846,0.6591031551361084,0.08434230089187622,6
U00014,G00011,esperen.,¡wa'ten'ku'!,wa'tenta'masu' ñapalli,U01618,G01429,medium,0.7434454560279846,0.5912371873855591,0.15220826864242554,15
U02788,G02563,porque los de mal corazón quemaron la casa de arákayu.,nana mukankinpu'lalusa'ler arakayu pideknen di'setchullina'.,nawi'na wintapanta'llinerku ma'pu'si'pa mitan nakulama' tullima arakayu.,U02671,G02446,hard,0.778093159198761,0.6601266264915466,0.11796653270721436,2
U02788,G02563,porque los de mal corazón quemaron la casa de arákayu.,nana mukankinpu'lalusa'ler arakayu pideknen di'setchullina'.,"tasellunku'lusa' papinkuku'lusa' du'anna', nana arakayukin luñina'.",U02797,G02572,medium,0.778093159198761,0.6237043738365173,0.15438878536224365,3
U00713,G00599,estás vieja.,tasellun ñapala,lupersu' ñapala,U01293,G01124,hard,0.5915607810020447,0.5414429306983948,0.0501178503036499,12
U00713,G00599,estás vieja.,tasellun ñapala,yanu'tapala,U01642,G01452,medium,0.5915607810020447,0.44119226932525635,0.15036851167678833,26
U00259,G00206,tom renunció.,tom yunsu'lli,tom a'shulli,U00916,G00786,hard,0.8392840623855591,0.768383264541626,0.0709007978439331,5
U00259,G00206,tom renunció.,tom yunsu'lli,tom dekkuntulli,U00438,G00355,medium,0.8392840623855591,0.6818146109580994,0.15746945142745972,15
U02654,G02429,"sábalo, y este es acarahuasú, y este es …este... fasaco, este es lisa, palometa, gamitana.... les dijo.","- nansek, asui'na iker'adu, asui'na ..ma'i.. a'lanan, asu' nerkala, terek, dunanser.... itudekllima.","nanek ima mañer, dañer, pullikariu ma'i panfilo, nanek ima ransisko, nanek ima asu', ma'i, asu' pancho, nanek ima ñilli asu' pidir aku'llima da'kanchineksu'.",U03174,G02949,hard,0.7514386773109436,0.6179001927375793,0.13353848457336426,2
U02654,G02429,"sábalo, y este es acarahuasú, y este es …este... fasaco, este es lisa, palometa, gamitana.... les dijo.","- nansek, asui'na iker'adu, asui'na ..ma'i.. a'lanan, asu' nerkala, terek, dunanser.... itudekllima.","da'ilek i'na kua tekpa ñichek, ñichek iyun, tunka, etchu, lu'wellu, isekpila ñichek, ukladekpenma' uwapetchekpi'la enpi'walekpi'nta',",U02952,G02727,medium,0.7514386773109436,0.48664626479148865,0.26479241251945496,3
U00882,G00754,¡dejad sitio!,¡ta'ituku' du'ak!,¡ta'itula'u pa'ak!,U01145,G00998,hard,0.7478358745574951,0.6675984859466553,0.08023738861083984,3
U00882,G00754,¡dejad sitio!,¡ta'ituku' du'ak!,ta'iter' a'mercha,U00394,G00319,medium,0.7478358745574951,0.58185213804245,0.16598373651504517,6
U02076,G01859,es irrelevante.,ma'kek'pachi'ñi,ku'la saka'chi'ñi,U01789,G01588,hard,0.7253096699714661,0.657768726348877,0.06754094362258911,3
U02076,G01859,es irrelevante.,ma'kek'pachi'ñi,ma'nen' ñi'ñi lun'ak',U00615,G00511,medium,0.7253096699714661,0.5678051710128784,0.15750449895858765,5
U01457,G01275,soy importante.,luwantulliner'ku,kuakeksa' lli'inupalek,U00828,G00704,hard,0.5620622634887695,0.5062230825424194,0.0558391809463501,5
U01457,G01275,soy importante.,luwantulliner'ku,yuspeine'pi ñapina'ka,U02036,G01820,medium,0.5620622634887695,0.41028839349746704,0.1517738699913025,19
U01702,G01505,quiere ir.,yapa'lli,uker'lli,U00356,G00287,medium,0.7200353145599365,0.5629122853279114,0.15712302923202515,3
U00620,G00515,es guapa.,mulunsha nuka'a,tumu' nuka'a,U02123,G01903,hard,0.7826122641563416,0.7226733565330505,0.059938907623291016,9
U00620,G00515,es guapa.,mulunsha nuka'a,mukankaninpu',U01854,G01648,medium,0.7826122641563416,0.6223833560943604,0.1602289080619812,21
U02683,G02458,dijeron y le quemaron su tambo y su casa.,"tanni'ma di'ser'itullina' tanpu'nen, pideknen.","inmusha'iteklatanna', wellekllina'.",U02776,G02551,hard,0.4995722770690918,0.42646729946136475,0.07310497760772705,5
U02683,G02458,dijeron y le quemaron su tambo y su casa.,"tanni'ma di'ser'itullina' tanpu'nen, pideknen.","tanni'ma insekdipellina', uklulu'nenna' a'nu'tullina' sadina' yekpanna'.",U02870,G02645,medium,0.4995722770690918,0.3489309549331665,0.1506413221359253,23
U00458,G00374,más alto.,a'pinta' musenkek,kaker' ma'pinta',U01041,G01179,hard,0.5623733997344971,0.4280732572078705,0.1343001425266266,2
U00458,G00374,más alto.,a'pinta' musenkek,ka'ker' iñer',U01683,G01488,medium,0.5623733997344971,0.4063967168331146,0.15597668290138245,3
U01911,G01704,me ignorabas.,luwer'chi'nun,lu'wanñiden,U00936,G00804,hard,0.6446006894111633,0.5625313520431519,0.08206933736801147,6
U01911,G01704,me ignorabas.,luwer'chi'nun,ñinchitapalek lun'ak,U00518,G00429,medium,0.6446006894111633,0.46956947445869446,0.17503121495246887,17
U01912,G01704,me ignoraste.,luwer'chi'nun,tumu'tulun,U01913,G01705,hard,0.6094757318496704,0.5433290600776672,0.06614667177200317,5
U01912,G01704,me ignoraste.,luwer'chi'nun,kuakeksa' lli'inupalek,U00828,G00704,medium,0.6094757318496704,0.4587843120098114,0.150691419839859,13
U00457,G00373,lo intentaste.,intek'lli'wina,tekle'rier',U00049,G00039,hard,0.7057819962501526,0.5975831747055054,0.10819882154464722,2
U00457,G00373,lo intentaste.,intek'lli'wina,teklerier',U00442,G00359,medium,0.7057819962501526,0.5481698513031006,0.157612144947052,6
U01364,G01189,hazlo venir.,a'wencher',a'wanerker',U00109,G00077,hard,0.5646375417709351,0.5130099058151245,0.05162763595581055,7
U01364,G01189,hazlo venir.,a'wencher',ku'la ikerinchu,U01477,G01295,medium,0.5646375417709351,0.41368210315704346,0.1509554386138916,34
U00927,G00796,¿estuvo bueno?,¿musu'ñapawiñi?,¿mupallin'cha?,U00574,G00478,hard,0.7498067617416382,0.6813688278198242,0.06843793392181396,3
U00927,G00796,¿estuvo bueno?,¿musu'ñapawiñi?,¿ma'tulli?,U02188,G01968,medium,0.7498067617416382,0.597728431224823,0.15207833051681519,10
U00856,G00732,entremos.,da'awa',pa'echidek,U01583,G01394,hard,0.7601301074028015,0.7080694437026978,0.05206066370010376,7
U00856,G00732,entremos.,da'awa',weranwa',U00387,G00315,medium,0.7601301074028015,0.6054021120071411,0.1547279953956604,24
U01904,G01698,¿qué necesito?,¿ma'nen luwantulek?,¿luwantulun?,U01678,G01484,medium,0.8433340787887573,0.6254857182502747,0.21784836053848267,2
U03202,G02977,no saben pronunciar.,ninchipeklui'npu'la'pi'na'.,ñinchilu'nma'su' ñilli inluntunansu'.,U02505,G02280,medium,0.7759988307952881,0.6075778603553772,0.1684209704399109,3
U02048,G01831,estoy avergonzado.,ñapalek dakuta'su',ukapisha ñapalek,U00214,G00166,hard,0.775787889957428,0.7203933000564575,0.05539458990097046,29
U02048,G01831,estoy avergonzado.,ñapalek dakuta'su',insek'dipersu' ñapi'nek,U00792,G00669,medium,0.775787889957428,0.6244282722473145,0.15135961771011353,41
U01618,G01429,debes esperar.,wa'tenta'masu' ñapalli,adanta'a'kasu' ñapalli,U01732,G01534,medium,0.7704026103019714,0.6003720164299011,0.1700305938720703,3
U00249,G00196,parate,wanerker',nu'ter',U00887,G00759,hard,0.7670819163322449,0.7164998650550842,0.050582051277160645,6
U00249,G00196,parate,wanerker',ta'ituler',U01532,G01345,medium,0.7670819163322449,0.6113533973693848,0.1557285189628601,25
U01319,G01148,¿están listos?,¿insek'diperpi ñapalama'?,¿tekinchi'cha' ñapalama?,U00994,G00857,hard,0.7672051787376404,0.7127854824066162,0.05441969633102417,2
U01319,G01148,¿están listos?,¿insek'diperpi ñapalama'?,¿enñupa'cha ñapalama'?,U01603,G01414,medium,0.7672051787376404,0.6117373704910278,0.15546780824661255,4
U00678,G00568,¿fue divertido?,¿mulli'ncha'?,¿musenkek a'cha?,U00572,G00476,hard,0.504036009311676,0.4517862796783447,0.0522497296333313,17
U00678,G00568,¿fue divertido?,¿mulli'ncha'?,¿ulanpallincha?,U01468,G01286,medium,0.504036009311676,0.3533780872821808,0.15065792202949524,48
U02443,G02218,"sólo ellas me cuidan, me lavan la ropa.","nawa'sa' lli'apallinerku, peksaduintullinerku.","kutunshawek a'ña'kasu', dudinpu' enka'pallinerku.",U02271,G02046,medium,0.6534345149993896,0.4899739921092987,0.16346052289009094,3
U01086,G00945,quiero ir.,yapa'lek,yanpu'lek,U01721,G01524,hard,0.6891603469848633,0.6135472059249878,0.07561314105987549,5
U01086,G00945,quiero ir.,yapa'lek,yawerannek,U01422,G01242,medium,0.6891603469848633,0.5370221138000488,0.15213823318481445,13
U00304,G00243,olvídame.,pinaner'u,wiperi'u,U00027,G00022,hard,0.6955876350402832,0.6400637030601501,0.05552393198013306,5
U00304,G00243,olvídame.,pinaner'u,kaluitu'u,U00735,G00615,medium,0.6955876350402832,0.5453288555145264,0.15025877952575684,14
U00490,G00403,no hables.,yalunta',yalli'tama,U00485,G00398,hard,0.8057332038879395,0.692421019077301,0.11331218481063843,4
U00490,G00403,no hables.,yalunta',yalek'tuta,U00295,G00234,medium,0.8057332038879395,0.6248641610145569,0.18086904287338257,6
U02160,G01940,podemos ayudarte.,yennitulek'wa' katu'pa'a'kik,yennitulek katu'pa'a'kik,U01713,G01516,hard,0.8435885906219482,0.7907718420028687,0.05281674861907959,2
U02160,G01940,podemos ayudarte.,yennitulek'wa' katu'pa'a'kik,yennitula winta'mudek,U02205,G01982,medium,0.8435885906219482,0.6734368801116943,0.1701517105102539,5
U01575,G01386,lo entendemos.,lachek'apallidek,ñinchitapallidek,U00123,G00088,hard,0.7194634079933167,0.668117105960846,0.0513463020324707,4
U01575,G01386,lo entendemos.,lachek'apallidek,lauk'tapallidek,U02180,G01960,medium,0.7194634079933167,0.534927487373352,0.1845359206199646,6
U01967,G01756,hazlo ahoritita.,nu'ter' ipia'lashinchi,empu'ni yaluntama',U00140,G00101,hard,0.5948718786239624,0.5431535840034485,0.051718294620513916,3
U01967,G01756,hazlo ahoritita.,nu'ter' ipia'lashinchi,ku'la u'wa'ta'pi'ñi,U02241,G02016,medium,0.5948718786239624,0.44344067573547363,0.15143120288848877,12
U01506,G01322,mantengámoslo.,tupi'wa',inlulen'awa',U02101,G01882,hard,0.6183731555938721,0.5552135109901428,0.06315964460372925,7
U01506,G01322,mantengámoslo.,tupi'wa',a'ta'wantullidek,U00697,G00584,medium,0.6183731555938721,0.4633965492248535,0.15497660636901855,29
U01507,G01322,prosigamos.,tupi'wa',dek'awa',U00609,G00505,hard,0.7512489557266235,0.6965833902359009,0.054665565490722656,10
U01507,G01322,prosigamos.,tupi'wa',pa'echidek,U01583,G01394,medium,0.7512489557266235,0.5920447111129761,0.15920424461364746,21
U00825,G00701,soy paciente.,wa'tentutek nuka'ka,wa'tentapechek,U02041,G01825,hard,0.7624058723449707,0.673517107963562,0.08888876438140869,4
U00825,G00701,soy paciente.,wa'tentutek nuka'ka,wa'tentechek,U00805,G00681,medium,0.7624058723449707,0.5920861959457397,0.17031967639923096,7
U00788,G00665,necesito ayuda.,luwantulek katu'pa',luwantulek saka'tak,U01735,G01537,hard,0.7701013684272766,0.6797035932540894,0.09039777517318726,2
U00788,G00665,necesito ayuda.,luwantulek katu'pa',luwantulek neriak,U01734,G01536,medium,0.7701013684272766,0.6060969829559326,0.164004385471344,3
U03000,G02775,las abuelas ya finadas dijeron: nosotros somos los culpables de que ahora los señores vengan y nos hagan la vida imposible sin motivo.,tullina' amiku'lusa' kuda usha'wañidek asu' ipa'la wa'danlusa' uk'anna' llikanerchi'ñinerkenmu'wa'.,shiwiluku'lusa' ipa'la ita'kawa'su' kanpana' pitun napi' i'na itullina' lanla' pitun.,U02817,G02592,hard,0.7265943884849548,0.5978402495384216,0.1287541389465332,2
U03000,G02775,las abuelas ya finadas dijeron: nosotros somos los culpables de que ahora los señores vengan y nos hagan la vida imposible sin motivo.,tullina' amiku'lusa' kuda usha'wañidek asu' ipa'la wa'danlusa' uk'anna' llikanerchi'ñinerkenmu'wa'.,napi' taserpiku'lusa' luwanchiñina' kawita'kasu' wilakudek ña'sekkudek.,U02790,G02565,medium,0.7265943884849548,0.5584774613380432,0.16811692714691162,3
U02099,G01880,llevémonos bien.,in'ekpa'wa' musu',mu'pallidek',U00271,G00217,hard,0.6754757165908813,0.606955349445343,0.06852036714553833,2
U02099,G01880,llevémonos bien.,in'ekpa'wa' musu',inlli'inuter' musuk,U01528,G01341,medium,0.6754757165908813,0.5187592506408691,0.1567164659500122,8
U01821,G01617,déjalos pelear.,ta'itula'dek'ku' idenmaina',ta'itula'udek kudasa',U01817,G01614,medium,0.7375726699829102,0.5822551846504211,0.155317485332489,2
U03128,G02903,hay que hacerles sembrar a estos indios.,a'teradek'awa' asu' kenma'lusa'.,nawa'ler a'ka di'tetchuna' nana anaka'.,U02916,G02691,hard,0.5748888850212097,0.5223864316940308,0.052502453327178955,5
U03128,G02903,hay que hacerles sembrar a estos indios.,a'teradek'awa' asu' kenma'lusa'.,¡enchuku' di'tawa' asu' katu'ta'!,U03063,G02838,medium,0.5748888850212097,0.42371007800102234,0.15117880702018738,14
U00497,G00409,síguele.,tupiter',apu'ker',U00060,G00746,hard,0.7730644941329956,0.6559927463531494,0.11707174777984619,2
U00497,G00409,síguele.,tupiter',tununter',U01166,G01017,medium,0.7730644941329956,0.6171646118164062,0.15589988231658936,15
U02000,G01786,puedo regresar.,yennitulek adanta'ak,iyatulek kana'tak,U01730,G01532,hard,0.8268336653709412,0.7308295369148254,0.09600412845611572,4
U02000,G01786,puedo regresar.,yennitulek adanta'ak,yakatupa'tulek,U01745,G01547,medium,0.8268336653709412,0.6668395400047302,0.15999412536621094,9
U02184,G01964,estamos separados.,yampu'su' ñapallidek,a'ñapalekdekwa',U01897,G01691,hard,0.6673209071159363,0.6020969152450562,0.06522399187088013,18
U02184,G01964,estamos separados.,yampu'su' ñapallidek,musu'lu'ukpi ñapallidek,U02179,G01959,medium,0.6673209071159363,0.5133068561553955,0.15401405096054077,37
U01846,G01641,fumar apesta.,u'wa'tak analli,dekunder' uti'la,U00924,G00793,hard,0.5739373564720154,0.5175601243972778,0.05637723207473755,2
U01846,G01641,fumar apesta.,u'wa'tak analli,a'shulek wapu',U01739,G01541,medium,0.5739373564720154,0.4189920723438263,0.1549452841281891,8
U02179,G01959,estamos seguros.,musu'lu'ukpi ñapallidek,nampilalasu' ñapalidek,U00943,G00811,hard,0.6581515669822693,0.597021758556366,0.06112980842590332,7
U02179,G01959,estamos seguros.,musu'lu'ukpi ñapallidek,sadasu' ñapalek',U01584,G01395,medium,0.6581515669822693,0.5025615692138672,0.1555899977684021,16
U02519,G02294,este era asistente del gobernante.,nana wa'an wala'wanen.,kua asek wilawañun awawek.,U02252,G02027,hard,0.6251338720321655,0.5457537770271301,0.0793800950050354,3
U02519,G02294,este era asistente del gobernante.,nana wa'an wala'wanen.,nana chimiñi,U00241,G00191,medium,0.6251338720321655,0.4743281304836273,0.1508057415485382,8
U02893,G02668,"cuando se durmieron, dice que de veras vino el duende puro hueso y a toditos los mató mordiéndoles el cuello,",wichi'a'ser ima tekkinchi lansi' wa'dan uk'an iñer ima laki'kerdeklli.,lli'llini'mi'na lanteknen pi'sheksu' ali'la piteknenunta' merpinen.,U02676,G02451,hard,0.5735712051391602,0.5114179253578186,0.06215327978134155,4
U02893,G02668,"cuando se durmieron, dice que de veras vino el duende puro hueso y a toditos los mató mordiéndoles el cuello,",wichi'a'ser ima tekkinchi lansi' wa'dan uk'an iñer ima laki'kerdeklli.,"apu'tek ima kullikerwa'su', sekputchek imi'na saka'tulusa' luwekta'su' nanakin kelli.",U03131,G02906,medium,0.5735712051391602,0.4149280786514282,0.15864312648773193,16
U01909,G01703,"sí, claro.",tekinchi,latek'la nañi,U01851,G01646,hard,0.5888333320617676,0.537153959274292,0.051679372787475586,4
U01909,G01703,"sí, claro.",tekinchi,"- ta'iter, alli'shá.",U02881,G02656,medium,0.5888333320617676,0.4191151261329651,0.1697182059288025,9
U01910,G01703,"sí, ciertamente.",tekinchi,nanasa',U02059,G01842,medium,0.6109589338302612,0.4235513210296631,0.18740761280059814,6
U02089,G01871,déjame averiguarlo.,ta'itula'u lek'techek,ta'itula'u lauk'echek,U01819,G01616,hard,0.6860402822494507,0.615337073802948,0.07070320844650269,9
U02089,G01871,déjame averiguarlo.,ta'itula'u lek'techek,ta'itula'u pae'chek,U01810,G01607,medium,0.6860402822494507,0.5318979024887085,0.1541423797607422,15
U00305,G00244,olvídenme.,pinaner'u'ku,pinaner'u,U00304,G00243,hard,0.750349760055542,0.685662567615509,0.06468719244003296,3
U00305,G00244,olvídenme.,pinaner'u'ku,a'uktu'u,U02113,G01894,medium,0.750349760055542,0.5938338041305542,0.1565159559249878,8
U02837,G02612,"por eso nosotros ahora decimos otra gente también quizá vivirán,","nu'akkui'na kenmu'wa' ipa'la tapalekwa' ali'la muda'nti'pa' nanpipalli,","nanapa yunsu'i kenmu'wa'kinsa' ñii asu' samer,",U02682,G02457,medium,0.7478982210159302,0.5481122732162476,0.19978594779968262,2
U02350,G02125,ahora a máquina muelen bien menudito.,ipa'li'na makinak peksanpallina' damellu'shasu'.,asek ima u'chimu saka'takawek ketñala.,U03127,G02902,medium,0.7168565392494202,0.5475870370864868,0.16926950216293335,2
U02618,G02393,¿han traído candela?,¿pen ipa' kellama'?,¿nakusu' tanluwatulli?,U00833,G00709,hard,0.5995692610740662,0.5427591800689697,0.056810081005096436,6
U02618,G02393,¿han traído candela?,¿pen ipa' kellama'?,¿ipa' mula'lli?,U01787,G01586,medium,0.5995692610740662,0.4340623915195465,0.16550686955451965,17
U01100,G00959,soy adulta.,taserlunku nuka'ka,sudasu' nuka'ka,U00822,G00698,hard,0.7175319790840149,0.6636736392974854,0.05385833978652954,14
U01100,G00959,soy adulta.,taserlunku nuka'ka,tenmiansu'palek,U01768,G01568,medium,0.7175319790840149,0.5629561543464661,0.15457582473754883,28
U01074,G00933,te extrañé.,lu'wañen,nu'chin'chu,U01628,G01439,hard,0.6539173126220703,0.5690112113952637,0.08490610122680664,4
U01074,G00933,te extrañé.,lu'wañen,peclu'echek,U01436,G01256,medium,0.6539173126220703,0.4937223494052887,0.16019496321678162,8
U02152,G01932,tom aceleró.,tom nakusu' a'teka'lli,tom dek'kuntulli,U00670,G00560,hard,0.7785191535949707,0.7254799008369446,0.05303925275802612,3
U02152,G01932,tom aceleró.,tom nakusu' a'teka'lli,tom a'shulli,U00916,G00786,medium,0.7785191535949707,0.6279917359352112,0.15052741765975952,24
U02710,G02485,"también los lagos se secaron,","sennanlusa'nta' enñi,","iñerdaper yu'nkellapilli,",U02744,G02519,hard,0.6830384135246277,0.6265502572059631,0.05648815631866455,5
U02710,G02485,"también los lagos se secaron,","sennanlusa'nta' enñi,","kundetchek enñi,",U02713,G02488,medium,0.6830384135246277,0.5293980240821838,0.15364038944244385,21
U00747,G00627,termine esto.,a'ta'wanter asu',llinser'ker' asu',U02198,G01976,hard,0.6773005127906799,0.6185667514801025,0.05873376131057739,14
U00747,G00627,termine esto.,a'ta'wanter asu',llia'ker' nanek,U00630,G00525,medium,0.6773005127906799,0.5237237215042114,0.1535767912864685,32
U00748,G00627,termina esto.,a'ta'wanter asu',ekpa'ker' asu',U00471,G00386,hard,0.6748103499412537,0.6190412640571594,0.05576908588409424,7
U00748,G00627,termina esto.,a'ta'wanter asu',luntuku' asu',U00402,G00326,medium,0.6748103499412537,0.5149741172790527,0.15983623266220093,25
U02602,G02377,arakayu.,da'pachenma' kenmama' tekwetchuma' itudekllima. si entran ustedes van a tener miedo les dijo.,¿ma'pu'lusa' asu' muda' ñan i'na asu' arakayu u'lli? tullini'ma nana ñinanlu'wanlusa'.,U02677,G02452,hard,0.4648829996585846,0.41408228874206543,0.050800710916519165,9
U02602,G02377,arakayu.,da'pachenma' kenmama' tekwetchuma' itudekllima. si entran ustedes van a tener miedo les dijo.,a'chiyek'echiden,U01891,G01685,medium,0.4648829996585846,0.31417450308799744,0.15070849657058716,32
U01050,G00910,esperará.,wa'tentechu,wa'tentapechek,U02041,G01825,medium,0.8128021359443665,0.6382822394371033,0.17451989650726318,2
U01842,G01637,la cogieron.,pilli'tullina',dekllina',U00643,G00536,hard,0.8094525933265686,0.7015191912651062,0.1079334020614624,3
U01842,G01637,la cogieron.,pilli'tullina',indek'llina',U00641,G00534,medium,0.8094525933265686,0.6178931593894958,0.19155943393707275,4
U00548,G00454,vomité.,enmu'lek,yulek,U00777,G00654,hard,0.7892913222312927,0.7122260332107544,0.07706528902053833,3
U00548,G00454,vomité.,enmu'lek,luyullien,U00525,G00435,medium,0.7892913222312927,0.6316386461257935,0.15765267610549927,8
U02357,G02132,"mientras se masca en la boca, ya está hirviendo la olla de aluminio con la yuca.","katentapek walek, ukluka'palli wa'naukta kellek.",ekpantasik ima taserpiler pilli'tan lutu'lli.,U02932,G02707,hard,0.5403131246566772,0.46386703848838806,0.07644608616828918,5
U02357,G02132,"mientras se masca en la boca, ya está hirviendo la olla de aluminio con la yuca.","katentapek walek, ukluka'palli wa'naukta kellek.",wisunanpalli enpu'nipa' tanpennan ñapalli.,U02754,G02529,medium,0.5403131246566772,0.38770246505737305,0.1526106595993042,21
U02735,G02510,"dicen que el hombre candela era alto,","tanpen mudei'ma shipen,","lanla' i'na di'tulli marceller,",U02824,G02599,hard,0.5556831359863281,0.5046497583389282,0.0510333776473999,16
U00354,G00285,¿está lejos?,¿weia'cha ñapalli?,¿ñapalli a'pinda'?,U01470,G01288,hard,0.7436496019363403,0.6405966877937317,0.10305291414260864,4
U00354,G00285,¿está lejos?,¿weia'cha ñapalli?,¿sekipia'cha?,U01467,G01285,medium,0.7436496019363403,0.5737157464027405,0.16993385553359985,13
U00207,G00160,soy pobre.,kulliker'wi'nek,makek saka'tapi'nek,U01773,G01574,hard,0.7621592879295349,0.6379861831665039,0.124173104763031,3
U00207,G00160,soy pobre.,kulliker'wi'nek,manennu'tapi'nek,U00779,G00656,medium,0.7621592879295349,0.6112300157546997,0.1509292721748352,10
U01706,G01509,¿cuánto es?,¿enpuduncha?,¿nana'cha?,U00580,G00482,hard,0.7221242785453796,0.6465724110603333,0.07555186748504639,3
U01706,G01509,¿cuánto es?,¿enpuduncha?,¿ma'pu'sin?,U01379,G01204,medium,0.7221242785453796,0.5650649070739746,0.15705937147140503,10
U01022,G00884,¿firmaron?,¿llillinpenma' nu'tulama'?,¿llillinpen nu'tula?,U01021,G00883,hard,0.6907293796539307,0.5783353447914124,0.11239403486251831,2
U01022,G00884,¿firmaron?,¿llillinpenma' nu'tulama'?,¿ilañiner'ken?,U01595,G01406,medium,0.6907293796539307,0.4768049418926239,0.21392443776130676,3
U02775,G02550,"diciendo así a veces, con sus comadres agarrándose de las manos,","tanna' nerpi'pu', kumarinenna'lek inpilli'iteklatanna',","nasu'ku' ipia'laklanek itudekllima wilalusa',",U02937,G02712,hard,0.6337242126464844,0.5763823390007019,0.05734187364578247,3
U02775,G02550,"diciendo así a veces, con sus comadres agarrándose de las manos,","tanna' nerpi'pu', kumarinenna'lek inpilli'iteklatanna',","enpu'nipa' kenmu'wa' samerwanpanansu'wa',",U02766,G02541,medium,0.6337242126464844,0.4835730791091919,0.15015113353729248,17
U02414,G02189,"algunitos de mis hijos quizás me estén entendiendo, pero ya no entienden bien.4",nu'unta'shasi'pa' wilaweklusa' lachek'apilanti'ñina'.,iya'linchi muinchi kua insekluten'amu wilaweklusa' a'ñinchillintudeklek.,U02497,G02272,hard,0.6016392707824707,0.47574660181999207,0.12589266896247864,5
U02414,G02189,"algunitos de mis hijos quizás me estén entendiendo, pero ya no entienden bien.4",nu'unta'shasi'pa' wilaweklusa' lachek'apilanti'ñina'.,willeklek wilaweklusa' chiketllapitapallinerku menmik.,U02426,G02201,medium,0.6016392707824707,0.4500353932380676,0.15160387754440308,8
U02920,G02695,de veras se fueron.,tekkinchima pa'llina'.,iñer ta'wantapilallina'.,U02333,G02108,medium,0.7031556367874146,0.5039244890213013,0.19923114776611328,2
U00452,G00368,¡hemos ganado!,¡kana'tullidek!,¡kananekwa'!,U01246,G01083,hard,0.7933492660522461,0.7410206198692322,0.052328646183013916,2
U00452,G00368,¡hemos ganado!,¡kana'tullidek!,¡intek'klieriwa'!,U00389,G00317,medium,0.7933492660522461,0.6128012537956238,0.18054801225662231,5
U03188,G02963,a octavio le decían ukchapi.,octavio itullina' ukchapi.,wanersu' anu'dektullina'.,U02701,G02476,medium,0.8274625539779663,0.5614629983901978,0.26599955558776855,2
U01812,G01609,consérvalo contigo.,sekdiperker' kenmalek,ekpa'ker kenmalek,U01811,G01608,hard,0.5993221998214722,0.5047990083694458,0.09452319145202637,2
U01812,G01609,consérvalo contigo.,sekdiperker' kenmalek,tupiter' inpalerian,U02086,G01868,medium,0.5993221998214722,0.4200538098812103,0.17926838994026184,7
U02289,G02064,ahora felizmente ha venido.,ipa'la mula'si'la weklli.,ipa'linchi a'pi'dektapa'sik ukllapilelli.,U02385,G02160,hard,0.7452909350395203,0.6226362586021423,0.12265467643737793,2
U02289,G02064,ahora felizmente ha venido.,ipa'la mula'si'la weklli.,ipa'li'na tanantapilalli,U02768,G02543,medium,0.7452909350395203,0.5906990766525269,0.1545918583869934,3
U02038,G01822,estaré contento.,musu' ñape'chek,musu' ñape'chu,U01290,G01121,hard,0.8273206353187561,0.7225896716117859,0.10473096370697021,3
U02038,G01822,estaré contento.,musu' ñape'chek,u'chimuñapalek,U00192,G00147,medium,0.8273206353187561,0.6557176113128662,0.1716030240058899,6
U02875,G02650,"todos sus intestinos estaban fuera colgados, no tenía piel.","iñer ima dullinen adipi, ukunpala'lli, ñi chipitekwi'ñi.","apu'tek i'mi'na ñinpu' ninchiluyuchi'ñi, ñi aperku'tekinpu'.",U03134,G02909,hard,0.687131404876709,0.565676748752594,0.12145465612411499,2
U02875,G02650,"todos sus intestinos estaban fuera colgados, no tenía piel.","iñer ima dullinen adipi, ukunpala'lli, ñi chipitekwi'ñi.","sennanlusek ima nanpipallinpi'la wa'anen, kinekla.",U02756,G02531,medium,0.687131404876709,0.5097373127937317,0.1773940920829773,4
U01391,G01215,les creo.,latekdeklek,luwer'chapalek,U00528,G00438,hard,0.5992098450660706,0.5372152328491211,0.06199461221694946,12
U01391,G01215,les creo.,latekdeklek,patenchulek,U01417,G01237,medium,0.5992098450660706,0.4388352930545807,0.16037455201148987,35
U01905,G01699,¿cuándo termina?,¿enpi' ta'wantechu?,¿ma'pu'su' ta'wantechu?,U01996,G01782,hard,0.719226598739624,0.6618812084197998,0.05734539031982422,4
U01905,G01699,¿cuándo termina?,¿enpi' ta'wantechu?,¿ma'tulli?,U02188,G01968,medium,0.719226598739624,0.5664719939231873,0.15275460481643677,8
U02264,G02039,al convivir salí embarazada.,nanpiapamu wilawanek.,illiapalek'inpu ñapawinek,U01429,G01249,hard,0.492781400680542,0.4400519132614136,0.05272948741912842,17
U02264,G02039,al convivir salí embarazada.,nanpiapamu wilawanek.,ñi wilanwanpa'tamu ñi'nek.,U02436,G02211,medium,0.492781400680542,0.34207531809806824,0.15070608258247375,49
U01676,G01482,¿nos conoces?,¿luwer'chapalama'udek?,¿luwer'chapalama'u?,U01675,G01481,hard,0.7139520645141602,0.6535520553588867,0.06040000915527344,2
U01676,G01482,¿nos conoces?,¿luwer'chapalama'udek?,¿lli'tapala?,U01939,G01729,medium,0.7139520645141602,0.5437836647033691,0.17016839981079102,9
U02898,G02673,dijo una mujer con pena.,tullima ala'sa' shaya'.,sadinleksi'ma chu'kenñi.,U02675,G02450,hard,0.6140429973602295,0.5232021808624268,0.09084081649780273,2
U02898,G02673,dijo una mujer con pena.,tullima ala'sa' shaya'.,kankanen ukunpala'lli.,U02884,G02659,medium,0.6140429973602295,0.45505720376968384,0.15898579359054565,5
U02314,G02089,le estoy enseñando.,nana a'lek'apalek.,alli'echek,U01443,G01261,hard,0.47242456674575806,0.4149184226989746,0.05750614404678345,7
U02314,G02089,le estoy enseñando.,nana a'lek'apalek.,tupiechek,U02035,G01819,medium,0.47242456674575806,0.3193652331829071,0.15305933356285095,36
U02824,G02599,"a la ballena la mató marcel,","lanla' i'na di'tulli marceller,","malallina nana nu'su' aku'llundek,",U03102,G02877,hard,0.7064504623413086,0.6392890810966492,0.06716138124465942,2
U02824,G02599,"a la ballena la mató marcel,","lanla' i'na di'tulli marceller,","nu'wanta'sik ima sameller tupitunta'lli,",U02706,G02481,medium,0.7064504623413086,0.5551047325134277,0.15134572982788086,13
U01124,G00977,fue repugnante.,nudu'pi ñiwiñi,u'chimu'ñiwiñi,U02071,G01854,hard,0.6762387156486511,0.6076642870903015,0.06857442855834961,5
U01124,G00977,fue repugnante.,nudu'pi ñiwiñi,welliek'apawiñi,U01843,G01638,medium,0.6762387156486511,0.5210428237915039,0.15519589185714722,13
U00375,G00306,guarden esto.,sek'diperku' asu',lanerku' asu',U00623,G00518,hard,0.7140240669250488,0.6596051454544067,0.05441892147064209,9
U00375,G00306,guarden esto.,sek'diperku' asu',a'ta'wanter asu',U00747,G00627,medium,0.7140240669250488,0.5607866644859314,0.15323740243911743,27
U03086,G02861,veinticinco años pasaron y cuando las autoridades que habían hablado con malallina murieron volvieron (a jeberos).,"katu'shunka' alei'teklun ekkilala ñisik ima, nana wa'anku'lusa' malallinalek lu'rnkasu' nawei'ma ipa' chimia'ser adankenñunta'llina'.","napi', kuanta' wilakuñamu laukta'kasu' nana muyunpa inchilalak taker'llina', lansi' wa'danler ka'deklli tullina'.",U03022,G02797,hard,0.5847192406654358,0.49993661046028137,0.08478263020515442,2
U03086,G02861,veinticinco años pasaron y cuando las autoridades que habían hablado con malallina murieron volvieron (a jeberos).,"katu'shunka' alei'teklun ekkilala ñisik ima, nana wa'anku'lusa' malallinalek lu'rnkasu' nawei'ma ipa' chimia'ser adankenñunta'llina'.","ektu'sik ima muyunpak, nana inka' la'la' lunlusa'ler ima, yadi'tudeklli.",U02973,G02748,medium,0.5847192406654358,0.42884770035743713,0.15587154030799866,4
U00597,G00496,¡déjale irse!,¡ta'ituler' pa'i!,¡ta'itula'u yunsue'chek!,U00599,G00498,hard,0.7384416460990906,0.6722265481948853,0.06621509790420532,4
U00597,G00496,¡déjale irse!,¡ta'ituler' pa'i!,ta'itula'u ata'wantak,U01494,G01311,medium,0.7384416460990906,0.5675876140594482,0.17085403203964233,10
U01996,G01782,¿cómo terminará?,¿ma'pu'su' ta'wantechu?,¿enpi'teke'chu?,U02192,G01972,hard,0.7494056820869446,0.6933948993682861,0.05601078271865845,2
U01996,G01782,¿cómo terminará?,¿ma'pu'su' ta'wantechu?,¿ma'nen'a'cha nakulli?,U01599,G01410,medium,0.7494056820869446,0.5578507781028748,0.19155490398406982,5
U01540,G01352,deben morir.,chimin'er'kasu'ñapalli,llia'a'mamasu' ñapalli,U02208,G01985,hard,0.6430137753486633,0.5594397783279419,0.08357399702072144,2
U01540,G01352,deben morir.,chimin'er'kasu'ñapalli,wei ek'tue'chuna',U01631,G01442,medium,0.6430137753486633,0.4754505753517151,0.16756319999694824,5
U02075,G01858,¡es increíble!,¡latek'inbu' nuka'a!,¡liatusu' nuka'a!,U01807,G01604,hard,0.7473735213279724,0.6900686621665955,0.05730485916137695,3
U02075,G01858,¡es increíble!,¡latek'inbu' nuka'a!,¡u'chimuinchi!,U00300,G00239,medium,0.7473735213279724,0.596350908279419,0.15102261304855347,5
U01468,G01286,¿está lloviendo?,¿ulanpallincha?,¿wicha'palli?,U01783,G01582,hard,0.7691231966018677,0.6768739819526672,0.09224921464920044,2
U01468,G01286,¿está lloviendo?,¿ulanpallincha?,¿ipa' mula'lli?,U01787,G01586,medium,0.7691231966018677,0.6119574904441833,0.15716570615768433,7
U02997,G02772,"van a experimentar cambios estas mujeres, los jóvenes, los viejos, los abuelos dijo.","nerpi'lantetchuna' asu' kaiklusa', nadi'neklusa', taserpilusa', papinkulusa' tullima.","pektalusa'sa', adu, a'lanan, punkapi, asu' pupunlusa', nanasi'ma luwetchullina'.",U02631,G02406,hard,0.7499133944511414,0.6128664016723633,0.13704699277877808,2
U02997,G02772,"van a experimentar cambios estas mujeres, los jóvenes, los viejos, los abuelos dijo.","nerpi'lantetchuna' asu' kaiklusa', nadi'neklusa', taserpilusa', papinkulusa' tullima.","nawi'mi'na' panta'nna', ala'lusa', sekllintanni'ma panta'nna', lli'llini'ma mu'katapasik.",U02583,G02358,medium,0.7499133944511414,0.5727715492248535,0.17714184522628784,4
U00153,G00112,adelante. (parte superior),ekter,yunsanker',U00022,G00018,hard,0.6543855667114258,0.5945850610733032,0.05980050563812256,9
U00153,G00112,adelante. (parte superior),ekter,dek'awa',U00609,G00505,medium,0.6543855667114258,0.4952163100242615,0.1591692566871643,23
U01683,G01488,cómete todo.,ka'ker' iñer',kaker' ma'pinta',U01041,G01179,hard,0.6594438552856445,0.5943998694419861,0.06504398584365845,7
U01683,G01488,cómete todo.,ka'ker' iñer',wenller' kenmasa',U00474,G00389,medium,0.6594438552856445,0.5058231949806213,0.1536206603050232,12
U00251,G00198,¡genial!,¡u'chimu!,¡mupencha!,U00512,G00423,hard,0.7283735871315002,0.6684721112251282,0.05990147590637207,2
U00251,G00198,¡genial!,¡u'chimu!,¡pen!,U00006,G00004,medium,0.7283735871315002,0.5747050046920776,0.1536685824394226,6
U01412,G01233,hice café.,wayusa' nu'tulek,kalutulek,U01413,G01234,medium,0.6631558537483215,0.5028170347213745,0.16033881902694702,2
U00767,G00645,estoy leseando.,si'lentapalek,lunpalek,U00826,G00702,hard,0.7248425483703613,0.6524919271469116,0.07235062122344971,4
U00767,G00645,estoy leseando.,si'lentapalek,wanerapalek,U01774,G01573,medium,0.7248425483703613,0.535347044467926,0.1894955039024353,9
U02560,G02335,"entonces (los jeberinos) se arrepintieron, no pescaron más.","naneklima luna'tullina', ñi a'pinta' pur'i'ñina'.","ipa'linchi nawa' ektu'na' palenñantullina', puñañin llisantullina'.",U02516,G02291,hard,0.6217554211616516,0.5687989592552185,0.052956461906433105,3
U02560,G02335,"entonces (los jeberinos) se arrepintieron, no pescaron más.","naneklima luna'tullina', ñi a'pinta' pur'i'ñina'.",tekkinchi tekka'llini'ma nawa' saka'terkek walek.,U02546,G02321,medium,0.6217554211616516,0.4605061411857605,0.1612492799758911,18
U03003,G02778,lo que ellos hablaron y nosotros escuchamos cuando éramos niños eso estamos contando.,nawa' lu'rnka'su' kudanta' laukta'kudeksu' wilakudek ñamudek lunpallidek.,"nerpi'pu' uchinañinerkudek lauk'a'kudek, imanankankantullidek lauk'amudek.",U02572,G02347,hard,0.7036982774734497,0.6263557076454163,0.07734256982803345,2
U03003,G02778,lo que ellos hablaron y nosotros escuchamos cuando éramos niños eso estamos contando.,nawa' lu'rnka'su' kudanta' laukta'kudeksu' wilakudek ñamudek lunpallidek.,samer mapa'sekudek dinsulullinerkudek asu' sa'la' a'kudeksu' malek.,U02534,G02309,medium,0.7036982774734497,0.536496102809906,0.1672021746635437,4
U00922,G00791,espéranos.,wa'ten'u'kudek,wa'tentaterwa',U00694,G00581,hard,0.8283503651618958,0.7700139284133911,0.05833643674850464,2
U00922,G00791,espéranos.,wa'ten'u'kudek,lauk'tapallidek,U02180,G01960,medium,0.8283503651618958,0.6321732997894287,0.19617706537246704,3
U02385,G02160,entonces cuando se está cutipando (se está haciendo hervir nuevamente) está amaneciendo.,ipa'linchi a'pi'dektapa'sik ukllapilelli.,enpu'nipi'ma ituwetchapalli ulunta'su'.,U02549,G02324,hard,0.7184977531433105,0.610905647277832,0.10759210586547852,2
U02385,G02160,entonces cuando se está cutipando (se está haciendo hervir nuevamente) está amaneciendo.,ipa'linchi a'pi'dektapa'sik ukllapilelli.,inyek ipa'linchi peksanek.,U02347,G02122,medium,0.7184977531433105,0.5209349989891052,0.19756275415420532,4
U02340,G02115,"primero se va a traer yuca de la chacra,","nanentu ker' manta'lek menmikda',","¡enpi'pui'pa' nana nu'su' ña'su',",U02810,G02585,hard,0.5548006892204285,0.5037499070167542,0.051050782203674316,21
U00081,G00609,resista.,yan'katek'ter',nanpiker',U00120,G00086,hard,0.734477698802948,0.669070303440094,0.065407395362854,4
U00081,G00609,resista.,yan'katek'ter',inpaleriaper',U01813,G01610,medium,0.734477698802948,0.5626010894775391,0.17187660932540894,7
U00082,G00609,resiste.,yan'katek'ter',nanpiker',U00120,G00086,hard,0.729675829410553,0.6488724946975708,0.08080333471298218,4
U00082,G00609,resiste.,yan'katek'ter',nanta'piker,U00142,G00103,medium,0.729675829410553,0.5783490538597107,0.15132677555084229,6
U00726,G00609,sé tolerante.,yan'katek'ter',musuk'i'la lli'inuper',U01529,G01342,hard,0.6094011664390564,0.5494717955589294,0.05992937088012695,11
U00726,G00609,sé tolerante.,yan'katek'ter',cheksu' ñiker',U00724,G00890,medium,0.6094011664390564,0.4474213123321533,0.16197985410690308,23
U02084,G01866,siempre ríe.,nerpi'pu' yamer'ker,lansa'per'i'la,U01131,G00984,hard,0.624963641166687,0.5690624713897705,0.055901169776916504,4
U02084,G01866,siempre ríe.,nerpi'pu' yamer'ker,yamerladaker',U00618,G00514,medium,0.624963641166687,0.474868506193161,0.150095134973526,9
U00053,G00043,sean gentiles.,mukankan ñiker',ñapaker' musu'kankantusu',U00465,G00380,hard,0.660693883895874,0.561722993850708,0.09897089004516602,6
U00053,G00043,sean gentiles.,mukankan ñiker',mulusa',U00167,G00125,medium,0.660693883895874,0.5022345781326294,0.15845930576324463,12
U00054,G00043,sé agradable.,mukankan ñiker',muwencha'ker',U00127,G00090,hard,0.7392143607139587,0.6769177317619324,0.06229662895202637,4
U00054,G00043,sé agradable.,mukankan ñiker',musuk'i'la lli'inuper',U01529,G01342,medium,0.7392143607139587,0.5884925127029419,0.15072184801101685,9
U00386,G00314,déjanos entrar.,ta'itula'udek yada'llidek,ta'itula'udek kudasa',U01817,G01614,hard,0.7548080682754517,0.6724739074707031,0.08233416080474854,2
U00386,G00314,déjanos entrar.,ta'itula'udek yada'llidek,ta'itula'u pilli'te'chek,U01495,G01312,medium,0.7548080682754517,0.6042010188102722,0.15060704946517944,9
U02963,G02738,"la olla se rompió y le bañó toda la cara al, este, tigre negro.","ukta nudektulli ama'ladatulli nana, ma'i, kelluluñiñi'.","naneklima yunsu'lli dellutekkek, yunsu'n chimiñi.",U02829,G02604,medium,0.6740059852600098,0.5177620649337769,0.1562439203262329,2
U02616,G02391,por eso con mi candela no van a cocinar.,nana malek asu' penweklek penwei'nchuma'.,ma'pu'sui'na ikellandu'mu innichi'nek dekkunta'kasu'.,U02452,G02227,hard,0.6904531121253967,0.5638613104820251,0.12659180164337158,3
U02616,G02391,por eso con mi candela no van a cocinar.,nana malek asu' penweklek penwei'nchuma'.,ma'ata'na katu'ta'shadaper ku'tinweklusa'.,U02440,G02215,medium,0.6904531121253967,0.5264975428581238,0.16395556926727295,4
U03203,G02978,"así oigo ahora en nuestro pueblo de jeberos, no es como antes.","nu'su' ipa'la lawektapalek asu' shiwilumapu'wek, ñi napi'pu'su'.","shunka' katu' ekkilala a'ñamu nana lunpa'kasu' ipa'la lauktulek, kuanta' supinawantamu amiwekku'.",U03122,G02897,medium,0.6698497533798218,0.5013455748558044,0.16850417852401733,2
U02601,G02376,"no, sólo vayan alrededor, por la vereda de mi casa nomás, por los cantos de mi casa den la vuelta, pero no vayan a entrar.","- ma'sha, kunetlla'ku', pidekwek sekllanen, pidekwek dunsanen kunetchuku', ñi'na da'i'nchuma'.","da'ilek i'na kua tekpa ñichek, ñichek iyun, tunka, etchu, lu'wellu, isekpila ñichek, ukladekpenma' uwapetchekpi'la enpi'walekpi'nta',",U02952,G02727,medium,0.7339019775390625,0.5782276391983032,0.15567433834075928,2
U02281,G02056,de esta lengua le voy a hablar.,namasu' la'leklan luntetchek.,asu' u'su kua pektawapalek.,U02650,G02425,medium,0.6601418256759644,0.4941521883010864,0.16598963737487793,2
U00602,G00504,charlemos.,lun'awa',llinserllidek,U01890,G01684,hard,0.6725984811782837,0.6223036646842957,0.05029481649398804,9
U00602,G00504,charlemos.,lun'awa',inmusha'wa',U00603,G00500,medium,0.6725984811782837,0.5171311497688293,0.15546733140945435,18
U00608,G00504,conversemos.,lun'awa',tuluner'aterwa',U00693,G00580,hard,0.7593300342559814,0.6189385652542114,0.14039146900177002,4
U00608,G00504,conversemos.,lun'awa',tuluner'awa',U00606,G00502,medium,0.7593300342559814,0.6084678173065186,0.1508622169494629,5
U01341,G01169,¿le conozco?,¿luwer'chapalek?,¿luwer'chapalun?,U01978,G01766,hard,0.7733434438705444,0.7043899297714233,0.0689535140991211,2
U01341,G01169,¿le conozco?,¿luwer'chapalek?,luwer'chapalek,U00528,G00438,medium,0.7733434438705444,0.6096963286399841,0.1636471152305603,4
U02577,G02352,"de ahí, escuchándoles, nosotros también hasta ahora nos acordamos de eso que hablaban.",nanekla'nka lawektapamudek kudanta' ipa'la walek lli'inutapallidek nana lunka'su'.,"tusu'si'ma, naneklima, kenmu'wa' ipa'la nana llillin ekpa'palekwa'.",U03185,G02960,hard,0.7043641209602356,0.6187660098075867,0.08559811115264893,2
U02577,G02352,"de ahí, escuchándoles, nosotros también hasta ahora nos acordamos de eso que hablaban.",nanekla'nka lawektapamudek kudanta' ipa'la walek lli'inutapallidek nana lunka'su'.,nawa' ipa'la asu' kaschilla la'la' a'lek'apallinerkudek.,U03118,G02893,medium,0.7043641209602356,0.5452980995178223,0.15906602144241333,5
U02124,G01904,hay reglas.,ñapalli la'la'lusa',insek'kita'kasu'ñapalli,U00787,G00664,hard,0.4997570514678955,0.41809889674186707,0.08165815472602844,2
U02124,G01904,hay reglas.,ñapalli la'la'lusa',insek'lutenapalli,U01051,G00911,medium,0.4997570514678955,0.3488941192626953,0.1508629322052002,7
U01684,G01489,cómanse todo.,ka'ku' iñer',wiuk'su' nu'ter',U01511,G01326,hard,0.6873894333839417,0.588220477104187,0.09916895627975464,5
U01684,G01489,cómanse todo.,ka'ku' iñer',wenller' kenmasa',U00474,G00389,medium,0.6873894333839417,0.533473014831543,0.15391641855239868,9
U02402,G02177,lo domino.,"musu' lunpalek i'la shiwilu la'la'mapu'wa', kuaki shiwilu la'la' musu' lunpalek i'la. todavía hablo bien nuestra lengua shiwilu, mi idioma shiwilu todavía",duker' chuma,U01522,G01337,hard,0.5196365118026733,0.4341742694377899,0.08546224236488342,2
U02402,G02177,lo domino.,"musu' lunpalek i'la shiwilu la'la'mapu'wa', kuaki shiwilu la'la' musu' lunpalek i'la. todavía hablo bien nuestra lengua shiwilu, mi idioma shiwilu todavía","- ah, pakuuu kenmamá'. lliinuta'mama'su' yasaka'tulama' itudeklek. ah, vayan ustedes, conforme acordaron van a",U02446,G02221,medium,0.5196365118026733,0.3567761182785034,0.16286039352416992,11
U03093,G02868,el pueblo puso policías en el medio del pueblo. policía para el barrio bajo y policía para el barrio alto.,"ninanlu' aku'llina' wala'wan ikiñek ñinanlu'. wala'wan chilenki, wala'wan winenki.","nana inchilalalupa' adencha'nni'ma luncha'llina': enpu'nipa' uran ñilli nana inchilalalupa', dudinpu' ñapalli.",U02993,G02768,medium,0.5968101620674133,0.44574233889579773,0.1510678231716156,2
U00445,G00361,esperen aquí.,wa'tenku' asek,du'ker' nanek,U00414,G00334,hard,0.8078968524932861,0.6897520422935486,0.11814481019973755,2
U00445,G00361,esperen aquí.,wa'tenku' asek,adipi wantenter',U01230,G01069,medium,0.8078968524932861,0.6057186126708984,0.2021782398223877,6
U01397,G01221,no estudio.,ku'la ñinchitapi'nek,panwilekchi'nek,U01067,G00926,hard,0.5656508207321167,0.4710192382335663,0.09463158249855042,8
U01397,G01221,no estudio.,ku'la ñinchitapi'nek,yiennichi'nek,U02074,G01857,medium,0.5656508207321167,0.4129636883735657,0.15268713235855103,28
U02273,G02048,una hija mujer me está sirviendo.,ala'sa' ku'aperwawa luwektapallun.,wilaluntamu sudawek kananek.,U02263,G02038,hard,0.6290202736854553,0.5046083331108093,0.124411940574646,2
U02273,G02048,una hija mujer me está sirviendo.,ala'sa' ku'aperwawa luwektapallun.,sellawa kualer a'uk'apencha'deklek.,U02670,G02445,medium,0.6290202736854553,0.4555448591709137,0.17347541451454163,4
U00685,G00573,nos reímos.,yamerlek'wa',lun'awa',U00608,G00504,hard,0.7226192951202393,0.6415866613388062,0.0810326337814331,2
U00685,G00573,nos reímos.,yamerlek'wa',luper'awa',U02100,G01881,medium,0.7226192951202393,0.5678331851959229,0.1547861099243164,14
U02441,G02216,ellas me cuidan.,nawa' lli'apallinerku.,nu'anna' itullinerku,U02416,G02191,medium,0.7125544548034668,0.5297343134880066,0.1828201413154602,2
U00894,G00766,lo hicieron.,nu'tullina',dekllina',U00643,G00536,medium,0.8600206971168518,0.659709632396698,0.2003110647201538,3
U00895,G00766,lo lograron.,nu'tullina',latektullina',U00898,G00769,hard,0.8037731647491455,0.6555110216140747,0.1482621431350708,3
U00895,G00766,lo lograron.,nu'tullina',na'pitechuna',U02140,G01920,medium,0.8037731647491455,0.6213285326957703,0.18244463205337524,4
U00704,G00590,¿dónde estoy?,¿enñupa'cha ñapalek?,¿enñupa'cha ñapala?,U01602,G01413,medium,0.8318537473678589,0.6273552179336548,0.2044985294342041,2
U00009,G00006,¡socorro! ¡auxilio!,¡katu'pa'! ¡katu'pa'!,"¡tom, na'piu!",U01878,G01672,hard,0.6672062277793884,0.5772805213928223,0.08992570638656616,3
U00009,G00006,¡socorro! ¡auxilio!,¡katu'pa'! ¡katu'pa'!,¡ta'tu'la'ku!,U00594,G00494,medium,0.6672062277793884,0.5046207904815674,0.16258543729782104,7
U00573,G00477,¿es gratis?,¿pa'chi'ñin'cha?,¿mulli'ncha'?,U00678,G00568,hard,0.7296611666679382,0.6393944025039673,0.09026676416397095,2
U00573,G00477,¿es gratis?,¿pa'chi'ñin'cha?,¿ipa' mula'lli?,U01787,G01586,medium,0.7296611666679382,0.5573922395706177,0.17226892709732056,9
U00421,G00341,deténlos.,nanek lia'ina',anapila,U01622,G01433,hard,0.5587813854217529,0.4947303831577301,0.06405100226402283,3
U00421,G00341,deténlos.,nanek lia'ina',iwa'taper'i'la,U01132,G00985,medium,0.5587813854217529,0.39580148458480835,0.16297990083694458,12
U00422,G00341,párales.,nanek lia'ina',lansa'pallina',U02144,G01924,hard,0.6092010140419006,0.5475441217422485,0.0616568922996521,3
U00422,G00341,párales.,nanek lia'ina',uchinande'ker,U01231,G01070,medium,0.6092010140419006,0.4439639151096344,0.16523709893226624,17
U02520,G02295,"ahí vino volando, bajó y le dijo (a la gente):","nanima pennu'pilenchan, unchan itudeklli:","arakayu ima peklu'deklli, itudeklli:",U02637,G02412,hard,0.6672688126564026,0.5892890095710754,0.07797980308532715,6
U02520,G02295,"ahí vino volando, bajó y le dijo (a la gente):","nanima pennu'pilenchan, unchan itudeklli:",nana lantekpi dekkuntulli.,U02460,G02235,medium,0.6672688126564026,0.5139814019203186,0.15328741073608398,12
U01301,G01132,eres listo.,insekdiperpi nuka'ma,inapiken nuka'ma,U01639,G01449,hard,0.6593216061592102,0.5981743335723877,0.06114727258682251,4
U01301,G01132,eres listo.,insekdiperpi nuka'ma,yaku'aper'wana,U01925,G01716,medium,0.6593216061592102,0.5057390928268433,0.15358251333236694,15
U01999,G01785,la llamé.,peklu'lek,luantulek,U00329,G00264,medium,0.795663595199585,0.5917347073554993,0.2039288878440857,4
U01591,G01402,estamos atrapados.,pilli'pi ñapalekwa',yampu'su' ñapallidek,U02184,G01964,hard,0.8405914902687073,0.7726901769638062,0.06790131330490112,7
U01591,G01402,estamos atrapados.,pilli'pi ñapalekwa',wer'apallidek,U01255,G01091,medium,0.8405914902687073,0.676233172416687,0.16435831785202026,18
U02431,G02206,"bebe, hijito les digo.","- uker, hijito itudeklek.","- uklek, alli'sha. penshapen luwanpa'llen.",U02878,G02653,hard,0.7681285738945007,0.6200348138809204,0.14809376001358032,2
U02431,G02206,"bebe, hijito les digo.","- uker, hijito itudeklek.","piper'unkellu', pipelladasu'.",U02736,G02511,medium,0.7681285738945007,0.5265336632728577,0.24159491062164307,3
U00187,G01794,he vuelto.,adencha'lek,adenche'chek,U01092,G00951,hard,0.7953365445137024,0.7284819483757019,0.06685459613800049,3
U00187,G01794,he vuelto.,adencha'lek,yunsue'chek,U00561,G00466,medium,0.7953365445137024,0.6366196274757385,0.15871691703796387,4
U02009,G01794,volví.,adencha'lek,weranek',U00568,G00472,hard,0.7545924782752991,0.6567079424858093,0.09788453578948975,3
U02009,G01794,volví.,adencha'lek,yanpu'lek,U01721,G01524,medium,0.7545924782752991,0.5936355590820312,0.16095691919326782,5
U01723,G01526,odio bailar.,luyulek lansa'ak,luyu'lli teka'ak,U02242,G02017,hard,0.6301146149635315,0.5488291382789612,0.08128547668457031,8
U01723,G01526,odio bailar.,luyulek lansa'ak,luyulek',U00323,G00258,medium,0.6301146149635315,0.4531039297580719,0.1770106852054596,12
U01724,G01526,detesto bailar.,luyulek lansa'ak,luyu'lli teka'ak,U02242,G02017,hard,0.6743131875991821,0.587897539138794,0.08641564846038818,8
U01724,G01526,detesto bailar.,luyulek lansa'ak,lliya'lek inlli'inui'su',U00320,G00256,medium,0.6743131875991821,0.4735483229160309,0.20076486468315125,12
U00473,G00388,escoge uno.,wadunker' ala'sa',ma'shapin'ta ka'ker',U01352,G01179,hard,0.5296956896781921,0.4753340184688568,0.05436167120933533,5
U00473,G00388,escoge uno.,wadunker' ala'sa',kenma lli'ker',U00425,G00343,medium,0.5296956896781921,0.3749964237213135,0.15469926595687866,22
U00110,G00078,páralo. (detener),tu'neker',ta'ituler',U01532,G01345,hard,0.7638726830482483,0.7135955691337585,0.050277113914489746,8
U00110,G00078,páralo. (detener),tu'neker',ñilupa'sha,U00419,G00339,medium,0.7638726830482483,0.6094151139259338,0.15445756912231445,26
U00111,G00078,deténlo.,tu'neker',pinaner'ker',U00350,G00281,hard,0.678783655166626,0.6160330176353455,0.06275063753128052,5
U00111,G00078,deténlo.,tu'neker',nu'wanker',U01014,G00876,medium,0.678783655166626,0.5084563493728638,0.1703273057937622,26
U01452,G01270,estoy desesperado.,perwatendusu' ñapalek,lupersu' ñapalek,U00342,G00274,hard,0.742338240146637,0.6857486367225647,0.056589603424072266,14
U01452,G01270,estoy desesperado.,perwatendusu' ñapalek,makek saka'tapi'nek,U01775,G01574,medium,0.742338240146637,0.5868200659751892,0.15551817417144775,40
U02895,G02670,dice que ahí las esposas de los que se habían ido tuvieron un mal sueño.,nanek ima nana pa'lusa' sadinai'ma wa'apetchullina'.,uk'apinlencha'ni'ma kelluluñiñi' kanañina'.,U02960,G02735,hard,0.6775777339935303,0.5440054535865784,0.1335722804069519,2
U02895,G02670,dice que ahí las esposas de los que se habían ido tuvieron un mal sueño.,nanek ima nana pa'lusa' sadinai'ma wa'apetchullina'.,nu'anni'ma iñer inyulatekkeksa' llia'llina'.,U02604,G02379,medium,0.6775777339935303,0.5255483388900757,0.1520293951034546,3
U01729,G01531,tengo hermanas.,utrinwanpalek,a'ñapalekwa' da'lusa',U02163,G01943,hard,0.5732427835464478,0.4423256516456604,0.13091713190078735,2
U01729,G01531,tengo hermanas.,utrinwanpalek,uku'latapalek wa'nateka'asu',U00794,G00671,medium,0.5732427835464478,0.41701871156692505,0.1562240719795227,5
U02114,G01895,ella desapareció.,nana wer'lli,nana yunsu'lli,U00077,G01775,hard,0.706595778465271,0.6491640210151672,0.05743175745010376,2
U02114,G01895,ella desapareció.,nana wer'lli,yapa'lli,U01702,G01505,medium,0.706595778465271,0.5526383519172668,0.15395742654800415,18
U01067,G00926,no pagué.,panwilekchi'nek,ka'api'nek,U00772,G00649,hard,0.7266845107078552,0.6212257146835327,0.10545879602432251,2
U01067,G00926,no pagué.,panwilekchi'nek,ku'aper'wi'nek,U00564,G00468,medium,0.7266845107078552,0.5607619881629944,0.16592252254486084,4
U01868,G01662,están fatal.,muinsu' ñapallina',saka'tusu' ñapallina',U01548,G01360,hard,0.6582882404327393,0.5773802995681763,0.08090794086456299,5
U01868,G01662,están fatal.,muinsu' ñapallina',yusu' ñapallina',U01545,G01357,medium,0.6582882404327393,0.5012154579162598,0.1570727825164795,14
U02579,G02354,"ahora les digo hasta ahí nomás, todo lo de pampayacu les he contado.","ipa'la itullenma' nanek waleksa', iñer panpadekkin lunek.",ipa'la lunchek ma'pu'si'pa' napi' uketllin asu' panpadek ukuchinlusa'.,U02511,G02286,hard,0.723954975605011,0.6193072199821472,0.10464775562286377,2
U02579,G02354,"ahora les digo hasta ahí nomás, todo lo de pampayacu les he contado.","ipa'la itullenma' nanek waleksa', iñer panpadekkin lunek.","- asui'na asu'lupa' da'kellek kua samer yapektawamu, panpadek nuka'a tullima.",U02599,G02374,medium,0.723954975605011,0.5341178178787231,0.18983715772628784,6
U02416,G02191,así ellas me dicen.,nu'anna' itullinerku,kua nanasa' lunek.,U02510,G02285,hard,0.7008510828018188,0.6256458759307861,0.07520520687103271,2
U02416,G02191,así ellas me dicen.,nu'anna' itullinerku,nananta' a'lek'apilallun.,U02287,G02062,medium,0.7008510828018188,0.5368237495422363,0.16402733325958252,4
U02781,G02556,"los niños no conocen la vacamarina,","wilalusa' luwetchi'ñina' panwalalan,","luwetchi'ñina' panwala,",U02782,G02557,hard,0.8694102764129639,0.7460159659385681,0.12339431047439575,3
U02781,G02556,"los niños no conocen la vacamarina,","wilalusa' luwetchi'ñina' panwalalan,","iñer ñinchita'kudeksu' napi'ku'lusa'ki,",U02306,G02081,medium,0.8694102764129639,0.7145088315010071,0.1549014449119568,4
U01798,G01596,estaba nevando.,pulunker'apawiñi,nakusu' weranek,U01709,G01512,hard,0.6281876564025879,0.573802649974823,0.05438500642776489,12
U01798,G01596,estaba nevando.,pulunker'apawiñi,ñapawinek saka'tusu',U01757,G01559,medium,0.6281876564025879,0.476566880941391,0.1516207754611969,25
U01799,G01596,nevaba.,pulunker'apawiñi,welliek'apawiñi,U01843,G01638,hard,0.7281808853149414,0.6697490215301514,0.05843186378479004,3
U01799,G01596,nevaba.,pulunker'apawiñi,nana wer'lli,U02114,G01895,medium,0.7281808853149414,0.5753402709960938,0.15284061431884766,7
U02242,G02017,odia correr.,luyu'lli teka'ak,luyulek saka'tak,U01726,G01528,hard,0.705016553401947,0.5605345368385315,0.14448201656341553,2
U02242,G02017,odia correr.,luyu'lli teka'ak,luyulek idenmaak,U02005,G01790,medium,0.705016553401947,0.5417070388793945,0.1633095145225525,3
U01765,G01566,lo regañaré.,yute'chek,dei'techek,U01438,G01258,hard,0.6666994690895081,0.6119794845581055,0.05471998453140259,11
U01765,G01566,lo regañaré.,yute'chek,wichi'echek,U00088,G00061,medium,0.6666994690895081,0.508661687374115,0.15803778171539307,25
U01766,G01566,le reñiré.,yute'chek,inanpilechek,U01772,G01572,hard,0.6794077157974243,0.6064176559448242,0.0729900598526001,16
U01766,G01566,le reñiré.,yute'chek,wichi'echek,U00088,G00061,medium,0.6794077157974243,0.5201483368873596,0.1592593789100647,24
U00163,G00121,pásenla bien.,musu'nakuku',inlli'inuter' musuk,U01528,G01341,hard,0.7239664793014526,0.6636098623275757,0.06035661697387695,3
U00163,G00121,pásenla bien.,musu'nakuku',muwencha'ker',U00127,G00090,medium,0.7239664793014526,0.5549753308296204,0.16899114847183228,13
U02464,G02239,"sacando yuca la depositaban,","ker' uka'nna' kala'tullina',","tanpen mudei'ma shipen,",U02735,G02510,hard,0.7038578391075134,0.6419820189476013,0.06187582015991211,3
U02464,G02239,"sacando yuca la depositaban,","ker' uka'nna' kala'tullina',","nadi'neklusa',",U02320,G02095,medium,0.7038578391075134,0.5508399605751038,0.15301787853240967,15
U02853,G02628,"no vamos a perecer atrapados por ningún animal, no vamos a temer nada.","ñi anaki'nterwa', ñi tekkwi'nterwa'.","kenmu'wa' mutupi muda', kenmu'wa' ñi asu'lupa'dei'npu'.",U03150,G02925,hard,0.6925891041755676,0.6085538864135742,0.08403521776199341,2
U02853,G02628,"no vamos a perecer atrapados por ningún animal, no vamos a temer nada.","ñi anaki'nterwa', ñi tekkwi'nterwa'.","ñinchitapalekwa' ali'ladaperunta' nanpi'perkasu', ñi'na ñienpi' lli'dek'i'nekwa'.",U02836,G02611,medium,0.6925891041755676,0.5425567626953125,0.15003234148025513,3
U01274,G01109,puedes nadar.,yennitula' idun'a'mak,yennitulek adanta'ak,U02000,G01786,hard,0.7015238404273987,0.6488693952560425,0.0526544451713562,5
U01274,G01109,puedes nadar.,yennitula' idun'a'mak,yennitulek pa'ak,U00173,G00131,medium,0.7015238404273987,0.5434696078300476,0.15805423259735107,12
U02435,G02210,"felizmente bonito les he criado a mis hijos, con su padre.","mula'si'la u'chimusha teksusudeklek wilaweklusa', papinalek.",shiwiluwekkek wilaweklusa' teksusudeklek papina' nanpipasik.,U02404,G02179,hard,0.7335742115974426,0.6076335906982422,0.12594062089920044,2
U02435,G02210,"felizmente bonito les he criado a mis hijos, con su padre.","mula'si'la u'chimusha teksusudeklek wilaweklusa', papinalek.","ta'ser kuanta' papinkuku'lusa' laukdeklek, wilakuñamu,",U02575,G02350,medium,0.7335742115974426,0.5751365423202515,0.15843766927719116,3
U01541,G01353,gritaron.,lamapu'llina',yamerladallina',U00899,G00770,hard,0.8207074403762817,0.751703679561615,0.06900376081466675,2
U01541,G01353,gritaron.,lamapu'llina',lansa'llina',U00893,G00765,medium,0.8207074403762817,0.6610981822013855,0.15960925817489624,5
U00725,G00608,especifica más.,wintu'u a'pinta,uker' ma'pinta',U01040,G00901,hard,0.5775479078292847,0.5050161480903625,0.07253175973892212,12
U00725,G00608,especifica más.,wintu'u a'pinta,nananta' a'lek'apilallun.,U02287,G02062,medium,0.5775479078292847,0.4218783378601074,0.15566956996917725,18
U02288,G02063,bonito le hablo a esta señora con quien nunca antes había conversado.,we'chimu luntulek senñula' enpi'pu' lunchinpu'a'kasu'.,"nana sekputchek ima'ka nana aperku'tek ima, ñima luwanchi'ñi u'ñisha.",U03135,G02910,hard,0.6069816946983337,0.47918039560317993,0.1278012990951538,2
U02288,G02063,bonito le hablo a esta señora con quien nunca antes había conversado.,we'chimu luntulek senñula' enpi'pu' lunchinpu'a'kasu'.,"mi'lencháaa, kenma enpu'nipi'nta' uklutetchu iñer a'kaser apalaaa.",U02376,G02151,medium,0.6069816946983337,0.45561137795448303,0.1513703167438507,5
U01717,G01520,no sigo.,ku'la tupiapi'nek,ka'api'nek,U00772,G00649,hard,0.7654703855514526,0.7084762454032898,0.05699414014816284,2
U01717,G01520,no sigo.,ku'la tupiapi'nek,yiennichi'nek,U02074,G01857,medium,0.7654703855514526,0.6104661226272583,0.15500426292419434,7
U01252,G01088,estamos encerrados.,unku'pi ñapallidek,pekuipi ñapalidek,U00944,G00812,hard,0.7989190816879272,0.739863395690918,0.05905568599700928,4
U01252,G01088,estamos encerrados.,unku'pi ñapallidek,chiminllinkekla nanpiterwa',U01579,G01390,medium,0.7989190816879272,0.6267998218536377,0.17211925983428955,18
U00166,G00124,ayúdalo.,katu'per',katu'pa'u,U00078,G01152,hard,0.743498682975769,0.683465301990509,0.06003338098526001,3
U00166,G00124,ayúdalo.,katu'per',lektuku' katu'pa',U01328,G01156,medium,0.743498682975769,0.5746102333068848,0.16888844966888428,7
U02290,G02065,"ella que lleve (mi palabra) a otro pueblo,","nana ekpanta'i, ekpanta'i nerñinanluk,","nu'wanta'sik ima sameller tupitunta'lli,",U02706,G02481,hard,0.6154049634933472,0.5597579479217529,0.05564701557159424,8
U02290,G02065,"ella que lleve (mi palabra) a otro pueblo,","nana ekpanta'i, ekpanta'i nerñinanluk,","nanpikudeksu',",U02296,G02071,medium,0.6154049634933472,0.46346747875213623,0.15193748474121094,31
U00506,G00418,aquí está.,asek' ñapalli,asek a'ñapala,U01535,G01347,hard,0.7787266373634338,0.7236058712005615,0.055120766162872314,2
U00506,G00418,aquí está.,asek' ñapalli,asek ñapallidek,U00698,G00797,medium,0.7787266373634338,0.6258524060249329,0.15287423133850098,8
U02349,G02124,ahora ya no hacen así.,ipa'li'na nui'ñina'.,ipa'la lacheknawi'ñina'.,U03201,G02976,hard,0.7914183139801025,0.708992600440979,0.08242571353912354,2
U02349,G02124,ahora ya no hacen así.,ipa'li'na nui'ñina'.,nanek ima nu'unta' ipa' wa'latapallina'.,U02902,G02677,medium,0.7914183139801025,0.6380875110626221,0.15333080291748047,3
U02812,G02587,"cuando contaron los he escuchado, los antiguos viejos y las abuelas finadas hablaban.","ta'ser lauktulek papinkuku'lusa', amiku'lusa' luñina'.",asu' a'lektupideklusek ñinchitupideklusek nana kaschillasa' luñina'.,U03119,G02894,hard,0.7119909524917603,0.5671623945236206,0.14482855796813965,2
U02812,G02587,"cuando contaron los he escuchado, los antiguos viejos y las abuelas finadas hablaban.","ta'ser lauktulek papinkuku'lusa', amiku'lusa' luñina'.",nanadaper tekkinchinen luñina' taserpilusa' pantanna' lauk'erkasu'.,U02573,G02348,medium,0.7119909524917603,0.5257354974746704,0.18625545501708984,3
U02017,G01802,necesito entrar.,yada'lek,luwantulek sanek,U00539,G00445,hard,0.5925783514976501,0.53558349609375,0.056994855403900146,7
U02017,G01802,necesito entrar.,yada'lek,luwantulek llinserchunan,U01075,G00934,medium,0.5925783514976501,0.4419349431991577,0.15064340829849243,26
U00898,G00769,obedecieron.,latektullina',nu'tullina',U00895,G00766,hard,0.7014805674552917,0.6245359182357788,0.07694464921951294,2
U00898,G00769,obedecieron.,latektullina',ekte'chechuna',U00156,G00115,medium,0.7014805674552917,0.523088812828064,0.17839175462722778,6
U00955,G00822,¡qué confusión!,¡embu'ni luwer'chi'ñi!,¡enpu'ni saka'dek'ipa'!,U01053,G00913,hard,0.6371339559555054,0.5837873816490173,0.05334657430648804,8
U00955,G00822,¡qué confusión!,¡embu'ni luwer'chi'ñi!,¡musu' kankanchi'nek!,U00510,G00421,medium,0.6371339559555054,0.4864162504673004,0.15071770548820496,17
U00749,G00628,terminen esto.,a'ta'wantuku' asu',a'ta'wanter asu',U00748,G00627,hard,0.7638359069824219,0.6947088837623596,0.06912702322006226,2
U00749,G00628,terminen esto.,a'ta'wantuku' asu',i'shiker' asu',U00871,G00745,medium,0.7638359069824219,0.6072088479995728,0.15662705898284912,7
U02371,G02146,cuando vuelve a hervir se vuelve a batir....,"ukluka'nunta'sik, utawinunta'lek...","ali'la uncha'lli, ali'la uncha'lli....",U02428,G02203,hard,0.6328890323638916,0.551754891872406,0.0811341404914856,2
U02371,G02146,cuando vuelve a hervir se vuelve a batir....,"ukluka'nunta'sik, utawinunta'lek...","inpikanpiler'an ima unma' uklli,",U02642,G02417,medium,0.6328890323638916,0.474821537733078,0.1580674946308136,4
U01356,G01183,dame algunos.,enka'u nu'unta'lusa',enka'u nanalusa',U01357,G01184,hard,0.7252923250198364,0.6114588975906372,0.11383342742919922,2
U01356,G01183,dame algunos.,enka'u nu'unta'lusa',enka'u nana,U01033,G00894,medium,0.7252923250198364,0.5721914172172546,0.1531009078025818,6
U01504,G01320,volvamos.,adanta'wa',pa'aterwa',U00270,G00216,hard,0.7641149163246155,0.7135058641433716,0.050609052181243896,5
U01504,G01320,volvamos.,adanta'wa',tenmiansu'wa,U00853,G00729,medium,0.7641149163246155,0.5892493724822998,0.17486554384231567,15
U00487,G00400,no canten.,yatulener'tama,yataitula'ta,U00488,G00401,hard,0.7086356282234192,0.6507202386856079,0.05791538953781128,4
U00487,G00400,no canten.,yatulener'tama,yalek'tuta,U00295,G00234,medium,0.7086356282234192,0.5573108792304993,0.15132474899291992,8
U00197,G00152,¡soy libre!,¡inapiku!,¡kana'tulek!,U00015,G00012,hard,0.7441760301589966,0.619200587272644,0.12497544288635254,3
U00197,G00152,¡soy libre!,¡inapiku!,¡latek'i'nek!,U01848,G01643,medium,0.7441760301589966,0.5700090527534485,0.1741669774055481,5
U02436,G02211,yo nunca he tenido hijos sin haberme esposado.,ñi wilanwanpa'tamu ñi'nek.,kua usha'wanek a'lek'inpu'dek'amu wilaweklusa'.,U02303,G02078,hard,0.6250240802764893,0.5429441332817078,0.0820799469947815,2
U02436,G02211,yo nunca he tenido hijos sin haberme esposado.,ñi wilanwanpa'tamu ñi'nek.,nana chida'su'la'sui'mi'na ñi illi'inui'ñi winter'kasu'.,U02955,G02730,medium,0.6250240802764893,0.4598053991794586,0.16521868109703064,6
U02620,G02395,"dicen que ellos, los shawala, se reunieron y comentaron.","nawi'mi'na, shawalalusa', indiuntunna' luñina'.","nana sekputchekkui'na di'tanna, inpasetllina', inluyullina'.",U03148,G02923,hard,0.7268456816673279,0.5978304743766785,0.12901520729064941,2
U02620,G02395,"dicen que ellos, los shawala, se reunieron y comentaron.","nawi'mi'na, shawalalusa', indiuntunna' luñina'.","muyunpak walek pa'anna', adencha'nna', indiuntunna' luñina'.",U03042,G02817,medium,0.7268456816673279,0.5223415493965149,0.204504132270813,3
U00102,G00071,abre.,ek'ke'cher',uencher',U00144,G00104,hard,0.7025753259658813,0.6393190622329712,0.06325626373291016,5
U00102,G00071,abre.,ek'ke'cher',a'wencher',U01364,G01189,medium,0.7025753259658813,0.5476685166358948,0.15490680932998657,15
U02919,G02694,"¡no teman, ustedes tienen machetes, píquen con eso (a las fieras)!","¡aner yatek kuatama', sunkiwanpalama', pasektuku' nanalek!","- ¡nu'ku' nu'pachi kenmama', pur'unta'ku'!",U02741,G02516,hard,0.5964296460151672,0.5214179754257202,0.07501167058944702,3
U02919,G02694,"¡no teman, ustedes tienen machetes, píquen con eso (a las fieras)!","¡aner yatek kuatama', sunkiwanpalama', pasektuku' nanalek!","lauk'apetchuma', ipa'la u'etchu. ¡idenmaku'la'!",U02936,G02711,medium,0.5964296460151672,0.43360865116119385,0.1628209948539734,8
U01943,G01733,¿estás ganando?,¿kana'tapala?,¿chuchu ka'a'pala?,U01968,G01757,hard,0.6570286750793457,0.5951439738273621,0.06188470125198364,3
U01943,G01733,¿estás ganando?,¿kana'tapala?,¿iya'tula?,U01961,G01751,medium,0.6570286750793457,0.5012106895446777,0.15581798553466797,16
U02475,G02250,ahí me alumbró mi madre en jeberos.,nanek wadekllun awawek shiwiluk.,nu'amu amishawekkek pipetchulek.,U02259,G02034,hard,0.6539832353591919,0.5908599495887756,0.06312328577041626,3
U02475,G02250,ahí me alumbró mi madre en jeberos.,nanek wadekllun awawek shiwiluk.,nanekla amitullinerku.,U02499,G02274,medium,0.6539832353591919,0.4998258650302887,0.1541573703289032,6
U00624,G00519,empieza aquí.,tenmian'suer' asu',pata'ker' asu',U00265,G00212,hard,0.5617419481277466,0.5083814859390259,0.0533604621887207,29
U02754,G02529,inunda bastante y se forman tahuampales.,wisunanpalli enpu'nipa' tanpennan ñapalli.,enpu'nipi'ma ituwetchapalli ulunta'su'.,U02549,G02324,hard,0.5758058428764343,0.5002857446670532,0.0755200982093811,2
U02754,G02529,inunda bastante y se forman tahuampales.,wisunanpalli enpu'nipa' tanpennan ñapalli.,tullima lansi' wa'dan uker'apan.,U02953,G02728,medium,0.5758058428764343,0.4126322269439697,0.1631736159324646,3
U01233,G01072,camina conmigo.,dek'kunter' kualek,llia'ker' kualek,U01177,G01025,hard,0.6603702306747437,0.5852186679840088,0.07515156269073486,3
U01233,G01072,camina conmigo.,dek'kunter' kualek,kualek nu'ter',U01347,G01174,medium,0.6603702306747437,0.49998921155929565,0.160381019115448,4
U01780,G01579,los vi.,lli'dek'lek,lli'llien,U00331,G00266,hard,0.7608025670051575,0.7103667259216309,0.05043584108352661,2
U01780,G01579,los vi.,lli'dek'lek,lli'lliner'ku,U01777,G01576,medium,0.7608025670051575,0.5645496249198914,0.1962529420852661,6
U00475,G00390,vente.,wenller',usanker',U00021,G00508,hard,0.6146178245544434,0.5577747821807861,0.05684304237365723,5
U02880,G02655,en la noche les voy a visitar para conversar. (duende),dekpilli lli'kunchenma' lunpawa'.,"- enta'n, er'washinchi lli'kunkenma'.",U02929,G02704,hard,0.5392621159553528,0.4691515266895294,0.07011058926582336,3
U02880,G02655,en la noche les voy a visitar para conversar. (duende),dekpilli lli'kunchenma' lunpawa'.,wichi'echek,U00088,G00061,medium,0.5392621159553528,0.3850441575050354,0.15421795845031738,9
U01794,G01593,parece fácil.,saka'dek'inpu' lli'tulli,saka'ta'masu'pu'su' lli'tula,U01915,G01706,hard,0.6399730443954468,0.554811418056488,0.08516162633895874,2
U01794,G01593,parece fácil.,saka'dek'inpu' lli'tulli,saka'dekinpu' ñiwiñi,U00841,G00717,medium,0.6399730443954468,0.48494234681129456,0.15503069758415222,4
U01175,G01023,alguien llegó.,ala'sa' yalli' ektukerlli,nanek tawetchulli.,U02830,G02605,hard,0.7468534708023071,0.6250860691070557,0.12176740169525146,2
U01175,G01023,alguien llegó.,ala'sa' yalli' ektukerlli,amu utek'wañi,U01695,G01498,medium,0.7468534708023071,0.5444321632385254,0.20242130756378174,3
U00603,G00500,besémonos.,inmusha'wa',muer'wa,U01688,G01492,hard,0.7014064788818359,0.6132772564888,0.08812922239303589,4
U00603,G00500,besémonos.,inmusha'wa',mu'pallidek',U00271,G00217,medium,0.7014064788818359,0.5511812567710876,0.1502252221107483,16
U01476,G01294,fue irónico.,si'len ñiwiñi,ñinchidinusu'nuka'a,U00505,G00417,hard,0.5804358720779419,0.5146431922912598,0.06579267978668213,10
U01476,G01294,fue irónico.,si'len ñiwiñi,ma'kinpu' nuka'a,U00847,G00723,medium,0.5804358720779419,0.424309641122818,0.1561262309551239,19
U00380,G00310,ahora vete.,paker' ipa'la,nu'ter' ipa'la,U00294,G00233,hard,0.8090907335281372,0.7424912452697754,0.06659948825836182,3
U00380,G00310,ahora vete.,paker' ipa'la,adencher',U01012,G00875,medium,0.8090907335281372,0.6244836449623108,0.18460708856582642,6
U00381,G00310,ahora lárgate.,paker' ipa'la,nanek llia'ker',U00628,G00523,hard,0.6387794017791748,0.5523410439491272,0.08643835783004761,6
U00381,G00310,ahora lárgate.,paker' ipa'la,ipa'la mula'si'la weklli.,U02289,G02064,medium,0.6387794017791748,0.4611344337463379,0.17764496803283691,9
U00483,G00396,no vengas.,yawencha'ta,yanantapita,U01682,G01487,hard,0.5754095315933228,0.5234509110450745,0.05195862054824829,11
U00483,G00396,no vengas.,yawencha'ta,a'wanerker',U00109,G00077,medium,0.5754095315933228,0.41736292839050293,0.15804660320281982,29
U03204,G02979,"de verdad tomaban las manos de sus compadres, tomaban las manos de sus comadres y se las besaban, se arrodillaban y lloraban.","tekkinchi walek kunparinenna' pilli'iteklatanna', kumarinenna' pilli'iteklatanna', musha'iteklanna', yensunna', willekllina'.","wilalunlusa'nta kuten'anna', kekkilu'tek lli'anna', tandulalusa' lli'anna', willekllina'.",U02564,G02339,hard,0.8022675514221191,0.7112684845924377,0.0909990668296814,2
U03204,G02979,"de verdad tomaban las manos de sus compadres, tomaban las manos de sus comadres y se las besaban, se arrodillaban y lloraban.","tekkinchi walek kunparinenna' pilli'iteklatanna', kumarinenna' pilli'iteklatanna', musha'iteklanna', yensunna', willekllina'.","nanekla adenchenna' luncha'llina' nanalupa' dadapu muda' nanpipalli, kañellu'ladatusu, adawa'ladatusu.",U02990,G02765,medium,0.8022675514221191,0.6093896627426147,0.1928778886795044,7
U02949,G02724,"lo mataron, atizaron la candela y lo metieron (al fuego).","dei'tanna', pen dintunna', aku'lalatullina'.","naku'tanni'ma, ukllinantanna', ektu'llina' muyunpak.",U02972,G02747,hard,0.7203651070594788,0.6652739644050598,0.055091142654418945,2
U02949,G02724,"lo mataron, atizaron la candela y lo metieron (al fuego).","dei'tanna', pen dintunna', aku'lalatullina'.","nana sekputchekkui'na di'tanna, inpasetllina', inluyullina'.",U03148,G02923,medium,0.7203651070594788,0.5644027590751648,0.15596234798431396,5
U01876,G01670,tom entendió.,tom lachek'lli,tom lauki'lli,U00672,G00562,hard,0.7361131906509399,0.6800041198730469,0.056109070777893066,6
U01876,G01670,tom entendió.,tom lachek'lli,tom chimillinkekla nampilli,U01225,G01064,medium,0.7361131906509399,0.585366427898407,0.15074676275253296,27
U00254,G00201,dia.,uklli,shin,U00066,G00050,hard,0.6655572056770325,0.5868450999259949,0.0787121057510376,4
U00254,G00201,dia.,uklli,iyalli,U00309,G00300,medium,0.6655572056770325,0.5133689641952515,0.152188241481781,16
U01419,G01239,quiero café.,luwantulek wayusa',luwantulek dek',U01077,G00936,hard,0.633742094039917,0.5829060673713684,0.050836026668548584,3
U01419,G01239,quiero café.,luwantulek wayusa',luwantulek internet,U02016,G01801,medium,0.633742094039917,0.48223739862442017,0.15150469541549683,9
U00684,G00572,nos divertimos.,sakeklekwa',saka'taterwa',U00695,G00582,hard,0.6765233278274536,0.619250476360321,0.05727285146713257,4
U00684,G00572,nos divertimos.,sakeklekwa',du'awa',U01826,G01622,medium,0.6765233278274536,0.5251032114028931,0.15142011642456055,20
U03052,G02827,"lo que contaron he escuchado, que por causa del camino de moyobamba algunos se terminaron.","ta'ser lauktulek, asu' muyunpa inchilala malek, nu'unta' taketllina'.","ektu'sik ima muyunpak, nana inka' la'la' lunlusa'ler ima, yadi'tudeklli.",U02973,G02748,medium,0.6296982169151306,0.47801321744918823,0.15168499946594238,2
U02562,G02337,mientras bebían su masato....empuñando sus mocahuas.,uklulu'nenna' uwanna'pu'su'... sinanpachinenna' pilli'tanna'.,"piper'unkellu', pipelladasu'.",U02736,G02511,medium,0.5769963264465332,0.3931068778038025,0.1838894486427307,2
U02042,G01826,traeré vino.,kere'chek vinu',vinu' a'ñapalek,U00780,G00657,hard,0.7396451830863953,0.6083885431289673,0.13125663995742798,2
U02042,G01826,traeré vino.,kere'chek vinu',kencher' vinu',U00469,G00384,medium,0.7396451830863953,0.5794461369514465,0.16019904613494873,4
U02877,G02652,"¿has venido, hermano menor? (duende)","- ¿ukla'ncha, yalli'wá?","- ¿samerwanpala'ncha, alli'shá?",U02606,G02381,hard,0.6553282141685486,0.5888546705245972,0.06647354364395142,3
U02877,G02652,"¿has venido, hermano menor? (duende)","- ¿ukla'ncha, yalli'wá?","- ukllidek, alli'sha.",U02928,G02703,medium,0.6553282141685486,0.5042605996131897,0.1510676145553589,4
U02599,G02374,"por acá he entrado yo para criar peces, se llama pampayacu arákayu les respondió","- asui'na asu'lupa' da'kellek kua samer yapektawamu, panpadek nuka'a tullima.",nanekla'nka kuanta' ñinchitulek asu' arakayu ma'pu'si'pa' nanpilli.,U02796,G02571,hard,0.535236656665802,0.4721164405345917,0.06312021613121033,7
U02599,G02374,"por acá he entrado yo para criar peces, se llama pampayacu arákayu les respondió","- asui'na asu'lupa' da'kellek kua samer yapektawamu, panpadek nuka'a tullima.","nu'su' ipa'la lawektapalek asu' shiwilumapu'wek, ñi napi'pu'su'.",U03203,G02978,medium,0.535236656665802,0.3757771849632263,0.15945947170257568,25
U00226,G00178,es nuevo.,nalu' nuka'a,er'wa nuka'a,U00367,G00298,hard,0.6388365626335144,0.5885761976242065,0.05026036500930786,8
U00226,G00178,es nuevo.,nalu' nuka'a,pipersu' nuka'a,U00229,G00179,medium,0.6388365626335144,0.48817721009254456,0.15065935254096985,22
U01021,G00883,¿firmaste?,¿llillinpen nu'tula?,¿peklu'tula?,U00706,G00592,hard,0.6414153575897217,0.5752008557319641,0.06621450185775757,2
U01021,G00883,¿firmaste?,¿llillinpen nu'tula?,¿lli'tapala?,U01939,G01729,medium,0.6414153575897217,0.48356953263282776,0.15784582495689392,15
U01621,G01432,deberías ir.,pa'a'masu' ñapalli,llia'a'mamasu' ñapalli,U02208,G01985,hard,0.561625063419342,0.4867538511753082,0.07487121224403381,3
U01621,G01432,deberías ir.,pa'a'masu' ñapalli,i'shiwansu' ñaper',U00378,G00308,medium,0.561625063419342,0.4044460356235504,0.15717902779579163,7
U02985,G02760,"de ahí, otro grupo se fue otra vez colocando puentes.",nanekla ali'la musun pa'nunta'lli pentunanlusa' aku'pilan.,nanek ima ipa'linchi tanpen peklu'lli.,U02727,G02502,medium,0.7358071804046631,0.5718255639076233,0.1639816164970398,2
U00512,G00423,¡encantador!,¡mupencha!,¡mupalli!,U00103,G00072,hard,0.7163400053977966,0.6311928629875183,0.08514714241027832,5
U00512,G00423,¡encantador!,¡mupencha!,¡u'chimu ñinalu'!,U01901,G01695,medium,0.7163400053977966,0.566047191619873,0.15029281377792358,12
U00913,G00783,tom gruñó.,tom mermiñi,tom sha'pi'wiñi,U01556,G01368,hard,0.8088448643684387,0.7456797957420349,0.06316506862640381,11
U00913,G00783,tom gruñó.,tom mermiñi,tom yunsu'lli,U00259,G00206,medium,0.8088448643684387,0.653468132019043,0.15537673234939575,21
U01499,G01315,preguntémosle.,lek'kawa',lauk'tawa',U01149,G01002,hard,0.7310523986816406,0.6532678008079529,0.07778459787368774,3
U01499,G01315,preguntémosle.,lek'kawa',lli'aterwa',U01589,G01400,medium,0.7310523986816406,0.5790927410125732,0.15195965766906738,6
U00633,G00528,¡habla conmigo!,¡lunker' kualek!,¡iyasu' lanelliek!,U01793,G01592,hard,0.736936092376709,0.6029348969459534,0.13400119543075562,2
U00633,G00528,¡habla conmigo!,¡lunker' kualek!,lansa'ker' kualek,U01339,G01167,medium,0.736936092376709,0.5770522952079773,0.1598837971687317,3
U02237,G02012,escaparon todos.,iñer' chiyekllina',iñer ta'wantapilallina'.,U02333,G02108,hard,0.7680670619010925,0.7087920904159546,0.05927497148513794,3
U02237,G02012,escaparon todos.,iñer' chiyekllina',sapana'lusa'sa' pekpillina'.,U02704,G02479,medium,0.7680670619010925,0.6134096384048462,0.15465742349624634,6
U00816,G00692,estoy emocionado.,ñapalek sakek'su',ñapalek da'iyasu',U01776,G01575,hard,0.7822710871696472,0.7263882756233215,0.055882811546325684,3
U00816,G00692,estoy emocionado.,ñapalek sakek'su',ukapisu' ñapalek,U00215,G00167,medium,0.7822710871696472,0.6306357979774475,0.1516352891921997,21
U00167,G00125,buenas.,mulusa',muuklli,U01036,G00897,hard,0.6793069243431091,0.6164232492446899,0.06288367509841919,3
U00167,G00125,buenas.,mulusa',musu'nakuker',U00162,G00120,medium,0.6793069243431091,0.5174332857131958,0.16187363862991333,6
U01971,G01760,¿la conoces?,¿luwer'chapala?,¿li'apala?,U01349,G01176,hard,0.7488108277320862,0.6581568717956543,0.09065395593643188,9
U01971,G01760,¿la conoces?,¿luwer'chapala?,¿werana?,U01691,G01495,medium,0.7488108277320862,0.5940786004066467,0.15473222732543945,18
U02034,G01818,estaba escuchando.,lauk'tapawinek,ellia'pawinek,U01755,G01557,medium,0.8476961851119995,0.6770210862159729,0.1706750988960266,2
U02745,G02520,"las cuencas de las quebradas se secaron,","enpinantek'unta'llina' dekshadeklusa',","kupiwanlusa' ñapallinpi'la,",U02757,G02532,hard,0.7557069063186646,0.6835131049156189,0.07219380140304565,3
U02745,G02520,"las cuencas de las quebradas se secaron,","enpinantek'unta'llina' dekshadeklusa',","puka' yunsu'lli,",U02748,G02523,medium,0.7557069063186646,0.5994428396224976,0.156264066696167,15
U00628,G00523,quédate ahí.,nanek llia'ker',aku'ku' nanek,U01164,G01015,hard,0.7136651873588562,0.6632289290428162,0.05043625831604004,8
U00628,G00523,quédate ahí.,nanek llia'ker',da'ker' kinekla,U00026,G00021,medium,0.7136651873588562,0.5548484325408936,0.15881675481796265,17
U02515,G02290,dicen que en ese tiempo el dueño (del pampayacu) todavía vivía ahí en esa ribera del río.,nanimi'na napi'pui'mi'na wa'anen nanpi'pawiñinpi'la nana panpadek ukuchinkek.,nana ali'lima tulli kui'na ñinchitulek nana mutupik nanpipalli llumallun13'.,U03161,G02936,hard,0.6047713160514832,0.5225218534469604,0.0822494626045227,2
U02515,G02290,dicen que en ese tiempo el dueño (del pampayacu) todavía vivía ahí en esa ribera del río.,nanimi'na napi'pui'mi'na wa'anen nanpi'pawiñinpi'la nana panpadek ukuchinkek.,naneklimaka asu' nana lanla' pitunta' uwentunta'lli.,U02831,G02606,medium,0.6047713160514832,0.4496060013771057,0.15516531467437744,6
U02343,G02118,cuando amanece entonces se lava (la yuca) y se la pone en una olla.,"ukllinantusik ipa'linchi pamu'lek, a'du'lek uktak.",ipa'linchi chitetllu' kellu'lek seklekka'lek.,U02352,G02127,hard,0.6179338693618774,0.5644963383674622,0.05343753099441528,4
U02343,G02118,cuando amanece entonces se lava (la yuca) y se la pone en una olla.,"ukllinantusik ipa'linchi pamu'lek, a'du'lek uktak.",chiter nanpi peksanpi nananta' ali'la uktak a'ukluka'lek.,U02378,G02153,medium,0.6179338693618774,0.46651458740234375,0.1514192819595337,15
U02722,G02497,"cuando arákayu icaró al lago junto al pelejo la joven de primera menstruación se acabó,","kuntetchek arakayuler pekkusik nana leklun ta'wantulli,",nu'an ima arakayu sakek'an peklu'deklli inyulateknen ima.,U02595,G02370,hard,0.7025257349014282,0.6345428824424744,0.06798285245895386,3
U02722,G02497,"cuando arákayu icaró al lago junto al pelejo la joven de primera menstruación se acabó,","kuntetchek arakayuler pekkusik nana leklun ta'wantulli,",nana mukankinpu'lalusa'ler arakayu pideknen di'setchullina'.,U02788,G02563,medium,0.7025257349014282,0.5300788283348083,0.17244690656661987,14
U03146,G02921,así lo que han dicho he oído cuando era muchacho y ahora les estoy contando.,"ta'ser kuanta' wilaku ñamu lawektulek, ipa'la winta'pallenma'.","ipa' dei'tulamau'ku, ipa' kekkapalama'u'ku lli'chinpuek a'pinta'.",U02951,G02726,hard,0.6153246164321899,0.47550174593925476,0.13982287049293518,4
U03146,G02921,así lo que han dicho he oído cuando era muchacho y ahora les estoy contando.,"ta'ser kuanta' wilaku ñamu lawektulek, ipa'la winta'pallenma'.",ipa'la lunchek ma'pu'si'pa' napi' uketllin asu' panpadek ukuchinlusa'.,U02511,G02286,medium,0.6153246164321899,0.45116308331489563,0.1641615331172943,8
U02087,G01869,sigan practicando.,tupituku' inpalerianma',tupiter' inpalerian,U02086,G01868,hard,0.6998683214187622,0.640037477016449,0.05983084440231323,2
U02087,G01869,sigan practicando.,tupituku' inpalerianma',inpaleriaper',U01813,G01610,medium,0.6998683214187622,0.532081127166748,0.16778719425201416,4
U00944,G00812,estamos limpios.,pekuipi ñapalidek,mumusu' ñapallidek,U02181,G01961,hard,0.7831334471702576,0.7298305630683899,0.053302884101867676,6
U00944,G00812,estamos limpios.,pekuipi ñapalidek,a'ñapalekdekwa',U01897,G01691,medium,0.7831334471702576,0.6325497031211853,0.15058374404907227,18
U02352,G02127,"después, al maíz pulverizado y la yuca asada desmenuzada se los apiacha (se mezclan a mano formando una masa).",ipa'linchi chitetllu' kellu'lek seklekka'lek.,ipa'linchi ukdinu'ta'kasu'lek a'kasetllek.,U02381,G02156,hard,0.5861695408821106,0.4902234971523285,0.0959460437297821,4
U02352,G02127,"después, al maíz pulverizado y la yuca asada desmenuzada se los apiacha (se mezclan a mano formando una masa).",ipa'linchi chitetllu' kellu'lek seklekka'lek.,"nanasa', kupin uwapi'nek, u'nisha iyumu uwapalek,",U02455,G02230,medium,0.5861695408821106,0.4077592194080353,0.17841032147407532,7
U02230,G02005,¿tienen hijos?,¿wilawanpalama'?,¿wilawanpala'?,U02231,G02006,hard,0.7810732126235962,0.7094438076019287,0.07162940502166748,2
U02230,G02005,¿tienen hijos?,¿wilawanpalama'?,¿ma'lusa' samellusa'cha luwantulama'?,U02629,G02404,medium,0.7810732126235962,0.5785417556762695,0.20253145694732666,4
U02623,G02398,"no dijo un viejo,","ma'sha tullima ala'sa' taserpi,","sennanlusa'nta' enñi,",U02710,G02485,hard,0.6112973690032959,0.5542915463447571,0.05700582265853882,12
U02623,G02398,"no dijo un viejo,","ma'sha tullima ala'sa' taserpi,","tanpen mudei'ma shipen,",U02735,G02510,medium,0.6112973690032959,0.4600958228111267,0.1512015461921692,27
U01685,G01490,todos mienten.,iñer' tumu'llina',iñer' kana'tullina',U01353,G01180,medium,0.7307276725769043,0.5671778321266174,0.16354984045028687,2
U02187,G01967,¿estabas llorando?,¿welliek'apawina?,¿kaluwi'su' ñapawina?,U01596,G01407,medium,0.8416379690170288,0.5996870994567871,0.2419508695602417,2
U00343,G00275,soy amado.,luanpi nuka'ka,mukankanku',U00194,G00149,hard,0.715353786945343,0.6500075459480286,0.06534624099731445,17
U00343,G00275,soy amado.,luanpi nuka'ka,taserpiku,U00095,G00065,medium,0.715353786945343,0.5620439052581787,0.1533098816871643,32
U00344,G00275,soy amada.,luanpi nuka'ka,ka'apalek wayupi,U00774,G00651,hard,0.6656349897384644,0.6151962280273438,0.050438761711120605,19
U00344,G00275,soy amada.,luanpi nuka'ka,kuakeksa' lli'inupalek,U00828,G00704,medium,0.6656349897384644,0.5085655450820923,0.15706944465637207,35
U01095,G00954,me arriesgaré.,inpalerichek,yute'chek,U01765,G01566,hard,0.7155823707580566,0.632368803024292,0.08321356773376465,5
U01095,G00954,me arriesgaré.,inpalerichek,kananek,U01415,G01236,medium,0.7155823707580566,0.5574010014533997,0.15818136930465698,13
U02183,G01963,estamos satisfechos.,sakeksu' ñapallidek,pekuipi ñapalidek,U00944,G00812,hard,0.7050873637199402,0.6428154706954956,0.06227189302444458,8
U02183,G01963,estamos satisfechos.,sakeksu' ñapallidek,nakusu' ullidek,U01881,G01675,medium,0.7050873637199402,0.5500983595848083,0.15498900413513184,26
U00276,G00222,¿quién nadó?,¿den iduñi?,¿den kana'tulli?,U01605,G01416,hard,0.845564067363739,0.7865383625030518,0.059025704860687256,5
U00276,G00222,¿quién nadó?,¿den iduñi?,¿den lamapu'lli?,U00705,G00591,medium,0.845564067363739,0.6307534575462341,0.21481060981750488,15
U00216,G00168,estoy débil.,mudinui'su' ñapalek,yunsansu' ñapalek,U00036,G00031,hard,0.6788535118103027,0.6251152753829956,0.05373823642730713,34
U03179,G02954,"¿cómo lo vas a llamar?, fidel, dijo (el cura).","¿ma'itetchuncha?, pidir tullima.","– ¿ma'ki'na nu'taterwa?, tullima ala'sa' taserpi.",U03071,G02846,hard,0.6302875280380249,0.5072159767150879,0.12307155132293701,2
U03179,G02954,"¿cómo lo vas a llamar?, fidel, dijo (el cura).","¿ma'itetchuncha?, pidir tullima.","- ñapala, ñañá? itukellu.",U02417,G02192,medium,0.6302875280380249,0.46210452914237976,0.16818299889564514,4
U02509,G02284,yo le voy a enseñar todo lo que sé.,kualer a'lek'etchek iñer ñinchita'kasu'.,a'lek'etchenma' kuda ukluta'kudeksu'.,U02335,G02110,hard,0.6610158085823059,0.5991610884666443,0.06185472011566162,2
U02509,G02284,yo le voy a enseñar todo lo que sé.,kualer a'lek'etchek iñer ñinchita'kasu'.,kuanta' uklupidekwek pekkuituu.,U02377,G02152,medium,0.6610158085823059,0.46003708243370056,0.20097872614860535,6
U01983,G01770,todos oraron.,iñer'daper' mallia'llina',iñer' panwilek'tullina',U01686,G01491,hard,0.7076654434204102,0.6399549841880798,0.06771045923233032,4
U01983,G01770,todos oraron.,iñer'daper' mallia'llina',iñer ta'wantapilallina'.,U02333,G02108,medium,0.7076654434204102,0.548669159412384,0.15899628400802612,10
U01151,G01004,adivina.,teklerier' ninchita'mak,lu'uktutek'ken ñiker,U00996,G00859,hard,0.6548681855201721,0.5996706485748291,0.05519753694534302,4
U01151,G01004,adivina.,teklerier' ninchita'mak,inlu'uk'tuker',U01879,G01673,medium,0.6548681855201721,0.5048329830169678,0.15003520250320435,14
U02790,G02565,antes los viejos ya finados no querían que nos acercáramos cuando éramos niños.,napi' taserpiku'lusa' luwanchiñina' kawita'kasu' wilakudek ña'sekkudek.,tullina' amiku'lusa' kuda usha'wañidek asu' ipa'la wa'danlusa' uk'anna' llikanerchi'ñinerkenmu'wa'.,U03000,G02775,hard,0.7785485982894897,0.6724017858505249,0.10614681243896484,2
U02790,G02565,antes los viejos ya finados no querían que nos acercáramos cuando éramos niños.,napi' taserpiku'lusa' luwanchiñina' kawita'kasu' wilakudek ña'sekkudek.,tusu'sa' llillinlusa' napi' a'ñiwinekwa'.,U03189,G02964,medium,0.7785485982894897,0.5637810826301575,0.21476751565933228,4
U01561,G01373,estamos llorando.,welliek'apallidek,aper'llidek,U00446,G00362,hard,0.8047311305999756,0.6847468614578247,0.11998426914215088,2
U01561,G01373,estamos llorando.,welliek'apallidek,lansa'pallidek,U01582,G01393,medium,0.8047311305999756,0.6410883665084839,0.1636427640914917,4
U03195,G02970,"ahora se escoge los nombres leyendo en papel, a veces.","wadunek kerkek lli'amu llillinlusa', nerpi'pu'.",ipa'linchi ukdinu'ta'kasu'lek a'kasetllek.,U02381,G02156,hard,0.5595332980155945,0.4941382110118866,0.06539508700370789,3
U03195,G02970,"ahora se escoge los nombres leyendo en papel, a veces.","wadunek kerkek lli'amu llillinlusa', nerpi'pu'.",enta' winterkenma' ma'pu'si'pa' kineklada' llillin ñilli.,U03147,G02922,medium,0.5595332980155945,0.40591615438461304,0.15361714363098145,9
U03183,G02958,de allí le tocó el turno a otro.,naneklima asu' ali'lima panta'lli.,itudek'an ima a'da'dekan ima itudeklli.,U03062,G02837,hard,0.6906834244728088,0.6263013482093811,0.06438207626342773,3
U03183,G02958,de allí le tocó el turno a otro.,naneklima asu' ali'lima panta'lli.,nanek ima nu'unta' ipa' wa'latapallina'.,U02902,G02677,medium,0.6906834244728088,0.5395567417144775,0.1511266827583313,12
U00930,G00799,podemos ayudar.,yinnitullidek katu'pa'tak,yennitulek'wa' katu'pa'a'kik,U02160,G01940,hard,0.8688952922821045,0.8106355667114258,0.05825972557067871,3
U00930,G00799,podemos ayudar.,yinnitullidek katu'pa'tak,yinnitullidek lunnak,U00931,G00800,medium,0.8688952922821045,0.6889737844467163,0.17992150783538818,9
U01848,G01643,¡increíble!,¡latek'i'nek!,¡katu'lada!,U01614,G01425,hard,0.6651890873908997,0.6094011664390564,0.05578792095184326,6
U01848,G01643,¡increíble!,¡latek'i'nek!,¡enpu'ni mui'pa!,U01598,G01409,medium,0.6651890873908997,0.5120173096656799,0.15317177772521973,17
U00953,G00820,¡qué desastre!,¡embu'ni panger'ipa'!,¡embu'ni mushipa'!,U00511,G00422,hard,0.7257909774780273,0.6749130487442017,0.050877928733825684,8
U00953,G00820,¡qué desastre!,¡embu'ni panger'ipa'!,¡tekkinchi nuka'a!,U00372,G00303,medium,0.7257909774780273,0.5732317566871643,0.15255922079086304,17
U01316,G01145,¿eres feliz?,¿musu' ñapala?,¿mer'su' ñapala?,U00988,G00852,hard,0.8137110471725464,0.7177791595458984,0.09593188762664795,2
U01316,G01145,¿eres feliz?,¿musu' ñapala?,¿wa'danpindek ñapala?,U00716,G00601,medium,0.8137110471725464,0.6517149209976196,0.16199612617492676,6
U02337,G02112,"ustedes también quieren aprender de qué manera se hace,","yañinchitulama' kenmama'nta' ma'pu'si'pa' nu'tulek,","iñer ñinchita'kudeksu' napi'ku'lusa'ki,",U02306,G02081,hard,0.6979767680168152,0.5673077702522278,0.1306689977645874,2
U02337,G02112,"ustedes también quieren aprender de qué manera se hace,","yañinchitulama' kenmama'nta' ma'pu'si'pa' nu'tulek,","nananta' a'lekchii, ñinchichii,",U02291,G02066,medium,0.6979767680168152,0.5423209071159363,0.1556558609008789,3
U02932,G02707,"cuando se la llevaron, el viejo la agarró y la detectó.",ekpantasik ima taserpiler pilli'tan lutu'lli.,wileima panta'n lli'an pilli'tulli.,U03177,G02952,hard,0.6047047972679138,0.5461732745170593,0.05853152275085449,2
U02932,G02707,"cuando se la llevaron, el viejo la agarró y la detectó.",ekpantasik ima taserpiler pilli'tan lutu'lli.,"nu'tan, pidekñik sichi'dandek'an iñer urañi.",U02894,G02669,medium,0.6047047972679138,0.4544432759284973,0.1502615213394165,15
U01194,G01036,se chocaron.,da'pañina',inwiperi'llina',U00896,G00767,hard,0.7178019881248474,0.6370695233345032,0.08073246479034424,12
U01194,G01036,se chocaron.,da'pañina',yunsu'ku',U00064,G00049,medium,0.7178019881248474,0.554332435131073,0.16346955299377441,24
U01195,G01036,se estrellaron.,da'pañina',uk'apilellina',U01867,G01661,hard,0.7544904947280884,0.686799168586731,0.06769132614135742,12
U01195,G01036,se estrellaron.,da'pañina',inwiperi'llina',U00896,G00767,medium,0.7544904947280884,0.5979169607162476,0.15657353401184082,21
U02169,G01949,andamos mucho.,dek'kuntapallidek' wapu',nakusu' ullidek,U01881,G01675,hard,0.7588406205177307,0.6119107604026794,0.14692986011505127,2
U02169,G01949,andamos mucho.,dek'kuntapallidek' wapu',ikinek'uklli werañidek,U01237,G01076,medium,0.7588406205177307,0.560651421546936,0.19818919897079468,3
U00159,G00118,¡buen trabajo!,¡musa'ka'tuna!,saka'tapalli musu',U01479,G01297,hard,0.6167061924934387,0.5627713203430176,0.05393487215042114,15
U00159,G00118,¡buen trabajo!,¡musa'ka'tuna!,musu' paskua',U01038,G00899,medium,0.6167061924934387,0.46533167362213135,0.15137451887130737,31
U01745,G01547,quiero ayudar.,yakatupa'tulek,katu'palek,U00527,G00437,hard,0.6717063784599304,0.6096400022506714,0.06206637620925903,6
U01745,G01547,quiero ayudar.,yakatupa'tulek,yennitulek katu'pa'a'kik,U01713,G01516,medium,0.6717063784599304,0.5146616697311401,0.15704470872879028,20
U02232,G02007,¿tienes arroz?,¿pumuladawanpala?,¿chuchu ka'a'pala?,U01968,G01757,hard,0.678745448589325,0.5907414555549622,0.08800399303436279,3
U02232,G02007,¿tienes arroz?,¿pumuladawanpala?,¿a'pe'chapala?,U01938,G01728,medium,0.678745448589325,0.5169390439987183,0.1618064045906067,8
U01789,G01588,no funcionó.,ku'la saka'chi'ñi,kana'chi'ñina',U00431,G00348,hard,0.7104278802871704,0.591263473033905,0.11916440725326538,3
U01789,G01588,no funcionó.,ku'la saka'chi'ñi,nudu'pi ñiwiñi,U01124,G00977,medium,0.7104278802871704,0.5539067387580872,0.15652114152908325,5
U01215,G01056,tom canceló.,tom a'ta'wantulli,tom chi'ye'klli,U00911,G00781,hard,0.8226605653762817,0.7718624472618103,0.050798118114471436,3
U01215,G01056,tom canceló.,tom a'ta'wantulli,tom malla'lli,U00665,G00555,medium,0.8226605653762817,0.6726272702217102,0.15003329515457153,11
U01216,G01056,tom terminó.,tom a'ta'wantulli,tom saka'tulli,U00671,G00561,hard,0.8666490316390991,0.7977721691131592,0.06887686252593994,3
U01216,G01056,tom terminó.,tom a'ta'wantulli,tom idenmalli,U00656,G00547,medium,0.8666490316390991,0.7138792276382446,0.1527698040008545,16
U00842,G00718,fue real.,ñiwiñi tekinchi,nana chimiñi,U00241,G00191,hard,0.7858515381813049,0.6692489981651306,0.11660254001617432,2
U00842,G00718,fue real.,ñiwiñi tekinchi,u'chimu ñiwiñi,U01795,G01594,medium,0.7858515381813049,0.6281667351722717,0.1576848030090332,5
U00482,G00395,¿fue tom?,¿tom ñiwiñi?,tom nuka'a,U00223,G00175,hard,0.7052289843559265,0.6311277747154236,0.07410120964050293,3
U00482,G00395,¿fue tom?,¿tom ñiwiñi?,tom uwapalli,U00652,G00544,medium,0.7052289843559265,0.5317806601524353,0.1734483242034912,5
U00173,G00131,puedo ir.,yennitulek pa'ak,yen'nitulek teka'ak',U00318,G00254,hard,0.8584285378456116,0.8008673191070557,0.05756121873855591,2
U00173,G00131,puedo ir.,yennitulek pa'ak,¿yennitulek da'ak?,U01330,G01158,medium,0.8584285378456116,0.6893787980079651,0.16904973983764648,7
U00813,G00689,tengo curiosidad.,ñinchidinupalek,ñinchichi'nek,U01068,G00927,hard,0.6572085618972778,0.5954651832580566,0.06174337863922119,2
U00813,G00689,tengo curiosidad.,ñinchidinupalek,lachek'apilalek,U02046,G01829,medium,0.6572085618972778,0.5010973811149597,0.15611118078231812,8
U01044,G00904,sé valiente.,nantapitek ñiker',ñapaker' kawik,U00627,G00522,hard,0.7569851875305176,0.6112247109413147,0.14576047658920288,3
U01044,G00904,sé valiente.,nantapitek ñiker',mukankan ñiker',U00054,G00043,medium,0.7569851875305176,0.591605544090271,0.16537964344024658,4
U02984,G02759,"sin embargo, aquí ninguno de nosotros tiene casa embarrada así dijeron los que se habían ido a ver.",kenmu'wi'na asek ñiden lupa'paperwi'ñi tullima nana lli'tukunlusa'.,ñi'na ñiden kudaler yawinchi'ñidek latekchiñina'.,U02803,G02578,hard,0.6023727059364319,0.5471110939979553,0.05526161193847656,2
U02984,G02759,"sin embargo, aquí ninguno de nosotros tiene casa embarrada así dijeron los que se habían ido a ver.",kenmu'wi'na asek ñiden lupa'paperwi'ñi tullima nana lli'tukunlusa'.,nanekla'nka lawektapamudek kudanta' ipa'la walek lli'inutapallidek nana lunka'su'.,U02577,G02352,medium,0.6023727059364319,0.4513363242149353,0.15103638172149658,3
U02047,G01830,me carcajeo.,yamerlek,usu'lliner'ku,U02033,G01817,hard,0.585871160030365,0.5356903672218323,0.050180792808532715,23
U00215,G00167,estoy caliente.,ukapisu' ñapalek,ñapalek sakeksu',U01461,G01279,hard,0.75065016746521,0.7006227970123291,0.05002737045288086,20
U00215,G00167,estoy caliente.,ukapisu' ñapalek,apu'pi nuka'ka,U01104,G00962,medium,0.75065016746521,0.5945504903793335,0.15609967708587646,38
U01769,G01569,soy músico.,tuluner'cheku nuka'ka,pinanerchek'ku nukaka,U01454,G01272,hard,0.7082399725914001,0.6537667512893677,0.05447322130203247,8
U01769,G01569,soy músico.,tuluner'cheku nuka'ka,perchek' nuka'ka,U00203,G00156,medium,0.7082399725914001,0.5529510974884033,0.15528887510299683,28
U03113,G02888,así a otros recriminan.,"nu'su' ali'ladaper llipetchullina',",ali'ladaper ima ker' aku'pakuñina'.,U02959,G02734,hard,0.6159234642982483,0.5632643103599548,0.05265915393829346,4
U03113,G02888,así a otros recriminan.,"nu'su' ali'ladaper llipetchullina',",enpinantekllina' sennanlusa'.,U02746,G02521,medium,0.6159234642982483,0.46517083048820496,0.15075263381004333,23
U01777,G01576,me vieron.,lli'lliner'ku,enka'lliner'ku,U00321,G00257,medium,0.7771441340446472,0.625365138053894,0.15177899599075317,2
U02941,G02716,"ahí mascaron ají, pusieron tabaco en su boca, tomaron tabaco diluido para no dormirse.","nanek nuka' uklullina', pinter katenñina', pinchiyek nu'tanna' ullina' wichi'inpu'erkek.","tanni'ma insekdipellina', uklulu'nenna' a'nu'tullina' sadina' yekpanna'.",U02870,G02645,hard,0.6605476140975952,0.5494697690010071,0.11107784509658813,2
U02941,G02716,"ahí mascaron ají, pusieron tabaco en su boca, tomaron tabaco diluido para no dormirse.","nanek nuka' uklullina', pinter katenñina', pinchiyek nu'tanna' ullina' wichi'inpu'erkek.","naneklima luncha'llina' asu'lupa' lansi'sa' ala'sa' ya'lli, dullinen iñer ukunpala'lli,",U02883,G02658,medium,0.6605476140975952,0.5059086680412292,0.15463894605636597,3
U01442,G01260,te mostraré.,alli'echen,mape'chek,U01435,G01255,hard,0.7725762128829956,0.7166011929512024,0.05597501993179321,2
U01442,G01260,te mostraré.,alli'echen,tupiechek,U02035,G01819,medium,0.7725762128829956,0.6129282116889954,0.15964800119400024,11
U01982,G01769,todos miraron.,iñer'daper' lli'tullina',iñer' kana'tullina',U01353,G01180,hard,0.7246344089508057,0.59550940990448,0.12912499904632568,2
U01982,G01769,todos miraron.,iñer'daper' lli'tullina',iñer' tumu'llina',U01685,G01490,medium,0.7246344089508057,0.523964524269104,0.20066988468170166,4
U02595,G02370,luego alegrándose los invitó a su patio exterior.,nu'an ima arakayu sakek'an peklu'deklli inyulateknen ima.,ipa'linchi arakayu ima pekkutulli naneklanek dekshadeklusa' samerwa'nsu'.,U02743,G02518,hard,0.5457521677017212,0.48872828483581543,0.05702388286590576,6
U02595,G02370,luego alegrándose los invitó a su patio exterior.,nu'an ima arakayu sakek'an peklu'deklli inyulateknen ima.,nanek da'an lli'itulli dinlupinen.,U02827,G02602,medium,0.5457521677017212,0.3944527804851532,0.151299387216568,22
U01678,G01484,¿me quieres?,¿luwantulun?,¿iyatulun?,U01680,G01485,hard,0.7544683218002319,0.6123166084289551,0.14215171337127686,3
U01678,G01484,¿me quieres?,¿luwantulun?,¿luwantapala?,U01977,G01765,medium,0.7544683218002319,0.5518648624420166,0.20260345935821533,4
U01679,G01484,¿me amas?,¿luwantulun?,¿tupitechunku?,U01348,G01175,hard,0.5788089036941528,0.47756248712539673,0.1012464165687561,5
U01679,G01484,¿me amas?,¿luwantulun?,a'uktuwu,U01518,G01333,medium,0.5788089036941528,0.42393311858177185,0.15487578511238098,10
U02874,G02649,yendo vio a alguien tocando flauta (era el duende).,pa'an ima lli'kuñi pilenñantapalli.,nanek da'an lli'itulli dinlupinen.,U02827,G02602,hard,0.6632170677185059,0.592630922794342,0.07058614492416382,2
U02874,G02649,yendo vio a alguien tocando flauta (era el duende).,pa'an ima lli'kuñi pilenñantapalli.,nanek ima tekkinchi lupa' lenmeklli.,U02942,G02717,medium,0.6632170677185059,0.5125941634178162,0.1506229043006897,7
U02847,G02622,"¡qué fieras habrán ahí, por donde vamos a abrir el camino!","¡ma'nen ilipa' ñapalli anaka'lusa', nana inchilala yekketcha'kawa'su'lupa'!",¡ma'allimi'na enpi' uklli llinserpi namasu' lunpa'kawa'su' ektu'nchinaa!,U03048,G02823,hard,0.7562109231948853,0.6171337366104126,0.13907718658447266,2
U02847,G02622,"¡qué fieras habrán ahí, por donde vamos a abrir el camino!","¡ma'nen ilipa' ñapalli anaka'lusa', nana inchilala yekketcha'kawa'su'lupa'!",¡enchuku' di'tawa' asu' katu'ta'!,U03063,G02838,medium,0.7562109231948853,0.5740115642547607,0.1821993589401245,3
U01259,G01095,¿quién escuchó?,¿den lauk'tulli?,¿den lamapu'lli?,U00705,G00591,hard,0.8934178948402405,0.7819781303405762,0.1114397644996643,2
U01259,G01095,¿quién escuchó?,¿den lauk'tulli?,¿den inllipu'iteklatulli?,U00963,G00829,medium,0.8934178948402405,0.7110487818717957,0.18236911296844482,3
U02680,G02455,será mejor que nos apropiemos de estos peces.,a'pimuchun kenmu'wa'ki ñii asu' samer.,ta'wanchinpu'ek asu'lupa namasu' la'la' lu'nkawasu'.,U02316,G02091,hard,0.6590340733528137,0.5337740182876587,0.12526005506515503,2
U02680,G02455,será mejor que nos apropiemos de estos peces.,a'pimuchun kenmu'wa'ki ñii asu' samer.,nanalupa' uk'anna' asu' utapakellinerkenmu'wa'.,U03115,G02890,medium,0.6590340733528137,0.5067118406295776,0.15232223272323608,4
U01531,G01344,¡qué listo!,¡dakuti'ñi!,¡sek'tek'lliu!,U01370,G01195,hard,0.47276008129119873,0.4167941212654114,0.055965960025787354,44
U02947,G02722,"entonces de verdad cuando llegó (el duende) pelearon, pelearon mucho rato.","nanek ima ipa'linchi ma'i... nanek tekkinchi uksik idenmallini'ma, enpu'nipi'ma idenmallina'.","ipa'linchi nawa' ektu'na' palenñantullina', puñañin llisantullina'.",U02516,G02291,hard,0.6669666767120361,0.6040606498718262,0.06290602684020996,2
U02947,G02722,"entonces de verdad cuando llegó (el duende) pelearon, pelearon mucho rato.","nanek ima ipa'linchi ma'i... nanek tekkinchi uksik idenmallini'ma, enpu'nipi'ma idenmallina'.","tanni'ma di'ser'itullina' tanpu'nen, pideknen.",U02683,G02458,medium,0.6669666767120361,0.48700499534606934,0.1799616813659668,10
U02175,G01955,estábamos hablando.,lumpawiñidek,lamapu'llina',U01541,G01353,hard,0.5916258096694946,0.5397077202796936,0.051918089389801025,6
U02175,G01955,estábamos hablando.,lumpawiñidek,yamerlek'wa',U00685,G00573,medium,0.5916258096694946,0.4387838542461395,0.1528419554233551,29
U01418,G01238,dormí mucho.,nakusu' wichilek,nakusu' weranek,U01709,G01512,hard,0.7255228161811829,0.6199604272842407,0.10556238889694214,2
U01418,G01238,dormí mucho.,nakusu' wichilek,wicha'pawinek,U01754,G01556,medium,0.7255228161811829,0.5625624060630798,0.16296041011810303,3
U00786,G00663,lo extrañaba.,lu'wanwinek,yawelliekwinek,U02030,G01814,hard,0.7404037714004517,0.6622328758239746,0.07817089557647705,2
U00786,G00663,lo extrañaba.,lu'wanwinek,inlu'uktuwinek,U01425,G01245,medium,0.7404037714004517,0.5876935720443726,0.1527101993560791,7
U00030,G00025,mentí.,tumu'lek,tumu'tuleklek,U01411,G01232,hard,0.8154119253158569,0.7524198293685913,0.06299209594726562,2
U00030,G00025,mentí.,tumu'lek,lli'dek'lek,U01780,G01579,medium,0.8154119253158569,0.6326615810394287,0.18275034427642822,5
U00986,G00850,¿eres sordo?,¿luuktek' nukama?,¿ñinchitulusa' nuka'mama'?,U02220,G01997,hard,0.6607211232185364,0.5899245738983154,0.07079654932022095,3
U00986,G00850,¿eres sordo?,¿luuktek' nukama?,¿luwer'chapallien?,U01342,G01170,medium,0.6607211232185364,0.500033974647522,0.1606871485710144,25
U02776,G02551,"besándose las manos, lloraban.","inmusha'iteklatanna', wellekllina'.","wadeklek, susullina'.",U02266,G02041,hard,0.7716358304023743,0.6457638740539551,0.1258719563484192,2
U02776,G02551,"besándose las manos, lloraban.","inmusha'iteklatanna', wellekllina'.","piper'unkellu', pipelladasu'.",U02736,G02511,medium,0.7716358304023743,0.5814553499221802,0.1901804804801941,3
U01720,G01523,me arrestaron.,pilli'tulliner'ku',enka'lliner'ku,U00322,G00257,hard,0.7842073440551758,0.7226178646087646,0.06158947944641113,2
U01720,G01523,me arrestaron.,pilli'tulliner'ku',iker'lalak aku'llinerku,U01779,G01578,medium,0.7842073440551758,0.6081322431564331,0.17607510089874268,8
U02498,G02273,por eso ahora estoy aquí.,ipa'la nu'amu asek ñapalek.,ipa'linchi katennek.,U02356,G02131,hard,0.8578284978866577,0.716154932975769,0.14167356491088867,2
U02498,G02273,por eso ahora estoy aquí.,ipa'la nu'amu asek ñapalek.,ipa'la'ka enpi'pu'sha dekkunchi'nchek.,U02472,G02247,medium,0.8578284978866577,0.7077383995056152,0.15009009838104248,3
U02298,G02073,ya que a mis hijos no les enseñé.,wilaweklusa'pa' ma'sha a'lekdek'i'nek.,kua usha'wanek a'lek'inpu'dek'amu wilaweklusa'.,U02303,G02078,hard,0.8279680013656616,0.7019997835159302,0.12596821784973145,2
U02298,G02073,ya que a mis hijos no les enseñé.,wilaweklusa'pa' ma'sha a'lekdek'i'nek.,ñi wilanwanpa'tamu ñi'nek.,U02436,G02211,medium,0.8279680013656616,0.6760889291763306,0.15187907218933105,3
U01359,G01186,espera ahí.,nanek watenker',adipi wantenter',U01230,G01069,hard,0.7648512125015259,0.6649186611175537,0.09993255138397217,5
U01359,G01186,espera ahí.,nanek watenker',aku'ku' nanek,U01164,G01015,medium,0.7648512125015259,0.5708121061325073,0.19403910636901855,9
U01360,G01186,espere allí.,nanek watenker',adipi wantenter',U01230,G01069,hard,0.765166163444519,0.654494047164917,0.11067211627960205,5
U01360,G01186,espere allí.,nanek watenker',wa'tenker' a'mercha.,U00466,G00381,medium,0.765166163444519,0.5985240340232849,0.16664212942123413,9
U00020,G00017,¡al ataque!,¡paku' llipu'tudek'kunku'!,¡ipia'lasha!,U00072,G00054,hard,0.5930514931678772,0.5356228351593018,0.05742865800857544,7
U00020,G00017,¡al ataque!,¡paku' llipu'tudek'kunku'!,¡iyasu' lanelliek!,U01793,G01592,medium,0.5930514931678772,0.44010794162750244,0.15294355154037476,31
U01237,G01076,almorzamos.,ikinek'uklli werañidek,nakusu' ullidek,U01881,G01675,hard,0.6157560348510742,0.5649005174636841,0.05085551738739014,3
U01237,G01076,almorzamos.,ikinek'uklli werañidek,lansa'pallidek,U01582,G01393,medium,0.6157560348510742,0.46567755937576294,0.15007847547531128,22
U01865,G01659,atacarán.,panper'echuna',pilli'tullina',U01842,G01637,hard,0.7065524458885193,0.5962302088737488,0.11032223701477051,3
U01865,G01659,atacarán.,panper'echuna',nawa panper'chechuna',U01866,G01660,medium,0.7065524458885193,0.5510103702545166,0.15554207563400269,5
U00650,G00542,tomás bailó.,chuma lansa'lli,tomas tumu'palli,U00256,G00203,hard,0.8135219812393188,0.6743699312210083,0.13915205001831055,2
U00650,G00542,tomás bailó.,chuma lansa'lli,chuma peklu'tulli,U00663,G00553,medium,0.8135219812393188,0.6520032286643982,0.16151875257492065,3
U00566,G00470,¡tengo sueño!,¡yawichi'lek!,¡a'ñapalek!,U00023,G00019,hard,0.7012217044830322,0.6116961240768433,0.08952558040618896,2
U00566,G00470,¡tengo sueño!,¡yawichi'lek!,¡latek'i'nek!,U01848,G01643,medium,0.7012217044830322,0.5422965884208679,0.1589251160621643,4
U00616,G00512,reemplázalo.,a'pawilek'ker',a'kawiter',U01946,G01736,hard,0.6283677816390991,0.5218619704246521,0.10650581121444702,4
U00616,G00512,reemplázalo.,a'pawilek'ker',pinaner'ker',U00350,G00281,medium,0.6283677816390991,0.477213978767395,0.1511538028717041,9
U01064,G00923,me corto.,indei'techek,a'sakek'u,U00169,G00127,hard,0.6160866022109985,0.5642074346542358,0.051879167556762695,17
U01064,G00923,me corto.,indei'techek,ta'itula'lek,U00033,G00028,medium,0.6160866022109985,0.458604097366333,0.15748250484466553,35
U02861,G02636,tal vez los que primero están abriendo trocha lleguen hasta moyobamba dijo el otro viejo.,nanentu saka'tulusui'pa' muyunpak walek ektui'nchuna' tullima ali'la taserpi.,nawa' ñinanlu'nenna' a'llupitununtekchuna' itullima tanpen muda'.,U02734,G02509,hard,0.552276611328125,0.4616868197917938,0.09058979153633118,2
U02861,G02636,tal vez los que primero están abriendo trocha lleguen hasta moyobamba dijo el otro viejo.,nanentu saka'tulusui'pa' muyunpak walek ektui'nchuna' tullima ali'la taserpi.,enta' wintununterkenma' u'ñishata'la nana ishpaña la'la' lunlusi'mi'na' pipekpi wekllina' muyunpeklan asu' shiwiluk.,U03125,G02900,medium,0.552276611328125,0.39615604281425476,0.15612056851387024,6
U01966,G01755,¿me extrañaste?,¿lu'wan'nun?,¿luwantulun?,U01679,G01484,hard,0.6634436845779419,0.589211642742157,0.07423204183578491,3
U01966,G01755,¿me extrañaste?,¿lu'wan'nun?,¿naektu'kellia?,U00718,G00602,medium,0.6634436845779419,0.5119265913963318,0.1515170931816101,6
U00683,G00571,podemos ganar.,yennitulekwa' kana'tak,yennitulek'wa' katu'pa'a'kik,U02160,G01940,hard,0.7140842080116272,0.6053658723831177,0.10871833562850952,7
U00683,G00571,podemos ganar.,yennitulekwa' kana'tak,yennitula' uk'a'mak,U01268,G01103,medium,0.7140842080116272,0.5572178363800049,0.15686637163162231,11
U02906,G02681,"como después de tres días no aparecieron, el gobernante convocó al pueblo.","kala ukllima lli'chinpu'a'ser, wa'an peklu'deklli ñinanlu' nanapu'si'la.","nanek ima ala'sa' taserpi yunsa'n tulli, iteklanen ima usañin musenkek aku'n tulli.",U02845,G02620,hard,0.5074381232261658,0.4443720877170563,0.0630660355091095,5
U02906,G02681,"como después de tres días no aparecieron, el gobernante convocó al pueblo.","kala ukllima lli'chinpu'a'ser, wa'an peklu'deklli ñinanlu' nanapu'si'la.",nana ali'lima tulli kui'na ñinchitulek nana mutupik nanpipalli llumallun13'.,U03161,G02936,medium,0.5074381232261658,0.35451921820640564,0.15291890501976013,19
U01557,G01369,tom cocinará.,tom akusute'chu,tom pa'echu,U00441,G00358,hard,0.6818273067474365,0.6255964040756226,0.056230902671813965,6
U01557,G01369,tom cocinará.,tom akusute'chu,tom lauktapalli,U00915,G00785,medium,0.6818273067474365,0.5118021368980408,0.17002516984939575,14
U00797,G00674,quiero eso.,nana luwantulek,luwantudek'lek,U00790,G00667,medium,0.7959477305412292,0.5895542502403259,0.20639348030090332,4
U02633,G02408,"no conocían el tucunaré,","ñi luwetchi'ñina' asu' tukuner,","ñinchilli'anna' kerka'ña,",U02806,G02581,hard,0.7508389949798584,0.6734179854393005,0.07742100954055786,5
U02633,G02408,"no conocían el tucunaré,","ñi luwetchi'ñina' asu' tukuner,",luwetchi'ñina' asu' kupin samellusa':,U02783,G02558,medium,0.7508389949798584,0.5797909498214722,0.17104804515838623,13
U02036,G01820,estaría agradecido.,yuspeine'pi ñapina'ka,musu' ñape'chu,U01290,G01121,hard,0.6726211309432983,0.6210567951202393,0.05156433582305908,3
U02036,G01820,estaría agradecido.,yuspeine'pi ñapina'ka,¡yuspeinet'echun!,U00046,G00735,medium,0.6726211309432983,0.5224688649177551,0.1501522660255432,8
U00703,G00589,¿qué pasa?,¿mapu'la?,¿enpi'ta'wantulli?,U02191,G01971,hard,0.6308866739273071,0.5736941695213318,0.05719250440597534,9
U00703,G00589,¿qué pasa?,¿mapu'la?,"¿ma'itetchuncha?, pidir tullima.",U03179,G02954,medium,0.6308866739273071,0.47624918818473816,0.15463748574256897,20
U01088,G00947,fui enmarcado.,a'apitulliner'ku,enka'lliner'ku,U00322,G00257,hard,0.6997458934783936,0.6053219437599182,0.09442394971847534,2
U01088,G00947,fui enmarcado.,a'apitulliner'ku,iker'lalak aku'llinerku,U01779,G01578,medium,0.6997458934783936,0.5447313189506531,0.15501457452774048,11
U00161,G00119,diviértanse.,sakek'ku',a'sanek'ker',U01017,G00879,hard,0.669526219367981,0.6054399609565735,0.06408625841140747,2
U00161,G00119,diviértanse.,sakek'ku',kawiter',U01011,G00874,medium,0.669526219367981,0.5149024724960327,0.15462374687194824,10
U02185,G01965,tenemos esos.,nanadaper a'ñapallidek,a'ñapalekwa' asu',U01898,G01692,hard,0.7089311480522156,0.6140497922897339,0.09488135576248169,2
U02185,G01965,tenemos esos.,nanadaper a'ñapallidek,a'ñapallidek ma'nen'un'ta' nu'tak,U01570,G01381,medium,0.7089311480522156,0.543908417224884,0.16502273082733154,4
U01466,G01284,¿es popular?,¿luwer'pia'cha?,¿shilun a'cha?,U00571,G00475,hard,0.5673609972000122,0.5129889845848083,0.05437201261520386,10
U01466,G01284,¿es popular?,¿luwer'pia'cha?,¿luuktek' nukama?,U00986,G00850,medium,0.5673609972000122,0.41233834624290466,0.15502265095710754,27
U00170,G00128,¡date prisa!,¡wiuker'!,¡ta'tu'la'ku!,U00594,G00494,hard,0.5895999073982239,0.5332135558128357,0.056386351585388184,23
U02503,G02278,acá no tengo ningún familiar.,asek kua patun a'ñinekta'la.,ipa'la nu'amu asek ñapalek.,U02498,G02273,hard,0.6791018843650818,0.5350522994995117,0.14404958486557007,3
U02503,G02278,acá no tengo ningún familiar.,asek kua patun a'ñinekta'la.,nana malek asu' penweklek penwei'nchuma'.,U02616,G02391,medium,0.6791018843650818,0.49858176708221436,0.18052011728286743,4
U02753,G02528,"todas las temporadas de lluvias inunda,","iñer u'lan'ukllik wisunanpalli,","iñerdaper yu'nkellapilli,",U02744,G02519,hard,0.7760377526283264,0.6724088191986084,0.10362893342971802,4
U02753,G02528,"todas las temporadas de lluvias inunda,","iñer u'lan'ukllik wisunanpalli,","ma'sha tullima ala'sa' taserpi,",U02623,G02398,medium,0.7760377526283264,0.6132763624191284,0.162761390209198,9
U03025,G02800,"nadie lo ve, no se deja que lo vean, así.","ñidenler lli'api'ñi, yaya'nlli'chi'ñi, nu'su'.","ñi nana wa'dantek pektawapi'ñi, ñi laman pektawapi'ñi, ñi ma'nen nanadaper.",U02624,G02399,medium,0.7420753836631775,0.5618804097175598,0.18019497394561768,2
U00384,G00313,déjame entrar.,ta'itula'u yada'lek,ta'itula'u pa'ak,U01144,G00997,hard,0.7756707072257996,0.7180868983268738,0.05758380889892578,6
U00384,G00313,déjame entrar.,ta'itula'u yada'lek,taitula'u katu'pe'chen,U00849,G00725,medium,0.7756707072257996,0.6241306066513062,0.1515401005744934,17
U00385,G00313,déjeme entrar.,ta'itula'u yada'lek,ta'itula'u ata'wantak,U01494,G01311,hard,0.743529200553894,0.6932988166809082,0.05023038387298584,7
U00385,G00313,déjeme entrar.,ta'itula'u yada'lek,taitula'u katu'pe'chen,U00849,G00725,medium,0.743529200553894,0.5900286436080933,0.15350055694580078,18
U01747,G01549,quiero jugar.,yaintekllitulek,yasaka'tulek,U01751,G01553,hard,0.664907693862915,0.6088271737098694,0.056080520153045654,3
U01747,G01549,quiero jugar.,yaintekllitulek,yayunsu'lek,U01748,G01550,medium,0.664907693862915,0.5104373693466187,0.1544703245162964,12
U02794,G02569,¿por qué se portan así? nos decían.,¿ma'ki'na kenmama' u'lama'? itullinerkudek.,- ¿ma'dek a'cha asu'? itullini'mi'na'.,U02598,G02373,hard,0.7073017954826355,0.6514835953712463,0.05581820011138916,2
U02794,G02569,¿por qué se portan así? nos decían.,¿ma'ki'na kenmama' u'lama'? itullinerkudek.,"adencha'n ima wa'an lekllina' -adanpilencha'llidek kuda, ¿luwandetchuma' a'cha? regresando le pidieron al gobernante -nosotros estamos volviendo,",U03087,G02862,medium,0.7073017954826355,0.5571468472480774,0.1501549482345581,8
U03118,G02893,ellos ahora nos estan enseñando el castellano.,nawa' ipa'la asu' kaschilla la'la' a'lek'apallinerkudek.,ipa'la walek kuda laukta'kudeksu' ñinchitapallidek.,U02802,G02577,hard,0.7133156061172485,0.5668612718582153,0.1464543342590332,2
U03118,G02893,ellos ahora nos estan enseñando el castellano.,nawa' ipa'la asu' kaschilla la'la' a'lek'apallinerkudek.,ipa'la asu' shaya'lusa' inllinsellina' asu' ladanenna'.,U03013,G02788,medium,0.7133156061172485,0.5594266653060913,0.15388894081115723,3
U01207,G01048,son rápidos.,wiuksu'lusa' nuker'ka,i'inlusa' nuker'ka,U02143,G01923,hard,0.592771053314209,0.530960202217102,0.061810851097106934,11
U01207,G01048,son rápidos.,wiuksu'lusa' nuker'ka,sha'pi'su'sa' ñapallina,U02126,G01906,medium,0.592771053314209,0.4409707486629486,0.15180030465126038,15
U02632,G02407,"pero dice que no conocían el acarahuasú,","ñimi'na luwetchi'ñina' iker'adu,","ñi luwanchi'ñina',",U02327,G02102,hard,0.6955587267875671,0.6141240000724792,0.08143472671508789,4
U02632,G02407,"pero dice que no conocían el acarahuasú,","ñimi'na luwetchi'ñina' iker'adu,","nu'an imaka samellusa' yu'nketllina',",U02718,G02493,medium,0.6955587267875671,0.5227776765823364,0.1727810502052307,12
U01949,G01739,¿pueden vernos?,¿yennitullina lli'er'kenmuak?,¿yennitula lauk'a'mudek?,U01953,G01743,hard,0.7561502456665039,0.66034334897995,0.09580689668655396,2
U01949,G01739,¿pueden vernos?,¿yennitullina lli'er'kenmuak?,¿yennitula ek'ker'cha'mak?,U01956,G01746,medium,0.7561502456665039,0.5925210118293762,0.16362923383712769,6
U02695,G02470,después poniéndose de pie dijo:,nu'an ima waneran tulli:,"nanima pennu'pilenchan, unchan itudeklli:",U02520,G02295,hard,0.6366429328918457,0.580390453338623,0.056252479553222656,9
U02695,G02470,después poniéndose de pie dijo:,nu'an ima waneran tulli:,"kundetchek enñi,",U02713,G02488,medium,0.6366429328918457,0.4857686758041382,0.15087425708770752,18
U01126,G00979,me toca. (tocar),pata'lliu,kana'lliu,U01802,G01599,hard,0.736153781414032,0.6473696827888489,0.0887840986251831,2
U01126,G00979,me toca. (tocar),pata'lliu,a'uktu'u,U02113,G01894,medium,0.736153781414032,0.5756781101226807,0.16047567129135132,5
U01764,G01567,te llamaré.,peklue'chen,peclu'echek,U01436,G01256,hard,0.7337895035743713,0.6596888303756714,0.07410067319869995,3
U01764,G01567,te llamaré.,peklue'chen,panuerken,U02045,G01828,medium,0.7337895035743713,0.5803549289703369,0.15343457460403442,7
U01767,G01567,te invitaré.,peklue'chen,panuerken,U02044,G01828,hard,0.766349196434021,0.66545170545578,0.10089749097824097,3
U01767,G01567,te invitaré.,peklue'chen,alli'echen,U01442,G01260,medium,0.766349196434021,0.6060316562652588,0.1603175401687622,9
U01698,G01501,la increpó.,yutulli,lliaka'uk enka'lina,U02115,G01896,hard,0.6690078973770142,0.6138094067573547,0.055198490619659424,4
U01698,G01501,la increpó.,yutulli,apinta'a'tekalli,U01694,G01497,medium,0.6690078973770142,0.518720805644989,0.15028709173202515,18
U01462,G01280,soy sensible.,manenpita' ikerchulek,lli'inutapalek,U00541,G00447,hard,0.6256448030471802,0.5700244903564453,0.05562031269073486,11
U01462,G01280,soy sensible.,manenpita' ikerchulek,umilu'lada' nuka'ka,U02054,G01837,medium,0.6256448030471802,0.4748889207839966,0.1507558822631836,31
U03087,G02862,¿nos van a querer?,"adencha'n ima wa'an lekllina' -adanpilencha'llidek kuda, ¿luwandetchuma' a'cha? regresando le pidieron al gobernante -nosotros estamos volviendo,",¿a'ta'wantulekwa'?,U00715,G01724,hard,0.5735833644866943,0.45503154397010803,0.1185518205165863,4
U03087,G02862,¿nos van a querer?,"adencha'n ima wa'an lekllina' -adanpilencha'llidek kuda, ¿luwandetchuma' a'cha? regresando le pidieron al gobernante -nosotros estamos volviendo,",kuda wa'tentulidek,U00449,G00365,medium,0.5735833644866943,0.42357519268989563,0.1500081717967987,11
U02672,G02447,a arákayu le habló el gobernante.,arakayu ima luntulli wa'anler.,lawinñini'ma arakayu.,U02656,G02431,hard,0.7817447185516357,0.7089012265205383,0.07284349203109741,2
U02672,G02447,a arákayu le habló el gobernante.,arakayu ima luntulli wa'anler.,nana mukankinpu'lalusa'ler arakayu pideknen di'setchullina'.,U02788,G02563,medium,0.7817447185516357,0.629302978515625,0.15244174003601074,15
U01534,G01346,es simple.,saka'dek'inpu',nu'su' nuka'a,U01191,G01034,hard,0.6600333452224731,0.5257612466812134,0.13427209854125977,2
U01534,G01346,es simple.,saka'dek'inpu',ma'kinpu' nuka'a,U00847,G00723,medium,0.6600333452224731,0.5081788301467896,0.1518545150756836,4
U02942,G02717,dice que de verdad la tierra tembló (debido a que el duende venía).,nanek ima tekkinchi lupa' lenmeklli.,pa'an ima lli'kuñi pilenñantapalli.,U02874,G02649,hard,0.6515037417411804,0.5898959636688232,0.06160777807235718,2
U02942,G02717,dice que de verdad la tierra tembló (debido a que el duende venía).,nanek ima tekkinchi lupa' lenmeklli.,nana lantekpi dekkuntulli.,U02460,G02235,medium,0.6515037417411804,0.49625226855278015,0.15525147318840027,8
U02353,G02128,ahí nomás se endulza con azúcar.,nanekpi'la a'kasetllek asukallek.,inyek ipa'linchi peksanek.,U02347,G02122,hard,0.6643780469894409,0.5768858790397644,0.08749216794967651,2
U02353,G02128,ahí nomás se endulza con azúcar.,nanekpi'la a'kasetllek asukallek.,ipa'linchi ukdinu'ta'kasu'lek a'kasetllek.,U02381,G02156,medium,0.6643780469894409,0.51035475730896,0.15402328968048096,6
U00936,G00804,te extrañamos.,lu'wanñiden,a'chiyek'echiden,U01891,G01685,hard,0.629959225654602,0.554390549659729,0.07556867599487305,2
U00936,G00804,te extrañamos.,lu'wanñiden,luwantulliden,U00937,G00805,medium,0.629959225654602,0.47782832384109497,0.15213090181350708,6
U00138,G00099,sé fuerte.,nantapitek' ñiker',ñapaker' kawik,U00627,G00522,hard,0.6955834627151489,0.5952039957046509,0.10037946701049805,3
U00138,G00099,sé fuerte.,nantapitek' ñiker',yan'katek'ter',U00081,G00609,medium,0.6955834627151489,0.5237265229225159,0.17185693979263306,4
U02731,G02506,"los de mal corazón que se quemen bien,","mukankinpu'lusa' uksu'ketchina',","tanpen mudei'ma shipen,",U02735,G02510,medium,0.8300511837005615,0.679272472858429,0.15077871084213257,2
U02774,G02549,dijeron los viejos finados también con pena.,tullina' taserpiku'lusa'.,enpinantekllina' sennanlusa'.,U02746,G02521,hard,0.6129354238510132,0.5265863537788391,0.08634907007217407,4
U02774,G02549,dijeron los viejos finados también con pena.,tullina' taserpiku'lusa'.,wala'wanlusa'ler pa'an samenñenna' siwetchudek'an,U02528,G02303,medium,0.6129354238510132,0.4569043219089508,0.15603110194206238,20
U01875,G01669,tom recordó.,tom lli'inutulli,tom lli'tulli,U00660,G00550,hard,0.7569842338562012,0.685230016708374,0.07175421714782715,2
U01875,G01669,tom recordó.,tom lli'inutulli,tom malla'lli,U00665,G00555,medium,0.7569842338562012,0.5922156572341919,0.16476857662200928,12
U01823,G01619,continuemos.,tupitawa',tupi'tu'udek,U00303,G00242,hard,0.729744553565979,0.6730024218559265,0.05674213171005249,9
U01823,G01619,continuemos.,tupitawa',saka'taterwa',U00695,G00582,medium,0.729744553565979,0.57918781042099,0.150556743144989,22
U00522,G00433,como aquí.,mapu'sina asek',saka'tapallek asek,U00806,G00682,hard,0.6877907514572144,0.5820114612579346,0.10577929019927979,2
U00522,G00433,como aquí.,mapu'sina asek',kencher' asek,U01325,G01154,medium,0.6877907514572144,0.5359865427017212,0.15180420875549316,6
U01380,G01205,¿cuántos murieron?,¿enpu'dun chimiñina'?,¿napi'lanlek a'ta' na'wa' saka'tukellina'?.,U03142,G02917,medium,0.683139443397522,0.4488213062286377,0.23431813716888428,2
U00453,G00369,¿qué hay?,¿ma'nen ñapalli?,¿ma'nen'a'cha nakulli?,U01599,G01410,hard,0.7852497696876526,0.6513690948486328,0.13388067483901978,3
U00453,G00369,¿qué hay?,¿ma'nen ñapalli?,¿ma'pu'sin?,U01379,G01204,medium,0.7852497696876526,0.6240574717521667,0.16119229793548584,4
U00942,G00810,compartiremos.,a'nañiechidek,kuda a'nañiechidek,U00941,G00809,hard,0.6405117511749268,0.552017092704773,0.08849465847015381,3
U00942,G00810,compartiremos.,a'nañiechidek,yennichi'nek'wa',U01247,G01084,medium,0.6405117511749268,0.4898487329483032,0.15066301822662354,10
U02139,G01919,les gustará.,iyatechuna',lli'tullina' musu',U02133,G01913,hard,0.5536722540855408,0.4972965121269226,0.056375741958618164,8
U02139,G01919,les gustará.,iyatechuna',peklue'chen,U01767,G01567,medium,0.5536722540855408,0.39162740111351013,0.16204485297203064,21
U02607,G02382,tengo abundante. vengan a conocer.,- a'ñapalek wapu'. enchu luwetchukerku'.,enta' winterkenma'. ¡lawekku'!,U03055,G02830,medium,0.7830221056938171,0.5027180314064026,0.28030407428741455,2
U02740,G02515,"¡gobernante, vamos a hacer pesca con barbasco!","- ¡wa'an, enchuku' pur'awa'!",¡ma'allimi'na enpi' uklli llinserpi namasu' lunpa'kawa'su' ektu'nchinaa!,U03048,G02823,hard,0.6592504382133484,0.5530153512954712,0.1062350869178772,2
U02740,G02515,"¡gobernante, vamos a hacer pesca con barbasco!","- ¡wa'an, enchuku' pur'awa'!","adanda'nni'ma, nana katu'pa'chinpu'lusa' itudeklli ¡enchuku' di'tudekawa' asu' katu'pa'chinpu'lusa'!",U03082,G02857,medium,0.6592504382133484,0.4672105312347412,0.19203990697860718,4
U02306,G02081,"todo lo que sabemos de los antiguos,","iñer ñinchita'kudeksu' napi'ku'lusa'ki,","enpu'nipa' kenmu'wa' samerwanpanansu'wa',",U02766,G02541,hard,0.7006190419197083,0.6372324228286743,0.06338661909103394,4
U02306,G02081,"todo lo que sabemos de los antiguos,","iñer ñinchita'kudeksu' napi'ku'lusa'ki,","aner yatek kuatama',",U02639,G02414,medium,0.7006190419197083,0.5484009385108948,0.15221810340881348,12
U01642,G01452,estás tratando.,yanu'tapala,saka'tapawina,U01625,G01436,hard,0.5865217447280884,0.5191857814788818,0.06733596324920654,8
U01642,G01452,estás tratando.,yanu'tapala,tasellun ñapala,U00713,G00599,medium,0.5865217447280884,0.43597474694252014,0.15054699778556824,23
U01290,G01121,estarás bien.,musu' ñape'chu,nu'chin'chu,U01628,G01439,hard,0.7778533101081848,0.6442673206329346,0.13358598947525024,2
U01290,G01121,estarás bien.,musu' ñape'chu,musu' sek'kaperechuner'ken,U01344,G01172,medium,0.7778533101081848,0.6257570385932922,0.15209627151489258,4
U01784,G01583,¿está dormido?,¿wichisu'a'cha?,¿neriapalli?,U02063,G01846,hard,0.76125168800354,0.7004929184913635,0.060758769512176514,3
U01784,G01583,¿está dormido?,¿wichisu'a'cha?,¿sulliman wanpalli?,U02065,G01848,medium,0.76125168800354,0.599669337272644,0.161582350730896,7
U00469,G00384,trae vino.,kencher' vinu',kerlliek vinu',U01712,G01515,medium,0.810627281665802,0.6307986378669739,0.17982864379882812,2
U00950,G00818,¡qué burro!,¡ma'nen ñinchichi'na!,¡embu'ni luwer'chi'ñi!,U00955,G00822,hard,0.5684990286827087,0.5101873278617859,0.05831170082092285,19
U00950,G00818,¡qué burro!,¡ma'nen ñinchichi'na!,aner yawellektama'!,U02640,G02415,medium,0.5684990286827087,0.4159298837184906,0.15256914496421814,41
U00951,G00818,¡qué imbécil!,¡ma'nen ñinchichi'na!,¡enpu'ni aperpipa'!,U01054,G00914,hard,0.6251640915870667,0.5721091628074646,0.05305492877960205,17
U00951,G00818,¡qué imbécil!,¡ma'nen ñinchichi'na!,¡wiuku' wilalunlusa!,U01998,G01784,medium,0.6251640915870667,0.46887943148612976,0.1562846601009369,31
U00774,G00651,como fruta.,ka'apalek wayupi,ka'apalek tanta',U00773,G00650,hard,0.5681211352348328,0.42165037989616394,0.14647075533866882,2
U00774,G00651,como fruta.,ka'apalek wayupi,pinanerchek'ku nukaka,U01454,G01272,medium,0.5681211352348328,0.4148899018764496,0.15323123335838318,3
U01170,G01020,¡avergüénzate!,¡dakuta'ker'!,¡nanpiker'!,U00119,G00085,hard,0.6791130304336548,0.6047500967979431,0.07436293363571167,3
U01170,G01020,¡avergüénzate!,¡dakuta'ker'!,¡yailantuta!,U00742,G00622,medium,0.6791130304336548,0.5287930369377136,0.15031999349594116,15
U02321,G02096,"muchachas, no saben pues esta lengua nuestra,","wilalunlusa', ñi ñinchichi'ñina' namasu' la'la'mapu'wa',","wilalusa' luwetchi'ñina' unma',",U02780,G02555,medium,0.7950785160064697,0.5682805776596069,0.2267979383468628,2
U02485,G02260,yendo al monte mi padre baleaba (animales).,tanak pa'an tatawek ilantulli.,nanek wadekllun awawek shiwiluk.,U02475,G02250,hard,0.6176053881645203,0.5349032282829285,0.0827021598815918,7
U02485,G02260,yendo al monte mi padre baleaba (animales).,tanak pa'an tatawek ilantulli.,"iskun duker a'ña'seku awawek chiminlapillun, amishawek teksusullun.",U02254,G02029,medium,0.6176053881645203,0.45172420144081116,0.1658811867237091,15
U01681,G01486,¿duele esto?,¿ikerlli asu'?,¿yalansa'lli?,U01840,G01635,medium,0.7356453537940979,0.569701611995697,0.16594374179840088,2
U01243,G01081,dormimos demasiado.,nakusu' wichi'llidek,nakusu' ullidek,U01881,G01675,hard,0.7215771079063416,0.6542496085166931,0.06732749938964844,2
U01243,G01081,dormimos demasiado.,nakusu' wichi'llidek,lupersu' ñapawiñidek,U01577,G01388,medium,0.7215771079063416,0.5279247760772705,0.19365233182907104,4
U02565,G02340,de esa manera quizá los antiguos perecieron.,nu'si'pa' papinkuku'lusa' taketllina'.,ma'ata'na katu'ta'shadaper ku'tinweklusa'.,U02440,G02215,hard,0.6386258602142334,0.583067774772644,0.055558085441589355,2
U02565,G02340,de esa manera quizá los antiguos perecieron.,nu'si'pa' papinkuku'lusa' taketllina'.,adipi du'kunna' wa'inutullina'.,U02770,G02545,medium,0.6386258602142334,0.48325714468955994,0.15536871552467346,18
U02907,G02682,¿quiénes de ustedes quisieran ir (a buscar a los otros hombres)?,¿den ilanma' a'cha yapa'etchunma'?,kenma luwanta'masu'pu'su',U00719,G00603,hard,0.553221583366394,0.47944387793540955,0.0737777054309845,3
U02907,G02682,¿quiénes de ustedes quisieran ir (a buscar a los otros hombres)?,¿den ilanma' a'cha yapa'etchunma'?,¿den ata'wantulli?,U01258,G01094,medium,0.553221583366394,0.4017679691314697,0.15145361423492432,16
U00621,G00516,canta.,tuluner'ker',apu'ker',U00392,G00746,hard,0.7203353047370911,0.626680314540863,0.09365499019622803,2
U00621,G00516,canta.,tuluner'ker',lau'tuku',U00039,G00033,medium,0.7203353047370911,0.5663589239120483,0.15397638082504272,11
U02192,G01972,¿cuándo correrás?,¿enpi'teke'chu?,¿ma'pu'su' ta'wantechu?,U01996,G01782,medium,0.7234171628952026,0.5353677272796631,0.18804943561553955,3
U00545,G00451,sobreviví.,chiminllinkekla nampilek,nampilek,U00546,G00452,medium,0.7193887829780579,0.5169807076454163,0.2024080753326416,2
U00771,G00648,confesé.,lunnek,kanandeklek,U01071,G00930,hard,0.5967174768447876,0.545684278011322,0.051033198833465576,14
U00771,G00648,confesé.,lunnek,anu'lek,U00028,G00023,medium,0.5967174768447876,0.4452614188194275,0.1514560580253601,41
U01953,G01743,¿puedes oírnos?,¿yennitula lauk'a'mudek?,¿yennitula lauk'a'muk?,U01952,G01742,hard,0.844818651676178,0.7918056845664978,0.053012967109680176,2
U01953,G01743,¿puedes oírnos?,¿yennitula lauk'a'mudek?,¿yennitullina lli'er'kenmuak?,U01949,G01739,medium,0.844818651676178,0.6056966781616211,0.23912197351455688,3
U02204,G01981,puedes entrar.,yennitulada'a'mak,yen'nitulek teka'ak',U00318,G00254,hard,0.6470338702201843,0.581882119178772,0.06515175104141235,11
U02204,G01981,puedes entrar.,yennitulada'a'mak,¡yennitula nu'ta'mak!,U01611,G01422,medium,0.6470338702201843,0.4841441810131073,0.16288968920707703,21
U00571,G00475,¿es alto? (estatura - femenino),¿shilun a'cha?,¿shipen a'cha?,U00570,G00474,hard,0.6736305952072144,0.6201890110969543,0.05344158411026001,4
U00571,G00475,¿es alto? (estatura - femenino),¿shilun a'cha?,¿nana'cha?,U00580,G00482,medium,0.6736305952072144,0.5147123336791992,0.15891826152801514,19
U01925,G01716,estás enamorado.,yaku'aper'wana,kulliker'wanpala,U01267,G01102,hard,0.6413879990577698,0.5762213468551636,0.0651666522026062,5
U01925,G01716,estás enamorado.,yaku'aper'wana,musu' sek'kaperechuner'ken,U01344,G01172,medium,0.6413879990577698,0.48494577407836914,0.15644222497940063,18
U01781,G01580,¿es médico?,¿lulentuteken'a'cha?,¿mudinupallincha?,U01786,G01585,hard,0.6822140216827393,0.626988410949707,0.05522561073303223,6
U01781,G01580,¿es médico?,¿lulentuteken'a'cha?,¿shipen a'cha?,U00570,G00474,medium,0.6822140216827393,0.5284616947174072,0.15375232696533203,22
U00055,G00044,llámame.,peklu'u,wintu'u,U01355,G01182,hard,0.8296144008636475,0.7644418478012085,0.06517255306243896,2
U00055,G00044,llámame.,peklu'u,a'uktu'u,U02113,G01894,medium,0.8296144008636475,0.6590569019317627,0.17055749893188477,8
U01296,G01127,estás gordo.,weipensu' ñapala,watensu' nuka'ma,U01303,G01134,hard,0.6341814994812012,0.5560783743858337,0.07810312509536743,14
U01296,G01127,estás gordo.,weipensu' ñapala,wa'danpilapilun,U02201,G01978,medium,0.6341814994812012,0.48221760988235474,0.15196388959884644,21
U02243,G02018,ama cantar.,tantenñi tuluker'ak,tanluwatapalli,U00845,G00721,medium,0.6522115468978882,0.49080824851989746,0.16140329837799072,2
U00241,G00191,ella murió.,nana chimiñi,nana ikerlli,U00635,G00530,hard,0.597176730632782,0.5421380400657654,0.0550386905670166,14
U00241,G00191,ella murió.,nana chimiñi,saka'tulli,U00361,G00292,medium,0.597176730632782,0.446340948343277,0.150835782289505,34
U02372,G02147,entonces mientras se va masticando se va batiendo el líquido y se masca el afrecho (lo último de la yuca disuelta).,"ipa'linchi katentamupu'su' pitawitapalek, ka'latulek.",dasu'dekpilli yunsa'nnunta'lek ya'pi'dektak.,U02384,G02159,hard,0.6281728744506836,0.5019756555557251,0.1261972188949585,7
U02372,G02147,entonces mientras se va masticando se va batiendo el líquido y se masca el afrecho (lo último de la yuca disuelta).,"ipa'linchi katentamupu'su' pitawitapalek, ka'latulek.",- nanekla yunsanma' tekka'nta'ku' ala'sa' nala inner'apek walek.,U02543,G02318,medium,0.6281728744506836,0.46826305985450745,0.15990981459617615,9
U02527,G02302,"¡bótenlos, que se regresen! les dijeron.","¡dinsuludekku', adanti'na'! itudekllima.",¡enchuku' pa'awa'! nupullini'ma ñinanluklan.,U02658,G02433,hard,0.7260141372680664,0.6187947988510132,0.10721933841705322,4
U02527,G02302,"¡bótenlos, que se regresen! les dijeron.","¡dinsuludekku', adanti'na'! itudekllima.","- ¡nu'ku' nu'pachi kenmama', pur'unta'ku'!",U02741,G02516,medium,0.7260141372680664,0.5681567192077637,0.15785741806030273,7
U03010,G02785,"cuando ya pasaban veinte años ahora sí, vayan a su pueblo, les decían los viejos, este, los que tenían mal corazón.","katu' shunka' ekkilala ñisik ima ipa'a'ka panta'ku' ñinanlu'penmek, itudekllina' nana taserpiku'lusa', ma'i, mukankinpu'lusa'.","nanekla adenchenna' luncha'llina' nanalupa' dadapu muda' nanpipalli, kañellu'ladatusu, adawa'ladatusu.",U02990,G02765,hard,0.6063218116760254,0.5546889305114746,0.05163288116455078,3
U03010,G02785,"cuando ya pasaban veinte años ahora sí, vayan a su pueblo, les decían los viejos, este, los que tenían mal corazón.","katu' shunka' ekkilala ñisik ima ipa'a'ka panta'ku' ñinanlu'penmek, itudekllina' nana taserpiku'lusa', ma'i, mukankinpu'lusa'.","da'ilek, ipa'la tulekwa' mullin, nanekla nana'ka lli'akwa' kenmu'wa'nta' ipa'la enchekmapu'wa' dektuntulekwa', lunekwa' asu' kaschilla', tullina' papinkuku'lusa'.",U03015,G02790,medium,0.6063218116760254,0.4480583965778351,0.1582634150981903,12
U00460,G00376,¿estoy equivocada?,¿aper'suku a'cha?,¿wa'danpindek ñapala?,U00716,G00601,hard,0.5744765400886536,0.5155510306358337,0.058925509452819824,8
U00460,G00376,¿estoy equivocada?,¿aper'suku a'cha?,inapilante'ñapalek,U01101,G00960,medium,0.5744765400886536,0.4243530035018921,0.15012353658676147,38
U01874,G01668,tom canta.,tom tuluner'lli,tom yamerladalli,U00666,G00556,hard,0.7460085153579712,0.6652028560638428,0.08080565929412842,9
U01874,G01668,tom canta.,tom tuluner'lli,tom idenmalli,U00657,G00547,medium,0.7460085153579712,0.5804210305213928,0.16558748483657837,16
U00026,G00021,métete adentro.,da'ker' kinekla,aku'ker' kinekla,U00875,G00748,hard,0.7265840172767639,0.674781084060669,0.05180293321609497,3
U00026,G00021,métete adentro.,da'ker' kinekla,wek'ker' ipia'la,U01010,G00873,medium,0.7265840172767639,0.5760869383811951,0.15049707889556885,9
U00864,G00740,ahora ayúdame.,ipa'la katupa'u,ipa'la ta'itula'u'kudek,U01157,G01009,medium,0.8793565630912781,0.6383542418479919,0.24100232124328613,2
U01648,G01457,¿estás bromeando?,¿si'lentapala?,¿peklu'tula?,U00706,G00592,hard,0.6973313689231873,0.6388686299324036,0.05846273899078369,3
U01648,G01457,¿estás bromeando?,¿si'lentapala?,¿iya'tula?,U01961,G01751,medium,0.6973313689231873,0.5154671669006348,0.1818642020225525,13
U02466,G02241,su dueño dice le decía ¡tú vete yendo!,"wa'anler imi'na itulli ¡pa'apilanter, kenmá!",enpu'dun waranka ekkilaleipa' ñilli nana nu'su' ña'su'!,U02811,G02586,medium,0.5843254327774048,0.43025508522987366,0.15407034754753113,2
U01946,G01736,acércalo.,a'kawiter',aden'cher',U00290,G00230,hard,0.6870771646499634,0.6302559971809387,0.05682116746902466,15
U01946,G01736,acércalo.,a'kawiter',ekpa'ker' utila',U01030,G00891,medium,0.6870771646499634,0.5363612174987793,0.15071594715118408,42
U01395,G01219,yo contribuí.,kua katu'patulek,kua panwilek'te'chek',U00186,G00142,hard,0.733985960483551,0.6373124718666077,0.09667348861694336,2
U01395,G01219,yo contribuí.,kua katu'patulek,kua peklu'tulek,U00838,G00714,medium,0.733985960483551,0.5119489431381226,0.22203701734542847,5
U02704,G02479,sólo los bufeos salieron.,sapana'lusa'sa' pekpillina'.,nana sennanlusa' enñi.,U02755,G02530,hard,0.6401485800743103,0.5842899084091187,0.05585867166519165,4
U02704,G02479,sólo los bufeos salieron.,sapana'lusa'sa' pekpillina'.,enpinantekllina' sennanlusa'.,U02746,G02521,medium,0.6401485800743103,0.48955175280570984,0.15059682726860046,16
U00811,G00687,soy panadero.,tanta' nu'tutek nuka'ka,luanpi nuka'ka,U00343,G00275,hard,0.7572430968284607,0.7056663036346436,0.05157679319381714,7
U00811,G00687,soy panadero.,tanta' nu'tutek nuka'ka,mukankainpu' nuka'ka,U00205,G00158,medium,0.7572430968284607,0.6069161295890808,0.15032696723937988,24
U03185,G02960,"diciendo así, desde entonces, nosotros ahora estos nombres estamos llevando.","tusu'si'ma, naneklima, kenmu'wa' ipa'la nana llillin ekpa'palekwa'.",naneklima llia'lli asu' wa'dan panpateklu' ipa'la walek luwetchapalekwa'.,U03130,G02905,hard,0.724186897277832,0.654553234577179,0.06963366270065308,3
U03185,G02960,"diciendo así, desde entonces, nosotros ahora estos nombres estamos llevando.","tusu'si'ma, naneklima, kenmu'wa' ipa'la nana llillin ekpa'palekwa'.","nu'su' ipa'la ñaterwa', ñi kenmu'wa' ipa'la chu'kenapi'nterwa' iñer ñinanlu'.",U03091,G02866,medium,0.724186897277832,0.5511070489883423,0.17307984828948975,6
U01636,G01446,¿bromeas?,¿si'lentapala'?,¿wilawanpala'?,U02231,G02006,hard,0.5909001231193542,0.5373529195785522,0.053547203540802,9
U01636,G01446,¿bromeas?,¿si'lentapala'?,¿lli'inutapala?,U01974,G01763,medium,0.5909001231193542,0.4407004714012146,0.15019965171813965,36
U00667,G00557,tom ronca.,tom tukulu'palli,tom lamapu'lli,U00673,G00563,hard,0.8435513377189636,0.7677422165870667,0.07580912113189697,4
U00667,G00557,tom ronca.,tom tukulu'palli,tom lauktapalli,U00915,G00785,medium,0.8435513377189636,0.680067777633667,0.16348356008529663,9
U01115,G00971,estoy estudiando.,kerka' ñinchitapalek,saka'tapalek,U00034,G00029,hard,0.6634507775306702,0.5733134150505066,0.09013736248016357,4
U01115,G00971,estoy estudiando.,kerka' ñinchitapalek,werampalek,U00559,G00464,medium,0.6634507775306702,0.5090742707252502,0.15437650680541992,10
U01833,G01629,muévase ya.,lenme'ker' ipa,ma'pu'sin tuker',U00403,G00327,hard,0.6489121317863464,0.5420241951942444,0.10688793659210205,2
U01833,G01629,muévase ya.,lenme'ker' ipa,ma'shapin'ta ka'ker',U01352,G01179,medium,0.6489121317863464,0.4958297610282898,0.15308237075805664,5
U01755,G01557,estaba sudando.,ellia'pawinek,wa'latapawinek,U01753,G01555,hard,0.6041249632835388,0.5540243983268738,0.05010056495666504,2
U01755,G01557,estaba sudando.,ellia'pawinek,saka'tapawina,U01625,G01436,medium,0.6041249632835388,0.45232853293418884,0.15179643034934998,15
U02303,G02078,yo tengo la culpa de no haberles enseñado a mis hijos.,kua usha'wanek a'lek'inpu'dek'amu wilaweklusa'.,wilaweklusa'pa' ma'sha a'lekdek'i'nek.,U02298,G02073,hard,0.7237023711204529,0.6642135977745056,0.059488773345947266,2
U02303,G02078,yo tengo la culpa de no haberles enseñado a mis hijos.,kua usha'wanek a'lek'inpu'dek'amu wilaweklusa'.,willeklek wilaweklusa' chiketllapitapallinerku menmik.,U02426,G02201,medium,0.7237023711204529,0.556928277015686,0.16677409410476685,6
U00706,G00592,¿llamaste?,¿peklu'tula?,¿iya'tulama?,U01962,G01752,hard,0.7065259218215942,0.575018584728241,0.13150733709335327,2
U00706,G00592,¿llamaste?,¿peklu'tula?,¿iya'tula?,U01961,G01751,medium,0.7065259218215942,0.5516549944877625,0.1548709273338318,5
U01900,G01694,¿estabas allí?,¿nanek ñapawina?,¿kenmasa' ñapawina?,U01899,G01693,hard,0.7801568508148193,0.702875554561615,0.07728129625320435,3
U01900,G01694,¿estabas allí?,¿nanek ñapawina?,¿kenmashasa' ñapala?,U01309,G01140,medium,0.7801568508148193,0.6236370205879211,0.1565198302268982,8
U02921,G02696,vieron solamente los mosquiteros templados ahí.,lli'kuñina' chipetcheklusa'sa' pektentapa'ser nanek.,nana sakanlupi'mi'na lli'llina' pen mukatapa'su'.,U02872,G02647,hard,0.660636305809021,0.5439128875732422,0.11672341823577881,2
U02921,G02696,vieron solamente los mosquiteros templados ahí.,lli'kuñina' chipetcheklusa'sa' pektentapa'ser nanek.,tanna' purllina' napi'ku'lusa'.,U02801,G02576,medium,0.660636305809021,0.4979151785373688,0.16272112727165222,4
U01891,G01685,te salvaremos.,a'chiyek'echiden,ekte'chechu,U00155,G00114,hard,0.6331362128257751,0.49932485818862915,0.133811354637146,2
U01891,G01685,te salvaremos.,a'chiyek'echiden,dei'techen,U01440,G01259,medium,0.6331362128257751,0.48181387782096863,0.15132233500480652,5
U00112,G00079,cógelo.,maker',tu'neker',U00111,G00078,hard,0.5040770173072815,0.44891199469566345,0.05516502261161804,24
U00162,G00120,pásala bien.,musu'nakuker',lanerllien u'chimu,U01919,G01710,hard,0.7089912295341492,0.6370815634727478,0.07190966606140137,4
U00162,G00120,pásala bien.,musu'nakuker',mukankan ñiker',U00053,G00043,medium,0.7089912295341492,0.5555210709571838,0.15347015857696533,11
U02310,G02085,el idioma shiwilu se está terminando.,shiwilu la'la' ta'wantapilalli.,shiwilu la'la' yañinchitulli.,U02280,G02055,hard,0.7781291604042053,0.6356940865516663,0.14243507385253906,2
U02310,G02085,el idioma shiwilu se está terminando.,shiwilu la'la' ta'wantapilalli.,shiwilu la'la'mapu'wa' u'chimusha.,U02396,G02171,medium,0.7781291604042053,0.6190472841262817,0.15908187627792358,3
U01951,G01741,¿puedes encontrarlo?,¿yennitula kanan'a'mak?,¿yennitulek da'ak?,U01330,G01158,hard,0.5730205774307251,0.5228523015975952,0.05016827583312988,25
U02119,G01899,alguien llamó.,denipa' peklu'tulli,ala'sa' yalli' ektukerlli,U01175,G01023,medium,0.7108379006385803,0.5561208128929138,0.1547170877456665,2
U01840,G01635,¿quiere bailar?,¿yalansa'lli?,¿iyatula?,U01677,G01483,hard,0.5992767214775085,0.539760172367096,0.0595165491104126,3
U01840,G01635,¿quiere bailar?,¿yalansa'lli?,¿peklu'tula?,U00706,G00592,medium,0.5992767214775085,0.443495512008667,0.15578120946884155,13
U01871,G01665,piénsalo.,inlli'inuer',de'a'merker',U02107,G01888,hard,0.7667239308357239,0.7001121044158936,0.06661182641983032,8
U01871,G01665,piénsalo.,inlli'inuer',lata'ker,U00048,G00038,medium,0.7667239308357239,0.6090028882026672,0.15772104263305664,27
U00271,G00217,estamos bien.,mu'pallidek',musu' ñape'chidek,U01888,G01682,hard,0.7699021100997925,0.6745360493659973,0.09536606073379517,3
U00271,G00217,estamos bien.,mu'pallidek',sakeklekwa',U00684,G00572,medium,0.7699021100997925,0.6165297031402588,0.1533724069595337,5
U00835,G00711,¿es todo?,¿iñer'a'cha?,¿nanasa'cha iñer'?,U01119,G00974,hard,0.7474290132522583,0.6799027323722839,0.06752628087997437,4
U00835,G00711,¿es todo?,¿iñer'a'cha?,¿mudinupallincha?,U01786,G01585,medium,0.7474290132522583,0.5931873917579651,0.1542416214942932,12
U01276,G01110,tú prometiste.,kenma nu'techun tuwina,kuakin ñiwina,U01626,G01437,hard,0.6314542293548584,0.5782241225242615,0.053230106830596924,2
U01276,G01110,tú prometiste.,kenma nu'techun tuwina,kenma techu,U00707,G00593,medium,0.6314542293548584,0.452316552400589,0.1791376769542694,14
U00594,G00494,¡guarden silencio!,¡ta'tu'la'ku!,!enta'n lli'ku'!,U02945,G02720,hard,0.626447319984436,0.5684393644332886,0.05800795555114746,12
U00594,G00494,¡guarden silencio!,¡ta'tu'la'ku!,ta'tuler',U00285,G01027,medium,0.626447319984436,0.47377175092697144,0.1526755690574646,26
U03177,G02952,"el muchacho, dice, fue, miró y escogió (un santito) agarrándolo.",wileima panta'n lli'an pilli'tulli.,pa'an ima lli'kuñi pilenñantapalli.,U02874,G02649,hard,0.7087348103523254,0.5645892024040222,0.14414560794830322,2
U03177,G02952,"el muchacho, dice, fue, miró y escogió (un santito) agarrándolo.",wileima panta'n lli'an pilli'tulli.,tom lli'tulli,U00660,G00550,medium,0.7087348103523254,0.5181245803833008,0.19061022996902466,3
U02356,G02131,luego se pone en la boca.,ipa'linchi katennek.,ipa'la mula'si'la weklli.,U02289,G02064,hard,0.6192781925201416,0.5614368319511414,0.057841360569000244,5
U02356,G02131,luego se pone en la boca.,ipa'linchi katennek.,nana lantekpi dekkuntulli.,U02460,G02235,medium,0.6192781925201416,0.46494269371032715,0.15433549880981445,13
U01485,G01303,está mejorado.,tekdiperpi ñapalli,insek'diperpi ñapalli,U00587,G00488,hard,0.6121369004249573,0.5605631470680237,0.051573753356933594,4
U01485,G01303,está mejorado.,tekdiperpi ñapalli,ipia'la yennichi'ñi,U01487,G01305,medium,0.6121369004249573,0.4588419497013092,0.15329495072364807,18
U02989,G02764,"al descrubir eso, lo que hilábamos se terminó.",maweklima kanana kenmu'wa' pitetcha'kawa'su' ta'wantulli.,ta'wanchinpu'ek asu'lupa namasu' la'la' lu'nkawasu'.,U02316,G02091,hard,0.6079643964767456,0.5392990708351135,0.06866532564163208,3
U02989,G02764,"al descrubir eso, lo que hilábamos se terminó.",maweklima kanana kenmu'wa' pitetcha'kawa'su' ta'wantulli.,naneklimaka asu' nana lanla' pitunta' uwentunta'lli.,U02831,G02606,medium,0.6079643964767456,0.4538603723049164,0.15410402417182922,12
U03138,G02913,bien poquito les daba de comer y les mandaba a sus casas.,"u'ñishima awerandeklli, a'panta'deklli pideknennek.","wadunni'ma chintanna', adenchanna' ñinanluk luncha'llina'.",U02655,G02430,hard,0.47241222858428955,0.42039746046066284,0.05201476812362671,3
U03138,G02913,bien poquito les daba de comer y les mandaba a sus casas.,"u'ñishima awerandeklli, a'panta'deklli pideknennek.","katentapek walek, ukluka'palli wa'naukta kellek.",U02357,G02132,medium,0.47241222858428955,0.3202528953552246,0.15215933322906494,40
U02016,G01801,necesito internet.,luwantulek internet,luwantulek saka'tak,U01735,G01537,medium,0.844711184501648,0.5552675724029541,0.28944361209869385,2
U00360,G00291,apesta.,analli,apinta'a'tekalli,U01694,G01497,hard,0.7248263955116272,0.5849828720092773,0.13984352350234985,2
U00360,G00291,apesta.,analli,tekineklli,U00371,G00302,medium,0.7248263955116272,0.5694876313209534,0.15533876419067383,3
U02763,G02538,"cuando no tengan nada, boa alguna vez van a comer","ma'winpu'pachina', kupiwan enpulu ka'achuna'","pipektapapachenma' chiminchuma', nanpia'mama' walek.",U02473,G02248,medium,0.6270854473114014,0.42724502086639404,0.19984042644500732,2
U02387,G02162,"hecho esto, se cubre con esteras (formando un techo).","nu'tak, lanchimeklek atantulek.",nu'amu amishawekkek pipetchulek.,U02259,G02034,hard,0.5659071207046509,0.47848212718963623,0.08742499351501465,2
U02387,G02162,"hecho esto, se cubre con esteras (formando un techo).","nu'tak, lanchimeklek atantulek.",nu'amui'na wadeklek wilaweklusa'.,U02265,G02040,medium,0.5659071207046509,0.4064673185348511,0.1594398021697998,10
U02067,G01850,¡suena genial!,¡illiñi u'chimu!,¡u'chimu ñinalu'!,U01901,G01695,hard,0.7359784245491028,0.6286771297454834,0.10730129480361938,2
U02067,G01850,¡suena genial!,¡illiñi u'chimu!,¡u'chimu lli'inu!,U01902,G01696,medium,0.7359784245491028,0.5823798775672913,0.15359854698181152,4
U02808,G02583,de esa manera estos lagos de pampayacu desaparecieron.,nu'sikla'nka asu' panpadek sennanlusa' wetlli.,ma'i silutulusa' dunkerllina'.,U03075,G02850,hard,0.6657849550247192,0.549261212348938,0.11652374267578125,3
U02808,G02583,de esa manera estos lagos de pampayacu desaparecieron.,nu'sikla'nka asu' panpadek sennanlusa' wetlli.,nana lupa' lenmek'a'su' supinak nalalusi'ma pada'sa'tulli.,U02943,G02718,medium,0.6657849550247192,0.4938960075378418,0.17188894748687744,11
U02054,G01837,soy miope.,umilu'lada' nuka'ka,sadasu' nuka'ka,U00821,G00697,hard,0.7261145710945129,0.6741542816162109,0.051960289478302,9
U02054,G01837,soy miope.,umilu'lada' nuka'ka,kua shiwilulunku nuka'ka.,U02474,G02249,medium,0.7261145710945129,0.5747821927070618,0.15133237838745117,29
U01225,G01064,tom sobrevivió.,tom chimillinkekla nampilli,tom latek'tulli,U00662,G00552,hard,0.7370151281356812,0.6697953939437866,0.06721973419189453,2
U01225,G01064,tom sobrevivió.,tom chimillinkekla nampilli,tom mermiñi,U00913,G00783,medium,0.7370151281356812,0.5782448649406433,0.15877026319503784,6
U00485,G00398,no miren.,yalli'tama,yataitula'ta,U00488,G00401,hard,0.5792016386985779,0.5267704129219055,0.05243122577667236,4
U00485,G00398,no miren.,yalli'tama,luwer'chi'ñiner'ku,U02131,G01911,medium,0.5792016386985779,0.4277799129486084,0.15142172574996948,28
U00510,G00421,¡qué aburrimiento!,¡musu' kankanchi'nek!,!embu'ni we'inuipa'!,U00959,G00825,hard,0.7168598771095276,0.6664228439331055,0.05043703317642212,4
U00510,G00421,¡qué aburrimiento!,¡musu' kankanchi'nek!,¡musa'ka'tuna!,U00159,G00118,medium,0.7168598771095276,0.564428985118866,0.15243089199066162,17
U03156,G02931,"otros, dice, hay dos lomas que parecen una boca abierta.",ali'limi'na katu'ta mutupi laweklatekkasu'pu'si'ma ñilli.,lli'llini'mi'na lanteknen pi'sheksu' ali'la piteknenunta' merpinen.,U02676,G02451,hard,0.577540397644043,0.4868546724319458,0.09068572521209717,2
U03156,G02931,"otros, dice, hay dos lomas que parecen una boca abierta.",ali'limi'na katu'ta mutupi laweklatekkasu'pu'si'ma ñilli.,nanek iñer asu' sa'la' apu'tetchun itudekllima.,U02542,G02317,medium,0.577540397644043,0.4269730746746063,0.15056732296943665,7
U00070,G01018,¡hasta luego!,¡pante'chek!,¡tante'ñek!,U00328,G00263,hard,0.6936095952987671,0.5934607982635498,0.10014879703521729,6
U00070,G01018,¡hasta luego!,¡pante'chek!,¡nanpiker'!,U00119,G00085,medium,0.6936095952987671,0.5130735039710999,0.18053609132766724,8
U00071,G01018,¡chau!,¡pante'chek!,nu'wanker',U00061,G00876,hard,0.593804121017456,0.541774570941925,0.052029550075531006,23
U01167,G01018,¡hasta pronto!,¡pante'chek!,¡tante'ñek!,U00328,G00263,hard,0.5942098498344421,0.5278917551040649,0.0663180947303772,7
U01167,G01018,¡hasta pronto!,¡pante'chek!,¡ukeñan!,U00007,G00005,medium,0.5942098498344421,0.44294607639312744,0.1512637734413147,30
U01168,G01018,hasta entonces.,¡pante'chek!,tupiechek,U02035,G01819,hard,0.5412768721580505,0.48798638582229614,0.053290486335754395,7
U01168,G01018,hasta entonces.,¡pante'chek!,¿enpi'teke'chu?,U02192,G01972,medium,0.5412768721580505,0.38779255747795105,0.1534843146800995,22
U00789,G00666,¡necesito ayuda!,¡luwantulek katu'pa'!,luwantulek katu'pa',U00788,G00665,medium,0.8331254124641418,0.5959059596061707,0.2372194528579712,2
U02286,G02061,a veces me olvido.,nerpi'pu' pinanetllek.,kaikshawekleksa' llia'lek.,U02492,G02267,hard,0.5911881327629089,0.46036848425865173,0.1308196485042572,3
U02286,G02061,a veces me olvido.,nerpi'pu' pinanetllek.,uku'latapalek wa'nateka'asu',U00794,G00671,medium,0.5911881327629089,0.435308039188385,0.15588009357452393,5
U00525,G00435,te detesto.,luyullien,lu'wañen,U01074,G00933,hard,0.6116659045219421,0.5447465777397156,0.06691932678222656,3
U00525,G00435,te detesto.,luyullien,tumu'tulun,U01913,G01705,medium,0.6116659045219421,0.45318326354026794,0.1584826409816742,7
U02193,G01973,¿quien ayudó?,¿den'katu'pa'tulli?,¿den ata'wantulli?,U01258,G01094,hard,0.798340916633606,0.716290295124054,0.082050621509552,5
U02193,G01973,¿quien ayudó?,¿den'katu'pa'tulli?,¿den yunsu'lli?,U01260,G01096,medium,0.798340916633606,0.6482959389686584,0.1500449776649475,14
U02194,G01973,¿quién contribuyó?,¿den'katu'pa'tulli?,¿den iduñi?,U00276,G00222,hard,0.7792307138442993,0.7005102038383484,0.07872051000595093,8
U02194,G01973,¿quién contribuyó?,¿den'katu'pa'tulli?,¿den yunsu'lli?,U01260,G01096,medium,0.7792307138442993,0.6195811629295349,0.1596495509147644,15
U01083,G00942,simpatizo.,musu' lli'apalek,a'imanantulun,U01285,G01117,hard,0.6287068724632263,0.5424283742904663,0.08627849817276001,4
U01083,G00942,simpatizo.,musu' lli'apalek,a'apitulliner'ku,U01088,G00947,medium,0.6287068724632263,0.4682413935661316,0.16046547889709473,11
U00784,G00661,vivo aquí.,asek nanpipalek,saka'tapallek asek,U00806,G00682,hard,0.8024313449859619,0.7122449278831482,0.09018641710281372,2
U00784,G00661,vivo aquí.,asek nanpipalek,mapu'sina asek',U00522,G00433,medium,0.8024313449859619,0.627363383769989,0.1750679612159729,3
U01662,G01469,baja aquí.,nu'wanker' asek,kencher' asek,U01325,G01154,hard,0.8159982562065125,0.7560767531394958,0.0599215030670166,2
U01662,G01469,baja aquí.,nu'wanker' asek,adipi wantenter',U01230,G01069,medium,0.8159982562065125,0.6305331587791443,0.18546509742736816,12
U03172,G02947,así nomás dice tenían sus nombres.,tula'si'ma llinlliwañina'.,ñi a'pinta' nanadaper lli'inuchi'ñina'.,U02807,G02582,hard,0.5981142520904541,0.5454978346824646,0.0526164174079895,5
U03172,G02947,así nomás dice tenían sus nombres.,tula'si'ma llinlliwañina'.,innichi'ñina' lu'nkasu'.,U02329,G02104,medium,0.5981142520904541,0.44559744000434875,0.15251681208610535,25
U01454,G01272,soy olvidadizo.,pinanerchek'ku nukaka,nuwek'mutu'ku,U00188,G00143,hard,0.7031441926956177,0.6441130042076111,0.05903118848800659,3
U01454,G01272,soy olvidadizo.,pinanerchek'ku nukaka,tuluner'cheku nuka'ka,U01769,G01569,medium,0.7031441926956177,0.5486604571342468,0.15448373556137085,25
U00943,G00811,estamos despiertos.,nampilalasu' ñapalidek,uki'latek ñapallidek,U01253,G01089,hard,0.7668477892875671,0.712054967880249,0.054792821407318115,9
U00943,G00811,estamos despiertos.,nampilalasu' ñapalidek,wer'apallidek,U01255,G01091,medium,0.7668477892875671,0.5990503430366516,0.16779744625091553,24
U01792,G01591,huele bien.,u'chimu lanelliek,saka'tapalli musu',U01479,G01297,hard,0.6966399550437927,0.617013156414032,0.07962679862976074,2
U01792,G01591,huele bien.,u'chimu lanelliek,musu' nuka'a,U00757,G00636,medium,0.6966399550437927,0.5385517477989197,0.15808820724487305,8
U01123,G00976,era negro.,kerpi'a'cha',pulunker'apawiñi,U01798,G01596,hard,0.6027489304542542,0.5480921864509583,0.0546567440032959,2
U01123,G00976,era negro.,kerpi'a'cha',saka'dekinpu' ñiwiñi,U00841,G00717,medium,0.6027489304542542,0.45197793841362,0.15077099204063416,8
U00718,G00602,¿eres nuevo?,¿naektu'kellia?,¿kenmakin'cha?,U00834,G00710,hard,0.6778198480606079,0.569288432598114,0.1085314154624939,2
U00718,G00602,¿eres nuevo?,¿naektu'kellia?,¿wer'su' ñapala?,U00990,G00854,medium,0.6778198480606079,0.5205362439155579,0.15728360414505005,6
U01139,G00992,continuá hablando.,lun'aper'i'la,llinsecher'pi'la,U01142,G00995,hard,0.6996355056762695,0.6354451179504395,0.06419038772583008,4
U01139,G00992,continuá hablando.,lun'aper'i'la,nerpi'pu' yamer'ker,U02084,G01866,medium,0.6996355056762695,0.5392436981201172,0.16039180755615234,6
U01076,G00935,necesito dormir.,luwantulek wichi'ak,luwantulek neriak,U01734,G01536,hard,0.7787653803825378,0.6656849384307861,0.11308044195175171,2
U01076,G00935,necesito dormir.,luwantulek wichi'ak,luwantulek saka'tak,U01735,G01537,medium,0.7787653803825378,0.5893025994300842,0.1894627809524536,3
U01180,G01028,¡felices sueños!,¡u'chimusha wichi'ker'!,¡musu' paskua'!,U01039,G00900,hard,0.7281796336174011,0.670583188533783,0.057596445083618164,5
U01180,G01028,¡felices sueños!,¡u'chimusha wichi'ker'!,¡illiñi u'chimu!,U02067,G01850,medium,0.7281796336174011,0.5736367702484131,0.15454286336898804,14
U01181,G01028,¡dulces sueños!,¡u'chimusha wichi'ker'!,¡wanerku' enmu'pinenpu'su'!,U03067,G02842,hard,0.7129702568054199,0.6362207531929016,0.07674950361251831,3
U01181,G01028,¡dulces sueños!,¡u'chimusha wichi'ker'!,¡paku' llipu'tudek'kunku'!,U00020,G00017,medium,0.7129702568054199,0.5581894516944885,0.1547808051109314,9
U01857,G01651,ambos murieron.,nu'misansu' chimiñina',nawa dek'kuntillina',U00902,G00773,hard,0.6758972406387329,0.5811308026313782,0.09476643800735474,2
U01857,G01651,ambos murieron.,nu'misansu' chimiñina',nawa' inyutullina',U01859,G01653,medium,0.6758972406387329,0.51090008020401,0.1649971604347229,6
U00486,G00399,no cantes.,yatuluner'ta,yawencha'ta,U00483,G00396,hard,0.6076553463935852,0.5526601076126099,0.05499523878097534,17
U00486,G00399,no cantes.,yatuluner'ta,luwer'chi'nun,U01912,G01704,medium,0.6076553463935852,0.450642853975296,0.15701249241828918,29
U01156,G01008,nadie preguntó.,ñiden lekchi'ñi,ñiden ñinchichi'ñi,U01155,G01007,hard,0.8013495802879333,0.7221375703811646,0.0792120099067688,6
U01156,G01008,nadie preguntó.,ñiden lekchi'ñi,ñiden chimii'ñi,U00861,G00737,medium,0.8013495802879333,0.6445370316505432,0.15681254863739014,8
U00235,G00185,déjanos.,tai'tula'udek,ta'itula'llidek,U01882,G01676,hard,0.8507645130157471,0.776854395866394,0.07391011714935303,5
U00235,G00185,déjanos.,tai'tula'udek,pa'awa',U00857,G00733,medium,0.8507645130157471,0.6769586801528931,0.173805832862854,13
U03130,G02905,"de ahí, dice, ha quedado este pasto que hasta ahora conocemos.",naneklima llia'lli asu' wa'dan panpateklu' ipa'la walek luwetchapalekwa'.,nanek ima' pa'lli' ipa'linchi ala'sa' taserpima tulli enchuku' pa'awa' mutupik.,U03149,G02924,hard,0.7149776220321655,0.6223365068435669,0.09264111518859863,2
U03130,G02905,"de ahí, dice, ha quedado este pasto que hasta ahora conocemos.",naneklima llia'lli asu' wa'dan panpateklu' ipa'la walek luwetchapalekwa'.,nawa' ipa'la asu' kaschilla la'la' a'lek'apallinerkudek.,U03118,G02893,medium,0.7149776220321655,0.5649639368057251,0.15001368522644043,5
U03124,G02899,ya me voy.,pantetchek.,da'encher',U00157,G00116,hard,0.5837389230728149,0.5210007429122925,0.06273818016052246,19
U01238,G01077,tenemos vino.,a'ñapallidek vinu',a'ñapallina' vinu',U01858,G01652,medium,0.8574560284614563,0.6045869588851929,0.2528690695762634,2
U02375,G02150,"abeja mi'len, tú sí que nunca has hecho una chicha insípida.","mi'lencháaaa, kenmapa ñenpi' laki'dek uwapi'naaa.","mi'lencháaa, kenma enpu'nipi'nta' uklutetchu iñer a'kaser apalaaa.",U02376,G02151,hard,0.6765707731246948,0.6087280511856079,0.06784272193908691,2
U02375,G02150,"abeja mi'len, tú sí que nunca has hecho una chicha insípida.","mi'lencháaaa, kenmapa ñenpi' laki'dek uwapi'naaa.","¡ma'sha, ñinanlu' iñer pa'i'nchu.",U02914,G02689,medium,0.6765707731246948,0.47987011075019836,0.19670066237449646,3
U00051,G00041,ganamos.,kana'llidek,kana'tapalekwa',U01592,G01403,medium,0.7607202529907227,0.5951602458953857,0.16556000709533691,2
U02532,G02307,¿por qué regresan muchachitos? les preguntó.,"- ¿ma'kin adanpilenchalama', wilashala? itudekllima.",¿ma'ki'nta' asu' muyunpa inchilala ekketchullina'?,U03114,G02889,medium,0.6922327876091003,0.5386035442352295,0.15362924337387085,2
U01511,G01326,hazlo rápido.,wiuk'su' nu'ter',eklli nu'ter',U01669,G01476,hard,0.6997546553611755,0.6230870485305786,0.07666760683059692,4
U01511,G01326,hazlo rápido.,wiuk'su' nu'ter',ma'pu'su'pintak nu'ter,U01809,G01606,medium,0.6997546553611755,0.5493451952934265,0.15040946006774902,7
U02182,G01962,somos prisioneros.,sipuk'ñapallidek,dei'techuner'kudek,U02176,G01956,hard,0.6412076354026794,0.5852006673812866,0.05600696802139282,11
U02182,G01962,somos prisioneros.,sipuk'ñapallidek,sakeksu' ñapallidek,U02183,G01963,medium,0.6412076354026794,0.4865613281726837,0.15464630722999573,27
U00389,G00317,¡intentémoslo!,¡intek'klieriwa'!,¡tenmiansu'wa'!,U00852,G00728,hard,0.7377384305000305,0.6489155292510986,0.08882290124893188,2
U00389,G00317,¡intentémoslo!,¡intek'klieriwa'!,insek'diperlekwa',U01235,G01074,medium,0.7377384305000305,0.557438850402832,0.1802995800971985,4
U02355,G02130,entonces se empieza a mascar formando líquido.,ipa'linchi ukdinu'tulek.,nanekpi'la a'kasetllek asukallek.,U02353,G02128,hard,0.5895432829856873,0.5387833118438721,0.050759971141815186,6
U02355,G02130,entonces se empieza a mascar formando líquido.,ipa'linchi ukdinu'tulek.,"nu'tak, lanchimeklek atantulek.",U02387,G02162,medium,0.5895432829856873,0.4363672733306885,0.15317600965499878,20
U00822,G00698,soy casada.,sudasu' nuka'ka,ku'aper nuka'ka,U00812,G00688,hard,0.698590874671936,0.6407710313796997,0.05781984329223633,5
U00822,G00698,soy casada.,sudasu' nuka'ka,apu'pi nuka'ka,U01104,G00962,medium,0.698590874671936,0.5443262457847595,0.1542646288871765,24
U01656,G01464,¿podemos proseguir?,¿yennitaterwa tupitak?,¿yen'nitulek pa'ak?,U00239,G00189,hard,0.7879123091697693,0.7096706032752991,0.07824170589447021,3
U01656,G01464,¿podemos proseguir?,¿yennitaterwa tupitak?,¿yennitula lauk'a'mudek?,U01953,G01743,medium,0.7879123091697693,0.6344965100288391,0.15341579914093018,14
U01657,G01464,¿podemos continuar?,¿yennitaterwa tupitak?,¿yen'nitulek pa'ak?,U00239,G00189,hard,0.7895588278770447,0.6900111436843872,0.09954768419265747,3
U01657,G01464,¿podemos continuar?,¿yennitaterwa tupitak?,¿yennitula lauk'a'mudek?,U01953,G01743,medium,0.7895588278770447,0.6343023180961609,0.1552565097808838,14
U03094,G02869,así vivieron cuántos años quizás.,nu'si'ma nanpillina' enpu'dun ekkilalei'pa'.,nu'su'sa' ñillina' napi'.,U03145,G02920,hard,0.6273402571678162,0.5243399143218994,0.10300034284591675,3
U03094,G02869,así vivieron cuántos años quizás.,nu'si'ma nanpillina' enpu'dun ekkilalei'pa'.,nanek ima imanankankantullina'.,U02609,G02384,medium,0.6273402571678162,0.46393880248069763,0.16340145468711853,9
U01339,G01167,baila conmigo.,lansa'ker' kualek,dek'kunter' kualek,U01233,G01072,hard,0.5818715691566467,0.5093386173248291,0.07253295183181763,4
U01339,G01167,baila conmigo.,lansa'ker' kualek,kaluitu'u,U00735,G00615,medium,0.5818715691566467,0.4159918427467346,0.1658797264099121,8
U02701,G02476,de pie cayeron al agua.,wanersu' anu'dektullina'.,saka'tunakla usu'dekllina',U01295,G01126,hard,0.6235837936401367,0.5603062510490417,0.06327754259109497,5
U02701,G02476,de pie cayeron al agua.,wanersu' anu'dektullina'.,napi'ku'lusa'ler ekpa'llina' menminennak.,U02463,G02238,medium,0.6235837936401367,0.4724980294704437,0.151085764169693,18
U00670,G00560,tom caminó.,tom dek'kuntulli,tom uk'lli,U00253,G00200,hard,0.8737331628799438,0.8019898533821106,0.07174330949783325,5
U00670,G00560,tom caminó.,tom dek'kuntulli,tom a'ta'wantulli,U01215,G01056,medium,0.8737331628799438,0.7230367064476013,0.15069645643234253,17
U02785,G02560,todos los peces se extinguieron.,samellusa' iñer wetlli.,iñer samer ekpanta'lli.,U02707,G02482,hard,0.7854244709014893,0.6579965949058533,0.127427875995636,2
U02785,G02560,todos los peces se extinguieron.,samellusa' iñer wetlli.,taker'apilallina' iñer.,U02309,G02084,medium,0.7854244709014893,0.5908192992210388,0.19460517168045044,5
U02422,G02197,en cambio yo por estar enferma no puedo ir a ninguna parte.,kui'na kaluwi'mu innichi'nek ñi enñupa' pa'a'kasu'.,kui'na enpu'nipa' insekluten'a'kasu' nanpi'kasu'.,U02482,G02257,hard,0.6268712282180786,0.5257005095481873,0.10117071866989136,3
U02422,G02197,en cambio yo por estar enferma no puedo ir a ninguna parte.,kui'na kaluwi'mu innichi'nek ñi enñupa' pa'a'kasu'.,ukluka'sik pata'lek unmellinpa'ta'kasu'.,U02358,G02133,medium,0.6268712282180786,0.4768042266368866,0.15006700158119202,9
U00735,G00615,cocíname (con sopa).,kaluitu'u,keritu'u,U01650,G01459,hard,0.6381199955940247,0.565010666847229,0.07310932874679565,6
U00735,G00615,cocíname (con sopa).,kaluitu'u,luwuk'tu'u,U00267,G00213,medium,0.6381199955940247,0.4856477677822113,0.15247222781181335,19
U02146,G01926,están celosos.,a'pisadatuteklusa' ñapallina',ñapalli la'la'lusa',U02124,G01904,hard,0.6900986433029175,0.6299402117729187,0.06015843152999878,10
U02146,G01926,están celosos.,a'pisadatuteklusa' ñapallina',insekdiperpi ñapawiñina',U02136,G01916,medium,0.6900986433029175,0.5214029550552368,0.16869568824768066,20
U00106,G00075,enséñamelo. (muestramelo),alli'u,alek'u,U00105,G00074,hard,0.7399023175239563,0.6724045872688293,0.06749773025512695,3
U00106,G00075,enséñamelo. (muestramelo),alli'u,pinaner'u,U00304,G00243,medium,0.7399023175239563,0.5897373557090759,0.15016496181488037,12
U00107,G00075,muestrame.,alli'u,llinser'chu'u,U00277,G00223,hard,0.7152372002601624,0.6635158658027649,0.05172133445739746,7
U00107,G00075,muestrame.,alli'u,peklu'u,U00055,G00044,medium,0.7152372002601624,0.5538824200630188,0.16135478019714355,16
U02636,G02411,la vacamarina.,panwalalan.,uchinande'ker,U01231,G01070,hard,0.6089544296264648,0.46338164806365967,0.14557278156280518,2
U02636,G02411,la vacamarina.,panwalalan.,inetchaku'lusa'ki.,U02308,G02083,medium,0.6089544296264648,0.43998587131500244,0.1689685583114624,3
U01093,G00952,estaré bien.,musu' ñapechek,u'chimuñapalek,U00192,G00147,hard,0.8202037215232849,0.724724531173706,0.09547919034957886,3
U01093,G00952,estaré bien.,musu' ñapechek,musu' ñape'chu,U01290,G01121,medium,0.8202037215232849,0.668820321559906,0.1513833999633789,6
U00350,G00281,ólvidalo.,pinaner'ker',i'shi'ker',U00399,G00324,hard,0.7534696459770203,0.6703757643699646,0.08309388160705566,2
U00350,G00281,ólvidalo.,pinaner'ker',luwe'chinbuer',U02080,G01862,medium,0.7534696459770203,0.5819616317749023,0.17150801420211792,24
U01690,G01494,¡feliz año!,¡muek'kilala!,¡ñiker' musu!,U00751,G00630,hard,0.625341534614563,0.5734608173370361,0.051880717277526855,9
U01690,G01494,¡feliz año!,¡muek'kilala!,¡embu'ni mushipa'!,U00511,G00422,medium,0.625341534614563,0.47248440980911255,0.15285712480545044,22
U03129,G02904,"vamos a mandarles a hacer chacra, diciendo vinieron (a jeberos).",menmi a'nu'tudek'awa' tannima u'anna'.,dekpilli lli'kunchenma' lunpawa'.,U02880,G02655,hard,0.6272385120391846,0.529958188533783,0.09728032350540161,2
U03129,G02904,"vamos a mandarles a hacer chacra, diciendo vinieron (a jeberos).",menmi a'nu'tudek'awa' tannima u'anna'.,nu'anna' eklli pur'awa' tullini'ma.,U02517,G02292,medium,0.6272385120391846,0.4706277847290039,0.15661072731018066,3
U01091,G00950,tenía sueño.,yawichi'winek,yupawinek,U01426,G01246,hard,0.7321107387542725,0.6637638807296753,0.06834685802459717,6
U01091,G00950,tenía sueño.,yawichi'winek,ñapawinek lupersu',U00800,G00677,medium,0.7321107387542725,0.5801159143447876,0.15199482440948486,20
U02159,G01939,comimos juntos.,weranekwa' kenmu'lek,ikinek'uklli werañidek,U01237,G01076,hard,0.5986450910568237,0.49265626072883606,0.10598883032798767,2
U02159,G01939,comimos juntos.,weranekwa' kenmu'lek,chiminllinkekla nampipalekwa',U00939,G00807,medium,0.5986450910568237,0.44565823674201965,0.15298685431480408,4
U00727,G00610,estate vigilante.,ñaper' lu'uk'tan,ñapaker' insek'dipersu',U00625,G00520,hard,0.6671152710914612,0.5351274013519287,0.13198786973953247,3
U00727,G00610,estate vigilante.,ñaper' lu'uk'tan,insek'dipersu' ñapaker',U00721,G00605,medium,0.6671152710914612,0.5106635689735413,0.15645170211791992,4
U00728,G00610,estate atento.,ñaper' lu'uk'tan,ñapaker' insek'dipersu',U00625,G00520,hard,0.700884222984314,0.5800062417984009,0.12087798118591309,3
U00728,G00610,estate atento.,ñaper' lu'uk'tan,lli'ker' uti'lakla,U02157,G01937,medium,0.700884222984314,0.5428608059883118,0.1580234169960022,4
U02096,G01878,remontemos cometas.,a'penu'wa' cometas,kuda ekpekchidek,U00940,G00808,medium,0.7359113097190857,0.5245528221130371,0.21135848760604858,3
U02097,G01878,volemos cometas.,a'penu'wa' cometas,dek'kuntapallidek' wapu',U02169,G01949,hard,0.6941127777099609,0.5517023801803589,0.14241039752960205,3
U02097,G01878,volemos cometas.,a'penu'wa' cometas,kuda ekpekchidek,U00940,G00808,medium,0.6941127777099609,0.5102272033691406,0.1838855743408203,4
U00281,G00226,respóndeme.,na'pi'u,wiperi'u,U00027,G00022,hard,0.7404072284698486,0.6567116379737854,0.08369559049606323,3
U00281,G00226,respóndeme.,na'pi'u,a'uktuwu,U01518,G01333,medium,0.7404072284698486,0.5757443904876709,0.16466283798217773,7
U01882,G01676,le perdonamos.,ta'itula'llidek,kana'llidek,U00051,G00041,hard,0.5358054637908936,0.4829300045967102,0.05287545919418335,17
U02013,G01798,debo encontrarlo.,kanan'a'kasu' ñapalli,wencha'winsu',U01701,G01504,hard,0.5816181302070618,0.5259249210357666,0.055693209171295166,8
U02013,G01798,debo encontrarlo.,kanan'a'kasu' ñapalli,ipa' lli'echu,U00711,G00597,medium,0.5816181302070618,0.42501065135002136,0.1566074788570404,18
U02092,G01874,hagámoslo ahora.,nu'tawa' ipa'la,nu'ter' ipa'la,U00294,G00233,hard,0.8118665814399719,0.6986921429634094,0.1131744384765625,2
U02092,G01874,hagámoslo ahora.,nu'tawa' ipa'la,ipa'la ta'itula'u'kudek,U01157,G01009,medium,0.8118665814399719,0.6294854283332825,0.18238115310668945,3
U02480,G02255,a qué he venido a yurimaguas.,"ma'pu'a'kasu' asek weklek yurimawek,",napi' sudawek sudatulek.,U02405,G02180,hard,0.5983270406723022,0.5036229491233826,0.09470409154891968,3
U02480,G02255,a qué he venido a yurimaguas.,"ma'pu'a'kasu' asek weklek yurimawek,",kua napi' simirkek nanpilek.,U02483,G02258,medium,0.5983270406723022,0.4379016160964966,0.16042542457580566,6
U00253,G00200,tom vino.,tom uk'lli,tom dekkuntulli,U00438,G00355,hard,0.8369648456573486,0.7786834836006165,0.05828136205673218,4
U00253,G00200,tom vino.,tom uk'lli,tom idenmalli,U00656,G00547,medium,0.8369648456573486,0.6857452988624573,0.15121954679489136,16
U02425,G02200,yo solita sentada me pongo a llorar.,kuashasa' du'wimu willeklek.,kua napi' simirkek nanpilek.,U02483,G02258,hard,0.6517282128334045,0.585651159286499,0.06607705354690552,3
U02425,G02200,yo solita sentada me pongo a llorar.,kuashasa' du'wimu willeklek.,namasu' la'leklan luntetchek.,U02281,G02056,medium,0.6517282128334045,0.4946492314338684,0.15707898139953613,8
U02608,G02383,y los llamó (a los peces) y toda clase de peces salieron.,"peklu'dekllima, intekdudui'su' samellusa' yunsu'lli.","nu'sui'ma pa'apan, ala'lu'sa' wa'anler a'peklu'tulli.",U02664,G02439,hard,0.6254379153251648,0.5646177530288696,0.060820162296295166,2
U02608,G02383,y los llamó (a los peces) y toda clase de peces salieron.,"peklu'dekllima, intekdudui'su' samellusa' yunsu'lli.","pennen alañina', lli'llina' dullinen ukunpalalli.",U02925,G02700,medium,0.6254379153251648,0.46408867835998535,0.16134923696517944,7
U01734,G01536,necesito descansar.,luwantulek neriak,añapalek yanu'tak,U02008,G01793,hard,0.7031026482582092,0.5738880634307861,0.1292145848274231,4
U01734,G01536,necesito descansar.,luwantulek neriak,luwantulek internet,U02016,G01801,medium,0.7031026482582092,0.5522221922874451,0.15088045597076416,9
U02507,G02282,ella también quiere aprender.,nananti'mi'na yañinchitulli.,nana yadi'setchusik.,U02742,G02517,hard,0.5688208341598511,0.5091142058372498,0.05970662832260132,4
U02507,G02282,ella también quiere aprender.,nananti'mi'na yañinchitulli.,nawa' inllipu'iteklatullina',U01855,G01649,medium,0.5688208341598511,0.3873937427997589,0.18142709136009216,6
U02252,G02027,aquí me engendró mi madre.,kua asek wilawañun awawek.,tanak pa'an tatawek ilantulli.,U02485,G02260,hard,0.6328915953636169,0.5624463558197021,0.0704452395439148,5
U02252,G02027,aquí me engendró mi madre.,kua asek wilawañun awawek.,nanekla papina chiminlapillun.,U02438,G02213,medium,0.6328915953636169,0.4809335768222809,0.15195801854133606,13
U01487,G01305,está ocupado.,ipia'la yennichi'ñi,ñapalli napi'da',U01488,G01306,hard,0.684479296207428,0.6332871913909912,0.05119210481643677,3
U01487,G01305,está ocupado.,ipia'la yennichi'ñi,saka'tapalli,U01129,G00982,medium,0.684479296207428,0.5330790877342224,0.15140020847320557,11
U02516,G02291,"entonces los hombres llegaron y construyeron tambo, chancaron barbasco.","ipa'linchi nawa' ektu'na' palenñantullina', puñañin llisantullina'.","nawei'mi'na nana malek ima nawa' ta'tushalanna' pa'llina', ta'tushalanni'ma dekkuntullina'.",U02971,G02746,hard,0.6834527254104614,0.5887008309364319,0.09475189447402954,2
U02516,G02291,"entonces los hombres llegaron y construyeron tambo, chancaron barbasco.","ipa'linchi nawa' ektu'na' palenñantullina', puñañin llisantullina'.","dudinpu' asu' lupek pa'a'su'daper ilakapi chiketchullina', wei pa'llina'.",U02813,G02588,medium,0.6834527254104614,0.5274012088775635,0.15605151653289795,5
U02535,G02310,"un pescadito nomás he traído, mi hermanito también unito nomás le respondió.","alla'shasa' samer kencha'lek, yalli'washawek'unta' alla'shasa'pi'la itullima.","apu'tek ima kullikerwa'su', sekputchek imi'na saka'tulusa' luwekta'su' nanakin kelli.",U03131,G02906,hard,0.7001872062683105,0.6010217070579529,0.09916549921035767,2
U02535,G02310,"un pescadito nomás he traído, mi hermanito también unito nomás le respondió.","alla'shasa' samer kencha'lek, yalli'washawek'unta' alla'shasa'pi'la itullima.","iskun duker a'ña'seku awawek chiminlapillun, amishawek teksusullun.",U02254,G02029,medium,0.7001872062683105,0.5392305254936218,0.16095668077468872,5
U00064,G00049,salgan.,yunsu'ku',yunsanker',U00022,G00018,hard,0.708761990070343,0.6570802927017212,0.051681697368621826,6
U00064,G00049,salgan.,yunsu'ku',anu'ker',U00149,G00109,medium,0.708761990070343,0.5565053820610046,0.15225660800933838,17
U00581,G00483,¿es así?,¿nu'su' nuka'a?,¿iñer'a'cha?,U00835,G00711,hard,0.7191566228866577,0.6415024995803833,0.07765412330627441,3
U00581,G00483,¿es así?,¿nu'su' nuka'a?,¿ma'tulli?,U02188,G01968,medium,0.7191566228866577,0.5688920617103577,0.15026456117630005,10
U00503,G00415,está arruinado.,sapusu' ñapalli,tekdiperpi ñapalli,U01485,G01303,hard,0.7070637941360474,0.6517977118492126,0.05526608228683472,4
U00503,G00415,está arruinado.,sapusu' ñapalli,chiminllinkekla nampilli,U01288,G01119,medium,0.7070637941360474,0.5465025901794434,0.160561203956604,12
U00963,G00829,¿quién vitoreó?,¿den inllipu'iteklatulli?,¿den'ina' teka'lli?,U00130,G00092,hard,0.8151311874389648,0.7566017508506775,0.058529436588287354,10
U00963,G00829,¿quién vitoreó?,¿den inllipu'iteklatulli?,¿den'katu'pa'tulli?,U02193,G01973,medium,0.8151311874389648,0.6607188582420349,0.15441232919692993,16
U00879,G00751,¿debería ir?,¿pa'echek'ata'?,¿enpi'ta'wantulli?,U02191,G01971,hard,0.5861748456954956,0.5198656916618347,0.06630915403366089,6
U00879,G00751,¿debería ir?,¿pa'echek'ata'?,¿nu'la'lli?,U00352,G00283,medium,0.5861748456954956,0.43599534034729004,0.15017950534820557,19
U02504,G02279,ahora esta señora me pidió ¡habla la lengua shiwilu!,ipa'la asu' senñula' itullun ¡lunker shiwilu la'la'!,da'ilek ala'si'mi'na lachik'apalli asu' shiwilu la'la'.,U02974,G02749,medium,0.8638575077056885,0.6595271229743958,0.20433038473129272,2
U00677,G00567,enciéndelo. (fuego),a'tender',a'kawiter',U01946,G01736,hard,0.6393002271652222,0.5704379081726074,0.06886231899261475,9
U00677,G00567,enciéndelo. (fuego),a'tender',uencher',U00144,G00104,medium,0.6393002271652222,0.4805765748023987,0.1587236523628235,39
U03068,G02843,"cómo yo siendo mujer (me rebelo), les estoy diciendo a todos párense, les pido a todos que se pongan de pie. así se van a parar, ahí está.","ma'pu'si'na kua ku'aperku ñamu... iñer itapallenma' wanerku', nu'su' waneretchuma', ma'ata'na.","- ma'sha, kunetlla'ku', pidekwek sekllanen, pidekwek dunsanen kunetchuku', ñi'na da'i'nchuma'.",U02601,G02376,hard,0.50385582447052,0.45058491826057434,0.05327090620994568,5
U03068,G02843,"cómo yo siendo mujer (me rebelo), les estoy diciendo a todos párense, les pido a todos que se pongan de pie. así se van a parar, ahí está.","ma'pu'si'na kua ku'aperku ñamu... iñer itapallenma' wanerku', nu'su' waneretchuma', ma'ata'na.","- asui'na asu'lupa' da'kellek kua samer yapektawamu, panpadek nuka'a tullima.",U02599,G02374,medium,0.50385582447052,0.3494400382041931,0.1544157862663269,22
U02369,G02144,"entonces cuando se termina, nuevamente la yuca sobrante se hierve (con el agua nueva que ha puesto) y se vuelve a trasladar.",ipa'linchi ta'wantununta'sik nu'nipi'la ñapalli ker‘ ukluka'sik upetñunta'lek.,"ukllinantusik ipa'linchi pamu'lek, a'du'lek uktak.",U02343,G02118,hard,0.6911323070526123,0.5999863147735596,0.09114599227905273,2
U02369,G02144,"entonces cuando se termina, nuevamente la yuca sobrante se hierve (con el agua nueva que ha puesto) y se vuelve a trasladar.",ipa'linchi ta'wantununta'sik nu'nipi'la ñapalli ker‘ ukluka'sik upetñunta'lek.,"ipa'linchi katentamupu'su' pitawitapalek, ka'latulek.",U02372,G02147,medium,0.6911323070526123,0.5165850520133972,0.1745472550392151,5
U00891,G00763,se quemaron.,uker'llina',inmusha'llina',U00897,G00768,hard,0.7343708872795105,0.6768487691879272,0.05752211809158325,7
U00891,G00763,se quemaron.,uker'llina',yunsu'ku',U00064,G00049,medium,0.7343708872795105,0.5801630020141602,0.15420788526535034,18
U03103,G02878,"malallina es la que nos ha hecho reflexionar,","malallina nana nu'su' a'kankantullundek,","ñinchilu'nkudeksu' taker'apilallidek,",U02331,G02106,hard,0.7134659886360168,0.609090268611908,0.10437572002410889,3
U03103,G02878,"malallina es la que nos ha hecho reflexionar,","malallina nana nu'su' a'kankantullundek,","nana wintupatekwa' nana tetchu,",U02868,G02643,medium,0.7134659886360168,0.558342456817627,0.1551235318183899,6
U00400,G00325,lee esto.,luntuker' asu',lanerku' asu',U00623,G00518,hard,0.7344033718109131,0.6830953359603882,0.0513080358505249,12
U00400,G00325,lee esto.,luntuker' asu',ma'ta asu',U00427,G00344,medium,0.7344033718109131,0.5820884704589844,0.1523149013519287,24
U00401,G00325,lea esto.,luntuker' asu',llinser'ku' nana,U02197,G01977,hard,0.7198228240013123,0.6530978083610535,0.06672501564025879,13
U00401,G00325,lea esto.,luntuker' asu',a'lli'u nana,U01174,G01022,medium,0.7198228240013123,0.5689451098442078,0.1508777141571045,25
U00598,G00497,déjalo entrar.,ta'ituler' da'encha'i,ta'itula'u pae'chek,U01810,G01607,hard,0.7050384283065796,0.5892195105552673,0.11581891775131226,2
U00598,G00497,déjalo entrar.,ta'ituler' da'encha'i,ta'itula'u tekdiperechek,U02090,G01872,medium,0.7050384283065796,0.5503585934638977,0.15467983484268188,7
U02213,G01990,estás soñando.,wa'latapala,yanu'tapala,U01642,G01452,hard,0.7191397547721863,0.6459431648254395,0.07319658994674683,2
U02213,G01990,estás soñando.,wa'latapala,tandenñiden,U00935,G00803,medium,0.7191397547721863,0.5219517946243286,0.19718796014785767,5
U01801,G01598,es mes de navidad.,ñiñuduker' nuka'a,ma'kinpu' nuka'a,U00847,G00723,hard,0.5497241020202637,0.4821043908596039,0.06761971116065979,12
U01801,G01598,es mes de navidad.,ñiñuduker' nuka'a,musu' nuka'a,U00757,G00636,medium,0.5497241020202637,0.3948173224925995,0.15490677952766418,26
U01307,G01138,¿son polis?,¿suntadulusa'cha?,¿shilun a'cha?,U00571,G00475,hard,0.7701169848442078,0.6397718787193298,0.13034510612487793,2
U01307,G01138,¿son polis?,¿suntadulusa'cha?,¿kai'kualusa' nuka'mama'?,U01942,G01732,medium,0.7701169848442078,0.615612804889679,0.1545041799545288,4
U02103,G01884,descansemos aquí.,neriawa' asek,weranwa' asek,U01824,G01620,hard,0.7552482485771179,0.7024114727973938,0.05283677577972412,4
U02103,G01884,descansemos aquí.,neriawa' asek,kencher' asek,U01325,G01154,medium,0.7552482485771179,0.5738482475280762,0.18140000104904175,13
U00736,G00616,cuenta conmigo.,kua katu'pekchen,kua katu'patulek,U01395,G01219,hard,0.6334229707717896,0.5725235342979431,0.060899436473846436,2
U00736,G00616,cuenta conmigo.,kua katu'pekchen,kenma tenmiansuer',U00456,G00372,medium,0.6334229707717896,0.4715806841850281,0.16184228658676147,6
U02265,G02040,después tuve mis hijos.,nu'amui'na wadeklek wilaweklusa'.,nanekla amitullinerku.,U02499,G02274,hard,0.7279824614524841,0.5817212462425232,0.14626121520996094,2
U02265,G02040,después tuve mis hijos.,nu'amui'na wadeklek wilaweklusa'.,mula'si'la wilawanek.,U02409,G02184,medium,0.7279824614524841,0.5699515342712402,0.1580309271812439,3
U01230,G01069,espera fuera.,adipi wantenter',nanek watenker',U01360,G01186,hard,0.6207544803619385,0.5339429378509521,0.08681154251098633,3
U01230,G01069,espera fuera.,adipi wantenter',pulunker' wanta'palli,U00846,G00722,medium,0.6207544803619385,0.4702707827091217,0.15048369765281677,12
U01579,G01390,sobreviviremos.,chiminllinkekla nanpiterwa',chiminllinkekla nampipalekwa',U00939,G00807,hard,0.7697848081588745,0.678298830986023,0.09148597717285156,2
U01579,G01390,sobreviviremos.,chiminllinkekla nanpiterwa',chimillinkekla nanpichu,U01991,G01777,medium,0.7697848081588745,0.5801965594291687,0.1895882487297058,3
U02752,G02527,"vengándose, el monte, se sumió más el monte.","pillek'an, tanan, dankumelli a'pinta' tanan.","katentapek walek, ukluka'palli wa'naukta kellek.",U02357,G02132,hard,0.6855511665344238,0.5757360458374023,0.10981512069702148,3
U02752,G02527,"vengándose, el monte, se sumió más el monte.","pillek'an, tanan, dankumelli a'pinta' tanan.","peklu'dekllima, intekdudui'su' samellusa' yunsu'lli.",U02608,G02383,medium,0.6855511665344238,0.506319522857666,0.1792316436767578,8
U03133,G02908,sekputchek no era de buen corazón.,nana sekputchek ima nana mukankinpu'a'su'.,sadinleksi'ma chu'kenñi.,U02675,G02450,hard,0.704227089881897,0.6053735613822937,0.09885352849960327,2
U03133,G02908,sekputchek no era de buen corazón.,nana sekputchek ima nana mukankinpu'a'su'.,a'llupima ñiwiñi napi' lanla' pitun.,U02832,G02607,medium,0.704227089881897,0.492989182472229,0.21123790740966797,3
U03199,G02974,ahora cualquier nombre ya les ponen.,ipa'li'na ma'nen llillinlusi'pa' aku'llina'.,nanek ima nu'unta' ipa' wa'latapallina'.,U02902,G02677,hard,0.7057562470436096,0.614700198173523,0.09105604887008667,3
U03199,G02974,ahora cualquier nombre ya les ponen.,ipa'li'na ma'nen llillinlusi'pa' aku'llina'.,ipa'la lacheknawi'ñina'.,U03201,G02976,medium,0.7057562470436096,0.5422050356864929,0.1635512113571167,4
U01428,G01248,estaba atrapado.,pilli'pi ñapawinek,ñapawinek nanpiladasu',U00799,G00676,hard,0.8393116593360901,0.7630077600479126,0.07630389928817749,3
U01428,G01248,estaba atrapado.,pilli'pi ñapawinek,sanek'wantuwinek,U00775,G00652,medium,0.8393116593360901,0.6587120890617371,0.18059957027435303,8
U02642,G02417,"dicen que revolcándose vino el paiche,","inpikanpiler'an ima unma' uklli,","nu'wanta'sik ima sameller tupitunta'lli,",U02706,G02481,hard,0.7597306966781616,0.6930316686630249,0.06669902801513672,2
U02642,G02417,"dicen que revolcándose vino el paiche,","inpikanpiler'an ima unma' uklli,","ma'sha tullima ala'sa' taserpi,",U02623,G02398,medium,0.7597306966781616,0.6056453585624695,0.15408533811569214,5
U00607,G00503,nademos.,idunwa',sakeklekwa',U00684,G00572,hard,0.6626755595207214,0.598527193069458,0.06414836645126343,14
U00607,G00503,nademos.,idunwa',tenmiansu'wa,U00853,G00729,medium,0.6626755595207214,0.5028307437896729,0.15984481573104858,29
U02267,G02042,ayudándome a criarlos su padre murió y quedé sola.,teksusupa'nku tatanenna' chiminlapillun.,ku'apenñenleksa' musu' nanpillina' tatawek.,U02260,G02035,hard,0.6317259073257446,0.5536997318267822,0.0780261754989624,2
U02267,G02042,ayudándome a criarlos su padre murió y quedé sola.,teksusupa'nku tatanenna' chiminlapillun.,ipa'la tatawek awawek chiminsik i'na dinsuwilallidek.,U02490,G02265,medium,0.6317259073257446,0.4795657992362976,0.15216010808944702,11
U00821,G00697,soy casado.,sadasu' nuka'ka,taserpiku',U00172,G00130,hard,0.6931409239768982,0.624257504940033,0.06888341903686523,5
U00821,G00697,soy casado.,sadasu' nuka'ka,tenmiansu'palek,U01768,G01568,medium,0.6931409239768982,0.5298954248428345,0.16324549913406372,27
U01725,G01527,odio planchar.,empu'duncha',embu'ni iker'ipa',U00956,G00823,hard,0.4531742334365845,0.3700355887413025,0.08313864469528198,13
U01725,G01527,odio planchar.,empu'duncha',luwanchi'nek,U00179,G00137,medium,0.4531742334365845,0.30104875564575195,0.15212547779083252,27
U02113,G01894,mándemelos.,a'uktu'u,alli'u,U00106,G00075,hard,0.7443102598190308,0.6929916739463806,0.051318585872650146,3
U02113,G01894,mándemelos.,a'uktu'u,peklu'u,U00055,G00044,medium,0.7443102598190308,0.5884508490562439,0.15585941076278687,17
U03161,G02936,"ese otro dijo yo he sabido que en el cerro vive llumallun. 12 laulate es un apellido muy común en jeberos. según este relato, su etimología se hallaría en el nombre laweklatek el de la boca abierta. 13 llumallun era viejita que vivia sola y era sabia.",nana ali'lima tulli kui'na ñinchitulek nana mutupik nanpipalli llumallun13'.,kenmei'na. ali'la panta'lli. lli'apallima pilli'tulli. 16 shapingo significa sacharuna o espíritu de la selva.,U03180,G02955,hard,0.511451780796051,0.37296560406684875,0.13848617672920227,2
U03161,G02936,"ese otro dijo yo he sabido que en el cerro vive llumallun. 12 laulate es un apellido muy común en jeberos. según este relato, su etimología se hallaría en el nombre laweklatek el de la boca abierta. 13 llumallun era viejita que vivia sola y era sabia.",nana ali'lima tulli kui'na ñinchitulek nana mutupik nanpipalli llumallun13'.,kui'na laweklateklupa' tullima.,U03160,G02935,medium,0.511451780796051,0.354669988155365,0.15678179264068604,3
U02940,G02715,después se escondieron.,nu'anna' insekkitullina'.,insekdiperpi ñapawiñina',U02136,G01916,hard,0.5367745161056519,0.4788740575313568,0.057900458574295044,11
U02940,G02715,después se escondieron.,nu'anna' insekkitullina'.,iñer' tumu'llina',U01685,G01490,medium,0.5367745161056519,0.38309359550476074,0.1536809206008911,44
U02757,G02532,"las boas todavía están ahí,","kupiwanlusa' ñapallinpi'la,","sennanlusa'nta' enñi,",U02710,G02485,hard,0.7268873453140259,0.6691607236862183,0.05772662162780762,2
U02757,G02532,"las boas todavía están ahí,","kupiwanlusa' ñapallinpi'la,","luwetchi'ñina' panwala,",U02782,G02557,medium,0.7268873453140259,0.5608559250831604,0.16603142023086548,7
U01020,G00882,¿ayudaste?,¿katu'pa'tula?,¿kana'tula?,U00737,G00617,hard,0.7302612662315369,0.6288549900054932,0.1014062762260437,2
U01020,G00882,¿ayudaste?,¿katu'pa'tula?,¿pa'echek'ata'?,U00879,G00751,medium,0.7302612662315369,0.5674253702163696,0.16283589601516724,3
U00149,G00109,túmbate.,anu'ker',pinaner'ker',U00350,G00281,hard,0.6875334978103638,0.6320292949676514,0.0555042028427124,9
U00636,G00531,eso funciona.,nana saka'tapalli,asu' katu'pa'techu,U01213,G01054,hard,0.63792484998703,0.5874410271644592,0.0504838228225708,7
U00636,G00531,eso funciona.,nana saka'tapalli,saka'tulli,U00361,G00292,medium,0.63792484998703,0.4824349880218506,0.15548986196517944,15
U03135,G02910,"ese sekputchek era bien miserable, no se conformaba con poquito.","nana sekputchek ima'ka nana aperku'tek ima, ñima luwanchi'ñi u'ñisha.","iñer ima dullinen adipi, ukunpala'lli, ñi chipitekwi'ñi.",U02875,G02650,hard,0.6824339628219604,0.6196532249450684,0.06278073787689209,3
U03135,G02910,"ese sekputchek era bien miserable, no se conformaba con poquito.","nana sekputchek ima'ka nana aperku'tek ima, ñima luwanchi'ñi u'ñisha.","ukta nudektulli ama'ladatulli nana, ma'i, kelluluñiñi'.",U02963,G02738,medium,0.6824339628219604,0.511753261089325,0.1706807017326355,4
U01893,G01687,estamos divorciados.,yanpu'su' ñapallidek,sakeksu' ñapallidek,U02183,G01963,hard,0.6458394527435303,0.5886492133140564,0.05719023942947388,14
U01893,G01687,estamos divorciados.,yanpu'su' ñapallidek,insekdiperpi ñapalidek,U00945,G00813,medium,0.6458394527435303,0.49330177903175354,0.15253767371177673,36
U00434,G00351,tom sabe.,tom ñinchitapalli,tom lli'inutulli,U01875,G01669,hard,0.8161871433258057,0.6894979476928711,0.12668919563293457,3
U00434,G00351,tom sabe.,tom ñinchitapalli,tom lun'echu,U01227,G01066,medium,0.8161871433258057,0.6525436639785767,0.163643479347229,5
U02739,G02514,"al gobernante le dijeron,","wa'an wintullina',","sennanlusa'nta' enñi,",U02710,G02485,hard,0.7527408003807068,0.6275715231895447,0.1251692771911621,2
U02739,G02514,"al gobernante le dijeron,","wa'an wintullina',","ñi yalui'ñina',",U02328,G02103,medium,0.7527408003807068,0.6011140942573547,0.15162670612335205,3
U01793,G01592,¡huele rico!,¡iyasu' lanelliek!,¡u'chimu ñiñuduker!,U02109,G01890,hard,0.6280392408370972,0.5730690956115723,0.0549701452255249,6
U01793,G01592,¡huele rico!,¡iyasu' lanelliek!,¡enpu'ni saka'dek'ipa'!,U01053,G00913,medium,0.6280392408370972,0.4769556522369385,0.1510835886001587,29
U01669,G01476,hágalo mañana.,eklli nu'ter',weker' eklli,U01338,G01166,hard,0.6789737939834595,0.5344100594520569,0.1445637345314026,2
U01669,G01476,hágalo mañana.,eklli nu'ter',wiu'su' nu'ter',U01346,G01173,medium,0.6789737939834595,0.5117084383964539,0.16726535558700562,3
U01596,G01407,¿estabas enfermo?,¿kaluwi'su' ñapawina?,¿kadu'lunsu' ñapala?,U02219,G01996,hard,0.8131134510040283,0.7224888205528259,0.09062463045120239,3
U01596,G01407,¿estabas enfermo?,¿kaluwi'su' ñapawina?,¿ñapawinek pektunsu'?,U00925,G00794,medium,0.8131134510040283,0.6624988913536072,0.15061455965042114,12
U00570,G00474,¿es alto? (estatura - masculino),¿shipen a'cha?,¿ipa' mula'lli?,U01787,G01586,hard,0.6248506307601929,0.57209712266922,0.0527535080909729,11
U00570,G00474,¿es alto? (estatura - masculino),¿shipen a'cha?,¿ikerlli asu'?,U01681,G01486,medium,0.6248506307601929,0.47383710741996765,0.15101352334022522,29
U01554,G01366,tom vaciló.,tom si'lentulli,tom wer'lli,U02153,G01933,hard,0.6928893327713013,0.636559009552002,0.056330323219299316,34
U00265,G00212,usa esto.,pata'ker' asu',luntuker' asu',U00400,G00325,hard,0.6774746775627136,0.6212459206581116,0.05622875690460205,18
U00265,G00212,usa esto.,pata'ker' asu',a'ta'wanter asu',U00747,G00627,medium,0.6774746775627136,0.5218521356582642,0.15562254190444946,30
U02539,G02314,agua blanquísima y cristalina van a encontrar.,enpu'ni dadapudekshipa' enpu'ni pektudekshipa' kanenchuma'.,nana usha'wañen muyunpa inchilala ekketcherka'su'.,U03014,G02789,hard,0.491436243057251,0.404754638671875,0.08668160438537598,2
U02539,G02314,agua blanquísima y cristalina van a encontrar.,enpu'ni dadapudekshipa' enpu'ni pektudekshipa' kanenchuma'.,"tanni'ma di'ser'itullina' tanpu'nen, pideknen.",U02683,G02458,medium,0.491436243057251,0.3269050717353821,0.1645311713218689,5
U02261,G02036,a nosotras mi padre ya no nos ha querido.,kudei'na ma'sha musu' kankanwapei'ñundek a'pinta' tatawek.,kui'na a'pinta' musu' eknanpi'ñu tatawek.,U02258,G02033,hard,0.6245050430297852,0.5659534931182861,0.05855154991149902,5
U02261,G02036,a nosotras mi padre ya no nos ha querido.,kudei'na ma'sha musu' kankanwapei'ñundek a'pinta' tatawek.,da'wanler kiteklli tatawek.,U02489,G02264,medium,0.6245050430297852,0.47304415702819824,0.15146088600158691,13
U02091,G01873,déjame sentarme.,ta'itula'u du'echek,ta'itula'u tekle'richek,U01497,G01314,hard,0.7573172450065613,0.6888439655303955,0.06847327947616577,10
U02091,G01873,déjame sentarme.,ta'itula'u du'echek,taitula'u katu'pe'chen,U00849,G00725,medium,0.7573172450065613,0.5912642478942871,0.16605299711227417,19
U02378,G02153,maíz crudo molido también se hierve en otra olla.,chiter nanpi peksanpi nananta' ali'la uktak a'ukluka'lek.,nu'sik ker' su'watek nananta' a'ukluka'lek ali'la uktak.,U02379,G02154,hard,0.5907217264175415,0.5031694769859314,0.08755224943161011,2
U02378,G02153,maíz crudo molido también se hierve en otra olla.,chiter nanpi peksanpi nananta' ali'la uktak a'ukluka'lek.,dasu'dekpilli yunsa'nnunta'lek ya'pi'dektak.,U02384,G02159,medium,0.5907217264175415,0.42004597187042236,0.17067575454711914,5
U03105,G02880,todos los hombres deberían ser como malallina.,nana malallinapu'wa'su' ñillin iñer enmu'pinen.,kenmami'na llumallunku'lupa' lomas.,U03165,G02940,hard,0.5893800854682922,0.4701186716556549,0.11926141381263733,2
U03105,G02880,todos los hombres deberían ser como malallina.,nana malallinapu'wa'su' ñillin iñer enmu'pinen.,a'pinta' ku'aperwawalusa' musu' eknanpipallun.,U02276,G02051,medium,0.5893800854682922,0.42848217487335205,0.16089791059494019,5
U03141,G02916,"viendo todas esas cosas, malallina dijo ¿esos dos hablantes de lengua española nos van a hacer todas esas cosas?",nanadaper imaka lli'an malallina tulli asu' katu'ta' ishpaña la'la' lunlusa' a'ta' kenmu'wa' utetchinerkenmu'wa'.,"adencha'n ima wa'an lekllina' -adanpilencha'llidek kuda, ¿luwandetchuma' a'cha? regresando le pidieron al gobernante -nosotros estamos volviendo,",U03087,G02862,medium,0.6851846575737,0.5061609745025635,0.17902368307113647,2
U02044,G01828,te premiaré.,panuerken,ekte'chechu,U00155,G00114,hard,0.7383758425712585,0.6601621508598328,0.07821369171142578,3
U02044,G01828,te premiaré.,panuerken,yuspeinet'echun,U00047,G00037,medium,0.7383758425712585,0.5757443308830261,0.16263151168823242,10
U02045,G01828,te recompensaré.,panuerken,yute'chek,U01765,G01566,hard,0.6690365672111511,0.618170976638794,0.05086559057235718,5
U02045,G01828,te recompensaré.,panuerken,patenchulek,U01417,G01237,medium,0.6690365672111511,0.5145894885063171,0.15444707870483398,12
U02513,G02288,ya el verano empezó. ¡vamos a pescar muchachos y muchachas! les dijo.,"ipa' ekkilala pilli'ncha'lli. ¡enchuku' pur'awa' nadi'neklusa', wilalunlusa'! itudekllima.","¡nantapiku'la', nasu'ku', wilalusa'! itudekllima.",U02946,G02721,medium,0.7309985160827637,0.5009766817092896,0.23002183437347412,2
U00196,G00151,estoy perfectamente.,u'chimuinchi ñapalek,amercha tekuasu' ñapalek,U00823,G00699,hard,0.7466951608657837,0.6761243343353271,0.07057082653045654,3
U00196,G00151,estoy perfectamente.,u'chimuinchi ñapalek,yuspeine'pi ñapina'ka,U02036,G01820,medium,0.7466951608657837,0.5957978963851929,0.15089726448059082,14
U03173,G02948,entonces el cura ha traído santitos chiquititos.,nanek imi'na pacher kelli u'ñishala shanchushala.,nanek ima wa'ki'lleklli urankasu' supinak ima.,U02888,G02663,hard,0.6001810431480408,0.5278646349906921,0.07231640815734863,4
U03173,G02948,entonces el cura ha traído santitos chiquititos.,nanek imi'na pacher kelli u'ñishala shanchushala.,ipa'li'na makinak peksanpallina' damellu'shasu'.,U02350,G02125,medium,0.6001810431480408,0.44924572110176086,0.1509353220462799,14
U02778,G02553,somos víctimas de (la ira de) arákayu.,arakayu nenchullinerkenmu'wa'.,tan ima pillekllenmu'wa' asu' arakayu.,U02764,G02539,hard,0.7324550151824951,0.6553789973258972,0.0770760178565979,2
U02778,G02553,somos víctimas de (la ira de) arákayu.,arakayu nenchullinerkenmu'wa'.,nu'sui'ma napi' arakayu pillek'aminerkenmu'wa' pa'lapinta'llinerkenmu'wa'.,U02751,G02526,medium,0.7324550151824951,0.5810970664024353,0.15135794878005981,5
U01637,G01447,¡estás bromeando!,¡si'lentapala!,!kaluwi'pala!,U00979,G00844,hard,0.7514771819114685,0.6802502870559692,0.07122689485549927,2
U01637,G01447,¡estás bromeando!,¡si'lentapala!,¡lupersu' ñapala!,U01608,G01419,medium,0.7514771819114685,0.601341962814331,0.15013521909713745,3
U00812,G00688,soy mujer.,ku'aper nuka'ka,sadasu' nuka'ka,U00821,G00697,hard,0.7250678539276123,0.6533695459365845,0.07169830799102783,4
U00812,G00688,soy mujer.,ku'aper nuka'ka,taserlunku nuka'ka,U01100,G00959,medium,0.7250678539276123,0.571991503238678,0.15307635068893433,16
U01878,G01672,"¡tom, respóndeme!","¡tom, na'piu!","tupiter', tom",U01154,G01006,medium,0.8087113499641418,0.5382951498031616,0.2704162001609802,2
U00972,G00838,se desmayó.,muisu' kankatulli,nupek'tulli,U01471,G01289,hard,0.7722132205963135,0.7122166156768799,0.059996604919433594,5
U00972,G00838,se desmayó.,muisu' kankatulli,saka'tulli.,U00222,G00174,medium,0.7722132205963135,0.6148396134376526,0.1573736071586609,16
U01389,G01214,estoy estornudando.,a'shupalek,lansa'palek,U00814,G00690,hard,0.7218840718269348,0.6649811863899231,0.05690288543701172,6
U01389,G01214,estoy estornudando.,a'shupalek,wicha'palek,U00086,G00059,medium,0.7218840718269348,0.5531263947486877,0.16875767707824707,16
U02851,G02626,"si hay tigre se lo mata, si hay anaconda de altura a esa también se la mata.","amana' ñichu di'tawa', ali'la erpilu' kupiwan ñipachi nananta' di'tawa'.","u'dun wawalu' wadek'a'kasu', u'dun wawalu' kua teksusu'kasu'.",U02300,G02075,hard,0.6397902965545654,0.5107513070106506,0.1290389895439148,2
U02851,G02626,"si hay tigre se lo mata, si hay anaconda de altura a esa también se la mata.","amana' ñichu di'tawa', ali'la erpilu' kupiwan ñipachi nananta' di'tawa'.","ala'musun wicha'pai, ali'la musui'na nanpiladapai.",U02864,G02639,medium,0.6397902965545654,0.48012611269950867,0.15966418385505676,4
U02559,G02334,cuentan que así sucedió hace mucho tiempo.,nu'sui'ma napi' nakulli.,kala ekkilala ima uketlli.,U02552,G02327,hard,0.6797880530357361,0.5832542181015015,0.09653383493423462,2
U02559,G02334,cuentan que así sucedió hace mucho tiempo.,nu'sui'ma napi' nakulli.,nu'awa' nu'pachi tanni'ma llisanala nu'tanna'.,U03074,G02849,medium,0.6797880530357361,0.5285658836364746,0.15122216939926147,5
U01728,G01530,ni idea.,ninchichi'nek,ma'nen nu'chi'nek,U01108,G00965,hard,0.7143608331680298,0.6610738635063171,0.053286969661712646,5
U01728,G01530,ni idea.,ninchichi'nek,luwanchi'nek,U00179,G00137,medium,0.7143608331680298,0.5642321109771729,0.15012872219085693,9
U00076,G00190,él vino.,nana uk'lli,nanek tawetchulli.,U02830,G02605,hard,0.7645994424819946,0.6808440685272217,0.08375537395477295,3
U00076,G00190,él vino.,nana uk'lli,uker'lli,U00356,G00287,medium,0.7645994424819946,0.6115639805793762,0.1530354619026184,7
U00240,G00190,ella vino.,nana uk'lli,nanek tawetchulli.,U02830,G02605,hard,0.7717859148979187,0.6842190027236938,0.08756691217422485,3
U00240,G00190,ella vino.,nana uk'lli,uker'lli,U00356,G00287,medium,0.7717859148979187,0.6169736981391907,0.15481221675872803,7
U00810,G00686,soy turca.,turka nuka'ka,chinu nuka'ka,U01057,G00917,medium,0.9148963689804077,0.7296234965324402,0.18527287244796753,2
U02222,G01999,pregúntaselo.,lekker',tañituker',U01161,G01013,hard,0.6196468472480774,0.5496686100959778,0.06997823715209961,9
U02222,G01999,pregúntaselo.,lekker',lataker'sa',U02082,G01864,medium,0.6196468472480774,0.4651482105255127,0.1544986367225647,45
U03092,G02867,"nuestro pueblo, los que viven en el barrio bajo, van a pandillar por el barrio bajo; los que viven por el barrio alto, por el barrio alto, dijeron.","ñinanlu'mapu'wa', chilenkek ña'su', chilenllupa' chu'kenetchu; winenllupa' ña'su', winenllupa', tanni'ma.","nerpi'lantetchuna' asu' kaiklusa', nadi'neklusa', taserpilusa', papinkulusa' tullima.",U02997,G02772,medium,0.7018260359764099,0.5378550887107849,0.163970947265625,2
U00367,G00298,es tarde.,er'wa nuka'a,ma'kinpu' nuka'a,U00847,G00723,medium,0.7148269414901733,0.5404928922653198,0.17433404922485352,2
U00965,G00831,¿quién viene?,¿den u'apilelli?,¿den ilanma' a'cha yapa'etchunma'?,U02907,G02682,hard,0.7299492359161377,0.6516972184181213,0.07825201749801636,10
U00965,G00831,¿quién viene?,¿den u'apilelli?,¿den'katu'pa'tulli?,U02194,G01973,medium,0.7299492359161377,0.5790329575538635,0.15091627836227417,17
U01595,G01406,¿te dispararon?,¿ilañiner'ken?,¿iya'tulama?,U01962,G01752,medium,0.7212507128715515,0.5626803636550903,0.15857034921646118,2
U01643,G01453,¿estoy calificado para el trabajo?,¿mupalek saka'tunanki?,¿tupitechunku?,U01348,G01175,hard,0.6770463585853577,0.6093387603759766,0.0677075982093811,2
U01643,G01453,¿estoy calificado para el trabajo?,¿mupalek saka'tunanki?,¿yennitulek pilli'tak?,U01336,G01164,medium,0.6770463585853577,0.5240137577056885,0.1530326008796692,5
U01169,G01019,¡qué vergüenza!,¡dakuta'lek!,¡u'chimu ñinalu'!,U01901,G01695,hard,0.4887794852256775,0.4300938546657562,0.058685630559921265,29
U00516,G00427,¡estoy feliz!,¡musu' nampipalek!,¡musu' kankanchi'nek!,U00510,G00421,hard,0.8076230883598328,0.7056787610054016,0.10194432735443115,2
U00516,G00427,¡estoy feliz!,¡musu' nampipalek!,u'chimuinchi ñapalek,U00196,G00151,medium,0.8076230883598328,0.6309929490089417,0.1766301393508911,5
U00814,G00690,estoy bailando.,lansa'palek,llinserchapalek,U01110,G00967,hard,0.7631284594535828,0.6907039880752563,0.07242447137832642,2
U00814,G00690,estoy bailando.,lansa'palek,neriapalek,U00827,G00703,medium,0.7631284594535828,0.5980377197265625,0.16509073972702026,7
U00194,G00149,soy justo. (soy bueno),mukankanku',kua nuka'ka,U00099,G00068,hard,0.6790148615837097,0.5984785556793213,0.08053630590438843,2
U00194,G00149,soy justo. (soy bueno),mukankanku',luanpi nuka'ka,U00344,G00275,medium,0.6790148615837097,0.5198527574539185,0.15916210412979126,5
U02256,G02031,después vivendo (solo) nuevamente mi padre encontró otra mujer.,nanekla nanapu'si'la nanpipan tatawek ali'la ku'aper kanañi.,tanak pa'an tatawek ilantulli.,U02485,G02260,medium,0.6803869605064392,0.5061085820198059,0.1742783784866333,2
U01570,G01381,tenemos planes.,a'ñapallidek ma'nen'un'ta' nu'tak,a'ñapalekwa' da'lusa',U02163,G01943,hard,0.6134635210037231,0.5359567999839783,0.07750672101974487,4
U01570,G01381,tenemos planes.,a'ñapallidek ma'nen'un'ta' nu'tak,nanadaper a'ñapallidek,U02185,G01965,medium,0.6134635210037231,0.4542824923992157,0.15918102860450745,12
U02112,G01893,repítemelo.,itununta'u,pinaner'u,U00304,G00243,hard,0.7453105449676514,0.6758355498313904,0.06947499513626099,3
U02112,G01893,repítemelo.,itununta'u,wintu'u,U01355,G01182,medium,0.7453105449676514,0.5906805396080017,0.15463000535964966,10
U02555,G02330,"(el jefe) hizo reunir a los policías, y cuando se reunieron les mandó que se vayan a ver y ellos vieron.","wala'wanlusi'ma a'idiuntundek'an, indiuntunser a'panta'deklli lli'unta'llina'.","ektu'sik ima muyunpak, nana inka' la'la' lunlusa'ler ima, yadi'tudeklli.",U02973,G02748,hard,0.6101074814796448,0.5246574878692627,0.08544999361038208,2
U02555,G02330,"(el jefe) hizo reunir a los policías, y cuando se reunieron les mandó que se vayan a ver y ellos vieron.","wala'wanlusi'ma a'idiuntundek'an, indiuntunser a'panta'deklli lli'unta'llina'.","nana anaka'ler pekdadeklli tan ima a'insekdiperdeklli, musu pilendek'anna':",U02917,G02692,medium,0.6101074814796448,0.45023733377456665,0.15987014770507812,9
U00142,G00103,anímate.,nanta'piker,inlli'inuer',U01871,G01665,hard,0.6145654320716858,0.5276877284049988,0.08687770366668701,3
U00142,G00103,anímate.,nanta'piker,sekdiperker' mutu'penkek,U00860,G00736,medium,0.6145654320716858,0.4585540294647217,0.1560114026069641,17
U02315,G02090,llevándolo ella también que enseñe por otros lugares,"ekpanta'n nananta' a'lekchii, a'lektan nanalupa'","a'lek'erken, ekpanta'n kenmanta' ñinchiter.",U02282,G02057,hard,0.5449584126472473,0.4736256003379822,0.07133281230926514,2
U02315,G02090,llevándolo ella también que enseñe por otros lugares,"ekpanta'n nananta' a'lekchii, a'lektan nanalupa'",dasu'dekpilli yunsa'nnunta'lek ya'pi'dektak.,U02384,G02159,medium,0.5449584126472473,0.3931339681148529,0.1518244445323944,7
U00567,G00471,tengo sueño.,yawichi'lek,nakusu' wichilek,U01418,G01238,hard,0.6860120892524719,0.6326243281364441,0.05338776111602783,3
U00567,G00471,tengo sueño.,yawichi'lek,wer'su' ñapalek,U00204,G00157,medium,0.6860120892524719,0.5352790355682373,0.15073305368423462,24
U00794,G00671,vendo autos.,uku'latapalek wa'nateka'asu',lanerapalek gas,U00795,G00672,hard,0.4618174731731415,0.41025134921073914,0.051566123962402344,7
U00794,G00671,vendo autos.,uku'latapalek wa'nateka'asu',a'apitulliner'ku,U01088,G00947,medium,0.4618174731731415,0.31139254570007324,0.15042492747306824,26
U02580,G02355,"jeberos, julio 2007","yuspainek'etchun, senñula'lusa'. muchas gracias, señoras.","yuyu'lusa', ¡da'kerku' u'ku!",U03060,G02835,hard,0.4761391878128052,0.3900432288646698,0.08609595894813538,2
U02580,G02355,"jeberos, julio 2007","yuspainek'etchun, senñula'lusa'. muchas gracias, señoras.","- uklek, alli'sha. penshapen luwanpa'llen.",U02878,G02653,medium,0.4761391878128052,0.3240257501602173,0.1521134376525879,4
U02492,G02267,con mi hermana mayor nomás me quedé.,kaikshawekleksa' llia'lek.,wilaluntamu sudawek kananek.,U02263,G02038,hard,0.6779519319534302,0.5852044224739075,0.0927475094795227,2
U02492,G02267,con mi hermana mayor nomás me quedé.,kaikshawekleksa' llia'lek.,ala'sa' ku'aperwawa luwektapallun.,U02273,G02048,medium,0.6779519319534302,0.5197585821151733,0.15819334983825684,4
U02388,G02163,ahí se enfría sola.,nanek sanek'i nanasa'.,nanek ima lanla' ñilli.,U02818,G02593,hard,0.6445996165275574,0.537283718585968,0.10731589794158936,2
U02388,G02163,ahí se enfría sola.,nanek sanek'i nanasa'.,kankanen ukunpala'lli.,U02884,G02659,medium,0.6445996165275574,0.48828184604644775,0.15631777048110962,3
U01110,G00967,estoy pintando.,llinserchapalek,si'lentapalek,U00767,G00645,hard,0.7283666729927063,0.6070479154586792,0.1213187575340271,3
U01110,G00967,estoy pintando.,llinserchapalek,inpalerichek,U01095,G00954,medium,0.7283666729927063,0.5715936422348022,0.15677303075790405,6
U01445,G01263,cogeré uno.,maechek alasa',kua panwilek'te'chek',U00186,G00142,hard,0.5888271331787109,0.5250794887542725,0.06374764442443848,2
U01445,G01263,cogeré uno.,maechek alasa',aku'ku' nanek,U01164,G01015,medium,0.5888271331787109,0.4372771978378296,0.15154993534088135,7
U02780,G02555,"los niños no conocen el paiche,","wilalusa' luwetchi'ñina' unma',","luwetchi'ñina' panwala,",U02782,G02557,hard,0.8433623313903809,0.7600138783454895,0.08334845304489136,3
U02780,G02555,"los niños no conocen el paiche,","wilalusa' luwetchi'ñina' unma',","ñi luwanchi'ñina',",U02327,G02102,medium,0.8433623313903809,0.6438009142875671,0.19956141710281372,7
U01392,G01216,los llamé.,peklu'deklek,peklu'tullina',U00892,G00764,medium,0.7569484114646912,0.5604079961776733,0.19654041528701782,4
U03139,G02914,las viejitas lloraban de hambre.,amilusi'ma' willekllina' ukki'lanna'.,wellek'apawi'ni'ma tekkiyallina'.,U03009,G02784,hard,0.756523847579956,0.6639052033424377,0.09261864423751831,3
U03139,G02914,las viejitas lloraban de hambre.,amilusi'ma' willekllina' ukki'lanna'.,sapana'lusa'sa' pekpillina'.,U02704,G02479,medium,0.756523847579956,0.5975760817527771,0.15894776582717896,5
U00137,G00098,apártate.,paker' ñilupa',usanker',U00021,G00508,hard,0.6225490570068359,0.5686440467834473,0.05390501022338867,21
U00649,G00541,tom llamó.,tom peklu'tulli,tom lanteñi,U00433,G00350,hard,0.8726862072944641,0.7358177900314331,0.136868417263031,2
U00649,G00541,tom llamó.,tom peklu'tulli,tom lunñi,U00668,G00558,medium,0.8726862072944641,0.7224584817886353,0.15022772550582886,3
U03162,G02937,"donde llumallun hemos ido a vivir, así dijo el otro.","llumallunkek ñikuñidek, tullima nana ali'la.","sametchapen panula'udek, chai, yallí' itullima.",U02628,G02403,hard,0.6089207530021667,0.491690069437027,0.11723068356513977,2
U03162,G02937,"donde llumallun hemos ido a vivir, así dijo el otro.","llumallunkek ñikuñidek, tullima nana ali'la.","dudinpu' ñiwiñi nanek, ta'ser lauktulek.",U03046,G02821,medium,0.6089207530021667,0.42559555172920227,0.18332520127296448,3
U00599,G00498,¡déjame salir!,¡ta'itula'u yunsue'chek!,¡ta'itula'u'ku yapanta'lek!,U00383,G00312,hard,0.8251829743385315,0.7256666421890259,0.09951633214950562,3
U00599,G00498,¡déjame salir!,¡ta'itula'u yunsue'chek!,¡ta'tu'la'ku!,U00594,G00494,medium,0.8251829743385315,0.6682354807853699,0.15694749355316162,11
U03154,G02929,"otros se han ido a quedar en un, este, pasto llamado chota.","ali'lima llia'kuñi ala'sa', ma'i, panpateklu' ima llillinen chota.","kenmami'na nana panpateklu' chota, chotanma'.",U03167,G02942,hard,0.5693970918655396,0.5074535608291626,0.06194353103637695,2
U03154,G02929,"otros se han ido a quedar en un, este, pasto llamado chota.","ali'lima llia'kuñi ala'sa', ma'i, panpateklu' ima llillinen chota.","sametchapen panula'udek, chai, yallí' itullima.",U02628,G02403,medium,0.5693970918655396,0.40995535254478455,0.159441739320755,4
U01677,G01483,¿te gusta?,¿iyatula?,¿peklu'tula?,U00706,G00592,hard,0.6116040945053101,0.5256504416465759,0.08595365285873413,6
U01677,G01483,¿te gusta?,¿iyatula?,¿lun'na?,U01340,G01168,medium,0.6116040945053101,0.4499489367008209,0.16165515780448914,14
U01149,G01002,escuchemos.,lauk'tawa',tuluner'aterwa',U00693,G00580,hard,0.8225695490837097,0.7386426329612732,0.08392691612243652,3
U01149,G01002,escuchemos.,lauk'tawa',lansa'wa',U00854,G00730,medium,0.8225695490837097,0.6662944555282593,0.15627509355545044,8
U03174,G02949,"allí, dice, a manuel, daniel, policarpo, pánfilo, después francisco, después, este, pancho, después había fidel, los puso en fila.","nanek ima mañer, dañer, pullikariu ma'i panfilo, nanek ima ransisko, nanek ima asu', ma'i, asu' pancho, nanek ima ñilli asu' pidir aku'llima da'kanchineksu'.","- nansek, asui'na iker'adu, asui'na ..ma'i.. a'lanan, asu' nerkala, terek, dunanser.... itudekllima.",U02654,G02429,hard,0.7261534333229065,0.5911470055580139,0.13500642776489258,2
U03174,G02949,"allí, dice, a manuel, daniel, policarpo, pánfilo, después francisco, después, este, pancho, después había fidel, los puso en fila.","nanek ima mañer, dañer, pullikariu ma'i panfilo, nanek ima ransisko, nanek ima asu', ma'i, asu' pancho, nanek ima ñilli asu' pidir aku'llima da'kanchineksu'.","ipa'li'na asu' ishpaña la'la' lunpatulekwa': pablo, pedro, daniel, carlos, augusto.",U03186,G02961,medium,0.7261534333229065,0.5675364136695862,0.1586170196533203,4
U01436,G01256,lo llamaré.,peclu'echek,peklue'chen,U01767,G01567,hard,0.753815770149231,0.7029015421867371,0.050914227962493896,2
U01436,G01256,lo llamaré.,peclu'echek,lata'echek,U00807,G00683,medium,0.753815770149231,0.5848720669746399,0.16894370317459106,9
U01291,G01122,estás loco.,wa'danpintek ñapala,aper'su' ñapala,U01304,G01135,hard,0.6813745498657227,0.6269177794456482,0.05445677042007446,8
U01291,G01122,estás loco.,wa'danpintek ñapala,sha'mu'su' nuka'ma,U01640,G01450,medium,0.6813745498657227,0.5219022631645203,0.1594722867012024,15
U00318,G00254,puedo correr.,yen'nitulek teka'ak',iyatulek kana'tak,U01730,G01532,hard,0.8274553418159485,0.7373707890510559,0.09008455276489258,4
U00318,G00254,puedo correr.,yen'nitulek teka'ak',yennitulek a'nañiak,U00770,G00647,medium,0.8274553418159485,0.6661694645881653,0.1612858772277832,7
U01510,G01325,sigamos adelante.,tupi'wa' ekter'lupa',teka'per'aterwa',U00690,G00577,hard,0.7788426280021667,0.6365124583244324,0.14233016967773438,3
U01510,G01325,sigamos adelante.,tupi'wa' ekter'lupa',adanta'wa',U01504,G01320,medium,0.7788426280021667,0.623444676399231,0.1553979516029358,4
U00361,G00292,funcionó.,saka'tulli,nana katu'patulli,U00220,G00172,medium,0.7765312194824219,0.5854834914207458,0.19104772806167603,3
U02024,G01809,despierto temprano.,nanpiladapalek shampasik,alantapalek kulliker',U01711,G01514,hard,0.6231641173362732,0.5497481226921082,0.07341599464416504,5
U02024,G01809,despierto temprano.,nanpiladapalek shampasik,ñapalek dakuta'su',U02048,G01831,medium,0.6231641173362732,0.4661138355731964,0.15705028176307678,11
U03137,G02912,"así dice, cuando no podían ver bien en la noche, vamos a regresar, decía (sekputchek).","tusik ima ipa' tulli ipa' mulli'chinpu'a'ser enchuku' adanta'wa', tullima.",nanek ima' pa'lli' ipa'linchi ala'sa' taserpima tulli enchuku' pa'awa' mutupik.,U03149,G02924,hard,0.4989566206932068,0.43317365646362305,0.06578296422958374,2
U03137,G02912,"así dice, cuando no podían ver bien en la noche, vamos a regresar, decía (sekputchek).","tusik ima ipa' tulli ipa' mulli'chinpu'a'ser enchuku' adanta'wa', tullima.",nanadaper imaka lli'an malallina tulli asu' katu'ta' ishpaña la'la' lunlusa' a'ta' kenmu'wa' utetchinerkenmu'wa'.,U03141,G02916,medium,0.4989566206932068,0.33874911069869995,0.16020750999450684,10
U03067,G02842,!pónganse de pie como varones! 10 se refiere a las autoridades españolas conocidos como apu'tek y sekputchek. léase el texto siguiente.,¡wanerku' enmu'pinenpu'su'!,¡ma'ki'na tek kualu'lusa' ta'wanchi!,U03083,G02858,hard,0.5147255063056946,0.45449987053871155,0.06022563576698303,4
U03067,G02842,!pónganse de pie como varones! 10 se refiere a las autoridades españolas conocidos como apu'tek y sekputchek. léase el texto siguiente.,¡wanerku' enmu'pinenpu'su'!,enta' winterkenma'. ¡lawekku'!,U03055,G02830,medium,0.5147255063056946,0.3621520400047302,0.15257346630096436,13
U01808,G01605,olvídalo ya.,ipa' pinanerker',a'nakuker',U00999,G00862,medium,0.6100573539733887,0.45966005325317383,0.15039730072021484,2
U01255,G01091,estamos perdiendo.,wer'apallidek,uki'lallidek,U01564,G01375,hard,0.8050587773323059,0.7304918766021729,0.07456690073013306,4
U01255,G01091,estamos perdiendo.,wer'apallidek,sipuk'ñapallidek,U02182,G01962,medium,0.8050587773323059,0.6437049508094788,0.16135382652282715,11
U02576,G02351,"cuando era niño me acercaba, sentándome cerca les escuchaba contar. 6 se expresa en shiwilu como late nuestro hígado.","wilaku ñamu kawitulek, du'pa'tamu laweklek lunpa'ser.","wilawi'nek'ipa' chiminpinek, uki'la di'tunansinku, kaluwi' uki'la di'tunansinku.",U02410,G02185,hard,0.5664798617362976,0.5059551000595093,0.06052476167678833,3
U02576,G02351,"cuando era niño me acercaba, sentándome cerca les escuchaba contar. 6 se expresa en shiwilu como late nuestro hígado.","wilaku ñamu kawitulek, du'pa'tamu laweklek lunpa'ser.","nu'amudek i'na kua taserpiku' nuka'ka, kui'na kanchis shunka' ekkilalawantulek ipa'.",U03121,G02896,medium,0.5664798617362976,0.3935610353946686,0.17291882634162903,9
U02018,G01803,pedí pizza.,pizza lektulek,luwantulek wayusa',U01419,G01239,medium,0.6991998553276062,0.4528726041316986,0.2463272511959076,2
U02190,G01970,¿qué falta?,¿ma'nenpawanpalli?,¿ma'nen ñapalli?,U00453,G00369,hard,0.7889848947525024,0.7130154371261597,0.07596945762634277,2
U02190,G01970,¿qué falta?,¿ma'nenpawanpalli?,¿ma'pu'su' ta'wantechu?,U01996,G01782,medium,0.7889848947525024,0.6153008937835693,0.1736840009689331,4
U00437,G00354,tomás votó.,tomas dek'lli,chuma wa'tentulli,U00669,G00559,hard,0.6208754181861877,0.5630805492401123,0.05779486894607544,5
U00437,G00354,tomás votó.,tomas dek'lli,tom latek'tulli,U00662,G00552,medium,0.6208754181861877,0.46817874908447266,0.1526966691017151,19
U03164,G02939,"en base a eso, entonces, el cura le puso (el nombre) ustedes son maka, maka15 les pusieron.","naneklima ipa'linchi pacherler aku'lli kenmami'na makanma', maka aku'deklli.","nanek ima ala'sa' taserpi yunsa'n tulli, iteklanen ima usañin musenkek aku'n tulli.",U02845,G02620,hard,0.5665472745895386,0.47343626618385315,0.09311100840568542,2
U03164,G02939,"en base a eso, entonces, el cura le puso (el nombre) ustedes son maka, maka15 les pusieron.","naneklima ipa'linchi pacherler aku'lli kenmami'na makanma', maka aku'deklli.",nana ali'lima tulli kui'na ñinchitulek nana mutupik nanpipalli llumallun13'.,U03161,G02936,medium,0.5665472745895386,0.4018246531486511,0.16472262144088745,7
U02258,G02033,pero a mí ya no me quería bien mi padre.,kui'na a'pinta' musu' eknanpi'ñu tatawek.,ku'apenñenleksa' musu' nanpillina' tatawek.,U02260,G02035,medium,0.7123644351959229,0.5434883236885071,0.16887611150741577,3
U02167,G01947,hablamos francés.,lumpallidek frances,ñinchitapallidek frances,U02168,G01948,hard,0.6701079607009888,0.6043818593025208,0.06572610139846802,2
U02167,G01947,hablamos francés.,lumpallidek frances,ñinchiter' italianu,U01491,G01308,medium,0.6701079607009888,0.43956801295280457,0.2305399477481842,5
U01433,G01253,seré breve.,wiuksu' ñin'chek,kawik ñapechek,U01761,G01563,hard,0.6282352209091187,0.5487160682678223,0.07951915264129639,2
U01433,G01253,seré breve.,wiuksu' ñin'chek,wichi'echek,U00088,G00061,medium,0.6282352209091187,0.4410404860973358,0.18719473481178284,6
U00695,G00582,trabajaremos.,saka'taterwa',kana'tapalekwa',U01592,G01403,hard,0.7983874082565308,0.7246673703193665,0.0737200379371643,4
U00695,G00582,trabajaremos.,saka'taterwa',tekle'rier'chidek,U00050,G00040,medium,0.7983874082565308,0.632637619972229,0.16574978828430176,5
U03062,G02837,diciéndoles así les ha hecho entrar y les dijo.,itudek'an ima a'da'dekan ima itudeklli.,nanek ima tekkinchi lupa' lenmeklli.,U02942,G02717,hard,0.572820782661438,0.5056120753288269,0.06720870733261108,2
U03062,G02837,diciéndoles así les ha hecho entrar y les dijo.,itudek'an ima a'da'dekan ima itudeklli.,"nu'anma' nanalek i'la inpamu'pi'ku', inpanka'pi'ku'.",U02541,G02316,medium,0.572820782661438,0.4187147915363312,0.1541059911251068,13
U03049,G02824,para que mis hijos y los hijos de todos nosotros lo lean y que ellos también conozcan.,"wilawek wilamapu'wa'lusa' lli'erkek, nawa'nta' luwetcherkek.","wilawamui'na nawa' lli'apallinerku, uran'ukeklan3, uweklan, iñerkeklan lli'apallinerku wilaweklusa'.",U02411,G02186,hard,0.5853418707847595,0.5306206345558167,0.05472123622894287,3
U03049,G02824,para que mis hijos y los hijos de todos nosotros lo lean y que ellos también conozcan.,"wilawek wilamapu'wa'lusa' lli'erkek, nawa'nta' luwetcherkek.","ñinchitapalekwa' ali'ladaperunta' nanpi'perkasu', ñi'na ñienpi' lli'dek'i'nekwa'.",U02836,G02611,medium,0.5853418707847595,0.43396082520484924,0.15138104557991028,20
U00450,G00366,después veremos.,nanekla lli'aterwa',ek'ker'chawa',U01509,G01324,hard,0.6376101970672607,0.5630179643630981,0.0745922327041626,4
U00450,G00366,después veremos.,nanekla lli'aterwa',lli'aterwa',U01589,G01400,medium,0.6376101970672607,0.4695872962474823,0.16802290081977844,8
U01331,G01159,¿puedo tenerlo?,¿yennitulek a'ñak?,¿yennitechek katu'pa'tak?,U00470,G00385,hard,0.7997525334358215,0.7189272046089172,0.0808253288269043,2
U01331,G01159,¿puedo tenerlo?,¿yennitulek a'ñak?,¿yennitulek lata'ak?,U01948,G01738,medium,0.7997525334358215,0.6473676562309265,0.15238487720489502,7
U00432,G00349,tomás condujo.,tomas ekpa'lli,tom idenmalli,U00657,G00547,hard,0.661278247833252,0.5990005731582642,0.06227767467498779,3
U00432,G00349,tomás condujo.,tomas ekpa'lli,tom malla'lli,U00665,G00555,medium,0.661278247833252,0.5075896382331848,0.15368860960006714,20
U00739,G00619,¿juegas boliche?,¿indekllitapala bulichi?,¿a'ñapala cerveza?,U02229,G02004,hard,0.6858378052711487,0.5787155032157898,0.10712230205535889,3
U00739,G00619,¿juegas boliche?,¿indekllitapala bulichi?,¿peklu'tula?,U00706,G00592,medium,0.6858378052711487,0.5100591778755188,0.17577862739562988,5
U00890,G00762,¡allá está!,¡nanek ñapalli!,¡mupalli!,U00103,G00072,hard,0.7867612242698669,0.6807041168212891,0.10605710744857788,2
U00890,G00762,¡allá está!,¡nanek ñapalli!,¡tekkinchi nuka'a!,U00372,G00303,medium,0.7867612242698669,0.5870487689971924,0.19971245527267456,3
U02974,G02749,"entonces, dice que había uno que entendía la lengua shiwilu.",da'ilek ala'si'mi'na lachik'apalli asu' shiwilu la'la'.,nanek imi'na pacher kelli u'ñishala shanchushala.,U03173,G02948,hard,0.7349337339401245,0.6442263722419739,0.09070736169815063,2
U02974,G02749,"entonces, dice que había uno que entendía la lengua shiwilu.",da'ilek ala'si'mi'na lachik'apalli asu' shiwilu la'la'.,napi' wilashakuñamu asu' shiwilu la'la' mushasu' lunek.,U02399,G02174,medium,0.7349337339401245,0.5689708590507507,0.16596287488937378,3
U01960,G01750,¿me oíste?,¿lauk'lun?,¿lachek'la?,U00024,G01474,hard,0.854902446269989,0.705460250377655,0.14944219589233398,2
U01960,G01750,¿me oíste?,¿lauk'lun?,¿lu'wan'nun?,U01966,G01755,medium,0.854902446269989,0.6849960088729858,0.16990643739700317,4
U02866,G02641,"en la mañana, cuando salgan (de su mosquitero), todos ustedes cuenten qué han soñado.","dasu'la yunsa'nma', lunku' ma'pu'sui'pa' wa'latulama'.",nanpincha'a'ser nawa' nanpiladaperkek walek ali'la musun'unta' wichi'chu'.,U02865,G02640,hard,0.5687599182128906,0.4740649461746216,0.09469497203826904,2
U02866,G02641,"en la mañana, cuando salgan (de su mosquitero), todos ustedes cuenten qué han soñado.","dasu'la yunsa'nma', lunku' ma'pu'sui'pa' wa'latulama'.","enchuku', inlli'inuku'la' yalli'lusa' enpu'ninchi yawichi'tama' nanpiladaku'.",U02863,G02638,medium,0.5687599182128906,0.40962186455726624,0.1591380536556244,6
U00038,G00032,escuché.,lau'tulek,lauk'llien,U00781,G00658,hard,0.8797080516815186,0.7505687475204468,0.12913930416107178,2
U00038,G00032,escuché.,lau'tulek,lauk'tapawinek,U02034,G01818,medium,0.8797080516815186,0.7125101089477539,0.16719794273376465,3
U01984,G01771,todos sonrieron.,iñer'daper yamerladallina',iñer' tumu'llina',U01685,G01490,hard,0.753963828086853,0.6724727749824524,0.08149105310440063,2
U01984,G01771,todos sonrieron.,iñer'daper yamerladallina',iñer' kana'tullina',U01353,G01180,medium,0.753963828086853,0.593004584312439,0.16095924377441406,4
U00893,G00765,bailaron.,lansa'llina',lansa'pallina',U02144,G01924,hard,0.6938973069190979,0.6287540793418884,0.06514322757720947,10
U00893,G00765,bailaron.,lansa'llina',kanañina',U01538,G01350,medium,0.6938973069190979,0.5262637138366699,0.16763359308242798,26
U02323,G02098,el shiwilu que yo hablo no lo saben.,shiwilu lu'nkasu' ñinchichi'ñina'.,shiwilu la'la'mapu'wa' u'chimusha.,U02396,G02171,hard,0.7312549352645874,0.5897570848464966,0.14149785041809082,2
U02323,G02098,el shiwilu que yo hablo no lo saben.,shiwilu lu'nkasu' ñinchichi'ñina'.,"a'pinta' kaschilleklansa' lunna', ñi a'pinta' shiwilu la'la' lunpi'ñina'.",U02413,G02188,medium,0.7312549352645874,0.5148682594299316,0.21638667583465576,3
U00698,G00797,estamos acá.,asek ñapallidek,wanerawa' asek,U02105,G01886,hard,0.8766937255859375,0.7932661771774292,0.0834275484085083,4
U00698,G00797,estamos acá.,asek ñapallidek,watendawa' asek,U02106,G01887,medium,0.8766937255859375,0.7074921131134033,0.16920161247253418,10
U00762,G00797,aquí estamos.,asek ñapallidek,nanadaper a'ñapallidek,U02185,G01965,hard,0.827911376953125,0.7443689107894897,0.08354246616363525,4
U00762,G00797,aquí estamos.,asek ñapallidek,asek a'ñapala,U01535,G01347,medium,0.827911376953125,0.6568025946617126,0.17110878229141235,11
U00928,G00797,estamos aquí.,asek ñapallidek,adipi ka'awa',U01502,G01318,hard,0.8570604920387268,0.7776815295219421,0.07937896251678467,4
U00928,G00797,estamos aquí.,asek ñapallidek,a'ñapallidek,U01256,G01092,medium,0.8570604920387268,0.6988974213600159,0.15816307067871094,9
U00970,G00836,se desmayaron.,muisu' kankantullina,anu'llina',U00430,G00347,hard,0.7790398001670837,0.723026692867279,0.05601310729980469,3
U00970,G00836,se desmayaron.,muisu' kankantullina,inwiperi'llina',U00896,G00767,medium,0.7790398001670837,0.612799882888794,0.1662399172782898,17
U00164,G00122,él habló.,nana lunñi,nana lamapu'lli,U01045,G00905,hard,0.7146837711334229,0.6410576701164246,0.07362610101699829,2
U00164,G00122,él habló.,nana lunñi,analli,U00360,G00291,medium,0.7146837711334229,0.5602550506591797,0.15442872047424316,5
U02141,G01921,están discutiendo.,inyutapallina',tumu'pallina',U01547,G01359,hard,0.6392520666122437,0.5754072666168213,0.06384479999542236,4
U02141,G01921,están discutiendo.,inyutapallina',yamerladallina',U00899,G00770,medium,0.6392520666122437,0.48124417662620544,0.1580078899860382,7
U02326,G02101,y han olvidado la lengua shiwilu.,ipa'li'na shiwilu la'la' pinanetllina'.,ipa'la nu'anna' ipa' shiwilu la'la' pinaner'apilallina'.,U03120,G02895,hard,0.5946356654167175,0.5378636121749878,0.056772053241729736,4
U02326,G02101,y han olvidado la lengua shiwilu.,ipa'li'na shiwilu la'la' pinanetllina'.,napi' wilashakuñamu asu' shiwilu la'la' mushasu' lunek.,U02399,G02174,medium,0.5946356654167175,0.44030457735061646,0.15433108806610107,11
U01885,G01679,deberíamos ayudar.,katu'pa'tuwinansu',yinnitullidek katu'pa'tak,U00930,G00799,hard,0.7176744937896729,0.661306619644165,0.05636787414550781,6
U01885,G01679,deberíamos ayudar.,katu'pa'tuwinansu',yennitulekwa' nu'tak,U01234,G01073,medium,0.7176744937896729,0.5478282570838928,0.16984623670578003,15
U01265,G01100,eres bueno.,u'chimu nuka'ma,sha'mu'su' nuka'ma,U01640,G01450,hard,0.6944671273231506,0.615530788898468,0.07893633842468262,2
U01265,G01100,eres bueno.,u'chimu nuka'ma,mukankan ñiker',U00054,G00043,medium,0.6944671273231506,0.5315219759941101,0.16294515132904053,9
U02987,G02762,"de ahí ya no quisieron hilar, ya no desmotaban el algodón, ya no hacían ovillo.","nanekla ñi a'pinta' yapitetchi'ñina', ñi ananchi'ñina', ñi asu' pankuellinchi'ñina'.","napi'pui'mi'na ñi nawa', asu' shiwiluku'lusa', samerunta' luwetchi'ñina'.",U02630,G02405,hard,0.7300882935523987,0.6200674176216125,0.11002087593078613,2
U02987,G02762,"de ahí ya no quisieron hilar, ya no desmotaban el algodón, ya no hacían ovillo.","nanekla ñi a'pinta' yapitetchi'ñina', ñi ananchi'ñina', ñi asu' pankuellinchi'ñina'.","tanni'ma insekdipellina', uklulu'nenna' a'nu'tullina' sadina' yekpanna'.",U02870,G02645,medium,0.7300882935523987,0.5772826671600342,0.1528056263923645,4
U03008,G02783,"una vez que las vendían, (los hermanos) se escondían y las abandonaban, se venían (a jeberos) dejándolas.","uku'latudek'anna', insekkilapidek'anna', uk'lapincha'dekllina' nana.","nana sekputchekkui'na di'tanna, inpasetllina', inluyullina'.",U03148,G02923,hard,0.6779124140739441,0.6066031455993652,0.07130926847457886,7
U03008,G02783,"una vez que las vendían, (los hermanos) se escondían y las abandonaban, se venían (a jeberos) dejándolas.","uku'latudek'anna', insekkilapidek'anna', uk'lapincha'dekllina' nana.","du'anna', wa'inutanna', nerpi'pu' ñiper'dekllina' nana pa'lusa'.",U03016,G02791,medium,0.6779124140739441,0.5025866031646729,0.17532581090927124,13
U03073,G02848,"tal vez querrás estar viendo que a tu esposa, a tu hija, a tus hijos varones los estén azotando.","nanipa' luwantula' yalli'apalinpa' sadanpen, teklapinpen, erkunpenlusa' llipu'taperkasu'.","wilawamui'na nawa' lli'apallinerku, uran'ukeklan3, uweklan, iñerkeklan lli'apallinerku wilaweklusa'.",U02411,G02186,hard,0.6242589950561523,0.5379130244255066,0.08634597063064575,2
U03073,G02848,"tal vez querrás estar viendo que a tu esposa, a tu hija, a tus hijos varones los estén azotando.","nanipa' luwantula' yalli'apalinpa' sadanpen, teklapinpen, erkunpenlusa' llipu'taperkasu'.","ñiñi'wa pekla'su', wawaser willek'a'su', llise'nkasu', diwek'erkasu', peklu'terkasu'.",U02570,G02345,medium,0.6242589950561523,0.4698312282562256,0.15442776679992676,5
U00474,G00389,ven solo.,wenller' kenmasa',ka'ker' iñer',U01683,G01488,hard,0.6584693789482117,0.5749578475952148,0.08351153135299683,2
U00474,G00389,ven solo.,wenller' kenmasa',kenmasa' yunsanker',U01490,G01307,medium,0.6584693789482117,0.5050966143608093,0.15337276458740234,9
U01261,G01097,¿quién desapareció?,¿den wer'lli?,¿den kana'tulli?,U01605,G01416,hard,0.8213931918144226,0.717061460018158,0.10433173179626465,7
U01261,G01097,¿quién desapareció?,¿den wer'lli?,¿den'ina' teka'lli?,U00129,G00092,medium,0.8213931918144226,0.660662829875946,0.16073036193847656,13
U03069,G02844,ahí está echado un shungo (palo sangre). ¡hagan mazos.,unkuenñan pek kua'palli. ¡llisanala nu'tu'ku'!,ma'atasu' nala inner'apalli. ¡wanera!,U02547,G02322,hard,0.6589807868003845,0.5928126573562622,0.06616812944412231,2
U03069,G02844,ahí está echado un shungo (palo sangre). ¡hagan mazos.,unkuenñan pek kua'palli. ¡llisanala nu'tu'ku'!,enta' winterkenma'. ¡lawekku'!,U03055,G02830,medium,0.6589807868003845,0.4845784306526184,0.1744023561477661,3
U01873,G01667,falta tomás.,pawanpalli chuma,amu utek'wañi,U01695,G01498,hard,0.5202054977416992,0.420109361410141,0.10009613633155823,4
U01873,G01667,falta tomás.,pawanpalli chuma,chuma wa'tentulli,U00669,G00559,medium,0.5202054977416992,0.3597399890422821,0.16046550869941711,9
U00066,G00050,largo,shin,kishu,U00283,G00228,hard,0.6135866641998291,0.5582008957862854,0.0553857684135437,7
U00066,G00050,largo,shin,maker',U00112,G00079,medium,0.6135866641998291,0.44868430495262146,0.16490235924720764,10
U01080,G00939,lo llamé.,pekklu'lek,luantulek,U00329,G00264,medium,0.782380223274231,0.585598349571228,0.19678187370300293,4
U03106,G02881,"hubiéramos extinguido a todos los de habla española,","nana asu' ishpaña la'la'lunlusa' lliketchudeknanta'ser,","enpu'nipa' kenmu'wa' samerwanpanansu'wa',",U02766,G02541,hard,0.6373249292373657,0.5657621622085571,0.0715627670288086,2
U03106,G02881,"hubiéramos extinguido a todos los de habla española,","nana asu' ishpaña la'la'lunlusa' lliketchudeknanta'ser,","nasu'ku' ipia'laklanek itudekllima wilalusa',",U02937,G02712,medium,0.6373249292373657,0.47869759798049927,0.15862733125686646,9
U00733,G00874,acercate.,kawiter',uencher',U00144,G00104,hard,0.6652430295944214,0.600799560546875,0.06444346904754639,3
U00733,G00874,acercate.,kawiter',a'nakuker',U00999,G00862,medium,0.6652430295944214,0.5146422982215881,0.15060073137283325,25
U01011,G00874,acércate.,kawiter',anu'ker',U00149,G00109,hard,0.730315625667572,0.6698409914970398,0.06047463417053223,15
U01011,G00874,acércate.,kawiter',tek'ker',U00132,G00094,medium,0.730315625667572,0.5784606337547302,0.1518549919128418,36
U01257,G01093,¿quiénes son?,¿denlusa'cha?,¿denlusa'acha?,U00961,G00827,hard,0.7741613984107971,0.7159010767936707,0.058260321617126465,2
U01257,G01093,¿quiénes son?,¿denlusa'cha?,¿nana'cha?,U00580,G00482,medium,0.7741613984107971,0.6014861464500427,0.1726752519607544,4
U00505,G00417,es inteligente.,ñinchidinusu'nuka'a,sakeknansu' nuka'a,U01484,G01302,hard,0.5930807590484619,0.5398609042167664,0.05321985483169556,3
U00505,G00417,es inteligente.,ñinchidinusu'nuka'a,saka'ta'masu'pu'su' lli'tula,U01915,G01706,medium,0.5930807590484619,0.44046783447265625,0.15261292457580566,19
U00705,G00591,¿quién gritó?,¿den lamapu'lli?,¿den lauk'tulli?,U01259,G01095,hard,0.9070031046867371,0.8054593205451965,0.10154378414154053,2
U00705,G00591,¿quién gritó?,¿den lamapu'lli?,¿den inllipu'iteklatulli?,U00963,G00829,medium,0.9070031046867371,0.6849364638328552,0.22206664085388184,3
U00415,G00335,tú mantente.,llia'ker' kenma,kenmamentu,U00279,G00224,medium,0.654844343662262,0.5038478374481201,0.15099650621414185,3
U03140,G02915,"a los muchachos, queriendo agarrar pejecitos con canasto, cuando se iban, se los comían las fieras.","wilalusi'ma, ya'dandektanna', pa'anna', anaka'lli'na'.","chillenllusa' pa'a'ser winenllupa', winellun winenpenllusa'nta' yullina'.",U03096,G02871,hard,0.666686475276947,0.5725788474082947,0.09410762786865234,3
U03140,G02915,"a los muchachos, queriendo agarrar pejecitos con canasto, cuando se iban, se los comían las fieras.","wilalusi'ma, ya'dandektanna', pa'anna', anaka'lli'na'.","uku'latudek'anna', insekkilapidek'anna', uk'lapincha'dekllina' nana.",U03008,G02783,medium,0.666686475276947,0.5048061013221741,0.16188037395477295,8
U00991,G00855,¿estás enfermo?,¿kaluwipala?,¿chacha'wanpala?,U00989,G00853,hard,0.7801089286804199,0.7126893997192383,0.06741952896118164,15
U00991,G00855,¿estás enfermo?,¿kaluwipala?,weipensu' ñapala,U01296,G01127,medium,0.7801089286804199,0.6238669753074646,0.15624195337295532,24
U01131,G00984,sigue bailando.,lansa'per'i'la,yamerladaper'i'la,U02083,G01865,hard,0.7218248248100281,0.6643292307853699,0.0574955940246582,3
U01131,G00984,sigue bailando.,lansa'per'i'la,nerpi'pu' yamer'ker,U02084,G01866,medium,0.7218248248100281,0.5650327801704407,0.1567920446395874,6
U02069,G01852,todo terminó.,iñer' ta'wantulli,nanek ta'wantulli.,U02816,G02591,hard,0.7265609502792358,0.6079328656196594,0.11862808465957642,2
U02069,G01852,todo terminó.,iñer' ta'wantulli,saka'tulli.,U00222,G00174,medium,0.7265609502792358,0.5396532416343689,0.18690770864486694,6
U00518,G00429,sé leer.,ñinchitapalek lun'ak,luwer'chapalek,U00529,G00438,hard,0.8035812973976135,0.7068189382553101,0.09676235914230347,2
U00518,G00429,sé leer.,ñinchitapalek lun'ak,luwer'chulek,U02020,G01805,medium,0.8035812973976135,0.6498344540596008,0.1537468433380127,6
U01539,G01351,te conocen.,luwer'chapalliñer'ken,tandenñiden,U00934,G00803,hard,0.7549965381622314,0.6844916343688965,0.07050490379333496,2
U01539,G01351,te conocen.,luwer'chapalliñer'ken,a'chiyek'echiden,U01891,G01685,medium,0.7549965381622314,0.6037276983261108,0.1512688398361206,4
U01277,G01111,prometió.,nana tuwiñi nu'techu,ilanñi,U01172,G01021,hard,0.5969190001487732,0.524854302406311,0.07206469774246216,5
U01277,G01111,prometió.,nana tuwiñi nu'techu,tekkinchima itulli:,U02627,G02402,medium,0.5969190001487732,0.4398232698440552,0.15709573030471802,21
U01197,G01038,me conocían.,luwer'chuwiñiner'ku,luwer'chi'ñiner'ku,U02131,G01911,hard,0.7754390239715576,0.660608172416687,0.1148308515548706,3
U01197,G01038,me conocían.,luwer'chuwiñiner'ku,ilanñiner'ku,U01778,G01577,medium,0.7754390239715576,0.5907978415489197,0.18464118242263794,4
U00188,G00143,soy calvo.,nuwek'mutu'ku,ku'aper nuka'ka,U00812,G00688,hard,0.7112694382667542,0.6576310396194458,0.05363839864730835,23
U00188,G00143,soy calvo.,nuwek'mutu'ku,mukankanku',U00194,G00149,medium,0.7112694382667542,0.5610083937644958,0.1502610445022583,34
U02647,G02422,"vino la corvina,","lapi'samer uklli,","damer'ita yunsu'lli,",U02749,G02524,hard,0.7364285588264465,0.6814827919006348,0.05494576692581177,7
U02647,G02422,"vino la corvina,","lapi'samer uklli,","tanpen mudei'ma shipen,",U02735,G02510,medium,0.7364285588264465,0.5738417506217957,0.16258680820465088,14
U02063,G01846,¿respira?,¿neriapalli?,¿kaser'llincha?,U01469,G01287,hard,0.5972093939781189,0.517888605594635,0.07932078838348389,12
U02063,G01846,¿respira?,¿neriapalli?,¿ma'tulli?,U02188,G01968,medium,0.5972093939781189,0.44397467374801636,0.15323472023010254,23
U03166,G02941,y ustedes que fueron a vivir a los dos cerros que forman como una boca abierta son laulate.,kenmami'na lawekklatekkek ñikunama' laulate.,kenmami'na llumallunku'lupa' lomas.,U03165,G02940,hard,0.6030752658843994,0.5194360613822937,0.08363920450210571,2
U03166,G02941,y ustedes que fueron a vivir a los dos cerros que forman como una boca abierta son laulate.,kenmami'na lawekklatekkek ñikunama' laulate.,ta'ser kuanta' taserpiku'lusa' laukdeklek du'amu weilan.,U02789,G02564,medium,0.6030752658843994,0.4409654438495636,0.16210982203483582,4
U03048,G02823,¡ojalá alguna vez llegue escrito esto que estamos hablando!,¡ma'allimi'na enpi' uklli llinserpi namasu' lunpa'kawa'su' ektu'nchinaa!,¡enchuku' di'tawa' asu' katu'ta'!,U03063,G02838,hard,0.6719197630882263,0.5595083236694336,0.11241143941879272,2
U03048,G02823,¡ojalá alguna vez llegue escrito esto que estamos hablando!,¡ma'allimi'na enpi' uklli llinserpi namasu' lunpa'kawa'su' ektu'nchinaa!,naneklima llia'lli asu' wa'dan panpateklu' ipa'la walek luwetchapalekwa'.,U03130,G02905,medium,0.6719197630882263,0.47273319959640503,0.1991865634918213,6
U01469,G01287,¿es dulce?,¿kaser'llincha?,¿mupallin'cha?,U00574,G00478,hard,0.7824435830116272,0.7312931418418884,0.05115044116973877,3
U01469,G01287,¿es dulce?,¿kaser'llincha?,¿nu'su' nuka'a?,U00581,G00483,medium,0.7824435830116272,0.6322348117828369,0.15020877122879028,11
U01477,G01295,no dolerá.,ku'la ikerinchu,ku'la pa'chinchu,U01478,G01296,hard,0.7865814566612244,0.7256208062171936,0.06096065044403076,2
U01477,G01295,no dolerá.,ku'la ikerinchu,ku'la iker'i'ñi,U02066,G01849,medium,0.7865814566612244,0.6284736394882202,0.15810781717300415,5
U02569,G02344,"hasta ahora escuchamos y vemos gallos que cantan,","ipa'la walek lauk'apallidek, lli'apallidek wa'dantek pekla'su',","wilalusa' ipa'la kaschilla' la'leklansa' lunna',",U02325,G02100,medium,0.7899457812309265,0.5936864018440247,0.19625937938690186,2
U02544,G02319,de ahí sí voltéense y miren.,"nanekla, nanekla'nka pi'shek'anma' lli'ku'.","- enta'n, er'washinchi lli'kunkenma'.",U02929,G02704,hard,0.642577588558197,0.5491313934326172,0.09344619512557983,3
U02544,G02319,de ahí sí voltéense y miren.,"nanekla, nanekla'nka pi'shek'anma' lli'ku'.","enta'n, nawa' kerka' ñinchilli'npu'la'pi'na'.",U03028,G02803,medium,0.642577588558197,0.46950802206993103,0.173069566488266,7
U00092,G00064,estoy gordo.,weipensu' ñapalek,ñapalek dakuta'su',U02048,G01831,hard,0.7136910557746887,0.6609833836555481,0.052707672119140625,24
U00092,G00064,estoy gordo.,weipensu' ñapalek,makek saka'tapi'nek,U01773,G01574,medium,0.7136910557746887,0.5577237606048584,0.15596729516983032,44
U02401,G02176,"pero no la desvío, todavía la sé bien.","ma'shi'na teknerinek, ñinchitapalek i'la.",nerpi'pu' innichi'nek lli'inuta'kasu' lunpa'kasu'.,U02285,G02060,hard,0.6365664005279541,0.49554935097694397,0.14101704955101013,2
U02401,G02176,"pero no la desvío, todavía la sé bien.","ma'shi'na teknerinek, ñinchitapalek i'la.","a'urkenma' uklupidek, dinpunen a'urkenma'.",U03061,G02836,medium,0.6365664005279541,0.4731145203113556,0.1634518802165985,3
U02418,G02193,"sí, aquí estoy, hermana. ven a visitarme.","- ajá, ñapalek, ñañá. uker lli'ker'ú.","- mamá, uk'apincha'lek menmiklan.",U02448,G02223,medium,0.7095528841018677,0.5589116811752319,0.15064120292663574,2
U02845,G02620,"ahí dice un viejo se levantó y dijo, levantó su mano en alto y dijo:","nanek ima ala'sa' taserpi yunsa'n tulli, iteklanen ima usañin musenkek aku'n tulli.",nanek ima ala'sa' taserpi wa'latutek tulli:,U02913,G02688,hard,0.6140152812004089,0.5507788062095642,0.06323647499084473,3
U02845,G02620,"ahí dice un viejo se levantó y dijo, levantó su mano en alto y dijo:","nanek ima ala'sa' taserpi yunsa'n tulli, iteklanen ima usañin musenkek aku'n tulli.","nanima pennu'pilenchan, unchan itudeklli:",U02520,G02295,medium,0.6140152812004089,0.45858126878738403,0.1554340124130249,12
U02741,G02516,"¡así hagan entonces ustedes, vayan a hacer la pesca!","- ¡nu'ku' nu'pachi kenmama', pur'unta'ku'!","-!ma'sha, ta'tuler kenma! kenmeipa' luwantula llikanerchapinpu'erkensu'",U03072,G02847,medium,0.7522271275520325,0.5803083777427673,0.17191874980926514,2
U02696,G02471,"ahora sí ustedes sufrirán hambre,","ipa'laka kenmama' uki'la nakuchuma',","ipa'la a'pinta' ñinchillintanna',",U02804,G02579,medium,0.7457671761512756,0.5407599806785583,0.20500719547271729,2
U00940,G00808,nosotros conduciremos.,kuda ekpekchidek,kana'tapalekwa',U01592,G01403,hard,0.6369129419326782,0.561393141746521,0.07551980018615723,2
U00940,G00808,nosotros conduciremos.,kuda ekpekchidek,kua panwilek'te'chek',U00186,G00142,medium,0.6369129419326782,0.4848529100418091,0.15206003189086914,12
U01867,G01661,vienen.,uk'apilellina',pa'llina',U01208,G01049,hard,0.6322420239448547,0.5785937905311584,0.05364823341369629,10
U01867,G01661,vienen.,uk'apilellina',anu'llina',U00430,G00347,medium,0.6322420239448547,0.4729219675064087,0.15932005643844604,24
U01599,G01410,¿qué ocurrió?,¿ma'nen'a'cha nakulli?,¿ma'tulli?,U02188,G01968,hard,0.8028566241264343,0.698825478553772,0.10403114557266235,2
U01599,G01410,¿qué ocurrió?,¿ma'nen'a'cha nakulli?,¿ma'nen ñapalli?,U00453,G00369,medium,0.8028566241264343,0.6319171190261841,0.17093950510025024,4
U01622,G01433,hueles mal.,anapila,chi'yek llina',U01196,G01037,hard,0.5780999064445496,0.47589895129203796,0.1022009551525116,3
U01622,G01433,hueles mal.,anapila,yayamerladata,U00744,G00624,medium,0.5780999064445496,0.4199851453304291,0.15811476111412048,4
U01822,G01618,seamos valientes.,ñiawa' nantapitek lusa',chiminllinkekla nampipalekwa',U00939,G00807,hard,0.649311363697052,0.5529946684837341,0.09631669521331787,2
U01822,G01618,seamos valientes.,ñiawa' nantapitek lusa',nantapitek ñiker',U01044,G00904,medium,0.649311363697052,0.4988323450088501,0.1504790186882019,12
U02470,G02245,"hasta hoy, hasta ahora no se levanta.","ipa'lalek, ipa'la walek yunsi'ñi.",ipa'linchi a'pi'dektapa'sik ukllapilelli.,U02385,G02160,medium,0.7618926763534546,0.5652652978897095,0.19662737846374512,2
U01424,G01244,quiero ganar.,yakana'lek,yaintekllitulek,U01747,G01549,hard,0.7263669967651367,0.6374382972717285,0.0889286994934082,2
U01424,G01244,quiero ganar.,yakana'lek,luwantulek saka'tak,U01735,G01537,medium,0.7263669967651367,0.5563377141952515,0.17002928256988525,5
U02471,G02246,el canasto habló ¿por qué ustedes se burlaron de mí?,nana lantekpi luñi ¿ma'ki'na kenmama' lumellama'u'ku?,itullinerkudek ¿ma'nen i'na kenmama' yalauklama'?,U02791,G02566,hard,0.6668611168861389,0.6122323274612427,0.05462878942489624,2
U02471,G02246,el canasto habló ¿por qué ustedes se burlaron de mí?,nana lantekpi luñi ¿ma'ki'na kenmama' lumellama'u'ku?,- nu'amuntana luwanpallen. ¿ma'pun a'cha kai kuawek lli'ker'i'ñu? tapalek.,U02420,G02195,medium,0.6668611168861389,0.48082277178764343,0.18603834509849548,4
U01191,G01034,así es.,nu'su' nuka'a,nanasa',U01533,G01842,hard,0.6727904081344604,0.6203709840774536,0.052419424057006836,6
U01191,G01034,así es.,nu'su' nuka'a,ma'kinpu' nuka'a,U00847,G00723,medium,0.6727904081344604,0.5042438507080078,0.16854655742645264,13
U00600,G01313,déjame ver.,ta'itula'u lli'echek,ta'itula'u lek'techek,U02089,G01871,hard,0.8116913437843323,0.7122721672058105,0.09941917657852173,3
U00600,G01313,déjame ver.,ta'itula'u lli'echek,ta'itula'u yada'lek,U00385,G00313,medium,0.8116913437843323,0.6366905570030212,0.17500078678131104,9
U01496,G01313,déjame verlo.,ta'itula'u lli'echek,ta'itula'u lek'techek,U02089,G01871,hard,0.8389360904693604,0.7365245819091797,0.10241150856018066,3
U01496,G01313,déjame verlo.,ta'itula'u lli'echek,ta'itula'u wintechen,U01818,G01615,medium,0.8389360904693604,0.6774333119392395,0.16150277853012085,7
U02836,G02611,"sabemos que otros también viven, pero nunca les hemos visto.","ñinchitapalekwa' ali'ladaperunta' nanpi'perkasu', ñi'na ñienpi' lli'dek'i'nekwa'.",kenmu'wa' chimiansikwa' ma'ilipa' lli'tetchu tullini'ma napi'.,U03041,G02816,medium,0.7803869843482971,0.5210506319999695,0.25933635234832764,2
U01056,G00916,te admiro.,kenmapu'su' ñiina'ka,musu' a'cha kankantulama' kenmama'.,U03066,G02841,hard,0.5265600085258484,0.4749918282032013,0.051568180322647095,13
U01056,G00916,te admiro.,kenmapu'su' ñiina'ka,u'chimu nuka'ma,U01265,G01100,medium,0.5265600085258484,0.37587323784828186,0.15068677067756653,43
U00433,G00350,tom teje.,tom lanteñi,tom peklu'tulli,U00649,G00541,hard,0.7659787535667419,0.7143723964691162,0.05160635709762573,9
U00433,G00350,tom teje.,tom lanteñi,tom inllipu'itek'latulli,U01551,G01363,medium,0.7659787535667419,0.6153262257575989,0.15065252780914307,19
U02335,G02110,les voy a enseñar la elaboración de la chicha punta.,a'lek'etchenma' kuda ukluta'kudeksu'.,sellawa kualer a'uk'apencha'deklek.,U02670,G02445,medium,0.69728022813797,0.5287836194038391,0.16849660873413086,2
U00792,G00669,necesito tiempo.,insek'dipersu' ñapi'nek,luwantulek kulliker',U01085,G00944,hard,0.5448158383369446,0.48821181058883667,0.05660402774810791,18
U02383,G02158,antes las abuelitas ya finadas hacían sedama de los tallos de la palmera ma'a.,napi' amishaku'lusa' nu'tullina' ukllin ma'alanlankekla.,nu'sik nu'eklima nana muyunpak ektu'llina' tullina' papinkuku'lusa'.,U03004,G02779,hard,0.6545869708061218,0.5851296782493591,0.0694572925567627,2
U02383,G02158,antes las abuelitas ya finadas hacían sedama de los tallos de la palmera ma'a.,napi' amishaku'lusa' nu'tullina' ukllin ma'alanlankekla.,nanek waleksa' winterkenma' asu' malallina idenma'su' ispaña la'la'lusa'lek.,U03123,G02898,medium,0.6545869708061218,0.5020685195922852,0.15251845121383667,3
U02727,G02502,entonces dice que ahí llamó al hombre candela.,nanek ima ipa'linchi tanpen peklu'lli.,naneklimaka asu' nana lanla' pitunta' uwentunta'lli.,U02831,G02606,hard,0.7646758556365967,0.706058144569397,0.05861771106719971,2
U02727,G02502,entonces dice que ahí llamó al hombre candela.,nanek ima ipa'linchi tanpen peklu'lli.,nu'sikla'nka asu' panpadek sennanlusa' wetlli.,U02808,G02583,medium,0.7646758556365967,0.5794010162353516,0.18527483940124512,10
U01699,G01502,parece enfadada.,yupa'masu'pusu' lli'tula,kaluwinanpu'su' lli'tula,U01616,G01427,hard,0.676702082157135,0.5899367332458496,0.0867653489112854,5
U01699,G01502,parece enfadada.,yupa'masu'pusu' lli'tula,we'inutapalli,U01704,G01507,medium,0.676702082157135,0.5068012475967407,0.1699008345603943,7
U01626,G01437,eras mío.,kuakin ñiwina,inapiken nuka'ma,U00977,G01449,hard,0.6487346291542053,0.5240746736526489,0.1246599555015564,2
U01626,G01437,eras mío.,kuakin ñiwina,¿kenma'cha'?,U00355,G00286,medium,0.6487346291542053,0.4903603792190552,0.15837424993515015,8
U02270,G02045,"como varios de ellos han estudiado ellos me dan mi comida,","ñinchillintulusa' ñanna' nu'unta' nawa' enka'pallinerku ka'a'kasu',","iñer ñinchita'kudeksu' napi'ku'lusa'ki,",U02306,G02081,medium,0.7378907203674316,0.5548778176307678,0.18301290273666382,2
U00914,G00784,tom inhaló.,tom lanerlli,tom lansa'palli,U00651,G00543,hard,0.7837929129600525,0.7329044938087463,0.05088841915130615,14
U00914,G00784,tom inhaló.,tom lanerlli,tom indek'lli,U00659,G00549,medium,0.7837929129600525,0.6286860704421997,0.15510684251785278,22
U02699,G02474,diciendo esto arákayu se fue río abajo.,tan ima arakayu nu'wanta'lli.,arakayu ima pillektutek.,U02717,G02492,hard,0.808832049369812,0.7207908034324646,0.08804124593734741,8
U02699,G02474,diciendo esto arákayu se fue río abajo.,tan ima arakayu nu'wanta'lli.,tan ima pillekllenmu'wa' asu' arakayu.,U02764,G02539,medium,0.808832049369812,0.6435753107070923,0.16525673866271973,15
U01309,G01140,¿estás sola?,¿kenmashasa' ñapala?,¿wer'su' ñapala?,U00990,G00854,hard,0.7494446635246277,0.684640645980835,0.06480401754379272,2
U01309,G01140,¿estás sola?,¿kenmashasa' ñapala?,¿a'ñapala?,U01671,G01478,medium,0.7494446635246277,0.5982863903045654,0.15115827322006226,10
U00278,G00224,tú primero.,kenmamentu,kenma techu,U00707,G00593,hard,0.6904797554016113,0.6143672466278076,0.07611250877380371,3
U00278,G00224,tú primero.,kenmamentu,sekdiperker' kenmalek,U01812,G01609,medium,0.6904797554016113,0.5371021032333374,0.15337765216827393,11
U00279,G00224,usted primero.,kenmamentu,kenmasa' yunsanker',U01490,G01307,hard,0.6975044012069702,0.6421529054641724,0.05535149574279785,6
U00279,G00224,usted primero.,kenmamentu,ekpa'ker kenmalek,U01811,G01608,medium,0.6975044012069702,0.5328300595283508,0.16467434167861938,13
U01572,G01383,necesitamos dinero.,kulliker' luwantullidek,luwantullidek,U01242,G01080,hard,0.7248428463935852,0.6107290983200073,0.11411374807357788,4
U01572,G01383,necesitamos dinero.,kulliker' luwantullidek,- pen luwanpa'lliyen.,U02930,G02705,medium,0.7248428463935852,0.5251530408859253,0.1996898055076599,6
U02151,G01931,están trabajando.,saka'tapallina',lansa'pallina',U02144,G01924,medium,0.8598565459251404,0.6306626200675964,0.22919392585754395,2
U01908,G01702,¿lo harán?,¿nu'techuma'?,¿nu'techu'?,U01907,G01701,hard,0.7558702826499939,0.6877554655075073,0.06811481714248657,2
U01908,G01702,¿lo harán?,¿nu'techuma'?,¿wenche'chun?,U01646,G01456,medium,0.7558702826499939,0.5533870458602905,0.20248323678970337,4
U01199,G01040,se negaron.,luwanchi'ñina',anu'llina',U00430,G00347,hard,0.7157061100006104,0.6101915836334229,0.1055145263671875,3
U01199,G01040,se negaron.,luwanchi'ñina',dekllina',U00643,G00536,medium,0.7157061100006104,0.5595394372940063,0.156166672706604,4
U03089,G02864,ya malalina ha muerto. ella era la que sentía rencor.,ipa' malallina chimiñi. nana asu' luyuta'su'.,nu'an ipa' yunsu'n panta'lli. 7 hizo daño.,U02726,G02501,medium,0.7738550305366516,0.5180674195289612,0.25578761100769043,2
U00449,G00365,nosotros esperamos.,kuda wa'tentulidek,wa'ten'u'kudek,U00922,G00791,hard,0.698174774646759,0.6353887915611267,0.06278598308563232,2
U00449,G00365,nosotros esperamos.,kuda wa'tentulidek,lauk'tapallidek,U02180,G01960,medium,0.698174774646759,0.5285234451293945,0.1696513295173645,3
U00085,G01223,dormí.,wichi'lek,nampilek,U00546,G00452,hard,0.7785240411758423,0.6782485246658325,0.10027551651000977,3
U00085,G01223,dormí.,wichi'lek,aper'lek,U01408,G01229,medium,0.7785240411758423,0.5928444862365723,0.18567955493927002,5
U01399,G01223,me dormí.,wichi'lek,wicha'pawinek,U01754,G01556,hard,0.7974027395248413,0.6837608218193054,0.11364191770553589,3
U01399,G01223,me dormí.,wichi'lek,aper'lek,U01408,G01229,medium,0.7974027395248413,0.6120967864990234,0.18530595302581787,5
U02411,G02186,"pero como tengo hijos ellos me están viendo, de mi comida, de mi bebida, de todo me están viendo mis hijos.","wilawamui'na nawa' lli'apallinerku, uran'ukeklan3, uweklan, iñerkeklan lli'apallinerku wilaweklusa'.","wilawi'nek'ipa' chiminpinek, uki'la di'tunansinku, kaluwi' uki'la di'tunansinku.",U02410,G02185,hard,0.7958953976631165,0.6543724536895752,0.14152294397354126,2
U02411,G02186,"pero como tengo hijos ellos me están viendo, de mi comida, de mi bebida, de todo me están viendo mis hijos.","wilawamui'na nawa' lli'apallinerku, uran'ukeklan3, uweklan, iñerkeklan lli'apallinerku wilaweklusa'.","ñiñi'wa pekla'su', wawaser willek'a'su', llise'nkasu', diwek'erkasu', peklu'terkasu'.",U02570,G02345,medium,0.7958953976631165,0.6131724119186401,0.18272298574447632,3
U02848,G02623,yo ya he soñado.,kua ipa' wa'latulek.,kua nanasa' lunek.,U02510,G02285,hard,0.6381146907806396,0.5510398149490356,0.087074875831604,2
U02848,G02623,yo ya he soñado.,kua ipa' wa'latulek.,nana a'lek'apalek.,U02314,G02089,medium,0.6381146907806396,0.48355358839035034,0.1545611023902893,4
U02995,G02770,dice que ahí se puso de pie un viejo y dijo: ahora sí hemos conocido otro pueblo. porque ya se aproxima el día del perecimiento (el día del fin) estamos así.,nanek ima ala'sa' taserpi waneran tulli ipa'la'ka ali'la ñinanlu' luwetchulekwa'. ipa' wer'uklli kawi'ta'su malek u'apalekwa'.,nanadaper imaka lli'an malallina tulli asu' katu'ta' ishpaña la'la' lunlusa' a'ta' kenmu'wa' utetchinerkenmu'wa'.,U03141,G02916,medium,0.70421302318573,0.5357806086540222,0.16843241453170776,2
U01372,G01197,quiere más.,a'pinta' luwantulli,luwantulek ali'la,U01744,G01546,medium,0.7944161891937256,0.6016817092895508,0.1927344799041748,2
U02834,G02609,"ahí, dice, las personas del pueblo se concentraron primero, el jefe les llamó:","nanek ima ñinanlu' indiuntuñina' nanentu, wa'anler peklu'deklli.","lli'kerenni'ma tullina'ka nawa', nana a'lachekta'su', lawer'a'su' tulli:",U03126,G02901,hard,0.6607309579849243,0.565344512462616,0.09538644552230835,3
U02834,G02609,"ahí, dice, las personas del pueblo se concentraron primero, el jefe les llamó:","nanek ima ñinanlu' indiuntuñina' nanentu, wa'anler peklu'deklli.",tanni'ma kawinta'llini'ma yunsu'lli pidekñikla. lli'dek'an peklu'deklli:,U02587,G02362,medium,0.6607309579849243,0.4923578202724457,0.16837313771247864,7
U00096,G00066,soy tímido.,tekua'dande'ku,kuakeksa' lli'inupalek,U00828,G00704,hard,0.7242499589920044,0.6481229662895203,0.07612699270248413,4
U00096,G00066,soy tímido.,tekua'dande'ku,taserpiku',U00172,G00130,medium,0.7242499589920044,0.5741308331489563,0.1501191258430481,12
U02738,G02513,"entonces el pueblo en asamblea dijo,","ipa'linchi ñinanlu' indiuntun tulli,",nu'an ima waneran tulli:,U02695,G02470,hard,0.6025712490081787,0.5458228588104248,0.056748390197753906,12
U02738,G02513,"entonces el pueblo en asamblea dijo,","ipa'linchi ñinanlu' indiuntun tulli,","ñi yalui'ñina',",U02328,G02103,medium,0.6025712490081787,0.44747430086135864,0.15509694814682007,27
U01204,G01045,ellos vendrán.,nawa' wenche'chuna',wei ek'tue'chuna',U01631,G01442,hard,0.7681334018707275,0.7056652307510376,0.06246817111968994,3
U01204,G01045,ellos vendrán.,nawa' wenche'chuna',nawa'sa' nanpichuna'.,U02733,G02508,medium,0.7681334018707275,0.6172091960906982,0.1509242057800293,6
U00471,G00386,lleva esto.,ekpa'ker' asu',tenmian'suer' asu',U00624,G00519,hard,0.7249831557273865,0.6742894649505615,0.05069369077682495,9
U00471,G00386,lleva esto.,ekpa'ker' asu',linserker' asu',U00413,G00333,medium,0.7249831557273865,0.5725045204162598,0.1524786353111267,20
U02308,G02083,de las tías (paternas) finadas.,inetchaku'lusa'ki.,"kaikku'lusa'ki,",U02307,G02082,hard,0.6472945213317871,0.5500214099884033,0.09727311134338379,2
U02308,G02083,de las tías (paternas) finadas.,inetchaku'lusa'ki.,dudinpu' samer.,U02648,G02423,medium,0.6472945213317871,0.46433672308921814,0.18295779824256897,4
U02956,G02731,"dice que de madrugada, al levantarse, venteó la ceniza con abanico y de ahí salieron zancudos, tábanos, tabanillos negros, toda clase de insectos que no valen.","nanek ima dasu'la yunsa'n a'uluntulli, tekkinchima nanekla yunkelli iyun, tunka, etchu, dudinpu' lli'la muinpu'a'su'.","nanek ima mañer, dañer, pullikariu ma'i panfilo, nanek ima ransisko, nanek ima asu', ma'i, asu' pancho, nanek ima ñilli asu' pidir aku'llima da'kanchineksu'.",U03174,G02949,hard,0.6677462458610535,0.5777035355567932,0.09004271030426025,2
U02956,G02731,"dice que de madrugada, al levantarse, venteó la ceniza con abanico y de ahí salieron zancudos, tábanos, tabanillos negros, toda clase de insectos que no valen.","nanek ima dasu'la yunsa'n a'uluntulli, tekkinchima nanekla yunkelli iyun, tunka, etchu, dudinpu' lli'la muinpu'a'su'.","- nansek, asui'na iker'adu, asui'na ..ma'i.. a'lanan, asu' nerkala, terek, dunanser.... itudekllima.",U02654,G02429,medium,0.6677462458610535,0.48369133472442627,0.1840549111366272,6
U02320,G02095,"jóvenes,","nadi'neklusa',","mukankinpu'lusa' uksu'ketchina',",U02731,G02506,hard,0.6586624383926392,0.5413146018981934,0.1173478364944458,3
U02320,G02095,"jóvenes,","nadi'neklusa',","iñer ñinchita'kudeksu' napi'ku'lusa'ki,",U02306,G02081,medium,0.6586624383926392,0.507713258266449,0.15094918012619019,4
U02300,G02075,"hartos hijos he parido, hartos hijos he criado.","u'dun wawalu' wadek'a'kasu', u'dun wawalu' kua teksusu'kasu'.","a'urkenma' uklupidek, dinpunen a'urkenma'.",U03061,G02836,hard,0.6976086497306824,0.6402539014816284,0.057354748249053955,2
U02300,G02075,"hartos hijos he parido, hartos hijos he criado.","u'dun wawalu' wadek'a'kasu', u'dun wawalu' kua teksusu'kasu'.","akusutuker'anna' a'ka'llinerku, a'uranñinerku.",U02444,G02219,medium,0.6976086497306824,0.5377112030982971,0.15989744663238525,8
U02972,G02747,"después de pasar (ese lugar peligroso), amaneciéndose, llegaron a moyobamba.","naku'tanni'ma, ukllinantanna', ektu'llina' muyunpak.","tanni'ma insekdipellina', uklulu'nenna' a'nu'tullina' sadina' yekpanna'.",U02870,G02645,medium,0.7231541872024536,0.5631072521209717,0.16004693508148193,2
U02309,G02084,van consumiéndose todos.,taker'apilallina' iñer.,iñer' panwilek'tullina',U01686,G01491,hard,0.627009391784668,0.5744435787200928,0.052565813064575195,3
U02309,G02084,van consumiéndose todos.,taker'apilallina' iñer.,iñer'daper' mallia'llina',U01983,G01770,medium,0.627009391784668,0.47357168793678284,0.15343770384788513,11
U03090,G02865,"ahora nosotros, ahora este pueblo se ha dividido en dos: barrio bajo y barrio alto.","ipa'li'na' kenmu'wa', ipa' asu' ñinanlu' katu'ta' ñillin: chilen, winen.","ipa'li'na asu' ishpaña la'la' lunpatulekwa': pablo, pedro, daniel, carlos, augusto.",U03186,G02961,hard,0.6254128217697144,0.47980859875679016,0.1456042230129242,2
U03090,G02865,"ahora nosotros, ahora este pueblo se ha dividido en dos: barrio bajo y barrio alto.","ipa'li'na' kenmu'wa', ipa' asu' ñinanlu' katu'ta' ñillin: chilen, winen.","tusik ima ipa' tulli ipa' mulli'chinpu'a'ser enchuku' adanta'wa', tullima.",U03137,G02912,medium,0.6254128217697144,0.4475780427455902,0.17783477902412415,3
U01061,G00920,comí manzanas.,ka'lek manzanas,nutulek tanta'shala,U01731,G01533,medium,0.7221838235855103,0.5350580215454102,0.1871258020401001,2
U02066,G01849,no duele.,ku'la iker'i'ñi,ku'la saka'chi'ñi,U01789,G01588,hard,0.7435171604156494,0.6544338464736938,0.08908331394195557,2
U02066,G01849,no duele.,ku'la iker'i'ñi,ku'la u'wa'ta'pi'ñi,U02241,G02016,medium,0.7435171604156494,0.5825290679931641,0.16098809242248535,5
U02147,G01927,están casados.,sadasu' ñapallina',muinsu' ñapallina',U01868,G01662,hard,0.7254815101623535,0.6306277513504028,0.09485375881195068,2
U02147,G01927,están casados.,sadasu' ñapallina',kualek ñapallina',U02150,G01930,medium,0.7254815101623535,0.5716435313224792,0.15383797883987427,6
U02726,G02501,"ocurrido esto, (arákayu) salió del lugar y se fue.",nu'an ipa' yunsu'n panta'lli. 7 hizo daño.,nanek ima ipa'linchi tanpen peklu'lli.,U02727,G02502,hard,0.6254063248634338,0.573232114315033,0.05217421054840088,13
U02726,G02501,"ocurrido esto, (arákayu) salió del lugar y se fue.",nu'an ipa' yunsu'n panta'lli. 7 hizo daño.,sekkankatan indi'dektulli sadinlek.,U02700,G02475,medium,0.6254063248634338,0.4744904637336731,0.15091586112976074,47
U00101,G00070,"yo, también.",kuanta',nanasa',U02059,G01842,hard,0.631683349609375,0.5409432053565979,0.0907401442527771,2
U00101,G00070,"yo, también.",kuanta',¿kenma?,U01903,G01697,medium,0.631683349609375,0.44905856251716614,0.18262478709220886,6
U00303,G00242,síguenos.,tupi'tu'udek,da'awa',U00856,G00732,hard,0.7716296911239624,0.6380231380462646,0.13360655307769775,5
U00303,G00242,síguenos.,tupi'tu'udek,pa'awa',U00857,G00733,medium,0.7716296911239624,0.6180494427680969,0.15358024835586548,8
U02188,G01968,¿qué dijo?,¿ma'tulli?,¿ikerli?,U01465,G01283,hard,0.6735912561416626,0.5930300951004028,0.08056116104125977,3
U02188,G01968,¿qué dijo?,¿ma'tulli?,¿den lauk'tulli?,U01259,G01095,medium,0.6735912561416626,0.5130758285522461,0.1605154275894165,16
U01649,G01458,¿estás soltero?,¿inapiken ñapala?,¿sudasu'cha ñapala?,U01941,G01731,hard,0.7198737263679504,0.6485798358917236,0.0712938904762268,9
U01649,G01458,¿estás soltero?,¿inapiken ñapala?,¿wilawanpala'?,U02231,G02006,medium,0.7198737263679504,0.5502271056175232,0.16964662075042725,21
U02058,G01841,estoy constipado.,ñapalek a'mechailusu,perwatendusu' ñapalek,U01452,G01270,hard,0.8164873123168945,0.7660712003707886,0.05041611194610596,31
U02058,G01841,estoy constipado.,ñapalek a'mechailusu,insek'diperpi ñapalek,U00347,G00278,medium,0.8164873123168945,0.6550609469413757,0.1614263653755188,39
U02070,G01853,fue emocionante.,musu' ñapawiñi,saka'dek'inpu' lli'tulli,U01794,G01593,hard,0.5659990906715393,0.5151841044425964,0.05081498622894287,12
U02070,G01853,fue emocionante.,musu' ñapawiñi,lliaka'uk enka'lina,U02115,G01896,medium,0.5659990906715393,0.4147549867630005,0.15124410390853882,35
U01768,G01568,soy principiante.,tenmiansu'palek,tekua'dande'ku,U00096,G00066,hard,0.6897928714752197,0.5911257266998291,0.09866714477539062,3
U01768,G01568,soy principiante.,tenmiansu'palek,nuwek'mutu'ku,U00188,G00143,medium,0.6897928714752197,0.5355930924415588,0.1541997790336609,12
U02732,G02507,sólo los de buen corazón sobrevivirán.,mukankanlusa'sa' dansu'chuna'.,nanentu pa'erkasu' anaker'chuna' iñerdaper.,U02855,G02630,hard,0.5569040179252625,0.4952438771724701,0.06166014075279236,2
U02732,G02507,sólo los de buen corazón sobrevivirán.,mukankanlusa'sa' dansu'chuna'.,chipetcheknenna'si'ma' pektentapalli.,U02911,G02686,medium,0.5569040179252625,0.40554407238960266,0.1513599455356598,11
U01227,G01066,tom hablará.,tom lun'echu,tom wellek'echu,U00674,G00564,hard,0.8157760500907898,0.7163695096969604,0.09940654039382935,2
U01227,G01066,tom hablará.,tom lun'echu,tom lauktapalli,U00915,G00785,medium,0.8157760500907898,0.6345983743667603,0.18117767572402954,8
U00586,G00487,está vacío.,inantek' nuka'a,nanpipalli,U00585,G00486,hard,0.627429187297821,0.5659070611000061,0.06152212619781494,12
U00586,G00487,está vacío.,inantek' nuka'a,neria'masu' ñapalli,U02207,G01984,medium,0.627429187297821,0.47232258319854736,0.15510660409927368,30
U00851,G00727,déjame vivir.,taitula'u nanpiak,ta'itula'u tekdiperechek,U02090,G01872,hard,0.7649127244949341,0.7046996355056763,0.06021308898925781,5
U00851,G00727,déjame vivir.,taitula'u nanpiak,ta'itula'u lek'techek,U02089,G01871,medium,0.7649127244949341,0.6009294390678406,0.1639832854270935,18
U00885,G00757,¡alto! ¡ladrón!,¡wanerker'! ¡apechutek!,"!paku', adanta'ku'! itudekllini'ma'.",U02529,G02304,hard,0.6585453152656555,0.5653287172317505,0.09321659803390503,2
U00885,G00757,¡alto! ¡ladrón!,¡wanerker'! ¡apechutek!,¡nanpiker'!,U00119,G00085,medium,0.6585453152656555,0.5032671093940735,0.15527820587158203,14
U01328,G01156,pidan ayuda.,lektuku' katu'pa',katu'pa' luwantula,U01619,G01430,hard,0.6522766947746277,0.5236994624137878,0.12857723236083984,4
U01328,G01156,pidan ayuda.,lektuku' katu'pa',katu'pa',U01046,G00906,medium,0.6522766947746277,0.48266565799713135,0.16961103677749634,5
U03065,G02840,"no se cansan de reñirnos, no dejan de pegarnos, ¿acaso eso es bueno?","tukaner'chi'ñinerkenmu'wa', llikaner'chi'ñinerkenmu'wa', ¿nana'cha mulli?","adencha'n ima wa'an lekllina' -adanpilencha'llidek kuda, ¿luwandetchuma' a'cha? regresando le pidieron al gobernante -nosotros estamos volviendo,",U03087,G02862,medium,0.768549382686615,0.5509353280067444,0.2176140546798706,2
U00892,G00764,llamaron.,peklu'tullina',dekllina',U00643,G00536,medium,0.8149726986885071,0.6057721972465515,0.20920050144195557,2
U02462,G02237,como el motelo caminaba.,madupu'su' dekkuntuwiñi.,nana lantekpi dekkuntulli.,U02460,G02235,hard,0.6463299989700317,0.5454715490341187,0.10085844993591309,2
U02462,G02237,como el motelo caminaba.,madupu'su' dekkuntuwiñi.,penwanpasik pidekñik.,U02584,G02359,medium,0.6463299989700317,0.48892343044281006,0.15740656852722168,4
U03083,G02858,¡que los cobardes se terminen!,¡ma'ki'na tek kualu'lusa' ta'wanchi!,¡wanerku' enmu'pinenpu'su'!,U03067,G02842,hard,0.7296160459518433,0.671050488948822,0.05856555700302124,3
U03083,G02858,¡que los cobardes se terminen!,¡ma'ki'na tek kualu'lusa' ta'wanchi!,¡ta'ituku' du'ak!,U00882,G00754,medium,0.7296160459518433,0.5715352892875671,0.15808075666427612,7
U01340,G01168,¿hablaste?,¿lun'na?,¿lauk'lun?,U01960,G01750,hard,0.7593276500701904,0.6677770614624023,0.09155058860778809,7
U01340,G01168,¿hablaste?,¿lun'na?,¿iyatula?,U01677,G01483,medium,0.7593276500701904,0.6082413792610168,0.15108627080917358,15
U00155,G00114,se adelantará.,ekte'chechu,wei ek'tue'chu,U01632,G01443,hard,0.7036177515983582,0.6037573218345642,0.09986042976379395,2
U00155,G00114,se adelantará.,ekte'chechu,panper'echuna',U01865,G01659,medium,0.7036177515983582,0.5374667048454285,0.1661510467529297,5
U00823,G00699,estoy nervioso.,amercha tekuasu' ñapalek,insek'diperpi ñapalek,U00347,G00278,hard,0.6772864460945129,0.6108407974243164,0.06644564867019653,28
U00823,G00699,estoy nervioso.,amercha tekuasu' ñapalek,u'chimuñapalek,U00192,G00147,medium,0.6772864460945129,0.5112564563751221,0.16602998971939087,43
U02800,G02575,¿qué les voy a dar de comer a mis hijos? diciendo.,¿wilaweklusa' ma'nen i'na a'ka'dek'etchek? tanna'.,kua usha'wanek a'lek'inpu'dek'amu wilaweklusa'.,U02303,G02078,medium,0.7258893251419067,0.5570564270019531,0.1688328981399536,2
U00193,G00148,he terminado.,a'ta'wantulek,yanpu'lek,U01721,G01524,hard,0.7529993057250977,0.671288013458252,0.0817112922668457,2
U00193,G00148,he terminado.,a'ta'wantulek,a'aper'lek',U00175,G00133,medium,0.7529993057250977,0.6012418270111084,0.15175747871398926,4
U03191,G02966,"así quizás somos, o no quizás. no creo yo.","la'i nu'lekweipa', ku'leipa'. latekchi'lek kua.","ñi anaki'nterwa', ñi tekkwi'nterwa'.",U02853,G02628,hard,0.6177967190742493,0.48840656876564026,0.129390150308609,2
U03191,G02966,"así quizás somos, o no quizás. no creo yo.","la'i nu'lekweipa', ku'leipa'. latekchi'lek kua.","ma'pu'si'na kua ku'aperku ñamu... iñer itapallenma' wanerku', nu'su' waneretchuma', ma'ata'na.",U03068,G02843,medium,0.6177967190742493,0.4473947286605835,0.17040199041366577,5
U00952,G00819,¡qué pérdida!,¡embu'ni wer'ipa'!,!embu'ni we'inuipa'!,U00959,G00825,hard,0.6960750222206116,0.6314082741737366,0.064666748046875,2
U00952,G00819,¡qué pérdida!,¡embu'ni wer'ipa'!,¡embu'ni luwer'chi'ñi!,U00955,G00822,medium,0.6960750222206116,0.5442295670509338,0.15184545516967773,13
U00557,G00462,soy torpe.,ma'kimpu nuka'ka,ku'aper nuka'ka,U00812,G00688,hard,0.7698294520378113,0.7117494940757751,0.05807995796203613,10
U00557,G00462,soy torpe.,ma'kimpu nuka'ka,turka nuka'ka,U00810,G00686,medium,0.7698294520378113,0.6099205613136292,0.15990889072418213,30
U00806,G00682,trabajo aquí.,saka'tapallek asek,asek nanpipalek,U00784,G00661,hard,0.7657697200775146,0.6609718203544617,0.10479789972305298,2
U00806,G00682,trabajo aquí.,saka'tapallek asek,mapu'sina asek',U00522,G00433,medium,0.7657697200775146,0.6045651435852051,0.16120457649230957,3
U00005,G00003,¿quién?,¿den?,¿denlusa'cha?,U01257,G01093,medium,0.9086784720420837,0.6731979250907898,0.23548054695129395,2
U02197,G01977,anoten eso.,llinser'ku' nana,llinser'ker' nana,U02196,G01975,hard,0.7742311954498291,0.7239950299263,0.05023616552352905,3
U02197,G01977,anoten eso.,llinser'ku' nana,sek'diperku' asu',U00375,G00306,medium,0.7742311954498291,0.6233924627304077,0.1508387327194214,12
U02200,G01977,anoten esto.,llinser'ku' nana,llinser'ker' nana,U02196,G01975,hard,0.745846688747406,0.6956376433372498,0.05020904541015625,8
U02200,G01977,anoten esto.,llinser'ku' nana,ekpa'ker' asu',U00471,G00386,medium,0.745846688747406,0.5945963859558105,0.15125030279159546,24
U00672,G00562,tom bostezó.,tom lauki'lli,tom tukulu'palli,U00667,G00557,hard,0.7808405160903931,0.7085443735122681,0.072296142578125,11
U00672,G00562,tom bostezó.,tom lauki'lli,tom musu' lunpi'ñi,U01224,G01063,medium,0.7808405160903931,0.6188578009605408,0.1619827151298523,22
U00329,G00264,lo necesito.,luantulek,yawerannek,U01422,G01242,hard,0.5419812798500061,0.4907134473323822,0.0512678325176239,23
U02640,G02415,no lloren!,aner yawellektama'!,¡yawa'tentutama!,U00492,G00405,hard,0.6730706095695496,0.5567167401313782,0.11635386943817139,5
U02640,G02415,no lloren!,aner yawellektama'!,yalunta',U00490,G00403,medium,0.6730706095695496,0.502948522567749,0.17012208700180054,12
U01182,G01029,¡relajate!,¡latada'ker'!,¡wer'ker'!,U00150,G00110,hard,0.7492674589157104,0.6888047456741333,0.06046271324157715,8
U01182,G01029,¡relajate!,¡latada'ker'!,¡daker'ku'!,U00059,G00047,medium,0.7492674589157104,0.5924229621887207,0.15684449672698975,22
U00036,G00031,estoy levantado.,yunsansu' ñapalek,wa'danpintek ñapalek,U00340,G00273,hard,0.7653990387916565,0.7147759199142456,0.05062311887741089,7
U00036,G00031,estoy levantado.,yunsansu' ñapalek,kaluwi'su' ñapalek,U00210,G00162,medium,0.7653990387916565,0.6104148030281067,0.1549842357635498,34
U03007,G02782,"diez años, catorce, quince, como mujeres (de los españoles) se fueron. a todas las fueron a vender.","shunka' ekkilala, shunka' ínkatu', shunka' alei'teklun ku'apellusa'pu'su' pa'llina'. iñer uku'latukun.","nu'sik sunka'teklusa', sunkapilusa' kananpallina', ama'nna'pu'su' dadektanna' usu'pallina'.",U02574,G02349,hard,0.5012293457984924,0.45045605301856995,0.050773292779922485,6
U03007,G02782,"diez años, catorce, quince, como mujeres (de los españoles) se fueron. a todas las fueron a vender.","shunka' ekkilala, shunka' ínkatu', shunka' alei'teklun ku'apellusa'pu'su' pa'llina'. iñer uku'latukun.","nawi'mi'na, shawalalusa', indiuntunna' luñina'.",U02620,G02395,medium,0.5012293457984924,0.3438040018081665,0.15742534399032593,29
U02191,G01971,¿cuándo acabó?,¿enpi'ta'wantulli?,¿enpi' ta'wantechu?,U01905,G01699,hard,0.8257171511650085,0.6893898248672485,0.13632732629776,2
U02191,G01971,¿cuándo acabó?,¿enpi'ta'wantulli?,¿ma'nen'a'cha nakulli?,U01599,G01410,medium,0.8257171511650085,0.6582651734352112,0.16745197772979736,3
U02971,G02746,"por eso ellos se fueron calladitos, caminaron cuidadosamente sin hacer ruido.","nawei'mi'na nana malek ima nawa' ta'tushalanna' pa'llina', ta'tushalanni'ma dekkuntullina'.","nana sekputchekkui'na di'tanna, inpasetllina', inluyullina'.",U03148,G02923,hard,0.5964272022247314,0.5343883037567139,0.06203889846801758,4
U02971,G02746,"por eso ellos se fueron calladitos, caminaron cuidadosamente sin hacer ruido.","nawei'mi'na nana malek ima nawa' ta'tushalanna' pa'llina', ta'tushalanni'ma dekkuntullina'.","napi' ima llikanetchudek'i'ñina', yutudekllini'ma, llipu'tudekllini'ma, er'washinchi walek a'saka'tudekllina'.",U03056,G02831,medium,0.5964272022247314,0.4342710077762604,0.16215619444847107,22
U01046,G00906,la ayuda.,katu'pa',lektuku' katu'pa',U01328,G01156,hard,0.7607549428939819,0.6420291066169739,0.11872583627700806,3
U01046,G00906,la ayuda.,katu'pa',katu'palun,U00839,G00715,medium,0.7607549428939819,0.6011481881141663,0.15960675477981567,4
U02307,G02082,"de las mujeres ya fallecidas,","kaikku'lusa'ki,","aner yatek kuatama',",U02639,G02414,hard,0.6894201040267944,0.6153274178504944,0.07409268617630005,7
U02307,G02082,"de las mujeres ya fallecidas,","kaikku'lusa'ki,","wilalusa' luwetchi'ñina' unma',",U02780,G02555,medium,0.6894201040267944,0.5336878895759583,0.15573221445083618,21
U00553,G00458,soy francés.,frances nuka'ka,finlandis nuka'ka,U00808,G00684,medium,0.8629406690597534,0.6708589792251587,0.19208168983459473,2
U00109,G00077,páralo. (poner vertical),a'wanerker',ek'ker'cher',U01162,G01014,hard,0.6267979741096497,0.5734614729881287,0.053336501121520996,29
U02892,G02667,ahí dice se olvidaron y se acostaron.,nanek ima inpinanerllanna' pek kuallina'.,pipekdek'anni'ma kencha'dekllina' ya'luwerdek'anna'.,U03020,G02795,hard,0.6666899919509888,0.5920631289482117,0.0746268630027771,3
U02892,G02667,ahí dice se olvidaron y se acostaron.,nanek ima inpinanerllanna' pek kuallina'.,ipa'li'na ma'nen llillinlusi'pa' aku'llina'.,U03199,G02974,medium,0.6666899919509888,0.5150984525680542,0.15159153938293457,14
U00692,G00579,nosotros ayudaremos.,kuda katu'pa'techidek,katu'pa'taterwa',U00691,G00578,hard,0.7424006462097168,0.678062915802002,0.06433773040771484,2
U00692,G00579,nosotros ayudaremos.,kuda katu'pa'techidek,yennitulek'wa' katu'pa'a'kawak,U02161,G01941,medium,0.7424006462097168,0.5876618027687073,0.15473884344100952,6
U01632,G01443,llegará lejos.,wei ek'tue'chu,ku'la ikerinchu,U01477,G01295,medium,0.729308545589447,0.5528231859207153,0.1764853596687317,2
U00666,G00556,tom sonrió.,tom yamerladalli,tom mermiñi,U00913,G00783,hard,0.799587607383728,0.7266129851341248,0.07297462224960327,4
U00666,G00556,tom sonrió.,tom yamerladalli,tom idenmalli,U00657,G00547,medium,0.799587607383728,0.6326118111610413,0.16697579622268677,12
U01972,G01761,¿la conocen?,¿luwer'chapalama?,¿luwer'chapadekla?,U02234,G02009,hard,0.7443826794624329,0.6862611770629883,0.05812150239944458,4
U01972,G01761,¿la conocen?,¿luwer'chapalama?,¿lli'tapalli?,U01464,G01282,medium,0.7443826794624329,0.5864229202270508,0.15795975923538208,12
U02283,G02058,"llévala por ahí a un pueblo lejano, madre, diciendo así le estoy enseñando.","nanalupa' wei ñinanluk ekpanter, awá, itamu a'lek'apalek.","ma'atana kai kuawek florencia, kai kuawek maría, nawa'lekku lunpalek.",U02415,G02190,medium,0.6630468368530273,0.5054521560668945,0.1575946807861328,2
U01608,G01419,¡estás borracho!,¡lupersu' ñapala!,denlekpin'ta' ñapala,U01635,G01445,medium,0.81658536195755,0.6332769393920898,0.1833084225654602,3
U00345,G00276,soy obeso.,weipensu' nuka'ka,utrinwanpalek,U01729,G01531,hard,0.6582103967666626,0.600619912147522,0.057590484619140625,21
U00345,G00276,soy obeso.,weipensu' nuka'ka,a'kaluwi'lun,U00973,G00839,medium,0.6582103967666626,0.505386471748352,0.15282392501831055,38
U02359,G02134,"una vez tanteado entonces se chanca,","patak ipa'linchi u'deklek,","lapi'samer uklli,",U02647,G02422,hard,0.7377594709396362,0.666229784488678,0.07152968645095825,5
U02359,G02134,"una vez tanteado entonces se chanca,","patak ipa'linchi u'deklek,","¡enpi'pui'pa' nana nu'su' ña'su',",U02810,G02585,medium,0.7377594709396362,0.5852224826812744,0.15253698825836182,21
U01819,G01616,déjame sentirlo.,ta'itula'u lauk'echek,ta'itula'u tekdiperechek,U02090,G01872,hard,0.755506157875061,0.6871039867401123,0.06840217113494873,6
U01819,G01616,déjame sentirlo.,ta'itula'u lauk'echek,ta'itula'u ata'wantak,U01494,G01311,medium,0.755506157875061,0.6011327505111694,0.1543734073638916,11
U01820,G01616,déjame oírlo.,ta'itula'u lauk'echek,ta'itula'u lek'techek,U02089,G01871,hard,0.844944417476654,0.7077375650405884,0.13720685243606567,3
U01820,G01616,déjame oírlo.,ta'itula'u lauk'echek,ta'itula'u tekle'richek,U01498,G01314,medium,0.844944417476654,0.667180597782135,0.17776381969451904,6
U02736,G02511,"de cuello colorado, de cara colorada.","piper'unkellu', pipelladasu'.","uper'apilalek, uper'apilalek.",U02368,G02143,medium,0.6749812364578247,0.5239550471305847,0.15102618932724,2
U02869,G02644,"que eso que has soñado así así va a suceder, por eso estén alertas muchachos dijo un viejo.","nana wa'lata'masui'na tusu' tusu' nu'aterwa', nana malek i'na nasu'ku' wilalusa' nasu' tullima ala'sa' taserpi.",kenmu'wi'na asek ñiden lupa'paperwi'ñi tullima nana lli'tukunlusa'.,U02984,G02759,hard,0.42081770300865173,0.3676034212112427,0.05321428179740906,13
U02361,G02136,se lo va batiendo con este.... con un remo se lo bate.,pitawilek ma'ilek nerku'teklek pitawilek.,inlasiser'chek. lauknunta' asek kui'na usunma' ka'ku'.,U02537,G02312,hard,0.5513644814491272,0.48559004068374634,0.06577444076538086,2
U02361,G02136,se lo va batiendo con este.... con un remo se lo bate.,pitawilek ma'ilek nerku'teklek pitawilek.,inyek ipa'linchi peksanek.,U02347,G02122,medium,0.5513644814491272,0.3921898603439331,0.1591746211051941,8
U01761,G01563,estaré cerca.,kawik ñapechek,ñapechek nanek,U01434,G01254,hard,0.7408599853515625,0.6313424110412598,0.10951757431030273,3
U01761,G01563,estaré cerca.,kawik ñapechek,insek'diperpi ñape'chu,U01800,G01597,medium,0.7408599853515625,0.5903882384300232,0.1504717469215393,6
U02835,G02610,"vamos a conocer a otro tipo de gente nosotros también,","enchuku' nermuda' luwetchawa' kenmu'wa'nta',","nana wintupatekwa' nana tetchu,",U02868,G02643,hard,0.7094306945800781,0.6296263933181763,0.07980430126190186,2
U02835,G02610,"vamos a conocer a otro tipo de gente nosotros también,","enchuku' nermuda' luwetchawa' kenmu'wa'nta',","asu'lupa' pekpikellidek, luwer'inpu'la'pi'mudek,",U02590,G02365,medium,0.7094306945800781,0.5428304076194763,0.1666002869606018,7
U02742,G02517,cuando ya iba a empezar el fuego.,nana yadi'setchusik.,nu'sui'ma napi' nakulli.,U02559,G02334,hard,0.536081850528717,0.4647442400455475,0.07133761048316956,2
U02742,G02517,cuando ya iba a empezar el fuego.,nana yadi'setchusik.,nu'sui'ma asu' panpadek uksu'ketchulli.,U02578,G02353,medium,0.536081850528717,0.38422277569770813,0.1518590748310089,24
U02235,G02010,¿vives aquí?,¿asek nanpipala?,¿asek nanpipalama'?,U02236,G02011,hard,0.8242589235305786,0.7512641549110413,0.07299476861953735,2
U02235,G02010,¿vives aquí?,¿asek nanpipala?,asek a'ñapala,U01535,G01347,medium,0.8242589235305786,0.5905441045761108,0.23371481895446777,3
U01628,G01439,fracasarás.,nu'chin'chu,dei'techen,U01440,G01259,hard,0.78377765417099,0.6824606657028198,0.10131698846817017,2
U01628,G01439,fracasarás.,nu'chin'chu,ekte'chechu,U00155,G00114,medium,0.78377765417099,0.6120516061782837,0.1717260479927063,3
U00089,G00062,lo intenté.,tekle'rilek',tekle'rier',U00049,G00039,hard,0.751872718334198,0.6550047397613525,0.09686797857284546,2
U00089,G00062,lo intenté.,tekle'rilek',latekdeklek,U01391,G01215,medium,0.751872718334198,0.6011783480644226,0.1506943702697754,3
U01345,G01173,hazlo rápidamente.,wiu'su' nu'ter',ekpa'ker' utila',U01030,G00891,hard,0.6764217615127563,0.6063574552536011,0.07006430625915527,4
U01345,G01173,hazlo rápidamente.,wiu'su' nu'ter',aden'cher' wiuk'su',U00293,G00232,medium,0.6764217615127563,0.523650050163269,0.1527717113494873,9
U01346,G01173,hágalo rápido.,wiu'su' nu'ter',ekpa'ker' utila',U01030,G00891,hard,0.6845716238021851,0.6166509389877319,0.06792068481445312,4
U01346,G01173,hágalo rápido.,wiu'su' nu'ter',adencher' wiuk'su',U01661,G01468,medium,0.6845716238021851,0.5058912634849548,0.17868036031723022,10
U01474,G01292,aquí duele.,asek ikerlli,nana ikerlli,U00635,G00530,medium,0.7531201839447021,0.5732733607292175,0.17984682321548462,2
U00769,G01587,puedo hacerlo.,yennitulek nu'tak,iyatulek kana'tak,U01730,G01532,hard,0.8729714751243591,0.7860103845596313,0.08696109056472778,3
U00769,G01587,puedo hacerlo.,yennitulek nu'tak,katu' pa'tapalek,U02049,G01832,medium,0.8729714751243591,0.6638135313987732,0.20915794372558594,9
U01788,G01587,puede hacerse.,yennitulek nu'tak,yennitulek katu'pa'a'kik,U01713,G01516,hard,0.6843461990356445,0.6223086714744568,0.062037527561187744,8
U01788,G01587,puede hacerse.,yennitulek nu'tak,yennitula winta'mudek,U02205,G01982,medium,0.6843461990356445,0.5265519022941589,0.1577942967414856,20
U01850,G01645,es evidente.,latek'lanañi,tumu'tek' nuka'a,U02077,G01860,hard,0.5205291509628296,0.46387502551078796,0.056654125452041626,7
U01850,G01645,es evidente.,latek'lanañi,nana nakulli,U00837,G00713,medium,0.5205291509628296,0.36643752455711365,0.15409162640571594,40
U02759,G02534,ellos también escondidos están.,nawa'nta' insekkitula'su' ñapalli.,nawa panper'chechuna',U01866,G01660,medium,0.7473002076148987,0.5825912356376648,0.1647089719772339,3
U02413,G02188,hablando más en castellano ya no hablan shiwilu.,"a'pinta' kaschilleklansa' lunna', ñi a'pinta' shiwilu la'la' lunpi'ñina'.","wilalusa' ipa'la ñi lachek'i'ñina', ipa'li'na shiwilu la'la'mapu'wa' nawa' lachek'i'ñina'.",U02398,G02173,medium,0.71794193983078,0.563732385635376,0.15420955419540405,2
U02244,G02019,quiere venir.,ya'wencha'lli,a'pinta' luwantulli,U01372,G01197,medium,0.6397907137870789,0.488508403301239,0.15128231048583984,3
U02811,G02586,hace cuántos miles de años habrá pasado eso lo que ha sido así!,enpu'dun waranka ekkilaleipa' ñilli nana nu'su' ña'su'!,¡ma'nen ñinchichi'na!,U00951,G00818,medium,0.6498380303382874,0.4349008798599243,0.21493715047836304,2
U01581,G01392,estamos intrigados.,lachek'insu' ñapallidek,uki'latek ñapallidek,U01253,G01089,hard,0.7536778450012207,0.6936460733413696,0.060031771659851074,4
U01581,G01392,estamos intrigados.,lachek'insu' ñapallidek,nakusu' wichi'llidek,U01243,G01081,medium,0.7536778450012207,0.6003360748291016,0.15334177017211914,12
U02625,G02400,"él es, éste es criador de peces exclusivamente.",nani'na asi'na samersa' pektawa'su' nuka'a.,"ma'shipa', yu'lanla'pi' nuka'a.",U02899,G02674,hard,0.6506139636039734,0.5224854350090027,0.1281285285949707,2
U02625,G02400,"él es, éste es criador de peces exclusivamente.",nani'na asi'na samersa' pektawa'su' nuka'a.,"-wencha'ku', ñinnanlu'penma' nuka'a.",U03088,G02863,medium,0.6506139636039734,0.4952664077281952,0.1553475558757782,3
U00546,G00452,viví,nampilek,weranek',U00568,G00472,hard,0.6704325675964355,0.5824231505393982,0.08800941705703735,2
U00546,G00452,viví,nampilek,yanampilek,U01746,G01548,medium,0.6704325675964355,0.4852510392665863,0.18518152832984924,5
U00852,G00728,¡empecemos!,¡tenmiansu'wa'!,¡wa'ten'ku'!,U00014,G00011,hard,0.7338041067123413,0.6804683208465576,0.05333578586578369,4
U00852,G00728,¡empecemos!,¡tenmiansu'wa'!,¡yawa'tenta!,U00491,G00404,medium,0.7338041067123413,0.5666995644569397,0.1671045422554016,8
U02153,G01933,tom desapareció.,tom wer'lli,tom a'ta'wantulli,U01216,G01056,hard,0.8590723276138306,0.7907010316848755,0.06837129592895508,3
U02153,G01933,tom desapareció.,tom wer'lli,tom a'shulli,U00916,G00786,medium,0.8590723276138306,0.6953263878822327,0.1637459397315979,8
U00905,G00776,esto apesta.,asu' analli,asu' saka'techu',U01872,G01666,hard,0.6952092051506042,0.5977100729942322,0.09749913215637207,4
U00905,G00776,esto apesta.,asu' analli,asu' nuka'a,U00645,G00538,medium,0.6952092051506042,0.5391485095024109,0.15606069564819336,9
U00123,G00088,lo sabemos.,ñinchitapallidek,lli'inutapallidek,U00938,G00806,hard,0.7326522469520569,0.6639115214347839,0.06874072551727295,3
U00123,G00088,lo sabemos.,ñinchitapallidek,kuda a'nañiechidek,U00941,G00809,medium,0.7326522469520569,0.5523777008056641,0.18027454614639282,6
U02894,G02669,"después de hacer eso, los acarreó a su casa (a todos los cadáveres) y se los comió.","nu'tan, pidekñik sichi'dandek'an iñer urañi.",ekpantasik ima taserpiler pilli'tan lutu'lli.,U02932,G02707,hard,0.5639355778694153,0.5138687491416931,0.05006682872772217,3
U02894,G02669,"después de hacer eso, los acarreó a su casa (a todos los cadáveres) y se los comió.","nu'tan, pidekñik sichi'dandek'an iñer urañi.",ipa'linchi chitetllu' kellu'lek seklekka'lek.,U02352,G02127,medium,0.5639355778694153,0.4102741479873657,0.15366142988204956,27
U00061,G00876,bájate.,nu'wanker',neriker',U00886,G00758,hard,0.8049343228340149,0.7210994362831116,0.08383488655090332,5
U00061,G00876,bájate.,nu'wanker',ñilupa'sha,U00419,G00339,medium,0.8049343228340149,0.6470879912376404,0.1578463315963745,12
U01013,G00876,baja.,nu'wanker',ma'sha.,U02324,G02099,hard,0.7142267227172852,0.6299861669540405,0.08424055576324463,6
U01013,G00876,baja.,nu'wanker',wanerker',U00249,G00196,medium,0.7142267227172852,0.5568078756332397,0.1574188470840454,14
U01014,G00876,baje.,nu'wanker',a'wanerker',U00109,G00077,hard,0.8142373561859131,0.7613880634307861,0.05284929275512695,4
U01014,G00876,baje.,nu'wanker',neriker',U00886,G00758,medium,0.8142373561859131,0.6591464281082153,0.15509092807769775,11
U03034,G02809,"ahora conocemos a otras gentes, conocemos a los que hablan otra lengua.","ipa'la'ka luwetchudekllina' ali'la muda'lusa', luwetchudekñina' nerpi'la lunlusa'.",ipa'la walek kuda laukta'kudeksu' ñinchitapallidek.,U02802,G02577,hard,0.6562848687171936,0.5758087038993835,0.08047616481781006,4
U03034,G02809,"ahora conocemos a otras gentes, conocemos a los que hablan otra lengua.","ipa'la'ka luwetchudekllina' ali'la muda'lusa', luwetchudekñina' nerpi'la lunlusa'.","wilalusa' ipa'la ñi lachek'i'ñina', ipa'li'na shiwilu la'la'mapu'wa' nawa' lachek'i'ñina'.",U02398,G02173,medium,0.6562848687171936,0.5004526376724243,0.1558322310447693,11
U01030,G00891,conduce lentamente.,ekpa'ker' utila',tupiter' inpalerian,U02086,G01868,hard,0.5808283686637878,0.5133920311927795,0.0674363374710083,8
U01030,G00891,conduce lentamente.,ekpa'ker' utila',llinse'cher' manen'unta',U02195,G01974,medium,0.5808283686637878,0.42836278676986694,0.1524655818939209,20
U00515,G00426,soy feliz,musu' nampipalek,musu' ñape'chek,U02038,G01822,hard,0.693706214427948,0.619605302810669,0.07410091161727905,5
U00515,G00426,soy feliz,musu' nampipalek,ñapalek sakeksu',U01461,G01279,medium,0.693706214427948,0.5354757308959961,0.1582304835319519,9
U02839,G02614,no sabemos.,ñinchichi'nekwa'.,ñinchitapallidek,U00123,G00088,hard,0.6870418787002563,0.5978923439979553,0.08914953470230103,2
U02839,G02614,no sabemos.,ñinchichi'nekwa'.,luver'chi'nek,U01069,G00928,medium,0.6870418787002563,0.512139618396759,0.17490226030349731,5
U03190,G02965,"vayan acordándose de esa clase (de nombres) nos dicen ahora, gente civilizada dicen.","lli'inutapaku' nu'sukla'nka kenmu'wa' ipa'la itullinerkenmu'wa', gente civilizada tullima.","shunka' katu' ekkilala a'ñamu nana lunpa'kasu' ipa'la lauktulek, kuanta' supinawantamu amiwekku'.",U03122,G02897,medium,0.7004584670066833,0.5192541480064392,0.18120431900024414,2
U00337,G00271,soy ciega.,dapinantek' nuka'ka,kua nuka'ka,U00099,G00068,hard,0.7156230211257935,0.6620938777923584,0.05352914333343506,20
U00337,G00271,soy ciega.,dapinantek' nuka'ka,latek'tutek nuka'ka,U02055,G01838,medium,0.7156230211257935,0.5594235062599182,0.15619951486587524,35
U00338,G00271,soy ciego.,dapinantek' nuka'ka,tuluner'cheku nuka'ka,U01769,G01569,hard,0.7161890864372253,0.6526601314544678,0.06352895498275757,24
U00338,G00271,soy ciego.,dapinantek' nuka'ka,kerpi'a'cha',U01123,G00976,medium,0.7161890864372253,0.5596548318862915,0.15653425455093384,38
U01759,G01561,sería cuidadoso.,ñi'inaka inlu'uktutek,i'shiwansu' ñapaku',U00379,G00309,hard,0.6013597249984741,0.5383116006851196,0.06304812431335449,3
U01759,G01561,sería cuidadoso.,ñi'inaka inlu'uktutek,inlli'inuinsu' ñapalli,U02246,G02021,medium,0.6013597249984741,0.44226521253585815,0.15909451246261597,13
U02345,G02120,mientras está hirviendo se tuesta el maíz desgranado.,ukluka'pasik kenmu'nta' inyalalatulek chitetlla.,dasu'dekpilli yunsa'nnunta'lek ya'pi'dektak.,U02384,G02159,hard,0.5378220677375793,0.46021798253059387,0.07760408520698547,8
U02345,G02120,mientras está hirviendo se tuesta el maíz desgranado.,ukluka'pasik kenmu'nta' inyalalatulek chitetlla.,kui'na enpu'nipa' insekluten'a'kasu' nanpi'kasu'.,U02482,G02257,medium,0.5378220677375793,0.3873085379600525,0.15051352977752686,15
U01942,G01732,¿son hermanas?,¿kai'kualusa' nuka'mama'?,¿shipenlusa' nuker'ka?,U01308,G01139,hard,0.7366041541099548,0.6852772235870361,0.0513269305229187,2
U01942,G01732,¿son hermanas?,¿kai'kualusa' nuka'mama'?,¿pumuladawanpalama'?,U02233,G02008,medium,0.7366041541099548,0.564518928527832,0.1720852255821228,7
U02881,G02656,"muy bien, hermano. (joven)","- ta'iter, alli'shá.",musu'nakuker',U00162,G00120,hard,0.5125032663345337,0.4438410699367523,0.06866219639778137,5
U02881,G02656,"muy bien, hermano. (joven)","- ta'iter, alli'shá.",muer'wa,U01688,G01492,medium,0.5125032663345337,0.3622315227985382,0.15027174353599548,32
U02782,G02557,"no conocen la huangana,","luwetchi'ñina' panwala,","ñimi'na luwetchi'ñina' iker'adu,",U02632,G02407,hard,0.8250550031661987,0.7411196827888489,0.08393532037734985,2
U02782,G02557,"no conocen la huangana,","luwetchi'ñina' panwala,","iñer ñinchita'kudeksu' napi'ku'lusa'ki,",U02306,G02081,medium,0.8250550031661987,0.6616093516349792,0.16344565153121948,8
U01320,G01149,¿estás?,¿ñapala?,¿kenmashasa' ñapala?,U01309,G01140,hard,0.675884485244751,0.6017821431159973,0.07410234212875366,7
U01320,G01149,¿estás?,¿ñapala?,¿denlusa'cha?,U01257,G01093,medium,0.675884485244751,0.5247898101806641,0.15109467506408691,16
U02594,G02369,después dice que arákayu se alegró.,nu'an ima arakayu sakeklli.,arakayu ima lanla' akun yunsu'lli.,U02819,G02594,hard,0.7876327037811279,0.7276657819747925,0.05996692180633545,5
U02594,G02369,después dice que arákayu se alegró.,nu'an ima arakayu sakeklli.,nanadaper ima'ka arakayu yun pa'lapinantullinerkudek.,U02823,G02598,medium,0.7876327037811279,0.635547399520874,0.1520853042602539,13
U01183,G01030,cuéntame más.,wintu'u a'pinta',wintu'udek a'pinta',U01188,G01031,hard,0.8189430832862854,0.7096909284591675,0.10925215482711792,5
U01183,G01030,cuéntame más.,wintu'u a'pinta',llinse'cher' manen'unta',U02195,G01974,medium,0.8189430832862854,0.5889447927474976,0.22999829053878784,8
U01184,G01030,dime más.,wintu'u a'pinta',wintu'udek a'pinta',U01187,G01031,hard,0.8050159215927124,0.6995171308517456,0.1054987907409668,5
U01184,G01030,dime más.,wintu'u a'pinta',a'lli'u,U01836,G01632,medium,0.8050159215927124,0.5948865413665771,0.21012938022613525,8
U01185,G01030,dígame más.,wintu'u a'pinta',wintu'udek a'pinta',U01186,G01031,hard,0.8434702157974243,0.7307167053222656,0.11275351047515869,5
U01185,G01030,dígame más.,wintu'u a'pinta',llinse'cher' manen'unta',U02195,G01974,medium,0.8434702157974243,0.6019062399864197,0.24156397581100464,8
U02008,G01793,tengo tarea.,añapalek yanu'tak,makek saka'tapi'nek,U01775,G01574,hard,0.7216932773590088,0.6437344551086426,0.07795882225036621,2
U02008,G01793,tengo tarea.,añapalek yanu'tak,añapalek kisek'mutu',U02007,G01792,medium,0.7216932773590088,0.53451007604599,0.1871832013130188,5
U02107,G01888,achícalo.,de'a'merker',a'nakuker',U00999,G00862,hard,0.6893743276596069,0.6333593130111694,0.0560150146484375,8
U02107,G01888,achícalo.,de'a'merker',inlli'ter,U00104,G00073,medium,0.6893743276596069,0.5358012914657593,0.15357303619384766,31
U01896,G01690,somos minuciosos.,inlu'uk'tutek nuka'kawa',a'lek'tutek'lusa' nuka'kawa',U02158,G01938,hard,0.7629246115684509,0.6629728674888611,0.09995174407958984,4
U01896,G01690,somos minuciosos.,inlu'uk'tutek nuka'kawa',kenmu'sak lli'i'nupalekwa',U01586,G01397,medium,0.7629246115684509,0.5939047336578369,0.169019877910614,6
U02455,G02230,"eso nomás, no tomo mucho, poquito cuando tengo sed bebo,","nanasa', kupin uwapi'nek, u'nisha iyumu uwapalek,","kuashasa' ñienkasu' patunwi'nek,",U02502,G02277,medium,0.7877954840660095,0.5319836735725403,0.25581181049346924,2
U00119,G00085,¡despierta!,¡nanpiker'!,¡wanerker'!,U00250,G00197,hard,0.7655327320098877,0.712134063243866,0.05339866876602173,2
U00119,G00085,¡despierta!,¡nanpiker'!,nanpiker',U00120,G00086,medium,0.7655327320098877,0.6023750305175781,0.16315770149230957,10
U02030,G01814,quise llorar.,yawelliekwinek,yupawinek,U01426,G01246,hard,0.7817369699478149,0.7096241116523743,0.07211285829544067,3
U02030,G01814,quise llorar.,yawelliekwinek,luyullien,U00525,G00435,medium,0.7817369699478149,0.6102352142333984,0.1715017557144165,8
U03055,G02830,entonces les voy a contar. ¡escuchen!,enta' winterkenma'. ¡lawekku'!,enta'ten i'na lunterkenma'.,U02394,G02169,hard,0.6025293469429016,0.5335228443145752,0.06900650262832642,3
U03055,G02830,entonces les voy a contar. ¡escuchen!,enta' winterkenma'. ¡lawekku'!,namasu' la'leklan luntetchek.,U02281,G02056,medium,0.6025293469429016,0.4524627923965454,0.1500665545463562,8
U00467,G00382,sé serio.,yamercha,nantapitek ñiker',U01044,G00904,hard,0.5788182020187378,0.46510130167007446,0.11371690034866333,2
U00467,G00382,sé serio.,yamercha,nanta'piker,U00142,G00103,medium,0.5788182020187378,0.42790043354034424,0.15091776847839355,9
U00372,G00303,¡es verdad!,¡tekkinchi nuka'a!,¡latek'inbu' nuka'a!,U02075,G01858,hard,0.7627744674682617,0.6566140055656433,0.10616046190261841,2
U00372,G00303,¡es verdad!,¡tekkinchi nuka'a!,¡nanek ñapalli!,U00890,G00762,medium,0.7627744674682617,0.5967413783073425,0.1660330891609192,3
U00956,G00823,qué dolor.,embu'ni iker'ipa',empu'duncha',U01725,G01527,hard,0.5912180542945862,0.49013206362724304,0.10108599066734314,2
U00956,G00823,qué dolor.,embu'ni iker'ipa',¡embu'ni wer'ipa'!,U00952,G00819,medium,0.5912180542945862,0.4372307062149048,0.1539873480796814,3
U01213,G01054,esto ayudará.,asu' katu'pa'techu,asu' saka'techu',U01872,G01666,hard,0.8115800619125366,0.7164064645767212,0.09517359733581543,3
U01213,G01054,esto ayudará.,asu' katu'pa'techu,nana katu'pa'tulli,U00888,G00760,medium,0.8115800619125366,0.641335666179657,0.17024439573287964,4
U02541,G02316,entonces con eso mismo lávense y frótense sus cuerpos.,"nu'anma' nanalek i'la inpamu'pi'ku', inpanka'pi'ku'.",ipa'linchi ukdinu'ta'kasu'lek a'kasetllek.,U02381,G02156,hard,0.6197903156280518,0.5406565070152283,0.07913380861282349,3
U02541,G02316,entonces con eso mismo lávense y frótense sus cuerpos.,"nu'anma' nanalek i'la inpamu'pi'ku', inpanka'pi'ku'.","ipa'laka kenmama' uki'la nakuchuma',",U02696,G02471,medium,0.6197903156280518,0.4276359975337982,0.19215431809425354,5
U02460,G02235,el canasto caminaba.,nana lantekpi dekkuntulli.,tuna'sik wetlli.,U02703,G02478,hard,0.6609336137771606,0.577896237373352,0.0830373764038086,3
U02460,G02235,el canasto caminaba.,nana lantekpi dekkuntulli.,nu'su' lantekpi dekkuntuwiñi napi'.,U02467,G02242,medium,0.6609336137771606,0.4741886556148529,0.18674495816230774,6
U00651,G00543,tom baila.,tom lansa'palli,tom tuluner'lli,U01874,G01668,hard,0.7680896520614624,0.6767041087150574,0.09138554334640503,3
U00651,G00543,tom baila.,tom lansa'palli,tom malla'lli,U00665,G00555,medium,0.7680896520614624,0.6177341938018799,0.15035545825958252,12
U01727,G01529,tengo tos.,ilulek,yawerannek,U01422,G01242,hard,0.5363197922706604,0.4807632565498352,0.055556535720825195,11
U01727,G01529,tengo tos.,ilulek,lansa'palek,U00814,G00690,medium,0.5363197922706604,0.3793139159679413,0.15700587630271912,38
U01961,G01751,¿te gustó?,¿iya'tula?,¿iyatulun?,U01680,G01485,hard,0.7382137775421143,0.6379576325416565,0.10025614500045776,2
U01961,G01751,¿te gustó?,¿iya'tula?,¿yalansa'lli?,U01840,G01635,medium,0.7382137775421143,0.5775758028030396,0.1606379747390747,6
U00839,G00715,me salvó.,katu'palun,katu'palek,U00527,G00437,hard,0.6885702610015869,0.6259849667549133,0.06258529424667358,3
U00839,G00715,me salvó.,katu'palun,nampilek,U00546,G00452,medium,0.6885702610015869,0.5126146078109741,0.1759556531906128,9
U02282,G02057,"te voy a enseñar, llévala tú también y aprende.","a'lek'erken, ekpanta'n kenmanta' ñinchiter.","a'urkenma' uklupidek, dinpunen a'urkenma'.",U03061,G02836,hard,0.6837846040725708,0.5997400879859924,0.08404451608657837,2
U02282,G02057,"te voy a enseñar, llévala tú también y aprende.","a'lek'erken, ekpanta'n kenmanta' ñinchiter.","pillek'an, tanan, dankumelli a'pinta' tanan.",U02752,G02527,medium,0.6837846040725708,0.5236585140228271,0.16012609004974365,4
U02293,G02068,más que sigan ellos (difundiéndola).,a'pinta' tupichina' nawa'.,nawa'sa' nanpichuna'.,U02733,G02508,hard,0.6365405917167664,0.4966621696949005,0.13987842202186584,2
U02293,G02068,más que sigan ellos (difundiéndola).,a'pinta' tupichina' nawa'.,uketchu samellusa'.,U02641,G02416,medium,0.6365405917167664,0.4683873653411865,0.16815322637557983,3
U02770,G02545,yendo a sentarse afuera y sintieron pena.,adipi du'kunna' wa'inutullina'.,"inmusha'iteklatanna', wellekllina'.",U02776,G02551,hard,0.675416111946106,0.6031429171562195,0.07227319478988647,2
U02770,G02545,yendo a sentarse afuera y sintieron pena.,adipi du'kunna' wa'inutullina'.,uklulu'nenna' uwanna'pu'su'... sinanpachinenna' pilli'tanna'.,U02562,G02337,medium,0.675416111946106,0.5154269933700562,0.1599891185760498,10
U02177,G01957,los detendremos.,tu'nek'echidek,dei'techuner'kudek,U02176,G01956,hard,0.7171428799629211,0.6172496676445007,0.09989321231842041,2
U02177,G01957,los detendremos.,tu'nek'echidek,panper'echuna',U01865,G01659,medium,0.7171428799629211,0.5202673673629761,0.19687551259994507,4
U02278,G02053,"ahora esta hermana ha venido desde un pueblo lejano, la señora.","ipa'la asu' kai kua wei ñinanlukla weklli, senñula'.","ipa'linchi katentamupu'su' pitawitapalek, ka'latulek.",U02372,G02147,medium,0.6552659273147583,0.4682111144065857,0.1870548129081726,2
U00543,G00449,grité.,lamapu'lek,luyulek',U00323,G00258,hard,0.672579824924469,0.6216379404067993,0.05094188451766968,7
U00543,G00449,grité.,lamapu'lek,a'yiulliu,U01388,G01213,medium,0.672579824924469,0.5042532086372375,0.16832661628723145,16
U00659,G00549,tom saltó.,tom indek'lli,tom panwilek'tulli,U00258,G00205,hard,0.8103165030479431,0.7529930472373962,0.057323455810546875,18
U00659,G00549,tom saltó.,tom indek'lli,tom mermiñi,U00913,G00783,medium,0.8103165030479431,0.6548633575439453,0.1554531455039978,28
U01012,G00875,regresa.,adencher',a'wencher',U01364,G01189,hard,0.7348468899726868,0.6804803013801575,0.0543665885925293,5
U01012,G00875,regresa.,adencher',yunsuer',U00062,G00048,medium,0.7348468899726868,0.5565076470375061,0.17833924293518066,10
U00551,G00456,llegué tarde.,etu'kerlek er'wa,erwa' ektu'lek,U00202,G00155,hard,0.7106060981750488,0.6338964700698853,0.07670962810516357,2
U00551,G00456,llegué tarde.,etu'kerlek er'wa,nakusu' wichilek,U01418,G01238,medium,0.7106060981750488,0.504042387008667,0.20656371116638184,4
U00831,G00707,ignoralos.,luwerchinpu'deker,lu'wanñiden,U00936,G00804,hard,0.693355143070221,0.5710813999176025,0.12227374315261841,2
U00831,G00707,ignoralos.,luwerchinpu'deker,luwer'chi'nun,U01912,G01704,medium,0.693355143070221,0.5355786085128784,0.15777653455734253,3
U01661,G01468,regresa pronto.,adencher' wiuk'su',da'ker' kinekla,U00026,G00021,hard,0.6912038922309875,0.576896607875824,0.11430728435516357,3
U01661,G01468,regresa pronto.,adencher' wiuk'su',wek'ker' ipia'la,U01010,G00873,medium,0.6912038922309875,0.5295059680938721,0.16169792413711548,8
U02887,G02662,"dijeron eso e hicieron fuego con la candela de, este, el duende puro hueso.","tan ipa'linchi penwañina' nana, ma'i, lansi' wa'dan pennenlek.","naneklima luncha'llina' asu'lupa' lansi'sa' ala'sa' ya'lli, dullinen iñer ukunpala'lli,",U02883,G02658,hard,0.568617045879364,0.49509575963020325,0.07352128624916077,4
U02887,G02662,"dijeron eso e hicieron fuego con la candela de, este, el duende puro hueso.","tan ipa'linchi penwañina' nana, ma'i, lansi' wa'dan pennenlek.","sametchapen panula'udek, chai, yallí' itullima.",U02628,G02403,medium,0.568617045879364,0.4180351793766022,0.15058186650276184,13
U01732,G01534,debo regresar.,adanta'a'kasu' ñapalli,kanan'a'kasu' ñapalli,U02013,G01798,hard,0.655828058719635,0.5857493281364441,0.07007873058319092,4
U01732,G01534,debo regresar.,adanta'a'kasu' ñapalli,chimin'er'kasu'ñapalli,U01540,G01352,medium,0.655828058719635,0.48346468806266785,0.17236337065696716,11
U00382,G00311,¡suéltame!,¡apu'u!,¡luntuu!,U00632,G00527,hard,0.7968037128448486,0.7126879096031189,0.08411580324172974,2
U00382,G00311,¡suéltame!,¡apu'u!,tupi'tu'u,U00302,G00241,medium,0.7968037128448486,0.6408087015151978,0.15599501132965088,6
U00426,G00344,toma esto.,ma'ta asu',i'shiker' asu',U00872,G00745,hard,0.7739633321762085,0.7088435888290405,0.06511974334716797,6
U00426,G00344,toma esto.,ma'ta asu',a'ta'wanter asu',U00748,G00627,medium,0.7739633321762085,0.6086242198944092,0.16533911228179932,19
U00427,G00344,tome esto.,ma'ta asu',pilliter' asu',U00307,G00248,hard,0.780746340751648,0.6996821761131287,0.08106416463851929,4
U00427,G00344,tome esto.,ma'ta asu',sek'diperker' asu',U00374,G00305,medium,0.780746340751648,0.6286411285400391,0.1521052122116089,13
U02367,G02142,se lo sienta y entonces ahí se vacea (el líquido para ser guardado).,nana a'duk ipa'linchi nanek upellek.,ipa'linchi a'pi'dektapa'sik ukllapilelli.,U02385,G02160,hard,0.556545078754425,0.4908708333969116,0.06567424535751343,3
U02367,G02142,se lo sienta y entonces ahí se vacea (el líquido para ser guardado).,nana a'duk ipa'linchi nanek upellek.,ipa'linchi katennek.,U02356,G02131,medium,0.556545078754425,0.4052330553531647,0.15131202340126038,19
U02248,G02023,¿cuánto mides?,¿empu'dun pichiapala?,¿chuchu ka'a'pala?,U01968,G01757,hard,0.5266764760017395,0.4722878336906433,0.05438864231109619,4
U02248,G02023,¿cuánto mides?,¿empu'dun pichiapala?,¿ma'pu'sin?,U01379,G01204,medium,0.5266764760017395,0.374618262052536,0.1520582139492035,24
U01366,G01191,le cogieron.,pilli'tullina,dekllina',U00643,G00536,medium,0.7322757840156555,0.5602951645851135,0.171980619430542,3
U00298,G00237,no lloren.,yawellektama',yalunta',U00490,G00403,hard,0.6891576051712036,0.6006460785865784,0.08851152658462524,4
U00298,G00237,no lloren.,yawellektama',yayamerladata,U00744,G00624,medium,0.6891576051712036,0.5378756523132324,0.1512819528579712,10
U00772,G00649,no como.,ka'api'nek,ninchichi'nek,U01728,G01530,hard,0.7120084762573242,0.6419463753700256,0.07006210088729858,3
U00772,G00649,no como.,ka'api'nek,yalun'nek,U01750,G01552,medium,0.7120084762573242,0.5480535626411438,0.16395491361618042,11
U02129,G01909,ellos cenaron.,nawa' werañina',nawa dek'kuntillina',U00902,G00773,hard,0.7206125855445862,0.6382769346237183,0.08233565092086792,3
U02129,G01909,ellos cenaron.,nawa' werañina',nu'misansu' chimiñina',U01857,G01651,medium,0.7206125855445862,0.5489698648452759,0.1716427206993103,4
U01362,G01188,guarda eso.,sekdiperker' nana,lli'ku' asu',U00681,G00893,hard,0.7729417085647583,0.7156744003295898,0.05726730823516846,3
U01362,G01188,guarda eso.,sekdiperker' nana,tenmian'suer' asu',U00624,G00519,medium,0.7729417085647583,0.5922608971595764,0.18068081140518188,12
U01363,G01188,conserva eso.,sekdiperker' nana,llinser'ker' nana,U02196,G01975,hard,0.6933171153068542,0.5690245032310486,0.12429261207580566,3
U01363,G01188,conserva eso.,sekdiperker' nana,sek'diperku' asu',U00375,G00306,medium,0.6933171153068542,0.5086483955383301,0.18466871976852417,8
U03112,G02887,"dice que el astro le había tocado el corazón a malallina, decían algunos.","pi'tandulaler ima pata'kankañi asu' malallina, tullina'nta'.","ektu'sik ima muyunpak, nana inka' la'la' lunlusa'ler ima, yadi'tudeklli.",U02973,G02748,hard,0.5954026579856873,0.4858558773994446,0.10954678058624268,4
U03112,G02887,"dice que el astro le había tocado el corazón a malallina, decían algunos.","pi'tandulaler ima pata'kankañi asu' malallina, tullina'nta'.",ipa' malallina chimiñi. nana asu' luyuta'su'.,U03089,G02864,medium,0.5954026579856873,0.4383385181427002,0.15706413984298706,5
U01444,G01262,lo llevaré.,epa'echek,adenche'chek,U01092,G00951,hard,0.7776749134063721,0.723488450050354,0.054186463356018066,7
U01444,G01262,lo llevaré.,epa'echek,indei'techek,U01064,G00923,medium,0.7776749134063721,0.6142293214797974,0.1634455919265747,18
U02922,G02697,entonces dijeron estos fueron atrapados por las fieras.,ipa'linchi itudeklli asi'na anaka'llina'.,nu'sik nu'eklima nana muyunpak ektu'llina' tullina' papinkuku'lusa'.,U03004,G02779,hard,0.6597169041633606,0.6056745052337646,0.05404239892959595,5
U02922,G02697,entonces dijeron estos fueron atrapados por las fieras.,ipa'linchi itudeklli asi'na anaka'llina'.,nu'si'pa' papinkuku'lusa' taketllina'.,U02565,G02340,medium,0.6597169041633606,0.5027475357055664,0.1569693684577942,21
U02442,G02217,"ellas son doscitas, dos hijas mujeres.","nawa' katu'shadaper, katu'ta' ku'aperwawalusa'.","nawi'mi'na, shawalalusa', indiuntunna' luñina'.",U02620,G02395,hard,0.6115931272506714,0.4836116135120392,0.1279815137386322,2
U02442,G02217,"ellas son doscitas, dos hijas mujeres.","nawa' katu'shadaper, katu'ta' ku'aperwawalusa'.","kenmu'wa' wapu'mu'wa', ma'ki'na asu' katu'shadapersa'.",U03064,G02839,medium,0.6115931272506714,0.43504422903060913,0.17654889822006226,3
U02756,G02531,"en esos lagos, dice, todavía viven sus dueños, adentro.","sennanlusek ima nanpipallinpi'la wa'anen, kinekla.",ku'apenñen nanpipalli tan ima.,U02967,G02742,hard,0.6248102784156799,0.49018341302871704,0.1346268653869629,2
U02756,G02531,"en esos lagos, dice, todavía viven sus dueños, adentro.","sennanlusek ima nanpipallinpi'la wa'anen, kinekla.","dudinpu' asu' lupek pa'a'su'daper ilakapi chiketchullina', wei pa'llina'.",U02813,G02588,medium,0.6248102784156799,0.4000261425971985,0.22478413581848145,3
U02865,G02640,"cuando se despierten los unos, hasta que estén despiertos ellos los otros que duerman.",nanpincha'a'ser nawa' nanpiladaperkek walek ali'la musun'unta' wichi'chu'.,"alla'shasa' samer kencha'lek, yalli'washawek'unta' alla'shasa'pi'la itullima.",U02535,G02310,hard,0.6394840478897095,0.5105741620063782,0.1289098858833313,2
U02865,G02640,"cuando se despierten los unos, hasta que estén despiertos ellos los otros que duerman.",nanpincha'a'ser nawa' nanpiladaperkek walek ali'la musun'unta' wichi'chu'.,nanentu saka'tulusui'pa' muyunpak walek ektui'nchuna' tullima ali'la taserpi.,U02861,G02636,medium,0.6394840478897095,0.4838624894618988,0.15562155842781067,4
U02472,G02247,ahora sí nunca más voy a caminar.,ipa'la'ka enpi'pu'sha dekkunchi'nchek.,inyek ipa'linchi peksanek.,U02347,G02122,hard,0.7341099977493286,0.6489619016647339,0.08514809608459473,4
U02472,G02247,ahora sí nunca más voy a caminar.,ipa'la'ka enpi'pu'sha dekkunchi'nchek.,nana a'duk ipa'linchi nanek upellek.,U02367,G02142,medium,0.7341099977493286,0.5801066756248474,0.1540033221244812,8
U01631,G01442,llegaran lejos.,wei ek'tue'chuna',wei ek'tue'chu,U01632,G01443,hard,0.7147147059440613,0.5960221886634827,0.11869251728057861,2
U01631,G01442,llegaran lejos.,wei ek'tue'chuna',nawa panper'chechuna',U01866,G01660,medium,0.7147147059440613,0.5266149044036865,0.18809980154037476,3
U00451,G00367,ya veremos.,ipa' lli'aterwa',nanekla lli'aterwa',U00450,G00366,hard,0.8264193534851074,0.7583231329917908,0.06809622049331665,2
U00451,G00367,ya veremos.,ipa' lli'aterwa',ek'ker'chawa',U01509,G01324,medium,0.8264193534851074,0.6549721956253052,0.17144715785980225,4
U02957,G02732,"algunos percibieron la ceniza que volaba. dicen que de ahí se originó la lombriz, el iluli, toda clase de enfermedades que hay en nuestro estómago, dijeron.","nu'unta' ima lanpi'tasu' nana pendalu' penlu'pasu'. nanekla ima ñilli kuwer', tuner, dudinpu' kaluwi' ñilli merpimapu'wek tullina'.","da'ilek, ali'ladaper tullina' saka'tunan dunkerpatekkudek nanalupa' pa'achidek, tullima. sin embargo, otros opinaban a buscar trabajo tenemos que ir por",U03018,G02793,hard,0.6195326447486877,0.5372757315635681,0.08225691318511963,2
U02957,G02732,"algunos percibieron la ceniza que volaba. dicen que de ahí se originó la lombriz, el iluli, toda clase de enfermedades que hay en nuestro estómago, dijeron.","nu'unta' ima lanpi'tasu' nana pendalu' penlu'pasu'. nanekla ima ñilli kuwer', tuner, dudinpu' kaluwi' ñilli merpimapu'wek tullina'.","papinkumapu'wa'ku' tanni'ma nana luyurka'su', luyullinerkenmu'wa', tanni'ma pa'llina'.",U03151,G02926,medium,0.6195326447486877,0.46376460790634155,0.1557680368423462,3
U00782,G00659,los conozco.,luwer'chapadeklek,lli'echek,U01446,G01264,hard,0.6956073641777039,0.5898279547691345,0.10577940940856934,5
U00782,G00659,los conozco.,luwer'chapadeklek,ñinchitapalek lun'ak,U00518,G00429,medium,0.6956073641777039,0.496111661195755,0.19949570298194885,8
U02821,G02596,dijo arákayu y puso la ballena.,tan ima arakayu nana lanla' aku'lli.,lukatullima arakayu.,U02693,G02468,hard,0.7291491031646729,0.6681944727897644,0.06095463037490845,9
U02821,G02596,dijo arákayu y puso la ballena.,tan ima arakayu nana lanla' aku'lli.,"ya'ullini'ma uklulu', arakayu iyui'ñi.",U02673,G02448,medium,0.7291491031646729,0.5783433318138123,0.1508057713508606,20
U01617,G01428,puedes hablar.,yennitula lun'a'mak,yennitulek lauk'ak,U01393,G01217,hard,0.7751388549804688,0.6652965545654297,0.10984230041503906,2
U01617,G01428,puedes hablar.,yennitula lun'a'mak,yennitula' uk'a'mak,U01268,G01103,medium,0.7751388549804688,0.6105270981788635,0.16461175680160522,6
U01614,G01425,¡hipócrita!,¡katu'lada!,¡liatusu' nuka'a!,U01807,G01604,hard,0.5621835589408875,0.509462833404541,0.052720725536346436,13
U01614,G01425,¡hipócrita!,¡katu'lada!,¡musa'ka'tuna!,U00159,G00118,medium,0.5621835589408875,0.41205766797065735,0.1501258909702301,42
U02180,G01960,estamos escuchando.,lauk'tapallidek,lansa'pallidek,U01582,G01393,hard,0.8714823126792908,0.7710137367248535,0.10046857595443726,2
U02180,G01960,estamos escuchando.,lauk'tapallidek,lauk'tawa',U01149,G01002,medium,0.8714823126792908,0.7066938281059265,0.16478848457336426,4
U00040,G00034,escucharon.,lau'tullina',peklu'tullina',U00892,G00764,medium,0.8579886555671692,0.6805858016014099,0.17740285396575928,2
U02550,G02325,"sobrepasaba las copas de los árboles, muy cerca del cielo ardía.","nalamulu'lusa' nakutusu', kekkilu'tek kawima uluntulli.","u'ñishima awerandeklli, a'panta'deklli pideknennek.",U03138,G02913,hard,0.5916557908058167,0.5394040942192078,0.05225169658660889,3
U02550,G02325,"sobrepasaba las copas de los árboles, muy cerca del cielo ardía.","nalamulu'lusa' nakutusu', kekkilu'tek kawima uluntulli.","iñer ima dullinen adipi, ukunpala'lli, ñi chipitekwi'ñi.",U02875,G02650,medium,0.5916557908058167,0.4389888048171997,0.15266698598861694,9
U01161,G01013,señálalo.,tañituker',inlu'uk'tuker',U01879,G01673,hard,0.8017727732658386,0.7446823120117188,0.05709046125411987,5
U01161,G01013,señálalo.,tañituker',lata'ker,U00048,G00038,medium,0.8017727732658386,0.6461371183395386,0.15563565492630005,11
U02999,G02774,de esa manera construyeron el camino de moyobamba.,nu'siklimaka asu' muyunpa inchilala nu'tullina'.,tanni'ma adenchanna' lunchallina' da'mupa'ser nana musun.,U02882,G02657,hard,0.5303594470024109,0.4478645920753479,0.08249485492706299,3
U02999,G02774,de esa manera construyeron el camino de moyobamba.,nu'siklimaka asu' muyunpa inchilala nu'tullina'.,ipa'li'na shiwilu la'la' pinanetllina'.,U02326,G02101,medium,0.5303594470024109,0.37964487075805664,0.15071457624435425,19
U00211,G00163,soy delgado. (masculino),shamu'pensu' nuka'ka,japones nuka'ka,U01386,G01211,hard,0.5562279224395752,0.5051684379577637,0.05105948448181152,39
U03042,G02817,"se fueron hasta moyobamba, regresaron, tuvieron reuniones y hablaron.","muyunpak walek pa'anna', adencha'nna', indiuntunna' luñina'.","nana sekputchekkui'na di'tanna, inpasetllina', inluyullina'.",U03148,G02923,hard,0.7498835325241089,0.64118891954422,0.10869461297988892,2
U03042,G02817,"se fueron hasta moyobamba, regresaron, tuvieron reuniones y hablaron.","muyunpak walek pa'anna', adencha'nna', indiuntunna' luñina'.","ekkadek pektañina', a'ukluka'llina', wa'tenñina'.",U02961,G02736,medium,0.7498835325241089,0.5880299806594849,0.16185355186462402,4
U00290,G00230,vuelve.,aden'cher',wencher',U00291,G00231,hard,0.7506757378578186,0.6846731305122375,0.06600260734558105,7
U00290,G00230,vuelve.,aden'cher',yunsuer',U00062,G00048,medium,0.7506757378578186,0.5903703570365906,0.16030538082122803,11
U01800,G01597,estará listo.,insek'diperpi ñape'chu,insek'diperpi ñapalli,U00587,G00488,hard,0.7583937048912048,0.6710044145584106,0.08738929033279419,2
U01800,G01597,estará listo.,insek'diperpi ñape'chu,tekdiperpi ñapalli,U01485,G01303,medium,0.7583937048912048,0.5949106812477112,0.16348302364349365,3
U00858,G00734,míralo.,lli'ker',li'inuter',U00874,G00747,hard,0.8563308119773865,0.7949858903884888,0.061344921588897705,3
U00858,G00734,míralo.,lli'ker',inlli'ter,U00104,G00073,medium,0.8563308119773865,0.7008017897605896,0.15552902221679688,9
U03078,G02853,los del grupo del malallina entraron y encontraron solamente a sekputchek.,nana malallinalek ñapalusi'mi'na danker'kuñina' kani'ñina' sekputcheksa'.,uk'apinlencha'ni'ma kelluluñiñi' kanañina'.,U02960,G02735,hard,0.5263013243675232,0.4449307322502136,0.08137059211730957,3
U03078,G02853,los del grupo del malallina entraron y encontraron solamente a sekputchek.,nana malallinalek ñapalusi'mi'na danker'kuñina' kani'ñina' sekputcheksa'.,adencha'nni'ma luncha'llina': enpu'nipa' ali'la ñinanluk lupa'paperpidek'wañina'.,U02983,G02758,medium,0.5263013243675232,0.36857151985168457,0.15772980451583862,18
U02899,G02674,"quizás no, quizas es un anuncio de lluvias.","ma'shipa', yu'lanla'pi' nuka'a.","enta'n, nawa' kerka' ñinchilli'npu'la'pi'na'.",U03028,G02803,hard,0.5585312843322754,0.4139667749404907,0.14456450939178467,5
U02899,G02674,"quizás no, quizas es un anuncio de lluvias.","ma'shipa', yu'lanla'pi' nuka'a.","ipa'lalek, ipa'la walek yunsi'ñi.",U02470,G02245,medium,0.5585312843322754,0.4085290729999542,0.15000221133232117,6
U01588,G01399,nos quedamos.,llia'terwa',da'awa',U00856,G00732,hard,0.848417341709137,0.795824408531189,0.052592933177948,7
U01588,G01399,nos quedamos.,llia'terwa',dek'kuntawa',U00610,G00506,medium,0.848417341709137,0.6819617748260498,0.16645556688308716,15
U01538,G01350,lo encontraron.,kanañina',nu'tullina',U00894,G00766,hard,0.5864483714103699,0.5362687110900879,0.05017966032028198,3
U01538,G01350,lo encontraron.,kanañina',uk'apilellina',U01867,G01661,medium,0.5864483714103699,0.43501701951026917,0.1514313519001007,12
U00896,G00767,se abrazaron.,inwiperi'llina',yamerladallina',U00899,G00770,hard,0.6266471743583679,0.5745429992675781,0.052104175090789795,25
U02852,G02627,a todos ellos matándolos bien vamos a ir.,nanadaper a'ka di'tupatekwa' musu' pa'aterwa'.,menmi a'nu'tudek'awa' tannima u'anna'.,U03129,G02904,hard,0.6279715299606323,0.5717414617538452,0.05623006820678711,3
U02852,G02627,a todos ellos matándolos bien vamos a ir.,nanadaper a'ka di'tupatekwa' musu' pa'aterwa'.,nu'ak kua' insekluten'apalekwa'.,U02779,G02554,medium,0.6279715299606323,0.4583895206451416,0.16958200931549072,9
U00800,G00677,estaba mareado.,ñapawinek lupersu',pulunker' ñapawiñi,U01473,G01291,hard,0.7570179104804993,0.6814523339271545,0.07556557655334473,9
U00800,G00677,estaba mareado.,ñapawinek lupersu',tuna'su' ñapalek,U00190,G00145,medium,0.7570179104804993,0.6042896509170532,0.15272825956344604,18
U00323,G00258,lo odio.,luyulek',indei'tulek,U01065,G00924,hard,0.5885981321334839,0.5082831978797913,0.08031493425369263,5
U00323,G00258,lo odio.,luyulek',iluwinek,U02001,G01787,medium,0.5885981321334839,0.4380955696105957,0.15050256252288818,16
U01343,G01171,¿necesito uno?,¿luantulek ala'sa'?,luwantulek ali'la,U01744,G01546,hard,0.5451286435127258,0.49036434292793274,0.05476430058479309,6
U01343,G01171,¿necesito uno?,¿luantulek ala'sa'?,¿musenkek a'cha?,U00572,G00476,medium,0.5451286435127258,0.38865238428115845,0.15647625923156738,26
U00184,G00140,me quedé.,lliya'lek',a'wer'lek,U00349,G00280,hard,0.6623900532722473,0.6085192561149597,0.0538707971572876,16
U00184,G00140,me quedé.,lliya'lek',awer'lek,U00524,G00434,medium,0.6623900532722473,0.5072618126869202,0.15512824058532715,37
U02291,G02066,"ella también que enseñe para que (otros) la aprendan,","nananta' a'lekchii, ñinchichii,","nanima yañinchitulli,",U02313,G02088,hard,0.6723091006278992,0.6039001941680908,0.06840890645980835,2
U02291,G02066,"ella también que enseñe para que (otros) la aprendan,","nananta' a'lekchii, ñinchichii,","inpikanpiler'an ima unma' uklli,",U02642,G02417,medium,0.6723091006278992,0.5197174549102783,0.15259164571762085,8
U02363,G02138,"cuando está humeando, humeando, humeando,","mu'ka mu'ka mu'katapasik,","iñer u'lan'ukllik wisunanpalli,",U02753,G02528,hard,0.5890331864356995,0.5318899154663086,0.05714327096939087,5
U02363,G02138,"cuando está humeando, humeando, humeando,","mu'ka mu'ka mu'katapasik,","da'wanser uklli,",U02645,G02420,medium,0.5890331864356995,0.4277515709400177,0.16128161549568176,18
U00583,G00713,eso pasa.,nana nakulli,asu' saka'tapalli,U00647,G00539,hard,0.7076021432876587,0.5676400661468506,0.1399620771408081,5
U00583,G00713,eso pasa.,nana nakulli,nana uk'lli,U00240,G00190,medium,0.7076021432876587,0.5520460605621338,0.1555560827255249,8
U00837,G00713,eso sucedió.,nana nakulli,asu' analli,U00905,G00776,hard,0.7666171193122864,0.6717482209205627,0.09486889839172363,3
U00837,G00713,eso sucedió.,nana nakulli,nana yunsu'lli,U01173,G01775,medium,0.7666171193122864,0.6051478385925293,0.16146928071975708,11
U00656,G00547,tom peleó.,tom idenmalli,tom tuluner'lli,U01874,G01668,hard,0.7264297008514404,0.666727602481842,0.05970209836959839,13
U00656,G00547,tom peleó.,tom idenmalli,tom indek'lli,U00659,G00549,medium,0.7264297008514404,0.5756977796554565,0.1507319211959839,33
U00657,G00547,tom luchó.,tom idenmalli,tom teka'lli,U01220,G01060,hard,0.7895048260688782,0.7367417812347412,0.05276304483413696,7
U00657,G00547,tom luchó.,tom idenmalli,tom musu' lunpi'ñi,U01224,G01063,medium,0.7895048260688782,0.637058675289154,0.15244615077972412,29
U02746,G02521,se secaron las cochas.,enpinantekllina' sennanlusa'.,tullina' taserpiku'lusa'.,U02774,G02549,hard,0.5522658824920654,0.49861466884613037,0.05365121364593506,12
U02746,G02521,se secaron las cochas.,enpinantekllina' sennanlusa'.,muisu' kankantullina,U00970,G00836,medium,0.5522658824920654,0.4018990695476532,0.15036681294441223,32
U02951,G02726,"ya me han muerto, ya me están quemando para que no vea más nada.","ipa' dei'tulamau'ku, ipa' kekkapalama'u'ku lli'chinpuek a'pinta'.","yenchenterka'su' saka'tapanna', iñer er'werwalek ipa' kasiserapilek walek ipa' asu' inkella chanchanchan.",U03136,G02911,hard,0.6088781356811523,0.5134152173995972,0.09546291828155518,3
U02951,G02726,"ya me han muerto, ya me están quemando para que no vea más nada.","ipa' dei'tulamau'ku, ipa' kekkapalama'u'ku lli'chinpuek a'pinta'.","kutunshawek a'ña'kasu', dudinpu' enka'pallinerku.",U02271,G02046,medium,0.6088781356811523,0.4559921622276306,0.15288597345352173,6
U00213,G00165,estoy limpio.,pekuipi ñapalek,nanpiladapalek shampasik,U02024,G01809,hard,0.7115269303321838,0.660981297492981,0.05054563283920288,9
U00213,G00165,estoy limpio.,pekuipi ñapalek,chiminllinkekla nampilek,U00545,G00451,medium,0.7115269303321838,0.5598052740097046,0.15172165632247925,36
U01664,G01471,"vamos, hazlo.","pa'awa, nu'ter'",nu'ter',U00887,G00759,medium,0.8236917853355408,0.5951193571090698,0.22857242822647095,3
U01924,G01715,son increíbles.,latek'inpu'pilusa' nuker'ka,u'chimuinchilusa' nuker'ka,U02149,G01929,hard,0.7070165276527405,0.6565987467765808,0.05041778087615967,3
U01924,G01715,son increíbles.,latek'inpu'pilusa' nuker'ka,saputek'lusa' nuker'ka,U01212,G01053,medium,0.7070165276527405,0.5365457534790039,0.17047077417373657,13
U00768,G00646,lo compré.,mapa'lek,kanandeklek,U01071,G00930,hard,0.6675525903701782,0.5605157017707825,0.10703688859939575,3
U00768,G00646,lo compré.,mapa'lek,indei'techek,U01064,G00923,medium,0.6675525903701782,0.5068062543869019,0.16074633598327637,17
U02725,G02500,ahora le llamamos a ese lugar la poza de la niña.,ipa'la peklu'lek leklun pitun.,nu'unta'nmu'wa' ipa' muyunpa luwetchaterwa'.,U02860,G02635,hard,0.6846890449523926,0.5986039638519287,0.08608508110046387,2
U02725,G02500,ahora le llamamos a ese lugar la poza de la niña.,ipa'la peklu'lek leklun pitun.,ipa'linchi ukdinu'ta'kasu'lek a'kasetllek.,U02381,G02156,medium,0.6846890449523926,0.5257552266120911,0.1589338183403015,7
U01379,G01204,¿cómo estáis?,¿ma'pu'sin?,¿chacha'wanpala?,U00989,G00853,hard,0.6022592186927795,0.5443557500839233,0.0579034686088562,13
U01379,G01204,¿cómo estáis?,¿ma'pu'sin?,¿wilawanpala'?,U02231,G02006,medium,0.6022592186927795,0.44070908427238464,0.1615501344203949,29
U00775,G00652,tenía frío.,sanek'wantuwinek,pulunker' ñapawiñi,U01473,G01291,hard,0.7509047985076904,0.6924793720245361,0.0584254264831543,6
U00775,G00652,tenía frío.,sanek'wantuwinek,ñapawiñi kawik,U01847,G01642,medium,0.7509047985076904,0.5974380970001221,0.15346670150756836,21
U00934,G00803,te queremos.,tandenñiden,luantullien,U00535,G00441,hard,0.6413648128509521,0.5729537606239319,0.06841105222702026,4
U00934,G00803,te queremos.,tandenñiden,wa'latapala,U02213,G01990,medium,0.6413648128509521,0.4889950454235077,0.15236976742744446,9
U00935,G00803,te amamos.,tandenñiden,luantullien,U00535,G00441,hard,0.6251910328865051,0.5458249449729919,0.07936608791351318,3
U00935,G00803,te amamos.,tandenñiden,lu'wanñiden,U00936,G00804,medium,0.6251910328865051,0.4731675684452057,0.15202346444129944,7
U00886,G00758,descansad.,neriker',wiuker',U00171,G00129,hard,0.6800739169120789,0.5987364649772644,0.08133745193481445,7
U00886,G00758,descansad.,neriker',a'wanerker',U00109,G00077,medium,0.6800739169120789,0.5215586423873901,0.15851527452468872,21
U03082,G02857,"regresando, a los que no apoyaron la rebelión les dijeron ¡vamos a matarlos a esos que no se han adherido.","adanda'nni'ma, nana katu'pa'chinpu'lusa' itudeklli ¡enchuku' di'tudekawa' asu' katu'pa'chinpu'lusa'!",nana nani'na itullina' ma'pu'si'pa' insekluteñek muyunpa inchilala yaekketchakwa' tullina'.,U03033,G02808,hard,0.5986663699150085,0.5178275108337402,0.08083885908126831,3
U03082,G02857,"regresando, a los que no apoyaron la rebelión les dijeron ¡vamos a matarlos a esos que no se han adherido.","adanda'nni'ma, nana katu'pa'chinpu'lusa' itudeklli ¡enchuku' di'tudekawa' asu' katu'pa'chinpu'lusa'!","ali'la wa'natek tekka'a'su' nanek kenmanta', kenmama'nta' pa'achuma' kuda ipa' chimiansekudek, tullina' amishala.",U03032,G02807,medium,0.5986663699150085,0.44350042939186096,0.15516594052314758,6
U02444,G02219,"preparando la comida me dan de comer, me alimentan.","akusutuker'anna' a'ka'llinerku, a'uranñinerku.","a'urkenma' uklupidek, dinpunen a'urkenma'.",U03061,G02836,medium,0.7496733665466309,0.5965621471405029,0.15311121940612793,2
U00830,G00706,estoy esperando.,wa'tentapalek,wa'tentechek,U00805,G00681,hard,0.872424304485321,0.7904852628707886,0.08193904161453247,3
U00830,G00706,estoy esperando.,wa'tentapalek,wa'tenchi'nek,U01396,G01220,medium,0.872424304485321,0.7207699418067932,0.15165436267852783,6
U00365,G00296,está oscuro.,kasiser' ñapalli,intek apalli,U00759,G00638,hard,0.6823018789291382,0.6163433194160461,0.06595855951309204,6
U00365,G00296,está oscuro.,kasiser' ñapalli,lunta'palli,U01367,G01192,medium,0.6823018789291382,0.5236600637435913,0.15864181518554688,17
U01203,G01044,ellos llamarán.,nawa' peklu'techuna',nawa' lanse'chuna',U01542,G01354,hard,0.70695960521698,0.6545320749282837,0.05242753028869629,2
U01203,G01044,ellos llamarán.,nawa' peklu'techuna',nawa' katu'pa'techuna',U01863,G01657,medium,0.70695960521698,0.5536677837371826,0.15329182147979736,7
U02943,G02718,cuando calmó el temblor los árboles se sacudieron.,nana lupa' lenmek'a'su' supinak nalalusi'ma pada'sa'tulli.,"nu'sui'ma pa'apan, ala'lu'sa' wa'anler a'peklu'tulli.",U02664,G02439,hard,0.5367477536201477,0.46198928356170654,0.07475847005844116,9
U02943,G02718,cuando calmó el temblor los árboles se sacudieron.,nana lupa' lenmek'a'su' supinak nalalusi'ma pada'sa'tulli.,"llipu'lli, unkunan ekketchulli, pata'tulli kusinek.",U02904,G02679,medium,0.5367477536201477,0.38291439414024353,0.15383335947990417,31
U03108,G02883,"ellos nos han enseñado a mentir, a robar, a matar, todas esas cosas.","nawa' asu' a'lekllinerkenmu'wa' tumu'akawek, apetchakawek, di'akawek, nanadaper ima'ka.","papinkumapu'wa'ku' tanni'ma nana luyurka'su', luyullinerkenmu'wa', tanni'ma pa'llina'.",U03151,G02926,hard,0.6602375507354736,0.5983285903930664,0.06190896034240723,2
U03108,G02883,"ellos nos han enseñado a mentir, a robar, a matar, todas esas cosas.","nawa' asu' a'lekllinerkenmu'wa' tumu'akawek, apetchakawek, di'akawek, nanadaper ima'ka.","nerpi'lantetchuna' asu' kaiklusa', nadi'neklusa', taserpilusa', papinkulusa' tullima.",U02997,G02772,medium,0.6602375507354736,0.5067849159240723,0.15345263481140137,6
U02645,G02420,"vino la doncella,","da'wanser uklli,","nanek wetlli,",U02723,G02498,hard,0.7422827482223511,0.6520179510116577,0.09026479721069336,8
U02645,G02420,"vino la doncella,","da'wanser uklli,","nu'wanta'sik ima sameller tupitunta'lli,",U02706,G02481,medium,0.7422827482223511,0.5162277817726135,0.22605496644973755,14
U00572,G00476,¿es alto? (muy arriba),¿musenkek a'cha?,¿mulli'ncha'?,U00678,G00568,hard,0.652695894241333,0.5903509855270386,0.062344908714294434,8
U00572,G00476,¿es alto? (muy arriba),¿musenkek a'cha?,¿ikerli?,U01465,G01283,medium,0.652695894241333,0.49992820620536804,0.15276768803596497,22
U01965,G01754,¿lo hiciste?,¿nu'tula?,¿kana'tula?,U00737,G00617,hard,0.7450973987579346,0.6949827671051025,0.05011463165283203,2
U01965,G01754,¿lo hiciste?,¿nu'tula?,¿ma'tulli?,U02188,G01968,medium,0.7450973987579346,0.5913665890693665,0.15373080968856812,5
U00402,G00326,lean esto.,luntuku' asu',tenmian'suer' asu',U00624,G00519,hard,0.7123636603355408,0.6512752175331116,0.0610884428024292,19
U00402,G00326,lean esto.,luntuku' asu',llia'ker' nanek,U00630,G00525,medium,0.7123636603355408,0.5546591877937317,0.15770447254180908,29
U02630,G02405,"dicen que en esa época ellos, los shiwilu finados, no conocían (todos) los peces.","napi'pui'mi'na ñi nawa', asu' shiwiluku'lusa', samerunta' luwetchi'ñina'.",nana malallinalek ñapalusi'mi'na danker'kuñina' kani'ñina' sekputcheksa'.,U03078,G02853,medium,0.7910254001617432,0.5783451199531555,0.21268028020858765,2
U00190,G00145,estoy calmado.,tuna'su' ñapalek,saka'tusu' ñapalek,U01453,G01271,hard,0.7003508806228638,0.6491466164588928,0.05120426416397095,14
U00190,G00145,estoy calmado.,tuna'su' ñapalek,añapalek kisek'mutu',U02007,G01792,medium,0.7003508806228638,0.5467349290847778,0.15361595153808594,44
U00787,G00664,debo esconderme.,insek'kita'kasu'ñapalli,pa'a'masu' ñapalli,U01621,G01432,hard,0.5831040740013123,0.480927050113678,0.10217702388763428,12
U00787,G00664,debo esconderme.,insek'kita'kasu'ñapalli,ñapaker' insek'dipersu',U00625,G00520,medium,0.5831040740013123,0.4141533076763153,0.16895076632499695,17
U02280,G02055,quiere aprender el idioma shiwilu.,shiwilu la'la' yañinchitulli.,da'ilek ala'si'mi'na lachik'apalli asu' shiwilu la'la'.,U02974,G02749,hard,0.6465609073638916,0.5951611399650574,0.05139976739883423,3
U02280,G02055,quiere aprender el idioma shiwilu.,shiwilu la'la' yañinchitulli.,ipa'la asu' senñula' itullun ¡lunker shiwilu la'la'!,U02504,G02279,medium,0.6465609073638916,0.47811853885650635,0.16844236850738525,8
U01028,G00889,¿duele?,¿ikerlli?,¿mapu'la?,U00703,G00589,hard,0.7558683156967163,0.6645627617835999,0.09130555391311646,4
U01028,G00889,¿duele?,¿ikerlli?,¿neriapalli?,U02063,G01846,medium,0.7558683156967163,0.603308916091919,0.15255939960479736,8
U00143,G00231,venga.,wencher',uencher',U00144,G00104,hard,0.7826699018478394,0.7263933420181274,0.056276559829711914,10
U00143,G00231,venga.,wencher',ekter,U00153,G00112,medium,0.7826699018478394,0.631921112537384,0.15074878931045532,23
U00291,G00231,ven.,wencher',paker',U00000,G00000,hard,0.7998324036598206,0.7249428033828735,0.07488960027694702,5
U00291,G00231,ven.,wencher',a'wencher',U01364,G01189,medium,0.7998324036598206,0.6489731073379517,0.1508592963218689,13
U02792,G02567,"¡váyanse, caramba, lejos!",¡paku' tekchi wei!.,"- ukllidek, alli'sha.",U02928,G02703,hard,0.6102689504623413,0.5599982738494873,0.050270676612854004,7
U02792,G02567,"¡váyanse, caramba, lejos!",¡paku' tekchi wei!.,"ma'shipa', yu'lanla'pi' nuka'a.",U02899,G02674,medium,0.6102689504623413,0.4576176106929779,0.1526513397693634,27
U01144,G00997,déjame ir.,ta'itula'u pa'ak,ta'ituler' pa'i,U01143,G00996,hard,0.8321588039398193,0.7676422595977783,0.06451654434204102,5
U01144,G00997,déjame ir.,ta'itula'u pa'ak,ta'itula'u lek'techek,U02089,G01871,medium,0.8321588039398193,0.6648577451705933,0.16730105876922607,15
U02967,G02742,su hembra vive dijeron.,ku'apenñen nanpipalli tan ima.,papinkumapu'wa'ku'lusa' nana nu'llina'.,U03193,G02968,medium,0.6055678725242615,0.4526093900203705,0.152958482503891,2
U02981,G02756,ahí efectivamente apareció un hombre blanco. al verlo se asustaron de ver lo que nunca antes habían visto.,"tekkinchi ala'sa' dadapu mudi'ma lli'tulli. lli'anna' imanantullina', lli'anna' ñi enpi' lli'inpu'erkasu'.","nu'unti'ma aper'kulli. yalun'i'ñi uncha'n muyunpakla ma'pu'si'pa' lli'lli senñulalusa', ñima nanapinta' yalun'i'ñi, ta'tula'nna' pa'llina'.",U03035,G02810,hard,0.6861385703086853,0.5373555421829224,0.14878302812576294,2
U02981,G02756,ahí efectivamente apareció un hombre blanco. al verlo se asustaron de ver lo que nunca antes habían visto.,"tekkinchi ala'sa' dadapu mudi'ma lli'tulli. lli'anna' imanantullina', lli'anna' ñi enpi' lli'inpu'erkasu'.",adencha'nni'ma luncha'llina': enpu'nipa' ali'la ñinanluk lupa'paperpidek'wañina'.,U02983,G02758,medium,0.6861385703086853,0.4821241497993469,0.20401442050933838,3
U02816,G02591,aquí termina.,nanek ta'wantulli.,asu' analli,U00905,G00776,hard,0.6639496684074402,0.5966653823852539,0.06728428602218628,5
U02816,G02591,aquí termina.,nanek ta'wantulli.,nana taserpitulli,U00754,G00633,medium,0.6639496684074402,0.5135757327079773,0.1503739356994629,18
U00442,G00359,pruébatelo.,teklerier',tekle'rilek',U00089,G00062,hard,0.8665508031845093,0.7682207822799683,0.09833002090454102,3
U00442,G00359,pruébatelo.,teklerier',tek'ker',U00132,G00094,medium,0.8665508031845093,0.7117091417312622,0.15484166145324707,5
U02614,G02389,mi candela es diferente.,penwek i'na nerpi'la.,kaikshawekleksa' llia'lek.,U02492,G02267,hard,0.4790376126766205,0.4181789457798004,0.06085866689682007,4
U02614,G02389,mi candela es diferente.,penwek i'na nerpi'la.,kankanen ukunpala'lli.,U02884,G02659,medium,0.4790376126766205,0.32417765259742737,0.15485996007919312,19
U01026,G00888,¿usted ronca?,¿kenma tukulu'pala?,¿a'ñapala cerveza?,U02229,G02004,hard,0.666715681552887,0.6158771514892578,0.05083853006362915,4
U01026,G00888,¿usted ronca?,¿kenma tukulu'pala?,¿si'lentapala?,U01648,G01457,medium,0.666715681552887,0.5131115317344666,0.1536041498184204,11
U01027,G00888,¿tú roncas?,¿kenma tukulu'pala?,¿iya'tulama?,U01962,G01752,hard,0.677830159664154,0.6078271269798279,0.07000303268432617,5
U01027,G00888,¿tú roncas?,¿kenma tukulu'pala?,¿lachek'la?,U01667,G01474,medium,0.677830159664154,0.5127720832824707,0.16505807638168335,15
U02721,G02496,"enojándose (arákayu) se fue dejándolos, tras icarar se fue y los dejó.","yun pa'lapinta'lli, pekkun pa'lapinta'lli.","u'ñishima awerandeklli, a'panta'deklli pideknennek.",U03138,G02913,hard,0.6153219938278198,0.5174547433853149,0.09786725044250488,4
U02721,G02496,"enojándose (arákayu) se fue dejándolos, tras icarar se fue y los dejó.","yun pa'lapinta'lli, pekkun pa'lapinta'lli.","ukta nudektulli ama'ladatulli nana, ma'i, kelluluñiñi'.",U02963,G02738,medium,0.6153219938278198,0.45499637722969055,0.16032561659812927,11
U01806,G01603,está vibrando.,pada'sa'tapalli,lunta'palli,U01367,G01192,hard,0.6899642944335938,0.6278656721115112,0.06209862232208252,3
U01806,G01603,está vibrando.,pada'sa'tapalli,we'inutapalli,U01704,G01507,medium,0.6899642944335938,0.512484073638916,0.17748022079467773,10
U01338,G01166,venga mañana.,weker' eklli,a'wencher',U01364,G01189,hard,0.7356644868850708,0.6564496159553528,0.07921487092971802,2
U01338,G01166,venga mañana.,weker' eklli,ek'ke'cher',U00102,G00071,medium,0.7356644868850708,0.573684573173523,0.16197991371154785,12
U02605,G02380,de ahí los shawala le dijeron:,naneklima shawalalusa'ler itullina':,tullina' nana yalli'lusa' pa'lusa':,U02652,G02427,hard,0.7825877666473389,0.6605092883110046,0.12207847833633423,3
U02605,G02380,de ahí los shawala le dijeron:,naneklima shawalalusa'ler itullina':,napi' ima wa'an yunsa'n luñi:,U02512,G02287,medium,0.7825877666473389,0.6321031451225281,0.1504846215248108,7
U02376,G02151,"abeja mi'len, tú qué cantidad de chicha que hagas siempre la endulzas.","mi'lencháaa, kenma enpu'nipi'nta' uklutetchu iñer a'kaser apalaaa.",we'chimu luntulek senñula' enpi'pu' lunchinpu'a'kasu'.,U02288,G02063,medium,0.6290570497512817,0.46982184052467346,0.15923520922660828,3
U01158,G01010,ahora sientate.,ipa'la du'ker',ipa' pinanerker',U01808,G01605,hard,0.6765016317367554,0.5789382457733154,0.09756338596343994,2
U01158,G01010,ahora sientate.,ipa'la du'ker',nanek llia'ker',U00628,G00523,medium,0.6765016317367554,0.49037501215934753,0.18612661957740784,6
U01370,G01195,¡me pellizcó!,¡sek'tek'lliu!,¡wek'lli!,U00755,G00634,hard,0.7013400197029114,0.5610781311988831,0.14026188850402832,4
U01370,G01195,¡me pellizcó!,¡sek'tek'lliu!,¡kana'tulek!,U00015,G00012,medium,0.7013400197029114,0.5396304130554199,0.16170960664749146,5
U02574,G02349,"también hallaban restos de cerámica, restos de adobe para parar las ollas, al bañarse, al bucear sacaban.","nu'sik sunka'teklusa', sunkapilusa' kananpallina', ama'nna'pu'su' dadektanna' usu'pallina'.","nanekla adenchenna' luncha'llina' nanalupa' dadapu muda' nanpipalli, kañellu'ladatusu, adawa'ladatusu.",U02990,G02765,hard,0.6320429444313049,0.5678026676177979,0.06424027681350708,5
U02574,G02349,"también hallaban restos de cerámica, restos de adobe para parar las ollas, al bañarse, al bucear sacaban.","nu'sik sunka'teklusa', sunkapilusa' kananpallina', ama'nna'pu'su' dadektanna' usu'pallina'.","nanapu'a'su' taserpilusa' ñinchia'lachekterkasu', ñinchilawer'erkasu' a'lachektetchuna', laweretchuna' ma'tusui'pa' wa'lata'kawa'su'.",U02867,G02642,medium,0.6320429444313049,0.4804590046405792,0.1515839397907257,18
U02202,G01979,nos traicionaste.,wa'danpilapilundek,wa'danpilapilun,U02201,G01978,hard,0.5257761478424072,0.47334882616996765,0.052427321672439575,4
U02202,G01979,nos traicionaste.,wa'danpilapilundek,tumu'tulun,U01913,G01705,medium,0.5257761478424072,0.3753678798675537,0.15040826797485352,14
U00175,G00133,fracasé.,a'aper'lek',anu'lek,U00028,G00023,hard,0.68424391746521,0.6294095516204834,0.05483436584472656,5
U00175,G00133,fracasé.,a'aper'lek',indei'techek,U01064,G00923,medium,0.68424391746521,0.5332874059677124,0.15095651149749756,19
U00663,G00553,tomás llamó.,chuma peklu'tulli,chuma lansa'lli,U00650,G00542,hard,0.7998347282409668,0.693204402923584,0.10663032531738281,2
U00663,G00553,tomás llamó.,chuma peklu'tulli,tomas tumu'palli,U00256,G00203,medium,0.7998347282409668,0.5963623523712158,0.20347237586975098,6
U03027,G02802,lo que hablaron las abuelitas ya finadas se esta cumpliendo ahora.,amiku'lusa' lu'rnka'su'pi'la nana ipa' innitapallin ipa'la.,ipa'la asu' shaya'lusa' inllinsellina' asu' ladanenna'.,U03013,G02788,medium,0.7131199836730957,0.4731217324733734,0.2399982511997223,2
U00132,G00094,corre.,tek'ker',aden'cher',U00290,G00230,hard,0.6537773609161377,0.5977012515068054,0.056076109409332275,29
U00088,G00061,voy a dormir,wichi'echek,wichin'dek'chek,U00087,G00060,hard,0.7698516249656677,0.7031059265136719,0.06674569845199585,2
U00088,G00061,voy a dormir,wichi'echek,wichi'lek,U00085,G01223,medium,0.7698516249656677,0.6066680550575256,0.1631835699081421,4
U01756,G01558,fui bienvenido.,musu' sekaper'llinerku,musu' ñapawiñi,U02070,G01853,hard,0.6988872289657593,0.6065425276756287,0.09234470129013062,2
U01756,G01558,fui bienvenido.,musu' sekaper'llinerku,musu' nampipalek,U00515,G00426,medium,0.6988872289657593,0.5449017882347107,0.15398544073104858,6
U02253,G02028,"conviviendo con mi padre me engendraron, me parieron y aquí mismo crecí.","nanpipakun tatawek ima wilawañinerku, wadekllinerku, asek i'la susulek.","kui'na apulli'ku, kwina', ma'i, tananmuda'ku.",U03171,G02946,hard,0.7173727750778198,0.5804618000984192,0.13691097497940063,2
U02253,G02028,"conviviendo con mi padre me engendraron, me parieron y aquí mismo crecí.","nanpipakun tatawek ima wilawañinerku, wadekllinerku, asek i'la susulek.","akusutuker'anna' a'ka'llinerku, a'uranñinerku.",U02444,G02219,medium,0.7173727750778198,0.567002534866333,0.15037024021148682,4
U03123,G02898,hasta acá nomás les he contado la lucha de malallina con los españoles.,nanek waleksa' winterkenma' asu' malallina idenma'su' ispaña la'la'lusa'lek.,enta' winterkenma' ma'pu'si'pa' kineklada' llillin ñilli.,U03147,G02922,hard,0.6653197407722473,0.5425353646278381,0.12278437614440918,2
U03123,G02898,hasta acá nomás les he contado la lucha de malallina con los españoles.,nanek waleksa' winterkenma' asu' malallina idenma'su' ispaña la'la'lusa'lek.,ipa'la lunchek ma'pu'si'pa' napi' uketllin asu' panpadek ukuchinlusa'.,U02511,G02286,medium,0.6653197407722473,0.5141416788101196,0.15117806196212769,5
U02627,G02402,en verdad le dijeron:,tekkinchima itulli:,nu'an ima waneran tulli:,U02695,G02470,hard,0.7466458678245544,0.6481298804283142,0.09851598739624023,2
U02627,G02402,en verdad le dijeron:,tekkinchima itulli:,sa'la'wenkasu' malek ima itudekllina':,U02525,G02300,medium,0.7466458678245544,0.580172061920166,0.16647380590438843,4
U01646,G01456,¿vendrás?,¿wenche'chun?,¿nu'techuma'?,U01908,G01702,hard,0.6486167311668396,0.5809199213981628,0.06769680976867676,5
U01646,G01456,¿vendrás?,¿wenche'chun?,¿ilañiner'ken?,U01595,G01406,medium,0.6486167311668396,0.4940897822380066,0.154526948928833,13
U01647,G01456,¿vienes?,¿wenche'chun?,¿ekpa'ak?,U00832,G00708,hard,0.7617834806442261,0.6936339139938354,0.06814956665039062,3
U01647,G01456,¿vienes?,¿wenche'chun?,¿ukllin'cha?,U00752,G00631,medium,0.7617834806442261,0.6094073057174683,0.1523761749267578,9
U01650,G01459,tráemelo.,keritu'u,alli'u,U00106,G00075,hard,0.7743815183639526,0.7231369614601135,0.05124455690383911,4
U01650,G01459,tráemelo.,keritu'u,a'lli'u,U01836,G01632,medium,0.7743815183639526,0.6211948990821838,0.1531866192817688,12
U00131,G00093,¿quién ganó?,¿den'ina' kana'tulli?,¿den tenmian'su'lli?,U01262,G01098,hard,0.8182690739631653,0.7664653658866882,0.05180370807647705,4
U00131,G00093,¿quién ganó?,¿den'ina' kana'tulli?,¿den lauk'tulli?,U01259,G01095,medium,0.8182690739631653,0.6031818389892578,0.21508723497390747,17
U03159,G02934,"de ahí, cuando regresaron les preguntaron ¿dónde se han ido a vivir ustedes, yéndose al cerro?","naneklima adencha'a'ser lekdekllina' ¿enñupa' i'na kenmama' nanpikunama', pa'anma' mutupik?","nana wa'anler peklu'deklli, peklu'dek'an itulli: -¿ma'i'na luwantanma' uklama'?.",U02977,G02752,medium,0.6985397934913635,0.4455319941043854,0.25300779938697815,2
U02006,G01791,odio estudiar.,luyulek kerka',luyulek wer'ak,U01404,G01227,medium,0.6298898458480835,0.46212488412857056,0.16776496171951294,9
U00696,G00583,estamos ocupados.,a'ñapallidek dudimpu' nu'ta'kawa'su',nadi'nek nuka'kawa',U00949,G00817,hard,0.6286131143569946,0.5674687623977661,0.061144351959228516,29
U01574,G01385,deberíamos comer.,ka'a'kawa'su' ñapalli,luwantullidek,U01242,G01080,hard,0.6545160412788391,0.5925543308258057,0.06196171045303345,5
U01574,G01385,deberíamos comer.,ka'a'kawa'su' ñapalli,a'ñapalekdekwa',U01897,G01691,medium,0.6545160412788391,0.49849191308021545,0.15602412819862366,10
U02613,G02388,con mi candela no van a cocinar.,- ñi asu' penweklek akusuchi'nchuma'.,nana malek asu' penweklek penwei'nchuma'.,U02616,G02391,hard,0.6849592328071594,0.5647384524345398,0.12022078037261963,2
U02613,G02388,con mi candela no van a cocinar.,- ñi asu' penweklek akusuchi'nchuma'.,penwek i'na nerpi'la.,U02614,G02389,medium,0.6849592328071594,0.4957428574562073,0.18921637535095215,3
U00156,G00115,se adelantarán.,ekte'chechuna',wei ek'tue'chuna',U01631,G01442,hard,0.7488492131233215,0.6205493807792664,0.12829983234405518,3
U00156,G00115,se adelantarán.,ekte'chechuna',a'chiyek'echiden,U01891,G01685,medium,0.7488492131233215,0.5922546982765198,0.15659451484680176,5
U01002,G00865,¿puedes venir?,¿yennitula uk'a'mak?,¿yennitulek da'ak?,U01330,G01158,hard,0.7444167733192444,0.6824913024902344,0.06192547082901001,2
U01002,G00865,¿puedes venir?,¿yennitula uk'a'mak?,yennitula' uk'a'mak,U01268,G01103,medium,0.7444167733192444,0.5932780504226685,0.15113872289657593,16
U00349,G00280,he perdido.,a'wer'lek,aper'lek,U01408,G01229,hard,0.7761898040771484,0.7125214338302612,0.06366837024688721,4
U00349,G00280,he perdido.,a'wer'lek,enmu'lek,U00548,G00454,medium,0.7761898040771484,0.591468334197998,0.1847214698791504,8
U03045,G02820,hemos escuchado lo que han hablado aquellos que hicieron el camino a moyobamba.,laukdekllidek lu'rnkasu' nana asu' muyunpa inchilala nu'ter'kasu'.,nana nani'na itullina' ma'pu'si'pa' insekluteñek muyunpa inchilala yaekketchakwa' tullina'.,U03033,G02808,hard,0.6111840009689331,0.5281172394752502,0.08306676149368286,2
U03045,G02820,hemos escuchado lo que han hablado aquellos que hicieron el camino a moyobamba.,laukdekllidek lu'rnkasu' nana asu' muyunpa inchilala nu'ter'kasu'.,nanek ima nu'unta' itudekllina' kerku' sha'wapenma' uku'lakeru'kudek.,U03005,G02780,medium,0.6111840009689331,0.44685593247413635,0.16432806849479675,7
U02724,G02499,se hundió mientras arákayu la estaba mirando.,dankumelli arakayuler lli'apasik.,tan ima arakayu nu'wanta'lli.,U02699,G02474,hard,0.6896862983703613,0.6313384175300598,0.058347880840301514,9
U02724,G02499,se hundió mientras arákayu la estaba mirando.,dankumelli arakayuler lli'apasik.,arakayu nenchullinerkenmu'wa'.,U02778,G02553,medium,0.6896862983703613,0.5373450517654419,0.15234124660491943,23
U03149,G02924,"ahí, dice, se ha ido un viejo y ha dicho vamos a ir al cerro.",nanek ima' pa'lli' ipa'linchi ala'sa' taserpima tulli enchuku' pa'awa' mutupik.,"tusik ima ipa' tulli ipa' mulli'chinpu'a'ser enchuku' adanta'wa', tullima.",U03137,G02912,medium,0.7318227887153625,0.5660616755485535,0.16576111316680908,2
U01441,G01261,lo demostraré.,alli'echek,yute'chek,U01765,G01566,hard,0.6950679421424866,0.6268860697746277,0.06818187236785889,6
U01441,G01261,lo demostraré.,alli'echek,dei'techek,U01439,G01258,medium,0.6950679421424866,0.528688907623291,0.16637903451919556,17
U01443,G01261,le mostraré.,alli'echek,peclu'echek,U01436,G01256,hard,0.7914138436317444,0.7212949991226196,0.07011884450912476,5
U01443,G01261,le mostraré.,alli'echek,lata'echek,U00807,G00683,medium,0.7914138436317444,0.6317416429519653,0.15967220067977905,11
U01810,G01607,déjame irme.,ta'itula'u pae'chek,ta'itula'u ata'wantak,U01494,G01311,hard,0.8554499745368958,0.7965303659439087,0.05891960859298706,5
U01810,G01607,déjame irme.,ta'itula'u pae'chek,ta'itula'u wintechen,U01818,G01615,medium,0.8554499745368958,0.6959007382392883,0.15954923629760742,11
U01024,G00886,¿usted fuma?,¿kenma u'wa'tapala?,¿a'ñapala cerveza?,U02229,G02004,hard,0.7070835828781128,0.6303723454475403,0.07671123743057251,3
U01024,G00886,¿usted fuma?,¿kenma u'wa'tapala?,¿peklu'tula?,U00706,G00592,medium,0.7070835828781128,0.5355768799781799,0.17150670289993286,9
U02374,G02149,ese líquido al anochecer se lo endulza discursando a la abeja mi'len2:,nana di'din er'washinchi a'kasekchulek mi'len ulen'ak:,"tullima nana lunanpichita'su', tullima nana wa'lata'su':",U02935,G02710,medium,0.7146267294883728,0.5570144653320312,0.15761226415634155,2
U02817,G02592,los finados shiwilu a la que llamamos ahora campana poza antes la llamaban ballena poza.,shiwiluku'lusa' ipa'la ita'kawa'su' kanpana' pitun napi' i'na itullina' lanla' pitun.,napi' wilashakuñamu asu' shiwilu la'la' mushasu' lunek.,U02399,G02174,hard,0.5864836573600769,0.5269216299057007,0.05956202745437622,2
U02817,G02592,los finados shiwilu a la que llamamos ahora campana poza antes la llamaban ballena poza.,shiwiluku'lusa' ipa'la ita'kawa'su' kanpana' pitun napi' i'na itullina' lanla' pitun.,"nu'su' ipa'la lawektapalek asu' shiwilumapu'wek, ñi napi'pu'su'.",U03203,G02978,medium,0.5864836573600769,0.4328683614730835,0.1536152958869934,11
U01941,G01731,¿estás casada?,¿sudasu'cha ñapala?,¿inapi ñapala?,U00987,G00851,hard,0.6564454436302185,0.5924379825592041,0.0640074610710144,12
U01941,G01731,¿estás casada?,¿sudasu'cha ñapala?,¿wilawanpalama'?,U02230,G02005,medium,0.6564454436302185,0.47426310181617737,0.18218234181404114,26
U01129,G00982,está funcionando.,saka'tapalli,saka'tulli.,U00222,G00174,hard,0.7451126575469971,0.6850768327713013,0.0600358247756958,2
U01129,G00982,está funcionando.,saka'tapalli,intek apalli,U00759,G00638,medium,0.7451126575469971,0.5925360321998596,0.15257662534713745,10
U02950,G02725,aunque había muerto hablaba:,chiminla'pi'n ima lunpalli:,tekkinchima itulli:,U02627,G02402,hard,0.7302922606468201,0.6522411108016968,0.07805114984512329,3
U02950,G02725,aunque había muerto hablaba:,chiminla'pi'n ima lunpalli:,naneklima itulli:,U02876,G02651,medium,0.7302922606468201,0.576764702796936,0.15352755784988403,9
U00416,G00336,quieto.,du'la'ker',tu'neker',U00110,G00078,hard,0.7784515619277954,0.7156305909156799,0.06282097101211548,2
U00416,G00336,quieto.,du'la'ker',tai'tuler',U00233,G00183,medium,0.7784515619277954,0.6100243330001831,0.1684272289276123,11
U02546,G02321,de veras corrieron ellos hasta que se cansaron.,tekkinchi tekka'llini'ma nawa' saka'terkek walek.,nanek ima inpinanerllanna' pek kuallina'.,U02892,G02667,hard,0.6991525888442993,0.5754261612892151,0.12372642755508423,2
U02546,G02321,de veras corrieron ellos hasta que se cansaron.,tekkinchi tekka'llini'ma nawa' saka'terkek walek.,tekkinchima pa'llina'.,U02920,G02695,medium,0.6991525888442993,0.5350857377052307,0.1640668511390686,6
U00353,G00284,¿es malo?,¿mukankan'inpu'?,¿kaser'llincha?,U01469,G01287,hard,0.7212932109832764,0.6697061657905579,0.051587045192718506,4
U00353,G00284,¿es malo?,¿mukankan'inpu'?,¿ma'tulli?,U02188,G01968,medium,0.7212932109832764,0.5561676621437073,0.1651255488395691,16
U01388,G01213,me indigna.,a'yiulliu,a'kaluwi'liu,U01475,G01293,hard,0.7205508947372437,0.6390162110328674,0.08153468370437622,3
U01388,G01213,me indigna.,a'yiulliu,chimin'ina'ka,U01760,G01562,medium,0.7205508947372437,0.5684011578559875,0.1521497368812561,11
U00404,G00328,véase arriba.,li'ker' musenkek,lli'ker' uti'lakla,U02157,G01937,hard,0.652228593826294,0.5780985355377197,0.07413005828857422,2
U00404,G00328,véase arriba.,li'ker' musenkek,ka'ker' iñer',U01683,G01488,medium,0.652228593826294,0.501538872718811,0.1506897211074829,4
U00462,G00378,¿estás levantado?,¿yunsansu' ñapala?,¿mer'su' ñapala?,U00988,G00852,hard,0.7760506272315979,0.7136675119400024,0.06238311529159546,8
U00462,G00378,¿estás levantado?,¿yunsansu' ñapala?,¿chimipi ñapala?,U00985,G00849,medium,0.7760506272315979,0.6019656658172607,0.17408496141433716,17
U00591,G00491,jesús lloró.,kishu wellek'lli,tom welliek'lli,U00261,G00208,medium,0.6908667087554932,0.5317424535751343,0.1591242551803589,2
U00335,G00966,estoy enojado.,yusu' ñapalek,tuna'su' ñapalek,U00190,G00145,hard,0.8165468573570251,0.7580809593200684,0.05846589803695679,11
U00335,G00966,estoy enojado.,yusu' ñapalek,wa'danpintek ñapalek,U00340,G00273,medium,0.8165468573570251,0.6665235757827759,0.15002328157424927,26
U01109,G00966,estoy indignado.,yusu' ñapalek,inapilante'ñapalek,U01101,G00960,hard,0.7542769312858582,0.7017933130264282,0.05248361825942993,11
U01109,G00966,estoy indignado.,yusu' ñapalek,ñapalek sakeksu',U01461,G01279,medium,0.7542769312858582,0.6007722020149231,0.15350472927093506,30
U02396,G02171,nuestra lengua shiwilu es bonita.,shiwilu la'la'mapu'wa' u'chimusha.,napi' wilashakuñamu asu' shiwilu la'la' mushasu' lunek.,U02399,G02174,medium,0.7788541913032532,0.5253194570541382,0.253534734249115,2
U03101,G02876,así han vivido antes.,nu'su' nanpillina' napi'.,nu'su'sa' ñillina' napi'.,U03145,G02920,hard,0.6945404410362244,0.6258944272994995,0.06864601373672485,2
U03101,G02876,así han vivido antes.,nu'su' nanpillina' napi'.,nana nu'apasik ima di'serpidektullina'.,U02686,G02461,medium,0.6945404410362244,0.5422263741493225,0.15231406688690186,4
U01797,G01595,fue planeado.,lli'inupi ñiwiñi,latek'lanañi,U01850,G01645,hard,0.583875834941864,0.5312348008155823,0.05264103412628174,7
U01797,G01595,fue planeado.,lli'inupi ñiwiñi,nu'su' ñiwiñi napi'.,U03206,G02981,medium,0.583875834941864,0.43382003903388977,0.15005579590797424,24
U00803,G00679,estaba cansado.,saka'tusu' ñapawinek,ñapawinek nanpiladasu',U00799,G00676,hard,0.8323438167572021,0.7560918927192688,0.07625192403793335,5
U00803,G00679,estaba cansado.,saka'tusu' ñapawinek,wicha'pawinek,U01754,G01556,medium,0.8323438167572021,0.6747705340385437,0.15757328271865845,11
U00799,G00676,estaba despierto.,ñapawinek nanpiladasu',wicha'pawinek,U01754,G01556,hard,0.7626476287841797,0.7059115171432495,0.056736111640930176,6
U00799,G00676,estaba despierto.,ñapawinek nanpiladasu',wa'latapawinek,U01753,G01555,medium,0.7626476287841797,0.592129647731781,0.17051798105239868,13
U02952,G02727,"por eso me voy a convertir en garrapata, voy a ser zancudo, tábano, tabanillo negro, mosquito, mosca grandecita voy a ser, voy a estar tomando su sangre por siempre,","da'ilek i'na kua tekpa ñichek, ñichek iyun, tunka, etchu, lu'wellu, isekpila ñichek, ukladekpenma' uwapetchekpi'la enpi'walekpi'nta',","malallineima ñañashasa', ukllilek dekpilli'lek, uklulu' nu'ta'n, iñer pideknen a'muetchan,",U03058,G02833,hard,0.6509413123130798,0.5179680585861206,0.13297325372695923,2
U02952,G02727,"por eso me voy a convertir en garrapata, voy a ser zancudo, tábano, tabanillo negro, mosquito, mosca grandecita voy a ser, voy a estar tomando su sangre por siempre,","da'ilek i'na kua tekpa ñichek, ñichek iyun, tunka, etchu, lu'wellu, isekpila ñichek, ukladekpenma' uwapetchekpi'la enpi'walekpi'nta',","nu'unta' ima lanpi'tasu' nana pendalu' penlu'pasu'. nanekla ima ñilli kuwer', tuner, dudinpu' kaluwi' ñilli merpimapu'wek tullina'.",U02957,G02732,medium,0.6509413123130798,0.4617644250392914,0.18917688727378845,6
U01164,G01015,pónganlo allí.,aku'ku' nanek,kencher' asek,U01325,G01154,hard,0.6844755411148071,0.6314114332199097,0.05306410789489746,2
U01164,G01015,pónganlo allí.,aku'ku' nanek,yunsuer' adipi,U01015,G00877,medium,0.6844755411148071,0.5253610014915466,0.1591145396232605,11
U02982,G02757,"entonces cuando amanecieron, otro día cuando amanecieron nuevamente dijeron ya queremos volver.","nanek ukllinantanna', ali'la uklli ukllinantununta'nna' tullina' yadanta'llidek.",nana nani'na itullina' ma'pu'si'pa' insekluteñek muyunpa inchilala yaekketchakwa' tullina'.,U03033,G02808,hard,0.661763608455658,0.5200269818305969,0.14173662662506104,2
U02982,G02757,"entonces cuando amanecieron, otro día cuando amanecieron nuevamente dijeron ya queremos volver.","nanek ukllinantanna', ali'la uklli ukllinantununta'nna' tullina' yadanta'llidek.","tanni'ma insekdipellina', uklulu'nenna' a'nu'tullina' sadina' yekpanna'.",U02870,G02645,medium,0.661763608455658,0.4983995854854584,0.16336402297019958,3
U02500,G02275,entonces a mí viniendo ahora esta señora me está haciendo contar.,nanek kua wek'amu ipa'la asek asu' senñula' a'lunpallun.,ipa'linchi ukdinu'ta'kasu'lek a'kasetllek.,U02381,G02156,hard,0.7090030312538147,0.6323232650756836,0.0766797661781311,2
U02500,G02275,entonces a mí viniendo ahora esta señora me está haciendo contar.,nanek kua wek'amu ipa'la asek asu' senñula' a'lunpallun.,nanekpi'la a'kasetllek asukallek.,U02353,G02128,medium,0.7090030312538147,0.5490542054176331,0.15994882583618164,7
U01603,G01414,¿dónde están?,¿enñupa'cha ñapalama'?,¿enñupa'cha ñapala?,U01602,G01413,medium,0.8086623549461365,0.6488983035087585,0.15976405143737793,2
U01166,G01017,repítelo.,tununter',tupiter',U00497,G00409,hard,0.6260925531387329,0.5735813975334167,0.05251115560531616,12
U01166,G01017,repítelo.,tununter',a'wanerker',U00109,G00077,medium,0.6260925531387329,0.4746675491333008,0.15142500400543213,45
U02729,G02504,quémalos.,"tanpen, enpulula' yapur'anna' uncha'a'ser di'setchudekker. hombre candela, cuando alguna vez queriendo pescar vengan,",i'inlusa' nuker'ka,U02143,G01923,hard,0.42607390880584717,0.3697942793369293,0.05627962946891785,8
U02729,G02504,quémalos.,"tanpen, enpulula' yapur'anna' uncha'a'ser di'setchudekker. hombre candela, cuando alguna vez queriendo pescar vengan,",u'chimuinchilusa' nuker'ka,U02149,G01929,medium,0.42607390880584717,0.2688208520412445,0.15725305676460266,27
U00388,G00316,veamos.,lli'awa',ek'ker'chawa',U01509,G01324,hard,0.8226332664489746,0.6827422976493835,0.13989096879959106,3
U00388,G00316,veamos.,lli'awa',ipa' lli'aterwa',U00451,G00367,medium,0.8226332664489746,0.6323815584182739,0.19025170803070068,5
U00765,G00643,soy cocinero.,kalu'tutek' nuka'ka,taserlunku nuka'ka,U01100,G00959,hard,0.7723178863525391,0.7166681885719299,0.05564969778060913,2
U00765,G00643,soy cocinero.,kalu'tutek' nuka'ka,weilunsu' nuka'ka,U00093,G00277,medium,0.7723178863525391,0.6149184107780457,0.1573994755744934,25
U02604,G02379,por eso todos en el patio nomás se quedaron.,nu'anni'ma iñer inyulatekkeksa' llia'llina'.,"naneklimaka, pacher kencha'llina' apetchanna' dekpilli.",U02992,G02767,hard,0.6901129484176636,0.5777469873428345,0.1123659610748291,2
U02604,G02379,por eso todos en el patio nomás se quedaron.,nu'anni'ma iñer inyulatekkeksa' llia'llina'.,ñidenler pata'pi'ñi aper'inpu'ek.,U02389,G02164,medium,0.6901129484176636,0.5334940552711487,0.1566188931465149,5
U02849,G02624,dicen que otro viejo se levantó y dijo también ¡no teman! ¿acaso vamos a ir solos?,ali'la taserpima tununta'llin pitan ¡ma'sha aner yatek kuatama'! ¿kenmu'shasa' a'ta' pa'aterwa'?,"adencha'n ima wa'an lekllina' -adanpilencha'llidek kuda, ¿luwandetchuma' a'cha? regresando le pidieron al gobernante -nosotros estamos volviendo,",U03087,G02862,hard,0.7101514935493469,0.5697504281997681,0.14040106534957886,2
U02849,G02624,dicen que otro viejo se levantó y dijo también ¡no teman! ¿acaso vamos a ir solos?,ali'la taserpima tununta'llin pitan ¡ma'sha aner yatek kuatama'! ¿kenmu'shasa' a'ta' pa'aterwa'?,nanek ima ala'sa' taserpi waneran tulli ipa'la'ka ali'la ñinanlu' luwetchulekwa'. ipa' wer'uklli kawi'ta'su malek u'apalekwa'.,U02995,G02770,medium,0.7101514935493469,0.5318617820739746,0.17828971147537231,3
U00711,G00597,ya verás.,ipa' lli'echu,lli'echu,U01633,G01444,medium,0.8672636151313782,0.66358882188797,0.2036747932434082,2
U02670,G02445,a las golondrinas yo las envío.,sellawa kualer a'uk'apencha'deklek.,namasu' la'leklan luntetchek.,U02281,G02056,hard,0.6701527237892151,0.5487272143363953,0.12142550945281982,3
U02670,G02445,a las golondrinas yo las envío.,sellawa kualer a'uk'apencha'deklek.,kaikshawekleksa' llia'lek.,U02492,G02267,medium,0.6701527237892151,0.491146057844162,0.1790066659450531,4
U02165,G01945,deberíamos ganar.,kana'ta'kawa'su' ñapalli,ka'a'kawa'su' ñapalli,U01574,G01385,hard,0.6803666353225708,0.6048176884651184,0.07554894685745239,4
U02165,G01945,deberíamos ganar.,kana'ta'kawa'su' ñapalli,winta'kasu' ñapalli,U02015,G01800,medium,0.6803666353225708,0.5089971423149109,0.1713694930076599,10
U01206,G01047,son huevos.,kadu'lusa' nuker'ka,sha'pi'su'sa' nuker'ka,U02127,G01907,hard,0.698616087436676,0.5801170468330383,0.1184990406036377,7
U01206,G01047,son huevos.,kadu'lusa' nuker'ka,inetchaku'lusa'ki.,U02308,G02083,medium,0.698616087436676,0.49331894516944885,0.20529714226722717,11
U01606,G01417,¿ella vendrá?,¿nana wenche'chu?,¿ukllin'cha?,U00752,G00631,hard,0.7133968472480774,0.6605954766273499,0.05280137062072754,3
U01606,G01417,¿ella vendrá?,¿nana wenche'chu?,¿ikerlli?,U01028,G00889,medium,0.7133968472480774,0.5515000820159912,0.16189676523208618,10
U01358,G01185,aguanta.,yan'katekter',pada'sa'tapalli,U01806,G01603,hard,0.5137685537338257,0.4612906575202942,0.052477896213531494,16
U02526,G02301,¿por qué ustedes han venido por acá? nos van a contagiar la viruela.,¿ma'ki'na kenmama' asu'lupa' uklama'? sa'la' a'dantetchenmu'wa'.,¿ma'ki'na kenmama' u'lama'? itullinerkudek.,U02794,G02569,medium,0.7115939855575562,0.5461750030517578,0.16541898250579834,2
U01914,G01980,nos mentiste.,tumu'tulundek,tumu'tulun,U01913,G01705,hard,0.6509022116661072,0.5399419665336609,0.11096024513244629,4
U01914,G01980,nos mentiste.,tumu'tulundek,luantullien,U00535,G00441,medium,0.6509022116661072,0.49087947607040405,0.16002273559570312,8
U02203,G01980,nos engañaste.,tumu'tulundek,tumu'tulun,U01913,G01705,hard,0.5849365592002869,0.4809941053390503,0.10394245386123657,3
U02203,G01980,nos engañaste.,tumu'tulundek,kenmapu'su' ñiina'ka,U01056,G00916,medium,0.5849365592002869,0.4277401864528656,0.15719637274742126,12
U00236,G00186,vamos.,pa'a,nuwanta'wa',U01505,G01321,hard,0.7758951187133789,0.7185505628585815,0.05734455585479736,7
U00236,G00186,vamos.,pa'a,yunsuer',U00062,G00048,medium,0.7758951187133789,0.6192833185195923,0.15661180019378662,20
U00996,G00859,sé confiado.,lu'uktutek'ken ñiker,ñaper' lu'uk'tan,U00728,G00610,hard,0.7051177024841309,0.5944400429725647,0.11067765951156616,4
U00996,G00859,sé confiado.,lu'uktutek'ken ñiker,musuk'i'la lli'inuper',U01529,G01342,medium,0.7051177024841309,0.5373947024345398,0.16772300004959106,6
U02804,G02579,"ahora aún más teniendo educación formal,","ipa'la a'pinta' ñinchillintanna',","kuashasa' ñienkasu' patunwi'nek,",U02502,G02277,hard,0.6760809421539307,0.6216567754745483,0.054424166679382324,4
U02804,G02579,"ahora aún más teniendo educación formal,","ipa'la a'pinta' ñinchillintanna',","ñinchilu'nkudeksu' taker'apilallidek,",U02331,G02106,medium,0.6760809421539307,0.5258367657661438,0.15024417638778687,21
U01760,G01562,preferiría morir.,chimin'ina'ka,luwantulek na'pia'musu',U01733,G01535,hard,0.5097213387489319,0.4432404935359955,0.0664808452129364,2
U01760,G01562,preferiría morir.,chimin'ina'ka,luwantulek kulliker',U01085,G00944,medium,0.5097213387489319,0.356601744890213,0.15311959385871887,10
U02980,G02755,por eso hemos venido dijeron.,nana nu'amudek ukllidek itullini'ma.,nana nu'su' aku'llinerkenmu'wa'.,U03192,G02967,hard,0.729140043258667,0.6753688454627991,0.05377119779586792,2
U02980,G02755,por eso hemos venido dijeron.,nana nu'amudek ukllidek itullini'ma.,nu'awa' nu'pachi tanni'ma llisanala nu'tanna'.,U03074,G02849,medium,0.729140043258667,0.5627936124801636,0.16634643077850342,5
U01584,G01395,estamos casados.,sadasu' ñapalek',chiminllinkekla nampipalekwa',U00939,G00807,hard,0.6650429964065552,0.5966215133666992,0.06842148303985596,2
U01584,G01395,estamos casados.,sadasu' ñapalek',utrinwanpalek,U01729,G01531,medium,0.6650429964065552,0.5057841539382935,0.15925884246826172,13
U00399,G00324,póntelo.,i'shi'ker',a'wanerker',U00109,G00077,hard,0.7313843369483948,0.6656742691993713,0.06571006774902344,3
U00399,G00324,póntelo.,i'shi'ker',usanker',U00021,G00508,medium,0.7313843369483948,0.5768685340881348,0.15451580286026,28
U01721,G01524,me divorcié.,yanpu'lek,ilulek,U01727,G01529,hard,0.6251574754714966,0.5595867037773132,0.06557077169418335,7
U01721,G01524,me divorcié.,yanpu'lek,yen'ner'lek',U00084,G00058,medium,0.6251574754714966,0.47406846284866333,0.15108901262283325,16
U00047,G00037,gracias.,yuspeinet'echun,muetchun,U00083,G00057,hard,0.692635178565979,0.6110365390777588,0.08159863948822021,2
U00047,G00037,gracias.,yuspeinet'echun,musu'nakuku',U00163,G00121,medium,0.692635178565979,0.4895150363445282,0.2031201422214508,5
U00924,G00793,camina lentamente.,dekunder' uti'la,ekpa'ker' utila',U01030,G00891,hard,0.6128419041633606,0.5361839532852173,0.07665795087814331,7
U00924,G00793,camina lentamente.,dekunder' uti'la,ma'pu'su'pintak nu'ter,U01809,G01606,medium,0.6128419041633606,0.46258944272994995,0.15025246143341064,17
U01635,G01445,eres parcial.,denlekpin'ta' ñapala,nantapi'na,U00981,G00845,hard,0.5932654738426208,0.528603732585907,0.06466174125671387,11
U01635,G01445,eres parcial.,denlekpin'ta' ñapala,yanu'tapala,U01642,G01452,medium,0.5932654738426208,0.44253090023994446,0.1507345736026764,26
U01545,G01357,están enojados.,yusu' ñapallina',muinsu' ñapallina',U01868,G01662,hard,0.8203704953193665,0.7485644817352295,0.07180601358413696,2
U01545,G01357,están enojados.,yusu' ñapallina',sadasu' ñapallina',U02147,G01927,medium,0.8203704953193665,0.6691253185272217,0.15124517679214478,5
U00954,G00821,¡qué mugre!,!embu'ni uchutek'ipa'!,¡tekkinchi nuka'a!,U00372,G00303,hard,0.637094259262085,0.5804104208946228,0.05668383836746216,14
U00954,G00821,¡qué mugre!,!embu'ni uchutek'ipa'!,¡katu'lada!,U01614,G01425,medium,0.637094259262085,0.48181724548339844,0.15527701377868652,34
U01475,G01293,me enferma.,a'kaluwi'liu,enmu'lek,U00548,G00454,hard,0.7124202251434326,0.6451493501663208,0.06727087497711182,3
U01475,G01293,me enferma.,a'kaluwi'liu,usu'lliner'ku,U02033,G01817,medium,0.7124202251434326,0.5467104315757751,0.16570979356765747,10
U00923,G00792,despertalo.,a'nambiker',inlli'inuer',U01871,G01665,hard,0.5557646751403809,0.4997439682483673,0.05602070689201355,2
U00923,G00792,despertalo.,a'nambiker',ek'ker'cher',U01162,G01014,medium,0.5557646751403809,0.39584165811538696,0.1599230170249939,19
U01321,G01150,¿estás cansado?,¿saka'tusu' ñapala?,¿sadasu'cha ñapala?,U01940,G01730,hard,0.8069676756858826,0.7545160055160522,0.05245167016983032,10
U01321,G01150,¿estás cansado?,¿saka'tusu' ñapala?,¿insek'diperpi ñapala?,U01318,G01147,medium,0.8069676756858826,0.6522504687309265,0.15471720695495605,17
U00980,G01721,estás enfermo.,kaluwi'pala,lupersu' ñapala,U01293,G01124,hard,0.8111127614974976,0.7428474426269531,0.06826531887054443,3
U00980,G01721,estás enfermo.,kaluwi'pala,tasellun ñapala,U00713,G00599,medium,0.8111127614974976,0.6407360434532166,0.170376718044281,12
U01930,G01721,estás herida.,kaluwi'pala,wa'danpintek ñapala,U01291,G01122,hard,0.7451927661895752,0.6871212720870972,0.05807149410247803,8
U01930,G01721,estás herida.,kaluwi'pala,wa'danpilapilun,U02201,G01978,medium,0.7451927661895752,0.5133726000785828,0.23182016611099243,14
U02276,G02051,más son las mujeres las que me acompañan.,a'pinta' ku'aperwawalusa' musu' eknanpipallun.,a'pinta' luwektapa'nkusui'na ku'aperwawa suda'su'.,U02272,G02047,hard,0.6817958950996399,0.5726169943809509,0.10917890071868896,2
U02276,G02051,más son las mujeres las que me acompañan.,a'pinta' ku'aperwawalusa' musu' eknanpipallun.,nawa'ler a'ka di'tetchuna' nana anaka'.,U02916,G02691,medium,0.6817958950996399,0.518040120601654,0.16375577449798584,4
U02489,G02264,la víbora mordió a mi padre.,da'wanler kiteklli tatawek.,tatawek ekdusipen ñilli.,U02255,G02030,hard,0.7148231267929077,0.5930368304252625,0.12178629636764526,3
U02489,G02264,la víbora mordió a mi padre.,da'wanler kiteklli tatawek.,teksusupa'nku tatanenna' chiminlapillun.,U02267,G02042,medium,0.7148231267929077,0.555857241153717,0.15896588563919067,5
U00177,G00135,lo entiendo.,lachek'apalek,luwer'chapalek,U00528,G00438,hard,0.7045283317565918,0.6491947174072266,0.055333614349365234,3
U00177,G00135,lo entiendo.,lachek'apalek,ñinchidinupalek,U00813,G00689,medium,0.7045283317565918,0.5539315938949585,0.1505967378616333,16
U02050,G01833,solo pregunto.,lektapaleksa',kerka' ñinchitapalek,U01115,G00971,hard,0.5344698429107666,0.43078291416168213,0.10368692874908447,2
U02050,G01833,solo pregunto.,lektapaleksa',nanalatekapalek,U00547,G00453,medium,0.5344698429107666,0.372497022151947,0.16197282075881958,8
U03050,G02825,así hablaron los antiguos….,nu'sui'ma luñi taserpiku'lusa'.....,nana malek dansu'lusa' tullina':,U02566,G02341,medium,0.7572503685951233,0.5548890233039856,0.2023613452911377,2
U00995,G00858,estar atento.,insekdipersu' ñapaker',lu'uktutek'ken ñiker,U00996,G00859,hard,0.6613288521766663,0.5759317278862,0.08539712429046631,6
U00995,G00858,estar atento.,insekdipersu' ñapaker',lli'ker' uti'lakla,U02157,G01937,medium,0.6613288521766663,0.4934350550174713,0.16789379715919495,14
U02983,G02758,tras volver (a jeberos) contaron: mucho en otros pueblos tienen casa embarrada (tarrajeada).,adencha'nni'ma luncha'llina': enpu'nipa' ali'la ñinanluk lupa'paperpidek'wañina'.,nanentu saka'tulusui'pa' muyunpak walek ektui'nchuna' tullima ali'la taserpi.,U02861,G02636,hard,0.6129628419876099,0.5008649230003357,0.11209791898727417,2
U02983,G02758,tras volver (a jeberos) contaron: mucho en otros pueblos tienen casa embarrada (tarrajeada).,adencha'nni'ma luncha'llina': enpu'nipa' ali'la ñinanluk lupa'paperpidek'wañina'.,uk'apinlencha'ni'ma kelluluñiñi' kanañina'.,U02960,G02735,medium,0.6129628419876099,0.4466262757778168,0.1663365662097931,5
U01919,G01710,hueles bien.,lanerllien u'chimu,u'chimu lanelliek,U01792,G01591,hard,0.7153361439704895,0.6419139504432678,0.07342219352722168,2
U01919,G01710,hueles bien.,lanerllien u'chimu,musu' paskua',U01038,G00899,medium,0.7153361439704895,0.5457786917686462,0.16955745220184326,8
U02789,G02564,"cuando contaban yo también a los viejos ya finados les he escuchado, sentado desde cierta distancia.",ta'ser kuanta' taserpiku'lusa' laukdeklek du'amu weilan.,"wadunek kerkek lli'amu llillinlusa', nerpi'pu'.",U03195,G02970,hard,0.6355404257774353,0.5258117914199829,0.10972863435745239,2
U02789,G02564,"cuando contaban yo también a los viejos ya finados les he escuchado, sentado desde cierta distancia.",ta'ser kuanta' taserpiku'lusa' laukdeklek du'amu weilan.,peksantapamu nana inkaluner ker'unta' a'ler'apalek alei'teklundan.,U02351,G02126,medium,0.6355404257774353,0.4810941815376282,0.15444624423980713,4
U02771,G02546,todos dijeron ¿por qué nos hicieron eso?,iñerdaper ¿ma'ki'nta' nu'tullinerkenmu'wa' ten?,¿ma'kin nu'tullinerkenmu'wa' chi,U02773,G02548,hard,0.6445915699005127,0.5733739137649536,0.07121765613555908,3
U02771,G02546,todos dijeron ¿por qué nos hicieron eso?,iñerdaper ¿ma'ki'nta' nu'tullinerkenmu'wa' ten?,"nana wa'anler peklu'deklli, peklu'dek'an itulli: -¿ma'i'na luwantanma' uklama'?.",U02977,G02752,medium,0.6445915699005127,0.4877180755138397,0.15687349438667297,12
U01287,G01120,tú sobreviviste.,kenma chiminllinkekla nampila,nantapitek ñiwina,U01921,G01712,hard,0.6816574931144714,0.6173893809318542,0.06426811218261719,3
U01287,G01120,tú sobreviviste.,kenma chiminllinkekla nampila,chimillinkekla nanpichu,U01991,G01777,medium,0.6816574931144714,0.4846218228340149,0.19703567028045654,4
U01289,G01120,usted sobrevivió.,kenma chiminllinkekla nampila,nantapitek ñiwina,U01921,G01712,hard,0.6788974404335022,0.5870187282562256,0.09187871217727661,3
U01289,G01120,usted sobrevivió.,kenma chiminllinkekla nampila,kenma nu'techun tuwina,U01276,G01110,medium,0.6788974404335022,0.5054982304573059,0.1733992099761963,4
U01142,G00995,sigue escribiendo.,llinsecher'pi'la,lun'aper'i'la,U01139,G00992,hard,0.6524962782859802,0.5560519099235535,0.09644436836242676,4
U01142,G00995,sigue escribiendo.,llinsecher'pi'la,tupiter' inpalerian,U02086,G01868,medium,0.6524962782859802,0.5012483596801758,0.15124791860580444,6
U01990,G01776,es etíope.,etiope nuka'a,pipersu' nuka'a,U00229,G00179,medium,0.8690599203109741,0.5715553760528564,0.2975045442581177,2
U01226,G01065,tomás desapareció.,chuma wer'lli,tom wer'lli,U02153,G01933,medium,0.7854097485542297,0.6313483715057373,0.15406137704849243,2
U02117,G01898,siéntate derecho.,cheksu' du'ker',lauk'la tuna'ker',U00508,G00420,hard,0.6635380387306213,0.5428775548934937,0.12066048383712769,3
U02117,G01898,siéntate derecho.,cheksu' du'ker',li'ker' musenkek,U00404,G00328,medium,0.6635380387306213,0.4755205810070038,0.18801745772361755,7
U02118,G01898,siéntese recto.,cheksu' du'ker',cheksu' ñiker',U00724,G00890,hard,0.7459319233894348,0.6274269223213196,0.11850500106811523,3
U02118,G01898,siéntese recto.,cheksu' du'ker',li'ker' musenkek,U00404,G00328,medium,0.7459319233894348,0.5866137146949768,0.159318208694458,6
U00294,G00233,hazlo ahora.,nu'ter' ipa'la,nu'tawa' ipa'la,U02092,G01874,hard,0.8268706798553467,0.6961930394172668,0.13067764043807983,2
U00294,G00233,hazlo ahora.,nu'ter' ipa'la,eklli nu'ter',U01669,G01476,medium,0.8268706798553467,0.6373438239097595,0.18952685594558716,5
U02631,G02406,"solamente las mojarras, bujurquis, fasacos, shirui grande, los pucahuicsa, sólo eso conocían.","pektalusa'sa', adu, a'lanan, punkapi, asu' pupunlusa', nanasi'ma luwetchullina'.","nerpi'lantetchuna' asu' kaiklusa', nadi'neklusa', taserpilusa', papinkulusa' tullima.",U02997,G02772,hard,0.6551592350006104,0.5757256746292114,0.07943356037139893,2
U02631,G02406,"solamente las mojarras, bujurquis, fasacos, shirui grande, los pucahuicsa, sólo eso conocían.","pektalusa'sa', adu, a'lanan, punkapi, asu' pupunlusa', nanasi'ma luwetchullina'.","ishpañakla nananta', katu'daper i'la shiwilu la'la', inka' la'la' lui'nta'ser, lachekllini'mi'na.",U03132,G02907,medium,0.6551592350006104,0.49346062541007996,0.1616986095905304,9
U02026,G01811,quiero bailar.,yalansa'lek,yayunsu'lek,U01748,G01550,hard,0.5776104927062988,0.5106547474861145,0.06695574522018433,8
U02026,G01811,quiero bailar.,yalansa'lek,lunpalek,U00826,G00702,medium,0.5776104927062988,0.41819339990615845,0.15941709280014038,28
U02937,G02712,"desde ahora pónganse en acción les dijo a los muchachos,","nasu'ku' ipia'laklanek itudekllima wilalusa',","ipa'linchi ñinanlu' indiuntun tulli,",U02738,G02513,hard,0.681349515914917,0.6303120851516724,0.05103743076324463,4
U02937,G02712,"desde ahora pónganse en acción les dijo a los muchachos,","nasu'ku' ipia'laklanek itudekllima wilalusa',","iñer ñinchita'kudeksu' napi'ku'lusa'ki,",U02306,G02081,medium,0.681349515914917,0.5232322216033936,0.15811729431152344,10
U01582,G01393,estamos bailando.,lansa'pallidek,tuluner'awa',U00606,G00502,hard,0.7794269919395447,0.6908233761787415,0.08860361576080322,2
U01582,G01393,estamos bailando.,lansa'pallidek,luper'awa',U02100,G01881,medium,0.7794269919395447,0.6105764508247375,0.16885054111480713,6
U00269,G00215,obsérvalos.,lli'dek'ku',inlli'inuer',U01871,G01665,hard,0.7422171831130981,0.6793996095657349,0.06281757354736328,4
U00269,G00215,obsérvalos.,lli'dek'ku',luwerchinpu'deker,U00831,G00707,medium,0.7422171831130981,0.5867170095443726,0.15550017356872559,11
U01888,G01682,estaremos felices.,musu' ñape'chidek,musu'lu'ukpi ñapallidek,U02179,G01959,hard,0.8080534338951111,0.7207961678504944,0.0872572660446167,2
U01888,G01682,estaremos felices.,musu' ñape'chidek,musu' ñape'chu,U01290,G01121,medium,0.8080534338951111,0.6554840803146362,0.15256935358047485,5
U00668,G00558,tom charló.,tom lunñi,tom lanteñi,U00433,G00350,hard,0.8486351370811462,0.7873649597167969,0.061270177364349365,6
U00668,G00558,tom charló.,tom lunñi,tom lachek'lli,U01876,G01670,medium,0.8486351370811462,0.6896018981933594,0.15903323888778687,15
U00590,G00721,hace viento.,tanluwatapalli,pada'sa'tapalli,U01806,G01603,hard,0.6388708353042603,0.585070013999939,0.05380082130432129,4
U00590,G00721,hace viento.,tanluwatapalli,uker'lli,U00356,G00287,medium,0.6388708353042603,0.48481008410453796,0.1540607511997223,9
U00845,G00721,hace fresco.,tanluwatapalli,saka'tapalli musu',U01479,G01297,hard,0.6187320351600647,0.5425705313682556,0.07616150379180908,3
U00845,G00721,hace fresco.,tanluwatapalli,nu'ter' ipia'lashinchi,U01967,G01756,medium,0.6187320351600647,0.45936232805252075,0.15936970710754395,11
U02537,G02312,voy a cerrar mi boca fuerte. cuando vuelva a abrirla y saque (los pescados) coman.,inlasiser'chek. lauknunta' asek kui'na usunma' ka'ku'.,pitawilek ma'ilek nerku'teklek pitawilek.,U02361,G02136,hard,0.664917528629303,0.601797878742218,0.06311964988708496,2
U02537,G02312,voy a cerrar mi boca fuerte. cuando vuelva a abrirla y saque (los pescados) coman.,inlasiser'chek. lauknunta' asek kui'na usunma' ka'ku'.,"kutunshawek a'ña'kasu', dudinpu' enka'pallinerku.",U02271,G02046,medium,0.664917528629303,0.4957756996154785,0.16914182901382446,5
U02827,G02602,"ahí entrando (dentro de la ballena, marcel) le vio su corazón.",nanek da'an lli'itulli dinlupinen.,nu'su' lantekpi dekkuntuwiñi napi'.,U02467,G02242,hard,0.6034723520278931,0.5349066853523254,0.06856566667556763,3
U02827,G02602,"ahí entrando (dentro de la ballena, marcel) le vio su corazón.",nanek da'an lli'itulli dinlupinen.,penwanpasik pidekñik.,U02584,G02359,medium,0.6034723520278931,0.4520219564437866,0.15145039558410645,10
U02186,G01966,los perdimos.,a'wer'llidek,perlli'llidek,U00701,G00587,hard,0.7745757102966309,0.711661159992218,0.06291455030441284,4
U02186,G01966,los perdimos.,a'wer'llidek,idunwa',U00607,G00503,medium,0.7745757102966309,0.599189281463623,0.1753864288330078,10
U03165,G02940,ustedes (los que viven) por (donde) llumallun son lomas.,kenmami'na llumallunku'lupa' lomas.,kenmami'na lawekklatekkek ñikunama' laulate.,U03166,G02941,medium,0.7577331066131592,0.5889899730682373,0.16874313354492188,2
U00018,G00015,sonríe.,yamer,muuklli,U01036,G00897,hard,0.6279748678207397,0.5588337182998657,0.06914114952087402,6
U00018,G00015,sonríe.,yamer,¡luntuu!,U00632,G00527,medium,0.6279748678207397,0.47316795587539673,0.15480691194534302,20
U00127,G00090,bienvenido.,muwencha'ker',¡mupencha!,U00512,G00423,hard,0.5403570532798767,0.4886442720890045,0.05171278119087219,10
U00127,G00090,bienvenido.,muwencha'ker',ñapaker' musu'kankantusu',U00465,G00380,medium,0.5403570532798767,0.38316550850868225,0.15719154477119446,29
U02226,G02002,¿puedo salir?,¿yennitulek yunsu'ak?,¿yennitulek pilli'tak?,U01336,G01164,hard,0.8164293169975281,0.757931649684906,0.05849766731262207,7
U02226,G02002,¿puedo salir?,¿yennitulek yunsu'ak?,¿yennitapala dekkunta'mak?,U01006,G00869,medium,0.8164293169975281,0.6658227443695068,0.15060657262802124,14
U00903,G00774,pasearon.,da'llina',da'pañina',U01194,G01036,hard,0.7779127359390259,0.7255592942237854,0.05235344171524048,3
U00903,G00774,pasearon.,da'llina',nu'tullina',U00895,G00766,medium,0.7779127359390259,0.6270421743392944,0.15087056159973145,10
U00511,G00422,¡qué bonito!,¡embu'ni mushipa'!,¡musu' lli'inuter'!,U00151,G00111,hard,0.5722415447235107,0.5220504999160767,0.05019104480743408,25
U00104,G00073,nos vemos.,inlli'ter,llia'terwa',U01588,G01399,hard,0.5844777822494507,0.520267128944397,0.06421065330505371,14
U00104,G00073,nos vemos.,inlli'ter,¡wiuker'!,U00170,G00128,medium,0.5844777822494507,0.4299886226654053,0.1544891595840454,44
U00707,G00593,tú decides.,kenma techu,nanentu kenmama',U01271,G01106,hard,0.6446258425712585,0.5488086938858032,0.09581714868545532,3
U00707,G00593,tú decides.,kenma techu,kua katu'pekchen,U00736,G00616,medium,0.6446258425712585,0.4832306504249573,0.16139519214630127,10
U02802,G02577,hasta ahora nosotros los que hemos oído conocemos (de arákayu).,ipa'la walek kuda laukta'kudeksu' ñinchitapallidek.,nawa' ipa'la asu' kaschilla la'la' a'lek'apallinerkudek.,U03118,G02893,hard,0.7297548055648804,0.6628472805023193,0.06690752506256104,2
U02802,G02577,hasta ahora nosotros los que hemos oído conocemos (de arákayu).,ipa'la walek kuda laukta'kudeksu' ñinchitapallidek.,nu'unta'nmu'wa' ipa' muyunpa luwetchaterwa'.,U02860,G02635,medium,0.7297548055648804,0.5475674867630005,0.18218731880187988,5
U01212,G01053,son débiles.,saputek'lusa' nuker'ka,iñer' ñinchitulusa' nuker'ka,U01300,G01131,hard,0.5540095567703247,0.49519026279449463,0.05881929397583008,15
U01212,G01053,son débiles.,saputek'lusa' nuker'ka,ninchipeklui'npu'la'pi'na'.,U03202,G02977,medium,0.5540095567703247,0.40187355875968933,0.15213599801063538,33
U02446,G02221,trabajar les digo.,"- ah, pakuuu kenmamá'. lliinuta'mama'su' yasaka'tulama' itudeklek. ah, vayan ustedes, conforme acordaron van a",linserchapalek la'la'lusa',U01430,G01250,hard,0.4787396490573883,0.42506515979766846,0.05367448925971985,4
U02446,G02221,trabajar les digo.,"- ah, pakuuu kenmamá'. lliinuta'mama'su' yasaka'tulama' itudeklek. ah, vayan ustedes, conforme acordaron van a",llinsercher' kerka'lusa',U01992,G01778,medium,0.4787396490573883,0.3277919292449951,0.1509477198123932,15
U01368,G01193,la besó.,musha'lli,dekundunlli,U00410,G00331,hard,0.6274806261062622,0.5562998056411743,0.07118082046508789,5
U01368,G01193,la besó.,musha'lli,tekineklli,U00371,G00302,medium,0.6274806261062622,0.4708762764930725,0.1566043496131897,14
U02939,G02714,unos cortaron trozos de madera para meterlos dentro de sus mosquiteros (y hacerle creer al duende que eran ellos durmiendo).,"ali'ladaper nalatuntun llituntullina', chipetcheknenna' lalak yakala'nna'.",ala'lu'sa' katu'ta' wilalunlusa' katu'ta' yuyu'walusa'ler kaper'anna' lumellina'.,U02468,G02243,hard,0.43388354778289795,0.3829698860645294,0.05091366171836853,20
U01978,G01766,¿me conoce?,¿luwer'chapalun?,¿luwer'chapallien?,U01342,G01170,hard,0.6514970660209656,0.5957314372062683,0.055765628814697266,4
U01978,G01766,¿me conoce?,¿luwer'chapalun?,¿lli'inutapala?,U01974,G01763,medium,0.6514970660209656,0.499212384223938,0.1522846817970276,15
U00655,G00546,tom fracasó.,tom aper'lli,tom sha'pi'wiñi,U01556,G01368,hard,0.816277265548706,0.7661249041557312,0.050152361392974854,3
U00655,G00546,tom fracasó.,tom aper'lli,tom a'pawillek'lli,U00908,G00778,medium,0.816277265548706,0.6546935439109802,0.16158372163772583,21
U00250,G00197,¡de pie!,¡wanerker'!,¡daker'ku'!,U00059,G00047,hard,0.7643777132034302,0.6628158688545227,0.10156184434890747,8
U00250,G00197,¡de pie!,¡wanerker'!,da'kerker',U00058,G00046,medium,0.7643777132034302,0.6106449961662292,0.15373271703720093,14
U02217,G01994,¿eres mago?,¿nuka'ma a'i'kechektutek?,¿kenmakin'cha?,U00834,G00710,hard,0.6127369403839111,0.5590052604675293,0.053731679916381836,10
U02217,G01994,¿eres mago?,¿nuka'ma a'i'kechektutek?,lulentutek' nuka'ka,U01097,G00956,medium,0.6127369403839111,0.4523935317993164,0.16034340858459473,43
U02913,G02688,cuentan que ahí un viejo soñador dijo:,nanek ima ala'sa' taserpi wa'latutek tulli:,napi' ima wa'an yunsa'n luñi:,U02512,G02287,hard,0.7368271946907043,0.6779204607009888,0.058906733989715576,3
U02913,G02688,cuentan que ahí un viejo soñador dijo:,nanek ima ala'sa' taserpi wa'latutek tulli:,naneklima shawalalusa'ler itullina':,U02605,G02380,medium,0.7368271946907043,0.549506664276123,0.1873205304145813,10
U00256,G00203,tomás miente.,tomas tumu'palli,chuma lansa'lli,U00650,G00542,hard,0.714441180229187,0.6391692757606506,0.07527190446853638,2
U00256,G00203,tomás miente.,tomas tumu'palli,chuma peklu'tulli,U00663,G00553,medium,0.714441180229187,0.5405643582344055,0.1738768219947815,3
U03085,G02860,"entonces los que se escaparon, los que se corrieron, dice, se fueron a vivir por los cerros, se fueron a vivir.","nanek ima chi'yek'erkasu' tekka'erkasu' ima, pa'llima mutupilupa' yananpinna', nanpikuñina'.","nu'sik sunka'teklusa', sunkapilusa' kananpallina', ama'nna'pu'su' dadektanna' usu'pallina'.",U02574,G02349,hard,0.6430909037590027,0.5595492720603943,0.0835416316986084,3
U03085,G02860,"entonces los que se escaparon, los que se corrieron, dice, se fueron a vivir por los cerros, se fueron a vivir.","nanek ima chi'yek'erkasu' tekka'erkasu' ima, pa'llima mutupilupa' yananpinna', nanpikuñina'.","ipa'la aku'llina', ma'i, giovanna, ma'nen ilipa'.",U03197,G02972,medium,0.6430909037590027,0.4842105805873871,0.1588803231716156,8
U00501,G00413,tosió.,chinku'lli,u'lanñi,U00359,G00290,hard,0.6973662376403809,0.6264806389808655,0.07088559865951538,7
U00501,G00413,tosió.,chinku'lli,¿ikerli?,U01465,G01283,medium,0.6973662376403809,0.5452595353126526,0.15210670232772827,16
U02166,G01946,compartimos ideas.,a'nañiwa' lli'inulusa',a'lliyanantulekwa' kenmu'wa' kankanmapu'wek,U03109,G02884,hard,0.5445773005485535,0.47158095240592957,0.0729963481426239,4
U02166,G01946,compartimos ideas.,a'nañiwa' lli'inulusa',yañinchitullidek,U02171,G01951,medium,0.5445773005485535,0.3927217423915863,0.15185555815696716,17
U00946,G00814,lo sentimos.,we'inutulidek,lachek'apallidek,U01575,G01386,hard,0.6519695520401001,0.5829503536224365,0.06901919841766357,3
U00946,G00814,lo sentimos.,we'inutulidek,tuluner'awa',U00606,G00502,medium,0.6519695520401001,0.4996960461139679,0.1522735059261322,14
U01007,G00870,¿pueden andar?,¿yennitulama' dekkunta'mamak?,¿yen'nitulek pa'ak?,U00239,G00189,hard,0.7815454602241516,0.7159467339515686,0.06559872627258301,2
U01007,G00870,¿pueden andar?,¿yennitulama' dekkunta'mamak?,¿yennitula katu'pa'ta'mak?,U01003,G00866,medium,0.7815454602241516,0.6290509104728699,0.15249454975128174,6
U02150,G01930,están conmigo.,kualek ñapallina',nanek nanpipallina',U02132,G01912,hard,0.6625880599021912,0.5396338105201721,0.12295424938201904,2
U02150,G01930,están conmigo.,kualek ñapallina',nawa'sa' ñapallina',U01544,G01356,medium,0.6625880599021912,0.48158812522888184,0.18099993467330933,3
U02511,G02286,ahora les voy a contar cómo antiguamente se quemaron estas riberas del río pampayacu.,ipa'la lunchek ma'pu'si'pa' napi' uketllin asu' panpadek ukuchinlusa'.,enta'n lunchek ipa'la asu' ma'pu'sui'pa' kankantanna' shiwiluku'lusa' muyunpa yaluwetchullina'.,U02833,G02608,hard,0.7329220771789551,0.6048620343208313,0.12806004285812378,2
U02511,G02286,ahora les voy a contar cómo antiguamente se quemaron estas riberas del río pampayacu.,ipa'la lunchek ma'pu'si'pa' napi' uketllin asu' panpadek ukuchinlusa'.,nanek waleksa' winterkenma' asu' malallina idenma'su' ispaña la'la'lusa'lek.,U03123,G02898,medium,0.7329220771789551,0.5655141472816467,0.16740792989730835,3
U02032,G01816,nací aquí.,asek wadeklliner'ku,saka'tapallek asek,U00806,G00682,hard,0.6761711239814758,0.5306470394134521,0.14552408456802368,2
U02032,G01816,nací aquí.,asek wadeklliner'ku,asek nanpipalek,U00784,G00661,medium,0.6761711239814758,0.5013204216957092,0.1748507022857666,3
U02598,G02373,¿cómo se llama esta quebrada? preguntaron.,- ¿ma'dek a'cha asu'? itullini'mi'na'.,¿ma'ki'nta' asu' muyunpa inchilala ekketchullina'?,U03114,G02889,hard,0.6460837125778198,0.5376849174499512,0.10839879512786865,3
U02598,G02373,¿cómo se llama esta quebrada? preguntaron.,- ¿ma'dek a'cha asu'? itullini'mi'na'.,"- ¿ma'kin adanpilenchalama', wilashala? itudekllima.",U02532,G02307,medium,0.6460837125778198,0.4750681221485138,0.17101559042930603,4
U02448,G02223,"mamá, estoy viniendo de la chacra.","- mamá, uk'apincha'lek menmiklan.","- ah, enta'n'i'na dasu'laklanek uwi'nek.",U02451,G02226,medium,0.7818231582641602,0.5436614751815796,0.23816168308258057,2
U00629,G00524,¡más rápido!,¡a'pinta' wiuksu'!,¡wencher' wiuksu'!,U00479,G00393,hard,0.7275445461273193,0.6001141667366028,0.12743037939071655,2
U00629,G00524,¡más rápido!,¡a'pinta' wiuksu'!,¡tuku' ma'nen'unta'!,U01517,G01332,medium,0.7275445461273193,0.5309629440307617,0.19658160209655762,4
U00185,G00141,esperé.,wa'ten'nek',wa'tentapechek,U02041,G01825,hard,0.8126183748245239,0.7370870113372803,0.07553136348724365,4
U00185,G00141,esperé.,wa'ten'nek',wa'tentullina',U00900,G00771,medium,0.8126183748245239,0.6304944753646851,0.18212389945983887,6
U01551,G01363,tom aplaudió.,tom inllipu'itek'latulli,tom panwilek'tulli,U00258,G00205,hard,0.6485364437103271,0.5980224609375,0.05051398277282715,16
U01551,G01363,tom aplaudió.,tom inllipu'itek'latulli,tom ektu'lli,U00906,G00777,medium,0.6485364437103271,0.4921228587627411,0.15641358494758606,39
U02765,G02540,"si arakayu no hubiera salido (de pampayacu),","arakayu yunsui'npu'a'su' ñilli,","di'serpidektawa' asu' arakayu,",U02681,G02456,medium,0.7616735696792603,0.6024872064590454,0.15918636322021484,2
U01426,G01246,estaba furioso.,yupawinek,yawichi'winek,U01091,G00950,hard,0.7723556160926819,0.7178983688354492,0.054457247257232666,4
U01426,G01246,estaba furioso.,yupawinek,muin'su' ñapalek,U00514,G00425,medium,0.7723556160926819,0.6179061532020569,0.154449462890625,12
U03109,G02884,nos han hecho quedar a nosotros malos en nuestro corazón,a'lliyanantulekwa' kenmu'wa' kankanmapu'wek,nakusu' muin'su' ñapallidek,U01562,G01374,hard,0.6090125441551208,0.526577353477478,0.08243519067764282,4
U03109,G02884,nos han hecho quedar a nosotros malos en nuestro corazón,a'lliyanantulekwa' kenmu'wa' kankanmapu'wek,yanpu'su' ñapallidek,U01893,G01687,medium,0.6090125441551208,0.4577620327472687,0.15125051140785217,13
U00358,G00289,fracasó.,a'aper'lli,ta'wan'tulli,U00370,G00301,hard,0.745374858379364,0.688194751739502,0.05718010663986206,6
U00358,G00289,fracasó.,a'aper'lli,ikerlli,U00221,G00173,medium,0.745374858379364,0.5941262245178223,0.15124863386154175,20
U01773,G01574,estoy desempleado.,makek saka'tapi'nek,inapilante'ñapalek,U01101,G00960,hard,0.7646400928497314,0.7115883827209473,0.05305171012878418,3
U01773,G01574,estoy desempleado.,makek saka'tapi'nek,kulliker'wi'nek,U00207,G00160,medium,0.7646400928497314,0.614084005355835,0.15055608749389648,24
U01775,G01574,estoy desempleada.,makek saka'tapi'nek,inapilante'ñapalek,U01101,G00960,hard,0.7748101353645325,0.6990870833396912,0.07572305202484131,3
U01775,G01574,estoy desempleada.,makek saka'tapi'nek,kulliker'wi'nek,U00207,G00160,medium,0.7748101353645325,0.6245077252388,0.15030241012573242,15
U00191,G00146,está calmando. (dolor),latada'pilalli,apinta'a'tekalli,U01694,G01497,hard,0.6753016710281372,0.6041297912597656,0.07117187976837158,2
U00191,G00146,está calmando. (dolor),latada'pilalli,ilanñi,U01172,G01021,medium,0.6753016710281372,0.5077174305915833,0.16758424043655396,14
U01375,G01200,abrazame fuertemente.,wiperi'u ikersu',inlli'inuter' musuk,U01528,G01341,hard,0.6231016516685486,0.5629584789276123,0.06014317274093628,2
U01375,G01200,abrazame fuertemente.,wiperi'u ikersu',tupiter' inpalerian,U02086,G01868,medium,0.6231016516685486,0.45764514803886414,0.16545650362968445,10
U02671,G02446,ellas se van a contarme de qué manera celebraron el carnaval dijo arákayu.,nawi'na wintapanta'llinerku ma'pu'si'pa mitan nakulama' tullima arakayu.,ali'ladaper tullini'ma asu' arakayu samer luwektapalli.,U02679,G02454,hard,0.6836943030357361,0.59699547290802,0.08669883012771606,4
U02671,G02446,ellas se van a contarme de qué manera celebraron el carnaval dijo arákayu.,nawi'na wintapanta'llinerku ma'pu'si'pa mitan nakulama' tullima arakayu.,¿ma'pu'lusa' asu' muda' ñan i'na asu' arakayu u'lli? tullini'ma nana ñinanlu'wanlusa'.,U02677,G02452,medium,0.6836943030357361,0.5333437919616699,0.15035051107406616,12
U02083,G01865,sigue sonriendo.,yamerladaper'i'la,luntaper'i'la,U01135,G00988,hard,0.7709298133850098,0.7191408276557922,0.05178898572921753,3
U02083,G01865,sigue sonriendo.,yamerladaper'i'la,llinsecher'pi'la,U01142,G00995,medium,0.7709298133850098,0.5884708762168884,0.18245893716812134,6
U00714,G00600,estás triste.,we'inutusu' ñapala,saka'tusu' ñapala,U01302,G01133,hard,0.6901740431785583,0.6086146235466003,0.08155941963195801,7
U00714,G00600,estás triste.,we'inutusu' ñapala,wa'danpilapilun,U02201,G01978,medium,0.6901740431785583,0.53952956199646,0.1506444811820984,13
U00843,G00719,es lunes.,lunes nuka'a,er'wa nuka'a,U00367,G00298,medium,0.8083144426345825,0.5885537266731262,0.2197607159614563,2
U03014,G02789,los culpables son los que abrieron el camino a moyobamba.,nana usha'wañen muyunpa inchilala ekketcherka'su'.,napi' amishaku'lusa' nu'tullina' ukllin ma'alanlankekla.,U02383,G02158,hard,0.5655783414840698,0.510117769241333,0.055460572242736816,2
U03014,G02789,los culpables son los que abrieron el camino a moyobamba.,nana usha'wañen muyunpa inchilala ekketcherka'su'.,nanentu pa'erkasu' anaker'chuna' iñerdaper.,U02855,G02630,medium,0.5655783414840698,0.4122700095176697,0.15330833196640015,7
U00781,G00658,te oí.,lauk'llien,lauk'apallien,U00526,G00436,hard,0.8303169012069702,0.7345762252807617,0.0957406759262085,2
U00781,G00658,te oí.,lauk'llien,lau'tulek,U00038,G00032,medium,0.8303169012069702,0.6784394383430481,0.15187746286392212,5
U03030,G02805,"eso a nosotros nos está diciendo así van a volar ustedes también algún día, cuentan que dijeron las abuelas ya finadas.","nani'na kenmu'wa' itapallinerkenmu'wa' u'su' pennu'chuma' kenmama'nta' enpi' uklli, tullina' ima amiku'lusa'.","lli'inutapaku' nu'sukla'nka kenmu'wa' ipa'la itullinerkenmu'wa', gente civilizada tullima.",U03190,G02965,hard,0.6394950151443481,0.5634419918060303,0.07605302333831787,3
U03030,G02805,"eso a nosotros nos está diciendo así van a volar ustedes también algún día, cuentan que dijeron las abuelas ya finadas.","nani'na kenmu'wa' itapallinerkenmu'wa' u'su' pennu'chuma' kenmama'nta' enpi' uklli, tullina' ima amiku'lusa'.",nanadaper imaka lli'an malallina tulli asu' katu'ta' ishpaña la'la' lunlusa' a'ta' kenmu'wa' utetchinerkenmu'wa'.,U03141,G02916,medium,0.6394950151443481,0.48404476046562195,0.1554502546787262,4
U00959,G00825,¡qué lástima!,!embu'ni we'inuipa'!,¡enpu'ni mui'pa!,U01598,G01409,hard,0.7382816076278687,0.6880121827125549,0.05026942491531372,3
U00959,G00825,¡qué lástima!,!embu'ni we'inuipa'!,¡latek'inbu' nuka'a!,U02075,G01858,medium,0.7382816076278687,0.5822668075561523,0.1560148000717163,14
U00857,G00733,vayámonos.,pa'awa',dek'awa',U00609,G00505,hard,0.8741726875305176,0.8076254725456238,0.0665472149848938,5
U00857,G00733,vayámonos.,pa'awa',pa'inpu'wa',U01150,G01003,medium,0.8741726875305176,0.7173895835876465,0.1567831039428711,13
U01856,G01650,le preguntaron.,lek'kllina',peklu'tullina',U00892,G00764,hard,0.7361858487129211,0.6006039381027222,0.13558191061019897,2
U01856,G01650,le preguntaron.,lek'kllina',peklu'deklek,U01392,G01216,medium,0.7361858487129211,0.48659011721611023,0.2495957314968109,3
U03114,G02889,¿por qué pues han abierto ese camino a moyobamaba?,¿ma'ki'nta' asu' muyunpa inchilala ekketchullina'?,¿ma'pu'a'su' asu' yalli' i'na nanashasa' nanpipalli?,U02621,G02396,medium,0.740572988986969,0.5158500671386719,0.22472292184829712,2
U01824,G01620,comamos aquí.,weranwa' asek,adipi ka'awa',U01502,G01318,hard,0.7703569531440735,0.7102106213569641,0.060146331787109375,6
U01824,G01620,comamos aquí.,weranwa' asek,asek ñapallidek,U00698,G00797,medium,0.7703569531440735,0.6041597723960876,0.16619718074798584,8
U00072,G00054,¡un segundo!,¡ipia'lasha!,¡dakuti'ñi!,U01531,G01344,hard,0.5961986780166626,0.5228455662727356,0.073353111743927,3
U00072,G00054,¡un segundo!,¡ipia'lasha!,¡yawa'tenta!,U00491,G00404,medium,0.5961986780166626,0.4405694007873535,0.15562927722930908,26
U01726,G01528,odio trabajar.,luyulek saka'tak,luyulek idenmaak,U02004,G01790,hard,0.6638814806938171,0.5699532628059387,0.09392821788787842,2
U01726,G01528,odio trabajar.,luyulek saka'tak,luyulek kerka',U02006,G01791,medium,0.6638814806938171,0.49262556433677673,0.1712559163570404,9
U02969,G02744,dice que se fueron a ver los pastos. ¿qué es esto? dijeron viendo el pasto.,lli'kuñini'ma panpateklu'lusa'. ma'lusa' asu'? tullini'ma panpateklu' lli'anna'.,- ¿asu' ma'nen samer a'cha? itullina'.,U02653,G02428,hard,0.6668384075164795,0.567406177520752,0.09943222999572754,2
U02969,G02744,dice que se fueron a ver los pastos. ¿qué es esto? dijeron viendo el pasto.,lli'kuñini'ma panpateklu'lusa'. ma'lusa' asu'? tullini'ma panpateklu' lli'anna'.,"nana wa'anler peklu'deklli, peklu'dek'an itulli: -¿ma'i'na luwantanma' uklama'?.",U02977,G02752,medium,0.6668384075164795,0.5068123936653137,0.16002601385116577,5
U02628,G02403,"tus pececitos regálanos, por favor, hermano le dijeron.","sametchapen panula'udek, chai, yallí' itullima.","kenmu'wa' wapu'mu'wa', ma'ki'na asu' katu'shadapersa'.",U03064,G02839,hard,0.5589197874069214,0.45889198780059814,0.10002779960632324,3
U02628,G02403,"tus pececitos regálanos, por favor, hermano le dijeron.","sametchapen panula'udek, chai, yallí' itullima.","- ukllidek, alli'sha.",U02928,G02703,medium,0.5589197874069214,0.3967408537864685,0.16217893362045288,12
U00915,G00785,tom escucha.,tom lauktapalli,tom tukulu'palli,U00667,G00557,hard,0.8683766722679138,0.7929309606552124,0.07544571161270142,3
U00915,G00785,tom escucha.,tom lauktapalli,tom si'lentulli,U01554,G01366,medium,0.8683766722679138,0.7037990689277649,0.16457760334014893,7
U01514,G01329,memoriza esto.,sekdiperker' asu' mutu'penkek,linserker' asu',U00413,G00333,hard,0.7167142033576965,0.6598747372627258,0.0568394660949707,11
U01514,G01329,memoriza esto.,sekdiperker' asu' mutu'penkek,ekpa'ker' asu',U00471,G00386,medium,0.7167142033576965,0.5529273748397827,0.16378682851791382,24
U02003,G01789,no escuché.,lauk'i'nek,yalun'nek,U01750,G01552,hard,0.6617871522903442,0.6082853674888611,0.053501784801483154,5
U02003,G01789,no escuché.,lauk'i'nek,ma'nen nu'chi'nek,U01108,G00965,medium,0.6617871522903442,0.5068780779838562,0.15490907430648804,19
U02055,G01838,soy responsable.,latek'tutek nuka'ka,tanta' nu'tutek nuka'ka,U00811,G00687,hard,0.6422606110572815,0.5883448719978333,0.05391573905944824,2
U02055,G01838,soy responsable.,latek'tutek nuka'ka,manenpita' ikerchulek,U01462,G01280,medium,0.6422606110572815,0.4901820719242096,0.1520785391330719,16
U00428,G00345,eso es.,nana nuka'a,nuka'a nana,U01853,G01647,hard,0.8075841665267944,0.740078330039978,0.0675058364868164,4
U00428,G00345,eso es.,nana nuka'a,nanapu'su' nuka'a,U01805,G01602,medium,0.8075841665267944,0.6180763244628906,0.1895078420639038,6
U00015,G00012,¡he ganado!,¡kana'tulek!,¡tante'ñek!,U00328,G00263,medium,0.7565839290618896,0.5997284054756165,0.1568555235862732,2
U00802,G00678,estaba desnudo.,inanpilatek ñapawinek,ñapawinek nanpiladasu',U00799,G00676,hard,0.8244323134422302,0.77347731590271,0.050954997539520264,5
U00802,G00678,estaba desnudo.,inanpilatek ñapawinek,pulunker' ñapawiñi,U01473,G01291,medium,0.8244323134422302,0.6685492396354675,0.1558830738067627,9
U02673,G02448,quisieron hacerle tomar chicha punta pero arákayu no quiso tomar.,"ya'ullini'ma uklulu', arakayu iyui'ñi.",yaaurañini'ma arakayu luwanchiñi.,U02674,G02449,hard,0.7879039645195007,0.649959146976471,0.13794481754302979,2
U02673,G02448,quisieron hacerle tomar chicha punta pero arákayu no quiso tomar.,"ya'ullini'ma uklulu', arakayu iyui'ñi.",nana mukankinpu'lalusa'ler arakayu pideknen di'setchullina'.,U02788,G02563,medium,0.7879039645195007,0.6378388404846191,0.1500651240348816,3
U02682,G02457,"para que salgan para nosotros nomás, para que sean para nosotros nomás estos peces,","nanapa yunsu'i kenmu'wa'kinsa' ñii asu' samer,","asu'lupa' pekpikellidek, luwer'inpu'la'pi'mudek,",U02590,G02365,hard,0.686235249042511,0.6307542324066162,0.055481016635894775,4
U02682,G02457,"para que salgan para nosotros nomás, para que sean para nosotros nomás estos peces,","nanapa yunsu'i kenmu'wa'kinsa' ñii asu' samer,","kenmu'wa' mutupi muda', kenmu'wa' ñi asu'lupa'dei'npu'.",U03150,G02925,medium,0.686235249042511,0.5262293219566345,0.16000592708587646,9
U01611,G01422,¡puedes hacerlo!,¡yennitula nu'ta'mak!,yennitula nu'ta'mak,U01612,G01423,hard,0.8557764887809753,0.7076256275177002,0.14815086126327515,2
U01611,G01422,¡puedes hacerlo!,¡yennitula nu'ta'mak!,¡katu'lada!,U01614,G01425,medium,0.8557764887809753,0.6576284766197205,0.19814801216125488,3
U02240,G02015,no duerme.,ku'la wicha'pi'ñi,yalenmekta',U00141,G00102,hard,0.638367772102356,0.5649795532226562,0.07338821887969971,7
U02240,G02015,no duerme.,ku'la wicha'pi'ñi,yalunta',U00490,G00403,medium,0.638367772102356,0.4793575704097748,0.15901020169258118,14
U00425,G00343,encárgate tú.,kenma lli'ker',inlli'inuer',U01871,G01665,hard,0.6122825741767883,0.5603310465812683,0.05195152759552002,8
U00425,G00343,encárgate tú.,kenma lli'ker',a'nakuker',U00999,G00862,medium,0.6122825741767883,0.4619464576244354,0.1503361165523529,23
U02255,G02030,mi padre quedó viudo.,tatawek ekdusipen ñilli.,tanak pa'an tatawek ilantulli.,U02485,G02260,hard,0.7066044807434082,0.5839298367500305,0.12267464399337769,2
U02255,G02030,mi padre quedó viudo.,tatawek ekdusipen ñilli.,teksusupa'nku tatanenna' chiminlapillun.,U02267,G02042,medium,0.7066044807434082,0.5457048416137695,0.16089963912963867,7
U02209,G01986,tú dormías.,kenma wichi'wina',kuakin ñiwina,U01626,G01437,hard,0.652981162071228,0.5698245763778687,0.08315658569335938,2
U02209,G01986,tú dormías.,kenma wichi'wina',luantapala,U00975,G00841,medium,0.652981162071228,0.49378740787506104,0.159193754196167,6
U01592,G01403,estamos ganando.,kana'tapalekwa',saka'tapalekwa',U01593,G01404,hard,0.6728846430778503,0.5699532628059387,0.10293138027191162,3
U01592,G01403,estamos ganando.,kana'tapalekwa',sipuk'ñapallidek,U02182,G01962,medium,0.6728846430778503,0.510696291923523,0.1621883511543274,6
U01515,G01330,nadie llamó.,ñiden pek'klu'chi'ñi,ñiden lekchi'ñi,U01156,G01008,hard,0.8094650506973267,0.7347719073295593,0.07469314336776733,4
U01515,G01330,nadie llamó.,ñiden pek'klu'chi'ñi,ñiden chimii'ñi,U00861,G00737,medium,0.8094650506973267,0.6583903431892395,0.15107470750808716,7
U01404,G01227,odio perder.,luyulek wer'ak,luyulek pennu'ak,U01403,G01226,hard,0.6615977883338928,0.5783160924911499,0.08328169584274292,3
U01404,G01227,odio perder.,luyulek wer'ak,luyulek lansa'ak,U01723,G01526,medium,0.6615977883338928,0.5081601142883301,0.15343767404556274,8
U01405,G01227,detesto perder.,luyulek wer'ak,luyulek pennu'ak,U01402,G01226,hard,0.6936640739440918,0.6180323958396912,0.07563167810440063,3
U01405,G01227,detesto perder.,luyulek wer'ak,luyu'lli teka'ak,U02242,G02017,medium,0.6936640739440918,0.5218815803527832,0.1717824935913086,10
U00060,G00746,suéltalo.,apu'ker',lau'tuku',U00039,G00033,hard,0.8143670558929443,0.716297447681427,0.09806960821151733,8
U00060,G00746,suéltalo.,apu'ker',du'la'ker',U00416,G00336,medium,0.8143670558929443,0.6329408884048462,0.18142616748809814,15
U00391,G00746,aflójalo.,apu'ker',a'tashunker',U00920,G00790,hard,0.7068781852722168,0.656726062297821,0.05015212297439575,8
U00391,G00746,aflójalo.,apu'ker',u'nu'wanger',U00870,G00744,medium,0.7068781852722168,0.5561223030090332,0.1507558822631836,39
U00392,G00746,suéltala.,apu'ker',lau'tuku',U00039,G00033,hard,0.7840211391448975,0.7025490403175354,0.08147209882736206,8
U00392,G00746,suéltala.,apu'ker',lauk'la tuna'ker',U00508,G00420,medium,0.7840211391448975,0.6313270926475525,0.15269404649734497,16
U00393,G00746,aflójala.,apu'ker',tenpu'ker',U00146,G00106,hard,0.7866312265396118,0.7131325602531433,0.0734986662864685,6
U00393,G00746,aflójala.,apu'ker',tuluner'ker',U00621,G00516,medium,0.7866312265396118,0.6336588859558105,0.15297234058380127,12
U00873,G00746,libérale.,apu'ker',a'tender',U00677,G00567,hard,0.6252129077911377,0.5595114827156067,0.065701425075531,10
U00873,G00746,libérale.,apu'ker',neriker',U00886,G00758,medium,0.6252129077911377,0.4660893976688385,0.1591235101222992,42
U02929,G02704,"a ver, por la tarde les voy a ir a visitar.","- enta'n, er'washinchi lli'kunkenma'.","nanekla, nanekla'nka pi'shek'anma' lli'ku'.",U02544,G02319,medium,0.7469660639762878,0.5817989706993103,0.16516709327697754,2
U01480,G01298,será fácil.,saka'dekimpu ñichu,musu' ñape'chu,U01290,G01121,hard,0.5497897863388062,0.4822603762149811,0.06752941012382507,2
U01480,G01298,será fácil.,saka'dekimpu ñichu,insek'diperpi ñape'chu,U01800,G01597,medium,0.5497897863388062,0.3946424722671509,0.15514731407165527,15
U01894,G01688,somos inquietos.,wadanpintek nuka'kawa',sadasu' ñapalek',U01584,G01395,hard,0.6638553738594055,0.6092606782913208,0.05459469556808472,17
U01894,G01688,somos inquietos.,wadanpintek nuka'kawa',insilan nuka'kawa',U00948,G00816,medium,0.6638553738594055,0.5136037468910217,0.1502516269683838,38
U01417,G01237,lo abofeteé.,patenchulek,pantetchek.,U03124,G02899,hard,0.7725045680999756,0.6745817065238953,0.09792286157608032,2
U01417,G01237,lo abofeteé.,patenchulek,inanpilechek,U01772,G01572,medium,0.7725045680999756,0.6216594576835632,0.15084511041641235,5
U01434,G01254,estaré ahí.,ñapechek nanek,inapi ñechek,U01094,G00953,hard,0.7789497971534729,0.7206827402114868,0.058267056941986084,2
U01434,G01254,estaré ahí.,ñapechek nanek,asek nanpipalek,U00784,G00661,medium,0.7789497971534729,0.5824676156044006,0.19648218154907227,5
U01292,G01123,es cruel.,mukankan'inpu' nuka'a,nana nuka'a,U00428,G00345,hard,0.5523167252540588,0.49063146114349365,0.061685264110565186,25
U01292,G01123,es cruel.,mukankan'inpu' nuka'a,iyalli,U00309,G00300,medium,0.5523167252540588,0.40194734930992126,0.15036937594413757,38
U00979,G00844,¡estás enfermo!,!kaluwi'pala!,lupersu' ñapala,U01293,G01124,hard,0.7814722657203674,0.6339961886405945,0.14747607707977295,3
U00979,G00844,¡estás enfermo!,!kaluwi'pala!,da'sek'su' ñapala,U02216,G01993,medium,0.7814722657203674,0.6133072376251221,0.16816502809524536,4
U00524,G00434,me perdí.,awer'lek,anu'lek,U00028,G00023,hard,0.7808793783187866,0.7103126645088196,0.07056671380996704,5
U00524,G00434,me perdí.,awer'lek,yanpu'lek,U01721,G01524,medium,0.7808793783187866,0.5831457376480103,0.19773364067077637,10
U02684,G02459,mientras (arákayu) estaba pandillando el día central de carnaval las golondrinas estaban también danzando.,nana chu'kenpa'tapasik mitan ukllik'inchi sellawalusa' chu'kenapallina'.,nu'sik nu'eklima nana muyunpak ektu'llina' tullina' papinkuku'lusa'.,U03004,G02779,hard,0.6036958694458008,0.49507424235343933,0.10862162709236145,2
U02684,G02459,mientras (arákayu) estaba pandillando el día central de carnaval las golondrinas estaban también danzando.,nana chu'kenpa'tapasik mitan ukllik'inchi sellawalusa' chu'kenapallina'.,nu'apileklima kencha'llina' inalupa' ku'apellusa' kullikerwanlusa'.,U03019,G02794,medium,0.6036958694458008,0.43322718143463135,0.17046868801116943,6
U00643,G00536,votaron.,dekllina',nu'tullina',U00895,G00766,hard,0.6466395854949951,0.5625766515731812,0.08406293392181396,2
U00643,G00536,votaron.,dekllina',lau'tullina',U00040,G00034,medium,0.6466395854949951,0.4673672914505005,0.17927229404449463,9
U02931,G02706,"¡ahí está, la candela agarren!",- ¡ma'ata'na pen maku'!,"- ¡nu'ku' nu'pachi kenmama', pur'unta'ku'!",U02741,G02516,hard,0.6343771815299988,0.5804635286331177,0.053913652896881104,3
U02931,G02706,"¡ahí está, la candela agarren!",- ¡ma'ata'na pen maku'!,¡yalenmekta nanek!,U00883,G00755,medium,0.6343771815299988,0.4841136634349823,0.15026351809501648,9
U01834,G01630,nadie gritó.,ñiden lamapui'ñi,ñiden lauk'tapi'ñi,U01835,G01631,hard,0.8555313348770142,0.794792115688324,0.060739219188690186,2
U01834,G01630,nadie gritó.,ñiden lamapui'ñi,ñiden chimii'ñi,U00861,G00737,medium,0.8555313348770142,0.6533865928649902,0.20214474201202393,7
U01671,G01478,¿lo tienes?,¿a'ñapala?,¿ñapala?,U01320,G01149,hard,0.742132306098938,0.6898372769355774,0.052295029163360596,2
U01671,G01478,¿lo tienes?,¿a'ñapala?,¿kana'tula?,U00737,G00617,medium,0.742132306098938,0.5696321725845337,0.1725001335144043,7
U02316,G02091,para que no se acabe aquí esta lengua que hablamos.,ta'wanchinpu'ek asu'lupa namasu' la'la' lu'nkawasu'.,laukdekllidek lu'rnkasu' nana asu' muyunpa inchilala nu'ter'kasu'.,U03045,G02820,medium,0.7438093423843384,0.5349400043487549,0.2088693380355835,2
U01739,G01541,estornudo mucho.,a'shulek wapu',wiuksu' lunpalek,U01082,G00941,hard,0.6955124735832214,0.6095693111419678,0.08594316244125366,2
U01739,G01541,estornudo mucho.,a'shulek wapu',luyulek idenmaak,U02005,G01790,medium,0.6955124735832214,0.4932901859283447,0.2022222876548767,6
U00520,G00431,sé nadar.,ñinchitapalek idun'ak,ñinchitapalek ma'tapallinpa',U00793,G00670,hard,0.6124106645584106,0.5140573382377625,0.0983533263206482,2
U00520,G00431,sé nadar.,ñinchitapalek idun'ak,iyatulek ñinchitak,U02012,G01797,medium,0.6124106645584106,0.45207351446151733,0.1603371500968933,4
U01097,G00956,soy médico.,lulentutek' nuka'ka,ma'kimpu nuka'ka,U00557,G00462,hard,0.6819732785224915,0.6147118210792542,0.0672614574432373,6
U01097,G00956,soy médico.,lulentutek' nuka'ka,mukankainpu' nuka'ka,U00205,G00158,medium,0.6819732785224915,0.5233162045478821,0.15865707397460938,22
U02744,G02519,"todos (los peces) salieron,","iñerdaper yu'nkellapilli,",iñer' kana'tullina',U01353,G01180,hard,0.6236737370491028,0.5589578747749329,0.06471586227416992,19
U02744,G02519,"todos (los peces) salieron,","iñerdaper yu'nkellapilli,",mapapa' yunsu'lli.....,U02750,G02525,medium,0.6236737370491028,0.4706282317638397,0.15304550528526306,37
U01854,G01648,qué malo.,mukankaninpu',ma'kinpu' nuka'a,U00847,G00723,hard,0.6760374903678894,0.5739762187004089,0.10206127166748047,2
U01854,G01648,qué malo.,mukankaninpu',saka'dek'inpu',U01534,G01346,medium,0.6760374903678894,0.5205554962158203,0.1554819941520691,4
U03038,G02813,"¡a que ciudad quizá van a ir! a otra ciudad desconocida van a ir, a moyobamba ya no van a ir más.","¡enñupa' ñinanlu' ipa' pa'achuma'! ali'la ñinanlu'lupa' pa'achuma', muyunpalupa' a'pinta' pa'api'nchuma'.","amana' ñichu di'tawa', ali'la erpilu' kupiwan ñipachi nananta' di'tawa'.",U02851,G02626,medium,0.7269766330718994,0.5139222741127014,0.213054358959198,2
U02964,G02739,"dice que mientras (el tigre negro) se revolcaba, (los hombres) se acercaron, lo picaron varias veces y lo mataron violentamente.","nana inpikanpasik ima, pa'anna', pasek pasekka'tullina', paki'tullina'.","dei'tanna', pen dintunna', aku'lalatullina'.",U02949,G02724,hard,0.6100157499313354,0.5545476078987122,0.05546814203262329,5
U02964,G02739,"dice que mientras (el tigre negro) se revolcaba, (los hombres) se acercaron, lo picaron varias veces y lo mataron violentamente.","nana inpikanpasik ima, pa'anna', pasek pasekka'tullina', paki'tullina'.","tanni'ma di'ser'itullina' tanpu'nen, pideknen.",U02683,G02458,medium,0.6100157499313354,0.440218061208725,0.16979768872261047,16
U01333,G01161,¿puedo participar?,¿yennitulek katupa'tak?,¿yen'nitulek pa'ak?,U00239,G00189,hard,0.7915458083152771,0.7363787889480591,0.05516701936721802,7
U01333,G01161,¿puedo participar?,¿yennitulek katupa'tak?,¿yennitulek lli'dek'ak?,U01654,G01462,medium,0.7915458083152771,0.6179987788200378,0.17354702949523926,20
U00232,G00182,no entrar.,ku'la dai'nchu,yalli'tama,U00485,G00398,hard,0.6442103981971741,0.5741069912910461,0.07010340690612793,3
U00232,G00182,no entrar.,ku'la dai'nchu,ku'la pa'chinchu,U01478,G01296,medium,0.6442103981971741,0.48029765486717224,0.16391274333000183,15
U02644,G02419,"vino el tucunaré,","tukuner uklli,","lapi'samer uklli,",U02647,G02422,hard,0.7407203912734985,0.6850284934043884,0.05569189786911011,4
U02644,G02419,"vino el tucunaré,","tukuner uklli,","puka' yunsu'lli,",U02748,G02523,medium,0.7407203912734985,0.5824028253555298,0.15831756591796875,9
U00715,G01724,¿hemos terminado?,¿a'ta'wantulekwa'?,a'ta'wantullidek,U00697,G00584,medium,0.7805050611495972,0.6030892729759216,0.17741578817367554,3
U01933,G01724,¿terminamos?,¿a'ta'wantulekwa'?,¿lansa'wa?,U01841,G01636,hard,0.7791528105735779,0.6332471370697021,0.14590567350387573,3
U01933,G01724,¿terminamos?,¿a'ta'wantulekwa'?,a'ta'wantullidek,U00697,G00584,medium,0.7791528105735779,0.5665940046310425,0.2125588059425354,4
U01384,G01209,siempre camino.,nerpi'pu' dekundapalek,nanpi'palek'i'la,U02056,G01839,hard,0.5641038417816162,0.49405357241630554,0.07005026936531067,3
U01384,G01209,siempre camino.,nerpi'pu' dekundapalek,wek'ker' ipia'la,U01010,G00873,medium,0.5641038417816162,0.3970203995704651,0.16708344221115112,13
U02043,G01827,lo buscaré.,dunker'echek,dei'techek,U01438,G01258,hard,0.6073926687240601,0.5442512631416321,0.06314140558242798,14
U02043,G01827,lo buscaré.,dunker'echek,lli'apalek,U01715,G01518,medium,0.6073926687240601,0.4567634165287018,0.15062925219535828,42
U02322,G02097,"la lengua shiwilu,","shiwilu la'la',","lapi'samer uklli,",U02647,G02422,medium,0.8494001626968384,0.5562211871147156,0.2931789755821228,2
U03180,G02955,ahora tú. otro (niño) fue. estuvo viendo y escogió (otro santito) agarrándolo.,kenmei'na. ali'la panta'lli. lli'apallima pilli'tulli. 16 shapingo significa sacharuna o espíritu de la selva.,"tekkinchi ala'sa' dadapu mudi'ma lli'tulli. lli'anna' imanantullina', lli'anna' ñi enpi' lli'inpu'erkasu'.",U02981,G02756,medium,0.6419087052345276,0.4454681873321533,0.19644051790237427,2
U02552,G02327,cuentan que tres años ardió.,kala ekkilala ima uketlli.,pa'an ima lli'kuñi pilenñantapalli.,U02874,G02649,hard,0.5958415269851685,0.5076814293861389,0.08816009759902954,2
U02552,G02327,cuentan que tres años ardió.,kala ekkilala ima uketlli.,nanek ima wa'ki'lleklli urankasu' supinak ima.,U02888,G02663,medium,0.5958415269851685,0.4324338138103485,0.16340771317481995,9
U01688,G01492,buenas tardes.,muer'wa,muetchun,U00083,G00057,hard,0.5674509406089783,0.511881947517395,0.05556899309158325,3
U01688,G01492,buenas tardes.,muer'wa,lekker',U02222,G01999,medium,0.5674509406089783,0.4158007502555847,0.15165019035339355,8
U00808,G00684,soy finlandés.,finlandis nuka'ka,chinu nuka'ka,U01057,G00917,medium,0.9025411009788513,0.6208547353744507,0.28168636560440063,2
U02587,G02362,diciendo (eso) se acercaron y (arákayu) salió de su casa (a encontrarlos). al verlos los llamó:,tanni'ma kawinta'llini'ma yunsu'lli pidekñikla. lli'dek'an peklu'deklli:,"nana anaka'ler pekdadeklli tan ima a'insekdiperdeklli, musu pilendek'anna':",U02917,G02692,hard,0.7226775884628296,0.604949951171875,0.11772763729095459,2
U02587,G02362,diciendo (eso) se acercaron y (arákayu) salió de su casa (a encontrarlos). al verlos los llamó:,tanni'ma kawinta'llini'ma yunsu'lli pidekñikla. lli'dek'an peklu'deklli:,"lli'kerenni'ma tullina'ka nawa', nana a'lachekta'su', lawer'a'su' tulli:",U03126,G02901,medium,0.7226775884628296,0.5706456899642944,0.15203189849853516,3
U01826,G01622,sentémonos.,du'awa',tupi'wa',U01507,G01322,hard,0.7998046278953552,0.7388265132904053,0.06097811460494995,3
U01826,G01622,sentémonos.,du'awa',tupi'tu'udek,U00303,G00242,medium,0.7998046278953552,0.6370365619659424,0.16276806592941284,16
U02669,G02444,arákayu dijo a estas golondrinas yo las estoy criando.,arakayu ima tulli asu' sellawa i'na kualer pektawapalek.,"- arakayú, wa'an tulli chu'kenpa'tunter ima asu' mitanpi'.",U02666,G02441,hard,0.775220513343811,0.6366716623306274,0.1385488510131836,2
U02669,G02444,arákayu dijo a estas golondrinas yo las estoy criando.,arakayu ima tulli asu' sellawa i'na kualer pektawapalek.,nu'an ima arakayu sakek'an peklu'deklli inyulateknen ima.,U02595,G02370,medium,0.775220513343811,0.6174527406692505,0.15776777267456055,3
U00757,G00636,es feliz.,musu' nuka'a,mupalli,U01127,G00980,hard,0.7578859329223633,0.6928969025611877,0.06498903036117554,2
U00757,G00636,es feliz.,musu' nuka'a,saka'tapalli musu',U01479,G01297,medium,0.7578859329223633,0.5889995694160461,0.16888636350631714,7
U01751,G01553,quiero trabajar.,yasaka'tulek,saka'tapalek,U00034,G00029,hard,0.6453970074653625,0.5736860036849976,0.07171100378036499,5
U01751,G01553,quiero trabajar.,yasaka'tulek,luwantulek wichi'ak,U01076,G00935,medium,0.6453970074653625,0.49353834986686707,0.15185865759849548,16
U01294,G01125,está despedido.,saka'tunakla usu'llina,sapusu' ñapalli,U00503,G00415,hard,0.7450932264328003,0.6902957558631897,0.054797470569610596,2
U01294,G01125,está despedido.,saka'tunakla usu'llina,saka'tapalli,U01129,G00982,medium,0.7450932264328003,0.5720435380935669,0.1730496883392334,10
U01353,G01180,todos ganan.,iñer' kana'tullina',iñer' panwilek'tullina',U01686,G01491,hard,0.6808902621269226,0.5895958542823792,0.09129440784454346,2
U01353,G01180,todos ganan.,iñer' kana'tullina',sapana'lusa'sa' pekpillina'.,U02704,G02479,medium,0.6808902621269226,0.4841422140598297,0.1967480480670929,3
U03192,G02967,así nos han puesto.,nana nu'su' aku'llinerkenmu'wa'.,nu'ak kua' insekluten'apalekwa'.,U02779,G02554,hard,0.7378350496292114,0.6268026828765869,0.11103236675262451,2
U03192,G02967,así nos han puesto.,nana nu'su' aku'llinerkenmu'wa'.,nu'anna' itullinerku,U02416,G02191,medium,0.7378350496292114,0.5835050344467163,0.15433001518249512,4
U02313,G02088,"ella dice que quiere aprender (mi idioma),","nanima yañinchitulli,","nananta' a'lekchii, ñinchichii,",U02291,G02066,medium,0.6714207530021667,0.5062972903251648,0.16512346267700195,2
U02568,G02343,no vamos a mezquinar. ¡no sean mezquinos! por ser miserables les hicieron eso.,aperkwi'nterwa'. ¡aner yaperku'tama'! aperku'teklusa' ñerkasu' malek nana nu'tudekllina'.,¡enchuku' pa'awa'! nupullini'ma ñinanluklan.,U02658,G02433,hard,0.7246387004852295,0.629317045211792,0.0953216552734375,2
U02568,G02343,no vamos a mezquinar. ¡no sean mezquinos! por ser miserables les hicieron eso.,aperkwi'nterwa'. ¡aner yaperku'tama'! aperku'teklusa' ñerkasu' malek nana nu'tudekllina'.,"¡enñupa' ñinanlu' ipa' pa'achuma'! ali'la ñinanlu'lupa' pa'achuma', muyunpalupa' a'pinta' pa'api'nchuma'.",U03038,G02813,medium,0.7246387004852295,0.5523729920387268,0.17226570844650269,3
U00850,G00726,házmelo saber.,a'ñinchitu'u,llinser'chu'u,U00277,G00223,hard,0.7578297853469849,0.6871529221534729,0.07067686319351196,2
U00850,G00726,házmelo saber.,a'ñinchitu'u,luwuk'tu'u,U00267,G00213,medium,0.7578297853469849,0.6001046895980835,0.15772509574890137,8
U00217,G00169,soy listo.,iñer' ñinchitapalek,llinserchutek' nuka'ka,U01099,G00958,hard,0.5858999490737915,0.5222607254981995,0.06363922357559204,20
U00217,G00169,soy listo.,iñer' ñinchitapalek,amercha tekuasu' ñapalek,U00823,G00699,medium,0.5858999490737915,0.4356391429901123,0.1502608060836792,34
U00985,G00849,¿estás muerto?,¿chimipi ñapala?,¿saka'tusu' ñapala?,U01321,G01150,hard,0.7482511401176453,0.6720538139343262,0.07619732618331909,17
U00985,G00849,¿estás muerto?,¿chimipi ñapala?,¿a'ñapala?,U01671,G01478,medium,0.7482511401176453,0.5808145403862,0.1674365997314453,22
U02259,G02034,por eso me arrimé donde mi abuelita.,nu'amu amishawekkek pipetchulek.,nu'amui'na i'pa amishawek teksusullun wilaluntulek.,U02262,G02037,hard,0.7110636830329895,0.6203442215919495,0.09071946144104004,2
U02259,G02034,por eso me arrimé donde mi abuelita.,nu'amu amishawekkek pipetchulek.,nanekpi'la a'kasetllek asukallek.,U02353,G02128,medium,0.7110636830329895,0.5573990941047668,0.15366458892822266,7
U00192,G00147,estoy tranquilo. (estoy bien),u'chimuñapalek,musu' nampipalek,U00515,G00426,hard,0.6421621441841125,0.5378289222717285,0.10433322191238403,3
U00192,G00147,estoy tranquilo. (estoy bien),u'chimuñapalek,a'ñapalek,U00178,G00136,medium,0.6421621441841125,0.4865427613258362,0.15561938285827637,7
U02409,G02184,felizmente tengo hijos.,mula'si'la wilawanek.,kua usha'wanek a'lek'inpu'dek'amu wilaweklusa'.,U02303,G02078,hard,0.6201134920120239,0.5140857100486755,0.10602778196334839,2
U02409,G02184,felizmente tengo hijos.,mula'si'la wilawanek.,ala'sa' ku'aperwawa luwektapallun.,U02273,G02048,medium,0.6201134920120239,0.46342992782592773,0.1566835641860962,7
U00154,G00113,adelántante,ekte'cher',yan'katekter',U01358,G01185,hard,0.6394156217575073,0.5431565046310425,0.09625911712646484,2
U00154,G00113,adelántante,ekte'cher',uchinande'ker,U01231,G01070,medium,0.6394156217575073,0.47241485118865967,0.16700077056884766,6
U01081,G00940,leo libros.,luntulek kerka'lusa',linserchapalek la'la'lusa',U01430,G01250,hard,0.7088486552238464,0.6387555599212646,0.07009309530258179,2
U01081,G00940,leo libros.,luntulek kerka'lusa',kerka' ñinchitapalek,U01115,G00971,medium,0.7088486552238464,0.5567431449890137,0.15210551023483276,3
U01578,G01389,teníamos razón.,a'persu' ñapiñidek,kulliker' luwantullidek,U01572,G01383,hard,0.5955779552459717,0.5412101149559021,0.05436784029006958,11
U01578,G01389,teníamos razón.,a'persu' ñapiñidek,a'nañiwa' lli'inulusa',U02166,G01946,medium,0.5955779552459717,0.44440409541130066,0.15117385983467102,38
U00352,G00283,¿es grave?,¿nu'la'lli?,¿enpuduncha?,U01706,G01509,hard,0.6650571823120117,0.61320960521698,0.05184757709503174,13
U00352,G00283,¿es grave?,¿nu'la'lli?,¿yalansa'lli?,U01840,G01635,medium,0.6650571823120117,0.51432204246521,0.15073513984680176,30
U00853,G00729,comencemos.,tenmiansu'wa,pa'echidek,U01583,G01394,hard,0.7065584659576416,0.6345420479774475,0.07201641798019409,9
U00853,G00729,comencemos.,tenmiansu'wa,tupi'wa' ekter'lupa',U01510,G01325,medium,0.7065584659576416,0.551806628704071,0.15475183725357056,24
U02452,G02227,como ahora con este dolor de pierna no puedo caminar.,ma'pu'sui'na ikellandu'mu innichi'nek dekkunta'kasu'.,nanek kua wek'amu ipa'la asek asu' senñula' a'lunpallun.,U02500,G02275,hard,0.6391578912734985,0.5634498000144958,0.07570809125900269,3
U02452,G02227,como ahora con este dolor de pierna no puedo caminar.,ma'pu'sui'na ikellandu'mu innichi'nek dekkunta'kasu'.,nana malek asu' penweklek penwei'nchuma'.,U02616,G02391,medium,0.6391578912734985,0.4831940531730652,0.15596383810043335,13
U01533,G01842,es suficiente.,nanasa',latek'la nañi,U01852,G01646,hard,0.6183977723121643,0.4879313111305237,0.13046646118164062,3
U01533,G01842,es suficiente.,nanasa',saka'dek'inpu',U01534,G01346,medium,0.6183977723121643,0.4631825089454651,0.15521526336669922,9
U02059,G01842,suficiente.,nanasa',tekinchi,U01909,G01703,hard,0.6129995584487915,0.48256930708885193,0.13043025135993958,3
U02059,G01842,suficiente.,nanasa',te'kinchi,U00397,G00322,medium,0.6129995584487915,0.45581215620040894,0.15718740224838257,5
U01693,G01496,¿ya comiste?,¿ipa werana?,¿asek nanpipala?,U02235,G02010,hard,0.6170219779014587,0.5637611150741577,0.053260862827301025,10
U01693,G01496,¿ya comiste?,¿ipa werana?,¿iya'tula?,U01961,G01751,medium,0.6170219779014587,0.463619202375412,0.15340277552604675,31
U00975,G00841,lo necesitas.,luantapala,wa'latapala,U02213,G01990,hard,0.5524004697799683,0.49479344487190247,0.057607024908065796,5
U00975,G00841,lo necesitas.,luantapala,llipu'tula,U01272,G01107,medium,0.5524004697799683,0.3987199068069458,0.15368056297302246,25
U00716,G00601,¿estás loco?,¿wa'danpindek ñapala?,¿wichi'su' ñapala?,U01645,G01455,hard,0.6776258945465088,0.6062915325164795,0.0713343620300293,13
U00716,G00601,¿estás loco?,¿wa'danpindek ñapala?,¿inapi ñapala?,U00987,G00851,medium,0.6776258945465088,0.5255523920059204,0.15207350254058838,21
U00214,G00166,estoy calientito.,ukapisha ñapalek,tuna'su' ñapalek,U00190,G00145,hard,0.7159788012504578,0.6614413261413574,0.05453747510910034,20
U00214,G00166,estoy calientito.,ukapisha ñapalek,tenmiansu'palek,U01768,G01568,medium,0.7159788012504578,0.5615636110305786,0.15441519021987915,44
U03131,G02906,"cuentan que apu'tek tenía plata, mientras que a sekputchek lo trajeron para que supervise a los trabajadores.","apu'tek ima kullikerwa'su', sekputchek imi'na saka'tulusa' luwekta'su' nanakin kelli.","nanek ima ala'sa' taserpi yunsa'n tulli, iteklanen ima usañin musenkek aku'n tulli.",U02845,G02620,hard,0.6114729046821594,0.4849638044834137,0.12650910019874573,2
U03131,G02906,"cuentan que apu'tek tenía plata, mientras que a sekputchek lo trajeron para que supervise a los trabajadores.","apu'tek ima kullikerwa'su', sekputchek imi'na saka'tulusa' luwekta'su' nanakin kelli.","katu'shunka' alei'teklun ekkilala ñisik ima, nana wa'anku'lusa' malallinalek lu'rnkasu' nawei'ma ipa' chimia'ser adankenñunta'llina'.",U03086,G02861,medium,0.6114729046821594,0.45601052045822144,0.155462384223938,5
U02370,G02145,luego se vuelve a agregar agua.,nu'sik upetchununta'lek deklek.,kua ipa' wa'latulek.,U02848,G02623,hard,0.5013654828071594,0.45001929998397827,0.05134618282318115,19
U02370,G02145,luego se vuelve a agregar agua.,nu'sik upetchununta'lek deklek.,nana lantekpi dekkuntulli.,U02460,G02235,medium,0.5013654828071594,0.34462472796440125,0.15674075484275818,48
U02533,G02308,(los hombres de jeberos) nos mezquinaron la pesca.,"- pu'yek aperku'tullinerkudek,",madettanna' a'ullinerku.,U02454,G02229,hard,0.6187705397605896,0.5684637427330017,0.05030679702758789,3
U02533,G02308,(los hombres de jeberos) nos mezquinaron la pesca.,"- pu'yek aperku'tullinerkudek,",nanalupa' uk'anna' asu' utapakellinerkenmu'wa'.,U03115,G02890,medium,0.6187705397605896,0.4672510325908661,0.1515195071697235,10
U01038,G00899,feliz pascua.,musu' paskua',¡musu' paskua'!,U01039,G00900,hard,0.8118672966957092,0.7357925176620483,0.07607477903366089,2
U01038,G00899,feliz pascua.,musu' paskua',saka'tapalli musu',U01479,G01297,medium,0.8118672966957092,0.5780536532402039,0.23381364345550537,3
U00777,G00654,me enfadé.,yulek,a'aper'lek',U00175,G00133,hard,0.7525041103363037,0.6937804222106934,0.05872368812561035,7
U00777,G00654,me enfadé.,yulek,yamerlek,U02047,G01830,medium,0.7525041103363037,0.5962632298469543,0.15624088048934937,19
U02593,G02368,entonces dijo arákayu¿por qué no llamaron de lejos para oírlos?,tulli ma'pu'mi'na' peklu'chi'nama' weilan lauk'a'killek tullima arakayu.,nu'sui'ma napi' arakayu pillek'aminerkenmu'wa' pa'lapinta'llinerkenmu'wa'.,U02751,G02526,hard,0.6491540670394897,0.5981888175010681,0.05096524953842163,5
U02593,G02368,entonces dijo arákayu¿por qué no llamaron de lejos para oírlos?,tulli ma'pu'mi'na' peklu'chi'nama' weilan lauk'a'killek tullima arakayu.,arakayuler pekkun pa'lapinta'lli.,U02715,G02490,medium,0.6491540670394897,0.48098224401474,0.16817182302474976,20
U02393,G02168,como hacían antes las abuelas ya finadas.,napi' amiku'lusa'pu'su'.,ma'ata'na katu'ta'shadaper ku'tinweklusa'.,U02440,G02215,hard,0.616672158241272,0.5596211552619934,0.057051002979278564,3
U02393,G02168,como hacían antes las abuelas ya finadas.,napi' amiku'lusa'pu'su'.,nu'amui'na wadeklek wilaweklusa'.,U02265,G02040,medium,0.616672158241272,0.4545948803424835,0.16207727789878845,8
U02380,G02155,en una sola olla grande se mezcla todo lo de esas tres ollas.,ala'sa' kupin uktaksa' iñer nana kaladaper uktakda' sekdunek.,peksantapamu nana inkaluner ker'unta' a'ler'apalek alei'teklundan.,U02351,G02126,medium,0.6823992729187012,0.4581848978996277,0.2242143750190735,2
U00981,G00845,estás débil.,nantapi'na,inapiken nuka'ma,U00977,G01449,hard,0.6141432523727417,0.5574329495429993,0.05671030282974243,14
U00981,G00845,estás débil.,nantapi'na,yanantapita,U01682,G01487,medium,0.6141432523727417,0.46372953057289124,0.15041372179985046,29
U00500,G00412,dios existe.,yus nampipalli,nanpipalli,U00585,G00486,hard,0.6697251796722412,0.5409737825393677,0.12875139713287354,2
U00500,G00412,dios existe.,yus nampipalli,nalu ñapalli,U00364,G00295,medium,0.6697251796722412,0.48238903284072876,0.18733614683151245,3
U03041,G02816,cuando nosotros perezcamos qué cosas quizá aparecerán dijeron antes.,kenmu'wa' chimiansikwa' ma'ilipa' lli'tetchu tullini'ma napi'.,menmi a'nu'tudek'awa' tannima u'anna'.,U03129,G02904,hard,0.6690725684165955,0.5227982997894287,0.14627426862716675,2
U03041,G02816,cuando nosotros perezcamos qué cosas quizá aparecerán dijeron antes.,kenmu'wa' chimiansikwa' ma'ilipa' lli'tetchu tullini'ma napi'.,laukdekllidek lu'rnkasu' nana asu' muyunpa inchilala nu'ter'kasu'.,U03045,G02820,medium,0.6690725684165955,0.47833240032196045,0.190740168094635,3
U01269,G01104,puedes quedarte.,yennitula' llia'a'mak,yennitula nu'ta'mak,U01612,G01423,hard,0.7700965404510498,0.7140607237815857,0.05603581666946411,3
U01269,G01104,puedes quedarte.,yennitula' llia'a'mak,yennitula winta'mudek,U02205,G01982,medium,0.7700965404510498,0.6073411107063293,0.16275542974472046,11
U01500,G01316,hagamos más.,a'pinta' nu'tawa',wintu'udek a'pinta',U01186,G01031,medium,0.7970104217529297,0.5934744477272034,0.20353597402572632,2
U02136,G01916,estaban listos.,insekdiperpi ñapawiñina',ñapawiñina' pektunsu',U02137,G01917,hard,0.7853046655654907,0.6849539279937744,0.10035073757171631,2
U02136,G01916,estaban listos.,insekdiperpi ñapawiñina',ñapawiñina' kaluwi'su',U01862,G01656,medium,0.7853046655654907,0.5844131708145142,0.20089149475097656,4
U02890,G02665,"un viejo, dice, diluyó tabaco y les dio de beber (para que se despierten).",ala'sa' taserpiler ima pinter setmun a'u'deklli.,ekpantasik ima taserpiler pilli'tan lutu'lli.,U02932,G02707,hard,0.6158499121665955,0.5256723165512085,0.09017759561538696,2
U02890,G02665,"un viejo, dice, diluyó tabaco y les dio de beber (para que se despierten).",ala'sa' taserpiler ima pinter setmun a'u'deklli.,"nanek ima ala'sa' taserpi yunsa'n tulli, iteklanen ima usañin musenkek aku'n tulli.",U02845,G02620,medium,0.6158499121665955,0.46250686049461365,0.1533430516719818,3
U01609,G01420,llegaste temprano.,dasu'la ektu'kerllia,wenller' dasu'la,U00476,G00391,medium,0.6244751214981079,0.4149341583251953,0.2095409631729126,2
U02829,G02604,ahí dice (la ballena) salió a la playa y saliendo murió.,"naneklima yunsu'lli dellutekkek, yunsu'n chimiñi.",nana lantekpi dekkuntulli.,U02460,G02235,hard,0.6971045732498169,0.6314481496810913,0.06565642356872559,3
U02829,G02604,ahí dice (la ballena) salió a la playa y saliendo murió.,"naneklima yunsu'lli dellutekkek, yunsu'n chimiñi.",chinku'lli,U00501,G00413,medium,0.6971045732498169,0.5337635278701782,0.16334104537963867,12
U03167,G02942,"y ustedes los de la pampa chota, ustedes son chota.","kenmami'na nana panpateklu' chota, chotanma'.","nawa' katu'shadaper, katu'ta' ku'aperwawalusa'.",U02442,G02217,hard,0.6532244086265564,0.5177164673805237,0.13550794124603271,2
U03167,G02942,"y ustedes los de la pampa chota, ustedes son chota.","kenmami'na nana panpateklu' chota, chotanma'.",kenmami'na llumallunku'lupa' lomas.,U03165,G02940,medium,0.6532244086265564,0.4943859875202179,0.1588384211063385,3
U02831,G02606,"de ahí, esta la ballena poza se redujo.",naneklimaka asu' nana lanla' pitunta' uwentunta'lli.,nanek ima ipa'linchi tanpen peklu'lli.,U02727,G02502,hard,0.7864425778388977,0.7257489562034607,0.06069362163543701,3
U02831,G02606,"de ahí, esta la ballena poza se redujo.",naneklimaka asu' nana lanla' pitunta' uwentunta'lli.,nu'sikla'nka asu' panpadek sennanlusa' wetlli.,U02808,G02583,medium,0.7864425778388977,0.6266564130783081,0.1597861647605896,7
U01155,G01007,nadie sabe.,ñiden ñinchichi'ñi,ñiden pek'klu'chi'ñi,U01515,G01330,hard,0.7155580520629883,0.6580874919891357,0.05747056007385254,3
U01155,G01007,nadie sabe.,ñiden ñinchichi'ñi,ñi a'pinta' nanadaper lli'inuchi'ñina'.,U02807,G02582,medium,0.7155580520629883,0.5481772422790527,0.16738080978393555,7
U02955,G02730,uno que madrugó no se acordó nada de lo que le habían advertido (que no ventee la candela antes de que la icaren).,nana chida'su'la'sui'mi'na ñi illi'inui'ñi winter'kasu'.,"kala ukllima lli'chinpu'a'ser, wa'an peklu'deklli ñinanlu' nanapu'si'la.",U02906,G02681,hard,0.5408656597137451,0.4758774936199188,0.0649881660938263,5
U02955,G02730,uno que madrugó no se acordó nada de lo que le habían advertido (que no ventee la candela antes de que la icaren).,nana chida'su'la'sui'mi'na ñi illi'inui'ñi winter'kasu'.,"lli'llini'ma tekka'pilasik panpadeklupa', tupitullina' ñi kasek'i'ñina'.",U03081,G02856,medium,0.5408656597137451,0.3901981711387634,0.1506674885749817,31
U02663,G02438,"afuera dormía la gente, en el patio exterior.","adipi wichi'llina', inyulatekkek.","sennanlusek ima nanpipallinpi'la wa'anen, kinekla.",U02756,G02531,hard,0.6390343904495239,0.5164344310760498,0.12259995937347412,2
U02663,G02438,"afuera dormía la gente, en el patio exterior.","adipi wichi'llina', inyulatekkek.","wadunni'ma chintanna', adenchanna' ñinanluk luncha'llina'.",U02655,G02430,medium,0.6390343904495239,0.4740245044231415,0.16500988602638245,3
U02841,G02616,antes los soñadores decían por ahí por donde el sol se oculta hay un pueblo.,napi' wa'latulusa' tullina' ina asu' kekki da'asu'lupa' ala'sa' ñinanlu' ñapalli.,nanentu saka'tulusui'pa' muyunpak walek ektui'nchuna' tullima ali'la taserpi.,U02861,G02636,hard,0.641931414604187,0.5151929259300232,0.12673848867416382,2
U02841,G02616,antes los soñadores decían por ahí por donde el sol se oculta hay un pueblo.,napi' wa'latulusa' tullina' ina asu' kekki da'asu'lupa' ala'sa' ñinanlu' ñapalli.,kenmu'wi'na asek ñiden lupa'paperwi'ñi tullima nana lli'tukunlusa'.,U02984,G02759,medium,0.641931414604187,0.48211631178855896,0.15981510281562805,4
U02584,G02359,alguien estaba haciendo fuego en su casa.,penwanpasik pidekñik.,iñer samer ekpanta'lli.,U02707,G02482,hard,0.5773178935050964,0.48136135935783386,0.09595653414726257,2
U02584,G02359,alguien estaba haciendo fuego en su casa.,penwanpasik pidekñik.,sadinleksi'ma chu'kenñi.,U02675,G02450,medium,0.5773178935050964,0.42689049243927,0.15042740106582642,11
U01899,G01693,¿estabas solo?,¿kenmasa' ñapawina?,¿nanek ñapawina?,U01900,G01694,hard,0.7887928485870361,0.7139999270439148,0.07479292154312134,2
U01899,G01693,¿estabas solo?,¿kenmasa' ñapawina?,¿wer'su' ñapala?,U00990,G00854,medium,0.7887928485870361,0.6206750273704529,0.16811782121658325,5
U02768,G02543,en cambio ahora crece la maleza,ipa'li'na tanantapilalli,ipa'linchi a'pi'dektapa'sik ukllapilelli.,U02385,G02160,hard,0.6751739978790283,0.6142974495887756,0.060876548290252686,2
U02768,G02543,en cambio ahora crece la maleza,ipa'li'na tanantapilalli,nanek ima ipa'linchi tanpen peklu'lli.,U02727,G02502,medium,0.6751739978790283,0.5216294527053833,0.15354454517364502,8
U01737,G01539,ahora recuerdo.,ipa'la lli'inutulek,nawa' ipa'la lli'apallinerku.,U02407,G02182,hard,0.7302709817886353,0.6421879529953003,0.08808302879333496,2
U01737,G01539,ahora recuerdo.,ipa'la lli'inutulek,ipa' ñinchitulek,U01708,G01511,medium,0.7302709817886353,0.5662758946418762,0.16399508714675903,6
U02410,G02185,"si no tuviera hijos ya me habría muerto, el hambre me hubiera matado, la enfermedad y el hambre me hubieran matado.","wilawi'nek'ipa' chiminpinek, uki'la di'tunansinku, kaluwi' uki'la di'tunansinku.","kalantekwek nu'tulek, kutunwek nu'tulek, apetchawekku'kin kutunen nu'itulek.",U03144,G02919,medium,0.7069483399391174,0.5056948065757751,0.20125353336334229,2
U01349,G01176,¿lo ves?,¿li'apala?,¿lli'tapalli?,U01464,G01282,hard,0.8187874555587769,0.7492229342460632,0.06956452131271362,5
U01349,G01176,¿lo ves?,¿li'apala?,¿luwer'chapallien?,U01342,G01170,medium,0.8187874555587769,0.6508203744888306,0.1679670810699463,14
U01460,G01278,te escucharé.,lauk'echen,lauk'apallien,U00526,G00436,hard,0.8023536801338196,0.6566838622093201,0.1456698179244995,2
U01460,G01278,te escucharé.,lauk'echen,lauk'llien,U00781,G00658,medium,0.8023536801338196,0.6008162498474121,0.20153743028640747,3
U01440,G01259,te mataré.,dei'techen,dei'techek,U01438,G01258,medium,0.7678546905517578,0.6045040488243103,0.1633506417274475,2
U00635,G00530,eso duele.,nana ikerlli,nana lamapu'lli,U01045,G00905,medium,0.7099097371101379,0.5266625285148621,0.18324720859527588,2
U02958,G02733,"de ahí otro grupo se fue, trochando semanas, han hecho trocha.","naneklima ali'la musun pa'an, sekllintan ima simana' ima sekllintullina'.","nana inpikanpasik ima, pa'anna', pasek pasekka'tullina', paki'tullina'.",U02964,G02739,hard,0.6474506258964539,0.5288498997688293,0.11860072612762451,2
U02958,G02733,"de ahí otro grupo se fue, trochando semanas, han hecho trocha.","naneklima ali'la musun pa'an, sekllintan ima simana' ima sekllintullina'.","ali'ladaper nalatuntun llituntullina', chipetcheknenna' lalak yakala'nna'.",U02939,G02714,medium,0.6474506258964539,0.4749718904495239,0.17247873544692993,5
U00151,G00111,¡piénsalo bien!,¡musu' lli'inuter'!,¡muek'kilala!,U01690,G01494,hard,0.7753574252128601,0.7135403752326965,0.061817049980163574,5
U00151,G00111,¡piénsalo bien!,¡musu' lli'inuter'!,inlli'inuter' musuk,U01528,G01341,medium,0.7753574252128601,0.6124479174613953,0.16290950775146484,9
U02389,G02164,nadie la toca para que no se malogre.,ñidenler pata'pi'ñi aper'inpu'ek.,"ñiden usha'wi'ñi ma'kinpa',",U02787,G02562,medium,0.6976441740989685,0.5055153369903564,0.19212883710861206,2
U02333,G02108,"todo se está terminando. jeberos, 25 de julio del 2005",iñer ta'wantapilallina'.,taker'apilallina' iñer.,U02309,G02084,hard,0.5598949193954468,0.46630460023880005,0.09359031915664673,2
U02333,G02108,"todo se está terminando. jeberos, 25 de julio del 2005",iñer ta'wantapilallina'.,iñer' panwilek'tullina',U01686,G01491,medium,0.5598949193954468,0.40239864587783813,0.15749627351760864,6
U02181,G01961,estamos organizados.,mumusu' ñapallidek,chimianpilallidek.,U02332,G02107,hard,0.6143436431884766,0.5623828768730164,0.051960766315460205,21
U02181,G01961,estamos organizados.,mumusu' ñapallidek,amercha tekuasu' ñapalek,U00823,G00699,medium,0.6143436431884766,0.46188515424728394,0.15245848894119263,49
U00183,G00261,reí.,yamerlek',yamerladalek',U00182,G00139,hard,0.684418261051178,0.5727945566177368,0.11162370443344116,4
U00183,G00261,reí.,yamerlek',lamapu'lek,U00543,G00449,medium,0.684418261051178,0.5342398881912231,0.15017837285995483,7
U00326,G00261,me reí.,yamerlek',lachek'apalek,U00177,G00135,hard,0.6745270490646362,0.6102559566497803,0.06427109241485596,4
U00326,G00261,me reí.,yamerlek',ilulek,U01727,G01529,medium,0.6745270490646362,0.5058824419975281,0.16864460706710815,11
U02296,G02071,"nuestras costumbres,","nanpikudeksu',","ñinchilu'nkudeksu' taker'apilallidek,",U02331,G02106,hard,0.6789647936820984,0.6199150681495667,0.05904972553253174,4
U02296,G02071,"nuestras costumbres,","nanpikudeksu',","nana wintupatekwa' nana tetchu,",U02868,G02643,medium,0.6789647936820984,0.5204254388809204,0.15853935480117798,8
U01841,G01636,¿bailamos?,¿lansa'wa?,lansa'wa',U00854,G00730,medium,0.9193521738052368,0.6502587199211121,0.26909345388412476,2
U01630,G01441,trabajas mucho.,saka'techu empu'nipa,musu' sek'kaperechuner'ken,U01344,G01172,medium,0.6814764738082886,0.48614779114723206,0.19532868266105652,3
U01119,G00974,¿es suficiente?,¿nanasa'cha iñer'?,¿mulli'ncha'?,U00678,G00568,hard,0.6040198802947998,0.5502291321754456,0.05379074811935425,13
U01119,G00974,¿es suficiente?,¿nanasa'cha iñer'?,u'chimuinchi ¿i'ya?,U01988,G01774,medium,0.6040198802947998,0.45103690028190613,0.15298298001289368,33
U02656,G02431,se corrió la voz sobre arákayu.,lawinñini'ma arakayu.,yaaurañini'ma arakayu luwanchiñi.,U02674,G02449,hard,0.7042183876037598,0.6494044065475464,0.05481398105621338,4
U02656,G02431,se corrió la voz sobre arákayu.,lawinñini'ma arakayu.,nawi'na wintapanta'llinerku ma'pu'si'pa mitan nakulama' tullima arakayu.,U02671,G02446,medium,0.7042183876037598,0.5504366159439087,0.15378177165985107,20
U01577,G01388,estábamos borrachos.,lupersu' ñapawiñidek,a'persu' ñapiñidek,U01578,G01389,hard,0.8195783495903015,0.7617910504341125,0.057787299156188965,4
U01577,G01388,estábamos borrachos.,lupersu' ñapawiñidek,nakusu' muin'su' ñapallidek,U01562,G01374,medium,0.8195783495903015,0.6585066914558411,0.16107165813446045,12
U02843,G02618,"diciendo eso se cansaron de hablar y ya perecieron ellos, ahora nosotros también eso mismo estamos recordando.","tanna' pellunna' ipa' takerllina' nawa', ipa'li'na kenmu'wa'nta' nani'la lli'inutapalekwa'.","nanek ukllinantanna', ali'la uklli ukllinantununta'nna' tullina' yadanta'llidek.",U02982,G02757,hard,0.7296071648597717,0.6158251762390137,0.11378198862075806,2
U02843,G02618,"diciendo eso se cansaron de hablar y ya perecieron ellos, ahora nosotros también eso mismo estamos recordando.","tanna' pellunna' ipa' takerllina' nawa', ipa'li'na kenmu'wa'nta' nani'la lli'inutapalekwa'.","nerpi'pu' uchinañinerkudek lauk'a'kudek, imanankankantullidek lauk'amudek.",U02572,G02347,medium,0.7296071648597717,0.5719914436340332,0.15761572122573853,4
U00917,G00787,tom enseña.,tom a'lektapalli,tom lanteñi,U00433,G00350,hard,0.7301058769226074,0.6549501419067383,0.07515573501586914,4
U00917,G00787,tom enseña.,tom a'lektapalli,tom latekte'chu,U01558,G01370,medium,0.7301058769226074,0.5633093118667603,0.16679656505584717,13
U03018,G02793,"allá, decían.","da'ilek, ali'ladaper tullina' saka'tunan dunkerpatekkudek nanalupa' pa'achidek, tullima. sin embargo, otros opinaban a buscar trabajo tenemos que ir por","- ukllidek, alli'sha.",U02928,G02703,hard,0.5287472009658813,0.4440123736858368,0.08473482728004456,2
U03018,G02793,"allá, decían.","da'ilek, ali'ladaper tullina' saka'tunan dunkerpatekkudek nanalupa' pa'achidek, tullima. sin embargo, otros opinaban a buscar trabajo tenemos que ir por","- ta'iter, alli'shá.",U02881,G02656,medium,0.5287472009658813,0.3723805248737335,0.15636667609214783,8
U03079,G02854,"encontrándole, a él nomás lo revolcaron golpéandolo y lo mataron.",kananna' nanasa' llikantullina' dei'tullina'.,tekkinchi tekka'llini'ma nawa' saka'terkek walek.,U02546,G02321,hard,0.6023399233818054,0.5034686326980591,0.09887129068374634,3
U03079,G02854,"encontrándole, a él nomás lo revolcaron golpéandolo y lo mataron.",kananna' nanasa' llikantullina' dei'tullina'.,"tanni'ma di'ser'itullina' tanpu'nen, pideknen.",U02683,G02458,medium,0.6023399233818054,0.4368022680282593,0.16553765535354614,11
U00073,G01202,agarra fuertemente.,pilli'ter' ikersu',wiuk'su' nu'ter',U01511,G01326,hard,0.6770442128181458,0.5831025838851929,0.09394162893295288,5
U00073,G01202,agarra fuertemente.,pilli'ter' ikersu',wiu'su' dekunter',U01371,G01196,medium,0.6770442128181458,0.5268170237541199,0.15022718906402588,8
U01377,G01202,sujétalo fuerte.,pilli'ter' ikersu',tek'ker' wiuk'su',U01049,G00909,hard,0.6328957080841064,0.5666747093200684,0.06622099876403809,5
U01377,G01202,sujétalo fuerte.,pilli'ter' ikersu',llinse'cher' manen'unta',U02195,G01974,medium,0.6328957080841064,0.4775420129299164,0.15535369515419006,12
U01481,G01299,es adorable.,u'chimusha nuka'a,sakeknansu' nuka'a,U01484,G01302,hard,0.7126144170761108,0.6107034683227539,0.10191094875335693,5
U01481,G01299,es adorable.,u'chimusha nuka'a,mupalli,U01127,G00980,medium,0.7126144170761108,0.553130030632019,0.1594843864440918,12
U03104,G02879,malallina es la que nos ha hecho darnos cuenta.,malallina nu'su' a'lli'tullundek.,maweklima kanana kenmu'wa' pitetcha'kawa'su' ta'wantulli.,U02989,G02764,medium,0.6693457365036011,0.5078219771385193,0.1615237593650818,2
U02606,G02381,"¿tienes pescado, hermano mayor?","- ¿samerwanpala'ncha, alli'shá?","- ñapala, ñañá? itukellu.",U02417,G02192,hard,0.6665910482406616,0.5940572619438171,0.07253378629684448,3
U02606,G02381,"¿tienes pescado, hermano mayor?","- ¿samerwanpala'ncha, alli'shá?",¿indekllitapala bulichi?,U00739,G00619,medium,0.6665910482406616,0.5004978179931641,0.16609323024749756,6
U01200,G01041,pararon.,ta'itula'llina,llia'llina',U00640,G00533,hard,0.826624870300293,0.77555912733078,0.05106574296951294,2
U01200,G01041,pararon.,ta'itula'llina,uker'llina',U00891,G00763,medium,0.826624870300293,0.6475886106491089,0.17903625965118408,7
U01517,G01332,¡digan algo!,¡tuku' ma'nen'unta'!,¡peklu'u ma'isik!,U01329,G01157,medium,0.645252525806427,0.4951043725013733,0.1501481533050537,3
U01668,G01475,¿lo viste?,¿lli'la?,¿lli'tapalli?,U01464,G01282,hard,0.808763325214386,0.7445070743560791,0.06425625085830688,6
U01668,G01475,¿lo viste?,¿lli'la?,¿luwer'chapallien?,U01342,G01170,medium,0.808763325214386,0.6551162004470825,0.15364712476730347,12
U00099,G00068,soy yo.,kua nuka'ka,ku'aper nuka'ka,U00812,G00688,hard,0.7990919947624207,0.6788252592086792,0.12026673555374146,2
U00099,G00068,soy yo.,kua nuka'ka,ñidenkinpu' nuka'ka,U00824,G00700,medium,0.7990919947624207,0.6025891900062561,0.19650280475616455,3
U02338,G02113,cómo se prepara la bebida.,uklutulek.,kalutulek,U01413,G01234,hard,0.45700931549072266,0.3502427041530609,0.10676661133766174,2
U02338,G02113,cómo se prepara la bebida.,uklutulek.,kere'chek vinu',U02042,G01826,medium,0.45700931549072266,0.3064802289009094,0.15052908658981323,5
U01938,G01728,¿estás jodiendo?,¿a'pe'chapala?,¿peklu'tula?,U00706,G00592,hard,0.6420127749443054,0.5788698792457581,0.06314289569854736,4
U01938,G01728,¿estás jodiendo?,¿a'pe'chapala?,¿luwantapala?,U01977,G01765,medium,0.6420127749443054,0.49085259437561035,0.15116018056869507,30
U01150,G01003,no vayamos.,pa'inpu'wa',tupi'wa',U01507,G01322,hard,0.6590286493301392,0.5968353748321533,0.06219327449798584,10
U01150,G01003,no vayamos.,pa'inpu'wa',teka'per'aterwa',U00690,G00577,medium,0.6590286493301392,0.5077313780784607,0.15129727125167847,23
U01035,G00896,ve adentro.,paker' kinekla,aku'ker' kinekla,U00875,G00748,hard,0.698574960231781,0.5927149057388306,0.10586005449295044,3
U01035,G00896,ve adentro.,paker' kinekla,ka'ker' iñer',U01683,G01488,medium,0.698574960231781,0.5485724806785583,0.15000247955322266,10
U02408,G02183,ahora que soy una mujer enferma ellos me cuidan.,kaluwi'tekku ipa'la ñaseku nawa' luwektapallinerku.,kui'na enpu'nipa' insekluten'a'kasu' nanpi'kasu'.,U02482,G02257,hard,0.6169083118438721,0.4823203980922699,0.13458791375160217,2
U02408,G02183,ahora que soy una mujer enferma ellos me cuidan.,kaluwi'tekku ipa'la ñaseku nawa' luwektapallinerku.,"nu'amudek i'na kua taserpiku' nuka'ka, kui'na kanchis shunka' ekkilalawantulek ipa'.",U03121,G02896,medium,0.6169083118438721,0.4654791057109833,0.1514292061328888,4
U02897,G02672,"¿ay, quién de nosotras irá a quedar viuda?","¿denkenmu'wa' ekdulunterwa', ten",¿den iduñi?,U00276,G00222,hard,0.46278536319732666,0.4121226966381073,0.05066266655921936,16
U01176,G01024,concéntrate.,lli'ker' musu',inlu'ukter',U01959,G01749,hard,0.6451452374458313,0.5935171246528625,0.05162811279296875,4
U01176,G01024,concéntrate.,lli'ker' musu',inlli'inuter' musuk,U01528,G01341,medium,0.6451452374458313,0.4947754442691803,0.150369793176651,25
U00826,G00702,estoy leyendo.,lunpalek,wanerapalek,U01774,G01573,hard,0.5985772609710693,0.5457466840744019,0.05283057689666748,10
U00826,G00702,estoy leyendo.,lunpalek,luwer'chapalek,U00528,G00438,medium,0.5985772609710693,0.4411960244178772,0.15738123655319214,16
U02538,G02313,"después de comer van a encontrar una quebradita en el camino,","ka'a'mamasu' supinak ala'sa' dekshadek kanenchuma' inchilalak,","enpinantek'unta'llina' dekshadeklusa',",U02745,G02520,hard,0.6079075336456299,0.5502434968948364,0.05766403675079346,4
U02538,G02313,"después de comer van a encontrar una quebradita en el camino,","ka'a'mamasu' supinak ala'sa' dekshadek kanenchuma' inchilalak,","luwetchi'ñina' panwala,",U02782,G02557,medium,0.6079075336456299,0.45448482036590576,0.15342271327972412,12
U01085,G00944,quiero dinero.,luwantulek kulliker',wayusa' luwantulek,U01414,G01235,hard,0.6815070509910583,0.6279982328414917,0.05350881814956665,8
U01085,G00944,quiero dinero.,luwantulek kulliker',yakana'lek,U01424,G01244,medium,0.6815070509910583,0.528951108455658,0.1525559425354004,17
U03193,G02968,nuestros abuelos finados ellos han sido así.,papinkumapu'wa'ku'lusa' nana nu'llina'.,nu'si'pa' papinkuku'lusa' taketllina'.,U02565,G02340,medium,0.7007068991661072,0.5497336983680725,0.15097320079803467,2
U01712,G01515,traje vino.,kerlliek vinu',kencher' vinu',U00469,G00384,hard,0.7424318194389343,0.6314302086830139,0.11100161075592041,2
U01712,G01515,traje vino.,kerlliek vinu',vinu' a'ñapalek,U00780,G00657,medium,0.7424318194389343,0.5302631855010986,0.2121686339378357,4
U02299,G02074,ninguno de mis hijos entiende.,ñienkasu' wilaweklusa' lachek'i'ñina'.,nu'unta'shasi'pa' wilaweklusa' lachek'apilanti'ñina'.,U02414,G02189,hard,0.7073891162872314,0.6263156533241272,0.08107346296310425,3
U02299,G02074,ninguno de mis hijos entiende.,ñienkasu' wilaweklusa' lachek'i'ñina'.,"wilalusa' luwetchi'ñina' unma',",U02780,G02555,medium,0.7073891162872314,0.5420624017715454,0.16532671451568604,7
U02543,G02318,después levántense y corran hasta un árbol inclinado.,- nanekla yunsanma' tekka'nta'ku' ala'sa' nala inner'apek walek.,ipa'linchi ta'wantununta'sik nu'nipi'la ñapalli ker‘ ukluka'sik upetñunta'lek.,U02369,G02144,hard,0.6126548647880554,0.5100919008255005,0.10256296396255493,2
U02543,G02318,después levántense y corran hasta un árbol inclinado.,- nanekla yunsanma' tekka'nta'ku' ala'sa' nala inner'apek walek.,ipa'linchi ukdinu'ta'kasu'lek a'kasetllek.,U02381,G02156,medium,0.6126548647880554,0.45815080404281616,0.15450406074523926,5
U02815,G02590,eso nomás les he contado sobre arákayu.,nanasa' winterkenma' arakayuki.,lawinñini'ma arakayu.,U02656,G02431,hard,0.7192253470420837,0.6159592866897583,0.10326606035232544,3
U02815,G02590,eso nomás les he contado sobre arákayu.,nanasa' winterkenma' arakayuki.,nu'an ima arakayu sakeklli.,U02594,G02369,medium,0.7192253470420837,0.5616939663887024,0.15753138065338135,7
U01703,G01506,se ahogó.,chimidek'tulli,uker'lli,U00356,G00287,hard,0.7716783881187439,0.7116122841835022,0.0600661039352417,3
U01703,G01506,se ahogó.,chimidek'tulli,ikerlli,U00221,G00173,medium,0.7716783881187439,0.6056485176086426,0.16602987051010132,13
U00284,G01027,cálmate.,ta'tuler',lauk'ter',U00390,G00318,hard,0.7116882801055908,0.6601641774177551,0.05152410268783569,15
U00284,G01027,cálmate.,ta'tuler',tununter',U01166,G01017,medium,0.7116882801055908,0.5593785047531128,0.15230977535247803,27
U00285,G01027,tranquilízate.,ta'tuler',i'shi'ker',U00399,G00324,hard,0.6786372065544128,0.614689290523529,0.06394791603088379,13
U00285,G01027,tranquilízate.,ta'tuler',apu'ker',U00873,G00746,medium,0.6786372065544128,0.5239112973213196,0.15472590923309326,32
U01179,G01027,cállate.,ta'tuler',anu'ker',U00149,G00109,hard,0.6818437576293945,0.6223560571670532,0.05948770046234131,17
U01179,G01027,cállate.,ta'tuler',¡luntuu!,U00632,G00527,medium,0.6818437576293945,0.5315089225769043,0.15033483505249023,36
U00120,G00086,despierta.,nanpiker',nanta'piker,U00142,G00103,hard,0.6736635565757751,0.5534950494766235,0.12016850709915161,2
U00120,G00086,despierta.,nanpiker',wanerker',U00249,G00196,medium,0.6736635565757751,0.5114341974258423,0.16222935914993286,5
U00614,G00510,mamá lloró.,awa wellek'lli,kishu wellek'lli,U00591,G00491,hard,0.6428602337837219,0.5754216313362122,0.06743860244750977,2
U00614,G00510,mamá lloró.,awa wellek'lli,muisu' kankatulli,U00972,G00838,medium,0.6428602337837219,0.4866398274898529,0.15622040629386902,4
U03196,G02971,nombres extranjeros han puesto sin saber hablar (la lengua).,nerpi'la llillin aku'llina' ñinchiluinpu'la'pi'na'.,llinanlusi'ma tanpa'nen ukunñina'.,U02944,G02719,hard,0.6079461574554443,0.5541146993637085,0.05383145809173584,4
U03196,G02971,nombres extranjeros han puesto sin saber hablar (la lengua).,nerpi'la llillin aku'llina' ñinchiluinpu'la'pi'na'.,ali'ladaper ima ker' aku'pakuñina'.,U02959,G02734,medium,0.6079461574554443,0.45773816108703613,0.1502079963684082,13
U03132,G02907,"él era de españa también, los dos mismos no hablaban la lengua shiwilu ni la lengua inka, pero entendían.","ishpañakla nananta', katu'daper i'la shiwilu la'la', inka' la'la' lui'nta'ser, lachekllini'mi'na.","a'pinta' kaschilleklansa' lunna', ñi a'pinta' shiwilu la'la' lunpi'ñina'.",U02413,G02188,medium,0.7230579853057861,0.5604271292686462,0.1626308560371399,2
U00742,G00622,¡no dispares!,¡yailantuta!,¡dakuta'ker'!,U01170,G01020,hard,0.7598985433578491,0.6930797696113586,0.06681877374649048,3
U00742,G00622,¡no dispares!,¡yailantuta!,¡dakuti'ñi!,U01531,G01344,medium,0.7598985433578491,0.5739505290985107,0.18594801425933838,7
U02449,G02224,"¿ah, ya has venido?","- ¿ah, ipa'cha uncha'la?",¿ñapalli a'pinda'?,U01470,G01288,hard,0.7073495984077454,0.6411493420600891,0.06620025634765625,3
U02449,G02224,"¿ah, ya has venido?","- ¿ah, ipa'cha uncha'la?",¿a'pe'chapala?,U01938,G01728,medium,0.7073495984077454,0.5541834235191345,0.15316617488861084,5
U00552,G00457,lo haré.,nu'techek,tupiechek,U02035,G01819,hard,0.8152296543121338,0.7191183567047119,0.09611129760742188,2
U00552,G00457,lo haré.,nu'techek,epa'echek,U01444,G01262,medium,0.8152296543121338,0.6647917628288269,0.15043789148330688,8
U00817,G00693,estoy ayunando.,weranpi'nek,katu'palun,U00839,G00715,hard,0.5800879001617432,0.5039472579956055,0.0761406421661377,12
U00817,G00693,estoy ayunando.,weranpi'nek,saka'tapalli,U01129,G00982,medium,0.5800879001617432,0.4288523495197296,0.15123555064201355,27
U00033,G00028,renuncié.,ta'itula'lek,indei'tulek,U01065,G00924,hard,0.7313240170478821,0.6802057027816772,0.051118314266204834,4
U00033,G00028,renuncié.,ta'itula'lek,dei'techek,U01439,G01258,medium,0.7313240170478821,0.5773259997367859,0.1539980173110962,11
U02173,G01953,queremos votar.,yadekllidek,kuda wa'tentulidek,U00449,G00365,hard,0.6715517640113831,0.530798614025116,0.1407531499862671,2
U02173,G01953,queremos votar.,yadekllidek,inlulen'awa',U02101,G01882,medium,0.6715517640113831,0.503017246723175,0.168534517288208,3
U00059,G00047,¡entren!,¡daker'ku'!,¡pilli'ter'!,U01378,G01203,hard,0.7900325059890747,0.7212579250335693,0.06877458095550537,8
U00059,G00047,¡entren!,¡daker'ku'!,¡pante'chek!,U00070,G01018,medium,0.7900325059890747,0.6384412050247192,0.15159130096435547,13
U03126,G02901,"los que vinieron a ver dijeron, los que hacían comprender, los que interpretaban (la lengua) dijeron:","lli'kerenni'ma tullina'ka nawa', nana a'lachekta'su', lawer'a'su' tulli:","wilalunlusa'nta kuten'anna', kekkilu'tek lli'anna', tandulalusa' lli'anna', willekllina'.",U02564,G02339,hard,0.7049896121025085,0.5713412165641785,0.13364839553833008,2
U03126,G02901,"los que vinieron a ver dijeron, los que hacían comprender, los que interpretaban (la lengua) dijeron:","lli'kerenni'ma tullina'ka nawa', nana a'lachekta'su', lawer'a'su' tulli:",nakupila'ser yasaka'tanna' nana kaschilla lu'nsu'lek peklu'dek'an itudeklli:,U03059,G02834,medium,0.7049896121025085,0.549177348613739,0.15581226348876953,3
U00247,G00195,prepárate.,insek'diper'ker',inluukter',U00423,G00342,hard,0.6068892478942871,0.5186657905578613,0.08822345733642578,5
U00247,G00195,prepárate.,insek'diper'ker',inlu'ukter',U01959,G01749,medium,0.6068892478942871,0.45269137620925903,0.15419787168502808,12
U00410,G00331,anda.,dekundunlli,adencher',U01012,G00875,hard,0.6939049363136292,0.641617476940155,0.05228745937347412,9
U00410,G00331,anda.,dekundunlli,paker',U00002,G00000,medium,0.6939049363136292,0.5383579134941101,0.15554702281951904,35
U01979,G01767,no interfieras.,yatu'nektuta,yatumu'ta,U00299,G00238,hard,0.6375916004180908,0.5836529731750488,0.05393862724304199,8
U01979,G01767,no interfieras.,yatu'nektuta,llinsecher'pi'la,U01142,G00995,medium,0.6375916004180908,0.4865402579307556,0.1510513424873352,28
U01859,G01653,ellos discutieron.,nawa' inyutullina',nawa dek'kuntillina',U00902,G00773,hard,0.6317256093025208,0.5668521523475647,0.06487345695495605,5
U01859,G01653,ellos discutieron.,nawa' inyutullina',nu'misansu' chimiñina',U01857,G01651,medium,0.6317256093025208,0.47965356707572937,0.15207204222679138,14
U00296,G00235,no llores.,yawellekta,yayamerladata,U00744,G00624,hard,0.7004260420799255,0.6465139389038086,0.05391210317611694,9
U00296,G00235,no llores.,yawellekta,¡yawellekta!,U00297,G00236,medium,0.7004260420799255,0.5418481826782227,0.15857785940170288,20
U02236,G02011,¿viven aquí?,¿asek nanpipalama'?,¿asek nanpipala?,U02235,G02010,hard,0.8365978598594666,0.7406416535377502,0.09595620632171631,2
U02236,G02011,¿viven aquí?,¿asek nanpipalama'?,¿pen a'cha a'ñapalama'?,U02612,G02387,medium,0.8365978598594666,0.654515266418457,0.18208259344100952,3
U00639,G00533,se quedaron.,llia'llina',da'llina',U00903,G00774,hard,0.7878495454788208,0.7261146306991577,0.061734914779663086,5
U00639,G00533,se quedaron.,llia'llina',uk'apilellina',U01867,G01661,medium,0.7878495454788208,0.6318324208259583,0.15601712465286255,14
U00640,G00533,se mantuvieron.,llia'llina',nu'tullina',U00895,G00766,hard,0.6226639747619629,0.5663425922393799,0.05632138252258301,15
U00640,G00533,se mantuvieron.,llia'llina',muisu' kankantullina,U00970,G00836,medium,0.6226639747619629,0.4651446044445038,0.1575193703174591,29
U02968,G02743,"semanas, un mes y llegaron a moyobamba.","sekllintulli iñer uklli, ala' simana', katu' simana', kala simana', ala' dukerkek ima ektu'llina' muyunpak. hicieron trocha todos los días, una semana, dos semanas, tres","nana inpikanpasik ima, pa'anna', pasek pasekka'tullina', paki'tullina'.",U02964,G02739,hard,0.57332843542099,0.5139715671539307,0.059356868267059326,2
U02968,G02743,"semanas, un mes y llegaron a moyobamba.","sekllintulli iñer uklli, ala' simana', katu' simana', kala simana', ala' dukerkek ima ektu'llina' muyunpak. hicieron trocha todos los días, una semana, dos semanas, tres","du'anna', wa'inutanna', nerpi'pu' ñiper'dekllina' nana pa'lusa'.",U03016,G02791,medium,0.57332843542099,0.415925532579422,0.157402902841568,11
U01374,G01199,aquí viene.,asek uk'apilelli,nanek pa'echek,U00558,G00463,hard,0.7494872212409973,0.6538724899291992,0.0956147313117981,3
U01374,G01199,aquí viene.,asek uk'apilelli,nana uk'lli,U00076,G00190,medium,0.7494872212409973,0.5968349575996399,0.15265226364135742,5
U00339,G00272,estoy quebrado.,nupek'pi ñapalek,ñapalek sakeksu',U01461,G01279,hard,0.7569145560264587,0.7043853998184204,0.05252915620803833,35
U00339,G00272,estoy quebrado.,nupek'pi ñapalek,makek saka'tapi'nek,U01775,G01574,medium,0.7569145560264587,0.5962170362472534,0.16069751977920532,41
U01774,G01573,estoy parado.,wanerapalek,mallia'palek,U01060,G00919,hard,0.7657666802406311,0.6932950615882874,0.07247161865234375,4
U01774,G01573,estoy parado.,wanerapalek,nanpi'palek'i'la,U02056,G01839,medium,0.7657666802406311,0.6151077151298523,0.1506589651107788,13
U02123,G01903,es falso.,tumu' nuka'a,mui'su' nuka'a,U01550,G01362,hard,0.7230619192123413,0.639858603477478,0.08320331573486328,4
U02123,G01903,es falso.,tumu' nuka'a,sakeknansu' nuka'a,U01484,G01302,medium,0.7230619192123413,0.5644603371620178,0.1586015820503235,11
U00541,G00447,me acuerdo.,lli'inutapalek,luwer'chapalek,U00529,G00438,hard,0.6767359375953674,0.5894749164581299,0.08726102113723755,7
U00541,G00447,me acuerdo.,lli'inutapalek,lachek'apalek,U00177,G00135,medium,0.6767359375953674,0.5233660340309143,0.15336990356445312,18
U02773,G02548,¿por qué nos hicieron esto?,¿ma'kin nu'tullinerkenmu'wa' chi,iñerdaper ¿ma'ki'nta' nu'tullinerkenmu'wa' ten?,U02771,G02546,hard,0.7040842175483704,0.6386222243309021,0.06546199321746826,2
U02773,G02548,¿por qué nos hicieron esto?,¿ma'kin nu'tullinerkenmu'wa' chi,¿ma'ki'na kenmama' u'lama'? itullinerkudek.,U02794,G02569,medium,0.7040842175483704,0.5481567978858948,0.15592741966247559,7
U03150,G02925,"nosotros somos gente de cerro, nosotros no somos de aquí.","kenmu'wa' mutupi muda', kenmu'wa' ñi asu'lupa'dei'npu'.","ñi anaki'nterwa', ñi tekkwi'nterwa'.",U02853,G02628,hard,0.6655948162078857,0.6003004312515259,0.06529438495635986,2
U03150,G02925,"nosotros somos gente de cerro, nosotros no somos de aquí.","kenmu'wa' mutupi muda', kenmu'wa' ñi asu'lupa'dei'npu'.",insilan nuka'kawa',U00948,G00816,medium,0.6655948162078857,0.505891740322113,0.1597030758857727,5
U03119,G02894,en la escuela primaria y secundaria soló hablan puro castellano.,asu' a'lektupideklusek ñinchitupideklusek nana kaschillasa' luñina'.,napi' wilashakuñamu asu' shiwilu la'la' mushasu' lunek.,U02399,G02174,hard,0.562110185623169,0.44395458698272705,0.1181555986404419,2
U03119,G02894,en la escuela primaria y secundaria soló hablan puro castellano.,asu' a'lektupideklusek ñinchitupideklusek nana kaschillasa' luñina'.,enta' wintununterkenma' u'ñishata'la nana ishpaña la'la' lunlusi'mi'na' pipekpi wekllina' muyunpeklan asu' shiwiluk.,U03125,G02900,medium,0.562110185623169,0.41117924451828003,0.15093094110488892,4
U02621,G02396,¿por qué este hermano vive solo?,¿ma'pu'a'su' asu' yalli' i'na nanashasa' nanpipalli?,¿ma'ki'nta' asu' muyunpa inchilala ekketchullina'?,U03114,G02889,medium,0.6576866507530212,0.48940199613571167,0.16828465461730957,2
U01753,G01555,estaba soñando.,wa'latapawinek,ellia'pawinek,U01755,G01557,hard,0.7096970677375793,0.6346636414527893,0.07503342628479004,2
U01753,G01555,estaba soñando.,wa'latapawinek,yapanwilek'tuwinek,U02031,G01815,medium,0.7096970677375793,0.5594229698181152,0.1502740979194641,7
U02106,G01887,esperemos aquí.,watendawa' asek,adipi ka'awa',U01502,G01318,hard,0.6360979080200195,0.5855671763420105,0.05053073167800903,13
U02106,G01887,esperemos aquí.,watendawa' asek,llia'ker' nanek,U00630,G00525,medium,0.6360979080200195,0.48385488986968994,0.1522430181503296,27
U02404,G02179,en mi jeberos a mis hijos he criado cuando su padre vivía.,shiwiluwekkek wilaweklusa' teksusudeklek papina' nanpipasik.,a'pinta' luwektapa'nkusui'na ku'aperwawa suda'su'.,U02272,G02047,hard,0.7538025975227356,0.6380476355552673,0.11575496196746826,2
U02404,G02179,en mi jeberos a mis hijos he criado cuando su padre vivía.,shiwiluwekkek wilaweklusa' teksusudeklek papina' nanpipasik.,teksusupa'nku tatanenna' chiminlapillun.,U02267,G02042,medium,0.7538025975227356,0.5883173942565918,0.1654852032661438,4
U01300,G01131,son inteligentes.,iñer' ñinchitulusa' nuker'ka,latek'inpu'pilusa' nuker'ka,U01924,G01715,hard,0.7397267818450928,0.6861825585365295,0.05354422330856323,4
U01300,G01131,son inteligentes.,iñer' ñinchitulusa' nuker'ka,kaikualusa' nuker'ka,U02148,G01928,medium,0.7397267818450928,0.5747133493423462,0.16501343250274658,6
U02856,G02631,"después, los que van de nuevo (el segundo grupo) ellos sí van a matar a las fieras.","naneklan, pa'nunta'lusa' nawa' a'ka di'tetchuna' nana anaka'.",nawa'ler a'ka di'tetchuna' nana anaka'.,U02916,G02691,hard,0.6374002695083618,0.5718057751655579,0.06559449434280396,3
U02856,G02631,"después, los que van de nuevo (el segundo grupo) ellos sí van a matar a las fieras.","naneklan, pa'nunta'lusa' nawa' a'ka di'tetchuna' nana anaka'.",nawa'sa' nanpichuna'.,U02733,G02508,medium,0.6374002695083618,0.4667401611804962,0.1706601083278656,6
U00282,G00227,respóndanme.,na'piu'ku,pinaner'u,U00304,G00243,hard,0.7400239706039429,0.6792775988578796,0.06074637174606323,4
U00282,G00227,respóndanme.,na'piu'ku,a'uktuwu,U01518,G01333,medium,0.7400239706039429,0.5896288752555847,0.15039509534835815,10
U00563,G00467,susto.,imanan,latek'iñen,U00521,G00432,hard,0.5966827869415283,0.5424723029136658,0.05421048402786255,10
U00563,G00467,susto.,imanan,a'yiulliu,U01388,G01213,medium,0.5966827869415283,0.4441738426685333,0.152508944272995,24
U00766,G00644,estoy jodiendo.,a'perchapalek,a'shupalek,U01389,G01214,hard,0.7538182139396667,0.6705896854400635,0.08322852849960327,3
U00766,G00644,estoy jodiendo.,a'perchapalek,adencha'lek,U00187,G01794,medium,0.7538182139396667,0.6033207774162292,0.1504974365234375,13
U01805,G01602,es idéntico.,nanapu'su' nuka'a,tumu'tek' nuka'a,U02077,G01860,hard,0.6082126498222351,0.5552591681480408,0.052953481674194336,5
U01805,G01602,es idéntico.,nanapu'su' nuka'a,pipersu' nuka'a,U00229,G00179,medium,0.6082126498222351,0.457864910364151,0.1503477394580841,20
U00116,G01060,tom corrió.,tom teka'lli,tomas dek'lli,U00437,G00354,hard,0.8390347361564636,0.7829450368881226,0.056089699268341064,5
U00116,G01060,tom corrió.,tom teka'lli,tom yamerladalli,U00666,G00556,medium,0.8390347361564636,0.6878184676170349,0.1512162685394287,17
U01220,G01060,tom huyó.,tom teka'lli,tomas ekpa'lli,U00432,G00349,hard,0.7485083341598511,0.6714450120925903,0.07706332206726074,24
U01220,G01060,tom huyó.,tom teka'lli,tom katu'pa'tulli,U00658,G00548,medium,0.7485083341598511,0.5946636199951172,0.1538447141647339,34
U00048,G00038,pruébalo. (saborear),lata'ker,lek'ker',U00135,G00097,hard,0.7358694672584534,0.6813942193984985,0.054475247859954834,5
U00048,G00038,pruébalo. (saborear),lata'ker,sekdiperker',U00100,G00069,medium,0.7358694672584534,0.5819477438926697,0.1539217233657837,16
U03036,G02811,"desde entonces, ahora todos uno y otro lugar nos vamos a conocer.","nanekla, ipa'li'na iñer inapu'su' pa'akwa' luwetllekwa'.",ipa'la walek kuda laukta'kudeksu' ñinchitapallidek.,U02802,G02577,hard,0.7040216326713562,0.6291003227233887,0.07492130994796753,2
U03036,G02811,"desde entonces, ahora todos uno y otro lugar nos vamos a conocer.","nanekla, ipa'li'na iñer inapu'su' pa'akwa' luwetllekwa'.",nanekla'nka lawektapamudek kudanta' ipa'la walek lli'inutapallidek nana lunka'su'.,U02577,G02352,medium,0.7040216326713562,0.5509926676750183,0.1530289649963379,8
U02787,G02562,"nadie más tiene la culpa,","ñiden usha'wi'ñi ma'kinpa',","ñimi'na luwetchi'ñina' iker'adu,",U02632,G02407,hard,0.8530570268630981,0.7041445374488831,0.1489124894142151,2
U02787,G02562,"nadie más tiene la culpa,","ñiden usha'wi'ñi ma'kinpa',","ñi yalui'ñina',",U02328,G02103,medium,0.8530570268630981,0.6960723996162415,0.1569846272468567,4
U01478,G01296,no servirá.,ku'la pa'chinchu,ku'la nakui'nchu,U00231,G00181,hard,0.704993486404419,0.6317710876464844,0.07322239875793457,4
U01478,G01296,no servirá.,ku'la pa'chinchu,ku'la iker'i'ñi,U02066,G01849,medium,0.704993486404419,0.5482832193374634,0.15671026706695557,8
U00494,G00623,no grites.,yalamapu'ta,yalunta',U00490,G00403,hard,0.8404414057731628,0.7664476633071899,0.0739937424659729,3
U00494,G00623,no grites.,yalamapu'ta,yawellektama',U00298,G00237,medium,0.8404414057731628,0.6466323137283325,0.19380909204483032,5
U00743,G00623,no chilles.,yalamapu'ta,ku'la iker'i'ñi,U02066,G01849,hard,0.6188007593154907,0.5641440153121948,0.0546567440032959,11
U00743,G00623,no chilles.,yalamapu'ta,nantapi'na,U00981,G00845,medium,0.6188007593154907,0.4680733382701874,0.15072742104530334,26
U01526,G01340,habla bajito.,ta'tula'shasu' lunker',ma'pu'sin tuker',U00403,G00327,hard,0.6267138123512268,0.5493719577789307,0.07734185457229614,3
U01526,G01340,habla bajito.,ta'tula'shasu' lunker',tantenñi tuluker'ak,U02243,G02018,medium,0.6267138123512268,0.47608470916748047,0.15062910318374634,6
U01527,G01340,habla calladito.,ta'tula'shasu' lunker',lunker' lachek'ak,U01524,G01338,hard,0.6745511293411255,0.5699408054351807,0.10461032390594482,3
U01527,G01340,habla calladito.,ta'tula'shasu' lunker',lauk'la tuna'ker',U00508,G00420,medium,0.6745511293411255,0.5116927027702332,0.16285842657089233,6
U03142,G02917,"¿acaso desde antes, pues, ellos han venido a trabajar?",¿napi'lanlek a'ta' na'wa' saka'tukellina'?.,¿ma'ki'nta' asu' muyunpa inchilala ekketchullina'?,U03114,G02889,hard,0.6725788712501526,0.5513361096382141,0.12124276161193848,2
U03142,G02917,"¿acaso desde antes, pues, ellos han venido a trabajar?",¿napi'lanlek a'ta' na'wa' saka'tukellina'?.,¿añapawinancha' ma'nen'un'ta' nuta'mak?,U01594,G01405,medium,0.6725788712501526,0.5004958510398865,0.1720830202102661,3
U01906,G01700,¿dónde estabas?,¿enñupa' ñapawina?,¿kenmasa' ñapawina?,U01899,G01693,hard,0.745697021484375,0.6789607405662537,0.06673628091812134,3
U01906,G01700,¿dónde estabas?,¿enñupa' ñapawina?,¿enñupa'cha ñapalama'?,U01603,G01414,medium,0.745697021484375,0.5784010291099548,0.16729599237442017,6
U00274,G00220,¿quién vino?,¿den uk'lli?,¿den tenmian'su'lli?,U01262,G01098,hard,0.8384680151939392,0.776881754398346,0.06158626079559326,3
U00274,G00220,¿quién vino?,¿den uk'lli?,¿den lauk'tulli?,U01259,G01095,medium,0.8384680151939392,0.6089149713516235,0.22955304384231567,15
U00446,G00362,fallamos.,aper'llidek,uki'lallidek,U01564,G01375,hard,0.7886199355125427,0.7335934042930603,0.05502653121948242,3
U00446,G00362,fallamos.,aper'llidek,a'ta'wantullidek,U00697,G00584,medium,0.7886199355125427,0.624211847782135,0.16440808773040771,12
U02218,G01995,¿eres real?,¿tekinchi nuka'ma?,¿kaser'llincha?,U01469,G01287,hard,0.6741366982460022,0.6227935552597046,0.05134314298629761,11
U02218,G01995,¿eres real?,¿tekinchi nuka'ma?,¿denlusa'cha?,U01257,G01093,medium,0.6741366982460022,0.5211940407752991,0.15294265747070312,29
U02664,G02439,"así dice cuando estaba transcurriendo, una vez el gobernante le hizo llamar.","nu'sui'ma pa'apan, ala'lu'sa' wa'anler a'peklu'tulli.",itudek'an ima a'da'dekan ima itudeklli.,U03062,G02837,hard,0.6413398385047913,0.5585146546363831,0.0828251838684082,2
U02664,G02439,"así dice cuando estaba transcurriendo, una vez el gobernante le hizo llamar.","nu'sui'ma pa'apan, ala'lu'sa' wa'anler a'peklu'tulli.","dudinpu' ñiwiñi nanek, ta'ser lauktulek.",U03046,G02821,medium,0.6413398385047913,0.4823820888996124,0.15895774960517883,7
U00141,G00102,estate quieto.,yalenmekta',ku'la u'wa'ta'pi'ñi,U02241,G02016,hard,0.6419098377227783,0.5195968151092529,0.12231302261352539,2
U00141,G00102,estate quieto.,yalenmekta',lun'aper'i'la,U01139,G00992,medium,0.6419098377227783,0.4823189973831177,0.15959084033966064,4
U02904,G02679,"golpea, abre la puerta, toca una y otra cosa en la cocina.","llipu'lli, unkunan ekketchulli, pata'tulli kusinek.","ukluka'sik, ali'lak kupin uktak pekdu'a'kasu' upellek.",U02364,G02139,hard,0.6279892921447754,0.5517803430557251,0.07620894908905029,3
U02904,G02679,"golpea, abre la puerta, toca una y otra cosa en la cocina.","llipu'lli, unkunan ekketchulli, pata'tulli kusinek.","mapapa', damer'ita, puka' yunchinkelli.",U02649,G02424,medium,0.6279892921447754,0.4765368103981018,0.15145248174667358,6
U02324,G02099,no.,ma'sha.,pa'a,U00236,G00186,hard,0.43401405215263367,0.3636886179447174,0.07032543420791626,3
U02324,G02099,no.,ma'sha.,¿mulli'ncha'?,U00678,G00568,medium,0.43401405215263367,0.28300273418426514,0.15101131796836853,36
U02331,G02106,"los que sabemos hablar nos estamos extinguiendo,","ñinchilu'nkudeksu' taker'apilallidek,","nana wintupatekwa' nana tetchu,",U02868,G02643,hard,0.7910072803497314,0.7146759629249573,0.07633131742477417,2
U02331,G02106,"los que sabemos hablar nos estamos extinguiendo,","ñinchilu'nkudeksu' taker'apilallidek,","enchuku' nermuda' luwetchawa' kenmu'wa'nta',",U02835,G02610,medium,0.7910072803497314,0.6252919435501099,0.16571533679962158,6
U00838,G00714,yo invito.,kua peklu'tulek,kua a'nadalek,U01398,G01222,hard,0.632885217666626,0.5379937887191772,0.09489142894744873,3
U00838,G00714,yo invito.,kua peklu'tulek,kua katu'patulek,U01395,G01219,medium,0.632885217666626,0.4794953167438507,0.15338990092277527,6
U02328,G02103,"no les importa,","ñi yalui'ñina',","nadi'neklusa',",U02320,G02095,hard,0.7275279760360718,0.6132894158363342,0.11423856019973755,3
U02328,G02103,"no les importa,","ñi yalui'ñina',","ñiden usha'wi'ñi ma'kinpa',",U02787,G02562,medium,0.7275279760360718,0.5733429193496704,0.15418505668640137,6
U00223,G00175,es tom.,tom nuka'a,nuka'ku tom,U00091,G00063,hard,0.8076297640800476,0.6623179316520691,0.14531183242797852,2
U00223,G00175,es tom.,tom nuka'a,tom uwapalli,U00653,G00544,medium,0.8076297640800476,0.5482574105262756,0.259372353553772,3
U00827,G00703,estoy descansando.,neriapalek,weranpi'nek,U00817,G00693,hard,0.7681313753128052,0.650587260723114,0.11754411458969116,6
U00827,G00703,estoy descansando.,neriapalek,a'perchapalek,U00766,G00644,medium,0.7681313753128052,0.6104058623313904,0.1577255129814148,7
U00547,G00453,eso creo.,nanalatekapalek,asu' luwantulek,U00798,G00675,medium,0.6914528608322144,0.49954691529273987,0.1919059455394745,2
U01015,G00877,sal fuera.,yunsuer' adipi,adipi wantenter',U01230,G01069,hard,0.6671371459960938,0.5578418970108032,0.10929524898529053,2
U01015,G00877,sal fuera.,yunsuer' adipi,wenller' dasu'la,U00476,G00391,medium,0.6671371459960938,0.5147000551223755,0.15243709087371826,4
U02090,G01872,déjame arreglarlo.,ta'itula'u tekdiperechek,taitula'u katu'pe'chen,U00849,G00725,hard,0.7517338395118713,0.6838676333427429,0.06786620616912842,3
U02090,G01872,déjame arreglarlo.,ta'itula'u tekdiperechek,ta'itula'u lauk'echek,U01820,G01616,medium,0.7517338395118713,0.6010707020759583,0.15066313743591309,13
U02728,G02503,arakáyu llamó al hombre candela y le dijo,arakayuler tanpen peklu'n itulli,arakayu ima lanla' akun yunsu'lli.,U02819,G02594,hard,0.7255963683128357,0.6536299586296082,0.07196640968322754,4
U02728,G02503,arakáyu llamó al hombre candela y le dijo,arakayuler tanpen peklu'n itulli,"arakayu yunsui'npu'a'su' ñilli,",U02765,G02540,medium,0.7255963683128357,0.5746333599090576,0.15096300840377808,9
U03206,G02981,así era antes.,nu'su' ñiwiñi napi'.,nu'sui'ma napi' nakulli.,U02559,G02334,hard,0.6457777619361877,0.5922505855560303,0.05352717638015747,2
U03206,G02981,así era antes.,nu'su' ñiwiñi napi'.,nana tuwiñi nu'techu,U01277,G01111,medium,0.6457777619361877,0.49188557267189026,0.15389218926429749,10
U02031,G01815,quise pagar.,yapanwilek'tuwinek,nana luwantulek,U00797,G00674,hard,0.6301679015159607,0.5579313635826111,0.07223653793334961,4
U02031,G01815,quise pagar.,yapanwilek'tuwinek,luwantulek asu',U00791,G00668,medium,0.6301679015159607,0.4784642457962036,0.15170365571975708,16
U00077,G01775,él renunció.,nana yunsu'lli,a'aper'lli,U00358,G00289,hard,0.7166128158569336,0.6582077741622925,0.05840504169464111,9
U00077,G01775,él renunció.,nana yunsu'lli,saka'tulli,U00361,G00292,medium,0.7166128158569336,0.5655998587608337,0.15101295709609985,27
U01173,G01775,ella salió.,nana yunsu'lli,tenmiansu'lli,U01121,G00975,hard,0.7361781597137451,0.6854210495948792,0.05075711011886597,6
U01173,G01775,ella salió.,nana yunsu'lli,analli,U00360,G00291,medium,0.7361781597137451,0.5783541798591614,0.15782397985458374,26
U01989,G01775,él salió.,nana yunsu'lli,nupek'tulli,U01471,G01289,hard,0.7272059321403503,0.6753296852111816,0.0518762469291687,9
U01989,G01775,él salió.,nana yunsu'lli,apinta'a'tekalli,U01694,G01497,medium,0.7272059321403503,0.5770100355148315,0.1501958966255188,30
U00645,G00538,éste es.,asu' nuka'a,nalu' nuka'a,U00226,G00178,hard,0.8258782029151917,0.7633255124092102,0.06255269050598145,3
U00645,G00538,éste es.,asu' nuka'a,nana nakulli,U00837,G00713,medium,0.8258782029151917,0.6533445119857788,0.17253369092941284,6
U02260,G02035,mi padre con su mujer nomás vivían bien.,ku'apenñenleksa' musu' nanpillina' tatawek.,ali'la ku'apellek nanpillina' musu'.,U02257,G02032,hard,0.6351650357246399,0.5435782670974731,0.09158676862716675,3
U02260,G02035,mi padre con su mujer nomás vivían bien.,ku'apenñenleksa' musu' nanpillina' tatawek.,papinalek teksusudeklek.,U02437,G02212,medium,0.6351650357246399,0.47403955459594727,0.16112548112869263,5
U01421,G01241,quiero morir.,yachiminek,ilulek,U01727,G01529,hard,0.5961399674415588,0.5308207273483276,0.0653192400932312,7
U01421,G01241,quiero morir.,yachiminek,chimin'ina'ka,U01760,G01562,medium,0.5961399674415588,0.44351598620414734,0.1526239812374115,25
U02196,G01975,anota eso.,llinser'ker' nana,llinser'ker' asu',U02199,G01976,hard,0.7413632869720459,0.6727827191352844,0.06858056783676147,6
U02196,G01975,anota eso.,llinser'ker' nana,sek'diperku' asu',U00375,G00306,medium,0.7413632869720459,0.588073194026947,0.15329009294509888,18
U00222,G00174,funciona.,saka'tulli.,tekineklli,U00371,G00302,medium,0.7319089770317078,0.5680907964706421,0.16381818056106567,3
U01509,G01324,abrámoslo.,ek'ker'chawa',nu'tulek'wa',U00687,G00575,hard,0.7405086159706116,0.6763592958450317,0.06414932012557983,2
U01509,G01324,abrámoslo.,ek'ker'chawa',dek'awa',U00609,G00505,medium,0.7405086159706116,0.587430477142334,0.1530781388282776,8
U02214,G01991,eres nervioso.,tekua'tek nuka'ma,yaku'aper'wana,U01925,G01716,hard,0.6267949938774109,0.5757070183753967,0.05108797550201416,7
U02214,G01991,eres nervioso.,tekua'tek nuka'ma,weipensu' ñapala,U01296,G01127,medium,0.6267949938774109,0.46532681584358215,0.16146817803382874,22
U03060,G02835,"señores, ¡vengan y pasen a beber!","yuyu'lusa', ¡da'kerku' u'ku!","- ¡nu'ku' nu'pachi kenmama', pur'unta'ku'!",U02741,G02516,hard,0.6222829818725586,0.5571728348731995,0.06511014699935913,3
U03060,G02835,"señores, ¡vengan y pasen a beber!","yuyu'lusa', ¡da'kerku' u'ku!","¡nantapiku'la', nasu'ku', wilalusa'! itudekllima.",U02946,G02721,medium,0.6222829818725586,0.47018948197364807,0.15209349989891052,8
U01665,G01472,"vamos, háganlo.","pa'awa, nu'tuku'",pa'awa',U00857,G00733,medium,0.8057425618171692,0.5441672205924988,0.2615753412246704,3
U01704,G01507,está deprimido.,we'inutapalli,sanek'apalli,U00363,G00294,hard,0.7909872531890869,0.7399736642837524,0.05101358890533447,3
U01704,G01507,está deprimido.,we'inutapalli,ñapalli napi'da',U01488,G01306,medium,0.7909872531890869,0.6392266154289246,0.15176063776016235,6
U03151,G02926,"nuestros abuelos finados dijeron que los que aborrecían, los que nos aborrecían, diciendo se fueron.","papinkumapu'wa'ku' tanni'ma nana luyurka'su', luyullinerkenmu'wa', tanni'ma pa'llina'.","wilalunlusa'nta kuten'anna', kekkilu'tek lli'anna', tandulalusa' lli'anna', willekllina'.",U02564,G02339,hard,0.6495601534843445,0.5135862827301025,0.13597387075424194,2
U03151,G02926,"nuestros abuelos finados dijeron que los que aborrecían, los que nos aborrecían, diciendo se fueron.","papinkumapu'wa'ku' tanni'ma nana luyurka'su', luyullinerkenmu'wa', tanni'ma pa'llina'.","ta'ser lauktulek papinkuku'lusa', amiku'lusa' luñina'.",U02812,G02587,medium,0.6495601534843445,0.4975228011608124,0.1520373523235321,4
U03127,G02902,el palo de yuca es bueno para trabajar.,asek ima u'chimu saka'takawek ketñala.,saka'tapalli musu',U01479,G01297,hard,0.5156009197235107,0.4424651861190796,0.07313573360443115,2
U03127,G02902,el palo de yuca es bueno para trabajar.,asek ima u'chimu saka'takawek ketñala.,tullima lansi' wa'dan uker'apan.,U02953,G02728,medium,0.5156009197235107,0.34124618768692017,0.17435473203659058,5
U03037,G02812,lo que han anunciado los abuelos ya finados algún día ustedes con sus madres ya no van a estar caminando.,ter'kasu'pi'la papinkuku'lusa' enpi' uklli kenmama' awapenma'lek pa'api'nchuma'.,"enchuku', inlli'inuku'la' yalli'lusa' enpu'ninchi yawichi'tama' nanpiladaku'.",U02863,G02638,hard,0.6430104374885559,0.49697670340538025,0.14603373408317566,2
U03037,G02812,lo que han anunciado los abuelos ya finados algún día ustedes con sus madres ya no van a estar caminando.,ter'kasu'pi'la papinkuku'lusa' enpi' uklli kenmama' awapenma'lek pa'api'nchuma'.,nanpincha'a'ser nawa' nanpiladaperkek walek ali'la musun'unta' wichi'chu'.,U02865,G02640,medium,0.6430104374885559,0.488864004611969,0.15414643287658691,3
U01598,G01409,¡qué alivio!,¡enpu'ni mui'pa!,!embu'ni uchutek'ipa'!,U00954,G00821,hard,0.6505644917488098,0.5990111827850342,0.051553308963775635,8
U01598,G01409,¡qué alivio!,¡enpu'ni mui'pa!,¡embu'ni luwer'chi'ñi!,U00955,G00822,medium,0.6505644917488098,0.4991591274738312,0.15140536427497864,26
U01705,G01508,aquí vienen.,asek uk'apilellina',asek ñapallina',U01536,G01348,hard,0.7548931837081909,0.6163427829742432,0.13855040073394775,2
U01705,G01508,aquí vienen.,asek uk'apilellina',mapu'sina asek',U00522,G00433,medium,0.7548931837081909,0.5791157484054565,0.17577743530273438,5
U01544,G01356,están solos.,nawa'sa' ñapallina',saka'tusu' ñapallina',U01548,G01360,hard,0.6729653477668762,0.6167174577713013,0.05624788999557495,10
U01544,G01356,están solos.,nawa'sa' ñapallina',nawa'sa' nanpichuna'.,U02733,G02508,medium,0.6729653477668762,0.5091197490692139,0.16384559869766235,16
U00846,G00722,está nublado.,pulunker' wanta'palli,sapusu' ñapalli,U00503,G00415,hard,0.6359084844589233,0.5702486634254456,0.06565982103347778,8
U00846,G00722,está nublado.,pulunker' wanta'palli,sawadu' nuka'a,U01791,G01590,medium,0.6359084844589233,0.47302696108818054,0.1628815233707428,21
U01039,G00900,¡feliz pascua!,¡musu' paskua'!,musu' paskua',U01038,G00899,medium,0.863770604133606,0.6697819232940674,0.19398868083953857,2
U02428,G02203,uno a uno van llegando.....,"ali'la uncha'lli, ali'la uncha'lli....",mapapa' yunsu'lli.....,U02750,G02525,hard,0.5884666442871094,0.5024088621139526,0.08605778217315674,2
U02428,G02203,uno a uno van llegando.....,"ali'la uncha'lli, ali'la uncha'lli....","ker' uka'nna' kala'tullina',",U02464,G02239,medium,0.5884666442871094,0.42315518856048584,0.16531145572662354,5
U00307,G00248,agarra esto.,pilliter' asu',tenmian'suer' asu',U00624,G00519,hard,0.8119502663612366,0.7283977270126343,0.0835525393486023,7
U00307,G00248,agarra esto.,pilliter' asu',llinser'ker' nana,U02196,G01975,medium,0.8119502663612366,0.660671055316925,0.15127921104431152,18
U00311,G00248,sostén esto.,pilliter' asu',lataker' asu',U00919,G00789,hard,0.6992411017417908,0.6480458378791809,0.05119526386260986,23
U00311,G00248,sostén esto.,pilliter' asu',llia'ker nanek,U01920,G01711,medium,0.6992411017417908,0.5398110747337341,0.15943002700805664,34
U01236,G01075,estábamos listos.,insek'diperpi ñapawiñidek,ape'chuwiñiner'kudek,U01567,G01378,hard,0.8081658482551575,0.7054332494735718,0.1027325987815857,2
U01236,G01075,estábamos listos.,insek'diperpi ñapawiñidek,ekuanñiwiñidek,U02174,G01954,medium,0.8081658482551575,0.5887669920921326,0.2193988561630249,7
U02105,G01886,paremos aquí.,wanerawa' asek,kencher' asek,U01325,G01154,hard,0.7911405563354492,0.7335275411605835,0.05761301517486572,6
U02105,G01886,paremos aquí.,wanerawa' asek,asek ñapallidek,U00928,G00797,medium,0.7911405563354492,0.640265166759491,0.15087538957595825,14
U00219,G00171,gané.,kana'tulek,kananek,U01416,G01236,hard,0.6673271059989929,0.5935570597648621,0.07377004623413086,2
U00219,G00171,gané.,kana'tulek,anu'lek,U00028,G00023,medium,0.6673271059989929,0.5140542387962341,0.1532728672027588,9
U03053,G02828,"hasta aquí nomás les voy a contar sobre moyobamba. jeberos, julio 2007",nanek waleksa' winterkenma' asu' muyunpaki.,nanekpi'la a'kasetllek asukallek.,U02353,G02128,hard,0.544930100440979,0.48246029019355774,0.062469810247421265,2
U03053,G02828,"hasta aquí nomás les voy a contar sobre moyobamba. jeberos, julio 2007",nanek waleksa' winterkenma' asu' muyunpaki.,asek kua patun a'ñinekta'la.,U02503,G02278,medium,0.544930100440979,0.3920237421989441,0.1529063582420349,7
U02872,G02647,en esa bajada vieron humo.,nana sakanlupi'mi'na lli'llina' pen mukatapa'su'.,nana nu'apasik ima di'serpidektullina'.,U02686,G02461,hard,0.64620041847229,0.5691009759902954,0.07709944248199463,2
U02872,G02647,en esa bajada vieron humo.,nana sakanlupi'mi'na lli'llina' pen mukatapa'su'.,nanek ima imanankankantullina'.,U02609,G02384,medium,0.64620041847229,0.4957570433616638,0.15044337511062622,13
U00699,G00585,estamos perdidos.,wer'su' ñapallidek,wer'apallidek,U01255,G01091,hard,0.8499724268913269,0.7973152995109558,0.052657127380371094,2
U00699,G00585,estamos perdidos.,wer'su' ñapallidek,inapi ñapallidek,U02178,G01958,medium,0.8499724268913269,0.6997555494308472,0.15021687746047974,13
U00087,G00060,me voy a dormir,wichin'dek'chek,wichi'lek,U00085,G01223,hard,0.7306710481643677,0.6143499612808228,0.11632108688354492,4
U00087,G00060,me voy a dormir,wichin'dek'chek,a'perchapalek,U00766,G00644,medium,0.7306710481643677,0.5571663975715637,0.17350465059280396,6
U00103,G00072,¡perfecto!,¡mupalli!,¡muek'kilala!,U01690,G01494,hard,0.6968562006950378,0.6272013187408447,0.06965488195419312,5
U00103,G00072,¡perfecto!,¡mupalli!,¡katu'lada!,U01614,G01425,medium,0.6968562006950378,0.5374067425727844,0.15944945812225342,8
U02707,G02482,todos los peces se llevó.,iñer samer ekpanta'lli.,sapana'lusa'sa' pekpillina'.,U02704,G02479,hard,0.7235169410705566,0.6138515472412109,0.1096653938293457,3
U02707,G02482,todos los peces se llevó.,iñer samer ekpanta'lli.,kankanen ukunpala'lli.,U02884,G02659,medium,0.7235169410705566,0.5647772550582886,0.15873968601226807,7
U00261,G00208,tom lloró.,tom welliek'lli,tom lamapu'lli,U00673,G00563,hard,0.8429260849952698,0.7859511375427246,0.056974947452545166,2
U00261,G00208,tom lloró.,tom welliek'lli,tom lauki'lli,U00672,G00562,medium,0.8429260849952698,0.6919748783111572,0.15095120668411255,8
U02860,G02635,tal vez algunos de nosotros vamos a conocer moyobamba.,nu'unta'nmu'wa' ipa' muyunpa luwetchaterwa'.,nanadaper a'ka di'tupatekwa' musu' pa'aterwa'.,U02852,G02627,hard,0.500723659992218,0.45037221908569336,0.05035144090652466,5
U02860,G02635,tal vez algunos de nosotros vamos a conocer moyobamba.,nu'unta'nmu'wa' ipa' muyunpa luwetchaterwa'.,"nu'akkui'na kenmu'wa' ipa'la tapalekwa' ali'la muda'nti'pa' nanpipalli,",U02837,G02612,medium,0.500723659992218,0.3499148190021515,0.15080884099006653,28
U01494,G01311,déjame terminar.,ta'itula'u ata'wantak,ta'itula'u pa'ak,U01144,G00997,hard,0.8367926478385925,0.7734090089797974,0.06338363885879517,6
U01494,G01311,déjame terminar.,ta'itula'u ata'wantak,ta'ituler' pa'i,U01143,G00996,medium,0.8367926478385925,0.6834552884101868,0.15333735942840576,17
U02925,G02700,le pidieron su candela (al duende) y se dieron cuenta de que sus intestinos estaban colgados.,"pennen alañina', lli'llina' dullinen ukunpalalli.",nana sakanlupi'mi'na lli'llina' pen mukatapa'su'.,U02872,G02647,hard,0.6486266255378723,0.5928452014923096,0.055781424045562744,3
U02925,G02700,le pidieron su candela (al duende) y se dieron cuenta de que sus intestinos estaban colgados.,"pennen alañina', lli'llina' dullinen ukunpalalli.",lli'llini'mi'na lanteknen pi'sheksu' ali'la piteknenunta' merpinen.,U02676,G02451,medium,0.6486266255378723,0.49427852034568787,0.15434810519218445,10
U01607,G01418,¿vendrá ella?,¿wenche'chu nana?,¿nana wenche'chu?,U01606,G01417,hard,0.5890980362892151,0.5365577340126038,0.05254030227661133,2
U01607,G01418,¿vendrá ella?,¿wenche'chu nana?,¿neriapalli?,U02063,G01846,medium,0.5890980362892151,0.43818777799606323,0.15091025829315186,26
U01060,G00919,estoy rezando.,mallia'palek,llinserchapalek,U01110,G00967,hard,0.7516933679580688,0.6725838780403137,0.07910948991775513,5
U01060,G00919,estoy rezando.,mallia'palek,saka'tapalek,U00034,G00029,medium,0.7516933679580688,0.5603669285774231,0.19132643938064575,10
U01465,G01283,¿es doloroso?,¿ikerli?,¿neriapalli?,U02063,G01846,hard,0.5874411463737488,0.5374374985694885,0.050003647804260254,12
U01465,G01283,¿es doloroso?,¿ikerli?,¿musu'ñapawiñi?,U00927,G00796,medium,0.5874411463737488,0.4336805045604706,0.1537606418132782,36
U00146,G00106,espósale.,tenpu'ker',pinaner'ker',U00350,G00281,hard,0.6136663556098938,0.5546035766601562,0.05906277894973755,28
U02250,G02025,me engripé.,ilu enka'lliu,iluwinek,U02001,G01787,hard,0.7497401833534241,0.6688741445541382,0.08086603879928589,4
U02250,G02025,me engripé.,ilu enka'lliu,a'yiulliu,U01388,G01213,medium,0.7497401833534241,0.5974181890487671,0.15232199430465698,12
U00513,G00424,lo admito.,yan'katektulek,tumu'tulundek,U01914,G01980,hard,0.5283441543579102,0.47554564476013184,0.05279850959777832,29
U01408,G01229,he pecado.,aper'lek,a'wer'lek,U00349,G00280,hard,0.6517438292503357,0.600979208946228,0.050764620304107666,10
U01408,G01229,he pecado.,aper'lek,a'ta'wantulek,U00193,G00148,medium,0.6517438292503357,0.4937921166419983,0.1579517126083374,27
U00752,G00631,¿ha venido?,¿ukllin'cha?,¿ikerlli?,U01028,G00889,hard,0.8244345188140869,0.713525116443634,0.11090940237045288,2
U00752,G00631,¿ha venido?,¿ukllin'cha?,¿ekpa'ak?,U00832,G00708,medium,0.8244345188140869,0.6707037687301636,0.15373075008392334,6
U01293,G01124,estás borracha.,lupersu' ñapala,tasellun ñapala,U00713,G00599,hard,0.7828702926635742,0.7297160029411316,0.05315428972244263,7
U01293,G01124,estás borracha.,lupersu' ñapala,watensu' nuka'ma,U01303,G01134,medium,0.7828702926635742,0.5899204015731812,0.19294989109039307,14
U01429,G01249,estaba desarmado.,illiapalek'inpu ñapawinek,chiminllinkekla nampilek,U00545,G00451,hard,0.7580206394195557,0.6521854996681213,0.10583513975143433,8
U01429,G01249,estaba desarmado.,illiapalek'inpu ñapawinek,ñapalek dakuta'su',U02048,G01831,medium,0.7580206394195557,0.5861958265304565,0.17182481288909912,11
U02499,G02274,después me hicieron abuela.,nanekla amitullinerku.,nu'amui'na wadeklek wilaweklusa'.,U02265,G02040,hard,0.6412774324417114,0.5195211172103882,0.12175631523132324,3
U02499,G02274,después me hicieron abuela.,nanekla amitullinerku.,iker'lalak aku'llinerku,U01779,G01578,medium,0.6412774324417114,0.4732913076877594,0.16798612475395203,5
U01075,G00934,necesito pintura.,luwantulek llinserchunan,luwantulek wayusa',U01419,G01239,hard,0.6233649253845215,0.5638663172721863,0.059498608112335205,7
U01075,G00934,necesito pintura.,luwantulek llinserchunan,- pen luwanpa'lliyen.,U02930,G02705,medium,0.6233649253845215,0.46342265605926514,0.15994226932525635,18
U02394,G02169,"a ver, pues, vamos a conversar.",enta'ten i'na lunterkenma'.,"- ¡wa'an, enchuku' pur'awa'!",U02740,G02515,hard,0.5350971817970276,0.4827873110771179,0.05230987071990967,6
U02394,G02169,"a ver, pues, vamos a conversar.",enta'ten i'na lunterkenma'.,"- ta'iter, alli'shá.",U02881,G02656,medium,0.5350971817970276,0.38469433784484863,0.15040284395217896,24
U02549,G02324,enorme se levantaba el ardor.,enpu'nipi'ma ituwetchapalli ulunta'su'.,wisunanpalli enpu'nipa' tanpennan ñapalli.,U02754,G02529,hard,0.6047686338424683,0.5247702598571777,0.07999837398529053,8
U02549,G02324,enorme se levantaba el ardor.,enpu'nipi'ma ituwetchapalli ulunta'su'.,kala ekkilala ima uketlli.,U02552,G02327,medium,0.6047686338424683,0.44442233443260193,0.16034629940986633,18
U02945,G02720,¡más miren!,!enta'n lli'ku'!,¡dakuta'ker'!,U01170,G01020,medium,0.8190814852714539,0.5808671116828918,0.238214373588562,2
U00847,G00723,es inútil. (sujeto),ma'kinpu' nuka'a,sakeknansu' nuka'a,U01484,G01302,hard,0.6705772280693054,0.6183369159698486,0.05224031209945679,6
U00847,G00723,es inútil. (sujeto),ma'kinpu' nuka'a,sawadu' nuka'a,U01791,G01590,medium,0.6705772280693054,0.5194457769393921,0.15113145112991333,19
U01471,G01289,se quebró.,nupek'tulli,tumu'lli,U00968,G00834,hard,0.6852715015411377,0.6286212205886841,0.05665028095245361,14
U01471,G01289,se quebró.,nupek'tulli,welliek'apawiñi,U01843,G01638,medium,0.6852715015411377,0.5306578278541565,0.1546136736869812,29
U01881,G01675,bebimos mucho.,nakusu' ullidek,dek'kuntapallidek' wapu',U02169,G01949,hard,0.6945371031761169,0.6264576315879822,0.06807947158813477,2
U01881,G01675,bebimos mucho.,nakusu' ullidek,lupersu' ñapawiñidek,U01577,G01388,medium,0.6945371031761169,0.5369635820388794,0.15757352113723755,6
U02163,G01943,tenemos visita.,a'ñapalekwa' da'lusa',ipa' lli'aterwa',U00451,G00367,hard,0.5013353824615479,0.4484156370162964,0.052919745445251465,29
U01348,G01175,¿me sigues?,¿tupitechunku?,¿tenmiansu'chek?,U01519,G01334,hard,0.5345332622528076,0.47328558564186096,0.061247676610946655,3
U01348,G01175,¿me sigues?,¿tupitechunku?,¿enpi'teke'chu?,U02192,G01972,medium,0.5345332622528076,0.3809710443019867,0.15356221795082092,17
U02277,G02052,así yo también vivo bien.,nu'amui'na kuanta' musu' nanpiapalek.,musu' a'cha kankantulama' kenmama'.,U03066,G02841,medium,0.7648901343345642,0.5279174447059631,0.23697268962860107,2
U02571,G02346,despertamos y escuchamos.,"nanadaper panta'mudek wichi'nta'mudek, ikineklli' nanpincha'mudek laukllidek. todas esas cosas cuando nos vamos a dormir, a medianoche",-yaluwer'amudek ukllidek.,U02978,G02753,hard,0.6465110182762146,0.5893018841743469,0.057209134101867676,2
U02571,G02346,despertamos y escuchamos.,"nanadaper panta'mudek wichi'nta'mudek, ikineklli' nanpincha'mudek laukllidek. todas esas cosas cuando nos vamos a dormir, a medianoche","nerpi'pu' uchinañinerkudek lauk'a'kudek, imanankankantullidek lauk'amudek.",U02572,G02347,medium,0.6465110182762146,0.485466331243515,0.16104468703269958,3
U01718,G01521,no entiendo.,ku'la lachek'i'nek,manennu'tapi'nek,U00779,G00656,hard,0.6019366383552551,0.5281856656074524,0.07375097274780273,16
U01718,G01521,no entiendo.,ku'la lachek'i'nek,yañinchitulek,U02029,G01813,medium,0.6019366383552551,0.4504642188549042,0.15147241950035095,26
U02474,G02249,yo soy jeberina auténtica.,kua shiwilulunku nuka'ka.,tanta' nu'tutek nuka'ka,U00811,G00687,hard,0.6908392310142517,0.6078805327415466,0.08295869827270508,2
U02474,G02249,yo soy jeberina auténtica.,kua shiwilulunku nuka'ka.,lulentutek' nuka'ka,U01097,G00956,medium,0.6908392310142517,0.5225067138671875,0.1683325171470642,6
U00840,G00716,estuvo chevere.,ucha'paya ñapawiñi,welliek'apawiñi,U01843,G01638,hard,0.7505838871002197,0.6697645783424377,0.08081930875778198,6
U00840,G00716,estuvo chevere.,ucha'paya ñapawiñi,musu' ñapawiñi,U02070,G01853,medium,0.7505838871002197,0.5922833681106567,0.158300518989563,9
U02417,G02192,"¿estás aquí, hermana? me viene a decir. 3 una forma alternativa es weranwekkeklan. 4 se refiere a sus hijos presentes durante la sesión de grabación.","- ñapala, ñañá? itukellu.","- ¿ukla'ncha, yalli'wá?",U02877,G02652,hard,0.6073511838912964,0.5331190228462219,0.07423216104507446,2
U02417,G02192,"¿estás aquí, hermana? me viene a decir. 3 una forma alternativa es weranwekkeklan. 4 se refiere a sus hijos presentes durante la sesión de grabación.","- ñapala, ñañá? itukellu.","- ¿samerwanpala'ncha, alli'shá?",U02606,G02381,medium,0.6073511838912964,0.4467230439186096,0.16062813997268677,5
U00277,G00223,escríbeme.,llinser'chu'u,itununta'u,U02112,G01893,hard,0.6817572116851807,0.6128804087638855,0.06887680292129517,3
U00277,G00223,escríbeme.,llinser'chu'u,uklutulek.,U02338,G02113,medium,0.6817572116851807,0.5250356793403625,0.15672153234481812,12
U01234,G01073,podemos hacerlo.,yennitulekwa' nu'tak,yinnitullidek katu'pa'tak,U00930,G00799,hard,0.8506894707679749,0.7823224067687988,0.06836706399917603,2
U01234,G01073,podemos hacerlo.,yennitulekwa' nu'tak,yinnitullidek lunnak,U00931,G00800,medium,0.8506894707679749,0.6827841401100159,0.16790533065795898,7
U02961,G02736,"sangraron lechecaspi, la hicieron hervir y lo esperaron.","ekkadek pektañina', a'ukluka'llina', wa'tenñina'.","uku'latudek'anna', insekkilapidek'anna', uk'lapincha'dekllina' nana.",U03008,G02783,hard,0.7455306053161621,0.6695650219917297,0.07596558332443237,4
U02961,G02736,"sangraron lechecaspi, la hicieron hervir y lo esperaron.","ekkadek pektañina', a'ukluka'llina', wa'tenñina'.","inmusha'iteklatanna', wellekllina'.",U02776,G02551,medium,0.7455306053161621,0.5908470153808594,0.15468358993530273,9
U02262,G02037,por eso me crió mi abuelita y me hice señorita.,nu'amui'na i'pa amishawek teksusullun wilaluntulek.,nanek wadekllun awawek shiwiluk.,U02475,G02250,hard,0.6197377443313599,0.5442907810211182,0.0754469633102417,2
U02262,G02037,por eso me crió mi abuelita y me hice señorita.,nu'amui'na i'pa amishawek teksusullun wilaluntulek.,"nanalek tatawek awawek teksusullun, kua nana lu'nkasu'.",U02477,G02252,medium,0.6197377443313599,0.4663470983505249,0.15339064598083496,5
U00902,G00773,ellos caminaron.,nawa dek'kuntillina',nawa' werañina',U02129,G01909,medium,0.8072251081466675,0.6142765879631042,0.19294852018356323,3
U01813,G01610,siga intentando.,inpaleriaper',nantapitek' ñiker',U00138,G00099,hard,0.6118807196617126,0.5384986400604248,0.07338207960128784,11
U01813,G01610,siga intentando.,inpaleriaper',lun'aper'i'la,U01139,G00992,medium,0.6118807196617126,0.46131396293640137,0.15056675672531128,23
U01955,G01745,¿pueden ayudarme?,¿yennitulama katupa'a'muk?,¿ta'itule'chuner'ku?,U02225,G02001,hard,0.7545006275177002,0.6289142370223999,0.1255863904953003,7
U01955,G01745,¿pueden ayudarme?,¿yennitulama katupa'a'muk?,¿yennitulek lata'ak?,U01948,G01738,medium,0.7545006275177002,0.6038733124732971,0.15062731504440308,10
U02440,G02215,ahí están doscitas mis hijas.,ma'ata'na katu'ta'shadaper ku'tinweklusa'.,tanna' purllina' napi'ku'lusa'.,U02801,G02576,hard,0.6059192419052124,0.5513297915458679,0.05458945035934448,4
U02440,G02215,ahí están doscitas mis hijas.,ma'ata'na katu'ta'shadaper ku'tinweklusa'.,nu'amu amishawekkek pipetchulek.,U02259,G02034,medium,0.6059192419052124,0.4518141448497772,0.15410509705543518,23
U02743,G02518,entonces dicen que arákayu icaró (con su saber) desde allí a los riachuelos que tenían peces.,ipa'linchi arakayu ima pekkutulli naneklanek dekshadeklusa' samerwa'nsu'.,nu'an ima arakayu sakek'an peklu'deklli inyulateknen ima.,U02595,G02370,hard,0.776670515537262,0.7099184393882751,0.06675207614898682,2
U02743,G02518,entonces dicen que arákayu icaró (con su saber) desde allí a los riachuelos que tenían peces.,ipa'linchi arakayu ima pekkutulli naneklanek dekshadeklusa' samerwa'nsu'.,nana mukankinpu'lalusa'ler arakayu pideknen di'setchullina'.,U02788,G02563,medium,0.776670515537262,0.621044397354126,0.155626118183136,8
U03066,G02841,¿les gusta a eso a ustedes?,musu' a'cha kankantulama' kenmama'.,¿ma'nen ila'cha luwantekchuma' kenmama'?,U02651,G02426,medium,0.6421535611152649,0.4659740924835205,0.17617946863174438,2
U00907,G00778,tom cambió.,tom a'pawillek'lli,tom idenmalli,U00656,G00547,hard,0.7260403633117676,0.6581155061721802,0.0679248571395874,7
U00907,G00778,tom cambió.,tom a'pawillek'lli,tom aper'lli,U00655,G00546,medium,0.7260403633117676,0.5718488693237305,0.1541914939880371,27
U00908,G00778,tom varió.,tom a'pawillek'lli,tom teka'lli,U00116,G01060,hard,0.7563665509223938,0.699935257434845,0.05643129348754883,21
U00908,G00778,tom varió.,tom a'pawillek'lli,tom lunñi,U00668,G00558,medium,0.7563665509223938,0.6045389771461487,0.15182757377624512,31
U03005,G02780,dice que ahí algunos (españoles) les decían (a los shiwilu) traigan a sus hermanas para vendérnoslas.,nanek ima nu'unta' itudekllina' kerku' sha'wapenma' uku'lakeru'kudek.,nanadaper imaka lli'an malallina tulli asu' katu'ta' ishpaña la'la' lunlusa' a'ta' kenmu'wa' utetchinerkenmu'wa'.,U03141,G02916,hard,0.6013782620429993,0.5342935919761658,0.0670846700668335,5
U03005,G02780,dice que ahí algunos (españoles) les decían (a los shiwilu) traigan a sus hermanas para vendérnoslas.,nanek ima nu'unta' itudekllina' kerku' sha'wapenma' uku'lakeru'kudek.,"nu'su' ñapilaterwa' enta' ipa'la, nermuda'lusi'pa' danker'kuñina' shiwiluk.",U03117,G02892,medium,0.6013782620429993,0.4418458044528961,0.15953245759010315,14
U02494,G02269,después he salido a yurimaguas.,nanekla yunsu'lek yurimawek.,ipa'linchi ukdinu'tulek.,U02355,G02130,medium,0.7489796876907349,0.5371706485748291,0.21180903911590576,2
U01556,G01368,tom palideció.,tom sha'pi'wiñi,tom yamerladalli,U00666,G00556,hard,0.7950278520584106,0.742156982421875,0.052870869636535645,10
U01556,G01368,tom palideció.,tom sha'pi'wiñi,tom lanteñi,U00433,G00350,medium,0.7950278520584106,0.6421403288841248,0.1528875231742859,25
U00523,G01236,lo encontré.,kananek,luwer'chulek,U02020,G01805,hard,0.5914634466171265,0.5254528522491455,0.06601059436798096,14
U00523,G01236,lo encontré.,kananek,ilulek,U01727,G01529,medium,0.5914634466171265,0.44140955805778503,0.15005388855934143,26
U01415,G01236,la rescaté.,kananek,patenchulek,U01417,G01237,hard,0.6163194179534912,0.5477288961410522,0.06859052181243896,7
U01415,G01236,la rescaté.,kananek,iluwinek,U02001,G01787,medium,0.6163194179534912,0.4581531882286072,0.15816622972488403,19
U01416,G01236,lo rescaté.,kananek,mapa'lek,U00768,G00646,hard,0.6292825937271118,0.5532095432281494,0.0760730504989624,8
U01416,G01236,lo rescaté.,kananek,dunker'echek,U02043,G01827,medium,0.6292825937271118,0.47925466299057007,0.15002793073654175,18
U01730,G01532,adoro ganar.,iyatulek kana'tak,iyatulek ñinchitak,U02012,G01797,hard,0.5318903923034668,0.4739570915699005,0.057933300733566284,2
U01730,G01532,adoro ganar.,iyatulek kana'tak,musu' sekaper'llinerku,U01756,G01558,medium,0.5318903923034668,0.36971333622932434,0.16217705607414246,13
U00321,G00257,me dieron.,enka'lliner'ku,pilli'tulliner'ku',U01720,G01523,hard,0.7220702767372131,0.6566284894943237,0.0654417872428894,5
U00321,G00257,me dieron.,enka'lliner'ku,enmu'lek,U00548,G00454,medium,0.7220702767372131,0.5693193078041077,0.15275096893310547,9
U00322,G00257,me alcanzaron.,enka'lliner'ku,a'apitulliner'ku,U01088,G00947,medium,0.8278427720069885,0.6104139089584351,0.21742886304855347,3
U00172,G00130,estoy viejo.,taserpiku',tenmiansu'palek,U01768,G01568,hard,0.6538064479827881,0.6030634045600891,0.050743043422698975,6
U00172,G00130,estoy viejo.,taserpiku',wa'danpintek ñapalek,U00340,G00273,medium,0.6538064479827881,0.5026448369026184,0.15116161108016968,36
U01069,G00928,lo desconozco.,luver'chi'nek,luwer'chi'nun,U01912,G01704,hard,0.7793565392494202,0.7185879945755005,0.06076854467391968,2
U01069,G00928,lo desconozco.,luver'chi'nek,luwanchi'nek,U00179,G00137,medium,0.7793565392494202,0.6032702326774597,0.17608630657196045,8
U00258,G00205,tom pagó.,tom panwilek'tulli,tom katu'pa'tulli,U00658,G00548,hard,0.7201023101806641,0.6675894856452942,0.05251282453536987,7
U00258,G00205,tom pagó.,tom panwilek'tulli,tom si'lentulli,U01554,G01366,medium,0.7201023101806641,0.5683825016021729,0.1517198085784912,28
U02046,G01829,estoy comprendiendo.,lachek'apilalek,lli'inutapalek,U00541,G00447,hard,0.7315592765808105,0.6356726884841919,0.09588658809661865,3
U02046,G01829,estoy comprendiendo.,lachek'apilalek,ñinchitapalek lun'ak,U00518,G00429,medium,0.7315592765808105,0.5774121284484863,0.15414714813232422,6
U02946,G02721,"¡ánimo muchachos, tengan valor, en acción! les dijo.","¡nantapiku'la', nasu'ku', wilalusa'! itudekllima.","¡aner yatek kuatama', sunkiwanpalama', pasektuku' nanalek!",U02919,G02694,hard,0.7479768991470337,0.6067967414855957,0.141180157661438,2
U02946,G02721,"¡ánimo muchachos, tengan valor, en acción! les dijo.","¡nantapiku'la', nasu'ku', wilalusa'! itudekllima.","yuyu'lusa', ¡da'kerku' u'ku!",U03060,G02835,medium,0.7479768991470337,0.5606874227523804,0.18728947639465332,3
U02456,G02231,no como antes que bebía bastante.,ñi napi'pu'su' kupin uwapawinek.,"- ah, enta'n'i'na dasu'laklanek uwi'nek.",U02451,G02226,hard,0.5456094145774841,0.4607653319835663,0.08484408259391785,2
U02456,G02231,no como antes que bebía bastante.,ñi napi'pu'su' kupin uwapawinek.,asu' u'su kua pektawapalek.,U02650,G02425,medium,0.5456094145774841,0.39164406061172485,0.15396535396575928,24
U02796,G02571,de ahí yo también he aprendido de qué manera vivió este arákayu.,nanekla'nka kuanta' ñinchitulek asu' arakayu ma'pu'si'pa' nanpilli.,nawi'na wintapanta'llinerku ma'pu'si'pa mitan nakulama' tullima arakayu.,U02671,G02446,hard,0.7150943875312805,0.6259745359420776,0.08911985158920288,2
U02796,G02571,de ahí yo también he aprendido de qué manera vivió este arákayu.,nanekla'nka kuanta' ñinchitulek asu' arakayu ma'pu'si'pa' nanpilli.,arakayu ima tulli asu' sellawa i'na kualer pektawapalek.,U02669,G02444,medium,0.7150943875312805,0.5580528974533081,0.1570414900779724,8
U01847,G01642,estuvo cerca.,ñapawiñi kawik,nudu'pi ñiwiñi,U01124,G00977,hard,0.7241438627243042,0.6517921090126038,0.07235175371170044,2
U01847,G01642,estuvo cerca.,ñapawiñi kawik,insek'diperpi ñapawiñidek,U01236,G01075,medium,0.7241438627243042,0.5506072044372559,0.17353665828704834,12
U03016,G02791,"se sentaban, sentían pena y a veces insultaban a los que habían ido (por primera vez a moyobamba).","du'anna', wa'inutanna', nerpi'pu' ñiper'dekllina' nana pa'lusa'.","tanni'ma insekdipellina', uklulu'nenna' a'nu'tullina' sadina' yekpanna'.",U02870,G02645,hard,0.6987878084182739,0.6367359161376953,0.06205189228057861,3
U03016,G02791,"se sentaban, sentían pena y a veces insultaban a los que habían ido (por primera vez a moyobamba).","du'anna', wa'inutanna', nerpi'pu' ñiper'dekllina' nana pa'lusa'.","enchuku', inlli'inuku'la' yalli'lusa' enpu'ninchi yawichi'tama' nanpiladaku'.",U02863,G02638,medium,0.6987878084182739,0.5347117781639099,0.164076030254364,7
U02766,G02541,"nosotros tendríamos muchísimo pescado,","enpu'nipa' kenmu'wa' samerwanpanansu'wa',","- pu'yek aperku'tullinerkudek,",U02533,G02308,hard,0.7859684824943542,0.7130405306816101,0.07292795181274414,2
U02766,G02541,"nosotros tendríamos muchísimo pescado,","enpu'nipa' kenmu'wa' samerwanpanansu'wa',","tanpen mudei'ma shipen,",U02735,G02510,medium,0.7859684824943542,0.5934041738510132,0.19256430864334106,7
U00593,G00493,¡quédate tranquilo!,¡musu' llia'ker'!,¡latada'ker'!,U01182,G01029,hard,0.647518515586853,0.5959767699241638,0.05154174566268921,7
U00593,G00493,¡quédate tranquilo!,¡musu' llia'ker'!,¡paku' tekchi wei!.,U02792,G02567,medium,0.647518515586853,0.49730488657951355,0.15021362900733948,33
U00378,G00308,mantente abrigado.,i'shiwansu' ñaper',ñapaker' musu'kankantusu',U00465,G00380,hard,0.6965325474739075,0.6443576216697693,0.052174925804138184,11
U00378,G00308,mantente abrigado.,i'shiwansu' ñaper',tupituku' inpalerianma',U02087,G01869,medium,0.6965325474739075,0.5349233150482178,0.1616092324256897,13
U01898,G01692,tenemos esto.,a'ñapalekwa' asu',nu'tawa' nana,U01501,G01317,hard,0.7456188201904297,0.6568433046340942,0.08877551555633545,3
U01898,G01692,tenemos esto.,a'ñapalekwa' asu',a'ñapallidek,U01256,G01092,medium,0.7456188201904297,0.592633068561554,0.15298575162887573,5
U00630,G00525,detente ahí.,llia'ker' nanek,du'ker' asek,U00246,G00194,hard,0.7663257122039795,0.6944639086723328,0.07186180353164673,4
U00630,G00525,detente ahí.,llia'ker' nanek,asek lia'ker',U00420,G00340,medium,0.7663257122039795,0.6127145290374756,0.1536111831665039,12
U01145,G00998,¡déjame irme!,¡ta'itula'u pa'ak!,¡ta'ituler' pa'i!,U00597,G00496,hard,0.8474212288856506,0.7667168378829956,0.08070439100265503,3
U01145,G00998,¡déjame irme!,¡ta'itula'u pa'ak!,¡ta'tu'la'ku!,U00594,G00494,medium,0.8474212288856506,0.6918516159057617,0.15556961297988892,9
U02609,G02384,ahí dice se sorprendieron.,nanek ima imanankankantullina'.,nu'anna' insekkitullina'.,U02940,G02715,hard,0.7849594354629517,0.7164720892906189,0.06848734617233276,2
U02609,G02384,ahí dice se sorprendieron.,nanek ima imanankankantullina'.,nana yadi'setchusik.,U02742,G02517,medium,0.7849594354629517,0.5869062542915344,0.19805318117141724,5
U00834,G00710,¿es suyo?,¿kenmakin'cha?,¿nu'su' nuka'a?,U00581,G00483,hard,0.7123346328735352,0.6577430963516235,0.05459153652191162,3
U00834,G00710,¿es suyo?,¿kenmakin'cha?,¿nanasa'cha iñer'?,U01119,G00974,medium,0.7123346328735352,0.5595170855522156,0.15281754732131958,12
U01240,G01678,necesitamos ayuda.,luwantullidek katu'pa',kulliker' luwantullidek,U01572,G01383,hard,0.8332474827766418,0.6899187564849854,0.1433287262916565,3
U01240,G01678,necesitamos ayuda.,luwantullidek katu'pa',luwantullidek,U01242,G01080,medium,0.8332474827766418,0.6768386960029602,0.15640878677368164,4
U01884,G01678,necesitábamos ayuda.,luwantullidek katu'pa',luwantullidek,U01242,G01080,hard,0.8444515466690063,0.7395650148391724,0.10488653182983398,3
U01884,G01678,necesitábamos ayuda.,luwantullidek katu'pa',katu'pa'tuwinansu',U01885,G01679,medium,0.8444515466690063,0.6814876198768616,0.16296392679214478,6
U01803,G01600,es delicioso.,iyasu' nuka'a,mukankaninpu',U01854,G01648,hard,0.5824651122093201,0.5177717804908752,0.06469333171844482,12
U01803,G01600,es delicioso.,iyasu' nuka'a,u'chimu ñiwiñi,U01795,G01594,medium,0.5824651122093201,0.4297981560230255,0.15266695618629456,25
U00300,G00239,¡fantástico!,¡u'chimuinchi!,¡sek'tek'lliu!,U01370,G01195,hard,0.5996567010879517,0.548448383808136,0.051208317279815674,6
U00300,G00239,¡fantástico!,¡u'chimuinchi!,¡mupalli!,U00103,G00072,medium,0.5996567010879517,0.44798824191093445,0.1516684591770172,39
U02420,G02195,por eso te estoy echando de menos. ¿qué teniendo mi hermana no me visita? estoy diciendo.,- nu'amuntana luwanpallen. ¿ma'pun a'cha kai kuawek lli'ker'i'ñu? tapalek.,- uk'apincha'lek yalli'amun. pa'amu menmik u'dun uklli lli'ker'i'ñen.,U02419,G02194,medium,0.6601577401161194,0.4830362796783447,0.17712146043777466,2
U00413,G00333,firma esto.,linserker' asu',sekdiperker' nana,U01362,G01188,hard,0.681623101234436,0.6292258501052856,0.05239725112915039,19
U00413,G00333,firma esto.,linserker' asu',linsercher' asek,U00412,G00332,medium,0.681623101234436,0.5140483379364014,0.16757476329803467,29
U02239,G02014,¡buen viaje!,¡paker' musu'!,¡mupalli!,U00103,G00072,hard,0.6695835590362549,0.6167474389076233,0.05283612012863159,6
U02239,G02014,¡buen viaje!,¡paker' musu'!,¡u'chimusha wichi'ker'!,U01180,G01028,medium,0.6695835590362549,0.5106019973754883,0.1589815616607666,16
U01715,G01518,lo noto.,lli'apalek,luwer'chapadeklek,U00782,G00659,hard,0.7099922895431519,0.6523712277412415,0.0576210618019104,6
U01715,G01518,lo noto.,lli'apalek,lli'llien,U00331,G00266,medium,0.7099922895431519,0.5434640645980835,0.16652822494506836,12
U03115,G02890,viniendo por ahí nos están viniendo a hacer esto.,nanalupa' uk'anna' asu' utapakellinerkenmu'wa'.,menmi a'nu'tudek'awa' tannima u'anna'.,U03129,G02904,hard,0.6704379916191101,0.5948788523674011,0.07555913925170898,2
U03115,G02890,viniendo por ahí nos están viniendo a hacer esto.,nanalupa' uk'anna' asu' utapakellinerkenmu'wa'.,nana nu'amudek ukllidek itullini'ma.,U02980,G02755,medium,0.6704379916191101,0.4936939775943756,0.1767440140247345,8
U02012,G01797,adoro aprender.,iyatulek ñinchitak,luntulek kerka'lusa',U01081,G00940,hard,0.5453173518180847,0.48892736434936523,0.05638998746871948,2
U02012,G01797,adoro aprender.,iyatulek ñinchitak,luwantulek na'pia'musu',U01733,G01535,medium,0.5453173518180847,0.3877687454223633,0.15754860639572144,10
U00203,G00156,soy vago.,perchek' nuka'ka,lulentutek' nuka'ka,U01097,G00956,hard,0.7442417740821838,0.6919221878051758,0.05231958627700806,19
U00203,G00156,soy vago.,perchek' nuka'ka,apu'pi nuka'ka,U01104,G00962,medium,0.7442417740821838,0.5817469358444214,0.16249483823776245,33
U00299,G00238,no mientas.,yatumu'ta,yatuluner'ta,U00486,G00399,hard,0.5743870139122009,0.5196411609649658,0.05474585294723511,22
U00299,G00238,no mientas.,yatumu'ta,musu'nakuker',U00162,G00120,medium,0.5743870139122009,0.42008286714553833,0.1543041467666626,43
U01680,G01485,¿te gusto?,¿iyatulun?,¿kana'tula?,U00737,G00617,hard,0.6471906900405884,0.5549288392066956,0.09226185083389282,5
U01680,G01485,¿te gusto?,¿iyatulun?,¿luwantapala?,U01977,G01765,medium,0.6471906900405884,0.4601057469844818,0.18708494305610657,13
U00832,G00708,¿para llevar?,¿ekpa'ak?,¿pa'echek'ata'?,U00879,G00751,hard,0.688130259513855,0.6251295208930969,0.06300073862075806,2
U00832,G00708,¿para llevar?,¿ekpa'ak?,¿nu'techuma'?,U01908,G01702,medium,0.688130259513855,0.5155242085456848,0.17260605096817017,5
U01336,G01164,¿puedo tomarlo?,¿yennitulek pilli'tak?,¿yennitulek da'ak?,U01330,G01158,hard,0.7987713813781738,0.7302420139312744,0.06852936744689941,4
U01336,G01164,¿puedo tomarlo?,¿yennitulek pilli'tak?,¿yennitula uk'a'mak?,U01002,G00865,medium,0.7987713813781738,0.6420947909355164,0.15667659044265747,13
U00078,G01152,ayúdame.,katu'pa'u,katu'pa',U01046,G00906,medium,0.889589250087738,0.7274802923202515,0.16210895776748657,3
U01323,G01152,apóyame.,katu'pa'u,keritu'u,U01650,G01459,hard,0.7987397313117981,0.7049967050552368,0.09374302625656128,3
U01323,G01152,apóyame.,katu'pa'u,na'piu'ku,U00282,G00227,medium,0.7987397313117981,0.6397051811218262,0.15903455018997192,8
U02978,G02753,-queriendo conocer hemos venido.,-yaluwer'amudek ukllidek.,nana nu'amudek ukllidek itullini'ma.,U02980,G02755,hard,0.6788297891616821,0.5290400981903076,0.1497896909713745,2
U02978,G02753,-queriendo conocer hemos venido.,-yaluwer'amudek ukllidek.,menmi a'nu'tudek'awa' tannima u'anna'.,U03129,G02904,medium,0.6788297891616821,0.4964682459831238,0.18236154317855835,3
U01809,G01606,simplemente hazlo.,ma'pu'su'pintak nu'ter,wiuk'su' nu'ter',U01511,G01326,hard,0.6845428943634033,0.6035841703414917,0.08095872402191162,4
U01809,G01606,simplemente hazlo.,ma'pu'su'pintak nu'ter,nu'ter' ipia'la,U00738,G00618,medium,0.6845428943634033,0.5191295742988586,0.16541332006454468,7
U00708,G00594,puedes irte.,yennitula pa'a'masu',yennitula nu'ta'mak,U01612,G01423,hard,0.777962327003479,0.7168734073638916,0.0610889196395874,4
U00708,G00594,puedes irte.,yennitula pa'a'masu',yen'nitulek teka'ak',U00318,G00254,medium,0.777962327003479,0.6242316365242004,0.15373069047927856,10
U02590,G02365,"por este lugar hemos salido sin saber dónde,","asu'lupa' pekpikellidek, luwer'inpu'la'pi'mudek,","nanapa yunsu'i kenmu'wa'kinsa' ñii asu' samer,",U02682,G02457,hard,0.7092399597167969,0.6522652506828308,0.056974709033966064,4
U02590,G02365,"por este lugar hemos salido sin saber dónde,","asu'lupa' pekpikellidek, luwer'inpu'la'pi'mudek,","- pu'yek aperku'tullinerkudek,",U02533,G02308,medium,0.7092399597167969,0.5525755286216736,0.1566644310951233,9
U01488,G01306,está obsoleto.,ñapalli napi'da',intek apalli,U00759,G00638,hard,0.6359530091285706,0.5773960947990417,0.05855691432952881,8
U01488,G01306,está obsoleto.,ñapalli napi'da',intek weranpalli,U00760,G00639,medium,0.6359530091285706,0.4852455258369446,0.15070748329162598,20
U02705,G02480,eso hizo arákayu y se fue río abajo.,nana nu'tan arakayu nu'wanta'lli.,arakayu ima pillektutek.,U02717,G02492,hard,0.7748525738716125,0.7144071459770203,0.060445427894592285,8
U02705,G02480,eso hizo arákayu y se fue río abajo.,nana nu'tan arakayu nu'wanta'lli.,arakayuler pilleklli.,U02716,G02491,medium,0.7748525738716125,0.6234896779060364,0.15136289596557617,12
U00218,G00170,estoy listo. (preparado),insek'diperpiku' nuka'ka,inapi ñechek,U01094,G00953,hard,0.6253620982170105,0.5320778489112854,0.0932842493057251,3
U00218,G00170,estoy listo. (preparado),insek'diperpiku' nuka'ka,ñapalek da'peksu',U01059,G00918,medium,0.6253620982170105,0.4734862744808197,0.1518758237361908,16
U02859,G02634,uno de nosotros va a perecer.,kenmu'wa' takeraterwa' nu'unta'nmu'wa'.,nanadaper a'ka di'tupatekwa' musu' pa'aterwa'.,U02852,G02627,hard,0.6439176201820374,0.5208817720413208,0.12303584814071655,2
U02859,G02634,uno de nosotros va a perecer.,kenmu'wa' takeraterwa' nu'unta'nmu'wa'.,nana nu'su' aku'llinerkenmu'wa'.,U03192,G02967,medium,0.6439176201820374,0.45131027698516846,0.1926073431968689,4
U03122,G02897,"cuando tenia 12 años he escuchado lo que digo ahora, me ponía detrás de mi abuelita finada.","shunka' katu' ekkilala a'ñamu nana lunpa'kasu' ipa'la lauktulek, kuanta' supinawantamu amiwekku'.","wilaku ñamu kawitulek, du'pa'tamu laweklek lunpa'ser.",U02576,G02351,medium,0.6639772653579712,0.47139739990234375,0.19257986545562744,2
U02655,G02430,"escogieron (el pescado) y lo ahumaron, regresaron al pueblo y contaron (lo que había sucedido).","wadunni'ma chintanna', adenchanna' ñinanluk luncha'llina'.","ekkadek pektañina', a'ukluka'llina', wa'tenñina'.",U02961,G02736,hard,0.6031620502471924,0.5492198467254639,0.053942203521728516,9
U02655,G02430,"escogieron (el pescado) y lo ahumaron, regresaron al pueblo y contaron (lo que había sucedido).","wadunni'ma chintanna', adenchanna' ñinanluk luncha'llina'.",uk'apilellina',U01867,G01661,medium,0.6031620502471924,0.45311468839645386,0.15004736185073853,20
U02465,G02240,llenaban el canasto y lo sentaban.,"pi'murllina', a'du'llina'.",kananna' nanasa' llikantullina' dei'tullina'.,U03079,G02854,hard,0.6036056876182556,0.5507538914680481,0.05285179615020752,3
U02465,G02240,llenaban el canasto y lo sentaban.,"pi'murllina', a'du'llina'.",sapana'lusa'sa' pekpillina'.,U02704,G02479,medium,0.6036056876182556,0.44934284687042236,0.15426284074783325,14
U02301,G02076,ninguno sabe de esta lengua porque no les he hablado.,ñienkasu' ñinchichillina' namasu' la'lekla lunchinpu'dek'a'kasu' malek.,kenmu'wi'na asek ñiden lupa'paperwi'ñi tullima nana lli'tukunlusa'.,U02984,G02759,hard,0.6412690281867981,0.5908151865005493,0.05045384168624878,2
U02301,G02076,ninguno sabe de esta lengua porque no les he hablado.,ñienkasu' ñinchichillina' namasu' la'lekla lunchinpu'dek'a'kasu' malek.,asu' a'lektupideklusek ñinchitupideklusek nana kaschillasa' luñina'.,U03119,G02894,medium,0.6412690281867981,0.47724658250808716,0.16402244567871094,5
U01757,G01559,estaba agotado.,ñapawinek saka'tusu',sanek'wantuwinek,U00775,G00652,hard,0.8013144731521606,0.6817896962165833,0.11952477693557739,8
U01757,G01559,estaba agotado.,ñapawinek saka'tusu',yawichi'winek,U01091,G00950,medium,0.8013144731521606,0.644278347492218,0.15703612565994263,10
U01651,G01460,¿puedo ayudarle?,¿yennitulek katu'pa'a'kik?,¿yennitulama katupa'a'muk?,U01955,G01745,hard,0.8616276979446411,0.8028811812400818,0.058746516704559326,5
U01651,G01460,¿puedo ayudarle?,¿yennitulek katu'pa'a'kik?,¿yennitula kanan'a'mak?,U01951,G01741,medium,0.8616276979446411,0.7001226544380188,0.16150504350662231,11
U01652,G01460,¿puedo ayudarte?,¿yennitulek katu'pa'a'kik?,¿yennitechek katu'pa'tak?,U00470,G00385,hard,0.9032673835754395,0.8264392614364624,0.07682812213897705,3
U01652,G01460,¿puedo ayudarte?,¿yennitulek katu'pa'a'kik?,¿yennitulek wiperi'a'kik?,U01332,G01160,medium,0.9032673835754395,0.6915231943130493,0.21174418926239014,8
U01733,G01535,necesito respuestas.,luwantulek na'pia'musu',iyatulek ñinchitak,U02012,G01797,hard,0.5029153227806091,0.4374133050441742,0.06550201773643494,15
U01733,G01535,necesito respuestas.,luwantulek na'pia'musu',katu'pa' luwantula,U01619,G01430,medium,0.5029153227806091,0.35206693410873413,0.150848388671875,36
U01559,G01371,intenta hacerlo.,teklerier' nu'ta'mak,tekle'rier',U00049,G00039,hard,0.7280046343803406,0.6336710453033447,0.09433358907699585,2
U01559,G01371,intenta hacerlo.,teklerier' nu'ta'mak,katu'per',U00166,G00124,medium,0.7280046343803406,0.5715168714523315,0.15648776292800903,5
U00580,G00482,¿es ese?,¿nana'cha?,¿iñer'a'cha?,U00835,G00711,hard,0.8423352837562561,0.7201654314994812,0.1221698522567749,3
U00580,G00482,¿es ese?,¿nana'cha?,¿enpuduncha?,U01706,G01509,medium,0.8423352837562561,0.6659979224205017,0.1763373613357544,4
U02666,G02441,"arákayu, el gobernante ha dicho que te vayas a pandillar para el carnaval.","- arakayú, wa'an tulli chu'kenpa'tunter ima asu' mitanpi'.",arakayu ima tulli asu' sellawa i'na kualer pektawapalek.,U02669,G02444,medium,0.7781651616096497,0.6066551208496094,0.17151004076004028,2
U00447,G00363,nos olvidamos.,pinaner'llidek,aper'llidek,U00446,G00362,hard,0.6676846146583557,0.6079312562942505,0.059753358364105225,8
U00447,G00363,nos olvidamos.,pinaner'llidek,welliek'apallidek,U01561,G01373,medium,0.6676846146583557,0.5143525004386902,0.15333211421966553,34
U01467,G01285,¿es privado?,¿sekipia'cha?,¿kaser'llincha?,U01469,G01287,hard,0.689299464225769,0.6302363872528076,0.059063076972961426,6
U01467,G01285,¿es privado?,¿sekipia'cha?,¿nana'cha?,U00580,G00482,medium,0.689299464225769,0.5356733798980713,0.15362608432769775,18
U00508,G00420,"hey, cálmate.",lauk'la tuna'ker',"ma'a'tasu', lataker'",U01993,G01779,hard,0.6903488039970398,0.6237597465515137,0.06658905744552612,2
U00508,G00420,"hey, cálmate.",lauk'la tuna'ker',cheksu' du'ker',U02117,G01898,medium,0.6903488039970398,0.5321363806724548,0.15821242332458496,6
U02490,G02265,"ahora, cuando murieron mis padres nos hemos quedado huérfanos.",ipa'la tatawek awawek chiminsik i'na dinsuwilallidek.,kaluwi'tekku ipa'la ñaseku nawa' luwektapallinerku.,U02408,G02183,medium,0.7446656227111816,0.5881654024124146,0.1565002202987671,2
U02911,G02686,(al llegar vieron que) solamente sus mosquiteros estaban templados.,chipetcheknenna'si'ma' pektentapalli.,llinanlusi'ma tanpa'nen ukunñina'.,U02944,G02719,hard,0.5996579527854919,0.5378319621086121,0.06182599067687988,3
U02911,G02686,(al llegar vieron que) solamente sus mosquiteros estaban templados.,chipetcheknenna'si'ma' pektentapalli.,penwanpasik pidekñik.,U02584,G02359,medium,0.5996579527854919,0.4475080966949463,0.15214985609054565,9
U01398,G01222,yo exageré.,kua a'nadalek,kua lamapu'lek,U00544,G00450,hard,0.5978931188583374,0.46955761313438416,0.12833550572395325,3
U01398,G01222,yo exageré.,kua a'nadalek,manenpita' ikerchulek,U01462,G01280,medium,0.5978931188583374,0.4403058588504791,0.15758726000785828,4
U00534,G00441,te quiero.,luantullien,luantulek,U00329,G00264,medium,0.6584084630012512,0.4825664162635803,0.1758420467376709,3
U00535,G00441,te amo.,luantullien,kenmamentu,U00279,G00224,hard,0.625341534614563,0.5078210830688477,0.11752045154571533,3
U00535,G00441,te amo.,luantullien,lauk'apallien,U00526,G00436,medium,0.625341534614563,0.4526253044605255,0.17271623015403748,10
U02268,G02043,"ahora mis hijos a su vez me están sirviendo,","ipa'li'na wilaweklusa' nanapu'si'la luwektapallinerku,","nasu'ku' ipia'laklanek itudekllima wilalusa',",U02937,G02712,hard,0.8484096527099609,0.721531093120575,0.126878559589386,2
U02268,G02043,"ahora mis hijos a su vez me están sirviendo,","ipa'li'na wilaweklusa' nanapu'si'la luwektapallinerku,","wilalusa' ipa'la kaschilla' la'leklansa' lunna',",U02325,G02100,medium,0.8484096527099609,0.665248692035675,0.1831609606742859,3
U02172,G01952,queremos hablar.,yalunñidek,lansa'wa',U00854,G00730,hard,0.6803885698318481,0.6292445659637451,0.05114400386810303,3
U02172,G01952,queremos hablar.,yalunñidek,yamerlek'wa',U00685,G00573,medium,0.6803885698318481,0.5265236496925354,0.15386492013931274,12
U00662,G00552,tom obedeció.,tom latek'tulli,tom chimillinkekla nampilli,U01225,G01064,hard,0.7499110102653503,0.694950520992279,0.05496048927307129,4
U00662,G00552,tom obedeció.,tom latek'tulli,tom yamerladalli,U00666,G00556,medium,0.7499110102653503,0.5894368886947632,0.16047412157058716,16
U01903,G01697,¿y tú?,¿kenma?,¿kenma'cha'?,U00355,G00286,hard,0.84331876039505,0.7211586833000183,0.12216007709503174,2
U01903,G01697,¿y tú?,¿kenma?,¿kenmakin'cha?,U00834,G00710,medium,0.84331876039505,0.6318431496620178,0.21147561073303223,3
U01135,G00988,siga leyendo.,luntaper'i'la,insek'diper'ker',U00247,G00195,hard,0.6297850608825684,0.5734707713127136,0.056314289569854736,6
U01135,G00988,siga leyendo.,luntaper'i'la,sekdiperker',U00100,G00069,medium,0.6297850608825684,0.47425514459609985,0.1555299162864685,16
U01711,G01514,presto dinero.,alantapalek kulliker',uku'latapalek wa'nateka'asu',U00794,G00671,hard,0.5964398980140686,0.471752792596817,0.12468710541725159,3
U01711,G01514,presto dinero.,alantapalek kulliker',manenpita' ikerchulek,U01462,G01280,medium,0.5964398980140686,0.40781667828559875,0.18862321972846985,6
U01396,G01220,no esperé.,wa'tenchi'nek,yennichinek wa'tentak,U01456,G01274,hard,0.741131067276001,0.6216694116592407,0.11946165561676025,2
U01396,G01220,no esperé.,wa'tenchi'nek,yiennichi'nek,U02074,G01857,medium,0.741131067276001,0.5590423941612244,0.1820886731147766,4
U02878,G02653,"sí, he venido, hermano. tú candelita necesito. (joven)","- uklek, alli'sha. penshapen luwanpa'llen.","- uker, hijito itudeklek.",U02431,G02206,hard,0.6439465284347534,0.5500267148017883,0.09391981363296509,3
U02878,G02653,"sí, he venido, hermano. tú candelita necesito. (joven)","- uklek, alli'sha. penshapen luwanpa'llen.","la'i nu'lekweipa', ku'leipa'. latekchi'lek kua.",U03191,G02966,medium,0.6439465284347534,0.4760867655277252,0.1678597629070282,7
U02454,G02229,recogiendo (masato) de la tinaja me dan de beber.,madettanna' a'ullinerku.,kaikshawekleksa' llia'lek.,U02492,G02267,hard,0.5380337834358215,0.48752257227897644,0.05051121115684509,4
U02454,G02229,recogiendo (masato) de la tinaja me dan de beber.,madettanna' a'ullinerku.,wilaluntamu sudawek kananek.,U02263,G02038,medium,0.5380337834358215,0.38612112402915955,0.151912659406662,17
U01783,G01582,¿está durmiendo?,¿wicha'palli?,¿wichisu'a'cha?,U01784,G01583,hard,0.8042402267456055,0.7289227843284607,0.07531744241714478,2
U01783,G01582,¿está durmiendo?,¿wicha'palli?,¿weia'cha ñapalli?,U00354,G00285,medium,0.8042402267456055,0.6533169150352478,0.15092331171035767,5
U02814,G02589,ahora los han espantado más lejos.,ipa'la a'pinta' lliwaitullina'.,ipa'li'na ma'nen llillinlusi'pa' aku'llina'.,U03199,G02974,hard,0.7690228819847107,0.6744961738586426,0.09452670812606812,2
U02814,G02589,ahora los han espantado más lejos.,ipa'la a'pinta' lliwaitullina'.,ipa'linchi itudeklli asi'na anaka'llina'.,U02922,G02697,medium,0.7690228819847107,0.5705298185348511,0.19849306344985962,4
U01975,G01764,¿tú crees?,¿kenma latektapala?,¿tekinchi?,U00044,G00036,medium,0.7864581346511841,0.6103801727294922,0.1760779619216919,3
U01976,G01764,¿usted cree?,¿kenma latektapala?,¿luuktek' nukama?,U00986,G00850,medium,0.7970011830329895,0.5956591367721558,0.20134204626083374,3
U02071,G01854,era fabuloso.,u'chimu'ñiwiñi,nudu'pi ñiwiñi,U01124,G00977,hard,0.7246649861335754,0.670062780380249,0.054602205753326416,5
U02071,G01854,era fabuloso.,u'chimu'ñiwiñi,u'chimusha nuka'a,U01481,G01299,medium,0.7246649861335754,0.5636501312255859,0.1610148549079895,13
U00019,G00016,sonrían.,yamerku',yamerladaku',U01160,G01012,hard,0.7196854948997498,0.6631126403808594,0.05657285451889038,4
U00019,G00016,sonrían.,yamerku',yamerladalek',U00182,G00139,medium,0.7196854948997498,0.5687853097915649,0.15090018510818481,8
U00634,G00529,buen chico.,wila mukankan,musu' nuka'a,U00757,G00636,hard,0.6981430649757385,0.5820167064666748,0.11612635850906372,2
U00634,G00529,buen chico.,wila mukankan,mupalli,U00098,G00980,medium,0.6981430649757385,0.5463502407073975,0.15179282426834106,4
U02348,G02123,poniéndolo en el batán los antiguos molían con moledor de palo.,pitak aku'n peksantunanlek napi'ku'lusa' peksantullina'.,napi' amishaku'lusa' nu'tullina' ukllin ma'alanlankekla.,U02383,G02158,hard,0.5902690291404724,0.536849319934845,0.05341970920562744,5
U02348,G02123,poniéndolo en el batán los antiguos molían con moledor de palo.,pitak aku'n peksantunanlek napi'ku'lusa' peksantullina'.,nana usha'wañen muyunpa inchilala ekketcherka'su'.,U03014,G02789,medium,0.5902690291404724,0.4390934109687805,0.1511756181716919,16
U01516,G01331,¡di algo!,¡tuker' ma'nen'unta'!,¡yalenmekta nanek!,U00883,G00755,medium,0.6789821982383728,0.5166950225830078,0.162287175655365,3
U02681,G02456,"quemémosle la casa a este arákayu,","di'serpidektawa' asu' arakayu,",tan ima pillekllenmu'wa' asu' arakayu.,U02764,G02539,medium,0.8526988625526428,0.692348301410675,0.16035056114196777,2
U00049,G00039,pruébalo. (intentar),tekle'rier',lata'ker,U00048,G00038,hard,0.836616575717926,0.7295225858688354,0.10709398984909058,3
U00049,G00039,pruébalo. (intentar),tekle'rier',lek'ker',U00135,G00097,medium,0.836616575717926,0.6845217347145081,0.15209484100341797,6
U02649,G02424,"la matamata, la taricaya, la charapa salieron del agua.","mapapa', damer'ita, puka' yunchinkelli.","ínkatu' uklli nakusik, deksik, ullidek.",U02390,G02165,hard,0.5883127450942993,0.5307716131210327,0.0575411319732666,4
U02649,G02424,"la matamata, la taricaya, la charapa salieron del agua.","mapapa', damer'ita, puka' yunchinkelli.","ipa'la aku'llina', ma'i, giovanna, ma'nen ilipa'.",U03197,G02972,medium,0.5883127450942993,0.43716755509376526,0.15114519000053406,18
U02751,G02526,dicen que de esa manera antiguamente arákayu nos maldijo y nos abandonó. a long time ago.,nu'sui'ma napi' arakayu pillek'aminerkenmu'wa' pa'lapinta'llinerkenmu'wa'.,arakayu nenchullinerkenmu'wa'.,U02778,G02553,hard,0.6992303729057312,0.6177526116371155,0.08147776126861572,3
U02751,G02526,dicen que de esa manera antiguamente arákayu nos maldijo y nos abandonó. a long time ago.,nu'sui'ma napi' arakayu pillek'aminerkenmu'wa' pa'lapinta'llinerkenmu'wa'.,tan ima arakayu nana lanla' aku'lli.,U02821,G02596,medium,0.6992303729057312,0.5491111874580383,0.15011918544769287,7
U00681,G00893,miren esto.,lli'ku' asu',llinser'ku' nana,U02200,G01977,medium,0.8691626191139221,0.711159348487854,0.15800327062606812,3
U01032,G00893,examinen esto.,lli'ku' asu',llinser'ku' nana,U02200,G01977,hard,0.6998164653778076,0.6441952586174011,0.055621206760406494,8
U01032,G00893,examinen esto.,lli'ku' asu',pilliter' asu',U00311,G00248,medium,0.6998164653778076,0.5487157702445984,0.15110069513320923,23
U01326,G01155,pide ayuda.,lekter' katu'pa',katu'pa' luwantula,U01619,G01430,hard,0.6482972502708435,0.587556779384613,0.06074047088623047,4
U01326,G01155,pide ayuda.,lekter' katu'pa',katu'pa',U01046,G00906,medium,0.6482972502708435,0.48321422934532166,0.16508302092552185,5
U01327,G01155,pida ayuda.,lekter' katu'pa',ekpa'ker' utila',U01030,G00891,hard,0.7303098440170288,0.6154590845108032,0.11485075950622559,4
U01327,G01155,pida ayuda.,lekter' katu'pa',katu'pa',U01046,G00906,medium,0.7303098440170288,0.570330798625946,0.15997904539108276,6
U00820,G00696,estoy casado.,ñapalek sadasu',taserpiku',U00172,G00130,hard,0.6083709597587585,0.5572429299354553,0.05112802982330322,6
U02176,G01956,seremos asesinados.,dei'techuner'kudek,chiminllinkekla nanpiterwa',U01579,G01390,medium,0.7986939549446106,0.6433781981468201,0.15531575679779053,2
U00871,G00745,ponte esto.,i'shiker' asu',luntuker' asu',U00400,G00325,hard,0.7976719737052917,0.7331134080886841,0.06455856561660767,12
U00871,G00745,ponte esto.,i'shiker' asu',keritu'u nana,U01947,G01737,medium,0.7976719737052917,0.6463271379470825,0.15134483575820923,28
U00872,G00745,póngase esto.,i'shiker' asu',llinser'ker' asu',U02199,G01976,hard,0.7798741459846497,0.7228410840034485,0.05703306198120117,10
U00872,G00745,póngase esto.,i'shiker' asu',keritu'u nana,U01947,G01737,medium,0.7798741459846497,0.5968402028083801,0.18303394317626953,32
U02382,G02157,"después de endulzar (el líquido con el mascado), se cierne en la sedama (cernidor).",a'kaser'a'kasu' supinak ukllinkek sulatulek.,nu'sik upetchununta'lek deklek.,U02370,G02145,hard,0.5148221254348755,0.4636009931564331,0.05122113227844238,5
U02382,G02157,"después de endulzar (el líquido con el mascado), se cierne en la sedama (cernidor).",a'kaser'a'kasu' supinak ukllinkek sulatulek.,ekpantasik ima taserpiler pilli'tan lutu'lli.,U02932,G02707,medium,0.5148221254348755,0.36097416281700134,0.15384796261787415,25
U00238,G00188,cásate conmigo.,sadaker' kualek',lansa'ker' kualek,U01339,G01167,hard,0.6746614575386047,0.5820204615592957,0.09264099597930908,4
U00238,G00188,cásate conmigo.,sadaker' kualek',kaluitu'u,U00735,G00615,medium,0.6746614575386047,0.5177003145217896,0.15696114301681519,9
U01099,G00958,soy escritor.,llinserchutek' nuka'ka,luanpi nuka'ka,U00344,G00275,hard,0.740439772605896,0.6718323826789856,0.0686073899269104,3
U01099,G00958,soy escritor.,llinserchutek' nuka'ka,sadasu' nuka'ka,U00821,G00697,medium,0.740439772605896,0.5886332988739014,0.15180647373199463,14
U02629,G02404,¿qué tipo de peces quieren?,¿ma'lusa' samellusa'cha luwantulama'?,¿asu' luwantula?,U01624,G01435,medium,0.6757668256759644,0.5208156108856201,0.15495121479034424,2
U03145,G02920,así nomas han sido antes.,nu'su'sa' ñillina' napi'.,nu'su' nanpillina' napi'.,U03101,G02876,hard,0.6273271441459656,0.5667243003845215,0.06060284376144409,4
U03145,G02920,así nomas han sido antes.,nu'su'sa' ñillina' napi'.,ma'ata'na katu'ta'shadaper ku'tinweklusa'.,U02440,G02215,medium,0.6273271441459656,0.4726448953151703,0.1546822488307953,16
U00466,G00381,sea paciente.,wa'tenker' a'mercha.,ñapaker' insek'dipersu',U00625,G00520,hard,0.6589633226394653,0.6000091433525085,0.05895417928695679,6
U00466,G00381,sea paciente.,wa'tenker' a'mercha.,ñapaker' nanpiladasu',U00626,G00521,medium,0.6589633226394653,0.5042093992233276,0.1547539234161377,14
U00694,G00581,esperaremos.,wa'tentaterwa',wa'tentapechek,U02041,G01825,hard,0.777214765548706,0.7078354358673096,0.06937932968139648,3
U00694,G00581,esperaremos.,wa'tentaterwa',wa'ten'nek',U00185,G00141,medium,0.777214765548706,0.5712684988975525,0.20594626665115356,8
U03171,G02946,"yo soy tocayo, yo soy, este, shapingo16.","kui'na apulli'ku, kwina', ma'i, tananmuda'ku.","eksu', kencha'lek pidik, aku'lek.",U02342,G02117,hard,0.6695489287376404,0.5872718095779419,0.08227711915969849,3
U03171,G02946,"yo soy tocayo, yo soy, este, shapingo16.","kui'na apulli'ku, kwina', ma'i, tananmuda'ku.","kalantekwek nu'tulek, kutunwek nu'tulek, apetchawekku'kin kutunen nu'itulek.",U03144,G02919,medium,0.6695489287376404,0.5134066939353943,0.1561422348022461,6
U02358,G02133,cuando hierve se tantea para estar segura de que esté suave.,ukluka'sik pata'lek unmellinpa'ta'kasu'.,nerpi'pu' innichi'nek lli'inuta'kasu' lunpa'kasu'.,U02285,G02060,hard,0.6033763885498047,0.5500056743621826,0.05337071418762207,2
U02358,G02133,cuando hierve se tantea para estar segura de que esté suave.,ukluka'sik pata'lek unmellinpa'ta'kasu'.,a'kaser'a'kasu' supinak ukllinkek sulatulek.,U02382,G02157,medium,0.6033763885498047,0.4377603232860565,0.16561606526374817,8
U00578,G00481,¿es seguro?,¿tekinchi'cha?,¿tekinchi?,U00044,G00036,hard,0.8016767501831055,0.7178894877433777,0.08378726243972778,3
U00578,G00481,¿es seguro?,¿tekinchi'cha?,¿lulentutek'a'cha?,U01782,G01581,medium,0.8016767501831055,0.6440128684043884,0.15766388177871704,5
U00579,G00481,¿es verdad?,¿tekinchi'cha?,¿tekinchi?,U00045,G00036,hard,0.7471272945404053,0.6951941251754761,0.0519331693649292,3
U00579,G00481,¿es verdad?,¿tekinchi'cha?,¿yennitater'a'cha?,U01785,G01584,medium,0.7471272945404053,0.5963143706321716,0.15081292390823364,15
U01585,G01396,estamos leyendo.,kerka' luntapallidek,lansa'pallidek,U01582,G01393,hard,0.8021882176399231,0.6629688143730164,0.13921940326690674,2
U01585,G01396,estamos leyendo.,kerka' luntapallidek,lauk'tapallidek,U02180,G01960,medium,0.8021882176399231,0.6142571568489075,0.18793106079101562,3
U02468,G02243,un día dos muchachas y dos muchachos encontrándolo (en el camino) se burlaron de él.,ala'lu'sa' katu'ta' wilalunlusa' katu'ta' yuyu'walusa'ler kaper'anna' lumellina'.,wilalusa' enmu'pinenwawalusa' ima peklu'deklli.,U03175,G02950,medium,0.6468260288238525,0.49186229705810547,0.15496373176574707,2
U01472,G01290,empeora.,nu'la'lli,uker'lli,U00356,G00287,hard,0.7433968186378479,0.6319260001182556,0.11147081851959229,5
U01472,G01290,empeora.,nu'la'lli,dekundunlli,U00410,G00331,medium,0.7433968186378479,0.5811734199523926,0.16222339868545532,11
U00688,G01082,debemos irnos.,pa'a'kawa'su' ñapalli,ka'a'kawa'su' ñapalli,U01574,G01385,hard,0.7462118268013,0.6553570032119751,0.09085482358932495,3
U00688,G01082,debemos irnos.,pa'a'kawa'su' ñapalli,tenmiansu'wa,U00853,G00729,medium,0.7462118268013,0.5894650816917419,0.1567467451095581,10
U01244,G01082,deberíamos irnos.,pa'a'kawa'su' ñapalli,ka'a'kawa'su' ñapalli,U01574,G01385,hard,0.7560749053955078,0.6869917511940002,0.06908315420150757,3
U01244,G01082,deberíamos irnos.,pa'a'kawa'su' ñapalli,nuwanta'wa',U01505,G01321,medium,0.7560749053955078,0.6021589636802673,0.15391594171524048,5
U01355,G01182,dímelo.,wintu'u,peklu'u,U00055,G00044,hard,0.7423074245452881,0.6752282381057739,0.06707918643951416,4
U01355,G01182,dímelo.,wintu'u,tupiter',U00497,G00409,medium,0.7423074245452881,0.5711289048194885,0.17117851972579956,19
U00791,G00668,necesito esto.,luwantulek asu',nana luwantulek,U00797,G00674,hard,0.8366178274154663,0.760164737701416,0.07645308971405029,3
U00791,G00668,necesito esto.,luwantulek asu',luwantulek sanek,U00539,G00445,medium,0.8366178274154663,0.5793836712837219,0.2572341561317444,4
U01006,G00869,¿puedes andar?,¿yennitapala dekkunta'mak?,¿yennitulama' dekkunta'mamak?,U01007,G00870,hard,0.7852154970169067,0.7281715273857117,0.05704396963119507,5
U01006,G00869,¿puedes andar?,¿yennitapala dekkunta'mak?,yennitulek pa'ak,U00173,G00131,medium,0.7852154970169067,0.63458251953125,0.15063297748565674,14
U00169,G00127,compláceme.,a'sakek'u,a'uktuwu,U01518,G01333,hard,0.7430378794670105,0.6685807108879089,0.07445716857910156,2
U00169,G00127,compláceme.,a'sakek'u,llinser'chu'u,U00277,G00223,medium,0.7430378794670105,0.5869297981262207,0.1561080813407898,11
U00363,G00294,está frío.,sanek'apalli,we'inutapalli,U01704,G01507,hard,0.6948562264442444,0.6322908401489258,0.0625653862953186,3
U00363,G00294,está frío.,sanek'apalli,u'wa'tak analli,U01846,G01641,medium,0.6948562264442444,0.5416769981384277,0.15317922830581665,13
U01258,G01094,¿quién canceló?,¿den ata'wantulli?,¿den wer'lli?,U01261,G01097,hard,0.7994322776794434,0.7313674688339233,0.06806480884552002,8
U01258,G01094,¿quién canceló?,¿den ata'wantulli?,¿den lauk'tulli?,U01259,G01095,medium,0.7994322776794434,0.6340572834014893,0.1653749942779541,15
U01558,G01370,tom obedecerá.,tom latekte'chu,tom chiminchu,U00675,G00565,hard,0.7884085178375244,0.7246842384338379,0.06372427940368652,5
U01558,G01370,tom obedecerá.,tom latekte'chu,tom lun'echu,U01227,G01066,medium,0.7884085178375244,0.6174416542053223,0.17096686363220215,8
U00665,G00555,tom rezó.,tom malla'lli,tom lamapu'lli,U00673,G00563,hard,0.7556780576705933,0.6973992586135864,0.058278799057006836,4
U00665,G00555,tom rezó.,tom malla'lli,tom inllipu'itek'latulli,U01551,G01363,medium,0.7556780576705933,0.6048750877380371,0.15080296993255615,20
U03189,G02964,esa clase de nombres antes no hemos tenido.,tusu'sa' llillinlusa' napi' a'ñiwinekwa'.,a'pimuchun kenmu'wa'ki ñii asu' samer.,U02680,G02455,medium,0.6777973175048828,0.514991283416748,0.16280603408813477,2
U01843,G01638,estaba llorando.,welliek'apawiñi,ellia'pawinek,U01755,G01557,hard,0.704927384853363,0.6194158792495728,0.08551150560379028,4
U01843,G01638,estaba llorando.,welliek'apawiñi,pulunker' ñapawiñi,U01473,G01291,medium,0.704927384853363,0.5433835387229919,0.1615438461303711,12
U00022,G00018,levanta. (pararse),yunsanker',usanker',U00612,G00508,hard,0.6546136140823364,0.6016219854354858,0.052991628646850586,8
U00022,G00018,levanta. (pararse),yunsanker',i'shi'ker',U00399,G00324,medium,0.6546136140823364,0.504187822341919,0.15042579174041748,34
U02882,G02657,dijeron eso y regresando (el joven y otros) vinieron a contar al grupo de personas.,tanni'ma adenchanna' lunchallina' da'mupa'ser nana musun.,"naku'tanni'ma, ukllinantanna', ektu'llina' muyunpak.",U02972,G02747,hard,0.6405569314956665,0.5871412754058838,0.053415656089782715,2
U02882,G02657,dijeron eso y regresando (el joven y otros) vinieron a contar al grupo de personas.,tanni'ma adenchanna' lunchallina' da'mupa'ser nana musun.,nu'siklimaka asu' muyunpa inchilala nu'tullina'.,U02999,G02774,medium,0.6405569314956665,0.4765613377094269,0.16399559378623962,12
U02567,G02342,nosotros no vamos a equivocarnos más. nosotros no vamos a pecar más.,kenmu'wa' a'pinta' tu'aper'interwa'. kenmu'wa' a'pinta' usha'winterwa'.,"kenmu'wa' mutupi muda', kenmu'wa' ñi asu'lupa'dei'npu'.",U03150,G02925,hard,0.6834599375724792,0.6011990904808044,0.0822608470916748,3
U02567,G02342,nosotros no vamos a equivocarnos más. nosotros no vamos a pecar más.,kenmu'wa' a'pinta' tu'aper'interwa'. kenmu'wa' a'pinta' usha'winterwa'.,"ñinchitapalekwa' ali'ladaperunta' nanpi'perkasu', ñi'na ñienpi' lli'dek'i'nekwa'.",U02836,G02611,medium,0.6834599375724792,0.48495975136756897,0.19850018620491028,6
U01051,G00911,está sufriendo.,insek'lutenapalli,chimin'er'kasu'ñapalli,U01540,G01352,hard,0.5928738713264465,0.5342230200767517,0.058650851249694824,18
U01051,G00911,está sufriendo.,insek'lutenapalli,iyasu' nuka'a,U01803,G01600,medium,0.5928738713264465,0.4404835104942322,0.15239036083221436,45
U00587,G00488,está listo.,insek'diperpi ñapalli,intek apalli,U00759,G00638,hard,0.7537190318107605,0.6158793568611145,0.137839674949646,3
U00587,G00488,está listo.,insek'diperpi ñapalli,insek'lutenapalli,U01051,G00911,medium,0.7537190318107605,0.6032508015632629,0.15046823024749756,4
U01470,G01288,¿hay más?,¿ñapalli a'pinda'?,¿nanasa'cha iñer'?,U01119,G00974,hard,0.6809675097465515,0.6080853343009949,0.07288217544555664,2
U01470,G01288,¿hay más?,¿ñapalli a'pinda'?,¿wenche'chu nana?,U01607,G01418,medium,0.6809675097465515,0.501716673374176,0.1792508363723755,6
U02962,G02737,"cuando venía (el tigre negro), con la olla de barro y todo se lo echaron en su cabeza.","ukkapinchasik, uktalek i'la pidanantullina' mutu'ñik.",pitak aku'n peksantunanlek napi'ku'lusa' peksantullina'.,U02348,G02123,hard,0.5616180300712585,0.4664378762245178,0.09518015384674072,2
U02962,G02737,"cuando venía (el tigre negro), con la olla de barro y todo se lo echaron en su cabeza.","ukkapinchasik, uktalek i'la pidanantullina' mutu'ñik.",nana chu'kenpa'tapasik mitan ukllik'inchi sellawalusa' chu'kenapallina'.,U02684,G02459,medium,0.5616180300712585,0.4088265895843506,0.15279144048690796,8
U00539,G00445,necesito hielo.,luwantulek sanek,luwantulliner'ku,U01457,G01275,hard,0.6130550503730774,0.5461610555648804,0.06689399480819702,10
U00539,G00445,necesito hielo.,luwantulek sanek,nana luwantulek,U00797,G00674,medium,0.6130550503730774,0.42611196637153625,0.18694308400154114,18
U00328,G00263,¡lo adoro!,¡tante'ñek!,¡muek'kilala!,U01690,G01494,hard,0.5152873396873474,0.4591318666934967,0.05615547299385071,5
U00328,G00263,¡lo adoro!,¡tante'ñek!,yanampilek,U01746,G01548,medium,0.5152873396873474,0.36497795581817627,0.15030938386917114,26
U01344,G01172,serás bienvenido.,musu' sek'kaperechuner'ken,yuspeinet'echun,U00047,G00037,hard,0.7663209438323975,0.6541361808776855,0.11218476295471191,3
U01344,G01172,serás bienvenido.,musu' sek'kaperechuner'ken,musu' ñape'chek,U02038,G01822,medium,0.7663209438323975,0.5960566997528076,0.17026424407958984,5
U01137,G00990,sigan corriendo.,teka'pa'ku'i'la,tupituku' inpalerianma',U02087,G01869,hard,0.7056196331977844,0.5943309664726257,0.11128866672515869,2
U01137,G00990,sigan corriendo.,teka'pa'ku'i'la,iwa'taper'i'la,U01132,G00985,medium,0.7056196331977844,0.5553696155548096,0.15025001764297485,4
U00558,G00463,ahí voy.,nanek pa'echek,adencha'lek,U00187,G01794,hard,0.7795798778533936,0.6397801637649536,0.13979971408843994,2
U00558,G00463,ahí voy.,nanek pa'echek,adenche'chek,U01092,G00951,medium,0.7795798778533936,0.5924890637397766,0.18709081411361694,4
U01571,G01382,tenemos reglas.,a'ñapallidek la'la'lusa' latek'ak,a'ñapalekwa' da'lusa',U02163,G01943,hard,0.5697600245475769,0.5193037986755371,0.050456225872039795,4
U01571,G01382,tenemos reglas.,a'ñapallidek la'la'lusa' latek'ak,yañinchitullidek,U02171,G01951,medium,0.5697600245475769,0.41777774691581726,0.15198227763175964,18
U01430,G01250,escribo versos.,linserchapalek la'la'lusa',nutulek tanta'shala,U01731,G01533,hard,0.6516355872154236,0.5310875177383423,0.1205480694770813,2
U01430,G01250,escribo versos.,linserchapalek la'la'lusa',alantapalek kulliker',U01711,G01514,medium,0.6516355872154236,0.488401859998703,0.16323372721672058,6
U00875,G00748,mándalo dentro.,aku'ker' kinekla,ka'ker' iñer',U01683,G01488,hard,0.6282989382743835,0.5258195400238037,0.10247939825057983,3
U00875,G00748,mándalo dentro.,aku'ker' kinekla,wiu'su' dekunter',U01371,G01196,medium,0.6282989382743835,0.4668029248714447,0.16149601340293884,7
U00876,G00748,mándalo adentro.,aku'ker' kinekla,da'ker' kinekla,U00026,G00021,hard,0.6670083999633789,0.5936676263809204,0.0733407735824585,3
U00876,G00748,mándalo adentro.,aku'ker' kinekla,yunsuer' adipi,U01015,G00877,medium,0.6670083999633789,0.4955955445766449,0.171412855386734,10
U02334,G02109,"ahora mis hermanas menores, señoras, les voy a contar,","ipa'li'na kai kuaweklusa', senñula'lusa', wintetchenma'","ipa'li'na wilaweklusa' nanapu'si'la luwektapallinerku,",U02268,G02043,hard,0.7615302205085754,0.6727038025856018,0.08882641792297363,2
U02334,G02109,"ahora mis hermanas menores, señoras, les voy a contar,","ipa'li'na kai kuaweklusa', senñula'lusa', wintetchenma'","wilalusa' ipa'la kaschilla' la'leklansa' lunna',",U02325,G02100,medium,0.7615302205085754,0.5985379815101624,0.16299223899841309,4
U01406,G01228,estoy resfriado.,ilusu' ñapalek,mudinui'su' ñapalek,U00216,G00168,hard,0.865710437297821,0.8147355318069458,0.050974905490875244,12
U01406,G01228,estoy resfriado.,ilusu' ñapalek,ñapalek sadasu',U00820,G00696,medium,0.865710437297821,0.7144094109535217,0.15130102634429932,29
U01407,G01228,estoy acatarrado.,ilusu' ñapalek,ñapalek pilli'pi,U00829,G00705,hard,0.7885013222694397,0.7372882962226868,0.05121302604675293,24
U01407,G01228,estoy acatarrado.,ilusu' ñapalek,weipensu' nuka'ka,U00345,G00276,medium,0.7885013222694397,0.6194087266921997,0.16909259557724,40
U00179,G00137,me niego.,luwanchi'nek,luver'chi'nek,U01069,G00928,hard,0.7506559491157532,0.6924312710762024,0.05822467803955078,6
U00179,G00137,me niego.,luwanchi'nek,ñinchidinupalek,U00813,G00689,medium,0.7506559491157532,0.5838758945465088,0.16678005456924438,22
U00412,G00332,firme aquí.,linsercher' asek,wa'tenku' asek,U00445,G00361,hard,0.7097036242485046,0.6500009298324585,0.05970269441604614,9
U00412,G00332,firme aquí.,linsercher' asek,tenmian'suer' asu',U00624,G00519,medium,0.7097036242485046,0.5476662516593933,0.16203737258911133,16
U02384,G02159,a la madrugada siguiente una se levanta nuevamente para cutipar (haciéndole hervir otra vez).,dasu'dekpilli yunsa'nnunta'lek ya'pi'dektak.,ipa'linchi a'pi'dektapa'sik ukllapilelli.,U02385,G02160,hard,0.6439865827560425,0.5174146890640259,0.1265718936920166,2
U02384,G02159,a la madrugada siguiente una se levanta nuevamente para cutipar (haciéndole hervir otra vez).,dasu'dekpilli yunsa'nnunta'lek ya'pi'dektak.,ukluka'pasik kenmu'nta' inyalalatulek chitetlla.,U02345,G02120,medium,0.6439865827560425,0.4855805039405823,0.1584060788154602,5
U00423,G00342,¡cuidate!,inluukter',inlu'ukter',U01959,G01749,hard,0.74560546875,0.6820834875106812,0.06352198123931885,4
U00423,G00342,¡cuidate!,inluukter',¡daker'ku'!,U00059,G00047,medium,0.74560546875,0.5872372388839722,0.15836822986602783,12
U00424,G00342,¡te cuidas!,inluukter',¡li'ker'la!,U00464,G00379,hard,0.6960859894752502,0.6312665939331055,0.06481939554214478,5
U00424,G00342,¡te cuidas!,inluukter',¡daker'ku'!,U00059,G00047,medium,0.6960859894752502,0.5419100522994995,0.15417593717575073,12
U01817,G01614,déjanos solos.,ta'itula'udek kudasa',ta'itula'udek yada'llidek,U00386,G00314,hard,0.7426595091819763,0.6263253092765808,0.11633419990539551,2
U01817,G01614,déjanos solos.,ta'itula'udek kudasa',taitula'u'kudek,U00499,G00411,medium,0.7426595091819763,0.5915050506591797,0.15115445852279663,4
U01568,G01379,nos robaron.,aperlliner'kudek,pilli'tulliner'ku',U01720,G01523,hard,0.6608220934867859,0.6057122945785522,0.05510979890823364,2
U01568,G01379,nos robaron.,aperlliner'kudek,pilli'tullina,U01366,G01191,medium,0.6608220934867859,0.5105043649673462,0.1503177285194397,10
U02737,G02512,"en eso que estaba enojado (arákayu), dice que el pueblo se reunió.",nu'an yupasik ima ipa' ipa'linchi ñinanlu' indiuntunñina'.,"peklu'dekllima, intekdudui'su' samellusa' yunsu'lli.",U02608,G02383,hard,0.5840687155723572,0.527971625328064,0.05609709024429321,3
U02737,G02512,"en eso que estaba enojado (arákayu), dice que el pueblo se reunió.",nu'an yupasik ima ipa' ipa'linchi ñinanlu' indiuntunñina'.,"nu'sui'ma pa'apan, ala'lu'sa' wa'anler a'peklu'tulli.",U02664,G02439,medium,0.5840687155723572,0.42065101861953735,0.16341769695281982,6
U00941,G00809,nosotros compartiremos.,kuda a'nañiechidek,kuda ekpekchidek,U00940,G00808,hard,0.6487882733345032,0.5799906253814697,0.06879764795303345,3
U00941,G00809,nosotros compartiremos.,kuda a'nañiechidek,nanadaper a'ñapallidek,U02185,G01965,medium,0.6487882733345032,0.49863705039024353,0.15015122294425964,9
U02830,G02605,ahí se pudrió.,nanek tawetchulli.,nanek ta'wantulli.,U02816,G02591,hard,0.7448658347129822,0.6314391493797302,0.11342668533325195,2
U02830,G02605,ahí se pudrió.,nanek tawetchulli.,nanek sanek'i nanasa'.,U02388,G02163,medium,0.7448658347129822,0.5941178798675537,0.15074795484542847,11
U00565,G00469,estoy flacucho.,sha'mu'su' ñapalek,ukapisu' ñapalek,U00215,G00167,hard,0.831174373626709,0.7697656154632568,0.06140875816345215,14
U00565,G00469,estoy flacucho.,sha'mu'su' ñapalek,ñapalek pilli'pi,U00829,G00705,medium,0.831174373626709,0.6736880540847778,0.15748631954193115,32
U02658,G02433,¡vayamos! y salieron en grupos desde el pueblo.,¡enchuku' pa'awa'! nupullini'ma ñinanluklan.,aperkwi'nterwa'. ¡aner yaperku'tama'! aperku'teklusa' ñerkasu' malek nana nu'tudekllina'.,U02568,G02343,hard,0.7298667430877686,0.588512659072876,0.14135408401489258,2
U02658,G02433,¡vayamos! y salieron en grupos desde el pueblo.,¡enchuku' pa'awa'! nupullini'ma ñinanluklan.,"!paku', adanta'ku'! itudekllini'ma'.",U02529,G02304,medium,0.7298667430877686,0.5521077513694763,0.17775899171829224,3
U00983,G00847,¿nada nuevo?,¿ñimanen nalu?,¿nanasa'cha iñer'?,U01119,G00974,hard,0.586146891117096,0.5301781892776489,0.05596870183944702,2
U00983,G00847,¿nada nuevo?,¿ñimanen nalu?,¿mukankan'inpu'?,U00353,G00284,medium,0.586146891117096,0.43262237310409546,0.1535245180130005,14
U00854,G00730,bailemos.,lansa'wa',luper'awa',U02100,G01881,hard,0.6959725618362427,0.6441085338592529,0.051864027976989746,7
U00854,G00730,bailemos.,lansa'wa',mu'pallidek',U00271,G00217,medium,0.6959725618362427,0.5269334316253662,0.16903913021087646,24
U02415,G02190,"ahí están mi hermana menor florencia, mi hermana menor maría, con ellas hablo.","ma'atana kai kuawek florencia, kai kuawek maría, nawa'lekku lunpalek.","nanalupa' wei ñinanluk ekpanter, awá, itamu a'lek'apalek.",U02283,G02058,medium,0.7408483028411865,0.5435497760772705,0.19729852676391602,2
U00676,G00566,tom pagará.,tom panwilek'techu,tom chiminchu,U00675,G00565,hard,0.8072052001953125,0.7353311777114868,0.07187402248382568,3
U00676,G00566,tom pagará.,tom panwilek'techu,tom lun'echu,U01227,G01066,medium,0.8072052001953125,0.5803942680358887,0.22681093215942383,8
U00129,G00092,¿quién corría?,¿den'ina' teka'lli?,¿den'ina' kana'tulli?,U00131,G00093,hard,0.7042833566665649,0.6342254877090454,0.07005786895751953,9
U00129,G00092,¿quién corría?,¿den'ina' teka'lli?,¿den wer'lli?,U01261,G01097,medium,0.7042833566665649,0.5454651713371277,0.15881818532943726,16
U00130,G00092,¿quién corrió?,¿den'ina' teka'lli?,¿den uk'lli?,U00274,G00220,hard,0.8545872569084167,0.80019211769104,0.05439513921737671,4
U00130,G00092,¿quién corrió?,¿den'ina' teka'lli?,¿den chimiñi?,U00275,G00221,medium,0.8545872569084167,0.6621748208999634,0.19241243600845337,13
U01825,G01621,practiquemos.,impaleriawa',luper'awa',U02100,G01881,hard,0.7007825970649719,0.6449916362762451,0.05579096078872681,9
U01825,G01621,practiquemos.,impaleriawa',tupitawa',U01823,G01619,medium,0.7007825970649719,0.5450541973114014,0.15572839975357056,17
U00744,G00624,no sonrías.,yayamerladata,yalunta',U00490,G00403,hard,0.7388872504234314,0.6604917049407959,0.0783955454826355,4
U00744,G00624,no sonrías.,yayamerladata,yainyututa,U01178,G01026,medium,0.7388872504234314,0.5871116518974304,0.15177559852600098,8
U00105,G00074,enséñamelo. (pasar conocimiento),alek'u,pinaner'u,U00304,G00243,hard,0.6806796789169312,0.623788058757782,0.05689162015914917,11
U00105,G00074,enséñamelo. (pasar conocimiento),alek'u,wiperi'u,U00027,G00022,medium,0.6806796789169312,0.5270630717277527,0.15361660718917847,20
U00068,G00052,lárguese.,¡paku'!,du'awa',U01826,G01622,hard,0.5955708026885986,0.5424538254737854,0.05311697721481323,31
U02065,G01848,¿es venenoso?,¿sulliman wanpalli?,¿sanekwanwiñi?,U00926,G00795,hard,0.5658902525901794,0.5127791166305542,0.053111135959625244,29
U00689,G00576,lo queremos.,tantenlek'wa',idunwa',U00607,G00503,hard,0.6767813563346863,0.5886433720588684,0.08813798427581787,4
U00689,G00576,lo queremos.,tantenlek'wa',lunñidek,U00448,G00364,medium,0.6767813563346863,0.5218490958213806,0.15493226051330566,9
U01593,G01404,estamos trabajando.,saka'tapalekwa',saka'taterwa',U00695,G00582,hard,0.851590633392334,0.7881340384483337,0.06345659494400024,2
U01593,G01404,estamos trabajando.,saka'tapalekwa',lansa'pallidek,U01582,G01393,medium,0.851590633392334,0.6773929595947266,0.17419767379760742,5
U00383,G00312,¡déjeme ir!,¡ta'itula'u'ku yapanta'lek!,ta'itula'u du'echek,U02091,G01873,hard,0.6946930885314941,0.6167484521865845,0.07794463634490967,13
U00383,G00312,¡déjeme ir!,¡ta'itula'u'ku yapanta'lek!,tupi'tu'u,U00302,G00241,medium,0.6946930885314941,0.5132837891578674,0.1814092993736267,21
U01010,G00873,ven enseguida.,wek'ker' ipia'la,wenller' dasu'la,U00476,G00391,hard,0.6075246334075928,0.5551623106002808,0.05236232280731201,4
U01010,G00873,ven enseguida.,wek'ker' ipia'la,nu'ter' ipia'la,U00738,G00618,medium,0.6075246334075928,0.4506863057613373,0.1568383276462555,18
U02149,G01929,son especiales.,u'chimuinchilusa' nuker'ka,saputek'lusa' nuker'ka,U01212,G01053,hard,0.6055532693862915,0.5333713293075562,0.07218194007873535,12
U02149,G01929,son especiales.,u'chimuinchilusa' nuker'ka,sha'mu'su' nuka'ma,U01640,G01450,medium,0.6055532693862915,0.4479146897792816,0.1576385796070099,17
U02723,G02498,"ahí desapareció (en el agua),","nanek wetlli,","unma' yunsu'lli,",U02747,G02522,hard,0.7482717633247375,0.6615681648254395,0.0867035984992981,2
U02723,G02498,"ahí desapareció (en el agua),","nanek wetlli,",nanek ta'wantulli.,U02816,G02591,medium,0.7482717633247375,0.588749885559082,0.15952187776565552,5
U02438,G02213,después su padre murió dejándome sola.,nanekla papina chiminlapillun.,da'wanler kiteklli tatawek.,U02489,G02264,hard,0.6325900554656982,0.5790625214576721,0.05352753400802612,4
U02438,G02213,después su padre murió dejándome sola.,nanekla papina chiminlapillun.,kudei'na ma'sha musu' kankanwapei'ñundek a'pinta' tatawek.,U02261,G02036,medium,0.6325900554656982,0.44355085492134094,0.1890392005443573,11
U01461,G01279,estoy satisfecho.,ñapalek sakeksu',ñapalek da'iyasu',U01776,G01575,hard,0.7308914065361023,0.680707573890686,0.05018383264541626,6
U01461,G01279,estoy satisfecho.,ñapalek sakeksu',ukapisu' ñapalek,U00215,G00167,medium,0.7308914065361023,0.574100911617279,0.15679049491882324,21
U01743,G01545,enseño francés.,a'lek'tapalek frances,ñinchiter' italianu,U01491,G01308,medium,0.7143828868865967,0.5536117553710938,0.16077113151550293,3
U00221,G00173,duele.,ikerlli,yulek,U00777,G00654,medium,0.7648358345031738,0.6041141748428345,0.16072165966033936,2
U00989,G00853,¿estás herida?,¿chacha'wanpala?,¿insek'diperpi ñapala?,U01318,G01147,hard,0.7102788090705872,0.6420096158981323,0.06826919317245483,16
U00989,G00853,¿estás herida?,¿chacha'wanpala?,we'inutusu' ñapala,U00714,G00600,medium,0.7102788090705872,0.5568013787269592,0.15347743034362793,27
U00204,G00157,estoy perdida.,wer'su' ñapalek,chacha'lek ñapalek,U00201,G00154,hard,0.7361707091331482,0.6771392226219177,0.05903148651123047,3
U00204,G00157,estoy perdida.,wer'su' ñapalek,kadulunsu' ñapalek,U01111,G00968,medium,0.7361707091331482,0.5846570134162903,0.1515136957168579,27
U02992,G02767,cuentan que de ahí se trajeron al cura raptándolo por la noche.,"naneklimaka, pacher kencha'llina' apetchanna' dekpilli.",nanek ima wa'ki'lleklli urankasu' supinak ima.,U02888,G02663,hard,0.6054422855377197,0.5515356063842773,0.05390667915344238,3
U02992,G02767,cuentan que de ahí se trajeron al cura raptándolo por la noche.,"naneklimaka, pacher kencha'llina' apetchanna' dekpilli.",naneklimaka asu' nana lanla' pitunta' uwentunta'lli.,U02831,G02606,medium,0.6054422855377197,0.4417833983898163,0.16365888714790344,12
U00526,G00436,te oigo.,lauk'apallien,lu'wañen,U01074,G00933,hard,0.7702123522758484,0.7167618870735168,0.05345046520233154,4
U00526,G00436,te oigo.,lauk'apallien,luantullien,U00535,G00441,medium,0.7702123522758484,0.5965409278869629,0.1736714243888855,5
U00664,G00554,tomás llamó soplando hoja.,chuma peklu'tulli penmek'tan,chuma peklu'tulli,U00663,G00553,medium,0.779746413230896,0.6218693852424622,0.15787702798843384,2
U01573,G01384,nunca hablamos.,ñinpi' lunpi'ñidek,ñinchichi'nekwa'.,U02839,G02614,medium,0.6747007369995117,0.523357629776001,0.15134310722351074,2
U02711,G02486,"los lagos grandes se secaron,","shidek enñi,","kundetchek enñi,",U02713,G02488,hard,0.5797083377838135,0.528019368648529,0.051688969135284424,27
U02711,G02486,"los lagos grandes se secaron,","shidek enñi,",samellusa' iñer wetlli.,U02785,G02560,medium,0.5797083377838135,0.4282670319080353,0.1514413058757782,51
U00544,G00450,yo grité.,kua lamapu'lek,kua a'nadalek,U01398,G01222,hard,0.6348550915718079,0.5630331635475159,0.07182192802429199,2
U00544,G00450,yo grité.,kua lamapu'lek,yamerladalek',U00182,G00139,medium,0.6348550915718079,0.45115384459495544,0.18370124697685242,5
U00158,G00117,entren.,da'encha'ku',pa'llina',U01208,G01049,hard,0.7638591527938843,0.6710216403007507,0.09283751249313354,2
U00158,G00117,entren.,da'encha'ku',yunsuer',U00062,G00048,medium,0.7638591527938843,0.6114528775215149,0.15240627527236938,9
U01425,G01245,tuve cuidado.,inlu'uktuwinek,sanek'wantuwinek,U00775,G00652,hard,0.7040001749992371,0.6168636679649353,0.08713650703430176,2
U01425,G01245,tuve cuidado.,inlu'uktuwinek,ñapawinek saka'tusu',U01757,G01559,medium,0.7040001749992371,0.5411315560340881,0.16286861896514893,8
U00084,G00058,me incliné.,yen'ner'lek',yunsu'pilalek,U02052,G01835,hard,0.6797313690185547,0.6241326928138733,0.055598676204681396,12
U00084,G00058,me incliné.,yen'ner'lek',adencha'lek,U02009,G01794,medium,0.6797313690185547,0.5276304483413696,0.15210092067718506,24
U01245,G01083,¡lo conseguimos!,¡kananekwa'!,kana'llidek,U00051,G00041,hard,0.7316866517066956,0.6448320150375366,0.08685463666915894,4
U01245,G01083,¡lo conseguimos!,¡kananekwa'!,¡kana'tulek!,U00015,G00012,medium,0.7316866517066956,0.5557114481925964,0.17597520351409912,6
U01246,G01083,¡lo logramos!,¡kananekwa'!,kana'llidek,U00051,G00041,hard,0.7450482249259949,0.6419656872749329,0.10308253765106201,5
U01246,G01083,¡lo logramos!,¡kananekwa'!,¡kana'tulek!,U00015,G00012,medium,0.7450482249259949,0.5904635787010193,0.15458464622497559,7
U02714,G02489,el puerto de lluvia se secó.,u'lan untunan enñi.,iñer samer ekpanta'lli.,U02707,G02482,hard,0.6018283367156982,0.5394465923309326,0.062381744384765625,7
U02714,G02489,el puerto de lluvia se secó.,u'lan untunan enñi.,mapapa' yunsu'lli.....,U02750,G02525,medium,0.6018283367156982,0.4488164484500885,0.15301188826560974,13
U02650,G02425,esto así estoy criando.,asu' u'su kua pektawapalek.,nu'amu du'apalek.,U02453,G02228,hard,0.6838109493255615,0.6241726875305176,0.059638261795043945,3
U02650,G02425,esto así estoy criando.,asu' u'su kua pektawapalek.,ipa'la nu'amu asek ñapalek.,U02498,G02273,medium,0.6838109493255615,0.5135754942893982,0.17023545503616333,8
U01741,G01543,estudio francés.,a'lek'apalliner'ku frances,ñinchiter' italianu,U01491,G01308,hard,0.6642505526542664,0.58193039894104,0.08232015371322632,3
U01741,G01543,estudio francés.,a'lek'apalliner'ku frances,lumpallidek frances,U02167,G01947,medium,0.6642505526542664,0.5104963183403015,0.15375423431396484,5
U02027,G01812,quiero conducir.,yaekpa'lek,yapa'lek,U01086,G00945,hard,0.6644883751869202,0.5902344584465027,0.07425391674041748,6
U02027,G01812,quiero conducir.,yaekpa'lek,yunsu'pilalek,U02052,G01835,medium,0.6644883751869202,0.5123170018196106,0.15217137336730957,13
U02028,G01812,quiero manejar.,yaekpa'lek,yapa'lek,U01086,G00945,hard,0.6561160087585449,0.6043124198913574,0.0518035888671875,6
U02028,G01812,quiero manejar.,yaekpa'lek,yunsu'pilalek,U02052,G01835,medium,0.6561160087585449,0.5036362409591675,0.15247976779937744,17
U01645,G01455,¿estás dormido?,¿wichi'su' ñapala?,¿nanpiladasu' ñapala?,U01311,G01142,hard,0.7694624066352844,0.7023270726203918,0.06713533401489258,2
U01645,G01455,¿estás dormido?,¿wichi'su' ñapala?,¿chacha'wanpala?,U00989,G00853,medium,0.7694624066352844,0.6051158308982849,0.1643465757369995,20
U01446,G01264,lo miraré.,lli'echek,lata'echek,U00807,G00683,hard,0.8243762254714966,0.721298098564148,0.10307812690734863,2
U01446,G01264,lo miraré.,lli'echek,mape'chek,U01435,G01255,medium,0.8243762254714966,0.64125657081604,0.18311965465545654,3
U00724,G00890,sé específico.,cheksu' ñiker',ma'shapin'ta ka'ker',U01352,G01179,hard,0.6213036179542542,0.5548344254493713,0.06646919250488281,4
U00724,G00890,sé específico.,cheksu' ñiker',inlu'uk'tuker',U01879,G01673,medium,0.6213036179542542,0.4657731056213379,0.15553051233291626,11
U01029,G00890,no divagues.,cheksu' ñiker',yayamerladata,U00744,G00624,hard,0.5426537990570068,0.49115604162216187,0.05149775743484497,32
U02717,G02492,"arákayu, dice, era un shingurador.",arakayu ima pillektutek.,arakayu ima lanla' akun yunsu'lli.,U02819,G02594,hard,0.6597002148628235,0.6085639595985413,0.05113625526428223,6
U02717,G02492,"arákayu, dice, era un shingurador.",arakayu ima pillektutek.,nanadaper ima'ka arakayu yun pa'lapinantullinerkudek.,U02823,G02598,medium,0.6597002148628235,0.5094579458236694,0.15024226903915405,23
U02760,G02535,arakayu les dijo:,arakayuler itudeklli:,"arakayu ima peklu'deklli, itudeklli:",U02637,G02412,medium,0.9184988737106323,0.7678532600402832,0.15064561367034912,2
U01962,G01752,¿les gustó?,¿iya'tulama?,¿ilañiner'ken?,U01595,G01406,hard,0.6513029932975769,0.5718441009521484,0.07945889234542847,6
U01962,G01752,¿les gustó?,¿iya'tulama?,¿lachek'la?,U00024,G01474,medium,0.6513029932975769,0.4875085651874542,0.16379442811012268,13
U01552,G01364,tom dudó.,tom latek'chi'ñi,tom sha'pi'wiñi,U01556,G01368,medium,0.8233532309532166,0.667746365070343,0.15560686588287354,2
U01948,G01738,¿puedo probármelo?,¿yennitulek lata'ak?,¿yennitulek lli'dek'ak?,U01654,G01462,hard,0.8085517883300781,0.7484666705131531,0.06008511781692505,7
U01948,G01738,¿puedo probármelo?,¿yennitulek lata'ak?,¿yennitula kanan'a'mak?,U01951,G01741,medium,0.8085517883300781,0.657515823841095,0.15103596448898315,17
U00754,G00633,él envejeció.,nana taserpitulli,lliaka'uk enka'lina,U02115,G01896,hard,0.6877334713935852,0.6309062242507935,0.05682724714279175,2
U00754,G00633,él envejeció.,nana taserpitulli,nana uk'lli,U00076,G00190,medium,0.6877334713935852,0.529080331325531,0.1586531400680542,16
U01947,G01737,traeme eso.,keritu'u nana,a'lli'u nana,U01174,G01022,hard,0.7774044871330261,0.6859381794929504,0.09146630764007568,3
U01947,G01737,traeme eso.,keritu'u nana,llinser'ku' nana,U02197,G01977,medium,0.7774044871330261,0.6056672930717468,0.1717371940612793,9
U02317,G02092,para que no se acabe aquí digo yo.,ta'wanchinpu'ek asek tulek kua.,nana a'duk ipa'linchi nanek upellek.,U02367,G02142,hard,0.6412206292152405,0.5284874439239502,0.11273318529129028,3
U02317,G02092,para que no se acabe aquí digo yo.,ta'wanchinpu'ek asek tulek kua.,nanekpi'la a'kasetllek asukallek.,U02353,G02128,medium,0.6412206292152405,0.48488757014274597,0.1563330590724945,9
U01495,G01312,déjame cogerlo.,ta'itula'u pilli'te'chek,ta'itula'u yada'lek,U00385,G00313,hard,0.8037090301513672,0.7272287011146545,0.07648032903671265,3
U01495,G01312,déjame cogerlo.,ta'itula'u pilli'te'chek,taitula'u katu'pe'chen,U00849,G00725,medium,0.8037090301513672,0.6290733814239502,0.174635648727417,17
U03032,G02807,"en otro fierro que corre también tú, ustedes van a viajar cuando nosotros perezcamos, decían las abuelitas.","ali'la wa'natek tekka'a'su' nanek kenmanta', kenmama'nta' pa'achuma' kuda ipa' chimiansekudek, tullina' amishala.","nani'na kenmu'wa' itapallinerkenmu'wa' u'su' pennu'chuma' kenmama'nta' enpi' uklli, tullina' ima amiku'lusa'.",U03030,G02805,hard,0.6887429356575012,0.5745952725410461,0.11414766311645508,2
U03032,G02807,"en otro fierro que corre también tú, ustedes van a viajar cuando nosotros perezcamos, decían las abuelitas.","ali'la wa'natek tekka'a'su' nanek kenmanta', kenmama'nta' pa'achuma' kuda ipa' chimiansekudek, tullina' amishala.","nu'akkui'na ipa'la yalli'lusa', sha'walusa' enchuku' muyunpa luwetchawa' kenmu'wa'nta', ma'pu'si'pa' nana ñinanlu'.",U02840,G02615,medium,0.6887429356575012,0.47763460874557495,0.21110832691192627,3
U01590,G01401,¡estamos atrapados!,¡pilli'pi ñapalekwa'!,¡asek ñapallidek!,U00761,G00640,medium,0.8604937195777893,0.7079195380210876,0.15257418155670166,2
U03198,G02973,"antes les ponían maría, virginia, este, les ponían nombres de los santos antiguamente.","napi' i'na maria, wirkiña aku'llina', ma'i, santu llillinlusa' aku'llina' napi'.","pektalusa'sa', adu, a'lanan, punkapi, asu' pupunlusa', nanasi'ma luwetchullina'.",U02631,G02406,medium,0.7224359512329102,0.5431981682777405,0.17923778295516968,2
U00776,G00653,te encontré.,kaper'llien,luantullien,U00534,G00441,hard,0.5935438871383667,0.5242798328399658,0.06926405429840088,4
U00776,G00653,te encontré.,kaper'llien,lli'echek,U01446,G01264,medium,0.5935438871383667,0.4348111152648926,0.15873277187347412,15
U02840,G02615,"por eso ahora hermanos y hermanas vamos a conocer moyobamba nosotros también, qué tal será esa ciudad.","nu'akkui'na ipa'la yalli'lusa', sha'walusa' enchuku' muyunpa luwetchawa' kenmu'wa'nta', ma'pu'si'pa' nana ñinanlu'.","da'ilek, ipa'la tulekwa' mullin, nanekla nana'ka lli'akwa' kenmu'wa'nta' ipa'la enchekmapu'wa' dektuntulekwa', lunekwa' asu' kaschilla', tullina' papinkuku'lusa'.",U03015,G02790,hard,0.6714446544647217,0.5551036596298218,0.1163409948348999,2
U02840,G02615,"por eso ahora hermanos y hermanas vamos a conocer moyobamba nosotros también, qué tal será esa ciudad.","nu'akkui'na ipa'la yalli'lusa', sha'walusa' enchuku' muyunpa luwetchawa' kenmu'wa'nta', ma'pu'si'pa' nana ñinanlu'.","ipa'la' winterkenma' ma'pu'si'pa' napi' shawala kenma' ñapanna'pi'la idenmalli'na' asu' nerñinalukla uklusa'lek, kaschilla lunlusa'.",U03054,G02829,medium,0.6714446544647217,0.5210686922073364,0.15037596225738525,6
U01791,G01590,es sábado.,sawadu' nuka'a,iyasu' nuka'a,U01803,G01600,hard,0.5911898016929626,0.4845351278781891,0.10665467381477356,4
U01791,G01590,es sábado.,sawadu' nuka'a,mui'su' nuka'a,U01550,G01362,medium,0.5911898016929626,0.437476247549057,0.15371355414390564,13
U01071,G00930,los encontré.,kanandeklek,mapa'lek,U00768,G00646,hard,0.5811997056007385,0.5119119882583618,0.06928771734237671,4
U01071,G00930,los encontré.,kanandeklek,kaper'llien,U00776,G00653,medium,0.5811997056007385,0.4297544062137604,0.15144529938697815,20
U00171,G00129,apresúrate.,wiuker',li'inuter',U00874,G00747,hard,0.6964613199234009,0.6250854134559631,0.07137590646743774,4
U00171,G00129,apresúrate.,wiuker',luwe'chinbuer',U02080,G01862,medium,0.6964613199234009,0.5440834164619446,0.1523779034614563,25
U00356,G00287,se quemó.,uker'lli,tumu'lli,U00968,G00834,hard,0.7130804657936096,0.6427796483039856,0.07030081748962402,10
U00356,G00287,se quemó.,uker'lli,¡wek'lli!,U00755,G00634,medium,0.7130804657936096,0.5626370906829834,0.15044337511062622,20
U02553,G02328,"cuando los niños llegaron (a jeberos), le contaron al gobernante:","nana wilalusa'shima ektu'ntanna', wa'an wintunta'llina':",sa'la'wenkasu' malek ima itudekllina':,U02525,G02300,hard,0.7429091930389404,0.6397011876106262,0.10320800542831421,2
U02553,G02328,"cuando los niños llegaron (a jeberos), le contaron al gobernante:","nana wilalusa'shima ektu'ntanna', wa'an wintunta'llina':",naneklima shawalalusa'ler itullina':,U02605,G02380,medium,0.7429091930389404,0.5783975124359131,0.16451168060302734,6
U02820,G02595,esto les va a devorar a todos los malos,asu'ler pekdadek'etchu mukankinpu'lusa',nanentu pa'erkasu' anaker'chuna' iñerdaper.,U02855,G02630,hard,0.6427297592163086,0.5091004371643066,0.13362932205200195,2
U02820,G02595,esto les va a devorar a todos los malos,asu'ler pekdadek'etchu mukankinpu'lusa',ma'ata'na katu'ta'shadaper ku'tinweklusa'.,U02440,G02215,medium,0.6427297592163086,0.4815577268600464,0.1611720323562622,3
U00937,G00805,te necesitamos.,luwantulliden,katu'pa' luwantula,U01619,G01430,medium,0.7225750088691711,0.5458571314811707,0.1767178773880005,2
U00331,G00266,te vi.,lli'llien,tumu'tullien,U01410,G01231,medium,0.7646543383598328,0.5878937244415283,0.17676061391830444,2
U01655,G01463,¿puedo sentarme?,¿yennitulek du'ak?,¿yennitulek wiperi'a'kik?,U01332,G01160,hard,0.7941358089447021,0.7417269945144653,0.052408814430236816,2
U01655,G01463,¿puedo sentarme?,¿yennitulek du'ak?,¿yennitechek katu'pa'tak?,U00470,G00385,medium,0.7941358089447021,0.6418236494064331,0.15231215953826904,12
U00034,G00029,estoy trabajando.,saka'tapalek,wanerapalek,U01774,G01573,hard,0.8313145041465759,0.7188157439231873,0.11249876022338867,2
U00034,G00029,estoy trabajando.,saka'tapalek,werampalek,U00559,G00464,medium,0.8313145041465759,0.6811762452125549,0.150138258934021,5
U02233,G02008,¿tienen arroz?,¿pumuladawanpalama'?,¿pumuladawanpala?,U02232,G02007,hard,0.6748469471931458,0.5882999897003174,0.08654695749282837,3
U02233,G02008,¿tienen arroz?,¿pumuladawanpalama'?,¿ipa werana?,U01693,G01496,medium,0.6748469471931458,0.5218403339385986,0.15300661325454712,6
U02079,G01862,solo ignórala.,luwe'chinbuer',insek'diper'ker',U00247,G00195,hard,0.5811267495155334,0.4987061321735382,0.08242061734199524,5
U02079,G01862,solo ignórala.,luwe'chinbuer',sekdiperker',U00100,G00069,medium,0.5811267495155334,0.43064579367637634,0.1504809558391571,32
U02080,G01862,ignórala.,luwe'chinbuer',inlli'inuker',U01870,G01664,hard,0.7569214701652527,0.7045683264732361,0.0523531436920166,6
U02080,G01862,ignórala.,luwe'chinbuer',a'nakuker',U00999,G00862,medium,0.7569214701652527,0.6040623784065247,0.15285909175872803,32
U01210,G01051,son ricas.,iyasu'lusa' nuker'ka,sha'pi'su'sa' nuker'ka,U02127,G01907,hard,0.7008013129234314,0.6453574895858765,0.05544382333755493,8
U01210,G01051,son ricas.,iyasu'lusa' nuker'ka,mupisusa' ñapallina',U01546,G01358,medium,0.7008013129234314,0.5271802544593811,0.1736210584640503,13
U00224,G00176,es divertido.,wa'danpintek,mukankan'inpu' nuka'a,U01292,G01123,hard,0.5978211164474487,0.5221999287605286,0.07562118768692017,3
U00224,G00176,es divertido.,wa'danpintek,u'chimusha nuka'a,U01481,G01299,medium,0.5978211164474487,0.4398755729198456,0.15794554352760315,7
U01003,G00866,¿puedes ayudar?,¿yennitula katu'pa'ta'mak?,¿yennitechek katu'pa'tak?,U00470,G00385,hard,0.8799920678138733,0.8008170127868652,0.07917505502700806,5
U01003,G00866,¿puedes ayudar?,¿yennitula katu'pa'ta'mak?,yennitulek katu'pa'a'kik,U01713,G01516,medium,0.8799920678138733,0.7208465933799744,0.15914547443389893,9
U01931,G01722,has cambiado.,a'pawilek'la,kana'tula,U00133,G00095,medium,0.628512442111969,0.46462514996528625,0.16388729214668274,2
U01998,G01784,"¡apúrensen, muchachas!",¡wiuku' wilalunlusa!,¡wiuker' wila!,U01997,G01783,hard,0.6509015560150146,0.567413866519928,0.08348768949508667,5
U01998,G01784,"¡apúrensen, muchachas!",¡wiuku' wilalunlusa!,¡wanerku' enmu'pinenpu'su'!,U03067,G02842,medium,0.6509015560150146,0.49364158511161804,0.1572599709033966,8
U03187,G02962,antes no. a augusto le decían akushupi.,napi'i'na ma'sha augusto itullina' akushupi.,nanasa' winterkenma' arakayuki.,U02815,G02590,medium,0.6530917882919312,0.47028645873069763,0.18280532956123352,2
U01988,G01774,"genial, ¿no?",u'chimuinchi ¿i'ya?,¿mukankan'inpu'?,U00353,G00284,medium,0.7369109392166138,0.5229576826095581,0.21395325660705566,2
U02339,G02114,se hace así.,nu'tulek u'su'.,asu' saka'tapalli,U00646,G00539,hard,0.6253827810287476,0.5625219345092773,0.06286084651947021,2
U02339,G02114,se hace así.,nu'tulek u'su'.,nu'amu du'apalek.,U02453,G02228,medium,0.6253827810287476,0.458865761756897,0.16651701927185059,8
U01361,G01187,agárrate fuerte.,pili'ker' ikersu',tupiter' inpalerian,U02086,G01868,hard,0.6384586095809937,0.5775508284568787,0.06090778112411499,5
U01361,G01187,agárrate fuerte.,pili'ker' ikersu',aden'cher' wiuk'su',U00293,G00232,medium,0.6384586095809937,0.47455933690071106,0.1638992726802826,16
U02975,G02750,"él ha explicado: a ellos no los traten así, a ellos no los maten, ellos no han venido a matar dijo el intérprete.","naneima a'lachiktulli aner yanu'tudektama' asu' yadi'tudektama', nawa' uk'i'ñina' ya'di'nna' tullima nana a'lachikta'su'.","nu'unti'ma aper'kulli. yalun'i'ñi uncha'n muyunpakla ma'pu'si'pa' lli'lli senñulalusa', ñima nanapinta' yalun'i'ñi, ta'tula'nna' pa'llina'.",U03035,G02810,hard,0.6209531426429749,0.5626673102378845,0.05828583240509033,4
U02975,G02750,"él ha explicado: a ellos no los traten así, a ellos no los maten, ellos no han venido a matar dijo el intérprete.","naneima a'lachiktulli aner yanu'tudektama' asu' yadi'tudektama', nawa' uk'i'ñina' ya'di'nna' tullima nana a'lachikta'su'.","tekkinchi ala'sa' dadapu mudi'ma lli'tulli. lli'anna' imanantullina', lli'anna' ñi enpi' lli'inpu'erkasu'.",U02981,G02756,medium,0.6209531426429749,0.4695693850517273,0.15138375759124756,10
U00283,G00228,jesús.,kishu,yamer,U00018,G00015,hard,0.574142575263977,0.4700435996055603,0.10409897565841675,2
U00283,G00228,jesús.,kishu,yunsuer',U00062,G00048,medium,0.574142575263977,0.4232521057128906,0.15089046955108643,5
U00086,G00059,durmiendo,wicha'palek,neriapalek,U00827,G00703,hard,0.6821067929267883,0.5993512272834778,0.08275556564331055,4
U00086,G00059,durmiendo,wicha'palek,nampilek,U00546,G00452,medium,0.6821067929267883,0.5187484622001648,0.16335833072662354,9
U01132,G00985,sigue cavando.,iwa'taper'i'la,pada'sa'tapalli,U01806,G01603,hard,0.7055105566978455,0.6518429517745972,0.05366760492324829,5
U01132,G00985,sigue cavando.,iwa'taper'i'la,intek weranpalli,U00760,G00639,medium,0.7055105566978455,0.5412273406982422,0.16428321599960327,10
U02512,G02287,cuentan que antiguamente el gobernante (de jeberos) se levantó y habló:,napi' ima wa'an yunsa'n luñi:,chiminla'pi'n ima lunpalli:,U02950,G02725,hard,0.6614195108413696,0.5844299793243408,0.07698953151702881,9
U02512,G02287,cuentan que antiguamente el gobernante (de jeberos) se levantó y habló:,napi' ima wa'an yunsa'n luñi:,"tullima nana lunanpichita'su', tullima nana wa'lata'su':",U02935,G02710,medium,0.6614195108413696,0.5042596459388733,0.15715986490249634,19
U01502,G01318,comamos fuera.,adipi ka'awa',dek'kuntapallidek' wapu',U02169,G01949,hard,0.6456519365310669,0.5721398591995239,0.07351207733154297,2
U01502,G01318,comamos fuera.,adipi ka'awa',neriawa' asek,U02103,G01884,medium,0.6456519365310669,0.49245089292526245,0.15320104360580444,5
U02208,G01985,deberían quedarse.,llia'a'mamasu' ñapalli,pa'a'masu' ñapalli,U01621,G01432,hard,0.69776850938797,0.6172286868095398,0.08053982257843018,2
U02208,G01985,deberían quedarse.,llia'a'mamasu' ñapalli,wencha'winsu',U01701,G01504,medium,0.69776850938797,0.5413469076156616,0.15642160177230835,10
U01816,G01613,¡déjame sola!,ta'itula'u kuasa',ta'itula'u pae'chek,U01810,G01607,hard,0.5916613936424255,0.5367427468299866,0.054918646812438965,16
U01816,G01613,¡déjame sola!,ta'itula'u kuasa',alli'u,U00107,G00075,medium,0.5916613936424255,0.4349852204322815,0.15667617321014404,45
U01529,G01342,sigue positivo.,musuk'i'la lli'inuper',ñaper' lu'uk'tan,U00728,G00610,hard,0.5343507528305054,0.4777139127254486,0.05663684010505676,9
U01529,G01342,sigue positivo.,musuk'i'la lli'inuper',luntaper'i'la,U01135,G00988,medium,0.5343507528305054,0.38313406705856323,0.15121668577194214,32
U00883,G00755,¡quieto ahí!,¡yalenmekta nanek!,du'ker' asek,U00246,G00194,hard,0.6580483913421631,0.5966519117355347,0.06139647960662842,3
U00883,G00755,¡quieto ahí!,¡yalenmekta nanek!,mapu'sina asek',U00522,G00433,medium,0.6580483913421631,0.5044821500778198,0.15356624126434326,10
U00870,G00744,bájalo.,u'nu'wanger',a'nakuker',U00999,G00862,hard,0.6108801364898682,0.5586287379264832,0.05225139856338501,18
U01858,G01652,tienen vino.,a'ñapallina' vinu',a'ñapala' vinu',U01613,G01424,hard,0.8049595355987549,0.6992285847663879,0.10573095083236694,2
U01858,G01652,tienen vino.,a'ñapallina' vinu',a'ñapallidek vinu',U01238,G01077,medium,0.8049595355987549,0.6306547522544861,0.1743047833442688,3
U02086,G01868,sigue practicando.,tupiter' inpalerian,saka'tapalli,U01129,G00982,hard,0.5362298488616943,0.4813893139362335,0.054840534925460815,14
U02086,G01868,sigue practicando.,tupiter' inpalerian,nantapitek ñiker',U01044,G00904,medium,0.5362298488616943,0.38425275683403015,0.15197709202766418,35
U02241,G02016,no fuma.,ku'la u'wa'ta'pi'ñi,ku'la dai'nchu,U00232,G00182,hard,0.7173970937728882,0.6171828508377075,0.10021424293518066,2
U02241,G02016,no fuma.,ku'la u'wa'ta'pi'ñi,ku'la iker'i'ñi,U02066,G01849,medium,0.7173970937728882,0.5624825954437256,0.1549144983291626,7
U02917,G02692,esa fiera les comió a todos dijo eso y (el gobernador) hizo que se preparen y les aconsejaron:,"nana anaka'ler pekdadeklli tan ima a'insekdiperdeklli, musu pilendek'anna':",nakupila'ser yasaka'tanna' nana kaschilla lu'nsu'lek peklu'dek'an itudeklli:,U03059,G02834,hard,0.7076238393783569,0.5870029926300049,0.12062084674835205,2
U02917,G02692,esa fiera les comió a todos dijo eso y (el gobernador) hizo que se preparen y les aconsejaron:,"nana anaka'ler pekdadeklli tan ima a'insekdiperdeklli, musu pilendek'anna':","tullima nana lunanpichita'su', tullima nana wa'lata'su':",U02935,G02710,medium,0.7076238393783569,0.5243584513664246,0.18326538801193237,4
U01709,G01512,comí demasiado.,nakusu' weranek,nakusu' sanekwantulek,U01105,G00963,hard,0.5968402624130249,0.511651337146759,0.08518892526626587,3
U01709,G01512,comí demasiado.,nakusu' weranek,yawichi'winek,U01091,G00950,medium,0.5968402624130249,0.44221749901771545,0.15462276339530945,11
U02626,G02401,entonces tratémosle bien para que él también nos trate bien dijo un viejo.,nu'pachi munu'tawa' nananta' munu'ta'kudik tullima ala'sa' taserpi.,kudei'na ma'sha musu' kankanwapei'ñundek a'pinta' tatawek.,U02261,G02036,hard,0.5672927498817444,0.48621097207069397,0.08108177781105042,3
U02626,G02401,entonces tratémosle bien para que él también nos trate bien dijo un viejo.,nu'pachi munu'tawa' nananta' munu'ta'kudik tullima ala'sa' taserpi.,"kenmu'wa' mutupi muda', kenmu'wa' ñi asu'lupa'dei'npu'.",U03150,G02925,medium,0.5672927498817444,0.4107447862625122,0.15654796361923218,11
U00100,G00069,guárdalo.,sekdiperker',inlli'inuer',U01871,G01665,hard,0.7169514298439026,0.6142949461936951,0.10265648365020752,2
U00100,G00069,guárdalo.,sekdiperker',sekdiperker' mutu'penkek,U00860,G00736,medium,0.7169514298439026,0.5592133402824402,0.1577380895614624,5
U00939,G00807,sobrevivimos.,chiminllinkekla nampipalekwa',chimianpilallidek.,U02332,G02107,medium,0.7490828633308411,0.5633038878440857,0.18577897548675537,3
U01778,G01577,me dispararon.,ilanñiner'ku,tenpu'llinerku',U02134,G01914,hard,0.755001425743103,0.6668605208396912,0.08814090490341187,8
U01778,G01577,me dispararon.,ilanñiner'ku,madettanna' a'ullinerku.,U02454,G02229,medium,0.755001425743103,0.56264728307724,0.19235414266586304,11
U01956,G01746,¿puedes abrirlo?,¿yennitula ek'ker'cha'mak?,¿yennitulek pilli'tak?,U01336,G01164,hard,0.7279476523399353,0.6633479595184326,0.06459969282150269,4
U01956,G01746,¿puedes abrirlo?,¿yennitula ek'ker'cha'mak?,¿yennitula wichi'a'mak?,U01337,G01165,medium,0.7279476523399353,0.5647911429405212,0.16315650939941406,24
U00542,G00448,yo recuerdo.,kua lli'inutapalek,kua a'nadalek,U01398,G01222,hard,0.6412505507469177,0.5820770859718323,0.05917346477508545,2
U00542,G00448,yo recuerdo.,kua lli'inutapalek,kua lamapu'lek,U00544,G00450,medium,0.6412505507469177,0.4874648153781891,0.15378573536872864,7
U02426,G02201,lloro porque mis hijos se van todos a la chacra y me quedo sola.,willeklek wilaweklusa' chiketllapitapallinerku menmik.,a'pinta' luwektapa'nkusui'na ku'aperwawa suda'su'.,U02272,G02047,hard,0.5957491397857666,0.5093570947647095,0.08639204502105713,3
U02426,G02201,lloro porque mis hijos se van todos a la chacra y me quedo sola.,willeklek wilaweklusa' chiketllapitapallinerku menmik.,kua usha'wanek a'lek'inpu'dek'amu wilaweklusa'.,U02303,G02078,medium,0.5957491397857666,0.44475167989730835,0.15099745988845825,9
U01318,G01147,¿estás lista?,¿insek'diperpi ñapala?,¿wer'su' ñapala?,U00990,G00854,hard,0.7577409148216248,0.7034528255462646,0.05428808927536011,3
U01318,G01147,¿estás lista?,¿insek'diperpi ñapala?,¿tekinchi'cha' ñapalama?,U00994,G00857,medium,0.7577409148216248,0.6054940223693848,0.15224689245224,19
U02487,G02262,comiendo eso he crecido.,nana ka'amu susulek.,asu' u'su kua pektawapalek.,U02650,G02425,hard,0.6807504892349243,0.6234735250473022,0.05727696418762207,2
U02487,G02262,comiendo eso he crecido.,nana ka'amu susulek.,nu'amu du'apalek.,U02453,G02228,medium,0.6807504892349243,0.5160055756568909,0.16474491357803345,7
U01600,G01411,¿qué haremos?,¿ma'nen'a'cha nu'taterwa'?,¿a'ta'wantulekwa'?,U00715,G01724,medium,0.8189756870269775,0.6663448214530945,0.15263086557388306,2
U02953,G02728,dijo el duende puro hueso mientras se quemaba.,tullima lansi' wa'dan uker'apan.,enpu'nipi'ma ituwetchapalli ulunta'su'.,U02549,G02324,hard,0.6505204439163208,0.5796794891357422,0.07084095478057861,2
U02953,G02728,dijo el duende puro hueso mientras se quemaba.,tullima lansi' wa'dan uker'apan.,naneklimaka asu' nana lanla' pitunta' uwentunta'lli.,U02831,G02606,medium,0.6505204439163208,0.49958574771881104,0.15093469619750977,14
U03046,G02821,"toda cosa había ahí, cuando han dicho he escuchado.","dudinpu' ñiwiñi nanek, ta'ser lauktulek.","nanek ima ñinanlu' indiuntuñina' nanentu, wa'anler peklu'deklli.",U02834,G02609,medium,0.7291008234024048,0.4661531448364258,0.262947678565979,2
U00738,G00618,hazlo ahorita.,nu'ter' ipia'la,nana pu'su' yanu'tutama',U00741,G00621,hard,0.580529510974884,0.5166183114051819,0.06391119956970215,3
U00738,G00618,hazlo ahorita.,nu'ter' ipia'la,lenme'ker' ipa,U01833,G01629,medium,0.580529510974884,0.4221284091472626,0.15840110182762146,11
U03074,G02849,"así vamos a hacer entonces, dijeron haciendo mazo.",nu'awa' nu'pachi tanni'ma llisanala nu'tanna'.,nu'anna' eklli pur'awa' tullini'ma.,U02517,G02292,hard,0.661350667476654,0.603620171546936,0.05773049592971802,2
U03074,G02849,"así vamos a hacer entonces, dijeron haciendo mazo.",nu'awa' nu'pachi tanni'ma llisanala nu'tanna'.,nanek ima nu'unta' ipa' wa'latapallina'.,U02902,G02677,medium,0.661350667476654,0.49679940938949585,0.1645512580871582,7
U02749,G02524,"la taricaya salió,","damer'ita yunsu'lli,","ukilasu'tundek enñi,",U02712,G02487,hard,0.7210766077041626,0.6548469066619873,0.06622970104217529,9
U02749,G02524,"la taricaya salió,","damer'ita yunsu'lli,","sennanlusa'nta' enñi,",U02710,G02485,medium,0.7210766077041626,0.5690489411354065,0.1520276665687561,13
U00860,G00736,memorízalo.,sekdiperker' mutu'penkek,sekdiperker',U00100,G00069,hard,0.6289187669754028,0.5444252490997314,0.08449351787567139,4
U00860,G00736,memorízalo.,sekdiperker' mutu'penkek,li'inuter',U00874,G00747,medium,0.6289187669754028,0.47232308983802795,0.15659567713737488,7
U02612,G02387,¿tienen candela?,¿pen a'cha a'ñapalama'?,¿pen ipa' kellama'?,U02618,G02393,hard,0.6273528933525085,0.5578395128250122,0.06951338052749634,5
U02612,G02387,¿tienen candela?,¿pen a'cha a'ñapalama'?,¿ma'lusa' samellusa'cha luwantulama'?,U02629,G02404,medium,0.6273528933525085,0.46482500433921814,0.1625278890132904,17
U01748,G01550,quiero renunciar.,yayunsu'lek,yunsu'pilalek,U02052,G01835,hard,0.7904788851737976,0.6977493762969971,0.09272950887680054,2
U01748,G01550,quiero renunciar.,yayunsu'lek,luwanchi'nek,U00179,G00137,medium,0.7904788851737976,0.6292980313301086,0.16118085384368896,5
U01270,G01105,tú primera.,nanentupen,kuanta',U00101,G00070,hard,0.5770821571350098,0.47320985794067383,0.10387229919433594,7
U01270,G01105,tú primera.,nanentupen,kenma chiminllinkekla nampila,U01289,G01120,medium,0.5770821571350098,0.4108951985836029,0.16618695855140686,19
U00763,G00641,¡qué curioso!,¡empu'ni ñinchidinusu'ta'!,¡enpu'ni saka'dek'ipa'!,U01053,G00913,hard,0.6931055784225464,0.6147541999816895,0.07835137844085693,4
U00763,G00641,¡qué curioso!,¡empu'ni ñinchidinusu'ta'!,!embu'ni uchutek'ipa'!,U00954,G00821,medium,0.6931055784225464,0.5353384613990784,0.15776711702346802,10
U00790,G00667,los necesito.,luwantudek'lek,nana luwantulek,U00797,G00674,hard,0.7336556315422058,0.6397444009780884,0.09391123056411743,3
U00790,G00667,los necesito.,luwantudek'lek,luwantulek katu'pa',U00788,G00665,medium,0.7336556315422058,0.5786160826683044,0.15503954887390137,8
U01101,G00960,estoy descalzo.,inapilante'ñapalek,wer'su' ñapalek,U00204,G00157,hard,0.801267147064209,0.7492285370826721,0.052038609981536865,29
U01101,G00960,estoy descalzo.,inapilante'ñapalek,makek saka'tapi'nek,U01775,G01574,medium,0.801267147064209,0.6405733227729797,0.16069382429122925,40
U02675,G02450,sólo con su mujer pandillaba.,sadinleksi'ma chu'kenñi.,sapana'lusa'sa' pekpillina'.,U02704,G02479,hard,0.5097044706344604,0.4311477839946747,0.07855668663978577,4
U02675,G02450,sólo con su mujer pandillaba.,sadinleksi'ma chu'kenñi.,papinalek teksusudeklek.,U02437,G02212,medium,0.5097044706344604,0.35643982887268066,0.15326464176177979,24
U03201,G02976,ahora no se puede entender.,ipa'la lacheknawi'ñina'.,ipa'li'na nui'ñina'.,U02349,G02124,hard,0.7255254983901978,0.6723743081092834,0.05315119028091431,2
U03201,G02976,ahora no se puede entender.,ipa'la lacheknawi'ñina'.,ipa'la a'pinta' kupin ukta lli'tapi'ñi.,U02365,G02140,medium,0.7255254983901978,0.5741139650344849,0.1514115333557129,3
U00341,G00274,estoy borracho.,lupersu' ñapalek,kaluwi'su' ñapalek,U00210,G00162,hard,0.8047569990158081,0.7546228170394897,0.05013418197631836,17
U00341,G00274,estoy borracho.,lupersu' ñapalek,nakusu' weranek,U01709,G01512,medium,0.8047569990158081,0.6332519054412842,0.17150509357452393,39
U00342,G00274,estoy tomada.,lupersu' ñapalek,mudinui'su' ñapalek,U00216,G00168,hard,0.7302349209785461,0.6779307723045349,0.05230414867401123,28
U00342,G00274,estoy tomada.,lupersu' ñapalek,neriapalek,U00827,G00703,medium,0.7302349209785461,0.5379043817520142,0.19233053922653198,40
U01977,G01765,¿le quieres?,¿luwantapala?,¿asu' luwantula?,U01624,G01435,hard,0.6994674801826477,0.6175150871276855,0.08195239305496216,4
U01977,G01765,¿le quieres?,¿luwantapala?,luwantulliden,U00937,G00805,medium,0.6994674801826477,0.5438804030418396,0.1555870771408081,8
U02870,G02645,"dijeron esto y se alistaron, mandaron a hacer masato a sus señoras para llevar.","tanni'ma insekdipellina', uklulu'nenna' a'nu'tullina' sadina' yekpanna'.","naku'tanni'ma, ukllinantanna', ektu'llina' muyunpak.",U02972,G02747,hard,0.692649781703949,0.6316956281661987,0.060954153537750244,2
U02870,G02645,"dijeron esto y se alistaron, mandaron a hacer masato a sus señoras para llevar.","tanni'ma insekdipellina', uklulu'nenna' a'nu'tullina' sadina' yekpanna'.","wadunni'ma chintanna', adenchanna' ñinanluk luncha'llina'.",U02655,G02430,medium,0.692649781703949,0.5288853645324707,0.16376441717147827,6
U01519,G01334,¿empiezo?,¿tenmiansu'chek?,¿tekinchi?,U00044,G00036,hard,0.7126791477203369,0.6300979256629944,0.08258122205734253,3
U01519,G01334,¿empiezo?,¿tenmiansu'chek?,¿nu'techu'?,U01907,G01701,medium,0.7126791477203369,0.5268399119377136,0.1858392357826233,8
U01337,G01165,¿puedes dormir?,¿yennitula wichi'a'mak?,¿yennitulek wiperi'a'kik?,U01332,G01160,medium,0.8310399651527405,0.6449716687202454,0.18606829643249512,2
U03047,G02822,sólo eso he hablado. ahora me voy a levantar y me voy a ir por otra parte.,nanasa' lunek. ipa'li'na kua yunsanpateku nellupa' pa'achek.,inlasiser'chek. lauknunta' asek kui'na usunma' ka'ku'.,U02537,G02312,hard,0.7481276392936707,0.6384590268135071,0.10966861248016357,2
U03047,G02822,sólo eso he hablado. ahora me voy a levantar y me voy a ir por otra parte.,nanasa' lunek. ipa'li'na kua yunsanpateku nellupa' pa'achek.,"ukllinantusik ipa'linchi pamu'lek, a'du'lek uktak.",U02343,G02118,medium,0.7481276392936707,0.5452818870544434,0.2028457522392273,3
U01915,G01706,pareces cansado.,saka'ta'masu'pu'su' lli'tula,denlekpin'ta' ñapala,U01635,G01445,medium,0.7040884494781494,0.5086759328842163,0.1954125165939331,6
U03002,G02777,"lloraron entre ellos, se besaron las manos, así dijeron como dialogando con sus compadres. ahí bebiendo todas estas cosas hablaban. 8 probablemente el narrador hace alusión a los espa ñoles conocidos como apu'tek y sekputchek. véanse las narraciones siguientes.","inwellektanna', inmusha'iteklanna', tullini'ma kunpallinenna' luntanna'pu'su'. nanek uwanna', tusu'sa' luñina'.","shunka' ekkilala, shunka' ínkatu', shunka' alei'teklun ku'apellusa'pu'su' pa'llina'. iñer uku'latukun.",U03007,G02782,hard,0.727939784526825,0.6550044417381287,0.07293534278869629,2
U03002,G02777,"lloraron entre ellos, se besaron las manos, así dijeron como dialogando con sus compadres. ahí bebiendo todas estas cosas hablaban. 8 probablemente el narrador hace alusión a los espa ñoles conocidos como apu'tek y sekputchek. véanse las narraciones siguientes.","inwellektanna', inmusha'iteklanna', tullini'ma kunpallinenna' luntanna'pu'su'. nanek uwanna', tusu'sa' luñina'.","tekkinchi walek kunparinenna' pilli'iteklatanna', kumarinenna' pilli'iteklatanna', musha'iteklanna', yensunna', willekllina'.",U03204,G02979,medium,0.727939784526825,0.5388496518135071,0.18909013271331787,4
U03020,G02795,dice que cargadas en la espalda las trajeron queriendo hacerles conocer.,pipekdek'anni'ma kencha'dekllina' ya'luwerdek'anna'.,lli'kuñina' chipetcheklusa'sa' pektentapa'ser nanek.,U02921,G02696,hard,0.5859189629554749,0.5229738354682922,0.06294512748718262,6
U03020,G02795,dice que cargadas en la espalda las trajeron queriendo hacerles conocer.,pipekdek'anni'ma kencha'dekllina' ya'luwerdek'anna'.,nerpi'la llillin aku'llina' ñinchiluinpu'la'pi'na'.,U03196,G02971,medium,0.5859189629554749,0.4301368296146393,0.15578213334083557,18
U00654,G00545,tomás conduce.,chuma ekpa'palli,pawanpalli chuma,U01873,G01667,hard,0.6175239086151123,0.5124377608299255,0.10508614778518677,5
U00654,G00545,tomás conduce.,chuma ekpa'palli,tom a'lektapalli,U00917,G00787,medium,0.6175239086151123,0.46663808822631836,0.15088582038879395,9
U00007,G00005,¡incendio!,¡ukeñan!,¡luntuu!,U00632,G00527,hard,0.6302148699760437,0.5784242749214172,0.051790595054626465,10
U00007,G00005,¡incendio!,¡ukeñan!,¡ipia'lasha!,U00072,G00054,medium,0.6302148699760437,0.47748470306396484,0.15273016691207886,35
U01877,G01671,tom luchará.,tom idenmechu,tom wellek'echu,U00674,G00564,hard,0.7493899464607239,0.6800939440727234,0.06929600238800049,5
U01877,G01671,tom luchará.,tom idenmechu,tom lun'echu,U01227,G01066,medium,0.7493899464607239,0.5363101363182068,0.2130798101425171,8
U00618,G00514,sonría.,yamerladaker',tuluner'ker',U00621,G00516,hard,0.7430746555328369,0.6336314678192139,0.10944318771362305,3
U00618,G00514,sonría.,yamerladaker',yamerladalek',U00182,G00139,medium,0.7430746555328369,0.581098198890686,0.16197645664215088,4
U01159,G01011,"ah, entiendo.","ah, lachek'apalek",ñinchitapalek lun'ak,U00518,G00429,medium,0.7330432534217834,0.5117679238319397,0.22127532958984375,2
U02564,G02339,"las jóvenes también, alzando la vista, mirando al cielo, mirando las estrellas, lloraban.","wilalunlusa'nta kuten'anna', kekkilu'tek lli'anna', tandulalusa' lli'anna', willekllina'.","wilawamui'na nawa' lli'apallinerku, uran'ukeklan3, uweklan, iñerkeklan lli'apallinerku wilaweklusa'.",U02411,G02186,hard,0.7609202265739441,0.6890943646430969,0.07182586193084717,3
U02564,G02339,"las jóvenes también, alzando la vista, mirando al cielo, mirando las estrellas, lloraban.","wilalunlusa'nta kuten'anna', kekkilu'tek lli'anna', tandulalusa' lli'anna', willekllina'.","ñiñi'wa pekla'su', wawaser willek'a'su', llise'nkasu', diwek'erkasu', peklu'terkasu'.",U02570,G02345,medium,0.7609202265739441,0.601494550704956,0.15942567586898804,5
U02131,G01911,me ignoraron.,luwer'chi'ñiner'ku,ilanñiner'ku,U01778,G01577,hard,0.7639914751052856,0.6621477603912354,0.10184371471405029,2
U02131,G01911,me ignoraron.,luwer'chi'ñiner'ku,luwer'chuwiñiner'ku,U01197,G01038,medium,0.7639914751052856,0.6104651093482971,0.15352636575698853,3
U00779,G00656,tengo tiempo.,manennu'tapi'nek,añapalek yanu'tak,U02008,G01793,hard,0.6626057624816895,0.6084643602371216,0.05414140224456787,2
U00779,G00656,tengo tiempo.,manennu'tapi'nek,yakatupa'tulek,U01745,G01547,medium,0.6626057624816895,0.4955652356147766,0.16704052686691284,14
U00947,G00815,estamos cansados.,saka'tusu' ñapalidek,wer'su' ñapallidek,U00699,G00585,hard,0.8082937598228455,0.7570582628250122,0.05123549699783325,10
U00947,G00815,estamos cansados.,saka'tusu' ñapalidek,uki'lallidek,U01564,G01375,medium,0.8082937598228455,0.6560338139533997,0.1522599458694458,22
U01952,G01742,¿puedes oírme?,¿yennitula lauk'a'muk?,¿yennitula lauk'a'mudek?,U01953,G01743,hard,0.8227691650390625,0.7364922761917114,0.08627688884735107,2
U01952,G01742,¿puedes oírme?,¿yennitula lauk'a'muk?,¿yennitulek lata'ak?,U01948,G01738,medium,0.8227691650390625,0.6507503390312195,0.17201882600784302,3
U01811,G01608,llévalo contigo.,ekpa'ker kenmalek,wenller' kenmasa',U00474,G00389,hard,0.5928421020507812,0.5081613063812256,0.08468079566955566,2
U01811,G01608,llévalo contigo.,ekpa'ker kenmalek,ka'ker' iñer',U01683,G01488,medium,0.5928421020507812,0.44278156757354736,0.1500605344772339,11
U01771,G01571,estoy apurado.,wiuk'apalek,nupek'pi ñapalek,U00339,G00272,hard,0.7510839700698853,0.6970019340515137,0.05408203601837158,32
U01771,G01571,estoy apurado.,wiuk'apalek,yen'nichi'nek,U00315,G00251,medium,0.7510839700698853,0.591001570224762,0.1600823998451233,41
U00637,G00835,engañaron.,tumu'llina',dekllina',U00643,G00536,hard,0.7427487969398499,0.6904416084289551,0.052307188510894775,5
U00637,G00835,engañaron.,tumu'llina',uker'llina',U00891,G00763,medium,0.7427487969398499,0.5780912041664124,0.1646575927734375,12
U00969,G00835,hicieron trampa.,tumu'llina',indek'llina',U00641,G00534,hard,0.6677861213684082,0.5876834392547607,0.08010268211364746,8
U00969,G00835,hicieron trampa.,tumu'llina',iñer' tumu'llina',U01685,G01490,medium,0.6677861213684082,0.5158122181892395,0.1519739031791687,22
U00160,G00329,agárralo.,pilli'ter',i'shi'ker',U00399,G00324,hard,0.7150580883026123,0.6603389978408813,0.05471909046173096,12
U00160,G00329,agárralo.,pilli'ter',kawiter',U00733,G00874,medium,0.7150580883026123,0.5620019435882568,0.15305614471435547,24
U00286,G00329,captúralo.,pilli'ter',pinaner'ker',U00350,G00281,hard,0.687053918838501,0.5538316369056702,0.1332222819328308,7
U00286,G00329,captúralo.,pilli'ter',a'tashunker',U00920,G00790,medium,0.687053918838501,0.5278271436691284,0.15922677516937256,11
U00289,G00329,atrápalo.,pilli'ter',anu'ker',U00149,G00109,hard,0.7370339035987854,0.6771218180656433,0.05991208553314209,7
U00289,G00329,atrápalo.,pilli'ter',neriker',U00886,G00758,medium,0.7370339035987854,0.580869734287262,0.15616416931152344,20
U00405,G00329,¡cogedlo!,pilli'ter',¡dakuta'ker'!,U01170,G01020,hard,0.7082816362380981,0.6548635363578796,0.053418099880218506,17
U00405,G00329,¡cogedlo!,pilli'ter',nu'ter',U00887,G00759,medium,0.7082816362380981,0.5564430356025696,0.15183860063552856,35
U00406,G00329,¡arrestadlo!,pilli'ter',¡inlu'uk'ter!,U02228,G02003,hard,0.6757893562316895,0.6255770325660706,0.050212323665618896,10
U00406,G00329,¡arrestadlo!,pilli'ter',¡paku'!,U00068,G00052,medium,0.6757893562316895,0.5214599370956421,0.15432941913604736,21
U00407,G00329,¡prendedlo!,pilli'ter',¡latada'ker'!,U01182,G01029,hard,0.714087724685669,0.6627791523933411,0.05130857229232788,14
U00407,G00329,¡prendedlo!,pilli'ter',tupiter',U00497,G00409,medium,0.714087724685669,0.562676191329956,0.1514115333557129,33
U02325,G02100,los niños ahora hablan sólo el castellano,"wilalusa' ipa'la kaschilla' la'leklansa' lunna',",ipa'la asu' shaya'lusa' inllinsellina' asu' ladanenna'.,U03013,G02788,hard,0.61530601978302,0.48171788454055786,0.13358813524246216,2
U02325,G02100,los niños ahora hablan sólo el castellano,"wilalusa' ipa'la kaschilla' la'leklansa' lunna',",nu'unta'shasi'pa' wilaweklusa' lachek'apilanti'ñina'.,U02414,G02189,medium,0.61530601978302,0.4650398790836334,0.1502661406993866,3
U00309,G00300,es rico. (sabor),iyalli,musha'lli,U01368,G01193,hard,0.5840568542480469,0.514432966709137,0.06962388753890991,10
U00309,G00300,es rico. (sabor),iyalli,nalu' nuka'a,U00226,G00178,medium,0.5840568542480469,0.43161314725875854,0.15244370698928833,23
U00369,G00300,es agradable. (sabor),iyalli,¡u'chimuinchi!,U00300,G00239,hard,0.5420608520507812,0.48737379908561707,0.054687052965164185,20
U02010,G01795,sigo estornudando.,a'shupalekpi'la,yamerladaper'i'la,U02083,G01865,hard,0.7037789225578308,0.6091617941856384,0.09461712837219238,4
U02010,G01795,sigo estornudando.,a'shupalekpi'la,lun'aper'i'la,U01139,G00992,medium,0.7037789225578308,0.5149379372596741,0.18884098529815674,7
U01713,G01516,puedo ayudarte.,yennitulek katu'pa'a'kik,yennitulek'wa' katu'pa'a'kik,U02160,G01940,hard,0.8803002238273621,0.7587675452232361,0.12153267860412598,2
U01713,G01516,puedo ayudarte.,yennitulek katu'pa'a'kik,¿yennitulek katu'pa'a'kik?,U01651,G01460,medium,0.8803002238273621,0.7111188769340515,0.16918134689331055,3
U01160,G01012,sonrian.,yamerladaku',tuluner'ker',U00621,G00516,hard,0.6685210466384888,0.5587155818939209,0.10980546474456787,4
U01160,G01012,sonrian.,yamerladaku',yayamerladata,U00744,G00624,medium,0.6685210466384888,0.501841127872467,0.16667991876602173,5
U01382,G01207,"apúrate, tom.",wiuk'er' tom,wa'tenker' tom,U01037,G00898,hard,0.6231056451797485,0.5542938709259033,0.06881177425384521,4
U01382,G01207,"apúrate, tom.",wiuk'er' tom,tom chi'ye'klli,U00911,G00781,medium,0.6231056451797485,0.46242570877075195,0.16067993640899658,6
U02104,G01885,quedémonos acá.,llia'awa' asek,wanerawa' asek,U02105,G01886,hard,0.8690269589424133,0.7961640954017639,0.07286286354064941,3
U02104,G01885,quedémonos acá.,llia'awa' asek,du'ker' asek,U00246,G00194,medium,0.8690269589424133,0.7029653787612915,0.16606158018112183,9
U00448,G00364,conversamos.,lunñidek,yamerlek'wa',U00685,G00573,hard,0.6584218740463257,0.599491536617279,0.05893033742904663,9
U00448,G00364,conversamos.,lunñidek,weranwa',U00387,G00315,medium,0.6584218740463257,0.5065067410469055,0.15191513299942017,21
U02694,G02469,"se rabió, lloró, tuvo mucha pena arákayu.","yulli, willeklli, wa'inutulli arakayu.","ya'ullini'ma uklulu', arakayu iyui'ñi.",U02673,G02448,medium,0.8294849991798401,0.6104645133018494,0.21902048587799072,2
U00332,G00267,me tropecé.,pi'ser'katulek,ilu enka'lliu,U02250,G02025,hard,0.7384507060050964,0.6846474409103394,0.05380326509475708,5
U00332,G00267,me tropecé.,pi'ser'katulek,kaper'llien,U00776,G00653,medium,0.7384507060050964,0.5870394110679626,0.1514112949371338,18
U02263,G02038,siendo señorita encontré marido.,wilaluntamu sudawek kananek.,ala'sa' ku'aperwawa luwektapallun.,U02273,G02048,hard,0.6417492032051086,0.5250374674797058,0.11671173572540283,2
U02263,G02038,siendo señorita encontré marido.,wilaluntamu sudawek kananek.,nanpiapamu wilawanek.,U02264,G02039,medium,0.6417492032051086,0.48376816511154175,0.1579810380935669,3
U01045,G00905,él gritó.,nana lamapu'lli,ilanñi,U01172,G01021,hard,0.7124341726303101,0.6490187048912048,0.06341546773910522,2
U01045,G00905,él gritó.,nana lamapu'lli,nana ikerlli,U00635,G00530,medium,0.7124341726303101,0.5506064891815186,0.1618276834487915,12
U00564,G00468,estoy soltero.,ku'aper'wi'nek,kulliker'wi'nek,U00207,G00160,hard,0.7359877824783325,0.6571753621101379,0.07881242036819458,2
U00564,G00468,estoy soltero.,ku'aper'wi'nek,pekuipi ñapalek,U00213,G00165,medium,0.7359877824783325,0.5853403806686401,0.15064740180969238,8
U01077,G00936,necesito agua.,luwantulek dek',luwantulek sanek,U00539,G00445,hard,0.6590067744255066,0.6039624214172363,0.055044353008270264,6
U01077,G00936,necesito agua.,luwantulek dek',luwantulek asu',U00791,G00668,medium,0.6590067744255066,0.5052865147590637,0.15372025966644287,15
U02497,G02272,"entonces, mucho he sufrido para hacer educar a mis hijos.",iya'linchi muinchi kua insekluten'amu wilaweklusa' a'ñinchillintudeklek.,nu'amui'na i'pa amishawek teksusullun wilaluntulek.,U02262,G02037,hard,0.6401984691619873,0.5654617547988892,0.07473671436309814,3
U02497,G02272,"entonces, mucho he sufrido para hacer educar a mis hijos.",iya'linchi muinchi kua insekluten'amu wilaweklusa' a'ñinchillintudeklek.,nu'amui'na wadeklek wilaweklusa'.,U02265,G02040,medium,0.6401984691619873,0.4885675609111786,0.15163090825080872,8
U03197,G02972,"ahora ponen, este, giovana, y otros nombres más.","ipa'la aku'llina', ma'i, giovanna, ma'nen ilipa'.","pillek'an, tanan, dankumelli a'pinta' tanan.",U02752,G02527,hard,0.5807873010635376,0.5302198529243469,0.050567448139190674,3
U03197,G02972,"ahora ponen, este, giovana, y otros nombres más.","ipa'la aku'llina', ma'i, giovanna, ma'nen ilipa'.","- nansek, asui'na iker'adu, asui'na ..ma'i.. a'lanan, asu' nerkala, terek, dunanser.... itudekllima.",U02654,G02429,medium,0.5807873010635376,0.4304664731025696,0.15032082796096802,8
U01907,G01701,¿lo harás?,¿nu'techu'?,¿nu'tula?,U01965,G01754,hard,0.7588784694671631,0.6720545887947083,0.08682388067245483,3
U01907,G01701,¿lo harás?,¿nu'techu'?,¿wenche'chun?,U01646,G01456,medium,0.7588784694671631,0.6055379509925842,0.15334051847457886,7
U00948,G00816,somos gemelos.,insilan nuka'kawa',iin nuka'kawa,U01892,G01686,hard,0.7143639326095581,0.6642299294471741,0.05013400316238403,4
U00948,G00816,somos gemelos.,insilan nuka'kawa',chiminllinkekla nampipalekwa',U00939,G00807,medium,0.7143639326095581,0.5513990521430969,0.16296488046646118,11
U00631,G00526,estudia mucho.,ninchiter' wapu',saka'ta'masu'pu'su' lli'tula,U01915,G01706,hard,0.6416957378387451,0.5139466524124146,0.12774908542633057,2
U00631,G00526,estudia mucho.,ninchiter' wapu',lu'uktutek'ken ñiker,U00996,G00859,medium,0.6416957378387451,0.46376365423202515,0.17793208360671997,5
U01616,G01427,pareces enfermo.,kaluwinanpu'su' lli'tula,denlekpin'ta' ñapala,U01635,G01445,medium,0.7289225459098816,0.506261944770813,0.2226606011390686,6
U01162,G01014,ábrela.,ek'ker'cher',a'sanek'ker',U01017,G00879,hard,0.6453025341033936,0.5895180702209473,0.05578446388244629,17
U00673,G00563,tom gritó.,tom lamapu'lli,tom peklu'tulli,U00649,G00541,hard,0.879550039768219,0.7959510684013367,0.08359897136688232,4
U00673,G00563,tom gritó.,tom lamapu'lli,tom aper'lli,U00655,G00546,medium,0.879550039768219,0.7072438597679138,0.17230618000030518,11
U01641,G01451,estás dormido.,wichi'su' ñapala,denlekpin'ta' ñapala,U01635,G01445,hard,0.7391178607940674,0.6800578236579895,0.05906003713607788,2
U01641,G01451,estás dormido.,wichi'su' ñapala,we'inutusu' ñapala,U00714,G00600,medium,0.7391178607940674,0.5690814256668091,0.1700364351272583,14
U02128,G01908,cenaron.,werañina',llia'llina',U00639,G00533,hard,0.7668786644935608,0.6239293217658997,0.14294934272766113,2
U02128,G01908,cenaron.,werañina',dekllina',U00643,G00536,medium,0.7668786644935608,0.5876561403274536,0.17922252416610718,4
U02639,G02414,"no tengan miedo,","aner yatek kuatama',","nadi'neklusa',",U02320,G02095,hard,0.6345487833023071,0.5818079113960266,0.05274087190628052,4
U02639,G02414,"no tengan miedo,","aner yatek kuatama',","ñi luwetchi'ñina' asu' tukuner,",U02633,G02408,medium,0.6345487833023071,0.47606968879699707,0.15847909450531006,14
U00355,G00286,¿eres tú?,¿kenma'cha'?,¿kenma?,U01903,G01697,hard,0.8677817583084106,0.7667092680931091,0.10107249021530151,3
U00355,G00286,¿eres tú?,¿kenma'cha'?,¿kenmashasa' ñapala?,U01309,G01140,medium,0.8677817583084106,0.6796608567237854,0.18812090158462524,4
U02381,G02156,"entonces con lo que se ha mascado (entre varias mujeres) se endulza. 2 ramichi, en español regional.",ipa'linchi ukdinu'ta'kasu'lek a'kasetllek.,ipa'linchi a'pi'dektapa'sik ukllapilelli.,U02385,G02160,hard,0.494077205657959,0.41640040278434753,0.07767680287361145,2
U02381,G02156,"entonces con lo que se ha mascado (entre varias mujeres) se endulza. 2 ramichi, en español regional.",ipa'linchi ukdinu'ta'kasu'lek a'kasetllek.,"ukllinantusik ipa'linchi pamu'lek, a'du'lek uktak.",U02343,G02118,medium,0.494077205657959,0.34389418363571167,0.15018302202224731,15
U01491,G01308,aprende italiano.,ñinchiter' italianu,alek'apalliner'ku ingles,U02023,G01808,medium,0.7448713779449463,0.46999111771583557,0.2748802602291107,2
U02910,G02685,(el gobernante) les mandó.,a'pa'deklli.,ilanñi,U01172,G01021,hard,0.5998032689094543,0.4739384651184082,0.12586480379104614,2
U02910,G02685,(el gobernante) les mandó.,a'pa'deklli.,nana katu'patulli,U00220,G00172,medium,0.5998032689094543,0.44583797454833984,0.1539652943611145,3
U02528,G02303,"los policías fueron (hacia los niños enfermos), les quitaron sus pescados y les dijeron:",wala'wanlusa'ler pa'an samenñenna' siwetchudek'an,"nanima pennu'pilenchan, unchan itudeklli:",U02520,G02295,hard,0.6004856824874878,0.5087853074073792,0.09170037508010864,10
U02528,G02303,"los policías fueron (hacia los niños enfermos), les quitaron sus pescados y les dijeron:",wala'wanlusa'ler pa'an samenñenna' siwetchudek'an,"tullima nana lunanpichita'su', tullima nana wa'lata'su':",U02935,G02710,medium,0.6004856824874878,0.4384106695652008,0.162075012922287,19
U01055,G00915,¡qué romántico!,¡enpu'ni mupenchipa'!,¡musa'ka'tuna!,U00159,G00118,hard,0.6366395950317383,0.5851296186447144,0.051509976387023926,14
U01055,G00915,¡qué romántico!,¡enpu'ni mupenchipa'!,¡enpu'ni aperpipa'!,U01054,G00914,medium,0.6366395950317383,0.4847497344017029,0.1518898606300354,31
U02883,G02658,"entonces contaron por acá hay un hombre puro hueso y sus intestinos le cuelgan,","naneklima luncha'llina' asu'lupa' lansi'sa' ala'sa' ya'lli, dullinen iñer ukunpala'lli,","naneklima ipa'linchi pacherler aku'lli kenmami'na makanma', maka aku'deklli.",U03164,G02939,hard,0.6247106194496155,0.48141130805015564,0.14329931139945984,2
U02883,G02658,"entonces contaron por acá hay un hombre puro hueso y sus intestinos le cuelgan,","naneklima luncha'llina' asu'lupa' lansi'sa' ala'sa' ya'lli, dullinen iñer ukunpala'lli,","ipa'linchi ñinanlu' indiuntun tulli,",U02738,G02513,medium,0.6247106194496155,0.4717719256877899,0.15293869376182556,3
U02637,G02412,dice que arákayu llamó (a los peces) y le dijo (a la gente):,"arakayu ima peklu'deklli, itudeklli:",arakayuler itudeklli:,U02760,G02535,hard,0.8590248823165894,0.7583283185958862,0.10069656372070312,2
U02637,G02412,dice que arákayu llamó (a los peces) y le dijo (a la gente):,"arakayu ima peklu'deklli, itudeklli:",arakayu ima luntulli wa'anler.,U02672,G02447,medium,0.8590248823165894,0.6786403656005859,0.18038451671600342,3
U01923,G01714,estaban felices.,musu' ñapawiñina',muisu' kankantullina,U00970,G00836,medium,0.873079776763916,0.674251139163971,0.19882863759994507,2
U02257,G02032,con otra mujer vivían bien.,ali'la ku'apellek nanpillina' musu'.,musu' ñapawiñina',U01923,G01714,medium,0.6555327773094177,0.4684649705886841,0.18706780672073364,2
U00521,G00432,lo dudo.,latek'iñen,luver'chi'nek,U01069,G00928,hard,0.6381118893623352,0.5432140231132507,0.09489786624908447,9
U00521,G00432,lo dudo.,latek'iñen,inanpilechek,U01772,G01572,medium,0.6381118893623352,0.46921390295028687,0.16889798641204834,17
U00210,G00162,estoy enferma.,kaluwi'su' ñapalek,weipensu' ñapalek,U00092,G00064,hard,0.8136318325996399,0.7577669024467468,0.055864930152893066,6
U00210,G00162,estoy enferma.,kaluwi'su' ñapalek,ñapalek a'mechailusu,U02058,G01841,medium,0.8136318325996399,0.6632829308509827,0.15034890174865723,33
U00931,G00800,podemos hablar.,yinnitullidek lunnak,yennitulek lauk'ak,U01393,G01217,hard,0.7741555571556091,0.6503642201423645,0.12379133701324463,2
U00931,G00800,podemos hablar.,yinnitullidek lunnak,yinnitullidek katu'pa'tak,U00930,G00799,medium,0.7741555571556091,0.6002241373062134,0.17393141984939575,4
U02463,G02238,los antiguos lo llevaban a sus chacras.,napi'ku'lusa'ler ekpa'llina' menminennak.,tullina' taserpiku'lusa'.,U02774,G02549,hard,0.670566201210022,0.5954523086547852,0.07511389255523682,2
U02463,G02238,los antiguos lo llevaban a sus chacras.,napi'ku'lusa'ler ekpa'llina' menminennak.,papinkumapu'wa'ku'lusa' nana nu'llina'.,U03193,G02968,medium,0.670566201210022,0.4940221607685089,0.17654404044151306,10
U00031,G00026,perdí. (opuesto de ganar),wer'lliek,anu'lek,U00028,G00023,hard,0.753433346748352,0.6414946913719177,0.11193865537643433,3
U00031,G00026,perdí. (opuesto de ganar),wer'lliek,indei'tulek,U01065,G00924,medium,0.753433346748352,0.5892133712768555,0.16421997547149658,6
U01268,G01103,puedes venir.,yennitula' uk'a'mak,yennitula nu'ta'mak,U01612,G01423,hard,0.7726013660430908,0.6741529703140259,0.09844839572906494,3
U01268,G01103,puedes venir.,yennitula' uk'a'mak,yennitulek adanta'ak,U02000,G01786,medium,0.7726013660430908,0.6113616228103638,0.16123974323272705,8
U02819,G02594,dicen que arákayu puso una ballena y salió (de la región).,arakayu ima lanla' akun yunsu'lli.,tan ima arakayu nana lanla' aku'lli.,U02821,G02596,hard,0.7381621599197388,0.6811936497688293,0.056968510150909424,5
U02819,G02594,dicen que arákayu puso una ballena y salió (de la región).,arakayu ima lanla' akun yunsu'lli.,nana mukankinpu'lalusa'ler arakayu pideknen di'setchullina'.,U02788,G02563,medium,0.7381621599197388,0.5843645930290222,0.15379756689071655,13
U00364,G00295,está fresco.,nalu ñapalli,nanpipalli,U00585,G00486,hard,0.6780619025230408,0.6246135830879211,0.05344831943511963,10
U00364,G00295,está fresco.,nalu ñapalli,ipia'la yennichi'ñi,U01487,G01305,medium,0.6780619025230408,0.5273230075836182,0.1507388949394226,26
U02467,G02242,así el canasto caminaba antiguamente.,nu'su' lantekpi dekkuntuwiñi napi'.,nana lantekpi dekkuntulli.,U02460,G02235,hard,0.695138156414032,0.6295722126960754,0.06556594371795654,3
U02467,G02242,así el canasto caminaba antiguamente.,nu'su' lantekpi dekkuntuwiñi napi'.,nanek ima ipa'linchi tanpen peklu'lli.,U02727,G02502,medium,0.695138156414032,0.5338952541351318,0.16124290227890015,9
U00555,G00460,soy gemelo.,insilanpi nuka'ka,finlandis nuka'ka,U00808,G00684,hard,0.5751034617424011,0.5238428115844727,0.05126065015792847,33
U00555,G00460,soy gemelo.,insilanpi nuka'ka,uku'latak nuker'ka,U01482,G01300,medium,0.5751034617424011,0.42252498865127563,0.1525784730911255,51
U02651,G02426,¿qué más van a necesitar ustedes?,¿ma'nen ila'cha luwantekchuma' kenmama'?,¿den ilanma' a'cha yapa'etchunma'?,U02907,G02682,hard,0.7088714838027954,0.5781826376914978,0.1306888461112976,2
U02651,G02426,¿qué más van a necesitar ustedes?,¿ma'nen ila'cha luwantekchuma' kenmama'?,¿asu' luwantula?,U01624,G01435,medium,0.7088714838027954,0.5254340767860413,0.18343740701675415,3
U01402,G01226,odio volar.,luyulek pennu'ak,luyulek lansa'ak,U01724,G01526,hard,0.5983098149299622,0.5475280284881592,0.05078178644180298,7
U01402,G01226,odio volar.,luyulek pennu'ak,yalansa'lek,U02026,G01811,medium,0.5983098149299622,0.4064022898674011,0.19190752506256104,12
U01403,G01226,detesto volar.,luyulek pennu'ak,luyulek wer'ak,U01405,G01227,hard,0.6496346592903137,0.5598399043083191,0.08979475498199463,9
U01403,G01226,detesto volar.,luyulek pennu'ak,luyulek kerka',U02006,G01791,medium,0.6496346592903137,0.4976605474948883,0.15197411179542542,11
U01453,G01271,estoy agotado.,saka'tusu' ñapalek,ñapalek pilli'pi,U00829,G00705,hard,0.7896687388420105,0.73770672082901,0.05196201801300049,26
U01453,G01271,estoy agotado.,saka'tusu' ñapalek,añapalek kisek'mutu',U02007,G01792,medium,0.7896687388420105,0.6169772148132324,0.17269152402877808,40
U02900,G02675,quizás aparecieron estas nubes para pronosticarnos mal agüero,nu'an asu' kekkilu'tek yunsu'lli ya'lli'minmu'wa' yapekkiwantanminmu'wa',nanek ima nu'unta' itudekllina' kerku' sha'wapenma' uku'lakeru'kudek.,U03005,G02780,hard,0.5957136154174805,0.5350890755653381,0.060624539852142334,2
U02900,G02675,quizás aparecieron estas nubes para pronosticarnos mal agüero,nu'an asu' kekkilu'tek yunsu'lli ya'lli'minmu'wa' yapekkiwantanminmu'wa',kenmu'wa' chimiansikwa' ma'ilipa' lli'tetchu tullini'ma napi'.,U03041,G02816,medium,0.5957136154174805,0.4382365942001343,0.1574770212173462,8
U02573,G02348,todas esas cosas verdad es lo que contaron los viejos que escuchaban cuando iban (a pampayacu).,nanadaper tekkinchinen luñina' taserpilusa' pantanna' lauk'erkasu'.,nu'sik nu'eklima nana muyunpak ektu'llina' tullina' papinkuku'lusa'.,U03004,G02779,hard,0.698574960231781,0.5940616130828857,0.10451334714889526,2
U02573,G02348,todas esas cosas verdad es lo que contaron los viejos que escuchaban cuando iban (a pampayacu).,nanadaper tekkinchinen luñina' taserpilusa' pantanna' lauk'erkasu'.,asu' a'lektupideklusek ñinchitupideklusek nana kaschillasa' luñina'.,U03119,G02894,medium,0.698574960231781,0.49528878927230835,0.20328617095947266,3
U03176,G02951,¿cuál quieres que sea tu santo? les preguntó.,¿enkasu' a'cha santupen luwantula ña'su'? itullima.,¿ma'nen ila'cha luwantekchuma' kenmama'?,U02651,G02426,hard,0.6178008913993835,0.5218111276626587,0.09598976373672485,2
U03176,G02951,¿cuál quieres que sea tu santo? les preguntó.,¿enkasu' a'cha santupen luwantula ña'su'? itullima.,- nu'amuntana luwanpallen. ¿ma'pun a'cha kai kuawek lli'ker'i'ñu? tapalek.,U02420,G02195,medium,0.6178008913993835,0.45064473152160645,0.1671561598777771,4
U02207,G01984,deberías descansar.,neria'masu' ñapalli,i'shiwansu' ñapaku',U00379,G00309,hard,0.6101388931274414,0.5587157011032104,0.05142319202423096,7
U02207,G01984,deberías descansar.,neria'masu' ñapalli,wichi'su' ñapala,U01641,G01451,medium,0.6101388931274414,0.4559352397918701,0.1542036533355713,19
U02833,G02608,"a ver pues, voy a contar ahora cómo se les habrá ocurrido a los shiwilu finados conocer moyobamba.",enta'n lunchek ipa'la asu' ma'pu'sui'pa' kankantanna' shiwiluku'lusa' muyunpa yaluwetchullina'.,ipa'la lunchek ma'pu'si'pa' napi' uketllin asu' panpadek ukuchinlusa'.,U02511,G02286,hard,0.7410587668418884,0.6423529386520386,0.09870582818984985,2
U02833,G02608,"a ver pues, voy a contar ahora cómo se les habrá ocurrido a los shiwilu finados conocer moyobamba.",enta'n lunchek ipa'la asu' ma'pu'sui'pa' kankantanna' shiwiluku'lusa' muyunpa yaluwetchullina'.,enta' winterkenma' ma'pu'si'pa' kineklada' llillin ñilli.,U03147,G02922,medium,0.7410587668418884,0.5357288718223572,0.20532989501953125,6
U01329,G01157,¡llámame después!,¡peklu'u ma'isik!,¡iyasu' lanelliek!,U01793,G01592,hard,0.701255738735199,0.6443815231323242,0.056874215602874756,2
U01329,G01157,¡llámame después!,¡peklu'u ma'isik!,¡ta'itula'u yunsue'chek!,U00599,G00498,medium,0.701255738735199,0.5495248436927795,0.15173089504241943,5
U02855,G02630,los que van a ir primero (el primer grupo) van a perecer todos devorados por las fieras.,nanentu pa'erkasu' anaker'chuna' iñerdaper.,nu'apileklima kencha'llina' inalupa' ku'apellusa' kullikerwanlusa'.,U03019,G02794,hard,0.6313546299934387,0.5764986872673035,0.054855942726135254,2
U02855,G02630,los que van a ir primero (el primer grupo) van a perecer todos devorados por las fieras.,nanentu pa'erkasu' anaker'chuna' iñerdaper.,napi' amishaku'lusa' nu'tullina' ukllin ma'alanlankekla.,U02383,G02158,medium,0.6313546299934387,0.43497785925865173,0.196376770734787,4
U03125,G02900,les voy a contar otro poquito sobre los de habla española que llegaron cargados desde moyobamba acá a jeberos.,enta' wintununterkenma' u'ñishata'la nana ishpaña la'la' lunlusi'mi'na' pipekpi wekllina' muyunpeklan asu' shiwiluk.,ipa'leklanlek a'metchala nu'unta' chilenñusa' yullina' winenllusa' pa'a'ser nanalupa'.,U03095,G02870,hard,0.6446128487586975,0.5508783459663391,0.0937345027923584,3
U03125,G02900,les voy a contar otro poquito sobre los de habla española que llegaron cargados desde moyobamba acá a jeberos.,enta' wintununterkenma' u'ñishata'la nana ishpaña la'la' lunlusi'mi'na' pipekpi wekllina' muyunpeklan asu' shiwiluk.,"ipa'la' winterkenma' ma'pu'si'pa' napi' shawala kenma' ñapanna'pi'la idenmalli'na' asu' nerñinalukla uklusa'lek, kaschilla lunlusa'.",U03054,G02829,medium,0.6446128487586975,0.48718658089637756,0.15742626786231995,6
U02813,G02588,"todos los animales, hasta los terrestres, se han ido por su lado, se han alejado.","dudinpu' asu' lupek pa'a'su'daper ilakapi chiketchullina', wei pa'llina'.","nawei'mi'na nana malek ima nawa' ta'tushalanna' pa'llina', ta'tushalanni'ma dekkuntullina'.",U02971,G02746,hard,0.5583484768867493,0.5037842988967896,0.05456417798995972,5
U02813,G02588,"todos los animales, hasta los terrestres, se han ido por su lado, se han alejado.","dudinpu' asu' lupek pa'a'su'daper ilakapi chiketchullina', wei pa'llina'.","tanni'ma di'ser'itullina' tanpu'nen, pideknen.",U02683,G02458,medium,0.5583484768867493,0.40320396423339844,0.15514451265335083,23
U00231,G00181,prohibido pasar.,ku'la nakui'nchu,empu'ni yaluntama',U00140,G00101,hard,0.6149507164955139,0.5637600421905518,0.05119067430496216,3
U00231,G00181,prohibido pasar.,ku'la nakui'nchu,teka'pa'ku'i'la,U01137,G00990,medium,0.6149507164955139,0.4649321734905243,0.15001854300498962,15
U02020,G01805,lo reconozco.,luwer'chulek,tekdiper'echek,U02037,G01821,hard,0.6607173681259155,0.5775153040885925,0.083202064037323,6
U02020,G01805,lo reconozco.,luwer'chulek,yan'katektulek,U00513,G00424,medium,0.6607173681259155,0.5004330277442932,0.16028434038162231,21
U02266,G02041,los parí y crecieron.,"wadeklek, susullina'.","uper'apilalek, uper'apilalek.",U02368,G02143,hard,0.5805192589759827,0.5180953145027161,0.0624239444732666,4
U02266,G02041,los parí y crecieron.,"wadeklek, susullina'.",taker'apilallina' iñer.,U02309,G02084,medium,0.5805192589759827,0.4265453517436981,0.15397390723228455,12
U03147,G02922,ahora les voy a contar cómo quizás los nombres shiwilu11 han sido.,enta' winterkenma' ma'pu'si'pa' kineklada' llillin ñilli.,da'ilek ala'si'mi'na lachik'apalli asu' shiwilu la'la'.,U02974,G02749,hard,0.5866194367408752,0.5364067554473877,0.05021268129348755,6
U03147,G02922,ahora les voy a contar cómo quizás los nombres shiwilu11 han sido.,enta' winterkenma' ma'pu'si'pa' kineklada' llillin ñilli.,napi' wilashakuñamu asu' shiwilu la'la' mushasu' lunek.,U02399,G02174,medium,0.5866194367408752,0.4299842417240143,0.15663519501686096,16
U00855,G00731,¡hagámoslo!,¡nu'tawa'!,nu'tulek'wa',U00687,G00575,hard,0.8645530939102173,0.7219889163970947,0.14256417751312256,2
U00855,G00731,¡hagámoslo!,¡nu'tawa'!,¡tenmiansu'wa'!,U00852,G00728,medium,0.8645530939102173,0.6682553887367249,0.19629770517349243,3
U00243,G00632,siéntate.,du'ker',du'la'ker',U00416,G00336,hard,0.7911638021469116,0.7274765968322754,0.06368720531463623,4
U00243,G00632,siéntate.,du'ker',tenpu'ker',U00146,G00106,medium,0.7911638021469116,0.6337127685546875,0.15745103359222412,13
U00753,G00632,tome asiento.,du'ker',ipa'la du'ker',U01158,G01010,hard,0.595636248588562,0.5418853163719177,0.05375093221664429,9
U00753,G00632,tome asiento.,du'ker',ta'tuler',U00284,G01027,medium,0.595636248588562,0.44318127632141113,0.15245497226715088,23
U01890,G01684,lo pintaremos.,llinserllidek,inlulen'awa',U02101,G01882,hard,0.6605778336524963,0.6053716540336609,0.05520617961883545,3
U01890,G01684,lo pintaremos.,llinserllidek,lansa'wa',U00854,G00730,medium,0.6605778336524963,0.4901914894580841,0.17038634419441223,11
U02109,G01890,¡feliz navidad!,¡u'chimu ñiñuduker!,¡empu'ni mushipa'!,U00168,G00126,hard,0.628266453742981,0.5754472017288208,0.052819252014160156,7
U02109,G01890,¡feliz navidad!,¡u'chimu ñiñuduker!,¡enpu'ni mupenchipa'!,U01055,G00915,medium,0.628266453742981,0.46696338057518005,0.1613030731678009,27
U00006,G00004,¡fuego!,¡pen!,¡wiuker'!,U00170,G00128,hard,0.6698383092880249,0.6032382249832153,0.06660008430480957,10
U00006,G00004,¡fuego!,¡pen!,¡nu'tawa'!,U00855,G00731,medium,0.6698383092880249,0.5111989378929138,0.15863937139511108,27
U01851,G01646,está claro.,latek'la nañi,latek'lanañi,U01850,G01645,medium,0.6874335408210754,0.5210211873054504,0.166412353515625,3
U01852,G01646,es obvio.,latek'la nañi,latek'lanañi,U01850,G01645,hard,0.6620305180549622,0.5809027552604675,0.08112776279449463,3
U01852,G01646,es obvio.,latek'la nañi,tumu'tek' nuka'a,U02077,G01860,medium,0.6620305180549622,0.5064006447792053,0.15562987327575684,8
U00538,G00444,lo extraño.,lu'wanek,ninchichi'nek,U01728,G01530,hard,0.7024813294410706,0.6489133238792419,0.05356800556182861,4
U00538,G00444,lo extraño.,lu'wanek,indei'tulek,U01065,G00924,medium,0.7024813294410706,0.5455814003944397,0.15689992904663086,18
U01489,G01345,déjelo.,ta'ituler',i'shi'ker',U00399,G00324,hard,0.7213637232780457,0.6430893540382385,0.07827436923980713,6
U01489,G01345,déjelo.,ta'ituler',du'la'ker',U00416,G00336,medium,0.7213637232780457,0.5691070556640625,0.15225666761398315,18
U01532,G01345,ya basta.,ta'ituler',ek'ke'cher',U00102,G00071,hard,0.6133097410202026,0.5607995986938477,0.05251014232635498,13
U01532,G01345,ya basta.,ta'ituler',ta'ituler' pa'i,U01143,G00996,medium,0.6133097410202026,0.46274125576019287,0.15056848526000977,46
U02545,G02320,"a ver qué cosa van a ver ustedes, algo que nunca antes han visto les dijo a los niños.","ma'pu'si'pa' lli'etchuma' kenmama', ñienpi' lli'npu'a'mama'su' itudekllima wilalusa'.","enchuku', inlli'inuku'la' yalli'lusa' enpu'ninchi yawichi'tama' nanpiladaku'.",U02863,G02638,medium,0.7811031937599182,0.510968029499054,0.27013516426086426,2
U03096,G02871,"cuando los barriobajinos van por el barrio alto, las mujeres y los hombres del barrio alto se rabian.","chillenllusa' pa'a'ser winenllupa', winellun winenpenllusa'nta' yullina'.",nana chu'kenpa'tapasik mitan ukllik'inchi sellawalusa' chu'kenapallina'.,U02684,G02459,hard,0.6427603960037231,0.5059639811515808,0.13679641485214233,2
U03096,G02871,"cuando los barriobajinos van por el barrio alto, las mujeres y los hombres del barrio alto se rabian.","chillenllusa' pa'a'ser winenllupa', winellun winenpenllusa'nta' yullina'.","nu'sik sunka'teklusa', sunkapilusa' kananpallina', ama'nna'pu'su' dadektanna' usu'pallina'.",U02574,G02349,medium,0.6427603960037231,0.49005651473999023,0.1527038812637329,3
U00414,G00334,sentate ahí.,du'ker' nanek,kencher' asek,U01325,G01154,hard,0.7522773742675781,0.6595489978790283,0.0927283763885498,5
U00414,G00334,sentate ahí.,du'ker' nanek,adencher' asek,U01660,G01467,medium,0.7522773742675781,0.5814623832702637,0.17081499099731445,16
U02551,G02326,"hasta donde se detuvieron los niños, dice, ardió todo.",nana wilalusa' wanererkek walek ima uketlli.,wilalusa' enmu'pinenwawalusa' ima peklu'deklli.,U03175,G02950,hard,0.5611299276351929,0.4822441041469574,0.07888582348823547,3
U02551,G02326,"hasta donde se detuvieron los niños, dice, ardió todo.",nana wilalusa' wanererkek walek ima uketlli.,naneklimaka asu' nana lanla' pitunta' uwentunta'lli.,U02831,G02606,medium,0.5611299276351929,0.3961177170276642,0.1650122106075287,14
U00168,G00126,¡qué encanto!,¡empu'ni mushipa'!,¡latek'inbu' nuka'a!,U02075,G01858,hard,0.6560401916503906,0.6027916669845581,0.05324852466583252,14
U00168,G00126,¡qué encanto!,¡empu'ni mushipa'!,¡dakuti'ñi!,U01531,G01344,medium,0.6560401916503906,0.505465567111969,0.15057462453842163,34
U01835,G01631,nadie escucha.,ñiden lauk'tapi'ñi,ñiden pek'klu'chi'ñi,U01515,G01330,hard,0.7775291800498962,0.7086465358734131,0.06888264417648315,2
U01835,G01631,nadie escucha.,ñiden lauk'tapi'ñi,ñiden ñinchichi'ñi,U01155,G01007,medium,0.7775291800498962,0.5979148149490356,0.1796143651008606,7
U02712,G02487,"el rayo caño se secó,","ukilasu'tundek enñi,","kundetchek enñi,",U02713,G02488,hard,0.7340121269226074,0.6787930727005005,0.055219054222106934,10
U02712,G02487,"el rayo caño se secó,","ukilasu'tundek enñi,","nu'wanta'sik ima sameller tupitunta'lli,",U02706,G02481,medium,0.7340121269226074,0.5678830742835999,0.16612905263900757,21
U02254,G02029,cuando tenía nueve meses murió mi madre y me crió mi abuelita.,"iskun duker a'ña'seku awawek chiminlapillun, amishawek teksusullun.","wilaku ñamu kawitulek, du'pa'tamu laweklek lunpa'ser.",U02576,G02351,hard,0.620182454586029,0.4880717396736145,0.13211071491241455,2
U02254,G02029,cuando tenía nueve meses murió mi madre y me crió mi abuelita.,"iskun duker a'ña'seku awawek chiminlapillun, amishawek teksusullun.",a'pinta' luwektapa'nkusui'na ku'aperwawa suda'su'.,U02272,G02047,medium,0.620182454586029,0.45901766419410706,0.161164790391922,4
U02762,G02537,"estos malos, cuando no tengan más que comer, hasta lagarto comerán.","asu' mukankinpu'lusa', ñi a'pinta' ma'winpu'pachina', tada ilakapi ka'achuna'.",nana chu'kenpa'tapasik mitan ukllik'inchi sellawalusa' chu'kenapallina'.,U02684,G02459,hard,0.5746786594390869,0.5052242875099182,0.0694543719291687,3
U02762,G02537,"estos malos, cuando no tengan más que comer, hasta lagarto comerán.","asu' mukankinpu'lusa', ñi a'pinta' ma'winpu'pachina', tada ilakapi ka'achuna'.","nu'su' ñapilaterwa' enta' ipa'la, nermuda'lusi'pa' danker'kuñina' shiwiluk.",U03117,G02892,medium,0.5746786594390869,0.41997045278549194,0.15470820665359497,12
U01518,G01333,mándamelo.,a'uktuwu,tupi'tu'u,U00302,G00241,hard,0.7306178212165833,0.6770409345626831,0.053576886653900146,12
U01518,G01333,mándamelo.,a'uktuwu,a'ñinchitu'u,U00850,G00726,medium,0.7306178212165833,0.5802427530288696,0.15037506818771362,24
U00737,G00617,¿ganaste?,¿kana'tula?,¿kana'tapala?,U01943,G01733,hard,0.6886778473854065,0.6196922659873962,0.06898558139801025,7
U00737,G00617,¿ganaste?,¿kana'tula?,¿ma'pu'sin?,U01379,G01204,medium,0.6886778473854065,0.5373741388320923,0.1513037085533142,18
U00488,G00401,no pares.,yataitula'ta,iwa'taper'i'la,U01132,G00985,hard,0.6879346370697021,0.6106628179550171,0.07727181911468506,6
U00488,G00401,no pares.,yataitula'ta,yalamapu'ta,U00494,G00623,medium,0.6879346370697021,0.5333046913146973,0.15462994575500488,14
U01479,G01297,funciona bien.,saka'tapalli musu',saka'tulli.,U00222,G00174,medium,0.7255091071128845,0.5694758892059326,0.1560332179069519,2
U01536,G01348,están aquí.,asek ñapallina',nanek nanpipallina',U02132,G01912,hard,0.8445008397102356,0.775291383266449,0.06920945644378662,2
U01536,G01348,están aquí.,asek ñapallina',asek a'ñapala,U01535,G01347,medium,0.8445008397102356,0.6775757074356079,0.16692513227462769,3
U02700,G02475,dando un brinco se lanzó al agua con su señora.,sekkankatan indi'dektulli sadinlek.,pinter ima sekmu'lli papinku.,U02923,G02698,hard,0.5636902451515198,0.4988652467727661,0.06482499837875366,3
U02700,G02475,dando un brinco se lanzó al agua con su señora.,sekkankatan indi'dektulli sadinlek.,nanek ima wa'ki'lleklli urankasu' supinak ima.,U02888,G02663,medium,0.5636902451515198,0.4112043082714081,0.1524859368801117,27
U01597,G01408,¡qué fiasco!,¡enpu'ni dakuta'ipa'!,¡empu'ni mushipa'!,U00168,G00126,hard,0.7251160144805908,0.6731691956520081,0.051946818828582764,6
U01597,G01408,¡qué fiasco!,¡enpu'ni dakuta'ipa'!,¡ma'nen ñinchichi'na!,U00950,G00818,medium,0.7251160144805908,0.5702428817749023,0.15487313270568848,15
U02143,G01923,son primos.,i'inlusa' nuker'ka,kadu'lusa' nuker'ka,U01206,G01047,hard,0.7135414481163025,0.6588555574417114,0.054685890674591064,3
U02143,G01923,son primos.,i'inlusa' nuker'ka,tekinchilusa' nuker'ka,U02142,G01922,medium,0.7135414481163025,0.5580497980117798,0.1554916501045227,7
U00430,G00347,cayeron.,anu'llina',llia'llina',U00640,G00533,hard,0.8099364042282104,0.7584133744239807,0.051523029804229736,3
U00430,G00347,cayeron.,anu'llina',da'llina',U00903,G00774,medium,0.8099364042282104,0.6575899124145508,0.15234649181365967,13
U02390,G02165,"cuando pasan cuatro días, cuando fermenta, bebemos.","ínkatu' uklli nakusik, deksik, ullidek.","sametchapen panula'udek, chai, yallí' itullima.",U02628,G02403,hard,0.6631832122802734,0.5339766144752502,0.1292065978050232,2
U02390,G02165,"cuando pasan cuatro días, cuando fermenta, bebemos.","ínkatu' uklli nakusik, deksik, ullidek.","eksu', kencha'lek pidik, aku'lek.",U02342,G02117,medium,0.6631832122802734,0.43605858087539673,0.2271246314048767,4
U02575,G02350,cuando contaban yo también a los abuelos ya finados les he escuchado.,"ta'ser kuanta' papinkuku'lusa' laukdeklek, wilakuñamu,",nawa' lu'rnka'su' kudanta' laukta'kudeksu' wilakudek ñamudek lunpallidek.,U03003,G02778,hard,0.5490294694900513,0.48748883605003357,0.0615406334400177,9
U02575,G02350,cuando contaban yo también a los abuelos ya finados les he escuchado.,"ta'ser kuanta' papinkuku'lusa' laukdeklek, wilakuñamu,",kualer a'lek'etchek iñer ñinchita'kasu'.,U02509,G02284,medium,0.5490294694900513,0.39588451385498047,0.1531449556350708,29
U00828,G00704,soy egoísta.,kuakeksa' lli'inupalek,ma'kimpu nuka'ka,U00557,G00462,hard,0.7224640250205994,0.6619051098823547,0.06055891513824463,4
U00828,G00704,soy egoísta.,kuakeksa' lli'inupalek,perchek' nuka'ka,U00203,G00156,medium,0.7224640250205994,0.5484158396720886,0.17404818534851074,25
U02547,G02322,aquí está el árbol inclinado. ¡detengámonos!,ma'atasu' nala inner'apalli. ¡wanera!,- panuudek sametchapen. uki'lallidek.,U02611,G02386,hard,0.6012588739395142,0.5195001363754272,0.08175873756408691,3
U02547,G02322,aquí está el árbol inclinado. ¡detengámonos!,ma'atasu' nala inner'apalli. ¡wanera!,"nerpi'la la'la' ipa' lunpallina', ta'kawa'su'.",U02838,G02613,medium,0.6012588739395142,0.45022574067115784,0.15103313326835632,6
U02677,G02452,"¿qué tipo de hombre es este, arákayu? dijeron los pobladores.",¿ma'pu'lusa' asu' muda' ñan i'na asu' arakayu u'lli? tullini'ma nana ñinanlu'wanlusa'.,"tasellunku'lusa' papinkuku'lusa' du'anna', nana arakayukin luñina'.",U02797,G02572,medium,0.7805262207984924,0.5638827681541443,0.21664345264434814,2
U02755,G02530,esas cochas se secaron.,nana sennanlusa' enñi.,nu'anna' insekkitullina'.,U02940,G02715,hard,0.7113398313522339,0.6498333215713501,0.06150650978088379,3
U02755,G02530,esas cochas se secaron.,nana sennanlusa' enñi.,papinkumapu'wa'ku'lusa' nana nu'llina'.,U03193,G02968,medium,0.7113398313522339,0.5534473061561584,0.15789252519607544,9
U00801,G01817,me despidieron.,usu'lliner'ku,enka'lliner'ku,U00321,G00257,hard,0.8442342281341553,0.7547779083251953,0.08945631980895996,3
U00801,G01817,me despidieron.,usu'lliner'ku,iker'lalak aku'llinerku,U01779,G01578,medium,0.8442342281341553,0.6812806129455566,0.16295361518859863,7
U02033,G01817,fui despedido.,usu'lliner'ku,a'apitulliner'ku,U01088,G00947,hard,0.6339060664176941,0.5817360281944275,0.0521700382232666,3
U02033,G01817,fui despedido.,usu'lliner'ku,inanpilatek ñapawinek,U00802,G00678,medium,0.6339060664176941,0.48336270451545715,0.15054336190223694,26
U02960,G02735,"en lo que estaban llevando, encontraron al tigre negro.",uk'apinlencha'ni'ma kelluluñiñi' kanañina'.,"naku'tanni'ma, ukllinantanna', ektu'llina' muyunpak.",U02972,G02747,hard,0.5690405368804932,0.505459725856781,0.06358081102371216,4
U02960,G02735,"en lo que estaban llevando, encontraron al tigre negro.",uk'apinlencha'ni'ma kelluluñiñi' kanañina'.,nana nu'apasik ima di'serpidektullina'.,U02686,G02461,medium,0.5690405368804932,0.4105874300003052,0.158453106880188,17
U01239,G01078,los amamos.,tanten'ñidek,impaleriawa',U01825,G01621,hard,0.5574562549591064,0.49513766169548035,0.0623185932636261,5
U01239,G01078,los amamos.,tanten'ñidek,yadekllidek,U02173,G01953,medium,0.5574562549591064,0.40026354789733887,0.15719270706176758,18
U00095,G00065,soy viejo.,taserpiku,mukankainpu' nuka'ka,U00205,G00158,hard,0.6198381185531616,0.5663553476333618,0.053482770919799805,25
U00095,G00065,soy viejo.,taserpiku,a'shupalek,U01389,G01214,medium,0.6198381185531616,0.46818315982818604,0.15165495872497559,42
U02973,G02748,cuentan que cando llegaron a moyobamba los que hablaban en lengua inca los quisieron matar.,"ektu'sik ima muyunpak, nana inka' la'la' lunlusa'ler ima, yadi'tudeklli.",nu'sik nu'eklima nana muyunpak ektu'llina' tullina' papinkuku'lusa'.,U03004,G02779,hard,0.5213242769241333,0.4698704481124878,0.05145382881164551,6
U02973,G02748,cuentan que cando llegaron a moyobamba los que hablaban en lengua inca los quisieron matar.,"ektu'sik ima muyunpak, nana inka' la'la' lunlusa'ler ima, yadi'tudeklli.",pitak aku'n peksantunanlek napi'ku'lusa' peksantullina'.,U02348,G02123,medium,0.5213242769241333,0.3710000514984131,0.15032422542572021,38
U00431,G00348,perdieron.,kana'chi'ñina',inwiperi'llina',U00896,G00767,hard,0.6153748035430908,0.5560957789421082,0.059279024600982666,20
U00431,G00348,perdieron.,kana'chi'ñina',inmusha'llina',U00897,G00768,medium,0.6153748035430908,0.45629948377609253,0.1590753197669983,34
U02517,G02292,"luego de hacer eso, dijeron pesquemos mañana.",nu'anna' eklli pur'awa' tullini'ma.,nana nu'amudek ukllidek itullini'ma.,U02980,G02755,hard,0.7475202083587646,0.6276560425758362,0.11986416578292847,2
U02517,G02292,"luego de hacer eso, dijeron pesquemos mañana.",nu'anna' eklli pur'awa' tullini'ma.,nu'awa' nu'pachi tanni'ma llisanala nu'tanna'.,U03074,G02849,medium,0.7475202083587646,0.5876489877700806,0.15987122058868408,3
U01143,G00996,déjalo ir.,ta'ituler' pa'i,ta'itula'u pa'ak,U01144,G00997,hard,0.7382919788360596,0.6819359064102173,0.056356072425842285,4
U01143,G00996,déjalo ir.,ta'ituler' pa'i,ta'ituler',U01532,G01345,medium,0.7382919788360596,0.5848207473754883,0.1534712314605713,12
U02482,G02257,yo he sufrido mucho en mi vida.,kui'na enpu'nipa' insekluten'a'kasu' nanpi'kasu'.,kui'na kaluwi'mu innichi'nek ñi enñupa' pa'a'kasu'.,U02422,G02197,medium,0.621636688709259,0.4601244628429413,0.16151222586631775,2
U01973,G01762,¿le conoce?,¿luwer'chapalli?,¿luwer'chapallien?,U01342,G01170,hard,0.7687455415725708,0.7110822796821594,0.05766326189041138,9
U01973,G01762,¿le conoce?,¿luwer'chapalli?,lli'echu,U01633,G01444,medium,0.7687455415725708,0.604401171207428,0.16434437036514282,15
U02779,G02554,por eso estamos sufriendo.,nu'ak kua' insekluten'apalekwa'.,nana nu'su' aku'llinerkenmu'wa'.,U03192,G02967,hard,0.7044970989227295,0.6505262851715088,0.0539708137512207,2
U02779,G02554,por eso estamos sufriendo.,nu'ak kua' insekluten'apalekwa'.,yampu'su' ñapallidek,U02184,G01964,medium,0.7044970989227295,0.54557865858078,0.15891844034194946,5
U00370,G00301,se terminó.,ta'wan'tulli,chinku'lli,U00501,G00413,hard,0.8048153519630432,0.7274265885353088,0.07738876342773438,5
U00370,G00301,se terminó.,ta'wan'tulli,yutulli,U01698,G01501,medium,0.8048153519630432,0.6501264572143555,0.15468889474868774,15
U02001,G01787,me resfrié.,iluwinek,a'shupalek,U01389,G01214,hard,0.626925528049469,0.5728011131286621,0.054124414920806885,7
U02001,G01787,me resfrié.,iluwinek,musu' ñape'chek,U02038,G01822,medium,0.626925528049469,0.4768874943256378,0.15003803372383118,44
U02246,G02021,está inconsciente.,inlli'inuinsu' ñapalli,sapusu' ñapalli,U00503,G00415,hard,0.7537757754325867,0.6575194597244263,0.0962563157081604,2
U02246,G02021,está inconsciente.,inlli'inuinsu' ñapalli,ipia'la yennichi'ñi,U01487,G01305,medium,0.7537757754325867,0.5799972414970398,0.17377853393554688,3
U02274,G02049,con mi yerno ambos son de buen corazón.,mikekweklek i'la we'chimu1 mukankanlusa'.,ali'la ku'apellek nanpillina' musu'.,U02257,G02032,hard,0.6632415652275085,0.5856537818908691,0.0775877833366394,2
U02274,G02049,con mi yerno ambos son de buen corazón.,mikekweklek i'la we'chimu1 mukankanlusa'.,wilaluntamu sudawek kananek.,U02263,G02038,medium,0.6632415652275085,0.4891375005245209,0.17410406470298767,5
U02818,G02593,allí dice vivía una ballena.,nanek ima lanla' ñilli.,nanek ima ipa'linchi tanpen peklu'lli.,U02727,G02502,hard,0.6215314865112305,0.5682002902030945,0.053331196308135986,9
U02818,G02593,allí dice vivía una ballena.,nanek ima lanla' ñilli.,madupu'su' dekkuntuwiñi.,U02462,G02237,medium,0.6215314865112305,0.4714587926864624,0.15007269382476807,20
U02698,G02473,todos (los animales) que crío me los llevaré al ucayali,iñer pektawawek ekpantetchek ukayerlupa',kuanta' uklupidekwek pekkuituu.,U02377,G02152,hard,0.641150712966919,0.5117666125297546,0.1293841004371643,2
U02698,G02473,todos (los animales) que crío me los llevaré al ucayali,iñer pektawawek ekpantetchek ukayerlupa',napi' sudawek sudatulek.,U02405,G02180,medium,0.641150712966919,0.43839675188064575,0.2027539610862732,4
U01401,G01225,me casé.,sadalek (hombre) / sudalek (mujer),enmu'lek,U00548,G00454,hard,0.6272298097610474,0.5291845798492432,0.0980452299118042,2
U01401,G01225,me casé.,sadalek (hombre) / sudalek (mujer),anu'lek,U00028,G00023,medium,0.6272298097610474,0.46857401728630066,0.1586557924747467,6
U02137,G01917,estaban equivocados.,ñapawiñina' pektunsu',insekdiperpi ñapawiñina',U02136,G01916,hard,0.7269735932350159,0.6715782284736633,0.05539536476135254,3
U02137,G01917,estaban equivocados.,ñapawiñina' pektunsu',saka'tusu' ñapallina',U01548,G01360,medium,0.7269735932350159,0.576714813709259,0.15025877952575684,9
U00574,G00478,¿está bueno?,¿mupallin'cha?,u'chimuinchi ¿i'ya?,U01988,G01774,hard,0.8123260140419006,0.669500470161438,0.14282554388046265,3
U00574,G00478,¿está bueno?,¿mupallin'cha?,¿mudinupallincha?,U01786,G01585,medium,0.8123260140419006,0.6472839713096619,0.16504204273223877,4
U02007,G01792,tengo caspa.,añapalek kisek'mutu',ka'apalek tanta',U00773,G00650,hard,0.545494556427002,0.47864270210266113,0.06685185432434082,3
U02007,G01792,tengo caspa.,añapalek kisek'mutu',luwantulek wayusa',U01419,G01239,medium,0.545494556427002,0.39454951882362366,0.1509450376033783,17
U01332,G01160,¿puedo abrazarte?,¿yennitulek wiperi'a'kik?,¿yennitulek musha'a'kik?,U01653,G01461,hard,0.7152585387229919,0.6492627263069153,0.06599581241607666,8
U01332,G01160,¿puedo abrazarte?,¿yennitulek wiperi'a'kik?,¿yennitula ek'ker'cha'mak?,U01956,G01746,medium,0.7152585387229919,0.5571357011795044,0.15812283754348755,23
U03019,G02794,así seguía hasta que trajeron por acá (por jeberos) mujeres adineradas.,nu'apileklima kencha'llina' inalupa' ku'apellusa' kullikerwanlusa'.,tanni'ma adenchanna' lunchallina' da'mupa'ser nana musun.,U02882,G02657,hard,0.6627085208892822,0.5436118841171265,0.11909663677215576,3
U03019,G02794,así seguía hasta que trajeron por acá (por jeberos) mujeres adineradas.,nu'apileklima kencha'llina' inalupa' ku'apellusa' kullikerwanlusa'.,nu'sikla'nka asu' panpadek sennanlusa' wetlli.,U02808,G02583,medium,0.6627085208892822,0.5111324787139893,0.15157604217529297,5
U00761,G00640,¡aquí estamos!,¡asek ñapallidek!,asek ñapallidek,U00698,G00797,hard,0.857221245765686,0.7259857058525085,0.1312355399131775,2
U00761,G00640,¡aquí estamos!,¡asek ñapallidek!,wanerawa' asek,U02105,G01886,medium,0.857221245765686,0.6466472744941711,0.2105739712715149,5
U00267,G00213,vigílame.,luwuk'tu'u,lli'u,U00266,G00214,hard,0.6726046204566956,0.6089493036270142,0.0636553168296814,6
U00267,G00213,vigílame.,luwuk'tu'u,a'lli'u,U01836,G01632,medium,0.6726046204566956,0.5168132781982422,0.15579134225845337,27
U03121,G02896,"yo soy viejo, tengo setenta años ya.","nu'amudek i'na kua taserpiku' nuka'ka, kui'na kanchis shunka' ekkilalawantulek ipa'.",nanasa' lunek. ipa'li'na kua yunsanpateku nellupa' pa'achek.,U03047,G02822,hard,0.531929075717926,0.4576326310634613,0.07429644465446472,4
U03121,G02896,"yo soy viejo, tengo setenta años ya.","nu'amudek i'na kua taserpiku' nuka'ka, kui'na kanchis shunka' ekkilalawantulek ipa'.",insilanpi nuka'ka,U00555,G00460,medium,0.531929075717926,0.3813125491142273,0.15061652660369873,21
U00658,G00548,tom ayudó.,tom katu'pa'tulli,tom kana'tulli,U00117,G00083,hard,0.910292387008667,0.8033202290534973,0.10697215795516968,2
U00658,G00548,tom ayudó.,tom katu'pa'tulli,tom panwilek'tulli,U00258,G00205,medium,0.910292387008667,0.7513341307640076,0.15895825624465942,4
U01223,G01063,tom tartamudea.,tom musu' lunpi'ñi,tom lamapu'lli,U00673,G00563,hard,0.7022961378097534,0.6495737433433533,0.052722394466400146,11
U01223,G01063,tom tartamudea.,tom musu' lunpi'ñi,tom latek'chi'ñi,U01552,G01364,medium,0.7022961378097534,0.5470747947692871,0.1552213430404663,32
U01224,G01063,tom balbucea.,tom musu' lunpi'ñi,tom mermiñi,U00913,G00783,hard,0.7514383792877197,0.698469877243042,0.052968502044677734,13
U01224,G01063,tom balbucea.,tom musu' lunpi'ñi,tom lauktapalli,U00915,G00785,medium,0.7514383792877197,0.6000800728797913,0.15135830640792847,23
U02791,G02566,nos decían ¿qué quieren escuchar ustedes?,itullinerkudek ¿ma'nen i'na kenmama' yalauklama'?,¿ma'ki'na kenmama' u'lama'? itullinerkudek.,U02794,G02569,hard,0.7602808475494385,0.6535609364509583,0.10671991109848022,2
U02791,G02566,nos decían ¿qué quieren escuchar ustedes?,itullinerkudek ¿ma'nen i'na kenmama' yalauklama'?,¿ma'ki'na kenmama' asu'lupa' uklama'? sa'la' a'dantetchenmu'wa'.,U02526,G02301,medium,0.7602808475494385,0.5287917852401733,0.23148906230926514,3
U03061,G02836,"les voy a dar de beber la chicha punta, su espuma les voy a dar de beber.","a'urkenma' uklupidek, dinpunen a'urkenma'.","u'dun wawalu' wadek'a'kasu', u'dun wawalu' kua teksusu'kasu'.",U02300,G02075,hard,0.6840869784355164,0.5753763318061829,0.1087106466293335,2
U03061,G02836,"les voy a dar de beber la chicha punta, su espuma les voy a dar de beber.","a'urkenma' uklupidek, dinpunen a'urkenma'.","kutunshawek a'ña'kasu', dudinpu' enka'pallinerku.",U02271,G02046,medium,0.6840869784355164,0.5093161463737488,0.17477083206176758,4
U00532,G00662,me gustó.,tantenwinek,inlu'uktuwinek,U01425,G01245,hard,0.5950211882591248,0.5310177803039551,0.06400340795516968,4
U00532,G00662,me gustó.,tantenwinek,yawelliekwinek,U02030,G01814,medium,0.5950211882591248,0.4402357339859009,0.15478545427322388,16
U00785,G00662,la amaba.,tantenwinek,luantullien,U00534,G00441,hard,0.6975260376930237,0.5867411494255066,0.11078488826751709,3
U00785,G00662,la amaba.,tantenwinek,lu'wanwinek,U00786,G00663,medium,0.6975260376930237,0.5469334125518799,0.1505926251411438,7
U02646,G02421,"vino la gamitana,","dunanser uklli,","sennanlusa'nta' enñi,",U02710,G02485,hard,0.7048022747039795,0.648003101348877,0.05679917335510254,4
U02646,G02421,"vino la gamitana,","dunanser uklli,","shidek enñi,",U02711,G02486,medium,0.7048022747039795,0.547049343585968,0.15775293111801147,14
U00904,G00775,ellos gritaron.,nawa lamapu'llina',nawa' inllipu'iteklatullina',U01855,G01649,medium,0.789871096611023,0.6392106413841248,0.1506604552268982,2
U02368,G02143,"se sigue trasladando el líquido, se sigue vaciando (la yuca disuelta).","uper'apilalek, uper'apilalek.","piper'unkellu', pipelladasu'.",U02736,G02511,hard,0.7043967843055725,0.5747268795967102,0.1296699047088623,2
U02368,G02143,"se sigue trasladando el líquido, se sigue vaciando (la yuca disuelta).","uper'apilalek, uper'apilalek.","pi'murllina', a'du'llina'.",U02465,G02240,medium,0.7043967843055725,0.5135810971260071,0.19081568717956543,6
U01066,G00925,no mentí.,tumui'nek,ninchichi'nek,U01728,G01530,hard,0.5809842944145203,0.5278663039207458,0.053117990493774414,6
U01066,G00925,no mentí.,tumui'nek,ka'api'nek,U00772,G00649,medium,0.5809842944145203,0.4302535355091095,0.15073075890541077,26
U00325,G00260,lo sabía.,ñinchituwinek',lli'inutapalek,U00541,G00447,hard,0.571744441986084,0.5183790922164917,0.053365349769592285,20
U00325,G00260,lo sabía.,ñinchituwinek',sanek'wantuwinek,U00775,G00652,medium,0.571744441986084,0.4192599058151245,0.15248453617095947,42
U02074,G01857,es imposible.,yiennichi'nek,ma'kek'pachi'ñi,U02076,G01859,hard,0.6333882808685303,0.5818334221839905,0.051554858684539795,7
U02074,G01857,es imposible.,yiennichi'nek,mukankaninpu',U01854,G01648,medium,0.6333882808685303,0.4823543131351471,0.15103396773338318,19
U01302,G01133,estás cansado.,saka'tusu' ñapala,aper'su' ñapala,U01304,G01135,hard,0.7878023386001587,0.7303507328033447,0.057451605796813965,8
U01302,G01133,estás cansado.,saka'tusu' ñapala,¿yunsansu' ñapala?,U00462,G00378,medium,0.7878023386001587,0.5582223534584045,0.22957998514175415,14
U01330,G01158,¿puedo entrar?,¿yennitulek da'ak?,¿yennitulek ek'llia'ak?,U01334,G01162,hard,0.8442046046257019,0.77046799659729,0.07373660802841187,3
U01330,G01158,¿puedo entrar?,¿yennitulek da'ak?,¿yennitechek katu'pa'tak?,U00470,G00385,medium,0.8442046046257019,0.6883289813995361,0.15587562322616577,10
U01058,G01813,quiero saberlo.,yañinchitulek,yakana'lek,U01424,G01244,hard,0.7314454913139343,0.5838442444801331,0.14760124683380127,3
U01058,G01813,quiero saberlo.,yañinchitulek,luwer'chulek,U02020,G01805,medium,0.7314454913139343,0.5575175285339355,0.17392796277999878,4
U02029,G01813,quiero aprender.,yañinchitulek,yaintekllitulek,U01747,G01549,hard,0.7096914052963257,0.6593776941299438,0.050313711166381836,4
U02029,G01813,quiero aprender.,yañinchitulek,luwantulek na'pia'musu',U01733,G01535,medium,0.7096914052963257,0.5520078539848328,0.15768355131149292,7
U00150,G00110,¡piérdete!,¡wer'ker'!,nu'wanker',U01014,G00876,hard,0.7474625110626221,0.6839451193809509,0.06351739168167114,14
U00150,G00110,¡piérdete!,¡wer'ker'!,¡luntuu!,U00632,G00527,medium,0.7474625110626221,0.5936200618743896,0.15384244918823242,38
U01342,G01170,¿te conozco?,¿luwer'chapallien?,¿luwer'chapalama'u?,U01675,G01481,hard,0.6320906281471252,0.5572308897972107,0.07485973834991455,6
U01342,G01170,¿te conozco?,¿luwer'chapallien?,¿luwer'chapalama'udek?,U01676,G01482,medium,0.6320906281471252,0.4733053743839264,0.15878525376319885,21
U02142,G01922,son correctos.,tekinchilusa' nuker'ka,iñer' ñinchitulusa' nuker'ka,U01300,G01131,hard,0.6031420230865479,0.5343862771987915,0.06875574588775635,4
U02142,G01922,son correctos.,tekinchilusa' nuker'ka,i'inlusa' nuker'ka,U02143,G01923,medium,0.6031420230865479,0.4488639831542969,0.15427803993225098,9
U02377,G02152,la mía también icáramela.,kuanta' uklupidekwek pekkuituu.,a'pinta' tupichina' nawa'.,U02293,G02068,hard,0.6131653785705566,0.509084165096283,0.10408121347427368,3
U02377,G02152,la mía también icáramela.,kuanta' uklupidekwek pekkuituu.,kua nanasa' lunek.,U02510,G02285,medium,0.6131653785705566,0.45721977949142456,0.15594559907913208,7
U01870,G01664,piénsatelo.,inlli'inuker',sekdiperker',U00100,G00069,hard,0.7171235680580139,0.6518241167068481,0.06529945135116577,11
U01870,G01664,piénsatelo.,inlli'inuker',tupiter',U00497,G00409,medium,0.7171235680580139,0.5650634169578552,0.1520601511001587,26
U00013,G00010,¡espera!,¡wa'ten'ker'!,¡wa'ten'ku'!,U00014,G00011,hard,0.8939375877380371,0.8396145701408386,0.054323017597198486,2
U00013,G00010,¡espera!,¡wa'ten'ker'!,¡yawa'tenta!,U00491,G00404,medium,0.8939375877380371,0.728723406791687,0.1652141809463501,3
U00717,G01141,¿estás enfadado?,¿yusu' ñapala?,¿nanpiladasu' ñapala?,U01311,G01142,hard,0.8207657337188721,0.7496989965438843,0.07106673717498779,6
U00717,G01141,¿estás enfadado?,¿yusu' ñapala?,¿sadasu'cha ñapala?,U01940,G01730,medium,0.8207657337188721,0.6659760475158691,0.15478968620300293,12
U01310,G01141,¿estás enojada?,¿yusu' ñapala?,¿wa'danpindek ñapala?,U00716,G00601,hard,0.8170251250267029,0.765471339225769,0.05155378580093384,7
U01310,G01141,¿estás enojada?,¿yusu' ñapala?,¿kaluwipala?,U00991,G00855,medium,0.8170251250267029,0.6665264964103699,0.150498628616333,14
U00347,G00278,estoy listo.,insek'diperpi ñapalek,insek'diperpiku' nuka'ka,U00218,G00170,hard,0.7322123050689697,0.645964503288269,0.08624780178070068,2
U00347,G00278,estoy listo.,insek'diperpi ñapalek,ñapalek da'peksu',U01059,G00918,medium,0.7322123050689697,0.582153856754303,0.15005844831466675,14
U00795,G00672,huelo gas.,lanerapalek gas,a'shulek wapu',U01739,G01541,medium,0.7559148073196411,0.525157630443573,0.23075717687606812,2
U01092,G00951,volveré.,adenche'chek,tupiechek,U02035,G01819,hard,0.8249766230583191,0.7526625990867615,0.07231402397155762,2
U01092,G00951,volveré.,adenche'chek,peclu'echek,U01436,G01256,medium,0.8249766230583191,0.6563773155212402,0.16859930753707886,11
U00719,G00603,como quieras.,kenma luwanta'masu'pu'su',yaku'aper'wana,U01925,G01716,medium,0.5871130228042603,0.4362681210041046,0.15084490180015564,2
U00373,G00304,es verdad.,tekkinchi nuka'a,te'kinchi,U00397,G00322,hard,0.6301913857460022,0.5778244733810425,0.05236691236495972,6
U00373,G00304,es verdad.,tekkinchi nuka'a,iyalli,U00309,G00300,medium,0.6301913857460022,0.47132253646850586,0.15886884927749634,20
U02823,G02598,dicen que todas estas cosas arákayu enojándose nos ha dejado al irse.,nanadaper ima'ka arakayu yun pa'lapinantullinerkudek.,tan ima pillekllenmu'wa' asu' arakayu.,U02764,G02539,hard,0.7697538137435913,0.6449815630912781,0.12477225065231323,3
U02823,G02598,dicen que todas estas cosas arákayu enojándose nos ha dejado al irse.,nanadaper ima'ka arakayu yun pa'lapinantullinerkudek.,nana mukankinpu'lalusa'ler arakayu pideknen di'setchullina'.,U02788,G02563,medium,0.7697538137435913,0.6106617450714111,0.15909206867218018,4
U03098,G02873,se desprecian hasta la actualidad.,inluyupallina'pi'la ipa'la walek.,nawa'nta' insekkitula'su' ñapalli.,U02759,G02534,medium,0.6643482446670532,0.5128348469734192,0.15151339769363403,2
U00949,G00817,somos jóvenes.,nadi'nek nuka'kawa',a'ñapalekwa' da'lusa',U02163,G01943,hard,0.6697981357574463,0.599854052066803,0.06994408369064331,7
U00949,G00817,somos jóvenes.,nadi'nek nuka'kawa',chimianpilallidek.,U02332,G02107,medium,0.6697981357574463,0.5111894011497498,0.15860873460769653,11
U00465,G00380,estate contento.,ñapaker' musu'kankantusu',musu' sek'kaperechuner'ken,U01344,G01172,hard,0.6800323128700256,0.5995108485221863,0.08052146434783936,2
U00465,G00380,estate contento.,ñapaker' musu'kankantusu',musu' paskua',U01038,G00899,medium,0.6800323128700256,0.508995532989502,0.17103677988052368,7
U00270,G00216,iremos.,pa'aterwa',da'awa',U00856,G00732,hard,0.8035007119178772,0.7303879857063293,0.07311272621154785,7
U00270,G00216,iremos.,pa'aterwa',ek'ker'chawa',U01509,G01324,medium,0.8035007119178772,0.6500007510185242,0.15349996089935303,15
U02750,G02525,la mata-mata salió....,mapapa' yunsu'lli.....,"puka' yunsu'lli,",U02748,G02523,medium,0.7770730257034302,0.5185372829437256,0.2585357427597046,2
U01371,G01196,camina rápido.,wiu'su' dekunter',wiuk'su' nu'ter',U01511,G01326,hard,0.6575762629508972,0.5845358371734619,0.0730404257774353,6
U01371,G01196,camina rápido.,wiu'su' dekunter',aku'ker' kinekla,U00875,G00748,medium,0.6575762629508972,0.4996912181377411,0.15788504481315613,14
U02023,G01808,estudio inglés.,alek'apalliner'ku ingles,a'lek'tapalek frances,U01743,G01545,medium,0.7164034843444824,0.5473619699478149,0.16904151439666748,2
U02060,G01843,tuve suficiente.,a'ñiwinek nanasa',yapanwilek'tuwinek,U02031,G01815,medium,0.6406356692314148,0.47470977902412415,0.16592589020729065,2
U02588,G02363,"¡vengan pues (caramba me alegra) hermanos mayores, hermanos menores! ¿a dónde van?","- ¡uku' chai alli'shalusa', yalli'walusa'! ¿enñupa' a'cha pa'apilalama'?","¡nantapiku'la', nasu'ku', wilalusa'! itudekllima.",U02946,G02721,hard,0.7206881642341614,0.6153693199157715,0.10531884431838989,2
U02588,G02363,"¡vengan pues (caramba me alegra) hermanos mayores, hermanos menores! ¿a dónde van?","- ¡uku' chai alli'shalusa', yalli'walusa'! ¿enñupa' a'cha pa'apilalama'?","- ¿ma'kin adanpilenchalama', wilashala? itudekllima.",U02532,G02307,medium,0.7206881642341614,0.5076971650123596,0.21299099922180176,4
U02365,G02140,ahora ya no se ven las ollas grandes de barro.,ipa'la a'pinta' kupin ukta lli'tapi'ñi.,ipa'li'na makinak peksanpallina' damellu'shasu'.,U02350,G02125,medium,0.7456439137458801,0.5708788633346558,0.17476505041122437,2
U01033,G00894,dame eso.,enka'u nana,a'lli'u nana,U01174,G01022,hard,0.8013478517532349,0.7259705066680908,0.07537734508514404,3
U01033,G00894,dame eso.,enka'u nana,enka'u nu'unta'lusa',U01356,G01183,medium,0.8013478517532349,0.5786870121955872,0.2226608395576477,7
U01902,G01696,¡buen pensamiento!,¡u'chimu lli'inu!,¡lli'ker' mupallinpa'!,U01009,G00872,hard,0.6833873391151428,0.6278072595596313,0.055580079555511475,6
U01902,G01696,¡buen pensamiento!,¡u'chimu lli'inu!,¡musu' paskua'!,U01039,G00900,medium,0.6833873391151428,0.5282980799674988,0.15508925914764404,16
U00549,G00455,¡quiero uno!,ala'sa' luantulek,¡luwantulek katu'pa'!,U00789,G00666,medium,0.6409642696380615,0.4885267913341522,0.1524374783039093,3
U00550,G00455,¡quiero una!,ala'sa' luantulek,¡luwantulek katu'pa'!,U00789,G00666,hard,0.6167179346084595,0.520652174949646,0.09606575965881348,3
U00550,G00455,¡quiero una!,ala'sa' luantulek,luwantulek kulliker',U01085,G00944,medium,0.6167179346084595,0.4487162232398987,0.1680017113685608,4
U02868,G02643,"cuando le contemos el viejo va a decir,","nana wintupatekwa' nana tetchu,","ukilasu'tundek enñi,",U02712,G02487,hard,0.687778651714325,0.6158003211021423,0.07197833061218262,2
U02868,G02643,"cuando le contemos el viejo va a decir,","nana wintupatekwa' nana tetchu,","kundetchek enñi,",U02713,G02488,medium,0.687778651714325,0.5301339626312256,0.15764468908309937,12
U00396,G00321,¡buen tiro!,musu' dek'la,¡u'chimu lli'inu!,U01902,G01696,hard,0.5793198943138123,0.5236574411392212,0.055662453174591064,15
U00396,G00321,¡buen tiro!,musu' dek'la,¡enpu'ni mui'pa!,U01598,G01409,medium,0.5793198943138123,0.4270087778568268,0.15231111645698547,31
U02685,G02460,arriba en el cielo dice estaban dando vueltas.,musenkek kekkilu'tek ima kunekchapallina'.,uk'apinlencha'ni'ma kelluluñiñi' kanañina'.,U02960,G02735,hard,0.6059201955795288,0.47851356863975525,0.12740662693977356,2
U02685,G02460,arriba en el cielo dice estaban dando vueltas.,musenkek kekkilu'tek ima kunekchapallina'.,adipi du'kunna' wa'inutullina'.,U02770,G02545,medium,0.6059201955795288,0.42777955532073975,0.17814064025878906,4
U00687,G00575,lo hicimos.,nu'tulek'wa',kana'llidek,U00051,G00041,hard,0.8013527393341064,0.6820777654647827,0.11927497386932373,2
U00687,G00575,lo hicimos.,nu'tulek'wa',weranwa',U00387,G00315,medium,0.8013527393341064,0.6511694192886353,0.1501833200454712,3
U00697,G00584,terminamos.,a'ta'wantullidek,ta'itula'llidek,U01882,G01676,hard,0.8001612424850464,0.7081635594367981,0.09199768304824829,2
U00697,G00584,terminamos.,a'ta'wantullidek,aper'llidek,U00446,G00362,medium,0.8001612424850464,0.6380270719528198,0.16213417053222656,5
U00239,G00189,¿puedo ir?,¿yen'nitulek pa'ak?,¿yennitulek a'ñak?,U01331,G01159,hard,0.8635679483413696,0.7515637278556824,0.11200422048568726,3
U00239,G00189,¿puedo ir?,¿yen'nitulek pa'ak?,¿yennitulek pilli'tak?,U01336,G01164,medium,0.8635679483413696,0.6957981586456299,0.16776978969573975,7
U00340,G00273,estoy loco.,wa'danpintek ñapalek,ukapisha ñapalek,U00214,G00166,hard,0.7113799452781677,0.6598837375640869,0.05149620771408081,27
U00340,G00273,estoy loco.,wa'danpintek ñapalek,shamu'pensu' nuka'ka,U00211,G00163,medium,0.7113799452781677,0.5609976649284363,0.15038228034973145,43
U02238,G02013,explícamelo.,musu' wintu'u,wintu'u a'pinta,U00725,G00608,hard,0.6623769998550415,0.6034530401229858,0.058923959732055664,16
U02238,G02013,explícamelo.,musu' wintu'u,pinaner'u'ku,U00305,G00244,medium,0.6623769998550415,0.5116792321205139,0.1506977677345276,25
U01836,G01632,demuéstramelo.,a'lli'u,a'ñinchitu'u,U00850,G00726,hard,0.7199523448944092,0.6668360233306885,0.0531163215637207,9
U01836,G01632,demuéstramelo.,a'lli'u,wiperi'u,U00027,G00022,medium,0.7199523448944092,0.566264808177948,0.15368753671646118,20
U00297,G00236,¡no llores!,¡yawellekta!,¡yailantuta!,U00742,G00622,hard,0.803643524646759,0.7519025802612305,0.051740944385528564,3
U00297,G00236,¡no llores!,¡yawellekta!,¡yalunta'!,U00489,G00402,medium,0.803643524646759,0.6476719379425049,0.15597158670425415,4
U00528,G00438,la conozco.,luwer'chapalek,luwer'chapadeklek,U00782,G00659,hard,0.772930383682251,0.7031826376914978,0.06974774599075317,4
U00528,G00438,la conozco.,luwer'chapalek,ipa' ñinchitulek,U01708,G01511,medium,0.772930383682251,0.5709481239318848,0.2019822597503662,7
U00529,G00438,lo conozco.,luwer'chapalek,luwer'chapadeklek,U00782,G00659,hard,0.7534132599830627,0.694831132888794,0.0585821270942688,5
U00529,G00438,lo conozco.,luwer'chapalek,lli'echu,U01633,G01444,medium,0.7534132599830627,0.5894937515258789,0.16391950845718384,9
U02174,G01954,éramos amigos.,ekuanñiwiñidek,ape'chuwiñiner'kudek,U01567,G01378,hard,0.6551098227500916,0.5747843384742737,0.08032548427581787,4
U02174,G01954,éramos amigos.,ekuanñiwiñidek,ñinchituwinek',U00325,G00260,medium,0.6551098227500916,0.49799975752830505,0.1571100652217865,10
U01153,G01006,"continúa, tom.","tupiter', tom",wa'tenker' tom,U01037,G00898,hard,0.7858675122261047,0.6503257155418396,0.13554179668426514,3
U01153,G01006,"continúa, tom.","tupiter', tom","¡tom, na'piu!",U01878,G01672,medium,0.7858675122261047,0.5523747801780701,0.23349273204803467,4
U01154,G01006,"prosigue, tom.","tupiter', tom",wa'tenker' tom,U01037,G00898,medium,0.860588788986206,0.6657652258872986,0.19482356309890747,3
U00230,G00180,es triste.,we'inu nuka'a,ikerlli,U00221,G00173,hard,0.7589433193206787,0.687664806842804,0.07127851247787476,2
U00230,G00180,es triste.,we'inu nuka'a,we'inutapalli,U01704,G01507,medium,0.7589433193206787,0.6082924008369446,0.15065091848373413,6
U00841,G00717,fue fácil.,saka'dekinpu' ñiwiñi,ñiwiñi tekinchi,U00842,G00718,hard,0.7110369205474854,0.6384122967720032,0.07262462377548218,4
U00841,G00717,fue fácil.,saka'dekinpu' ñiwiñi,musu' ñapawiñi,U02070,G01853,medium,0.7110369205474854,0.5318350791931152,0.17920184135437012,10
U01567,G01378,fuimos robados.,ape'chuwiñiner'kudek,lupersu' ñapawiñidek,U01577,G01388,hard,0.7630882263183594,0.6935529112815857,0.06953531503677368,3
U01567,G01378,fuimos robados.,ape'chuwiñiner'kudek,nakusu' ullidek,U01881,G01675,medium,0.7630882263183594,0.6116974949836731,0.15139073133468628,15
U02014,G01799,debo ayudarlo.,katu'pa'a'kasu' ñapalli,kanan'a'kasu' ñapalli,U02013,G01798,hard,0.7311650514602661,0.6364102959632874,0.09475475549697876,2
U02014,G01799,debo ayudarlo.,katu'pa'a'kasu' ñapalli,nana katu'pa'techu,U01190,G01033,medium,0.7311650514602661,0.5746293067932129,0.15653574466705322,8
U02178,G01958,estamos disponibles.,inapi ñapallidek,chiminllinkekla nampipalekwa',U00939,G00807,hard,0.7154035568237305,0.6415307521820068,0.07387280464172363,4
U02178,G01958,estamos disponibles.,inapi ñapallidek,a'ñapallidek la'la'lusa' latek'ak,U01571,G01382,medium,0.7154035568237305,0.556803822517395,0.15859973430633545,19
U02140,G01920,responderán.,na'pitechuna',ekte'chechu,U00155,G00114,hard,0.5874750018119812,0.526397705078125,0.0610772967338562,4
U02140,G01920,responderán.,na'pitechuna',nawa' lanse'chuna',U01542,G01354,medium,0.5874750018119812,0.4261593520641327,0.1613156497478485,14
U01308,G01139,¿son altos?,¿shipenlusa' nuker'ka?,¿kai'kualusa' nuka'mama'?,U01942,G01732,hard,0.6348421573638916,0.5767612457275391,0.05808091163635254,2
U01308,G01139,¿son altos?,¿shipenlusa' nuker'ka?,¿insek'diperpi ñapalama'?,U01319,G01148,medium,0.6348421573638916,0.4774850606918335,0.1573570966720581,14
U00056,G00045,llámanos.,peklu'udek,lansa'wa',U00854,G00730,hard,0.7921154499053955,0.7060699462890625,0.08604550361633301,4
U00056,G00045,llámanos.,peklu'udek,tuluner'aterwa',U00693,G00580,medium,0.7921154499053955,0.6418049335479736,0.15031051635742188,9
U00479,G00393,¡ven rápido!,¡wencher' wiuksu'!,¡a'pinta' wiuksu'!,U00629,G00524,hard,0.7671932578086853,0.6417214274406433,0.125471830368042,3
U00479,G00393,¡ven rápido!,¡wencher' wiuksu'!,¡paku' tekchi wei!.,U02792,G02567,medium,0.7671932578086853,0.6067350506782532,0.16045820713043213,5
U00480,G00393,¡vení rápido!,¡wencher' wiuksu'!,¡a'pinta' wiuksu'!,U00629,G00524,hard,0.740169882774353,0.6840766072273254,0.05609327554702759,3
U00480,G00393,¡vení rápido!,¡wencher' wiuksu'!,¡u'chimusha wichi'ker'!,U01181,G01028,medium,0.740169882774353,0.5659958720207214,0.1741740107536316,5
U02453,G02228,por eso estoy sentada.,nu'amu du'apalek.,ipa'la nu'amu asek ñapalek.,U02498,G02273,hard,0.710414469242096,0.6437789797782898,0.06663548946380615,2
U02453,G02228,por eso estoy sentada.,nu'amu du'apalek.,ipa'la'ka enpi'pu'sha dekkunchi'nchek.,U02472,G02247,medium,0.710414469242096,0.5408294200897217,0.16958504915237427,5
U02529,G02304,"¡váyanse, regrésense por donde vinieron!.","!paku', adanta'ku'! itudekllini'ma'.","yuyu'lusa', ¡da'kerku' u'ku!",U03060,G02835,hard,0.673822283744812,0.6155025959014893,0.058319687843322754,3
U02529,G02304,"¡váyanse, regrésense por donde vinieron!.","!paku', adanta'ku'! itudekllini'ma'.",¡paku' tekchi wei!.,U02792,G02567,medium,0.673822283744812,0.5186781883239746,0.1551440954208374,11
U01347,G01174,hazlo conmigo.,kualek nu'ter',sadaker' kualek',U00238,G00188,medium,0.713645875453949,0.5237441062927246,0.18990176916122437,2
U00244,G00193,mes.,duker,kuanta',U00101,G00070,hard,0.5766987204551697,0.49223384261131287,0.08446487784385681,10
U00244,G00193,mes.,duker,kua nuka'ka,U00099,G00068,medium,0.5766987204551697,0.41067177057266235,0.16602694988250732,17
U00245,G00193,luna,duker,kishu,U00283,G00228,hard,0.5666332244873047,0.48008212447166443,0.08655110001564026,6
U00245,G00193,luna,duker,lunnek,U00771,G00648,medium,0.5666332244873047,0.40636342763900757,0.16026979684829712,11
U00205,G00158,soy malo. (maldad),mukankainpu' nuka'ka,sadasu' nuka'ka,U00821,G00697,hard,0.6702595949172974,0.608595609664917,0.06166398525238037,5
U00205,G00158,soy malo. (maldad),mukankainpu' nuka'ka,ku'aper'wi'nek,U00564,G00468,medium,0.6702595949172974,0.5188761949539185,0.1513833999633789,19
U01262,G01098,¿quién empieza?,¿den tenmian'su'lli?,¿den inllipu'iteklatulli?,U00963,G00829,hard,0.7656722664833069,0.7118605375289917,0.053811728954315186,6
U01262,G01098,¿quién empieza?,¿den tenmian'su'lli?,¿den'katu'pa'tulli?,U02193,G01973,medium,0.7656722664833069,0.6135374903678894,0.15213477611541748,13
U01263,G01098,¿quién parte?,¿den tenmian'su'lli?,¿den'katu'pa'tulli?,U02193,G01973,hard,0.7486859560012817,0.6520224213600159,0.09666353464126587,12
U01263,G01098,¿quién parte?,¿den tenmian'su'lli?,¿den ilanma' a'cha yapa'etchunma'?,U02907,G02682,medium,0.7486859560012817,0.5912542343139648,0.1574317216873169,18
U00585,G00486,está vivo.,nanpipalli,intek apalli,U00759,G00638,hard,0.783593475818634,0.723410427570343,0.060183048248291016,2
U00585,G00486,está vivo.,nanpipalli,saka'tapalli,U01129,G00982,medium,0.783593475818634,0.632117748260498,0.151475727558136,11
U02566,G02341,por eso los sobrevivientes dijeron:,nana malek dansu'lusa' tullina':,sa'la'wenkasu' malek ima itudekllina':,U02525,G02300,hard,0.6898769736289978,0.6265769600868225,0.06330001354217529,5
U02566,G02341,por eso los sobrevivientes dijeron:,nana malek dansu'lusa' tullina':,"nanima pennu'pilenchan, unchan itudeklli:",U02520,G02295,medium,0.6898769736289978,0.5218572020530701,0.16801977157592773,12
U00065,G00051,¡largo!,¡paker'!,¡apu'u!,U00382,G00311,hard,0.7679827213287354,0.6977437138557434,0.07023900747299194,6
U00065,G00051,¡largo!,¡paker'!,¡lli'ker'!,U01008,G00871,medium,0.7679827213287354,0.6171456575393677,0.15083706378936768,12
U00067,G00051,¡vete ya!,¡paker'!,nu'ter' ipa'la,U00294,G00233,hard,0.7003582715988159,0.6327572464942932,0.0676010251045227,11
U00067,G00051,¡vete ya!,¡paker'!,¡wanerker'! ¡apechutek!,U00885,G00757,medium,0.7003582715988159,0.548120379447937,0.1522378921508789,37
U01393,G01217,puedo sentirlo.,yennitulek lauk'ak,yennitulek a'nañiak,U00770,G00647,hard,0.7065675854682922,0.6311028003692627,0.07546478509902954,2
U01393,G01217,puedo sentirlo.,yennitulek lauk'ak,yennitula lun'a'mak,U01617,G01428,medium,0.7065675854682922,0.5434553027153015,0.16311228275299072,6
U02764,G02539,eso exclamó y nos maldijo este arákayu.,tan ima pillekllenmu'wa' asu' arakayu.,nanadaper ima'ka arakayu yun pa'lapinantullinerkudek.,U02823,G02598,hard,0.73199063539505,0.6472910046577454,0.08469963073730469,2
U02764,G02539,eso exclamó y nos maldijo este arákayu.,tan ima pillekllenmu'wa' asu' arakayu.,arakayu nenchullinerkenmu'wa'.,U02778,G02553,medium,0.73199063539505,0.566262423992157,0.16572821140289307,6
U01654,G01462,¿puedo verlos?,¿yennitulek lli'dek'ak?,¿yennitullina lli'er'kenmuak?,U01949,G01739,hard,0.8267669081687927,0.7028588056564331,0.12390810251235962,3
U01654,G01462,¿puedo verlos?,¿yennitulek lli'dek'ak?,¿luwer'chapalun?,U01978,G01766,medium,0.8267669081687927,0.6561548709869385,0.17061203718185425,5
U01041,G01179,come algo.,kaker' ma'pinta',wiu'su' nu'ter',U01345,G01173,hard,0.5792107582092285,0.5044933557510376,0.07471740245819092,4
U01041,G01179,come algo.,kaker' ma'pinta',a'kawiter',U01946,G01736,medium,0.5792107582092285,0.42159464955329895,0.15761610865592957,11
U01352,G01179,come algo.,ma'shapin'ta ka'ker',wiu'su' nu'ter',U01345,G01173,hard,0.6111814379692078,0.5044933557510376,0.10668808221817017,4
U01352,G01179,come algo.,ma'shapin'ta ka'ker',ma'pu'su'pintak nu'ter,U01809,G01606,medium,0.6111814379692078,0.4580267071723938,0.15315473079681396,7
U01367,G01192,está leyendo.,lunta'palli,latada'pilalli,U00191,G00146,hard,0.6394649744033813,0.5508227944374084,0.0886421799659729,2
U01367,G01192,está leyendo.,lunta'palli,intek weranpalli,U00760,G00639,medium,0.6394649744033813,0.4877864420413971,0.15167853236198425,9
U00888,G00760,eso ayudó.,nana katu'pa'tulli,nana tuwiñi nu'techu,U01277,G01111,hard,0.8030046224594116,0.6967214941978455,0.10628312826156616,3
U00888,G00760,eso ayudó.,nana katu'pa'tulli,nana katu'pa'techu,U01190,G01033,medium,0.8030046224594116,0.6248506903648376,0.17815393209457397,4
U00470,G00385,¿puedo ayudar?,¿yennitechek katu'pa'tak?,¿yennitulama katupa'a'muk?,U01955,G01745,hard,0.905099093914032,0.8238505721092224,0.08124852180480957,5
U00470,G00385,¿puedo ayudar?,¿yennitechek katu'pa'tak?,¿yennitulek pilli'tak?,U01336,G01164,medium,0.905099093914032,0.7455279231071472,0.15957117080688477,7
U01303,G01134,eres duro.,watensu' nuka'ma,tekua'tek nuka'ma,U02214,G01991,hard,0.6791712641716003,0.6198844313621521,0.05928683280944824,3
U01303,G01134,eres duro.,watensu' nuka'ma,wa'danpilapilun,U02201,G01978,medium,0.6791712641716003,0.5280595421791077,0.15111172199249268,11
U02373,G02148,cuando todo está mascado y enfriado,"iñer ka'latak saneksik,","iñer u'lan'ukllik wisunanpalli,",U02753,G02528,hard,0.5324166417121887,0.4348111152648926,0.09760552644729614,2
U02373,G02148,cuando todo está mascado y enfriado,"iñer ka'latak saneksik,","u'ñikuchu'chekshalima, kunsek kutu',",U02461,G02236,medium,0.5324166417121887,0.37760987877845764,0.15480676293373108,8
U01272,G01107,lo heriste.,llipu'tula,tandenñiden,U00934,G00803,hard,0.5133791565895081,0.4506548345088959,0.06272432208061218,6
U01272,G01107,lo heriste.,llipu'tula,wa'danpilapilun,U02201,G01978,medium,0.5133791565895081,0.36312931776046753,0.15024983882904053,31
U02205,G01982,puedes decírnoslo.,yennitula winta'mudek,yennitula' llia'a'mak,U01269,G01104,hard,0.6615447998046875,0.6114076375961304,0.05013716220855713,6
U02205,G01982,puedes decírnoslo.,yennitula winta'mudek,yennitulek adanta'ak,U02000,G01786,medium,0.6615447998046875,0.5043793320655823,0.15716546773910522,17
U00987,G00851,¿estás libre?,¿inapi ñapala?,¿mer'su' ñapala?,U00988,G00852,hard,0.7893211841583252,0.7383713722229004,0.050949811935424805,8
U00987,G00851,¿estás libre?,¿inapi ñapala?,¿naektu'kellia?,U00718,G00602,medium,0.7893211841583252,0.6330488324165344,0.15627235174179077,20
U02936,G02711,van a escuchar (ruido) y en ese momento va a venir. ¡peleen!,"lauk'apetchuma', ipa'la u'etchu. ¡idenmaku'la'!",unkuenñan pek kua'palli. ¡llisanala nu'tu'ku'!,U03069,G02844,medium,0.8035366535186768,0.5548568964004517,0.2486797571182251,2
U00844,G00720,todo bien.,iñer musu',musu' nuka'a,U00757,G00636,hard,0.5872947573661804,0.521432101726532,0.06586265563964844,6
U00844,G00720,todo bien.,iñer musu',nanasa',U01533,G01842,medium,0.5872947573661804,0.436044842004776,0.15124991536140442,17
U02419,G02194,estoy viniendo queriendo verte. como fui a la chacra tantos días no te he visitado.,- uk'apincha'lek yalli'amun. pa'amu menmik u'dun uklli lli'ker'i'ñen.,inlasiser'chek. lauknunta' asek kui'na usunma' ka'ku'.,U02537,G02312,medium,0.6382960677146912,0.467427521944046,0.17086854577064514,2
U00554,G00459,soy coreano.,koreano nuka'ka,japones nuka'ka,U01386,G01211,medium,0.9078782796859741,0.6940798163414001,0.21379846334457397,2
U03102,G02877,"malallina es la que nos ha puesto así,","malallina nana nu'su' aku'llundek,","nana wintupatekwa' nana tetchu,",U02868,G02643,medium,0.786611795425415,0.6233668327331543,0.16324496269226074,3
U00881,G00753,háblame.,luntuu,llinser'chu'u,U00277,G00223,hard,0.7584120631217957,0.6759486794471741,0.08246338367462158,4
U00881,G00753,háblame.,luntuu,tuluner'ker',U00621,G00516,medium,0.7584120631217957,0.6080654859542847,0.150346577167511,15
U00559,G00464,estoy comiendo.,werampalek,wicha'palek,U00086,G00059,hard,0.7422211766242981,0.657562255859375,0.0846589207649231,3
U00559,G00464,estoy comiendo.,werampalek,weranpi'nek,U00817,G00693,medium,0.7422211766242981,0.5866422057151794,0.15557897090911865,7
U01054,G00914,¡qué horrible!,¡enpu'ni aperpipa'!,¡dakuta'lek!,U01169,G01019,hard,0.5645771026611328,0.5054615139961243,0.059115588665008545,22
U01054,G00914,¡qué horrible!,¡enpu'ni aperpipa'!,¡musa'ka'tuna!,U00159,G00118,medium,0.5645771026611328,0.4091576039791107,0.1554194986820221,42
U03058,G02833,"malallina solita, en el día y en la noche, elaboró su masato llenando toda su casa (con la bebida), 9 malallina es la adaptación del nombre español magdalena. en esta traducción hemos optado por mantener la forma shiwilu malallina.","malallineima ñañashasa', ukllilek dekpilli'lek, uklulu' nu'ta'n, iñer pideknen a'muetchan,","nanek ima mañer, dañer, pullikariu ma'i panfilo, nanek ima ransisko, nanek ima asu', ma'i, asu' pancho, nanek ima ñilli asu' pidir aku'llima da'kanchineksu'.",U03174,G02949,hard,0.6063782572746277,0.5504708886146545,0.055907368659973145,2
U03058,G02833,"malallina solita, en el día y en la noche, elaboró su masato llenando toda su casa (con la bebida), 9 malallina es la adaptación del nombre español magdalena. en esta traducción hemos optado por mantener la forma shiwilu malallina.","malallineima ñañashasa', ukllilek dekpilli'lek, uklulu' nu'ta'n, iñer pideknen a'muetchan,","ñinanlu'mapu'wa', chilenkek ña'su', chilenllupa' chu'kenetchu; winenllupa' ña'su', winenllupa', tanni'ma.",U03092,G02867,medium,0.6063782572746277,0.45109349489212036,0.15528476238250732,7
U01414,G01235,necesito café.,wayusa' luwantulek,luwantulek dek',U01077,G00936,hard,0.6755845546722412,0.6197956204414368,0.05578893423080444,3
U01414,G01235,necesito café.,wayusa' luwantulek,añapalek yanu'tak,U02008,G01793,medium,0.6755845546722412,0.5235018134117126,0.15208274126052856,10
U01247,G01084,nos rendimos.,yennichi'nek'wa',tupi'tu'udek,U00303,G00242,hard,0.7044262886047363,0.6443437933921814,0.06008249521255493,19
U01247,G01084,nos rendimos.,yennichi'nek'wa',¿a'ta'wantulekwa'?,U01933,G01724,medium,0.7044262886047363,0.547682523727417,0.15674376487731934,47
U03044,G02819,"tratándonos así todas esas cosas nosotros hemos aprendido de otros cuando éramos niños, sentándonos muy cerca a su lado.","nu'taminerkenmu'wa' nanadaper a'ka asu' kudanta' ñinchipa'tullidek wilakudek ñamudek, du'pa'dek'amudek.","nani'na kenmu'wa' itapallinerkenmu'wa' u'su' pennu'chuma' kenmama'nta' enpi' uklli, tullina' ima amiku'lusa'.",U03030,G02805,hard,0.6607992053031921,0.5740024447441101,0.08679676055908203,3
U03044,G02819,"tratándonos así todas esas cosas nosotros hemos aprendido de otros cuando éramos niños, sentándonos muy cerca a su lado.","nu'taminerkenmu'wa' nanadaper a'ka asu' kudanta' ñinchipa'tullidek wilakudek ñamudek, du'pa'dek'amudek.",samer mapa'sekudek dinsulullinerkudek asu' sa'la' a'kudeksu' malek.,U02534,G02309,medium,0.6607992053031921,0.501088559627533,0.15971064567565918,5
U01613,G01424,tienes vino.,a'ñapala' vinu',a'ñapallina' vinu',U01858,G01652,hard,0.7400590777397156,0.5932132005691528,0.14684587717056274,2
U01613,G01424,tienes vino.,a'ñapala' vinu',a'ñapallidek vinu',U01238,G01077,medium,0.7400590777397156,0.5393432378768921,0.2007158398628235,3
U01522,G01337,sientate tomás.,duker' chuma,tomas tumu'palli,U00256,G00203,medium,0.6822805404663086,0.5172739624977112,0.1650065779685974,2
U01945,G01735,pregúntame mañana.,lek'ku ek'klli,itununta'u,U02112,G01893,hard,0.5099942088127136,0.4152446687221527,0.09474954009056091,6
U01945,G01735,pregúntame mañana.,lek'ku ek'klli,llinser'chu'u,U00277,G00223,medium,0.5099942088127136,0.3574015498161316,0.15259265899658203,15
U03160,G02935,en cambio yo (me fui a vivir) por los dos cerros que forman como una boca abierta dijo.,kui'na laweklateklupa' tullima.,enta' winterkenma' ma'pu'si'pa' kineklada' llillin ñilli.,U03147,G02922,hard,0.4979425370693207,0.44320833683013916,0.05473420023918152,3
U03160,G02935,en cambio yo (me fui a vivir) por los dos cerros que forman como una boca abierta dijo.,kui'na laweklateklupa' tullima.,kualer a'lek'etchek iñer ñinchita'kasu'.,U02509,G02284,medium,0.4979425370693207,0.3458153307437897,0.152127206325531,26
U02399,G02174,antes cuando era niñita hablaba bonito el shiwilu.,napi' wilashakuñamu asu' shiwilu la'la' mushasu' lunek.,da'ilek ala'si'mi'na lachik'apalli asu' shiwilu la'la'.,U02974,G02749,hard,0.7296426892280579,0.5932004451751709,0.13644224405288696,2
U02399,G02174,antes cuando era niñita hablaba bonito el shiwilu.,napi' wilashakuñamu asu' shiwilu la'la' mushasu' lunek.,nanek imi'na pacher kelli u'ñishala shanchushala.,U03173,G02948,medium,0.7296426892280579,0.5118131041526794,0.21782958507537842,3
U02674,G02449,quisieron hacerle comer pero arákayu no quiso.,yaaurañini'ma arakayu luwanchiñi.,nana mukankinpu'lalusa'ler arakayu pideknen di'setchullina'.,U02788,G02563,hard,0.7050077319145203,0.6272863745689392,0.07772135734558105,3
U02674,G02449,quisieron hacerle comer pero arákayu no quiso.,yaaurañini'ma arakayu luwanchiñi.,nu'an ima ipa'linchi arakayu yulli.,U02691,G02466,medium,0.7050077319145203,0.5546393394470215,0.15036839246749878,9
U01695,G01498,tiene barba.,amu utek'wañi,winta'kasu' ñapalli,U02015,G01800,hard,0.46580612659454346,0.40721985697746277,0.05858626961708069,18
U01413,G01234,preparé cena.,kalutulek,wayusa' nu'tulek,U01412,G01233,hard,0.63829106092453,0.557849645614624,0.080441415309906,2
U01413,G01234,preparé cena.,kalutulek,nutulek tanta'shala,U01731,G01533,medium,0.63829106092453,0.47430869936943054,0.1639823615550995,4
U01108,G00965,soy inocente.,ma'nen nu'chi'nek,ka'api'nek,U00772,G00649,hard,0.6092763543128967,0.5566879510879517,0.05258840322494507,18
U01108,G00965,soy inocente.,ma'nen nu'chi'nek,tekua'dande'ku,U00096,G00066,medium,0.6092763543128967,0.45919567346572876,0.15008068084716797,51
U02570,G02345,"perros que ladran, bebes que lloran, (gente) que chanca barbasco, que cortan leña, que se llaman.","ñiñi'wa pekla'su', wawaser willek'a'su', llise'nkasu', diwek'erkasu', peklu'terkasu'.","tekkinchi walek kunparinenna' pilli'iteklatanna', kumarinenna' pilli'iteklatanna', musha'iteklanna', yensunna', willekllina'.",U03204,G02979,hard,0.7362645268440247,0.6629539132118225,0.07331061363220215,3
U02570,G02345,"perros que ladran, bebes que lloran, (gente) que chanca barbasco, que cortan leña, que se llaman.","ñiñi'wa pekla'su', wawaser willek'a'su', llise'nkasu', diwek'erkasu', peklu'terkasu'.","pektalusa'sa', adu, a'lanan, punkapi, asu' pupunlusa', nanasi'ma luwetchullina'.",U02631,G02406,medium,0.7362645268440247,0.580734133720398,0.1555303931236267,11
U01009,G00872,¡compruébalo!,¡lli'ker' mupallinpa'!,!enta'n lli'ku'!,U02945,G02720,hard,0.7023652195930481,0.6305028796195984,0.07186233997344971,9
U01009,G00872,¡compruébalo!,¡lli'ker' mupallinpa'!,¡wiuker' wila!,U01997,G01783,medium,0.7023652195930481,0.5503571033477783,0.15200811624526978,26
U01357,G01184,deme esos.,enka'u nanalusa',a'lli'u nana,U01174,G01022,hard,0.7208251357078552,0.666090726852417,0.05473440885543823,5
U01357,G01184,deme esos.,enka'u nanalusa',llinser'ku' nana,U02197,G01977,medium,0.7208251357078552,0.5253908634185791,0.19543427228927612,6
U00438,G00355,tom camina.,tom dekkuntulli,tomas dek'lli,U00437,G00354,hard,0.7239748239517212,0.6700708866119385,0.053903937339782715,5
U00438,G00355,tom camina.,tom dekkuntulli,tom indek'lli,U00659,G00549,medium,0.7239748239517212,0.5709138512611389,0.15306097269058228,23
U00080,G02022,espera.,wa'tenker',wiuker',U00171,G00129,hard,0.827853262424469,0.7524643540382385,0.07538890838623047,4
U00080,G02022,espera.,wa'tenker',wa'tentechu,U01050,G00910,medium,0.827853262424469,0.6691683530807495,0.15868490934371948,8
U00248,G02022,un momento.,wa'tenker',nu'ter',U00887,G00759,hard,0.5891352891921997,0.5187209248542786,0.07041436433792114,8
U00248,G02022,un momento.,wa'tenker',lauk'ter',U00390,G00318,medium,0.5891352891921997,0.43460407853126526,0.15453121066093445,34
U02247,G02022,un momentito.,wa'tenker',u'nu'wanger',U00870,G00744,hard,0.5751935839653015,0.5250599980354309,0.050133585929870605,5
U02247,G02022,un momentito.,wa'tenker',ipa'la du'ker',U01158,G01010,medium,0.5751935839653015,0.42039138078689575,0.15480220317840576,36
U02049,G01832,estoy ayudando.,katu' pa'tapalek,inpalerichek,U01095,G00954,hard,0.5318130850791931,0.4735187590122223,0.058294326066970825,11
U02049,G01832,estoy ayudando.,katu' pa'tapalek,saka'tapalli,U01129,G00982,medium,0.5318130850791931,0.37831711769104004,0.15349596738815308,39
U02234,G02009,¿los conoces?,¿luwer'chapadekla?,¿kerka' ñinchitapala?,U02221,G01998,hard,0.7197613716125488,0.6541407108306885,0.06562066078186035,8
U02234,G02009,¿los conoces?,¿luwer'chapadekla?,¿kana'tapala?,U01943,G01733,medium,0.7197613716125488,0.5689721703529358,0.15078920125961304,15
U02168,G01948,estudiamos francés.,ñinchitapallidek frances,kerka' luntapallidek,U01585,G01396,hard,0.6522387266159058,0.5049282312393188,0.14731049537658691,5
U02168,G01948,estudiamos francés.,ñinchitapallidek frances,alek'apalliner'ku ingles,U02023,G01808,medium,0.6522387266159058,0.45984241366386414,0.19239631295204163,7
U01094,G00953,seré libre.,inapi ñechek,wichin'dek'chek,U00087,G00060,hard,0.6679856181144714,0.5684743523597717,0.09951126575469971,3
U01094,G00953,seré libre.,inapi ñechek,musu' ñapechek,U01093,G00952,medium,0.6679856181144714,0.5179287791252136,0.1500568389892578,10
U02810,G02585,"¡cuándo habrá sucedido eso,","¡enpi'pui'pa' nana nu'su' ña'su',","mu'ka mu'ka mu'katapasik,",U02363,G02138,medium,0.7739654183387756,0.6111552119255066,0.16281020641326904,2
U02772,G02547,dijeron las muchachas.,tullina' sha'walusa'.,enpinantekllina' sennanlusa'.,U02746,G02521,hard,0.7279490828514099,0.6546125411987305,0.07333654165267944,2
U02772,G02547,dijeron las muchachas.,tullina' sha'walusa'.,papinkumapu'wa'ku'lusa' nana nu'llina'.,U03193,G02968,medium,0.7279490828514099,0.5748386979103088,0.15311038494110107,5
U01098,G00957,soy doctor.,doktor nuka'ka,lulentutek' nuka'ka,U01097,G00956,medium,0.8853580951690674,0.7179995179176331,0.16735857725143433,2
U03013,G02788,ahora las mujeres se pintan sus caras.,ipa'la asu' shaya'lusa' inllinsellina' asu' ladanenna'.,ipa'linchi itudeklli asi'na anaka'llina'.,U02922,G02697,hard,0.6231393218040466,0.551925778388977,0.07121354341506958,5
U03013,G02788,ahora las mujeres se pintan sus caras.,ipa'la asu' shaya'lusa' inllinsellina' asu' ladanenna'.,napi'ku'lusa'ler ekpa'llina' menminennak.,U02463,G02238,medium,0.6231393218040466,0.4722406566143036,0.15089866518974304,12
U00874,G00747,recuérdalo.,li'inuter',sekdiperker',U00100,G00069,hard,0.7244353890419006,0.6588141322135925,0.0656212568283081,9
U00874,G00747,recuérdalo.,li'inuter',lli'ker',U00858,G00734,medium,0.7244353890419006,0.5572158694267273,0.16721951961517334,13
U02341,G02116,"se la extrae, se la pela.","uka'lek, eksu'lek.","piper'unkellu', pipelladasu'.",U02736,G02511,hard,0.6866677403450012,0.6319709420204163,0.05469679832458496,2
U02341,G02116,"se la extrae, se la pela.","uka'lek, eksu'lek.","yunsanker', enchu",U01958,G01748,medium,0.6866677403450012,0.5257996916770935,0.16086804866790771,5
U00046,G00735,¡gracias!,¡yuspeinet'echun!,¡mupencha!,U00512,G00423,hard,0.7674785256385803,0.6583911180496216,0.10908740758895874,3
U00046,G00735,¡gracias!,¡yuspeinet'echun!,yuspeinet'echun,U00047,G00037,medium,0.7674785256385803,0.6126606464385986,0.1548178791999817,4
U00859,G00735,¡muchas gracias!,¡yuspeinet'echun!,¡yuspeinet'echun nanapu'si'la!,U01189,G01032,hard,0.7973915338516235,0.6648780703544617,0.13251346349716187,3
U00859,G00735,¡muchas gracias!,¡yuspeinet'echun!,yuspeinet'echun,U00047,G00037,medium,0.7973915338516235,0.6031423211097717,0.1942492127418518,4
U01271,G01106,ustedes primero.,nanentu kenmama',llia'ker' kenma,U00415,G00335,hard,0.6575655341148376,0.5682836771011353,0.08928185701370239,8
U01271,G01106,ustedes primero.,nanentu kenmama',kua katu'pekchen,U00736,G00616,medium,0.6575655341148376,0.4814574718475342,0.17610806226730347,16
U01288,G01119,sobrevivió.,chiminllinkekla nampilli,saka'tulli.,U00222,G00174,medium,0.7198675274848938,0.5534595847129822,0.16640794277191162,2
U01566,G01377,podríamos caminar.,yennituwinaskudek dek'kuntak,yennitulek adanta'ak,U02000,G01786,hard,0.6905524730682373,0.625140905380249,0.06541156768798828,8
U01566,G01377,podríamos caminar.,yennituwinaskudek dek'kuntak,yennitula' idun'a'mak,U01274,G01109,medium,0.6905524730682373,0.5347102880477905,0.15584218502044678,14
U01189,G01032,¡gracias nuevamente!,¡yuspeinet'echun nanapu'si'la!,¡u'chimu ñiñuduker!,U02109,G01890,hard,0.6745104789733887,0.5467831492424011,0.12772732973098755,4
U01189,G01032,¡gracias nuevamente!,¡yuspeinet'echun nanapu'si'la!,¡musa'ka'tuna!,U00159,G00118,medium,0.6745104789733887,0.5166060328483582,0.15790444612503052,5
U01625,G01436,estabas ocupado.,saka'tapawina,kenma wichi'wina',U02209,G01986,hard,0.6361721754074097,0.5816444754600525,0.05452769994735718,4
U01625,G01436,estabas ocupado.,saka'tapawina,illiapalek'inpu ñapawinek,U01429,G01249,medium,0.6361721754074097,0.4823055565357208,0.15386661887168884,12
U00968,G00834,hizo trampa.,tumu'lli,tenmiansu'lli,U01120,G00975,hard,0.6391336917877197,0.5876560211181641,0.051477670669555664,10
U00968,G00834,hizo trampa.,tumu'lli,saka'dek'inpu' lli'tulli,U01794,G01593,medium,0.6391336917877197,0.4818544089794159,0.15727928280830383,24
U02219,G01996,¿estás embarazada?,¿kadu'lunsu' ñapala?,¿wilawanpala'?,U02231,G02006,hard,0.7051957845687866,0.6449709534645081,0.060224831104278564,13
U02219,G01996,¿estás embarazada?,¿kadu'lunsu' ñapala?,¿wilawanpalama'?,U02230,G02005,medium,0.7051957845687866,0.5468093752861023,0.15838640928268433,25
U02557,G02332,los carbones de los árboles se quemaron bien hasta convertirse en ceniza.,"nala pendakilanenlusa' musu' ukpendalu'tek walek ima uketlli,",tuntunwanta'ser silututa'ser inkapetllina' apu'tekku' unkunanñik'inchi.,U03076,G02851,hard,0.5404430627822876,0.4691719114780426,0.071271151304245,3
U02557,G02332,los carbones de los árboles se quemaron bien hasta convertirse en ceniza.,"nala pendakilanenlusa' musu' ukpendalu'tek walek ima uketlli,",nana malallinalek ñapalusi'mi'na danker'kuñina' kani'ñina' sekputcheksa'.,U03078,G02853,medium,0.5404430627822876,0.3857395052909851,0.1547035574913025,11
U01497,G01314,déjame intentarlo.,ta'itula'u tekle'richek,ta'itula'u pilli'te'chek,U01495,G01312,hard,0.7872574925422668,0.6759877800941467,0.11126971244812012,4
U01497,G01314,déjame intentarlo.,ta'itula'u tekle'richek,ta'itula'u ata'wantak,U01494,G01311,medium,0.7872574925422668,0.6154552698135376,0.17180222272872925,9
U01498,G01314,déjame probarlo.,ta'itula'u tekle'richek,ta'itula'u lek'techek,U02089,G01871,hard,0.7902168035507202,0.6913076639175415,0.09890913963317871,4
U01498,G01314,déjame probarlo.,ta'itula'u tekle'richek,ta'itula'u pilli'te'chek,U01495,G01312,medium,0.7902168035507202,0.6379977464675903,0.15221905708312988,7
U02652,G02427,(entonces) preguntaron esos hermanos (shawala) que habían ido:,tullina' nana yalli'lusa' pa'lusa':,luwetchi'ñina' asu' kupin samellusa':,U02783,G02558,hard,0.7127522826194763,0.6497610807418823,0.062991201877594,5
U02652,G02427,(entonces) preguntaron esos hermanos (shawala) que habían ido:,tullina' nana yalli'lusa' pa'lusa':,"nu'an imaka samellusa' yu'nketllina',",U02718,G02493,medium,0.7127522826194763,0.5603744387626648,0.15237784385681152,8
U00133,G00095,has ganado.,kana'tula,a'pawilek'la,U01931,G01722,medium,0.7313246726989746,0.5142064094543457,0.2171182632446289,2
U01548,G01360,están cansados.,saka'tusu' ñapallina',sadasu' ñapallina',U02147,G01927,hard,0.7860496044158936,0.7186347246170044,0.06741487979888916,4
U01548,G01360,están cansados.,saka'tusu' ñapallina',inyutapallina',U02141,G01921,medium,0.7860496044158936,0.6025339365005493,0.18351566791534424,8
U03015,G02790,"sin embargo, ahora decimos está bien, eso sí viéndoles nosotros también nos cortamos nuestros cabellos, hablamos el castellano dijeron los abuelos ya finados.","da'ilek, ipa'la tulekwa' mullin, nanekla nana'ka lli'akwa' kenmu'wa'nta' ipa'la enchekmapu'wa' dektuntulekwa', lunekwa' asu' kaschilla', tullina' papinkuku'lusa'.","lli'inutapaku' nu'sukla'nka kenmu'wa' ipa'la itullinerkenmu'wa', gente civilizada tullima.",U03190,G02965,hard,0.7133916020393372,0.6203620433807373,0.09302955865859985,2
U03015,G02790,"sin embargo, ahora decimos está bien, eso sí viéndoles nosotros también nos cortamos nuestros cabellos, hablamos el castellano dijeron los abuelos ya finados.","da'ilek, ipa'la tulekwa' mullin, nanekla nana'ka lli'akwa' kenmu'wa'nta' ipa'la enchekmapu'wa' dektuntulekwa', lunekwa' asu' kaschilla', tullina' papinkuku'lusa'.",nanekla'nka lawektapamudek kudanta' ipa'la walek lli'inutapallidek nana lunka'su'.,U02577,G02352,medium,0.7133916020393372,0.540756106376648,0.1726354956626892,4
U02979,G02754,"a otra gente que han venido de otros pueblos queremos verles, a la gente blanca.",ali'la muda' nerñinanluklan weklusa' yalli'dekllidek dadapu muda'lusa'.,"ñinchitapalekwa' ali'ladaperunta' nanpi'perkasu', ñi'na ñienpi' lli'dek'i'nekwa'.",U02836,G02611,hard,0.6462953090667725,0.534269392490387,0.1120259165763855,2
U02979,G02754,"a otra gente que han venido de otros pueblos queremos verles, a la gente blanca.",ali'la muda' nerñinanluklan weklusa' yalli'dekllidek dadapu muda'lusa'.,"nu'taminerkenmu'wa' nanadaper a'ka asu' kudanta' ñinchipa'tullidek wilakudek ñamudek, du'pa'dek'amudek.",U03044,G02819,medium,0.6462953090667725,0.4326225817203522,0.2136727273464203,4
U01111,G00968,estoy embarazada.,kadulunsu' ñapalek,pekuipi ñapalek,U00213,G00165,hard,0.6408157348632812,0.5869424343109131,0.053873300552368164,10
U02061,G01844,oí eso.,lauk'lek nana,nana a'lek'apalek.,U02314,G02089,medium,0.7963836193084717,0.5900174379348755,0.2063661813735962,2
U01285,G01117,me asustas.,a'imanantulun,wa'danpilapilun,U02201,G01978,medium,0.8010081052780151,0.6235865354537964,0.17742156982421875,2
U00403,G00327,decí hola.,ma'pu'sin tuker',"- ta'iter, alli'shá.",U02881,G02656,hard,0.699927031993866,0.5594831109046936,0.14044392108917236,2
U00403,G00327,decí hola.,ma'pu'sin tuker',ma'shapin'ta ka'ker',U01352,G01179,medium,0.699927031993866,0.5312570929527283,0.1686699390411377,3
U01120,G00975,ha empezado.,tenmiansu'lli,saka'tulli.,U00222,G00174,hard,0.7116108536720276,0.658406674861908,0.05320417881011963,6
U01120,G00975,ha empezado.,tenmiansu'lli,intek apalli,U00759,G00638,medium,0.7116108536720276,0.557456374168396,0.1541544795036316,14
U01121,G00975,empezó.,tenmiansu'lli,saka'tulli.,U00222,G00174,hard,0.79073166847229,0.671023428440094,0.11970824003219604,5
U01121,G00975,empezó.,tenmiansu'lli,chimidek'tulli,U01703,G01506,medium,0.79073166847229,0.638276994228363,0.152454674243927,10
U01122,G00975,comenzó.,tenmiansu'lli,saka'tulli.,U00222,G00174,hard,0.777330756187439,0.6568569540977478,0.12047380208969116,5
U01122,G00975,comenzó.,tenmiansu'lli,nupek'tulli,U01471,G01289,medium,0.777330756187439,0.6260793805122375,0.15125137567520142,7
U01484,G01302,es emocionante.,sakeknansu' nuka'a,saka'dek'inpu',U01534,G01346,hard,0.6219701766967773,0.5675636529922485,0.05440652370452881,5
U01484,G01302,es emocionante.,sakeknansu' nuka'a,tumu'tek' nuka'a,U02077,G01860,medium,0.6219701766967773,0.4688614308834076,0.15310874581336975,12
U01235,G01074,nos preparamos.,insek'diperlekwa',teka'per'aterwa',U00690,G00577,medium,0.8145555853843689,0.58794766664505,0.22660791873931885,2
U01992,G01778,escribe libros.,llinsercher' kerka'lusa',llinse'cher' manen'unta',U02195,G01974,hard,0.587647020816803,0.49791014194488525,0.08973687887191772,2
U01992,G01778,escribe libros.,llinsercher' kerka'lusa',ninchiter' wapu',U00631,G00526,medium,0.587647020816803,0.4283928871154785,0.15925413370132446,4
U02525,G02300,dice que como estaban cubiertos de chupos les dijeron:,sa'la'wenkasu' malek ima itudekllina':,tullina' nana yalli'lusa' pa'lusa':,U02652,G02427,hard,0.738128125667572,0.6579545140266418,0.08017361164093018,2
U02525,G02300,dice que como estaban cubiertos de chupos les dijeron:,sa'la'wenkasu' malek ima itudekllina':,naneklima shawalalusa'ler itullina':,U02605,G02380,medium,0.738128125667572,0.5773732662200928,0.16075485944747925,7
U02201,G01978,me traicionaste.,wa'danpilapilun,dei'techuner'ku,U02138,G01918,hard,0.5955620408058167,0.5434537529945374,0.0521082878112793,6
U02201,G01978,me traicionaste.,wa'danpilapilun,a'uktuwu,U01518,G01333,medium,0.5955620408058167,0.4379686117172241,0.15759342908859253,22
U02581,G02356,ahora voy a contar de qué manera vivió arákayu en la ribera del río pampayacu.,ipa'la lunchek arakayu ma'pu'si'pa' nanpilli panpadek ukuchik.,ipa'linchi arakayu ima pekkutulli naneklanek dekshadeklusa' samerwa'nsu'.,U02743,G02518,hard,0.7505162954330444,0.6559984087944031,0.09451788663864136,2
U02581,G02356,ahora voy a contar de qué manera vivió arákayu en la ribera del río pampayacu.,ipa'la lunchek arakayu ma'pu'si'pa' nanpilli panpadek ukuchik.,nawi'na wintapanta'llinerku ma'pu'si'pa mitan nakulama' tullima arakayu.,U02671,G02446,medium,0.7505162954330444,0.5998631715774536,0.15065312385559082,3
U01242,G01080,lo necesitamos.,luwantullidek,yadekllidek,U02173,G01953,hard,0.7718588709831238,0.6629668474197388,0.10889202356338501,2
U01242,G01080,lo necesitamos.,luwantullidek,kuda wa'tentulidek,U00449,G00365,medium,0.7718588709831238,0.5627378225326538,0.20912104845046997,6
U02362,G02137,pero anteriormente las abuelas finadas batían con el batidor utawitunantek.,napi' i'na amiku'lusa' utawitunanteklek utawillina'.,ala'lu'sa' katu'ta' wilalunlusa' katu'ta' yuyu'walusa'ler kaper'anna' lumellina'.,U02468,G02243,hard,0.5254613757133484,0.4371159076690674,0.088345468044281,5
U02362,G02137,pero anteriormente las abuelas finadas batían con el batidor utawitunantek.,napi' i'na amiku'lusa' utawitunanteklek utawillina'.,nanek waleksa' winterkenma' asu' malallina idenma'su' ispaña la'la'lusa'lek.,U03123,G02898,medium,0.5254613757133484,0.3745638430118561,0.1508975327014923,24
U00805,G00681,esperaré.,wa'tentechek,wa'ten'nek',U00185,G00141,hard,0.8868968486785889,0.798522412776947,0.08837443590164185,3
U00805,G00681,esperaré.,wa'tentechek,wa'tentapalek,U00830,G00706,medium,0.8868968486785889,0.7154107093811035,0.17148613929748535,5
U01991,G01777,sobrevivirá.,chimillinkekla nanpichu,ku'la pa'chinchu,U01478,G01296,hard,0.7558092474937439,0.6494836211204529,0.10632562637329102,2
U01991,G01777,sobrevivirá.,chimillinkekla nanpichu,na'pitechuna',U02140,G01920,medium,0.7558092474937439,0.584936797618866,0.17087244987487793,3
U03031,G02806,algún día en un fierro viejo que vuela ustedes también van a viajar.,enpi' uklli pen ala'sa' wa'natek pennu'a'su' kenmama'nta' pa'achuma'.,nanpincha'a'ser nawa' nanpiladaperkek walek ali'la musun'unta' wichi'chu'.,U02865,G02640,hard,0.6598280668258667,0.5749087929725647,0.084919273853302,2
U03031,G02806,algún día en un fierro viejo que vuela ustedes también van a viajar.,enpi' uklli pen ala'sa' wa'natek pennu'a'su' kenmama'nta' pa'achuma'.,ukluka'pasik kenmu'nta' inyalalatulek chitetlla.,U02345,G02120,medium,0.6598280668258667,0.4941271245479584,0.16570094227790833,4
U02100,G01881,emborrachémonos.,luper'awa',insek'diperlekwa',U01235,G01074,hard,0.7344221472740173,0.6761767864227295,0.05824536085128784,5
U02100,G01881,emborrachémonos.,luper'awa',pa'awa' ekter'lupa',U01508,G01323,medium,0.7344221472740173,0.5840749144554138,0.15034723281860352,23
U01660,G01467,vuelve aquí.,adencher' asek,yunsuer' adipi,U01015,G00877,hard,0.7837663292884827,0.7081335186958313,0.07563281059265137,3
U01660,G01467,vuelve aquí.,adencher' asek,du'ker' asek,U00246,G00194,medium,0.7837663292884827,0.6336291432380676,0.15013718605041504,8
U01981,G01768,¡no mientas!,¡yatumu'ta!,¡yawellekta!,U00297,G00236,hard,0.7967171669006348,0.7224973440170288,0.07421982288360596,3
U01981,G01768,¡no mientas!,¡yatumu'ta!,¡yalunta'!,U00489,G00402,medium,0.7967171669006348,0.621553897857666,0.17516326904296875,5
U00492,G00405,¡no esperen!,¡yawa'tentutama!,¡wa'ten'ku'!,U00014,G00011,hard,0.7691566348075867,0.6978161334991455,0.07134050130844116,3
U00492,G00405,¡no esperen!,¡yawa'tentutama!,¡yatumu'ta!,U01981,G01768,medium,0.7691566348075867,0.6175217032432556,0.15163493156433105,4
U02231,G02006,¿tienes hijos?,¿wilawanpala'?,¿pumuladawanpala?,U02232,G02007,hard,0.742759644985199,0.6379691362380981,0.10479050874710083,3
U02231,G02006,¿tienes hijos?,¿wilawanpala'?,¿pumuladawanpalama'?,U02233,G02008,medium,0.742759644985199,0.5829412937164307,0.1598183512687683,4
U02592,G02367,haciendo eso nosotros dijimos ¡vamos a ver quiénes son esos que viven! y vinimos a salir (del monte).,nu'amudek i'na' ¡enchu lli'kunwa' nana den ipa' nanpipalli! tamudek pekpiwatukellillen itullini'ma.,"¡ma'nen ilipa' ñapalli anaka'lusa', nana inchilala yekketcha'kawa'su'lupa'!",U02847,G02622,hard,0.5821157097816467,0.5303842425346375,0.05173146724700928,4
U02592,G02367,haciendo eso nosotros dijimos ¡vamos a ver quiénes son esos que viven! y vinimos a salir (del monte).,nu'amudek i'na' ¡enchu lli'kunwa' nana den ipa' nanpipalli! tamudek pekpiwatukellillen itullini'ma.,"da'ilek, ipa'la tulekwa' mullin, nanekla nana'ka lli'akwa' kenmu'wa'nta' ipa'la enchekmapu'wa' dektuntulekwa', lunekwa' asu' kaschilla', tullina' papinkuku'lusa'.",U03015,G02790,medium,0.5821157097816467,0.4315740466117859,0.15054166316986084,11
U00057,G00046,entre.,da'kerker',¡paker'!,U00067,G00051,hard,0.688696026802063,0.6315045952796936,0.057191431522369385,20
U00057,G00046,entre.,da'kerker',¡pen!,U00006,G00004,medium,0.688696026802063,0.5257791876792908,0.16291683912277222,39
U00058,G00046,pase.,da'kerker',da'encher',U00157,G00116,hard,0.742440938949585,0.6840873956680298,0.058353543281555176,12
U00058,G00046,pase.,da'kerker',ekter,U00153,G00112,medium,0.742440938949585,0.5871654152870178,0.15527552366256714,32
U01569,G01380,tenemos perro.,a'ñapallidek ñiñi'wa,inapi ñapallidek,U02178,G01958,hard,0.5482562184333801,0.45418795943260193,0.0940682590007782,6
U01569,G01380,tenemos perro.,a'ñapallidek ñiñi'wa,a'persu' ñapiñidek,U01578,G01389,medium,0.5482562184333801,0.39814746379852295,0.15010875463485718,23
U03035,G02810,"algunos mezquinaban. volviendo de moyobamba no querían contar cómo habían visto a las señoras, ni querian contar más, sin despedirse se iban.","nu'unti'ma aper'kulli. yalun'i'ñi uncha'n muyunpakla ma'pu'si'pa' lli'lli senñulalusa', ñima nanapinta' yalun'i'ñi, ta'tula'nna' pa'llina'.","tekkinchi ala'sa' dadapu mudi'ma lli'tulli. lli'anna' imanantullina', lli'anna' ñi enpi' lli'inpu'erkasu'.",U02981,G02756,hard,0.717359185218811,0.6001716256141663,0.11718755960464478,2
U03035,G02810,"algunos mezquinaban. volviendo de moyobamba no querían contar cómo habían visto a las señoras, ni querian contar más, sin despedirse se iban.","nu'unti'ma aper'kulli. yalun'i'ñi uncha'n muyunpakla ma'pu'si'pa' lli'lli senñulalusa', ñima nanapinta' yalun'i'ñi, ta'tula'nna' pa'llina'.","katu'shunka' alei'teklun ekkilala ñisik ima, nana wa'anku'lusa' malallinalek lu'rnkasu' nawei'ma ipa' chimia'ser adankenñunta'llina'.",U03086,G02861,medium,0.717359185218811,0.5670939087867737,0.15026527643203735,4
U00314,G00251,estoy ocupada.,yen'nichi'nek,wer'su' ñapalek,U00204,G00157,hard,0.6686232089996338,0.6130254864692688,0.05559772253036499,11
U00314,G00251,estoy ocupada.,yen'nichi'nek,yunsansu' ñapalek,U00036,G00031,medium,0.6686232089996338,0.518165647983551,0.15045756101608276,46
U00315,G00251,estoy ocupado.,yen'nichi'nek,wa'danpintek ñapalek,U00340,G00273,hard,0.6668694615364075,0.611076831817627,0.05579262971878052,12
U00315,G00251,estoy ocupado.,yen'nichi'nek,ilusu' ñapalek,U01407,G01228,medium,0.6668694615364075,0.5166734457015991,0.15019601583480835,49
U01701,G01504,debería venir.,wencha'winsu',pa'a'masu' ñapalli,U01621,G01432,medium,0.755204439163208,0.5753012895584106,0.17990314960479736,2
U03081,G02856,"lo vieron corriendo hacia el pampayacu, lo siguieron pero no lo alcanzaron.","lli'llini'ma tekka'pilasik panpadeklupa', tupitullina' ñi kasek'i'ñina'.","wadunni'ma chintanna', adenchanna' ñinanluk luncha'llina'.",U02655,G02430,medium,0.7067664265632629,0.5489321351051331,0.15783429145812988,2
U02407,G02182,ellos ahora ven por mí.,nawa' ipa'la lli'apallinerku.,nawa' lli'apallinerku.,U02441,G02216,medium,0.7664538025856018,0.5921527147293091,0.17430108785629272,2
U01594,G01405,¿estabas ocupado?,¿añapawinancha' ma'nen'un'ta' nuta'mak?,¿wer'su' ñapala?,U00990,G00854,hard,0.62696373462677,0.5766022205352783,0.0503615140914917,15
U01594,G01405,¿estabas ocupado?,¿añapawinancha' ma'nen'un'ta' nuta'mak?,¿enpu'dun chimiñina'?,U01380,G01205,medium,0.62696373462677,0.47534629702568054,0.15161743760108948,34
U00186,G00142,yo pagaré.,kua panwilek'te'chek',kua katu'pekchen,U00736,G00616,medium,0.7648746371269226,0.5831795930862427,0.18169504404067993,2
U02988,G02763,ya no hilaban porque habían visto las telas (en moyobamba).,pitetchi'ñina' ipa' nana kapiña'su' lli'anna'.,nana sakanlupi'mi'na lli'llina' pen mukatapa'su'.,U02872,G02647,hard,0.7272765040397644,0.5817467570304871,0.14552974700927734,2
U02988,G02763,ya no hilaban porque habían visto las telas (en moyobamba).,pitetchi'ñina' ipa' nana kapiña'su' lli'anna'.,uk'apinlencha'ni'ma kelluluñiñi' kanañina'.,U02960,G02735,medium,0.7272765040397644,0.5687642693519592,0.15851223468780518,3
U01390,G01513,te creo.,latekllien,latek'iñen,U00521,G00432,hard,0.7851700186729431,0.6884612441062927,0.09670877456665039,3
U01390,G01513,te creo.,latekllien,imanan,U00563,G00467,medium,0.7851700186729431,0.6250354051589966,0.16013461351394653,6
U01710,G01513,te creí.,latekllien,tumu'tuleklek,U01411,G01232,hard,0.739892840385437,0.6671373844146729,0.07275545597076416,4
U01710,G01513,te creí.,latekllien,lli'llien,U00331,G00266,medium,0.739892840385437,0.5785660743713379,0.16132676601409912,13
U00476,G00391,ven temprano.,wenller' dasu'la,adencher' wiuk'su',U01661,G01468,hard,0.7263603806495667,0.629676342010498,0.0966840386390686,3
U00476,G00391,ven temprano.,wenller' dasu'la,aden'cher' wiuk'su',U00293,G00232,medium,0.7263603806495667,0.5736656785011292,0.1526947021484375,8
U01105,G00963,estoy congelado.,nakusu' sanekwantulek,muin'su' ñapalek,U00514,G00425,hard,0.706390917301178,0.6492489576339722,0.05714195966720581,36
U01106,G00963,estoy helado.,nakusu' sanekwantulek,nakusu' wichilek,U01418,G01238,hard,0.7151568531990051,0.6335165500640869,0.08164030313491821,38
U01106,G00963,estoy helado.,nakusu' sanekwantulek,u'chimuñapalek,U00192,G00147,medium,0.7151568531990051,0.5624076128005981,0.15274924039840698,48
U00351,G00282,¿está tom?,¿ñapalli tom?,tom nuka'a,U00223,G00175,hard,0.82779461145401,0.72201007604599,0.10578453540802002,2
U00351,G00282,¿está tom?,¿ñapalli tom?,¿tom ñiwiñi?,U00482,G00395,medium,0.82779461145401,0.6380046606063843,0.18978995084762573,3
U00906,G00777,tom llegó.,tom ektu'lli,tom dekkuntulli,U00438,G00355,hard,0.8454926013946533,0.7656763195991516,0.07981628179550171,4
U00906,G00777,tom llegó.,tom ektu'lli,tom idenmalli,U00656,G00547,medium,0.8454926013946533,0.6872398257255554,0.1582527756690979,17
U01818,G01615,déjame explicar.,ta'itula'u wintechen,ta'itula'u pae'chek,U01810,G01607,hard,0.6722561717033386,0.6200968027114868,0.05215936899185181,15
U01818,G01615,déjame explicar.,ta'itula'u wintechen,ta'itula'u kuasa',U01816,G01613,medium,0.6722561717033386,0.5213828682899475,0.1508733034133911,23
U01722,G01525,me divertí.,sakek'lek,ilulek,U01727,G01529,hard,0.6352758407592773,0.579408586025238,0.05586725473403931,4
U01722,G01525,me divertí.,sakek'lek,yen'ner'lek',U00084,G00058,medium,0.6352758407592773,0.48277685046195984,0.1524989902973175,19
U01438,G01258,lo mataré.,dei'techek,dunker'echek,U02043,G01827,hard,0.7874099016189575,0.736788809299469,0.050621092319488525,3
U01438,G01258,lo mataré.,dei'techek,dei'techen,U01440,G01259,medium,0.7874099016189575,0.634211540222168,0.15319836139678955,6
U01439,G01258,le mataré.,dei'techek,dei'techen,U01440,G01259,hard,0.7648423910140991,0.6308109760284424,0.13403141498565674,4
U01439,G01258,le mataré.,dei'techek,tupiechek,U02035,G01819,medium,0.7648423910140991,0.6098504662513733,0.15499192476272583,9
U00118,G00084,espérame despierto.,wa'ten'u nanpisu',yennichinek wa'tentak,U01456,G01274,medium,0.7015331387519836,0.5155872106552124,0.18594592809677124,2
U03148,G02923,"después de matar a sekputchek, (los jeberinos) se han esparcido, se han aborrecido.","nana sekputchekkui'na di'tanna, inpasetllina', inluyullina'.","dei'tanna', pen dintunna', aku'lalatullina'.",U02949,G02724,hard,0.6357396841049194,0.5672353506088257,0.06850433349609375,2
U03148,G02923,"después de matar a sekputchek, (los jeberinos) se han esparcido, se han aborrecido.","nana sekputchekkui'na di'tanna, inpasetllina', inluyullina'.","ekkadek pektañina', a'ukluka'llina', wa'tenñina'.",U02961,G02736,medium,0.6357396841049194,0.4856562316417694,0.15008345246315002,9
U01435,G01255,lo compraré.,mape'chek,epa'echek,U01444,G01262,hard,0.6377686858177185,0.5753164887428284,0.06245219707489014,16
U01435,G01255,lo compraré.,mape'chek,lli'echek,U01446,G01264,medium,0.6377686858177185,0.4799724221229553,0.15779626369476318,29
U00751,G00630,¡ponte serio!,¡ñiker' musu!,¡inlu'uk'ter!,U02228,G02003,hard,0.5851059556007385,0.533747136592865,0.051358819007873535,9
U00751,G00630,¡ponte serio!,¡ñiker' musu!,¡mupencha!,U00512,G00423,medium,0.5851059556007385,0.4344283938407898,0.15067756175994873,30
U03054,G02829,"ahora les voy a contar cómo quiza cuando vivían los antiguos indios shawala pelearon contra los que vinieron de otro pueblo, los catellano- hablantes.","ipa'la' winterkenma' ma'pu'si'pa' napi' shawala kenma' ñapanna'pi'la idenmalli'na' asu' nerñinalukla uklusa'lek, kaschilla lunlusa'.",enta'n lunchek ipa'la asu' ma'pu'sui'pa' kankantanna' shiwiluku'lusa' muyunpa yaluwetchullina'.,U02833,G02608,hard,0.7411227226257324,0.6736496090888977,0.06747311353683472,2
U03054,G02829,"ahora les voy a contar cómo quiza cuando vivían los antiguos indios shawala pelearon contra los que vinieron de otro pueblo, los catellano- hablantes.","ipa'la' winterkenma' ma'pu'si'pa' napi' shawala kenma' ñapanna'pi'la idenmalli'na' asu' nerñinalukla uklusa'lek, kaschilla lunlusa'.",enta' wintununterkenma' u'ñishata'la nana ishpaña la'la' lunlusi'mi'na' pipekpi wekllina' muyunpeklan asu' shiwiluk.,U03125,G02900,medium,0.7411227226257324,0.5593553781509399,0.18176734447479248,5
U00770,G00647,puedo compartir.,yennitulek a'nañiak,yennitulek adanta'ak,U02000,G01786,hard,0.7509116530418396,0.6928631663322449,0.05804848670959473,3
U00770,G00647,puedo compartir.,yennitulek a'nañiak,yennitula pa'a'masu',U00708,G00594,medium,0.7509116530418396,0.5885130167007446,0.16239863634109497,11
U01694,G01497,él aceleró.,apinta'a'tekalli,tenmiansu'lli,U01122,G00975,hard,0.7133867740631104,0.6493363976478577,0.06405037641525269,2
U01694,G01497,él aceleró.,apinta'a'tekalli,a'aper'lli,U00358,G00289,medium,0.7133867740631104,0.5623787045478821,0.15100806951522827,12
U01174,G01022,muéstrame eso.,a'lli'u nana,enka'u nana,U01033,G00894,hard,0.7936172485351562,0.706729531288147,0.08688771724700928,3
U01174,G01022,muéstrame eso.,a'lli'u nana,lanerku' asu',U00623,G00518,medium,0.7936172485351562,0.5959078669548035,0.19770938158035278,7
U02679,G02454,otros dijeron este arákayu cuida los peces.,ali'ladaper tullini'ma asu' arakayu samer luwektapalli.,nana mukankinpu'lalusa'ler arakayu pideknen di'setchullina'.,U02788,G02563,hard,0.7821686267852783,0.6565589308738708,0.12560969591140747,2
U02679,G02454,otros dijeron este arákayu cuida los peces.,ali'ladaper tullini'ma asu' arakayu samer luwektapalli.,nanekla'nka kuanta' ñinchitulek asu' arakayu ma'pu'si'pa' nanpilli.,U02796,G02571,medium,0.7821686267852783,0.6121622323989868,0.1700063943862915,3
U00994,G00857,¿están seguros?,¿tekinchi'cha' ñapalama?,¿insek'diperpi ñapalama'?,U01319,G01148,hard,0.7979920506477356,0.7056484222412109,0.09234362840652466,2
U00994,G00857,¿están seguros?,¿tekinchi'cha' ñapalama?,¿tekinchi nuka'ma?,U02218,G01995,medium,0.7979920506477356,0.564932644367218,0.23305940628051758,3
U00530,G00439,ahora sé.,ipa'la ñinchitulek,ipa'la lli'inutulek,U01737,G01539,hard,0.8073269128799438,0.7109564542770386,0.09637045860290527,3
U00530,G00439,ahora sé.,ipa'la ñinchitulek,ipa' lli'aterwa',U00451,G00367,medium,0.8073269128799438,0.5095917582511902,0.29773515462875366,5
U02157,G01937,mira cuidadosamente.,lli'ker' uti'lakla,lli'ker' musu',U01176,G01024,hard,0.7452545166015625,0.6760914921760559,0.06916302442550659,3
U02157,G01937,mira cuidadosamente.,lli'ker' uti'lakla,ñaper' lu'uk'tan,U00728,G00610,medium,0.7452545166015625,0.5903554558753967,0.15489906072616577,10
U00584,G00485,es mío.,kuakin nuka'a,kua nuka'ka,U00099,G00068,hard,0.7573678493499756,0.706797182559967,0.050570666790008545,2
U00584,G00485,es mío.,kuakin nuka'a,nu'su' nuka'a,U01191,G01034,medium,0.7573678493499756,0.5483564138412476,0.20901143550872803,3
U03091,G02866,"ahora vamos a vivir así, ahora ya no vamos a pandillar todo el pueblo.","nu'su' ipa'la ñaterwa', ñi kenmu'wa' ipa'la chu'kenapi'nterwa' iñer ñinanlu'.","tanna' pellunna' ipa' takerllina' nawa', ipa'li'na kenmu'wa'nta' nani'la lli'inutapalekwa'.",U02843,G02618,medium,0.7918825149536133,0.576011598110199,0.2158709168434143,2
U00700,G00586,somos pobres.,kulliker'wi'ñidek,wer'apallidek,U01255,G01091,hard,0.7074834108352661,0.6554011702537537,0.05208224058151245,3
U00700,G00586,somos pobres.,kulliker'wi'ñidek,uki'latek ñapallidek,U01253,G01089,medium,0.7074834108352661,0.5553668141365051,0.152116596698761,20
U00094,G00425,estoy afectado.,muin'su' ñapalek,lupersu' ñapalek,U00342,G00274,hard,0.7776720523834229,0.7263894081115723,0.051282644271850586,14
U00094,G00425,estoy afectado.,muin'su' ñapalek,nakusu' sanekwantulek,U01106,G00963,medium,0.7776720523834229,0.6247101426124573,0.15296190977096558,33
U00514,G00425,estoy aburrida.,muin'su' ñapalek,kaluwi'su' ñapalek,U00210,G00162,hard,0.8138583302497864,0.7615666389465332,0.052291691303253174,11
U00514,G00425,estoy aburrida.,muin'su' ñapalek,yawichi'lek,U00567,G00471,medium,0.8138583302497864,0.6626383066177368,0.15122002363204956,28
U00911,G00781,tom escapó.,tom chi'ye'klli,tom uk'lli,U00253,G00200,hard,0.820565402507782,0.7584443092346191,0.06212109327316284,10
U00911,G00781,tom escapó.,tom chi'ye'klli,tom nakusu' a'teka'lli,U02152,G01932,medium,0.820565402507782,0.6606882810592651,0.15987712144851685,26
U02622,G02397,"no tiene nada, no tiene hijos, no tiene perro, no tiene gallinas, no tiene nada.","ñi ma'wi'ñi, wilawi'ñi, ñi ñiñi'wi'ñi, wa'dantekwi'ñi, ñi ma'wi'ñi.","ñi nana wa'dantek pektawapi'ñi, ñi laman pektawapi'ñi, ñi ma'nen nanadaper.",U02624,G02399,medium,0.8193055987358093,0.6591489315032959,0.16015666723251343,2
U00144,G00104,ven a beber,uencher',wenller',U00475,G00390,hard,0.6937882304191589,0.6284152865409851,0.06537294387817383,4
U00144,G00104,ven a beber,uencher',aden'cher',U00290,G00230,medium,0.6937882304191589,0.5277633666992188,0.16602486371994019,9
U00182,G00139,sonreí.,yamerladalek',lamapu'lek,U00543,G00449,hard,0.7644548416137695,0.666447103023529,0.09800773859024048,5
U00182,G00139,sonreí.,yamerladalek',yamerku',U00019,G00016,medium,0.7644548416137695,0.6054297685623169,0.15902507305145264,6
U02838,G02613,"diferente lengua hablarán, decimos.","nerpi'la la'la' ipa' lunpallina', ta'kawa'su'.",dekpilli lli'kunchenma' lunpawa'.,U02880,G02655,hard,0.597393274307251,0.4571332335472107,0.14026004076004028,2
U02838,G02613,"diferente lengua hablarán, decimos.","nerpi'la la'la' ipa' lunpallina', ta'kawa'su'.","sametchapen panula'udek, chai, yallí' itullima.",U02628,G02403,medium,0.597393274307251,0.44345927238464355,0.15393400192260742,3
U01023,G00885,¿luzco bien?,¿llitapalek musu'?,¿musenkek a'cha?,U00572,G00476,medium,0.8125287890434265,0.5549636483192444,0.25756514072418213,2
U01605,G01416,¿quién gana?,¿den kana'tulli?,¿den iduñi?,U00276,G00222,hard,0.7758886814117432,0.7081911563873291,0.06769752502441406,3
U01605,G01416,¿quién gana?,¿den kana'tulli?,¿den wer'lli?,U01261,G01097,medium,0.7758886814117432,0.619350254535675,0.15653842687606812,13
U00233,G00183,déjalo.,tai'tuler',tai'tula'u,U00234,G00184,hard,0.7447866201400757,0.6759639382362366,0.06882268190383911,4
U00233,G00183,déjalo.,tai'tuler',tu'neker',U00110,G00078,medium,0.7447866201400757,0.5930423736572266,0.15174424648284912,15
U03028,G02803,"¡imaginate, ellos sin saber leer!","enta'n, nawa' kerka' ñinchilli'npu'la'pi'na'.",¡paku' llipu'tudek'kunku'!,U00020,G00017,hard,0.6610618829727173,0.5909339189529419,0.07012796401977539,3
U03028,G02803,"¡imaginate, ellos sin saber leer!","enta'n, nawa' kerka' ñinchilli'npu'la'pi'na'.","-wencha'ku', ñinnanlu'penma' nuka'a.",U03088,G02863,medium,0.6610618829727173,0.5103113651275635,0.1507505178451538,12
U03022,G02797,"antes cuando yo era niño he escuchado que en ese camino de moyobamba perecieron, el duende puro hueso les comió dijeron.","napi', kuanta' wilakuñamu laukta'kasu' nana muyunpa inchilalak taker'llina', lansi' wa'danler ka'deklli tullina'.",enta'n lunchek ipa'la asu' ma'pu'sui'pa' kankantanna' shiwiluku'lusa' muyunpa yaluwetchullina'.,U02833,G02608,hard,0.5754898190498352,0.4940973222255707,0.08139249682426453,5
U03022,G02797,"antes cuando yo era niño he escuchado que en ese camino de moyobamba perecieron, el duende puro hueso les comió dijeron.","napi', kuanta' wilakuñamu laukta'kasu' nana muyunpa inchilalak taker'llina', lansi' wa'danler ka'deklli tullina'.","napi'pui'mi'na ñi nawa', asu' shiwiluku'lusa', samerunta' luwetchi'ñina'.",U02630,G02405,medium,0.5754898190498352,0.41512566804885864,0.16036415100097656,12
U02144,G01924,están bailando.,lansa'pallina',inyutapallina',U02141,G01921,hard,0.7816144824028015,0.7189154624938965,0.06269901990890503,2
U02144,G01924,están bailando.,lansa'pallina',lamapu'llina',U01541,G01353,medium,0.7816144824028015,0.6206987500190735,0.16091573238372803,6
U02867,G02642,"eso los viejos que saben hacer entender, que saben interpretar, van a hacerles entender nuestros sueños,","nanapu'a'su' taserpilusa' ñinchia'lachekterkasu', ñinchilawer'erkasu' a'lachektetchuna', laweretchuna' ma'tusui'pa' wa'lata'kawa'su'.","nerpi'lantetchuna' asu' kaiklusa', nadi'neklusa', taserpilusa', papinkulusa' tullima.",U02997,G02772,medium,0.696665346622467,0.5220333337783813,0.1746320128440857,2
U01152,G01005,entró mary.,da'kerlli mari,tomas ekpa'lli,U00432,G00349,hard,0.6146227121353149,0.4928600490093231,0.12176266312599182,2
U01152,G01005,entró mary.,da'kerlli mari,nanek tawetchulli.,U02830,G02605,medium,0.6146227121353149,0.4496810734272003,0.16494163870811462,7
U01926,G01717,estás invitado.,peklupi nuka'ma,watensu' nuka'ma,U01303,G01134,hard,0.6212189793586731,0.5596116185188293,0.06160736083984375,10
U01926,G01717,estás invitado.,peklupi nuka'ma,wa'latapala,U02213,G01990,medium,0.6212189793586731,0.4706602394580841,0.150558739900589,18
U03175,G02950,a los niños varoncitos los llamó.,wilalusa' enmu'pinenwawalusa' ima peklu'deklli.,tullina' taserpiku'lusa'.,U02774,G02549,hard,0.749239981174469,0.6379622220993042,0.1112777590751648,2
U03175,G02950,a los niños varoncitos los llamó.,wilalusa' enmu'pinenwawalusa' ima peklu'deklli.,enpinantekllina' sennanlusa'.,U02746,G02521,medium,0.749239981174469,0.5983730554580688,0.15086692571640015,3
U02554,G02329,"jefe, han quemado pampayacu, todos están pereciendo quemados... los que pescaban dijeron.","wa'an, panpadek di'setchullina', iñer uki'tapilallina'.... purwanlusa' itullima.","tanpen, enpulula' yapur'anna' uncha'a'ser di'setchudekker. hombre candela, cuando alguna vez queriendo pescar vengan,",U02729,G02504,medium,0.7257601618766785,0.5021635293960571,0.22359663248062134,2
U01553,G01365,tom recuerda.,tom lli'inutapalli,tom lli'inutulli,U01875,G01669,hard,0.7188147306442261,0.63213711977005,0.08667761087417603,2
U01553,G01365,tom recuerda.,tom lli'inutapalli,tom inllipu'itek'latulli,U01551,G01363,medium,0.7188147306442261,0.5655968189239502,0.15321791172027588,9
U01505,G01321,vayamos abajo.,nuwanta'wa',pa'awa' ekter'lupa',U01508,G01323,hard,0.7340154647827148,0.6767540574073792,0.05726140737533569,4
U01505,G01321,vayamos abajo.,nuwanta'wa',inmusha'wa',U00603,G00500,medium,0.7340154647827148,0.5827945470809937,0.1512209177017212,17
U02077,G01860,es engañoso.,tumu'tek' nuka'a,ñinchidinusu'nuka'a,U00505,G00417,hard,0.7423120141029358,0.675460934638977,0.06685107946395874,7
U02077,G01860,es engañoso.,tumu'tek' nuka'a,nu'su' nuka'a,U01191,G01034,medium,0.7423120141029358,0.5806823968887329,0.16162961721420288,14
U00966,G00832,sos grande.,a'lliupiken nuka'ma,watensu' nuka'ma,U01303,G01134,hard,0.7679474353790283,0.6543549299240112,0.11359250545501709,2
U00966,G00832,sos grande.,a'lliupiken nuka'ma,sha'mu'su' nuka'ma,U01640,G01450,medium,0.7679474353790283,0.6092998385429382,0.1586475968360901,3
U01508,G01323,avancemos.,pa'awa' ekter'lupa',dek'awa',U00609,G00505,hard,0.7839640378952026,0.7087640166282654,0.07520002126693726,2
U01508,G01323,avancemos.,pa'awa' ekter'lupa',da'awa',U00856,G00732,medium,0.7839640378952026,0.6274568438529968,0.1565071940422058,11
U02692,G02467,¿quiénes son ustedes para que hagan esto a mi casa a pesar de que yo les trataba bien?,¿kenmama' a'cha u'pidekta'mama'u'kusu' kua musu' nu'tapallenma'?,"naneklima adencha'a'ser lekdekllina' ¿enñupa' i'na kenmama' nanpikunama', pa'anma' mutupik?",U03159,G02934,medium,0.6801417469978333,0.5153082609176636,0.16483348608016968,2
U01198,G01039,rieron.,lumer'llina',lansa'llina',U00893,G00765,hard,0.7830979824066162,0.6933628916740417,0.08973509073257446,4
U01198,G01039,rieron.,lumer'llina',lau'tullina',U00040,G00034,medium,0.7830979824066162,0.6054747104644775,0.17762327194213867,9
U02641,G02416,van a venir los peces.,uketchu samellusa'.,wei ek'tue'chuna',U01631,G01442,hard,0.689872682094574,0.5674467086791992,0.12242597341537476,2
U02641,G02416,van a venir los peces.,uketchu samellusa'.,nawa' wenche'chuna',U01204,G01045,medium,0.689872682094574,0.4937751293182373,0.19609755277633667,3
U00829,G00705,estoy atrapado.,ñapalek pilli'pi,inapilante'ñapalek,U01101,G00960,hard,0.8025015592575073,0.7478411197662354,0.05466043949127197,5
U00829,G00705,estoy atrapado.,ñapalek pilli'pi,amercha tekuasu' ñapalek,U00823,G00699,medium,0.8025015592575073,0.651902437210083,0.15059912204742432,34
U02108,G01889,¡haz ruido!,¡a'illinker'!,¡dakuta'ker'!,U01170,G01020,hard,0.8077831268310547,0.7282958626747131,0.07948726415634155,2
U02108,G01889,¡haz ruido!,¡a'illinker'!,¡pilli'ter'!,U01378,G01203,medium,0.8077831268310547,0.6267394423484802,0.18104368448257446,5
U00627,G00522,mantente cerca.,ñapaker' kawik,ñaper' lu'uk'tan,U00727,G00610,hard,0.6982900500297546,0.6294615864753723,0.06882846355438232,4
U00627,G00522,mantente cerca.,ñapaker' kawik,i'shiwansu' ñaper',U00378,G00308,medium,0.6982900500297546,0.5468730926513672,0.15141695737838745,9
U01958,G01748,"vamos, levántate.","yunsanker', enchu",¡wanerker'! ¡apechutek!,U00885,G00757,hard,0.6661557555198669,0.5822582244873047,0.08389753103256226,4
U01958,G01748,"vamos, levántate.","yunsanker', enchu","ma'a'tasu', lataker'",U01993,G01779,medium,0.6661557555198669,0.4979003369808197,0.16825541853904724,9
U00387,G00315,comamos.,weranwa',tupitawa',U01823,G01619,hard,0.7817529439926147,0.6917173862457275,0.09003555774688721,2
U00387,G00315,comamos.,weranwa',dek'awa',U00609,G00505,medium,0.7817529439926147,0.6305946111679077,0.15115833282470703,12
U00125,G00089,bienvenidos.,muwencha'ku',muwencha'ker',U00127,G00090,hard,0.5936748385429382,0.5284150242805481,0.06525981426239014,7
U00125,G00089,bienvenidos.,muwencha'ku',inlli'inuter' musuk,U01528,G01341,medium,0.5936748385429382,0.4408862590789795,0.15278857946395874,14
U00126,G00089,bienvenidas.,muwencha'ku',musu' paskua',U01038,G00899,hard,0.5824387073516846,0.5234348177909851,0.05900388956069946,7
U00126,G00089,bienvenidas.,muwencha'ku',musuk'i'la lli'inuper',U01529,G01342,medium,0.5824387073516846,0.43129962682724,0.15113908052444458,17
U02536,G02311,¿tienen hambre? cuando abra mi boca metan los dos pescados.,- ¿uki'lalama' a'cha? lauk'a'seku asu' katu'ta' samer i'la dekwa'ku' la'la'wekkek.,- ¿asu' ma'nen samer a'cha? itullina'.,U02653,G02428,hard,0.5725619792938232,0.47425898909568787,0.09830299019813538,2
U02536,G02311,¿tienen hambre? cuando abra mi boca metan los dos pescados.,- ¿uki'lalama' a'cha? lauk'a'seku asu' katu'ta' samer i'la dekwa'ku' la'la'wekkek.,"- uklek, alli'sha. penshapen luwanpa'llen.",U02878,G02653,medium,0.5725619792938232,0.4222602844238281,0.15030169486999512,8
U01807,G01604,¡es maravilloso!,¡liatusu' nuka'a!,¡illiñi u'chimu!,U02067,G01850,hard,0.7262617945671082,0.6709977984428406,0.05526399612426758,5
U01807,G01604,¡es maravilloso!,¡liatusu' nuka'a!,mukankan'inpu' nuka'a,U01292,G01123,medium,0.7262617945671082,0.5751214623451233,0.15114033222198486,15
U00124,G00802,perdimos.,wer'llidek,perlli'llidek,U00701,G00587,hard,0.8701132535934448,0.8031017184257507,0.06701153516769409,4
U00124,G00802,perdimos.,wer'llidek,pinaner'llidek,U00447,G00363,medium,0.8701132535934448,0.7179480195045471,0.1521652340888977,7
U00933,G00802,nos perdimos.,wer'llidek,aper'llidek,U00446,G00362,hard,0.8652215600013733,0.8148016333580017,0.05041992664337158,5
U00933,G00802,nos perdimos.,wer'llidek,a'ta'wantullidek,U00697,G00584,medium,0.8652215600013733,0.7121371626853943,0.153084397315979,9
U03117,G02892,"así vamos a estar viviendo pues ahora, otras gentes han entrado en jeberos.","nu'su' ñapilaterwa' enta' ipa'la, nermuda'lusi'pa' danker'kuñina' shiwiluk.",nu'an yupasik ima ipa' ipa'linchi ñinanlu' indiuntunñina'.,U02737,G02512,hard,0.6341883540153503,0.5794681906700134,0.054720163345336914,3
U03117,G02892,"así vamos a estar viviendo pues ahora, otras gentes han entrado en jeberos.","nu'su' ñapilaterwa' enta' ipa'la, nermuda'lusi'pa' danker'kuñina' shiwiluk.",nu'apileklima kencha'llina' inalupa' ku'apellusa' kullikerwanlusa'.,U03019,G02794,medium,0.6341883540153503,0.47604990005493164,0.1581384539604187,9
U02783,G02558,no conocen los grandes peces:,luwetchi'ñina' asu' kupin samellusa':,"ñimi'na luwetchi'ñina' iker'adu,",U02632,G02407,hard,0.804109513759613,0.654491662979126,0.14961785078048706,2
U02783,G02558,no conocen los grandes peces:,luwetchi'ñina' asu' kupin samellusa':,"luwetchi'ñina' panwala,",U02782,G02557,medium,0.804109513759613,0.651397705078125,0.15271180868148804,3
U02132,G01912,viven allá.,nanek nanpipallina',asek ñapallina',U01536,G01348,hard,0.6833427548408508,0.6181232929229736,0.0652194619178772,2
U02132,G01912,viven allá.,nanek nanpipallina',nawa'sa' nanpichuna'.,U02733,G02508,medium,0.6833427548408508,0.5302320718765259,0.15311068296432495,4
U03004,G02779,"así, de esa manera, llegaron a moyobamba decían los abuelos ya finados.",nu'sik nu'eklima nana muyunpak ektu'llina' tullina' papinkuku'lusa'.,nu'apileklima kencha'llina' inalupa' ku'apellusa' kullikerwanlusa'.,U03019,G02794,hard,0.6816950440406799,0.6083071231842041,0.07338792085647583,2
U03004,G02779,"así, de esa manera, llegaron a moyobamba decían los abuelos ya finados.",nu'sik nu'eklima nana muyunpak ektu'llina' tullina' papinkuku'lusa'.,ipa'leklanlek a'metchala nu'unta' chilenñusa' yullina' winenllusa' pa'a'ser nanalupa'.,U03095,G02870,medium,0.6816950440406799,0.5194872617721558,0.16220778226852417,5
U01853,G01647,es ese.,nuka'a nana,nanasa',U01533,G01842,hard,0.7768469452857971,0.6708802580833435,0.10596668720245361,6
U01853,G01647,es ese.,nuka'a nana,nana nakulli,U00837,G00713,medium,0.7768469452857971,0.6125311851501465,0.16431576013565063,8
U01547,G01359,están mintiendo.,tumu'pallina',lansa'pallina',U02144,G01924,hard,0.7772725224494934,0.7075496912002563,0.06972283124923706,2
U01547,G01359,están mintiendo.,tumu'pallina',inyutapallina',U02141,G01921,medium,0.7772725224494934,0.6145321726799011,0.16274034976959229,6
U01782,G01581,¿es doctor?,¿lulentutek'a'cha?,¿iñer'a'cha?,U00835,G00711,hard,0.6522647738456726,0.5992216467857361,0.05304312705993652,8
U01782,G01581,¿es doctor?,¿lulentutek'a'cha?,¿pa'chi'ñin'cha?,U00573,G00477,medium,0.6522647738456726,0.4986531734466553,0.15361160039901733,26
U00134,G00096,¿estoy gordo?,¿weipensu' ñapalek?,¿wa'latapalek?,U01305,G01136,hard,0.7065289616584778,0.6544643640518188,0.052064597606658936,3
U00134,G00096,¿estoy gordo?,¿weipensu' ñapalek?,¿kadu'lunsu' ñapala?,U02219,G01996,medium,0.7065289616584778,0.5500279664993286,0.15650099515914917,9
U02914,G02689,"¡no, no va a ir todo el pueblo.","¡ma'sha, ñinanlu' iñer pa'i'nchu.","- ah, enta'n'i'na dasu'laklanek uwi'nek.",U02451,G02226,medium,0.7236382365226746,0.5063011646270752,0.21733707189559937,2
U01993,G01779,"ten, pruébatelo.","ma'a'tasu', lataker'",teklerier',U00442,G00359,hard,0.6197691559791565,0.5207120180130005,0.099057137966156,2
U01993,G01779,"ten, pruébatelo.","ma'a'tasu', lataker'","- ta'iter, alli'shá.",U02881,G02656,medium,0.6197691559791565,0.46778053045272827,0.15198862552642822,4
U01256,G01092,lo tenemos.,a'ñapallidek,a'nañiechidek,U00942,G00810,hard,0.7545324563980103,0.6551142930984497,0.09941816329956055,2
U01256,G01092,lo tenemos.,a'ñapallidek,wer'apallidek,U01255,G01091,medium,0.7545324563980103,0.5955448746681213,0.15898758172988892,5
U03077,G02852,viendo apu'tek que estaban bien enojados corrió y se escondió en su dormitorio.,lli'an ima apu'tekku' enpu'nipa' yupilerkasu'tekka'lli insekkitulli wicha'pek.,wichi'a'ser ima tekkinchi lansi' wa'dan uk'an iñer ima laki'kerdeklli.,U02893,G02668,hard,0.6731841564178467,0.5368026494979858,0.13638150691986084,2
U03077,G02852,viendo apu'tek que estaban bien enojados corrió y se escondió en su dormitorio.,lli'an ima apu'tekku' enpu'nipa' yupilerkasu'tekka'lli insekkitulli wicha'pek.,"u'ñishima awerandeklli, a'panta'deklli pideknennek.",U03138,G02913,medium,0.6731841564178467,0.49393606185913086,0.17924809455871582,3
U02221,G01998,¿estudias?,¿kerka' ñinchitapala?,¿luwer'chapalama?,U01972,G01761,hard,0.7101396322250366,0.6443278789520264,0.06581175327301025,8
U02221,G01998,¿estudias?,¿kerka' ñinchitapala?,lektapaleksa',U02050,G01833,medium,0.7101396322250366,0.5580981969833374,0.15204143524169922,18
U01005,G00868,¿sabes nadar?,¿ñinchitapala idun'ak?,¿yennitulama' dekkunta'mamak?,U01007,G00870,hard,0.6475567817687988,0.5698627829551697,0.07769399881362915,3
U01005,G00868,¿sabes nadar?,¿ñinchitapala idun'ak?,¿kana'tula?,U00737,G00617,medium,0.6475567817687988,0.4974963665008545,0.15006041526794434,9
U02461,G02236,"sus piernitas eran muy flaquitas, piernas chuecas,","u'ñikuchu'chekshalima, kunsek kutu',","tanna' nerpi'pu', kumarinenna'lek inpilli'iteklatanna',",U02775,G02550,hard,0.6344121694564819,0.5562410354614258,0.07817113399505615,2
U02461,G02236,"sus piernitas eran muy flaquitas, piernas chuecas,","u'ñikuchu'chekshalima, kunsek kutu',","iñer ka'latak saneksik,",U02373,G02148,medium,0.6344121694564819,0.4707353115081787,0.16367685794830322,10
U02429,G02204,"¿recién vienen? les digo en castellano, ¿ya han venido, hijos? les digo.","¿nauncha'lama'? kaschilleklan itulek, ¿ya han venido, hijos? itudeklek.",¿wilaweklusa' ma'nen i'na a'ka'dek'etchek? tanna'.,U02800,G02575,medium,0.8038464784622192,0.6107363700866699,0.19311010837554932,2
U01916,G01707,pareces molesto.,yupa'masu'pu'su' lli'tula,wa'danpilapilun,U02201,G01978,medium,0.704788863658905,0.4993925988674164,0.20539626479148865,6
U01787,G01586,¿está mejor?,¿ipa' mula'lli?,u'chimuinchi ¿i'ya?,U01988,G01774,hard,0.5984233021736145,0.5403118133544922,0.058111488819122314,5
U01787,G01586,¿está mejor?,¿ipa' mula'lli?,¿nu'su' nuka'a?,U00581,G00483,medium,0.5984233021736145,0.435324490070343,0.16309881210327148,24
U01378,G01203,¡sujétalo!,¡pilli'ter'!,¡latada'ker'!,U01182,G01029,hard,0.7762975692749023,0.7192397713661194,0.05705779790878296,4
U01378,G01203,¡sujétalo!,¡pilli'ter'!,pilli'ter',U00405,G00329,medium,0.7762975692749023,0.6239519119262695,0.1523456573486328,11
U01612,G01423,puedes hacerlo.,yennitula nu'ta'mak,yennitulada'a'mak,U02204,G01981,hard,0.8266183733940125,0.7436745166778564,0.082943856716156,2
U01612,G01423,puedes hacerlo.,yennitula nu'ta'mak,yennitula lun'a'mak,U01617,G01428,medium,0.8266183733940125,0.6619320511817932,0.16468632221221924,9
U00027,G00022,abrázame.,wiperi'u,a'uktuwu,U01518,G01333,hard,0.76277095079422,0.7032523155212402,0.059518635272979736,4
U00027,G00022,abrázame.,wiperi'u,llinser'chu'u,U00277,G00223,medium,0.76277095079422,0.5950289368629456,0.16774201393127441,13
U02171,G01951,queremos saber.,yañinchitullidek,ñinchitapallidek,U00123,G00088,hard,0.7226040363311768,0.6293035745620728,0.093300461769104,3
U02171,G01951,queremos saber.,yañinchitullidek,lli'inutapallidek,U00938,G00806,medium,0.7226040363311768,0.5649376511573792,0.1576663851737976,6
U01744,G01546,quiero otro.,luwantulek ali'la,luwantulek kulliker',U01085,G00944,hard,0.7634372115135193,0.6223563551902771,0.1410808563232422,2
U01744,G01546,quiero otro.,luwantulek ali'la,wayusa' luwantulek,U01414,G01235,medium,0.7634372115135193,0.5743546485900879,0.1890825629234314,3
U02583,G02358,"dice que ellos (los shawalas) yendo una vez, abriendo trocha yendo, vieron que estaba humeando.","nawi'mi'na' panta'nna', ala'lusa', sekllintanni'ma panta'nna', lli'llini'ma mu'katapasik.","tanni'ma di'ser'itullina' tanpu'nen, pideknen.",U02683,G02458,hard,0.5122538805007935,0.4520809054374695,0.060172975063323975,19
U02583,G02358,"dice que ellos (los shawalas) yendo una vez, abriendo trocha yendo, vieron que estaba humeando.","nawi'mi'na' panta'nna', ala'lusa', sekllintanni'ma panta'nna', lli'llini'ma mu'katapasik.","sekllintulli iñer uklli, ala' simana', katu' simana', kala simana', ala' dukerkek ima ektu'llina' muyunpak. hicieron trocha todos los días, una semana, dos semanas, tres",U02968,G02743,medium,0.5122538805007935,0.3605343997478485,0.15171948075294495,51
U00091,G00063,soy tom.,nuka'ku tom,tom nuka'a,U00223,G00175,hard,0.7922673225402832,0.6477659940719604,0.14450132846832275,2
U00091,G00063,soy tom.,nuka'ku tom,ku'aper nuka'ka,U00812,G00688,medium,0.7922673225402832,0.5784285068511963,0.21383881568908691,4
U01785,G01584,¿es posible?,¿yennitater'a'cha?,¿tekinchi'cha?,U00579,G00481,hard,0.8056702613830566,0.6738236546516418,0.1318466067314148,2
U01785,G01584,¿es posible?,¿yennitater'a'cha?,¿katu'pa'tula?,U01020,G00882,medium,0.8056702613830566,0.6244062781333923,0.1812639832496643,4
U01920,G01711,quédese ahí.,llia'ker nanek,aku'ku' nanek,U01164,G01015,hard,0.751806378364563,0.6962952613830566,0.05551111698150635,5
U01920,G01711,quédese ahí.,llia'ker nanek,paker' kinekla,U01035,G00896,medium,0.751806378364563,0.5897276997566223,0.16207867860794067,14
U00945,G00813,estamos listos.,insekdiperpi ñapalidek,pekuipi ñapalidek,U00944,G00812,hard,0.7307443618774414,0.6540486216545105,0.07669574022293091,2
U00945,G00813,estamos listos.,insekdiperpi ñapalidek,chiminllinkekla nanpiterwa',U01579,G01390,medium,0.7307443618774414,0.5791467428207397,0.15159761905670166,11
U00280,G00225,apunta. ¡fuego!,tañiter' . ¡pen!,¡wanerker'! ¡apechutek!,U00885,G00757,hard,0.7149066925048828,0.6437998414039612,0.07110685110092163,2
U00280,G00225,apunta. ¡fuego!,tañiter' . ¡pen!,¡pilli'ter'!,U01378,G01203,medium,0.7149066925048828,0.5479975938796997,0.1669090986251831,3
U01901,G01695,¡buen país!,¡u'chimu ñinalu'!,¡illiñi u'chimu!,U02067,G01850,hard,0.6655397415161133,0.6005356907844543,0.06500405073165894,10
U01901,G01695,¡buen país!,¡u'chimu ñinalu'!,¡musu' lli'inuter'!,U00151,G00111,medium,0.6655397415161133,0.5104488730430603,0.15509086847305298,20
U02126,G01906,están amarillos.,sha'pi'su'sa' ñapallina,wiuksu'lusa' nuker'ka,U01207,G01048,hard,0.6498836278915405,0.5980947017669678,0.051788926124572754,4
U02126,G01906,están amarillos.,sha'pi'su'sa' ñapallina,tekinchilusa' nuker'ka,U02142,G01922,medium,0.6498836278915405,0.4986070990562439,0.15127652883529663,19
U02447,G02222,se van. luego de ir vienen tarde.,pa'llina'. pa'anna' erwa uncha'llina'.,"- enta'n, er'washinchi lli'kunkenma'.",U02929,G02704,hard,0.762955367565155,0.630387008190155,0.132568359375,2
U02447,G02222,se van. luego de ir vienen tarde.,pa'llina'. pa'anna' erwa uncha'llina'.,¡enchuku' pa'awa'! nupullini'ma ñinanluklan.,U02658,G02433,medium,0.762955367565155,0.502387523651123,0.260567843914032,3
U01523,G01338,habla claramente.,lunker' lachek'ak,llinse'cher' manen'unta',U02195,G01974,hard,0.674329400062561,0.5367985963821411,0.13753080368041992,3
U01523,G01338,habla claramente.,lunker' lachek'ak,tantenñi tuluker'ak,U02243,G02018,medium,0.674329400062561,0.5127592086791992,0.16157019138336182,6
U01524,G01338,hable claramente.,lunker' lachek'ak,ta'tula'shasu' lunker',U01527,G01340,hard,0.6677200198173523,0.5718574523925781,0.09586256742477417,3
U01524,G01338,hable claramente.,lunker' lachek'ak,musuk'i'la lli'inuper',U01529,G01342,medium,0.6677200198173523,0.5007820129394531,0.16693800687789917,7
U01866,G01660,ellos atacarán.,nawa panper'chechuna',wei ek'tue'chuna',U01631,G01442,hard,0.7401695251464844,0.6657896041870117,0.07437992095947266,3
U01866,G01660,ellos atacarán.,nawa panper'chechuna',nawa dek'kuntillina',U00902,G00773,medium,0.7401695251464844,0.5769472718238831,0.16322225332260132,7
U01897,G01691,los tenemos.,a'ñapalekdekwa',a'ñapallidek ñiñi'wa,U01569,G01380,hard,0.6329765319824219,0.5645383596420288,0.06843817234039307,5
U01897,G01691,los tenemos.,a'ñapalekdekwa',kana'tapalekwa',U01592,G01403,medium,0.6329765319824219,0.4806876480579376,0.15228888392448425,13
U00293,G00232,vuelve pronto.,aden'cher' wiuk'su',da'ker' kinekla,U00026,G00021,hard,0.6690833568572998,0.5897305607795715,0.07935279607772827,3
U00293,G00232,vuelve pronto.,aden'cher' wiuk'su',dasu'la ektu'kerllia,U01609,G01420,medium,0.6690833568572998,0.5143032073974609,0.15478014945983887,9
U00977,G01449,eres libre.,inapiken nuka'ma,watensu' nuka'ma,U01303,G01134,hard,0.6650760769844055,0.5974180102348328,0.06765806674957275,3
U00977,G01449,eres libre.,inapiken nuka'ma,da'sek'su' ñapala,U02216,G01993,medium,0.6650760769844055,0.513822615146637,0.15125346183776855,16
U01639,G01449,estás soltero.,inapiken nuka'ma,watensu' nuka'ma,U01303,G01134,hard,0.6872630715370178,0.624070405960083,0.06319266557693481,4
U01639,G01449,estás soltero.,inapiken nuka'ma,da'sek'su' ñapala,U02216,G01993,medium,0.6872630715370178,0.5299167633056641,0.15734630823135376,15
U00701,G00587,estamos hartos.,perlli'llidek,ka'a'kawa'su' ñapalli,U01574,G01385,hard,0.7588921785354614,0.6835775375366211,0.07531464099884033,23
U00701,G00587,estamos hartos.,perlli'llidek,wer'llidek,U00933,G00802,medium,0.7588921785354614,0.5982134342193604,0.16067874431610107,32
U01754,G01556,estaba durmiendo.,wicha'pawinek,wa'latapawinek,U01753,G01555,hard,0.7505900859832764,0.6553891897201538,0.09520089626312256,2
U01754,G01556,estaba durmiendo.,wicha'pawinek,pulunker'apawiñi,U01798,G01596,medium,0.7505900859832764,0.5956498384475708,0.15494024753570557,7
U01057,G00917,soy chino.,chinu nuka'ka,koreano nuka'ka,U00554,G00459,hard,0.7654796838760376,0.6519096493721008,0.11357003450393677,2
U01057,G00917,soy chino.,chinu nuka'ka,finlandis nuka'ka,U00808,G00684,medium,0.7654796838760376,0.6079348921775818,0.1575447916984558,6
U00693,G00580,cantaremos.,tuluner'aterwa',lansa'wa',U00854,G00730,hard,0.7783262729644775,0.6613086462020874,0.11701762676239014,3
U00693,G00580,cantaremos.,tuluner'aterwa',yamerlek'wa',U00685,G00573,medium,0.7783262729644775,0.6130105257034302,0.16531574726104736,8
U03076,G02851,"cuando tenían todos sus tambores, cuando yupaneaban se encontraron en la misma puerta de apu'tek.",tuntunwanta'ser silututa'ser inkapetllina' apu'tekku' unkunanñik'inchi.,"tanni'ma insekdipellina', uklulu'nenna' a'nu'tullina' sadina' yekpanna'.",U02870,G02645,hard,0.6274650692939758,0.5591848492622375,0.06828022003173828,3
U03076,G02851,"cuando tenían todos sus tambores, cuando yupaneaban se encontraron en la misma puerta de apu'tek.",tuntunwanta'ser silututa'ser inkapetllina' apu'tekku' unkunanñik'inchi.,"dudinpu' asu' lupek pa'a'su'daper ilakapi chiketchullina', wei pa'llina'.",U02813,G02588,medium,0.6274650692939758,0.4571634531021118,0.170301616191864,9
U00371,G00302,se acabó.,tekineklli,analli,U00360,G00291,hard,0.6807349324226379,0.6136516332626343,0.06708329916000366,22
U00371,G00302,se acabó.,tekineklli,iñer' ta'wantulli,U02069,G01852,medium,0.6807349324226379,0.5153599381446838,0.1653749942779541,31
U02437,G02212,con su padre les he criado.,papinalek teksusudeklek.,ala'sa' ku'aperwawa luwektapallun.,U02273,G02048,hard,0.6782962679862976,0.5842379331588745,0.0940583348274231,2
U02437,G02212,con su padre les he criado.,papinalek teksusudeklek.,napi' sudawek sudatulek.,U02405,G02180,medium,0.6782962679862976,0.4664906859397888,0.2118055820465088,4
U01473,G01291,había nevado.,pulunker' ñapawiñi,ucha'paya ñapawiñi,U00840,G00716,hard,0.6915786862373352,0.6349727511405945,0.05660593509674072,6
U01473,G01291,había nevado.,pulunker' ñapawiñi,amu utek'wañi,U01695,G01498,medium,0.6915786862373352,0.5316242575645447,0.15995442867279053,20
U01546,G01358,están limpias.,mupisusa' ñapallina',muinsu' ñapallina',U01868,G01662,hard,0.6408782005310059,0.5896804332733154,0.05119776725769043,5
U01546,G01358,están limpias.,mupisusa' ñapallina',kualek ñapallina',U02150,G01930,medium,0.6408782005310059,0.49009984731674194,0.15077835321426392,12
