pair_id,group_id,ESP_original,SHIWILU_original,ESP_normalizado,SHIWILU_normalizado,source,source_pair_id,has_audit_flags
U00996,G00853,Sé confiado.,LU'UKTUTEK'KEN ÑIKER,sé confiado.,lu'uktutek'ken ñiker,flashcards2,P00996,False
U02413,G02182,Hablando más en castellano ya no hablan shiwilu.,"A’pinta’ Kaschilleklansa’ lunna’, ñi a’pinta’ Shiwilu la’la’ lunpi’ñina’.",hablando más en castellano ya no hablan shiwilu.,"a'pinta' kaschilleklansa' lunna', ñi a'pinta' shiwilu la'la' lunpi'ñina'.",pdf_textos,P00162,True
U04424,G04159,Pero a la lengua shiwilu desde antes no le curaron;,Shiwilu la’la’ napiklanek lulen’i’ñina’;,pero a la lengua shiwilu desde antes no le curaron;,shiwilu la'la' napiklanek lulen'i'ñina';,fidel_lomas,P00548,True
U00261,G00204,Tom lloró.,TOM WELLIEK'LLI,tom lloró.,tom welliek'lli,flashcards2,P00261,False
U01390,G01507,Te creo.,LATEKLLIEN,te creo.,latekllien,flashcards2,P01390,True
U01710,G01507,Te creí.,LATEKLLIEN,te creí.,latekllien,flashcards2,P01710,True
U02427,G02196,"Sentada me la paso, tarde llegan.","Du’anpamu erwatulek, erwa uncha’llina’.","sentada me la paso, tarde llegan.","du'anpamu erwatulek, erwa uncha'llina'.",pdf_textos,P00176,True
U04394,G04129,Hace veinte años que salí de mi pueblo.,Katu’-shunka’ ekkilala ñilli yunsu’a’kasu’ ñinanlu’wekekla.,hace veinte años que salí de mi pueblo.,katu'-shunka' ekkilala ñilli yunsu'a'kasu' ñinanlu'wekekla.,fidel_lomas,P00518,True
U02119,G01893,Alguien llamó.,DENIPA' PEKLU'TULLI,alguien llamó.,denipa' peklu'tulli,flashcards2,P02119,False
U02186,G01960,Los perdimos.,A'WER'LLIDEK,los perdimos.,a'wer'llidek,flashcards2,P02186,False
U01891,G01679,Te salvaremos.,A'CHIYEK'ECHIDEN,te salvaremos.,a'chiyek'echiden,flashcards2,P01891,False
U04068,G03805,"Y, así, se fueron a la fiesta las dos.",Pistak pa’llina’ ipa’linchi katu’daper.,"y, así, se fueron a la fiesta las dos.",pistak pa'llina' ipa'linchi katu'daper.,fidel_lomas,P00192,True
U02470,G02239,"Hasta hoy, hasta ahora no se levanta.","Ipa’lalek, ipa’la walek yunsi’ñi.","hasta hoy, hasta ahora no se levanta.","ipa'lalek, ipa'la walek yunsi'ñi.",pdf_textos,P00219,True
U02277,G02046,Así yo también vivo bien.,Nu’amui’na kuanta’ musu’ nanpiapalek.,así yo también vivo bien.,nu'amui'na kuanta' musu' nanpiapalek.,pdf_textos,P00026,True
U00131,G00089,¿Quién ganó?,¿DEN'INA' KANA'TULLI?,¿quién ganó?,¿den'ina' kana'tulli?,flashcards2,P00131,False
U03281,G03049,Quiero escuchar cuando hablas.,YALAULEK' LUN'A'SIN,quiero escuchar cuando hablas.,yalaulek' lun'a'sin,flashcards_oraciones,P00074,False
U03976,G03720,El majaz tiene solo una cría anualmente.,Ala’shasa’ wawinwanpalli ekkilalak.,el majaz tiene solo una cría anualmente.,ala'shasa' wawinwanpalli ekkilalak.,fidel_lomas,P00100,True
U00123,G00084,Lo sabemos.,ÑINCHITAPALLIDEK,lo sabemos.,ñinchitapallidek,flashcards2,P00123,False
U03029,G02798,"Sin embargo, ellos viendo a los astros (decían) ""Miren por qué reverbean las estrellas, después se vuelan (las estrellas fugaces).","Da'ilek i'na, pi'tandulalusa' lli'anna', ""Lli'ker, ma’pu’n ipa’ asu’ tandula ulu’ ulu’tulli, nu’an pennu’lli.","sin embargo, ellos viendo a los astros (decían) miren por qué reverbean las estrellas, después se vuelan (las estrellas fugaces).","da'ilek i'na, pi'tandulalusa' lli'anna', lli'ker, ma'pu'n ipa' asu' tandula ulu' ulu'tulli, nu'an pennu'lli.",pdf_textos,P00778,True
U00493,G00402,No esperes.,YAWA'TENTUTA,no esperes.,yawa'tentuta,flashcards2,P00493,False
U02150,G01924,Están conmigo.,KUALEK ÑAPALLINA',están conmigo.,kualek ñapallina',flashcards2,P02150,False
U02746,G02515,se secaron las cochas.,enpinantekllina’ sennanlusa’.,se secaron las cochas.,enpinantekllina' sennanlusa'.,pdf_textos,P00495,True
U04450,G04185,Por eso todos la ambicionaban.,NU’ASU MALEK IÑETLLER LUYALLI.,por eso todos la ambicionaban.,nu'asu malek iñetller luyalli.,vs_textos_narrativos,P00012,True
U03037,G02806,Lo que han anunciado los abuelos ya finados “Algún día ustedes con sus madres ya no van a estar caminando.,Ter'kasu'pi'la papinkuku'lusa' “Enpi' uklli kenmama' awapenma'lek pa'api'nchuma'.,lo que han anunciado los abuelos ya finados algún día ustedes con sus madres ya no van a estar caminando.,ter'kasu'pi'la papinkuku'lusa' enpi' uklli kenmama' awapenma'lek pa'api'nchuma'.,pdf_textos,P00786,True
U01242,G01074,Lo necesitamos.,LUWANTULLIDEK,lo necesitamos.,luwantullidek,flashcards2,P01242,False
U04253,G03989,", después a los jóvenes, ","nanekla nadi’neklusa’,",", después a los jóvenes,","nanekla nadi'neklusa',",fidel_lomas,P00377,True
U02803,G02572,Pero a nadie queremos contarle porque no creen.,Ñi’na ñiden kudaler yawinchi’ñidek latekchiñina’.,pero a nadie queremos contarle porque no creen.,ñi'na ñiden kudaler yawinchi'ñidek latekchiñina'.,pdf_textos,P00552,True
U00674,G00560,Tom llorará.,TOM WELLEK'ECHU,tom llorará.,tom wellek'echu,flashcards2,P00674,False
U02241,G02010,No fuma.,KU'LA U'WA'TA'PI'ÑI,no fuma.,ku'la u'wa'ta'pi'ñi,flashcards2,P02241,False
U01505,G01315,Vayamos abajo.,NUWANTA'WA',vayamos abajo.,nuwanta'wa',flashcards2,P01505,False
U00840,G00710,Estuvo chevere.,UCHA'PAYA ÑAPAWIÑI,estuvo chevere.,ucha'paya ñapawiñi,flashcards2,P00840,False
U03609,G03363,los niños limpian la mesa.,NANA WILALUSA PEKKUI'LLINA MISA',los niños limpian la mesa.,nana wilalusa pekkui'llina misa',flashcards_oraciones,P00402,False
U01380,G01199,¿Cuántos murieron?,¿ENPU'DUN CHIMIÑINA'?,¿cuántos murieron?,¿enpu'dun chimiñina'?,flashcards2,P01380,False
U01025,G00881,¿Fumas?,¿U'WA'TAPALA?,¿fumas?,¿u'wa'tapala?,flashcards2,P01025,False
U02729,G02498,quémalos.,"“Tanpen, enpulula’ yapur’anna’ uncha’a’ser di’setchudekker. “Hombre Candela, cuando alguna vez queriendo pescar vengan,",quémalos.,"tanpen, enpulula' yapur'anna' uncha'a'ser di'setchudekker. hombre candela, cuando alguna vez queriendo pescar vengan,",pdf_textos,P00478,True
U00594,G00490,¡Guarden silencio!,¡TA'TU'LA'KU!,¡guarden silencio!,¡ta'tu'la'ku!,flashcards2,P00594,False
U01853,G01641,Es ese.,NUKA'A NANA,es ese.,nuka'a nana,flashcards2,P01853,False
U01110,G00961,Estoy pintando.,LLINSERCHAPALEK,estoy pintando.,llinserchapalek,flashcards2,P01110,False
U02912,G02681,"Regresaron y le contaron al gobernante, quien convocó al pueblo.","Adenchanna’ wa’an wintullina’, ñinanlu’ peklu’lli.","regresaron y le contaron al gobernante, quien convocó al pueblo.","adenchanna' wa'an wintullina', ñinanlu' peklu'lli.",pdf_textos,P00661,True
U02622,G02391,"No tiene nada, no tiene hijos, no tiene perro, no tiene gallinas, no tiene nada”.","Ñi ma’wi’ñi, wilawi’ñi, ñi ñiñi’wi’ñi, wa’dantekwi’ñi, ñi ma’wi’ñi”.","no tiene nada, no tiene hijos, no tiene perro, no tiene gallinas, no tiene nada.","ñi ma'wi'ñi, wilawi'ñi, ñi ñiñi'wi'ñi, wa'dantekwi'ñi, ñi ma'wi'ñi.",pdf_textos,P00371,True
U00900,G00765,Esperaron.,WA'TENTULLINA',esperaron.,wa'tentullina',flashcards2,P00900,False
U02388,G02157,Ahí se enfría sola.,Nanek sanek’i nanasa’.,ahí se enfría sola.,nanek sanek'i nanasa'.,pdf_textos,P00137,True
U00925,G00788,¿Estaba equivocada?,¿ÑAPAWINEK PEKTUNSU'?,¿estaba equivocada?,¿ñapawinek pektunsu'?,flashcards2,P00925,False
U01203,G01038,Ellos llamarán.,NAWA' PEKLU'TECHUNA',ellos llamarán.,nawa' peklu'techuna',flashcards2,P01203,False
U04364,G04099,Hemos descansado un poco. Meneleo encendió su,"A’mercha nerillidek. Miñiku, a’tentan pinterñen, u’wa’t ulli.",hemos descansado un poco. meneleo encendió su,"a'mercha nerillidek. miñiku, a'tentan pinterñen, u'wa't ulli.",fidel_lomas,P00488,True
U04076,G03813,La Motelo le pintó bien bonito (a la Iguana).,Maduler u’chimusha llinserlli.,la motelo le pintó bien bonito (a la iguana).,maduler u'chimusha llinserlli.,fidel_lomas,P00200,True
U01805,G01596,Es idéntico.,NANAPU'SU' NUKA'A,es idéntico.,nanapu'su' nuka'a,flashcards2,P01805,False
U00299,G00234,No mientas.,YATUMU'TA,no mientas.,yatumu'ta,flashcards2,P00299,False
U00990,G00848,¿Estás perdido?,¿WER'SU' ÑAPALA?,¿estás perdido?,¿wer'su' ñapala?,flashcards2,P00990,False
U02330,G02099,Por eso tengo pena.,Nu’amu kua wa’inutulek.,por eso tengo pena.,nu'amu kua wa'inutulek.,pdf_textos,P00079,True
U01520,G01329,¿Debo continuar?,¿TUPITE'CHEKPI'LA?,¿debo continuar?,¿tupite'chekpi'la?,flashcards2,P01520,False
U00866,G00736,Ahora sigue.,IPA'LA TUPITER',ahora sigue.,ipa'la tupiter',flashcards2,P00866,True
U00867,G00736,Ahora continúa.,IPA'LA TUPITER',ahora continúa.,ipa'la tupiter',flashcards2,P00867,True
U00868,G00736,Ahora prosigue.,IPA'LA TUPITER',ahora prosigue.,ipa'la tupiter',flashcards2,P00868,True
U01191,G01028,Así es.,NU'SU' NUKA'A,así es.,nu'su' nuka'a,flashcards2,P01191,False
U00114,G00077,Dimelo.,ITU'U,dimelo.,itu'u,flashcards2,P00114,False
U02325,G02094,Los niños ahora hablan sólo el castellano,"Wilalusa’ ipa’la Kaschilla’ la’leklansa’ lunna’,",los niños ahora hablan sólo el castellano,"wilalusa' ipa'la kaschilla' la'leklansa' lunna',",pdf_textos,P00074,True
U01254,G01084,Estamos bromeando.,SI'LENTAPALLIDEK,estamos bromeando.,si'lentapallidek,flashcards2,P01254,False
U04218,G03954,pero en las afueras las calles no son buenas.,dunsanlupi’na kallilusa’ mui’ñina’,pero en las afueras las calles no son buenas.,dunsanlupi'na kallilusa' mui'ñina',fidel_lomas,P00342,True
U04053,G03790,“Pero para ir a la fiesta hay que pintarse diseños (en el cuerpo)” dijeron.,“Pistak i’na yapa’ak inllinserlek” tullina’.,pero para ir a la fiesta hay que pintarse diseños (en el cuerpo) dijeron.,pistak i'na yapa'ak inllinserlek tullina'.,fidel_lomas,P00177,True
U02504,G02273,Ahora esta señora me pidió “¡Habla la lengua shiwilu!”,Ipa’la asu’ senñula’ itullun “¡Lunker Shiwilu la’la’!”,ahora esta señora me pidió ¡habla la lengua shiwilu!,ipa'la asu' senñula' itullun ¡lunker shiwilu la'la'!,pdf_textos,P00253,True
U03451,G03214,yo no corro por las mañanas.,KUA KU'LA TEKA'PI'NEK' DASU'LALUSAK',yo no corro por las mañanas.,kua ku'la teka'pi'nek' dasu'lalusak',flashcards_oraciones,P00244,False
U02272,G02041,La que más me cuida es mi hija que es casada.,A’pinta’ luwektapa’nkusui’na ku’aperwawa suda’su’.,la que más me cuida es mi hija que es casada.,a'pinta' luwektapa'nkusui'na ku'aperwawa suda'su'.,pdf_textos,P00021,True
U04007,G03744,"El joven se acercó; acercándose, le dijo: “¿Qué
quieres?”","Nadi’nekler kawilli; kawin “¿Ma’nen luwantula?”,
itulli.","el joven se acercó; acercándose, le dijo: ¿qué quieres?","nadi'nekler kawilli; kawin ¿ma'nen luwantula?, itulli.",fidel_lomas,P00131,True
U01404,G01221,Odio perder.,LUYULEK WER'AK,odio perder.,luyulek wer'ak,flashcards2,P01404,True
U01405,G01221,Detesto perder.,LUYULEK WER'AK,detesto perder.,luyulek wer'ak,flashcards2,P01405,True
U02926,G02695,Dice que cuando llegaron les dijo (el duende):,Ektu’a’ser ima itudeklli:,dice que cuando llegaron les dijo (el duende):,ektu'a'ser ima itudeklli:,pdf_textos,P00675,True
U01128,G00975,Está nevando.,PULUNKER'WANPALLI,está nevando.,pulunker'wanpalli,flashcards2,P01128,False
U04014,G03751,"Así vive, por eso nunca se despega.","Nu’su’ nanpipalli, ñinpi’ apu’tapi’ñi.","así vive, por eso nunca se despega.","nu'su' nanpipalli, ñinpi' apu'tapi'ñi.",fidel_lomas,P00138,True
U03202,G02971,No saben pronunciar.,Ninchipeklui'npu'la'pi'na'.,no saben pronunciar.,ninchipeklui'npu'la'pi'na'.,pdf_textos,P00951,False
U03853,G03598,tú no viajas por las noches.,KENMA KU'LA PA'APINA DEKPILLI'LUSA',tú no viajas por las noches.,kenma ku'la pa'apina dekpilli'lusa',flashcards_oraciones,P00646,False
U03074,G02843,"""Así vamos a hacer entonces”, dijeron haciendo mazo.","""Nu'awa' nu'pachi tanni'ma llisanala nu'tanna'.","así vamos a hacer entonces, dijeron haciendo mazo.",nu'awa' nu'pachi tanni'ma llisanala nu'tanna'.,pdf_textos,P00823,True
U04441,G04176,Esa doncella era de carne impecable.,NANA DA’WANSER MULU’SHA’SU’.,esa doncella era de carne impecable.,nana da'wanser mulu'sha'su'.,vs_textos_narrativos,P00003,True
U00195,G00146,Soy bueno. (hacer bien algo),U'CHIMUKU,soy bueno. (hacer bien algo),u'chimuku,flashcards2,P00195,True
U03630,G03384,nosotras nadamos en la cocha.,KUDA IDUNPALLIDEK SENANKEK,nosotras nadamos en la cocha.,kuda idunpallidek senankek,flashcards_oraciones,P00423,False
U03306,G03074,El río está crecido.,KUPINDEKSHADEK KUPIDEK'APALLI,el río está crecido.,kupindekshadek kupidek'apalli,flashcards_oraciones,P00099,False
U04383,G04118,"De ahí, otra vez hemos surcado.",Nanekla penwinernunta’llidek.,"de ahí, otra vez hemos surcado.",nanekla penwinernunta'llidek.,fidel_lomas,P00507,True
U01717,G01514,No sigo.,KU'LA TUPIAPI'NEK,no sigo.,ku'la tupiapi'nek,flashcards2,P01717,False
U03461,G03224,ustedes no enseñan a los niños.,KENMAMA' KU'LA A'LEK'API'NAMA' WILALUSA',ustedes no enseñan a los niños.,kenmama' ku'la a'lek'api'nama' wilalusa',flashcards_oraciones,P00254,False
U01745,G01541,Quiero ayudar.,YAKATUPA'TULEK,quiero ayudar.,yakatupa'tulek,flashcards2,P01745,False
U01238,G01071,Tenemos vino.,A'ÑAPALLIDEK VINU',tenemos vino.,a'ñapallidek vinu',flashcards2,P01238,False
U02543,G02312,“Después levántense y corran hasta un árbol inclinado.,- “Nanekla yunsanma’ tekka’nta’ku’ ala’sa’ nala inner’apek walek.,después levántense y corran hasta un árbol inclinado.,- nanekla yunsanma' tekka'nta'ku' ala'sa' nala inner'apek walek.,pdf_textos,P00292,True
U02088,G01864,Déjame llevarlo.,TA'ITULA'U EKPE'CHEK,déjame llevarlo.,ta'itula'u ekpe'chek,flashcards2,P02088,False
U00602,G00500,Charlemos.,LUN'AWA',charlemos.,lun'awa',flashcards2,P00602,True
U00608,G00500,Conversemos.,LUN'AWA',conversemos.,lun'awa',flashcards2,P00608,True
U01927,G01712,Eres paciente.,WA'TENTUTEK NUKA'MA,eres paciente.,wa'tentutek nuka'ma,flashcards2,P01927,False
U01574,G01379,Deberíamos comer.,KA'A'KAWA'SU' ÑAPALLI,deberíamos comer.,ka'a'kawa'su' ñapalli,flashcards2,P01574,False
U01073,G00926,La abracé.,WIPERI'LEK,la abracé.,wiperi'lek,flashcards2,P01073,False
U03859,G03604,el niño vive en el campo.,NANA WILA NANPIPALLI MENMIK,el niño vive en el campo.,nana wila nanpipalli menmik,flashcards_oraciones,P00652,False
U02020,G01799,Lo reconozco.,LUWER'CHULEK,lo reconozco.,luwer'chulek,flashcards2,P02020,False
U03327,G03094,ella no ama a sus amigos.,NANA' TANTENI'ÑI EKKUANENLUSA',ella no ama a sus amigos.,nana' tanteni'ñi ekkuanenlusa',flashcards_oraciones,P00120,False
U02769,G02538,"dijeron los antiguos sentados,","tullina’ napi’ku’lusa’ du’anna’,","dijeron los antiguos sentados,","tullina' napi'ku'lusa' du'anna',",pdf_textos,P00518,True
U03205,G02974,"Ahora ""¿Estás yendo compadre?"" diciendo pasan, sin mirarle la cara.","Ipa'li'na ""¿Pa'apilala, kunpá?"" tan nakutulli, lli'ladeinpu'la'pi'.","ahora ¿estás yendo compadre? diciendo pasan, sin mirarle la cara.","ipa'li'na ¿pa'apilala, kunpá? tan nakutulli, lli'ladeinpu'la'pi'.",pdf_textos,P00954,True
U02060,G01837,Tuve suficiente.,A'ÑIWINEK NANASA',tuve suficiente.,a'ñiwinek nanasa',flashcards2,P02060,False
U01935,G01720,¿Están bien?,¿MUSU' ÑAPALAMA'?,¿están bien?,¿musu' ñapalama'?,flashcards2,P01935,False
U04223,G03959,"Cuando caminas por la calle, así doble de barro se pega a tu zapato.","Pa’a’sin kallilupa’, u’ne tanalu’ mumulu’ pasuñi.","cuando caminas por la calle, así doble de barro se pega a tu zapato.","pa'a'sin kallilupa', u'ne tanalu' mumulu' pasuñi.",fidel_lomas,P00347,True
U00020,G00017,¡Al ataque!,¡PAKU' LLIPU'TUDEK'KUNKU'!,¡al ataque!,¡paku' llipu'tudek'kunku'!,flashcards2,P00020,False
U03426,G03189,los niños construyen una torre.,WILALUSA' NU'TULLINA ALA'SA' TORRE,los niños construyen una torre.,wilalusa' nu'tullina ala'sa' torre,flashcards_oraciones,P00219,False
U03468,G03231,ellas no escriben sus nombres.,NAWA' KU'LA LLINSERCHI'ÑINA' LLILLINNENNA',ellas no escriben sus nombres.,nawa' ku'la llinserchi'ñina' llillinnenna',flashcards_oraciones,P00261,False
U01801,G01592,Es mes de navidad.,ÑIÑUDUKER' NUKA'A,es mes de navidad.,ñiñuduker' nuka'a,flashcards2,P01801,False
U02195,G01968,Escribe algo.,LLINSE'CHER' MANEN'UNTA',escribe algo.,llinse'cher' manen'unta',flashcards2,P02195,False
U01553,G01359,Tom recuerda.,TOM LLI'INUTAPALLI,tom recuerda.,tom lli'inutapalli,flashcards2,P01553,False
U03770,G03518,las niñas no recuerdan una historia.,NANA WILA KUAPERLUSA KU'LA LLI'INUTAPI'ÑINA ALA'SA' HISTURIA,las niñas no recuerdan una historia.,nana wila kuaperlusa ku'la lli'inutapi'ñina ala'sa' histuria,flashcards_oraciones,P00563,False
U00431,G00344,Perdieron.,KANA'CHI'ÑINA',perdieron.,kana'chi'ñina',flashcards2,P00431,False
U00477,G01487,¡Pásale!,ENKA'KER',¡pásale!,enka'ker',flashcards2,P00477,True
U01687,G01487,Dáselo.,ENKA'KER',dáselo.,enka'ker',flashcards2,P01687,True
U01689,G01487,Pásaselo.,ENKA'KER',pásaselo.,enka'ker',flashcards2,P01689,True
U02040,G01818,Seré paciente.,WA'TENTUTEK ÑIECHEK,seré paciente.,wa'tentutek ñiechek,flashcards2,P02040,False
U01932,G01717,Quien sea.,DENPINTA' ÑI'I,quien sea.,denpinta' ñi'i,flashcards2,P01932,False
U02280,G02049,quiere aprender el idioma shiwilu.,Shiwilu la’la’ yañinchitulli.,quiere aprender el idioma shiwilu.,shiwilu la'la' yañinchitulli.,pdf_textos,P00029,True
U04349,G04084,Con quién también hablaba . No tenía pereza de hablar.,Denlekpi’nta’ luñi. Peri’ñi yalun.,con quién también hablaba . no tenía pereza de hablar.,denlekpi'nta' luñi. peri'ñi yalun.,fidel_lomas,P00473,True
U01316,G01139,¿Eres feliz?,¿MUSU' ÑAPALA?,¿eres feliz?,¿musu' ñapala?,flashcards2,P01316,False
U00460,G00372,¿Estoy equivocada?,¿APER'SUKU A'CHA?,¿estoy equivocada?,¿aper'suku a'cha?,flashcards2,P00460,False
U04029,G03766,Por eso la Mujer Sachavaca no le quitó toda su carne.,Nanamalek Panwalalunler siwer’chi’ñi iñer’ lu’lunnen.,por eso la mujer sachavaca no le quitó toda su carne.,nanamalek panwalalunler siwer'chi'ñi iñer' lu'lunnen.,fidel_lomas,P00153,True
U04003,G03740,"Le llamó, “Ven, quiero hablarte”, le dijo.","Peklu’lli. “Wekker’, yaluntullen”, itulli.","le llamó, ven, quiero hablarte, le dijo.","peklu'lli. wekker', yaluntullen, itulli.",fidel_lomas,P00127,True
U00492,G00401,¡No esperen!,¡YAWA'TENTUTAMA!,¡no esperen!,¡yawa'tentutama!,flashcards2,P00492,False
U03146,G02915,Así lo que han dicho he oído cuando era muchacho y ahora les estoy contando.,"Ta'ser kuanta' wilaku ñamu lawektulek, ipa'la winta'pallenma'.",así lo que han dicho he oído cuando era muchacho y ahora les estoy contando.,"ta'ser kuanta' wilaku ñamu lawektulek, ipa'la winta'pallenma'.",pdf_textos,P00895,False
U00216,G00164,Estoy débil.,MUDINUI'SU' ÑAPALEK,estoy débil.,mudinui'su' ñapalek,flashcards2,P00216,False
U03475,G03237,yo escribo su nombre.,KUA LLINSERCHULEK LLILLINNEN,yo escribo su nombre.,kua llinserchulek llillinnen,flashcards_oraciones,P00268,False
U01869,G01657,Están dentro.,KINEKLA' ÑAPALLINA',están dentro.,kinekla' ñapallina',flashcards2,P01869,False
U01810,G01601,Déjame irme.,TA'ITULA'U PAE'CHEK,déjame irme.,ta'itula'u pae'chek,flashcards2,P01810,False
U01763,G01559,Los llamaré.,PEKLUE'CHENMA',los llamaré.,peklue'chenma',flashcards2,P01763,False
U01129,G00976,Está funcionando.,SAKA'TAPALLI,está funcionando.,saka'tapalli,flashcards2,P01129,False
U04022,G03759,Luego fue donde la Mujer Pucacunga.,Nanekla pa’lli Chunserlunkek.,luego fue donde la mujer pucacunga.,nanekla pa'lli chunserlunkek.,fidel_lomas,P00146,True
U00053,G00042,Sean gentiles.,MUKANKAN ÑIKER',sean gentiles.,mukankan ñiker',flashcards2,P00053,True
U00054,G00042,Sé agradable.,MUKANKAN ÑIKER',sé agradable.,mukankan ñiker',flashcards2,P00054,True
U03075,G02844,Buscaron a los yupaneros.,Ma'i silutulusa' dunkerllina'.,buscaron a los yupaneros.,ma'i silutulusa' dunkerllina'.,pdf_textos,P00824,False
U01642,G01446,Estás tratando.,YANU'TAPALA,estás tratando.,yanu'tapala,flashcards2,P01642,False
U01897,G01685,Los tenemos.,A'ÑAPALEKDEKWA',los tenemos.,a'ñapalekdekwa',flashcards2,P01897,False
U01543,G01349,Están vivos.,NANPIPALLINA',están vivos.,nanpipallina',flashcards2,P01543,False
U00254,G00197,Dia.,UKLLI,dia.,uklli,flashcards2,P00254,False
U03014,G02783,Los culpables son los que abrieron el camino a Moyobamba.,Nana usha'wañen Muyunpa inchilala ekketcherka'su'.,los culpables son los que abrieron el camino a moyobamba.,nana usha'wañen muyunpa inchilala ekketcherka'su'.,pdf_textos,P00763,False
U00787,G00660,Debo esconderme.,INSEK'KITA'KASU'ÑAPALLI,debo esconderme.,insek'kita'kasu'ñapalli,flashcards2,P00787,False
U04244,G03980,muchos policías murieron.,muinchi suntaDulusa’ chimiñina’.,muchos policías murieron.,muinchi suntadulusa' chimiñina'.,fidel_lomas,P00368,True
U01686,G01485,Todos pagaron.,IÑER' PANWILEK'TULLINA',todos pagaron.,iñer' panwilek'tullina',flashcards2,P01686,False
U04276,G04012,¡Cuánto dinero quizás estará gastando nuestro país comprando la vacuna!,¡Kupin ñinanlu’mapu’wa’ enpu’dun kulliker’ ipa’ dekker’apalli ilulenna mapa’tan!,¡cuánto dinero quizás estará gastando nuestro país comprando la vacuna!,¡kupin ñinanlu'mapu'wa' enpu'dun kulliker' ipa' dekker'apalli ilulenna mapa'tan!,fidel_lomas,P00400,True
U00695,G00578,Trabajaremos.,SAKA'TATERWA',trabajaremos.,saka'taterwa',flashcards2,P00695,False
U02858,G02627,"Después, dice otro viejo dijo: “Eso lo que están hablando no es falso,","Naneklima, ali’la taserpi tulli “Nana tapa’mamasu’ ñi da’pininpu’,","después, dice otro viejo dijo: eso lo que están hablando no es falso,","naneklima, ali'la taserpi tulli nana tapa'mamasu' ñi da'pininpu',",pdf_textos,P00607,True
U03131,G02900,"Cuentan que Apu’tek tenía plata, mientras que a Sekputchek lo trajeron para que supervise a los trabajadores.","Apu’tek ima kullikerwa'su', Sekputchek imi'na saka'tulusa' luwekta'su' nanakin kelli.","cuentan que apu'tek tenía plata, mientras que a sekputchek lo trajeron para que supervise a los trabajadores.","apu'tek ima kullikerwa'su', sekputchek imi'na saka'tulusa' luwekta'su' nanakin kelli.",pdf_textos,P00880,True
U02868,G02637,"cuando le contemos el viejo va a decir,","nana wintupatekwa’ nana tetchu,","cuando le contemos el viejo va a decir,","nana wintupatekwa' nana tetchu,",pdf_textos,P00617,True
U02329,G02098,no pueden hablar.,innichi’ñina’ lu’nkasu’.,no pueden hablar.,innichi'ñina' lu'nkasu'.,pdf_textos,P00078,True
U00977,G01443,Eres libre.,INAPIKEN NUKA'MA,eres libre.,inapiken nuka'ma,flashcards2,P00977,True
U01639,G01443,Estás soltero.,INAPIKEN NUKA'MA,estás soltero.,inapiken nuka'ma,flashcards2,P01639,True
U03828,G03573,los niños no ven a sus amigos.,NANA WILA'LU'SA' KU'LA' LLIAPI'ÑI'NA' PATU'NENLU'SA',los niños no ven a sus amigos.,nana wila'lu'sa' ku'la' lliapi'ñi'na' patu'nenlu'sa',flashcards_oraciones,P00621,False
U01330,G01152,¿Puedo entrar?,¿YENNITULEK DA'AK?,¿puedo entrar?,¿yennitulek da'ak?,flashcards2,P01330,False
U01791,G01584,Es sábado.,SAWADU' NUKA'A,es sábado.,sawadu' nuka'a,flashcards2,P01791,False
U03002,G02771,"Lloraron entre ellos, se besaron las manos, así dijeron como dialogando con sus compadres. Ahí bebiendo todas estas cosas hablaban. 8 Probablemente el narrador hace alusión a los espa ñoles conocidos como Apu’tek y Sekputchek. Véanse las narraciones siguientes.","Inwellektanna', inmusha'iteklanna', tullini'ma kunpallinenna' luntanna'pu'su'. Nanek uwanna', tusu'sa' luñina'.","lloraron entre ellos, se besaron las manos, así dijeron como dialogando con sus compadres. ahí bebiendo todas estas cosas hablaban. 8 probablemente el narrador hace alusión a los espa ñoles conocidos como apu'tek y sekputchek. véanse las narraciones siguientes.","inwellektanna', inmusha'iteklanna', tullini'ma kunpallinenna' luntanna'pu'su'. nanek uwanna', tusu'sa' luñina'.",pdf_textos,P00751,True
U02749,G02518,"la taricaya salió,","damer’ita yunsu’lli,","la taricaya salió,","damer'ita yunsu'lli,",pdf_textos,P00498,True
U03995,G03739,"Por eso, triste la Mujer Renaco iba en la calle.",Nanamalek we’inutusu’ Ellalun pa’lli kallik.,"por eso, triste la mujer renaco iba en la calle.",nanamalek we'inutusu' ellalun pa'lli kallik.,fidel_lomas,P00119,True
U04292,G04028,"Los fierros que corren (carros), ellos también llevan las enfermedades.","Wa’nalusa’ tekka’er’kasu’, nawa’nta’ kaluwi’ ekpa’pallina’.","los fierros que corren (carros), ellos también llevan las enfermedades.","wa'nalusa' tekka'er'kasu', nawa'nta' kaluwi' ekpa'pallina'.",fidel_lomas,P00416,True
U04079,G03816,Así quedó la Iguana hasta el día de hoy.,Nu’su’ llia’lli Pekkuala ipa’lalek.,así quedó la iguana hasta el día de hoy.,nu'su' llia'lli pekkuala ipa'lalek.,fidel_lomas,P00203,True
U01684,G01483,Cómanse todo.,KA'KU' IÑER',cómanse todo.,ka'ku' iñer',flashcards2,P01684,False
U03565,G03322,ellos lavan los platos.,NAWA'PAMU'LLINA' SINANLUSA',ellos lavan los platos.,nawa'pamu'llina' sinanlusa',flashcards_oraciones,P00358,False
U01602,G01407,¿Dónde estás?,¿ENÑUPA'CHA ÑAPALA?,¿dónde estás?,¿enñupa'cha ñapala?,flashcards2,P01602,False
U03844,G03589,la niña no viaja al campo.,NANA WILA KUAPER KU'LA PA'IÑI MENMIK,la niña no viaja al campo.,nana wila kuaper ku'la pa'iñi menmik,flashcards_oraciones,P00637,False
U03087,G02856,¿nos van a querer?”,"Adencha'n ima wa'an lekllina' -""Adanpilencha'llidek kuda, ¿luwandetchuma' a’cha?"" Regresando le pidieron al gobernante -""Nosotros estamos volviendo,",¿nos van a querer?,"adencha'n ima wa'an lekllina' -adanpilencha'llidek kuda, ¿luwandetchuma' a'cha? regresando le pidieron al gobernante -nosotros estamos volviendo,",pdf_textos,P00836,True
U03283,G03051,¿Cómo se dice eso en tu lengua?,"MA'PU'SI'NA PEKLUKEK ""NANA"" LA'LA'PENKEK?",¿cómo se dice eso en tu lengua?,ma'pu'si'na peklukek nana la'la'penkek?,flashcards_oraciones,P00076,True
U00751,G00626,¡Ponte serio!,¡ÑIKER' MUSU!,¡ponte serio!,¡ñiker' musu!,flashcards2,P00751,False
U00869,G00737,Ahora callate.,IPA'LA TA'TULER',ahora callate.,ipa'la ta'tuler',flashcards2,P00869,False
U00803,G00675,Estaba cansado.,SAKA'TUSU' ÑAPAWINEK,estaba cansado.,saka'tusu' ñapawinek,flashcards2,P00803,False
U01523,G01332,Habla claramente.,LUNKER' LACHEK'AK,habla claramente.,lunker' lachek'ak,flashcards2,P01523,True
U01524,G01332,Hable claramente.,LUNKER' LACHEK'AK,hable claramente.,lunker' lachek'ak,flashcards2,P01524,True
U04210,G03946,Ahí venden de todo.,Nanek dudinpu’ uku’latullina’.,ahí venden de todo.,nanek dudinpu' uku'latullina'.,fidel_lomas,P00334,True
U02102,G01877,Alistémonos.,INSEKDIPERAWA',alistémonos.,insekdiperawa',flashcards2,P02102,False
U00161,G00115,Diviértanse.,SAKEK'KU',diviértanse.,sakek'ku',flashcards2,P00161,False
U01344,G01166,Serás bienvenido.,MUSU' SEK'KAPERECHUNER'KEN,serás bienvenido.,musu' sek'kaperechuner'ken,flashcards2,P01344,False
U04008,G03745,"Ahora sí, acercándose quiere hablarle.","Ipa’lina’, kawin yaluntulli.","ahora sí, acercándose quiere hablarle.","ipa'lina', kawin yaluntulli.",fidel_lomas,P00132,True
U03080,G02849,Entonces salieron a buscarlo (a Apu’tek).,Nu'anna' yunsu'llina' yadunkeranna'.,entonces salieron a buscarlo (a apu'tek).,nu'anna' yunsu'llina' yadunkeranna'.,pdf_textos,P00829,True
U00466,G00377,Sea paciente.,WA'TENKER' A'MERCHA.,sea paciente.,wa'tenker' a'mercha.,flashcards2,P00466,False
U04088,G03825,"Entonces, yendo a ver, les dijo a las mujeres:",Nu’an imi’na nanek lli’apakun ku’aperllusa’ itudeklli:,"entonces, yendo a ver, les dijo a las mujeres:",nu'an imi'na nanek lli'apakun ku'aperllusa' itudeklli:,fidel_lomas,P00212,True
U02218,G01989,¿Eres real?,¿TEKINCHI NUKA'MA?,¿eres real?,¿tekinchi nuka'ma?,flashcards2,P02218,False
U04227,G03963,", bonito se camina por la calle.", kallik u’chimusha dekkuntulek.,", bonito se camina por la calle.",kallik u'chimusha dekkuntulek.,fidel_lomas,P00351,True
U03569,G03326,ellos se lavan las manos.,NAWA'INPAMU ITEKLALLINA,ellos se lavan las manos.,nawa'inpamu iteklallina,flashcards_oraciones,P00362,False
U00151,G00107,¡Piénsalo bien!,¡MUSU' LLI'INUTER'!,¡piénsalo bien!,¡musu' lli'inuter'!,flashcards2,P00151,False
U01843,G01632,Estaba llorando.,WELLIEK'APAWIÑI,estaba llorando.,welliek'apawiñi,flashcards2,P01843,False
U00262,G00205,Demasiado tarde.,NAKUSUIN'CHI ERWA',demasiado tarde.,nakusuin'chi erwa',flashcards2,P00262,False
U04265,G04001,"Tenía dolor de cabeza, fiebre, dolor de cuerpo y dolor de garganta; pero no me agarró fuerte.","Ikermutu’lek, ukalek, ikerllupilek, ikersi’lek; ku’li’na ikersu’ pilli’chi’ñu.","tenía dolor de cabeza, fiebre, dolor de cuerpo y dolor de garganta; pero no me agarró fuerte.","ikermutu'lek, ukalek, ikerllupilek, ikersi'lek; ku'li'na ikersu' pilli'chi'ñu.",fidel_lomas,P00389,True
U01817,G01608,Déjanos solos.,TA'ITULA'UDEK KUDASA',déjanos solos.,ta'itula'udek kudasa',flashcards2,P01817,False
U02768,G02537,En cambio ahora crece la maleza”,Ipa’li’na tanantapilalli”,en cambio ahora crece la maleza,ipa'li'na tanantapilalli,pdf_textos,P00517,True
U04063,G03800,La Iguana comenzó a pintar a la Motelo.,Pekkuala tenmiansu’lli llinsera’su’ Madu.,la iguana comenzó a pintar a la motelo.,pekkuala tenmiansu'lli llinsera'su' madu.,fidel_lomas,P00187,True
U00064,G00047,Salgan.,YUNSU'KU',salgan.,yunsu'ku',flashcards2,P00064,False
U03437,G03200,ellas corren muy rápido.,NAWA' TEKA'LLINA NAKUSU WIU'KSU',ellas corren muy rápido.,nawa' teka'llina nakusu wiu'ksu',flashcards_oraciones,P00230,False
U02368,G02137,"Se sigue trasladando el líquido, se sigue vaciando (la yuca disuelta).","Uper’apilalek, uper’apilalek.","se sigue trasladando el líquido, se sigue vaciando (la yuca disuelta).","uper'apilalek, uper'apilalek.",pdf_textos,P00117,True
U00813,G00685,Tengo curiosidad.,ÑINCHIDINUPALEK,tengo curiosidad.,ñinchidinupalek,flashcards2,P00813,False
U00439,G00352,Tom saludó.,TOM TULLI MA'PU'SIN,tom saludó.,tom tulli ma'pu'sin,flashcards2,P00439,False
U01266,G01095,Estás bien.,MU'SU' ÑAPALA,estás bien.,mu'su' ñapala,flashcards2,P01266,False
U00489,G00398,¡No hables!,¡YALUNTA'!,¡no hables!,¡yalunta'!,flashcards2,P00489,False
U00482,G00391,¿Fue Tom?,¿TOM ÑIWIÑI?,¿fue tom?,¿tom ñiwiñi?,flashcards2,P00482,False
U01017,G00873,Enfríalo.,A'SANEK'KER',enfríalo.,a'sanek'ker',flashcards2,P01017,False
U02756,G02525,"En esos lagos, dice, todavía viven sus dueños, adentro.","Sennanlusek ima nanpipallinpi’la wa’anen, kinekla.","en esos lagos, dice, todavía viven sus dueños, adentro.","sennanlusek ima nanpipallinpi'la wa'anen, kinekla.",pdf_textos,P00505,True
U01844,G01633,¿Debería cerrar?,¿UNKU'TUWINANSIN?,¿debería cerrar?,¿unku'tuwinansin?,flashcards2,P01844,False
U04237,G03973, por eso desaparecieron rápidamente.,nanamalek wiuksu’ wer’llina’. ,por eso desaparecieron rápidamente.,nanamalek wiuksu' wer'llina'.,fidel_lomas,P00361,True
U02420,G02189,“Por eso te estoy echando de menos. ¿Qué teniendo mi hermana no me visita?” estoy diciendo.,- “Nu’amuntana luwanpallen. ¿Ma’pun a’cha kai kuawek lli’ker’i’ñu?” tapalek.,por eso te estoy echando de menos. ¿qué teniendo mi hermana no me visita? estoy diciendo.,- nu'amuntana luwanpallen. ¿ma'pun a'cha kai kuawek lli'ker'i'ñu? tapalek.,pdf_textos,P00169,True
U00547,G00449,Eso creo.,NANALATEKAPALEK,eso creo.,nanalatekapalek,flashcards2,P00547,False
U00975,G00835,Lo necesitas.,LUANTAPALA,lo necesitas.,luantapala,flashcards2,P00975,False
U04445,G04180,“¡Qué bonita mujer!” decían.,“¡U’CHA’PAYALUNSHA!” TULLINA’.,¡qué bonita mujer! decían.,¡u'cha'payalunsha! tullina'.,vs_textos_narrativos,P00007,True
U01866,G01654,Ellos atacarán.,NAWA PANPER'CHECHUNA',ellos atacarán.,nawa panper'chechuna',flashcards2,P01866,False
U02176,G01950,Seremos asesinados.,DEI'TECHUNER'KUDEK,seremos asesinados.,dei'techuner'kudek,flashcards2,P02176,False
U03060,G02829,"""Señores, ¡vengan y pasen a beber!","""Yuyu'lusa', ¡da'kerku' u'ku!","señores, ¡vengan y pasen a beber!","yuyu'lusa', ¡da'kerku' u'ku!",pdf_textos,P00809,True
U04317,G04052,en el año 1940.,ala’waranka iskun-pasak inkatu’- shunka’ ekkilalak. ,en el año 1940.,ala'waranka iskun-pasak inkatu'- shunka' ekkilalak.,fidel_lomas,P00441,True
U00215,G00163,Estoy caliente.,UKAPISU' ÑAPALEK,estoy caliente.,ukapisu' ñapalek,flashcards2,P00215,False
U00327,G00258,Me gusta.,IYATULEK,me gusta.,iyatulek,flashcards2,P00327,False
U02645,G02414,"vino la doncella,","da’wanser uklli,","vino la doncella,","da'wanser uklli,",pdf_textos,P00394,True
U03137,G02906,"Así dice, cuando no podían ver bien en la noche, ""Vamos a regresar"", decía (Sekputchek).","Tusik ima ipa' tulli ipa' mulli'chinpu'a'ser ""Enchuku' adanta'wa'"", tullima.","así dice, cuando no podían ver bien en la noche, vamos a regresar, decía (sekputchek).","tusik ima ipa' tulli ipa' mulli'chinpu'a'ser enchuku' adanta'wa', tullima.",pdf_textos,P00886,True
U03067,G02836,!Pónganse de pie como varones! 10 Se refiere a las autoridades españolas conocidos como Apu’tek y Sekputchek. Léase el texto siguiente.,¡Wanerku' enmu'pinenpu'su'!,!pónganse de pie como varones! 10 se refiere a las autoridades españolas conocidos como apu'tek y sekputchek. léase el texto siguiente.,¡wanerku' enmu'pinenpu'su'!,pdf_textos,P00816,True
U02613,G02382,“Con mi candela no van a cocinar.,- “Ñi asu’ penweklek akusuchi’nchuma’.,con mi candela no van a cocinar.,- ñi asu' penweklek akusuchi'nchuma'.,pdf_textos,P00362,True
U01809,G01600,Simplemente hazlo.,MA'PU'SU'PINTAK NU'TER,simplemente hazlo.,ma'pu'su'pintak nu'ter,flashcards2,P01809,False
U01513,G01322,¿Puedo verlo?,¿YENNITULEK LLI'AK?,¿puedo verlo?,¿yennitulek lli'ak?,flashcards2,P01513,False
U01309,G01134,¿Estás sola?,¿KENMASHASA' ÑAPALA?,¿estás sola?,¿kenmashasa' ñapala?,flashcards2,P01309,False
U01622,G01427,Hueles mal.,ANAPILA,hueles mal.,anapila,flashcards2,P01622,False
U00095,G00061,Soy viejo.,TASERPIKU,soy viejo.,taserpiku,flashcards2,P00095,False
U02341,G02110,"se la extrae, se la pela.","uka’lek, eksu’lek.","se la extrae, se la pela.","uka'lek, eksu'lek.",pdf_textos,P00090,True
U00999,G00856,Hazle pasar.,A'NAKUKER',hazle pasar.,a'nakuker',flashcards2,P00999,False
U03025,G02794,"Nadie lo ve, no se deja que lo vean, así.","Ñidenler lli'api'ñi, yaya’nlli’chi’ñi, nu’su’.","nadie lo ve, no se deja que lo vean, así.","ñidenler lli'api'ñi, yaya'nlli'chi'ñi, nu'su'.",pdf_textos,P00774,True
U02788,G02557,porque los de mal corazón quemaron la casa de Arákayu.,nana mukankinpu’lalusa’ler Arakayu pideknen di’setchullina’.,porque los de mal corazón quemaron la casa de arákayu.,nana mukankinpu'lalusa'ler arakayu pideknen di'setchullina'.,pdf_textos,P00537,True
U03096,G02865,"Cuando los barriobajinos van por el Barrio Alto, las mujeres y los hombres del Barrio Alto se rabian.","Chillenllusa' pa'a'ser Winenllupa', Winellun Winenpenllusa'nta' yullina'.","cuando los barriobajinos van por el barrio alto, las mujeres y los hombres del barrio alto se rabian.","chillenllusa' pa'a'ser winenllupa', winellun winenpenllusa'nta' yullina'.",pdf_textos,P00845,True
U02372,G02141,Entonces mientras se va masticando se va batiendo el líquido y se masca el afrecho (lo último de la yuca disuelta).,"Ipa’linchi katentamupu’su’ pitawitapalek, ka’latulek.",entonces mientras se va masticando se va batiendo el líquido y se masca el afrecho (lo último de la yuca disuelta).,"ipa'linchi katentamupu'su' pitawitapalek, ka'latulek.",pdf_textos,P00121,True
U01704,G01501,Está deprimido.,WE'INUTAPALLI,está deprimido.,we'inutapalli,flashcards2,P01704,False
U02576,G02345,"Cuando era niño me acercaba, sentándome cerca les escuchaba contar. 6 Se expresa en shiwilu como ”late nuestro hígado”.","Wilaku ñamu kawitulek, du’pa’tamu laweklek lunpa’ser.","cuando era niño me acercaba, sentándome cerca les escuchaba contar. 6 se expresa en shiwilu como late nuestro hígado.","wilaku ñamu kawitulek, du'pa'tamu laweklek lunpa'ser.",pdf_textos,P00325,True
U00771,G00644,Confesé.,LUNNEK ,confesé.,lunnek,flashcards2,P00771,False
U02842,G02611,Diferente lengua hablan ellos.,Nerpi’la la’la’ lunpallina’ nawa’.,diferente lengua hablan ellos.,nerpi'la la'la' lunpallina' nawa'.,pdf_textos,P00591,True
U02914,G02683,"“¡No, no va a ir todo el pueblo.","“¡Ma’sha, ñinanlu’ iñer pa’i’nchu.","¡no, no va a ir todo el pueblo.","¡ma'sha, ñinanlu' iñer pa'i'nchu.",pdf_textos,P00663,True
U04113,G03850,"Ahí, dice, el Tigre estaba sentado.",Nanek ima Amana’ du’apallima.,"ahí, dice, el tigre estaba sentado.",nanek ima amana' du'apallima.,fidel_lomas,P00237,True
U03846,G03591,los niños viajan por las noches.,NANA WILALUSA' PA'LLINA DEKPILLI'LUSA',los niños viajan por las noches.,nana wilalusa' pa'llina dekpilli'lusa',flashcards_oraciones,P00639,False
U00500,G00408,Dios existe.,YUS NAMPIPALLI,dios existe.,yus nampipalli,flashcards2,P00500,False
U02287,G02056,Ella también me está enseñando.,Nananta’ a’lek’apilallun.,ella también me está enseñando.,nananta' a'lek'apilallun.,pdf_textos,P00036,True
U03982,G03726,Luego se convierten en renacuajos.,Nanekla sukellu’ ñinta’llina’.,luego se convierten en renacuajos.,nanekla sukellu' ñinta'llina'.,fidel_lomas,P00106,True
U02335,G02104,les voy a enseñar la elaboración de la chicha punta.,a’lek’etchenma’ kuda ukluta’kudeksu’.,les voy a enseñar la elaboración de la chicha punta.,a'lek'etchenma' kuda ukluta'kudeksu'.,pdf_textos,P00084,True
U04165,G03901,"Yo te he pedido yungururo, pinsha, paujil .","Kui’na lekllen dunkululun, duwin, isha.","yo te he pedido yungururo, pinsha, paujil .","kui'na lekllen dunkululun, duwin, isha.",fidel_lomas,P00289,True
U03170,G02939,"En cuanto a nuestro nombre de fuera, luego el cura, dice, ha llegado ""¿Cómo te llamas?"" (les preguntó) 14 Éste sería el origen del apellido Mozombite. 15 No se ofrece una posible etimología para el apellido Maca.","Adipida' llillinmapu'wei'na, dai'lek pacher' ima weklli ""¿Ma’llin a’cha?""","en cuanto a nuestro nombre de fuera, luego el cura, dice, ha llegado ¿cómo te llamas? (les preguntó) 14 éste sería el origen del apellido mozombite. 15 no se ofrece una posible etimología para el apellido maca.","adipida' llillinmapu'wei'na, dai'lek pacher' ima weklli ¿ma'llin a'cha?",pdf_textos,P00919,True
U00810,G00682,Soy turca.,TURKA NUKA'KA,soy turca.,turka nuka'ka,flashcards2,P00810,False
U03648,G03400,nosotras odiamos la tarea.,KUDA LUYULLIDEK YANU'TA'KAWA'SU',nosotras odiamos la tarea.,kuda luyullidek yanu'ta'kawa'su',flashcards_oraciones,P00441,False
U00169,G00123,Compláceme.,A'SAKEK'U,compláceme.,a'sakek'u,flashcards2,P00169,False
U02474,G02243,Yo soy jeberina auténtica.,kua Shiwilulunku nuka’ka.,yo soy jeberina auténtica.,kua shiwilulunku nuka'ka.,pdf_textos,P00223,True
U01665,G01466,"Vamos, háganlo.","PA'AWA , NU'TUKU'","vamos, háganlo.","pa'awa, nu'tuku'",flashcards2,P01665,False
U00890,G00756,¡Allá está!,¡NANEK ÑAPALLI!,¡allá está!,¡nanek ñapalli!,flashcards2,P00890,False
U00618,G00510,Sonría.,YAMERLADAKER',sonría.,yamerladaker',flashcards2,P00618,False
U04203,G03939,Sus casas son bonitas. ,Pideknenlusa’ u’chimushala nuker’ka. ,sus casas son bonitas.,pideknenlusa' u'chimushala nuker'ka.,fidel_lomas,P00327,True
U01388,G01207,Me indigna.,A'YIULLIU,me indigna.,a'yiulliu,flashcards2,P01388,False
U01024,G00880,¿Usted fuma?,¿KENMA U'WA'TAPALA?,¿usted fuma?,¿kenma u'wa'tapala?,flashcards2,P01024,False
U00452,G00364,¡Hemos ganado!,¡KANA'TULLIDEK!,¡hemos ganado!,¡kana'tullidek!,flashcards2,P00452,False
U01583,G01388,Nos vamos.,PA'ECHIDEK,nos vamos.,pa'echidek,flashcards2,P01583,False
U04432,G04167,"Los hablantes del shiwilu ya nos vamos acabando,","Shiwilu la’la’ lunlusa’ ipa’ ta’wantapilalekwa’,","los hablantes del shiwilu ya nos vamos acabando,","shiwilu la'la' lunlusa' ipa' ta'wantapilalekwa',",fidel_lomas,P00556,True
U02851,G02620,"Si hay tigre se lo mata, si hay anaconda de altura a esa también se la mata.","Amana’ ñichu di’tawa’, ali’la erpilu’ kupiwan ñipachi nananta’ di’tawa’.","si hay tigre se lo mata, si hay anaconda de altura a esa también se la mata.","amana' ñichu di'tawa', ali'la erpilu' kupiwan ñipachi nananta' di'tawa'.",pdf_textos,P00600,True
U00929,G00792,Comimos huevos.,KA'LLIDEK KADU',comimos huevos.,ka'llidek kadu',flashcards2,P00929,False
U00897,G00762,Se besaron.,INMUSHA'LLINA',se besaron.,inmusha'llina',flashcards2,P00897,False
U00204,G00153,Estoy perdida.,WER'SU' ÑAPALEK,estoy perdida.,wer'su' ñapalek,flashcards2,P00204,False
U04150,G03887,“Te voy a querer si me traes yuca cocinada”.,“Luwantetchen keritupachinku ker’ akusupi”.,te voy a querer si me traes yuca cocinada.,luwantetchen keritupachinku ker' akusupi.,fidel_lomas,P00274,True
U04069,G03806,"Entrando a la fiesta, bailaron. Han bailado.",Pistak da’anna’ ipa’linchi lansa’llina’. Llansa’llina’.,"entrando a la fiesta, bailaron. han bailado.",pistak da'anna' ipa'linchi lansa'llina'. llansa'llina'.,fidel_lomas,P00193,True
U02165,G01939,Deberíamos ganar.,KANA'TA'KAWA'SU' ÑAPALLI,deberíamos ganar.,kana'ta'kawa'su' ñapalli,flashcards2,P02165,False
U01670,G01471,¿Te conocemos?,¿LUWER'CHAPALLIDEN?,¿te conocemos?,¿luwer'chapalliden?,flashcards2,P01670,False
U00659,G00545,Tom saltó.,TOM INDEK'LLI,tom saltó.,tom indek'lli,flashcards2,P00659,False
U03513,G03270,ustedes no esperan en silencio.,KENMAMA' KU'LA WA'TENCHI'NAMA' TA'TULAN'MA,ustedes no esperan en silencio.,kenmama' ku'la wa'tenchi'nama' ta'tulan'ma,flashcards_oraciones,P00306,False
U03782,G03529,la niña sube la escalera.,NANA WILA KUAPER CHINTEK'TULLI CHINTEN'NAN,la niña sube la escalera.,nana wila kuaper chintek'tulli chinten'nan,flashcards_oraciones,P00575,False
U03848,G03593,nosotras no viajamos a la ciudad.,KUDA KU'LA PA'APIÑIDEK ÑINANLUK,nosotras no viajamos a la ciudad.,kuda ku'la pa'apiñidek ñinanluk,flashcards_oraciones,P00641,False
U01456,G01268,Estoy impaciente.,YENNICHINEK WA'TENTAK,estoy impaciente.,yennichinek wa'tentak,flashcards2,P01456,False
U00918,G00782,Tom ayudará.,TOM KATU'PA'TECHU,tom ayudará.,tom katu'pa'techu,flashcards2,P00918,False
U02735,G02504,"Dicen que el Hombre Candela era alto,","Tanpen mudei’ma shipen,","dicen que el hombre candela era alto,","tanpen mudei'ma shipen,",pdf_textos,P00484,True
U02044,G01822,Te premiaré.,PANUERKEN,te premiaré.,panuerken,flashcards2,P02044,True
U02045,G01822,Te recompensaré.,PANUERKEN,te recompensaré.,panuerken,flashcards2,P02045,True
U00545,G00447,Sobreviví.,CHIMINLLINKEKLA NAMPILEK,sobreviví.,chiminllinkekla nampilek,flashcards2,P00545,False
U03321,G03088,nosotros abrimos la puerta.,KUDA EK'KER'CHULLIDEK UNKUNAN,nosotros abrimos la puerta.,kuda ek'ker'chullidek unkunan,flashcards_oraciones,P00114,False
U00217,G00165,Soy listo.,IÑER' ÑINCHITAPALEK,soy listo.,iñer' ñinchitapalek,flashcards2,P00217,False
U01813,G01604,Siga intentando.,INPALERIAPER',siga intentando.,inpaleriaper',flashcards2,P01813,False
U02588,G02357,"“¡Vengan pues (caramba me alegra) hermanos mayores, hermanos menores! ¿A dónde van?”","- “¡Uku’ chai alli’shalusa’, yalli’walusa’! ¿Enñupa’ a’cha pa’apilalama’?”","¡vengan pues (caramba me alegra) hermanos mayores, hermanos menores! ¿a dónde van?","- ¡uku' chai alli'shalusa', yalli'walusa'! ¿enñupa' a'cha pa'apilalama'?",pdf_textos,P00337,True
U02222,G01993,Pregúntaselo.,LEKKER',pregúntaselo.,lekker',flashcards2,P02222,False
U02515,G02284,Dicen que en ese tiempo el dueño (del Pampayacu) todavía vivía ahí en esa ribera del río.,Nanimi’na napi’pui’mi’na wa’anen nanpi’pawiñinpi’la nana Panpadek ukuchinkek.,dicen que en ese tiempo el dueño (del pampayacu) todavía vivía ahí en esa ribera del río.,nanimi'na napi'pui'mi'na wa'anen nanpi'pawiñinpi'la nana panpadek ukuchinkek.,pdf_textos,P00264,True
U02450,G02219,"“Ya he venido, mamá. Te voy a servir masato, mamá”.","- “Ipa uncha’lek, mamá. Uklulu’ a’werken, mamá”.","ya he venido, mamá. te voy a servir masato, mamá.","- ipa uncha'lek, mamá. uklulu' a'werken, mamá.",pdf_textos,P00199,True
U01789,G01582,No funcionó.,KU'LA SAKA'CHI'ÑI,no funcionó.,ku'la saka'chi'ñi,flashcards2,P01789,False
U01994,G01774,¡Qué humillante!,¡EMPU'NI DAKUTA!,¡qué humillante!,¡empu'ni dakuta!,flashcards2,P01994,False
U01682,G01481,No forcejees.,YANANTAPITA,no forcejees.,yanantapita,flashcards2,P01682,False
U00005,G00003,¿Quién?,¿DEN?,¿quién?,¿den?,flashcards2,P00005,False
U03797,G03544,él no sube la escalera.,NANA KU'LA CHINTEK'IÑI CHINDEN'NAK ,él no sube la escalera.,nana ku'la chintek'iñi chinden'nak,flashcards_oraciones,P00590,False
U02472,G02241,Ahora sí nunca más voy a caminar.,Ipa’la’ka enpi’pu’sha dekkunchi’nchek.,ahora sí nunca más voy a caminar.,ipa'la'ka enpi'pu'sha dekkunchi'nchek.,pdf_textos,P00221,True
U01305,G01130,¿Estoy soñando?,¿WA'LATAPALEK?,¿estoy soñando?,¿wa'latapalek?,flashcards2,P01305,False
U01644,G01448,¿Tenías miedo?,¿TE'KUAWINA?,¿tenías miedo?,¿te'kuawina?,flashcards2,P01644,False
U03800,G03547,el niño no trabaja con alegría.,NANA WILA KU'LA SAKA'TAPI'ÑI SAKEKSU',el niño no trabaja con alegría.,nana wila ku'la saka'tapi'ñi sakeksu',flashcards_oraciones,P00593,False
U01250,G01080,Somos adultos.,NUKA'KAWA TASERPILUSA',somos adultos.,nuka'kawa taserpilusa',flashcards2,P01250,False
U01448,G01260,Soy estudiante.,KIRKA'ÑINCHITUTEK NUKA'KA,soy estudiante.,kirka'ñinchitutek nuka'ka,flashcards2,P01448,False
U03520,G03277,ella no estudia ciencias.,NANA KU'LA ÑINCHITAPI'ÑI CIENCIAS,ella no estudia ciencias.,nana ku'la ñinchitapi'ñi ciencias,flashcards_oraciones,P00313,False
U04104,G03841,"El Carachupa, dice, le siguió al Tigre para quitarle su pifuano.","Chi’lek ima tupitunta’lli Amana’, pilenñanen yasiwerchan.","el carachupa, dice, le siguió al tigre para quitarle su pifuano.","chi'lek ima tupitunta'lli amana', pilenñanen yasiwerchan.",fidel_lomas,P00228,True
U03793,G03540,ustedes suben a la montaña.,KENMAMA' CHINTEK'LAMA' MUTUPIK,ustedes suben a la montaña.,kenmama' chintek'lama' mutupik,flashcards_oraciones,P00586,False
U04256,G03992,"Con eso, dice, la enfermedad del covid-19 no les va a coger.",Nanalek ima kuvi-19 kaluwi’ler a’pinta’pilli’tudek’i’nchu. ,"con eso, dice, la enfermedad del covid-19 no les va a coger.",nanalek ima kuvi-19 kaluwi'ler a'pinta'pilli'tudek'i'nchu.,fidel_lomas,P00380,True
U01947,G01731,Traeme eso.,KERITU'U NANA,traeme eso.,keritu'u nana,flashcards2,P01947,False
U01729,G01525,Tengo hermanas.,UTRINWANPALEK,tengo hermanas.,utrinwanpalek,flashcards2,P01729,False
U00817,G00689,Estoy ayunando.,WERANPI'NEK,estoy ayunando.,weranpi'nek,flashcards2,P00817,False
U01983,G01764,Todos oraron.,IÑER'DAPER' MALLIA'LLINA',todos oraron.,iñer'daper' mallia'llina',flashcards2,P01983,False
U04214,G03950,En este mercado he trabajado tres meses como barredor. ,Asu’ mercaduk saka’tulek kala duker witektamu. ,en este mercado he trabajado tres meses como barredor.,asu' mercaduk saka'tulek kala duker witektamu.,fidel_lomas,P00338,True
U02002,G01782,Me acobardé.,SAPULEK,me acobardé.,sapulek,flashcards2,P02002,False
U03991,G03735,Aumentan para desovar en la época de vaciante.,Nadallina’ ishan ukllik wadeker’kek.,aumentan para desovar en la época de vaciante.,nadallina' ishan ukllik wadeker'kek.,fidel_lomas,P00115,True
U01411,G01226,Les mentí.,TUMU'TULEKLEK,les mentí.,tumu'tuleklek,flashcards2,P01411,False
U01749,G01545,Quiero descansar.,YANERILEK,quiero descansar.,yanerilek,flashcards2,P01749,False
U01558,G01364,Tom obedecerá.,TOM LATEKTE'CHU,tom obedecerá.,tom latekte'chu,flashcards2,P01558,False
U00404,G00324,Véase arriba.,LI'KER' MUSENKEK,véase arriba.,li'ker' musenkek,flashcards2,P00404,False
U02531,G02300,un hombre joven de cuello colorado y cara colorada.,"ipi’ma nana ukalu’ yata’wanta’su’lupa’ ima, uk’apilincha’, nanek kapeklli ala’sa’ enmu’pinen nadi’nek piperunkallu’la’su’, pipelladasu’. cuando iban terminando ese bajial, cuando venían, allí encontraron a",un hombre joven de cuello colorado y cara colorada.,"ipi'ma nana ukalu' yata'wanta'su'lupa' ima, uk'apilincha', nanek kapeklli ala'sa' enmu'pinen nadi'nek piperunkallu'la'su', pipelladasu'. cuando iban terminando ese bajial, cuando venían, allí encontraron a",pdf_textos,P00280,True
U02412,G02181,Ahora en mi Jeberos ya no hablan más esta nuestra lengua shiwilu.,Ipa’la Shiwiluwekkek ñi a’pinta’ lunpi’ñina’ asu’ Shiwilu la’la’mapu’wa’.,ahora en mi jeberos ya no hablan más esta nuestra lengua shiwilu.,ipa'la shiwiluwekkek ñi a'pinta' lunpi'ñina' asu' shiwilu la'la'mapu'wa'.,pdf_textos,P00161,True
U00029,G00024,Salí.,YUNSU'LEK,salí.,yunsu'lek,flashcards2,P00029,False
U01604,G01409,¿Dónde estábamos?,¿ENÑUPA'CHA ÑAPAWINEKWA'?,¿dónde estábamos?,¿enñupa'cha ñapawinekwa'?,flashcards2,P01604,False
U01759,G01555,Sería cuidadoso.,ÑI'INAKA INLU'UKTUTEK,sería cuidadoso.,ñi'inaka inlu'uktutek,flashcards2,P01759,False
U03842,G03587,la niña viaja al campo.,NANA WILA KUAPER PA'LLI MENMIK,la niña viaja al campo.,nana wila kuaper pa'lli menmik,flashcards_oraciones,P00635,False
U00368,G00295,Es agradable. (persona),MUKANKAN,es agradable. (persona),mukankan,flashcards2,P00368,True
U00853,G00723,Comencemos.,TENMIANSU'WA,comencemos.,tenmiansu'wa,flashcards2,P00853,False
U00878,G00744,¿Nos vamos?,¿PA'ATER'?,¿nos vamos?,¿pa'ater'?,flashcards2,P00878,False
U02457,G02226,Así nomás vivo ahora yo aquí. 24 de julio del 2005,Nu’la’su’ nanpipalek ipa’la asek kua.,así nomás vivo ahora yo aquí. 24 de julio del 2005,nu'la'su' nanpipalek ipa'la asek kua.,pdf_textos,P00206,True
U03986,G03730,La mijanada de la rana dura uno o dos días.,"Uwan wadi’nen tekda’lli ala’ uklli, katu’ uklli.",la mijanada de la rana dura uno o dos días.,"uwan wadi'nen tekda'lli ala' uklli, katu' uklli.",fidel_lomas,P00110,True
U01519,G01328,¿Empiezo?,¿TENMIANSU'CHEK?,¿empiezo?,¿tenmiansu'chek?,flashcards2,P01519,False
U01518,G01327,Mándamelo.,A'UKTUWU,mándamelo.,a'uktuwu,flashcards2,P01518,False
U02177,G01951,Los detendremos.,TU'NEK'ECHIDEK,los detendremos.,tu'nek'echidek,flashcards2,P02177,False
U00521,G00428,Lo dudo.,LATEK'IÑEN,lo dudo.,latek'iñen,flashcards2,P00521,False
U03772,G03520,nosotras no recordamos su nombre.,KUDA KU'LA LLI'INUTA'PI'ÑIDEK LLILLINEN,nosotras no recordamos su nombre.,kuda ku'la lli'inuta'pi'ñidek llillinen,flashcards_oraciones,P00565,False
U00584,G00481,Es mío.,KUAKIN NUKA'A,es mío.,kuakin nuka'a,flashcards2,P00584,False
U03434,G03197,ella no corre bajo la lluvia.,NANA KU'LA TEKA'PI'ÑI U'LAN WILENKEK,ella no corre bajo la lluvia.,nana ku'la teka'pi'ñi u'lan wilenkek,flashcards_oraciones,P00227,False
U01372,G01191,Quiere más.,A'PINTA' LUWANTULLI,quiere más.,a'pinta' luwantulli,flashcards2,P01372,False
U02615,G02384,"Se van a confundir, se van a extraviar.","Aper’etchuma’, wer’etchuma’.","se van a confundir, se van a extraviar.","aper'etchuma', wer'etchuma'.",pdf_textos,P00364,True
U01066,G00919,No mentí.,TUMUI'NEK,no mentí.,tumui'nek,flashcards2,P01066,False
U02265,G02034,Después tuve mis hijos.,Nu’amui’na wadeklek wilaweklusa’.,después tuve mis hijos.,nu'amui'na wadeklek wilaweklusa'.,pdf_textos,P00014,True
U00418,G00334,Fuera.,ADIPI,fuera.,adipi,flashcards2,P00418,False
U00757,G00632,Es feliz.,MUSU' NUKA'A,es feliz.,musu' nuka'a,flashcards2,P00757,False
U03752,G03501,las niñas no pintan un dibujo.,NANA WILA KUAPERLUSA' KU'LA LLINSERI'ÑINA ALA'SA' DIBUJU,las niñas no pintan un dibujo.,nana wila kuaperlusa' ku'la llinseri'ñina ala'sa' dibuju,flashcards_oraciones,P00545,False
U04523,G04232,"Esta persona mayor vive en Francia donde siente hambre, frío y tiene gran necesidad de ser consolada.","ASU' YALLI' SUSUNEN NANPIPALLI FRANCIAK NANEK UKI'LALEK, SANEK'WANTULEK, PAWANTULLI DENLER KA'TANA'SU'","esta persona mayor vive en francia donde siente hambre, frío y tiene gran necesidad de ser consolada.","asu' yalli' susunen nanpipalli franciak nanek uki'lalek, sanek'wantulek, pawantulli denler ka'tana'su'",el_principito,P00006,True
U00504,G00412,Él miente.,NANA TUMU'PALLI,él miente.,nana tumu'palli,flashcards2,P00504,False
U03714,G03466,ellas no olvidan una fecha importante.,NAWA' KU'LA PINANER'I'ÑINA' ALA'SA UKLI MUA'SU',ellas no olvidan una fecha importante.,nawa' ku'la pinaner'i'ñina' ala'sa ukli mua'su',flashcards_oraciones,P00507,True
U03716,G03466,ellos no olvidan una fecha importante.,NAWA' KU'LA PINANER'I'ÑINA' ALA'SA UKLI MUA'SU',ellos no olvidan una fecha importante.,nawa' ku'la pinaner'i'ñina' ala'sa ukli mua'su',flashcards_oraciones,P00509,True
U03203,G02972,"Así oigo ahora en nuestro pueblo de Jeberos, no es como antes.","Nu'su' ipa'la lawektapalek asu' Shiwilumapu'wek, ñi napi'pu'su'.","así oigo ahora en nuestro pueblo de jeberos, no es como antes.","nu'su' ipa'la lawektapalek asu' shiwilumapu'wek, ñi napi'pu'su'.",pdf_textos,P00952,False
U02397,G02166,"Los que la entienden, la entienden, pero los que no la entienden no pueden entender.","Lachek’erkasu’ lachekllina’, lachek’inpu’erkasui’na innichi’ñina’ lachek’erkasu’.","los que la entienden, la entienden, pero los que no la entienden no pueden entender.","lachek'erkasu' lachekllina', lachek'inpu'erkasui'na innichi'ñina' lachek'erkasu'.",pdf_textos,P00146,True
U00059,G00046,¡Entren!,¡DAKER'KU'!,¡entren!,¡daker'ku'!,flashcards2,P00059,False
U02525,G02294,Dice que como estaban cubiertos de chupos les dijeron:,Sa’la’wenkasu’ malek ima itudekllina’:,dice que como estaban cubiertos de chupos les dijeron:,sa'la'wenkasu' malek ima itudekllina':,pdf_textos,P00274,True
U02815,G02584,Eso nomás les he contado sobre Arákayu.,Nanasa’ winterkenma’ Arakayuki.,eso nomás les he contado sobre arákayu.,nanasa' winterkenma' arakayuki.,pdf_textos,P00564,True
U02452,G02221,Como ahora con este dolor de pierna no puedo caminar.,Ma’pu’sui’na ikellandu’mu innichi’nek dekkunta’kasu’.,como ahora con este dolor de pierna no puedo caminar.,ma'pu'sui'na ikellandu'mu innichi'nek dekkunta'kasu'.,pdf_textos,P00201,True
U00952,G00813,¡Qué pérdida!,¡EMBU'NI WER'IPA'!,¡qué pérdida!,¡embu'ni wer'ipa'!,flashcards2,P00952,False
U04098,G03835,"La boca del Tigre, dice, era grande y se equivocó allí nomás, su respiración no daba.","A’llupila’la’ ima nana Amana’, nanimi’na inpektunla’lli, nerideknen ima yenñichi’ñi.","la boca del tigre, dice, era grande y se equivocó allí nomás, su respiración no daba.","a'llupila'la' ima nana amana', nanimi'na inpektunla'lli, nerideknen ima yenñichi'ñi.",fidel_lomas,P00222,True
U01386,G01205,Soy japonés.,JAPONES NUKA'KA,soy japonés.,japones nuka'ka,flashcards2,P01386,False
U04236,G03972,"A estas (enfermedades) nadie las ha producido,","Asu’ kaluwi’lusa’ nawa’ ñidenler nu’chi’ñi, ","a estas (enfermedades) nadie las ha producido,","asu' kaluwi'lusa' nawa' ñidenler nu'chi'ñi,",fidel_lomas,P00360,True
U00684,G00568,Nos divertimos.,SAKEKLEKWA',nos divertimos.,sakeklekwa',flashcards2,P00684,False
U02184,G01958,Estamos separados.,YAMPU'SU' ÑAPALLIDEK,estamos separados.,yampu'su' ñapallidek,flashcards2,P02184,False
U03023,G02792,"A algunos se los comió el tigre negro, cuando volvieron a ir los mataron.","Nu'unti'ma kelluluñiñi'ler ka'deklli, pa'nunta'nni'ma ipa' di'tullina'.","a algunos se los comió el tigre negro, cuando volvieron a ir los mataron.","nu'unti'ma kelluluñiñi'ler ka'deklli, pa'nunta'nni'ma ipa' di'tullina'.",pdf_textos,P00772,False
U02400,G02169,"Ahora, en cambio, un poco la quiero desviar.",Ipa’li’na a’metcha yateknellek.,"ahora, en cambio, un poco la quiero desviar.",ipa'li'na a'metcha yateknellek.,pdf_textos,P00149,True
U03987,G03731,Se quedan sin sembríos una vez que merma el río.,Tera’wi’nsu’ llia’llina ishansik kupin dekshadek.,se quedan sin sembríos una vez que merma el río.,tera'wi'nsu' llia'llina ishansik kupin dekshadek.,fidel_lomas,P00111,True
U00573,G00473,¿Es gratis?,¿PA'CHI'ÑIN'CHA?,¿es gratis?,¿pa'chi'ñin'cha?,flashcards2,P00573,False
U01201,G01036,Sudaron.,ELLI'LLINA',sudaron.,elli'llina',flashcards2,P01201,False
U03065,G02834,"No se cansan de reñirnos, no dejan de pegarnos, ¿acaso eso es bueno?","Tukaner'chi'ñinerkenmu'wa', llikaner'chi'ñinerkenmu'wa', ¿nana’cha mulli?","no se cansan de reñirnos, no dejan de pegarnos, ¿acaso eso es bueno?","tukaner'chi'ñinerkenmu'wa', llikaner'chi'ñinerkenmu'wa', ¿nana'cha mulli?",pdf_textos,P00814,True
U01283,G01109,Lo prometió.,TUWIÑI NU'TECHU,lo prometió.,tuwiñi nu'techu,flashcards2,P01283,False
U02714,G02483,el “Puerto de Lluvia” se secó.,U’lan Untunan enñi.,el puerto de lluvia se secó.,u'lan untunan enñi.,pdf_textos,P00463,True
U03829,G03574,los niños ven a sus amigos.,NANA WILA'LU'SA LLIAPI'ÑI'NA' PATU'NENLU'SA',los niños ven a sus amigos.,nana wila'lu'sa lliapi'ñi'na' patu'nenlu'sa',flashcards_oraciones,P00622,False
U01549,G01355,Son gemelos.,INSILANPI NUKER'KA,son gemelos.,insilanpi nuker'ka,flashcards2,P01549,False
U02021,G01800,Hablo inglés.,LUNPALEK INGLES,hablo inglés.,lunpalek ingles,flashcards2,P02021,False
U00018,G00015,Sonríe.,YAMER,sonríe.,yamer,flashcards2,P00018,False
U02240,G02009,No duerme.,KU'LA WICHA'PI'ÑI,no duerme.,ku'la wicha'pi'ñi,flashcards2,P02240,False
U04182,G03918,"De comida llevamos carne, masato y yuca; nada nos faltó mientras surcábamos.","Chuchu, uklulu’, ker’ ekpa’llidek weranki; ma’nen pawanchi’ñidek penwinerapilamudek.","de comida llevamos carne, masato y yuca; nada nos faltó mientras surcábamos.","chuchu, uklulu', ker' ekpa'llidek weranki; ma'nen pawanchi'ñidek penwinerapilamudek.",fidel_lomas,P00306,True
U01212,G01047,Son débiles.,SAPUTEK'LUSA' NUKER'KA,son débiles.,saputek'lusa' nuker'ka,flashcards2,P01212,False
U03156,G02925,"Otros, dice, hay dos lomas que parecen una boca abierta.",Ali'limi'na katu'ta mutupi laweklatekkasu'pu'si'ma ñilli.,"otros, dice, hay dos lomas que parecen una boca abierta.",ali'limi'na katu'ta mutupi laweklatekkasu'pu'si'ma ñilli.,pdf_textos,P00905,False
U02880,G02649,En la noche les voy a visitar para conversar”. (duende),Dekpilli lli’kunchenma’ lunpawa’”.,en la noche les voy a visitar para conversar. (duende),dekpilli lli'kunchenma' lunpawa'.,pdf_textos,P00629,True
U02230,G01999,¿Tienen hijos?,¿WILAWANPALAMA'?,¿tienen hijos?,¿wilawanpalama'?,flashcards2,P02230,False
U02304,G02073,Ahora ellos quisieran aprender pero es difícil.,Ipa’li’na nawa’ yañinchituwiñina’ saka’dek.,ahora ellos quisieran aprender pero es difícil.,ipa'li'na nawa' yañinchituwiñina' saka'dek.,pdf_textos,P00053,True
U02137,G01911,Estaban equivocados.,ÑAPAWIÑINA' PEKTUNSU',estaban equivocados.,ñapawiñina' pektunsu',flashcards2,P02137,False
U03711,G03462,Ellos pescan desde la orilla.,NAWA' PUR'LLINA' UKUCHIKLANEK,ellos pescan desde la orilla.,nawa' pur'llina' ukuchiklanek,flashcards_oraciones,P00504,False
U00967,G00827,Estás loca.,WA'DANPINDEK ÑAPALA,estás loca.,wa'danpindek ñapala,flashcards2,P00967,False
U02379,G02148,Así también yuca cruda rallada también se hierve en otra olla.,Nu’sik ker’ su’watek nananta’ a’ukluka’lek ali’la uktak.,así también yuca cruda rallada también se hierve en otra olla.,nu'sik ker' su'watek nananta' a'ukluka'lek ali'la uktak.,pdf_textos,P00128,True
U00007,G00005,¡Incendio!,¡UKEÑAN!,¡incendio!,¡ukeñan!,flashcards2,P00007,False
U01457,G01269,Soy importante.,LUWANTULLINER'KU,soy importante.,luwantulliner'ku,flashcards2,P01457,False
U02873,G02642,Cuentan que un joven dijo “¿Ahí quién vivirá? A ver voy a ver” dijo y se fue.,Nana ala’sa’ nadi’nek ima tulli “¿Nanek den ipa’ nanpipalli? enta’n lli’kunchek i’na” tan ima pa’lli.,cuentan que un joven dijo ¿ahí quién vivirá? a ver voy a ver dijo y se fue.,nana ala'sa' nadi'nek ima tulli ¿nanek den ipa' nanpipalli? enta'n lli'kunchek i'na tan ima pa'lli.,pdf_textos,P00622,True
U00073,G01196,Agarra fuertemente.,PILLI'TER' IKERSU',agarra fuertemente.,pilli'ter' ikersu',flashcards2,P00073,True
U01377,G01196,Sujétalo fuerte.,PILLI'TER' IKERSU',sujétalo fuerte.,pilli'ter' ikersu',flashcards2,P01377,True
U03563,G03320,él habla por telefono.,NANA LUÑI WANA LUN'A'SUKEK,él habla por telefono.,nana luñi wana lun'a'sukek,flashcards_oraciones,P00356,False
U03453,G03216,el niño no enseña a los niños.,NANA WILA KU'LA  ALEK'APADEKI'ÑI WILALUSA',el niño no enseña a los niños.,nana wila ku'la alek'apadeki'ñi wilalusa',flashcards_oraciones,P00246,False
U00388,G00312,Veamos.,LLI'AWA',veamos.,lli'awa',flashcards2,P00388,False
U01341,G01163,¿Le conozco?,¿LUWER'CHAPALEK?,¿le conozco?,¿luwer'chapalek?,flashcards2,P01341,False
U01886,G01674,Fuimos culpados.,A'APITULLINER'KUDEK,fuimos culpados.,a'apitulliner'kudek,flashcards2,P01886,False
U02392,G02161,"Así se hace hermanas, señoras,","Nu’tulek kai kualusa’, senñula’lusa’,","así se hace hermanas, señoras,","nu'tulek kai kualusa', senñula'lusa',",pdf_textos,P00141,True
U01603,G01408,¿Dónde están?,¿ENÑUPA'CHA ÑAPALAMA'?,¿dónde están?,¿enñupa'cha ñapalama'?,flashcards2,P01603,False
U02271,G02040,"la ropita que tengo, me dan de todo.","kutunshawek a’ña’kasu’, dudinpu’ enka’pallinerku.","la ropita que tengo, me dan de todo.","kutunshawek a'ña'kasu', dudinpu' enka'pallinerku.",pdf_textos,P00020,True
U00070,G01012,¡Hasta luego!,¡PANTE'CHEK!,¡hasta luego!,¡pante'chek!,flashcards2,P00070,True
U00071,G01012,¡Chau!,¡PANTE'CHEK!,¡chau!,¡pante'chek!,flashcards2,P00071,True
U01167,G01012,¡Hasta pronto!,¡PANTE'CHEK!,¡hasta pronto!,¡pante'chek!,flashcards2,P01167,True
U01168,G01012,Hasta entonces.,¡PANTE'CHEK!,hasta entonces.,¡pante'chek!,flashcards2,P01168,True
U03201,G02970,Ahora no se puede entender.,Ipa’la lacheknawi’ñina’.,ahora no se puede entender.,ipa'la lacheknawi'ñina'.,pdf_textos,P00950,True
U01741,G01537,Estudio francés.,A'LEK'APALLINER'KU FRANCES,estudio francés.,a'lek'apalliner'ku frances,flashcards2,P01741,False
U02787,G02556,"Nadie más tiene la culpa,","Ñiden usha’wi’ñi ma’kinpa’,","nadie más tiene la culpa,","ñiden usha'wi'ñi ma'kinpa',",pdf_textos,P00536,True
U02386,G02155,"Después de cutipar, se deposita (la bebida) en una olla grande (que está enterrada hasta la mitad).",A’pi’dekta’kasu’ supinak a’du’dektulek kupin uktak.,"después de cutipar, se deposita (la bebida) en una olla grande (que está enterrada hasta la mitad).",a'pi'dekta'kasu' supinak a'du'dektulek kupin uktak.,pdf_textos,P00135,True
U04369,G04104,"Hemos agarrado muchos pejes: súngaro, palometa pintada, paña, lisa.","Wapu’ samer mallidek, da’wanser, ter’ek paluwa’pi, dunan, nerkala mallidek.","hemos agarrado muchos pejes: súngaro, palometa pintada, paña, lisa.","wapu' samer mallidek, da'wanser, ter'ek paluwa'pi, dunan, nerkala mallidek.",fidel_lomas,P00493,True
U03264,G03033,La luna está nueva esta noche.,DUKER WAWALADATULLI,la luna está nueva esta noche.,duker wawaladatulli,flashcards_oraciones,P00057,False
U00414,G00330,Sentate ahí.,DU'KER' NANEK,sentate ahí.,du'ker' nanek,flashcards2,P00414,False
U02573,G02342,Todas esas cosas verdad es lo que contaron los viejos que escuchaban cuando iban (a Pampayacu).,Nanadaper tekkinchinen luñina’ taserpilusa’ pantanna’ lauk’erkasu’.,todas esas cosas verdad es lo que contaron los viejos que escuchaban cuando iban (a pampayacu).,nanadaper tekkinchinen luñina' taserpilusa' pantanna' lauk'erkasu'.,pdf_textos,P00322,True
U00717,G01135,¿Estás enfadado?,¿YUSU' ÑAPALA?,¿estás enfadado?,¿yusu' ñapala?,flashcards2,P00717,True
U01310,G01135,¿Estás enojada?,¿YUSU' ÑAPALA?,¿estás enojada?,¿yusu' ñapala?,flashcards2,P01310,True
U02424,G02193,Mis hijos se van todos a la chacra y me dejan sola.,Wilaweklusa’ menmik chiketllapipallinerku.,mis hijos se van todos a la chacra y me dejan sola.,wilaweklusa' menmik chiketllapipallinerku.,pdf_textos,P00173,True
U03604,G03358,la niña no limpia la casa.,NANA WILA KUAPER KU'LA WITEK'IÑI PIDEK,la niña no limpia la casa.,nana wila kuaper ku'la witek'iñi pidek,flashcards_oraciones,P00397,False
U01214,G01049,Tom respondió.,TOM NA'PITULLI,tom respondió.,tom na'pitulli,flashcards2,P01214,False
U02415,G02184,"Ahí están mi hermana menor Florencia, mi hermana menor María, con ellas hablo.","Ma’atana kai kuawek Florencia, kai kuawek María, nawa’lekku lunpalek.","ahí están mi hermana menor florencia, mi hermana menor maría, con ellas hablo.","ma'atana kai kuawek florencia, kai kuawek maría, nawa'lekku lunpalek.",pdf_textos,P00164,True
U01048,G00902,Está comiendo.,WERANPALLI,está comiendo.,weranpalli,flashcards2,P01048,False
U03994,G03738,"Le tenían miedo, extraño le veían,","Tekkwatullina’, nerpi’la lli’llina’.","le tenían miedo, extraño le veían,","tekkwatullina', nerpi'la lli'llina'.",fidel_lomas,P00118,True
U01925,G01710,Estás enamorado.,YAKU'APER'WANA,estás enamorado.,yaku'aper'wana,flashcards2,P01925,False
U02155,G01929,Tom recordará.,TOM LLI'INUTECHU,tom recordará.,tom lli'inutechu,flashcards2,P02155,False
U03406,G03169,ella cierra la puerta.,NANA UNKU'LLI UNKUNAN,ella cierra la puerta.,nana unku'lli unkunan,flashcards_oraciones,P00199,False
U02133,G01907,Parecen felices.,LLI'TULLINA' MUSU',parecen felices.,lli'tullina' musu',flashcards2,P02133,False
U00294,G00229,Hazlo ahora.,NU'TER' IPA'LA,hazlo ahora.,nu'ter' ipa'la,flashcards2,P00294,False
U00044,G00036,¿En serio?,¿TEKINCHI?,¿en serio?,¿tekinchi?,flashcards2,P00044,True
U00045,G00036,¿La verdad?,¿TEKINCHI?,¿la verdad?,¿tekinchi?,flashcards2,P00045,True
U03921,G03665,"Terminando de majar, comían.",A’ta’wantanna’ llisan’er’kasu’ werañina’.,"terminando de majar, comían.",a'ta'wantanna' llisan'er'kasu' werañina'.,fidel_lomas,P00045,True
U03464,G03227,él enseña a los niños.,NANA A'LEK'DEKLLI WILALUSA',él enseña a los niños.,nana a'lek'deklli wilalusa',flashcards_oraciones,P00257,False
U04204,G03940,Su iglesia es todavía más bonita.,Illisianen a’pinta’ u’chimusha nuka’a. ,su iglesia es todavía más bonita.,illisianen a'pinta' u'chimusha nuka'a.,fidel_lomas,P00328,True
U04081,G03818,"Antiguamente, dice, el Carachupa era pifuanero.",Chi’lek ima napi’ pilenñantutek ñiwiñi.,"antiguamente, dice, el carachupa era pifuanero.",chi'lek ima napi' pilenñantutek ñiwiñi.,fidel_lomas,P00205,True
U04027,G03764,Pero ella se bocabajó bien.,Nani’na per’pa’lli musu’.,pero ella se bocabajó bien.,nani'na per'pa'lli musu'.,fidel_lomas,P00151,True
U01464,G01276,¿Está mirando?,¿LLI'TAPALLI?,¿está mirando?,¿lli'tapalli?,flashcards2,P01464,False
U00927,G00790,¿Estuvo bueno?,¿MUSU'ÑAPAWIÑI?,¿estuvo bueno?,¿musu'ñapawiñi?,flashcards2,P00927,False
U01618,G01423,Debes esperar.,WA'TENTA'MASU' ÑAPALLI,debes esperar.,wa'tenta'masu' ñapalli,flashcards2,P01618,False
U04057,G03794,La Iguana dijo “Esta pintita quiero yo” y le mostró (el diseño) a la Motelo.,Pekkuala tulli “Asu’ llinsercha kua luwantulek” tan a’lli’lli Madu.,la iguana dijo esta pintita quiero yo y le mostró (el diseño) a la motelo.,pekkuala tulli asu' llinsercha kua luwantulek tan a'lli'lli madu.,fidel_lomas,P00181,True
U03557,G03314,tú no hablas en la iglesia.,KENMA KU'LA LUNPI'NA ILLISIAK,tú no hablas en la iglesia.,kenma ku'la lunpi'na illisiak,flashcards_oraciones,P00350,False
U00698,G00791,Estamos acá.,ASEK ÑAPALLIDEK,estamos acá.,asek ñapallidek,flashcards2,P00698,True
U00762,G00791,Aquí estamos.,ASEK ÑAPALLIDEK,aquí estamos.,asek ñapallidek,flashcards2,P00762,True
U00928,G00791,Estamos aquí.,ASEK ÑAPALLIDEK,estamos aquí.,asek ñapallidek,flashcards2,P00928,True
U02274,G02043,Con mi yerno ambos son de buen corazón.,Mikekweklek i’la we’chimu1 mukankanlusa’.,con mi yerno ambos son de buen corazón.,mikekweklek i'la we'chimu1 mukankanlusa'.,pdf_textos,P00023,True
U00235,G00181,Déjanos.,TAI'TULA'UDEK,déjanos.,tai'tula'udek,flashcards2,P00235,False
U02863,G02632,"“Vamos, prevénganse hermanos, no duerman mucho, han de velar en la noche.","“Enchuku’, inlli’inuku’la’ yalli’lusa’ enpu’ninchi yawichi’tama’ nanpiladaku’.","vamos, prevénganse hermanos, no duerman mucho, han de velar en la noche.","enchuku', inlli'inuku'la' yalli'lusa' enpu'ninchi yawichi'tama' nanpiladaku'.",pdf_textos,P00612,True
U02593,G02362,Entonces dijo Arákayu“¿Por qué no llamaron de lejos para oírlos?”,Tulli “Ma’pu’mi’na’ peklu’chi’nama’ weilan lauk’a’killek” tullima Arakayu.,entonces dijo arákayu¿por qué no llamaron de lejos para oírlos?,tulli ma'pu'mi'na' peklu'chi'nama' weilan lauk'a'killek tullima arakayu.,pdf_textos,P00342,True
U00421,G00337,Deténlos.,NANEK LIA'INA',deténlos.,nanek lia'ina',flashcards2,P00421,True
U00422,G00337,Párales.,NANEK LIA'INA',párales.,nanek lia'ina',flashcards2,P00422,True
U00554,G00455,Soy coreano.,KOREANO NUKA'KA,soy coreano.,koreano nuka'ka,flashcards2,P00554,False
U00167,G00121,Buenas.,MULUSA',buenas.,mulusa',flashcards2,P00167,False
U00292,G01467,Venid aquí.,WENCHER' ASEK,venid aquí.,wencher' asek,flashcards2,P00292,True
U01666,G01467,Ven acá.,WENCHER' ASEK,ven acá.,wencher' asek,flashcards2,P01666,True
U02690,G02459,todas sus cosas se habían quemado.,dudinpu’nen uketlli.,todas sus cosas se habían quemado.,dudinpu'nen uketlli.,pdf_textos,P00439,True
U00033,G00028,Renuncié.,TA'ITULA'LEK,renuncié.,ta'itula'lek,flashcards2,P00033,False
U00023,G00019,¡Tengo!,¡A'ÑAPALEK!,¡tengo!,¡a'ñapalek!,flashcards2,P00023,False
U03624,G03378,la niña nada bajo la lluvia.,NANA WILAKUAPER' IDUÑI U'LAN WILENKEK,la niña nada bajo la lluvia.,nana wilakuaper' iduñi u'lan wilenkek,flashcards_oraciones,P00417,False
U02187,G01961,¿Estabas llorando?,¿WELLIEK'APAWINA?,¿estabas llorando?,¿welliek'apawina?,flashcards2,P02187,False
U02759,G02528,Ellos también escondidos están.,Nawa’nta’ insekkitula’su’ ñapalli.,ellos también escondidos están.,nawa'nta' insekkitula'su' ñapalli.,pdf_textos,P00508,True
U02246,G02015,Está inconsciente.,INLLI'INUINSU' ÑAPALLI,está inconsciente.,inlli'inuinsu' ñapalli,flashcards2,P02246,False
U04070,G03807,"Al ver a la Motelo, la gente se burlaba de ella debido a sus diseños.",Madu lli’anna’ llinsenñenmalek lumellina’.,"al ver a la motelo, la gente se burlaba de ella debido a sus diseños.",madu lli'anna' llinsenñenmalek lumellina'.,fidel_lomas,P00194,True
U03668,G03419,Mañana iremos a la tienda.,EKLLI PA'ATER CHINTA'K,mañana iremos a la tienda.,eklli pa'ater chinta'k,flashcards_oraciones,P00461,False
U03551,G03308,los niños hablan despacio.,NANA WILALUSA' LUÑINA' UTI'LA,los niños hablan despacio.,nana wilalusa' luñina' uti'la,flashcards_oraciones,P00344,False
U01909,G01697,"Sí, claro.",TEKINCHI,"sí, claro.",tekinchi,flashcards2,P01909,True
U01910,G01697,"Sí, ciertamente.",TEKINCHI,"sí, ciertamente.",tekinchi,flashcards2,P01910,True
U02262,G02031,Por eso me crió mi abuelita y me hice señorita.,Nu’amui’na i’pa amishawek teksusullun wilaluntulek.,por eso me crió mi abuelita y me hice señorita.,nu'amui'na i'pa amishawek teksusullun wilaluntulek.,pdf_textos,P00011,True
U02110,G01885,Nadie respondió.,ÑIDEN NA'PICHI'ÑI,nadie respondió.,ñiden na'pichi'ñi,flashcards2,P02110,False
U00102,G00067,Abre.,EK'KE'CHER',abre.,ek'ke'cher',flashcards2,P00102,False
U04222,G03958,Eso nomás no vale de Yurimaguas.,Nanasa’ mui’ñi Yurimawakki.,eso nomás no vale de yurimaguas.,nanasa' mui'ñi yurimawakki.,fidel_lomas,P00346,True
U02584,G02353,Alguien estaba haciendo fuego en su casa.,Penwanpasik pidekñik.,alguien estaba haciendo fuego en su casa.,penwanpasik pidekñik.,pdf_textos,P00333,True
U03909,G03653,Nunwanlusa’ pa’apallina’ Erpina’lupa’.,Nunwanlusa’ pa’apallina’ Erpina’lupa’.,nunwanlusa' pa'apallina' erpina'lupa'.,nunwanlusa' pa'apallina' erpina'lupa'.,fidel_lomas,P00033,True
U02693,G02462,gritó Arákayu.,lukatullima Arakayu.,gritó arákayu.,lukatullima arakayu.,pdf_textos,P00442,False
U03784,G03531,las niñas suben a la montaña.,NANA WILA KUAPERLUSA CHINTEK'LLINA MUTUPIK,las niñas suben a la montaña.,nana wila kuaperlusa chintek'llina mutupik,flashcards_oraciones,P00577,False
U03289,G03057,Los pájaros vuelan juntos.,SHUNPULALUSA' PENU'LLINA' MUMU'SU',los pájaros vuelan juntos.,shunpulalusa' penu'llina' mumu'su',flashcards_oraciones,P00082,False
U01744,G01540,Quiero otro.,LUWANTULEK ALI'LA,quiero otro.,luwantulek ali'la,flashcards2,P01744,False
U01635,G01439,Eres parcial.,DENLEKPIN'TA' ÑAPALA,eres parcial.,denlekpin'ta' ñapala,flashcards2,P01635,False
U02532,G02301,“¿Por qué regresan muchachitos?” les preguntó.,"- “¿Ma’kin adanpilenchalama’, wilashala?” itudekllima.",¿por qué regresan muchachitos? les preguntó.,"- ¿ma'kin adanpilenchalama', wilashala? itudekllima.",pdf_textos,P00281,True
U03121,G02890,"Yo soy viejo, tengo setenta años ya.","Nu'amudek i'na kua taserpiku' nuka'ka, kui’na kanchis shunka' ekkilalawantulek ipa'.","yo soy viejo, tengo setenta años ya.","nu'amudek i'na kua taserpiku' nuka'ka, kui'na kanchis shunka' ekkilalawantulek ipa'.",pdf_textos,P00870,True
U04162,G03898,"Llegando, fue a regalarle el voltijo de ají.",Ektu’nta’n panunta’lli nuka’ pu’pi.,"llegando, fue a regalarle el voltijo de ají.",ektu'nta'n panunta'lli nuka' pu'pi.,fidel_lomas,P00286,True
U00039,G00033,Escuchen.,LAU'TUKU',escuchen.,lau'tuku',flashcards2,P00039,False
U00718,G00598,¿Eres nuevo?,¿NAEKTU'KELLIA?,¿eres nuevo?,¿naektu'kellia?,flashcards2,P00718,False
U00896,G00761,Se abrazaron.,INWIPERI'LLINA',se abrazaron.,inwiperi'llina',flashcards2,P00896,False
U00679,G00565,¿Era divertido?,¿MUWIÑIN?,¿era divertido?,¿muwiñin?,flashcards2,P00679,False
U03891,G03635,"Del puerto de Jeberos hasta el Huallaga se tarda
doce horas.","Shiwilu llishanakla Wella’dikwalek tekda’lek
shunka’-katu’ta’ ura.",del puerto de jeberos hasta el huallaga se tarda doce horas.,shiwilu llishanakla wella'dikwalek tekda'lek shunka'-katu'ta' ura.,fidel_lomas,P00015,True
U02941,G02710,"Ahí mascaron ají, pusieron tabaco en su boca, tomaron tabaco diluido para no dormirse.","Nanek nuka’ uklullina’, pinter katenñina’, pinchiyek nu’tanna’ ullina’ wichi’inpu’erkek.","ahí mascaron ají, pusieron tabaco en su boca, tomaron tabaco diluido para no dormirse.","nanek nuka' uklullina', pinter katenñina', pinchiyek nu'tanna' ullina' wichi'inpu'erkek.",pdf_textos,P00690,True
U03674,G03425,El perro duerme en su cama.,ÑIÑIWA WICHI'LLI PEK'SA'NENKEK',el perro duerme en su cama.,ñiñiwa wichi'lli pek'sa'nenkek',flashcards_oraciones,P00467,False
U00676,G00562,Tom pagará.,TOM PANWILEK'TECHU,tom pagará.,tom panwilek'techu,flashcards2,P00676,False
U02069,G01846,Todo terminó.,IÑER' TA'WANTULLI,todo terminó.,iñer' ta'wantulli,flashcards2,P02069,False
U02785,G02554,Todos los peces se extinguieron.,Samellusa’ iñer wetlli.,todos los peces se extinguieron.,samellusa' iñer wetlli.,pdf_textos,P00534,True
U04005,G03742,"Así, triste, andaba la Mujer Renaco.","Nu’su’, we’inutusu’, pa’apawiñi Ellalun.","así, triste, andaba la mujer renaco.","nu'su', we'inutusu', pa'apawiñi ellalun.",fidel_lomas,P00129,True
U03690,G03441,Yo duermo cinco horas al día.,KUA WICHA'PALEK ALI'TEKLUM URALUSA',yo duermo cinco horas al día.,kua wicha'palek ali'teklum uralusa',flashcards_oraciones,P00483,False
U02692,G02461,“¿Quiénes son ustedes para que hagan esto a mi casa a pesar de que yo les trataba bien?”,“¿Kenmama’ a’cha u’pidekta’mama’u’kusu’ kua musu’ nu’tapallenma’?”,¿quiénes son ustedes para que hagan esto a mi casa a pesar de que yo les trataba bien?,¿kenmama' a'cha u'pidekta'mama'u'kusu' kua musu' nu'tapallenma'?,pdf_textos,P00441,True
U02171,G01945,Queremos saber.,YAÑINCHITULLIDEK,queremos saber.,yañinchitullidek,flashcards2,P02171,False
U04034,G03771,"Diciendo esto, la Mujer Sachavaca se fue al monte a buscar arcilla.",Tan ima Panwalalun pa’lli tanak diteklu’ yadunker’an.,"diciendo esto, la mujer sachavaca se fue al monte a buscar arcilla.",tan ima panwalalun pa'lli tanak diteklu' yadunker'an.,fidel_lomas,P00158,True
U02565,G02334,De esa manera quizá los antiguos perecieron.,Nu’si’pa’ papinkuku’lusa’ taketllina’.,de esa manera quizá los antiguos perecieron.,nu'si'pa' papinkuku'lusa' taketllina'.,pdf_textos,P00314,True
U03555,G03312,nosotros no hablamos despacio.,KUDA KU'LA LUI'ÑIDEK UTI'LA,nosotros no hablamos despacio.,kuda ku'la lui'ñidek uti'la,flashcards_oraciones,P00348,False
U03548,G03305,la niña no habla con su familia.,NANA WILLAKU'APER KU'LA LUNPI'ÑI PATUN'NEN'LUSA'LEK,la niña no habla con su familia.,nana willaku'aper ku'la lunpi'ñi patun'nen'lusa'lek,flashcards_oraciones,P00341,False
U01000,G00857,¿Puedo intentar?,¿YENNITULEK INPALERIAK?,¿puedo intentar?,¿yennitulek inpaleriak?,flashcards2,P01000,False
U02191,G01965,¿Cuándo acabó?,¿ENPI'TA'WANTULLI?,¿cuándo acabó?,¿enpi'ta'wantulli?,flashcards2,P02191,False
U04217,G03953,"En el centro del pueblo las calles son bonitas, ","Ikiñik ñinanluk kallilusa’ u’chimusha nuker’ka, ","en el centro del pueblo las calles son bonitas,","ikiñik ñinanluk kallilusa' u'chimusha nuker'ka,",fidel_lomas,P00341,True
U00923,G00786,Despertalo.,A'NAMBIKER',despertalo.,a'nambiker',flashcards2,P00923,False
U01681,G01480,¿Duele esto?,¿IKERLLI ASU'?,¿duele esto?,¿ikerlli asu'?,flashcards2,P01681,False
U00789,G00662,¡Necesito ayuda!,¡LUWANTULEK KATU'PA'!,¡necesito ayuda!,¡luwantulek katu'pa'!,flashcards2,P00789,False
U00497,G00405,Síguele.,TUPITER',síguele.,tupiter',flashcards2,P00497,False
U04036,G03773,"De ahí, pues, la Mujer Sachavaca se engordó.","Nanekla, ipa’linchi, Panwalalun weiluñi.","de ahí, pues, la mujer sachavaca se engordó.","nanekla, ipa'linchi, panwalalun weiluñi.",fidel_lomas,P00160,True
U03693,G03444,Ellos duermen en cuanto anochece.,NAWA' WICHA'PALLINA KASISERLA'SIK,ellos duermen en cuanto anochece.,nawa' wicha'pallina kasiserla'sik,flashcards_oraciones,P00486,False
U00851,G00721,Déjame vivir.,TAITULA'U NANPIAK,déjame vivir.,taitula'u nanpiak,flashcards2,P00851,False
U01533,G01836,Es suficiente.,NANASA',es suficiente.,nanasa',flashcards2,P01533,True
U02059,G01836,Suficiente.,NANASA',suficiente.,nanasa',flashcards2,P02059,True
U04380,G04115,Hemos llegado tarde en la noche a la boca del Rumiyacu. Allá dormimos.,Ektue ’ncha’llidek utawan La’pir’ chinpeñak. Nanek wichi’llidek.,hemos llegado tarde en la noche a la boca del rumiyacu. allá dormimos.,ektue 'ncha'llidek utawan la'pir' chinpeñak. nanek wichi'llidek.,fidel_lomas,P00504,True
U03622,G03376,ellos nadan bajo la lluvia.,NAWA' IDUÑINA' U'LAN WILENKEK,ellos nadan bajo la lluvia.,nawa' iduñina' u'lan wilenkek,flashcards_oraciones,P00415,False
U01728,G01524,Ni idea.,NINCHICHI'NEK,ni idea.,ninchichi'nek,flashcards2,P01728,False
U03561,G03318,yo hablo en la iglesia.,KUA LUMPALEK ILLISIAK,yo hablo en la iglesia.,kua lumpalek illisiak,flashcards_oraciones,P00354,False
U03076,G02845,"Cuando tenían todos sus tambores, cuando yupaneaban se encontraron en la misma puerta de Apu’tek.",Tuntunwanta'ser silututa'ser inkapetllina' Apu'tekku' unkunanñik'inchi.,"cuando tenían todos sus tambores, cuando yupaneaban se encontraron en la misma puerta de apu'tek.",tuntunwanta'ser silututa'ser inkapetllina' apu'tekku' unkunanñik'inchi.,pdf_textos,P00825,True
U04434,G04169,Por eso estoy escribiendo. ,Nanamalek llinserchapalek.,por eso estoy escribiendo.,nanamalek llinserchapalek.,fidel_lomas,P00558,False
U00048,G00037,Pruébalo. (saborear),LATA'KER,pruébalo. (saborear),lata'ker,flashcards2,P00048,True
U02011,G01790,Aprendí mucho.,NINCHITULEK WAPU',aprendí mucho.,ninchitulek wapu',flashcards2,P02011,False
U04443,G04178,La mujer de Arákayu también era bella.,ARAKAYU SADINTA’ U’CHA’PAYALUNSHA.,la mujer de arákayu también era bella.,arakayu sadinta' u'cha'payalunsha.,vs_textos_narrativos,P00005,True
U04306,G04042,No puede desaparecer el covid-19.,Yennichi’ñi wer’a’su’ kuvi-19.,no puede desaparecer el covid-19.,yennichi'ñi wer'a'su' kuvi-19.,fidel_lomas,P00430,True
U04074,G03811,"Entonces, recién se enteró de que sus diseños eran feos.",Nanek tekkinchi ñinchitulli u’chimuinpu’ llinsenñen.,"entonces, recién se enteró de que sus diseños eran feos.",nanek tekkinchi ñinchitulli u'chimuinpu' llinsenñen.,fidel_lomas,P00198,True
U00610,G00502,Caminemos.,DEK'KUNTAWA',caminemos.,dek'kuntawa',flashcards2,P00610,False
U00629,G00520,¡Más rápido!,¡A'PINTA' WIUKSU'!,¡más rápido!,¡a'pinta' wiuksu'!,flashcards2,P00629,False
U00848,G00718,Sigue intentando.,INTEKLERIAPER'ILA,sigue intentando.,intekleriaper'ila,flashcards2,P00848,False
U00983,G00841,¿Nada nuevo?,¿ÑIMANEN NALU?,¿nada nuevo?,¿ñimanen nalu?,flashcards2,P00983,False
U00219,G00167,Gané.,KANA'TULEK,gané.,kana'tulek,flashcards2,P00219,False
U03111,G02880,"Sentados afuera, como tomando su masato, así decían, mirando las estrellas, mirando los astros.","Du'anna' adipi, uklulunenna' uwanna'pu'su', tusu' tullina', tandulalusa' lli'anna', pi’tandula lli’anna’.","sentados afuera, como tomando su masato, así decían, mirando las estrellas, mirando los astros.","du'anna' adipi, uklulunenna' uwanna'pu'su', tusu' tullina', tandulalusa' lli'anna', pi'tandula lli'anna'.",pdf_textos,P00860,True
U02805,G02574,"sabiendo escribir,","ñinchillinsetchanna’,","sabiendo escribir,","ñinchillinsetchanna',",pdf_textos,P00554,True
U00076,G00186,Él vino.,NANA UK'LLI,él vino.,nana uk'lli,flashcards2,P00076,True
U00240,G00186,Ella vino.,NANA UK'LLI,ella vino.,nana uk'lli,flashcards2,P00240,True
U04137,G03874,"Cuando hacían eso, el tigre Viejo llegó nuevamente.",Nu’apa’ser’ ima Amana’ taserpi nanapu’si’la ektu’nunta’lli.,"cuando hacían eso, el tigre viejo llegó nuevamente.",nu'apa'ser' ima amana' taserpi nanapu'si'la ektu'nunta'lli.,fidel_lomas,P00261,True
U00085,G01217,Dormí.,WICHI'LEK,dormí.,wichi'lek,flashcards2,P00085,True
U01399,G01217,Me dormí.,WICHI'LEK,me dormí.,wichi'lek,flashcards2,P01399,True
U04201,G03937,"Ahora acá vivo, tengo casa.","Ipa’la asek nanpipalek, pidekwanpalek.","ahora acá vivo, tengo casa.","ipa'la asek nanpipalek, pidekwanpalek.",fidel_lomas,P00325,True
U01441,G01255,Lo demostraré.,ALLI'ECHEK,lo demostraré.,alli'echek,flashcards2,P01441,True
U01443,G01255,Le mostraré.,ALLI'ECHEK,le mostraré.,alli'echek,flashcards2,P01443,True
U03691,G03442,Tú duermes hasta tarde los sábados.,KENMA WICHA'PALA ER'WAWALEK' SAWADU'LUSA',tú duermes hasta tarde los sábados.,kenma wicha'pala er'wawalek' sawadu'lusa',flashcards_oraciones,P00484,False
U00886,G00752,Descansad.,NERIKER',descansad.,neriker',flashcards2,P00886,False
U03378,G03144,él no baja al río.,NANA NU'WAN'PI'ÑI KUPIN'DEK'SHADIK,él no baja al río.,nana nu'wan'pi'ñi kupin'dek'shadik,flashcards_oraciones,P00171,False
U00936,G00798,Te extrañamos.,LU'WANÑIDEN,te extrañamos.,lu'wanñiden,flashcards2,P00936,False
U02180,G01954,Estamos escuchando.,LAUK'TAPALLIDEK,estamos escuchando.,lauk'tapallidek,flashcards2,P02180,False
U03479,G03241,la niña no escucha música.,WILA KU'APER KU'LA LAUK'I'ÑI' TULUNER',la niña no escucha música.,wila ku'aper ku'la lauk'i'ñi' tuluner',flashcards_oraciones,P00272,True
U03480,G03241,la niña no escucha la música.,WILA KU'APER KU'LA LAUK'I'ÑI' TULUNER',la niña no escucha la música.,wila ku'aper ku'la lauk'i'ñi' tuluner',flashcards_oraciones,P00273,True
U00847,G00717,Es inútil. (sujeto),MA'KINPU' NUKA'A,es inútil. (sujeto),ma'kinpu' nuka'a,flashcards2,P00847,True
U00632,G00523,¡Háblame!,¡LUNTUU!,¡háblame!,¡luntuu!,flashcards2,P00632,False
U04044,G03781,"Su carne es rica; por eso, a veces, cuando se la encuentra se la mata, porque tiene bastante carne.","Lu’lunnen iyalli; nanamalek, nerpi’pu’, kanak dei’tu’lek, lu’lunnen wapu’ a’ña’su’ malek.","su carne es rica; por eso, a veces, cuando se la encuentra se la mata, porque tiene bastante carne.","lu'lunnen iyalli; nanamalek, nerpi'pu', kanak dei'tu'lek, lu'lunnen wapu' a'ña'su' malek.",fidel_lomas,P00168,True
U00932,G00795,Podemos esperar.,YINNITULLIDEK WA'TENTAK,podemos esperar.,yinnitullidek wa'tentak,flashcards2,P00932,False
U02650,G02419,“Esto así estoy criando.,“Asu’ u’su kua pektawapalek.,esto así estoy criando.,asu' u'su kua pektawapalek.,pdf_textos,P00399,True
U01911,G01698,Me ignorabas.,LUWER'CHI'NUN,me ignorabas.,luwer'chi'nun,flashcards2,P01911,True
U01912,G01698,Me ignoraste.,LUWER'CHI'NUN,me ignoraste.,luwer'chi'nun,flashcards2,P01912,True
U01879,G01667,Ten cuidado.,INLU'UK'TUKER',ten cuidado.,inlu'uk'tuker',flashcards2,P01879,False
U02239,G02008,¡Buen viaje!,¡PAKER' MUSU'!,¡buen viaje!,¡paker' musu'!,flashcards2,P02239,False
U02554,G02323,"“Jefe, han quemado Pampayacu, todos están pereciendo quemados... los que pescaban” dijeron.","“Wa’an, Panpadek di’setchullina’, iñer uki’tapilallina’.... purwanlusa’” itullima.","jefe, han quemado pampayacu, todos están pereciendo quemados... los que pescaban dijeron.","wa'an, panpadek di'setchullina', iñer uki'tapilallina'.... purwanlusa' itullima.",pdf_textos,P00303,True
U03623,G03377,ellos nadan en la cocha.,NAWA' IDUÑINA' SENANKEK,ellos nadan en la cocha.,nawa' iduñina' senankek,flashcards_oraciones,P00416,False
U03345,G03112,ellas no bailan en la escuela.,NAWA' LANSA'PI'ÑINA' ÑINCHITUPIDEK'KEK',ellas no bailan en la escuela.,nawa' lansa'pi'ñina' ñinchitupidek'kek',flashcards_oraciones,P00138,False
U02680,G02449,Será mejor que nos apropiemos de estos peces.,A’pimuchun kenmu’wa’ki ñii asu’ samer.,será mejor que nos apropiemos de estos peces.,a'pimuchun kenmu'wa'ki ñii asu' samer.,pdf_textos,P00429,True
U01354,G01175,Dámelo.,ENKA'U,dámelo.,enka'u,flashcards2,P01354,False
U03190,G02959,"Vayan acordándose de esa clase (de nombres) nos dicen ahora, ""gente civilizada"" dicen.","Lli'inutapaku' nu'sukla'nka kenmu'wa' ipa'la itullinerkenmu'wa', ""gente civilizada"" tullima.","vayan acordándose de esa clase (de nombres) nos dicen ahora, gente civilizada dicen.","lli'inutapaku' nu'sukla'nka kenmu'wa' ipa'la itullinerkenmu'wa', gente civilizada tullima.",pdf_textos,P00939,True
U03742,G03492,nosotras piensamos en su familia.,KUDA LLI'INU'PALLIDEK PA'TU'NEN'KEK,nosotras piensamos en su familia.,kuda lli'inu'pallidek pa'tu'nen'kek,flashcards_oraciones,P00535,True
U03743,G03492,nosotros piensamos en su familia.,KUDA LLI'INU'PALLIDEK PA'TU'NEN'KEK,nosotros piensamos en su familia.,kuda lli'inu'pallidek pa'tu'nen'kek,flashcards_oraciones,P00536,True
U02117,G01892,Siéntate derecho.,CHEKSU' DU'KER',siéntate derecho.,cheksu' du'ker',flashcards2,P02117,True
U02118,G01892,Siéntese recto.,CHEKSU' DU'KER',siéntese recto.,cheksu' du'ker',flashcards2,P02118,True
U00087,G00056,Me voy a dormir,WICHIN'DEK'CHEK,me voy a dormir,wichin'dek'chek,flashcards2,P00087,True
U01320,G01143,¿Estás?,¿ÑAPALA?,¿estás?,¿ñapala?,flashcards2,P01320,False
U03685,G03436,Tú comes pan con mantequilla.,KENMA KA'LA TANTA' MANTIKILLALEK,tú comes pan con mantequilla.,kenma ka'la tanta' mantikillalek,flashcards_oraciones,P00478,False
U01131,G00978,Sigue bailando.,LANSA'PER'I'LA,sigue bailando.,lansa'per'i'la,flashcards2,P01131,False
U01916,G01701,Pareces molesto.,YUPA'MASU'PU'SU'  LLI'TULA,pareces molesto.,yupa'masu'pu'su' lli'tula,flashcards2,P01916,False
U01043,G00897,Toma otro. (sostener),MA'ATASU' ALI'LA',toma otro. (sostener),ma'atasu' ali'la',flashcards2,P01043,True
U01355,G01176,Dímelo.,WINTU'U,dímelo.,wintu'u,flashcards2,P01355,False
U00457,G00369,Lo intentaste.,INTEK'LLI'WINA,lo intentaste.,intek'lli'wina,flashcards2,P00457,False
U02850,G02619,Hartos de nosotros vamos a ir.,Wapu’mu’wa’ pa’aterwa’.,hartos de nosotros vamos a ir.,wapu'mu'wa' pa'aterwa'.,pdf_textos,P00599,True
U02237,G02006,Escaparon todos.,IÑER' CHIYEKLLINA',escaparon todos.,iñer' chiyekllina',flashcards2,P02237,False
U00174,G00128,Lo hice.,NU'TULEK,lo hice.,nu'tulek,flashcards2,P00174,False
U00628,G00519,Quédate ahí.,NANEK LLIA'KER',quédate ahí.,nanek llia'ker',flashcards2,P00628,False
U02114,G01889,Ella desapareció.,NANA WER'LLI,ella desapareció.,nana wer'lli,flashcards2,P02114,False
U02739,G02508,"al gobernante le dijeron,","wa’an wintullina’,","al gobernante le dijeron,","wa'an wintullina',",pdf_textos,P00488,True
U03389,G03153,la niña camina en la escuela.,NANA WILA KU'APER DEKKUNTULLI ÑINCHITUPIDEK'KEK',la niña camina en la escuela.,nana wila ku'aper dekkuntulli ñinchitupidek'kek',flashcards_oraciones,P00182,False
U03374,G03140,tú bajas al río.,KENMA NU'WAN'PALA KUPIN'DEK'SHADIK,tú bajas al río.,kenma nu'wan'pala kupin'dek'shadik,flashcards_oraciones,P00167,False
U00105,G00070,Enséñamelo. (pasar conocimiento),ALEK'U,enséñamelo. (pasar conocimiento),alek'u,flashcards2,P00105,True
U02628,G02397,"“Tus pececitos regálanos, por favor, hermano” le dijeron.","“Sametchapen panula’udek, chai, yallí’” itullima.","tus pececitos regálanos, por favor, hermano le dijeron.","sametchapen panula'udek, chai, yallí' itullima.",pdf_textos,P00377,True
U03732,G03482,ella piensa en su tarea.,NANA LLI'INU'TAPALLI YANU'TA'SU'NEN'KEK,ella piensa en su tarea.,nana lli'inu'tapalli yanu'ta'su'nen'kek,flashcards_oraciones,P00525,False
U00086,G00055,Durmiendo,WICHA'PALEK,durmiendo,wicha'palek,flashcards2,P00086,False
U03412,G03175,nosotras no cerramos la puerta.,KUDA KU'LA UNKUI'ÑIDEK NANA UNKUNAN,nosotras no cerramos la puerta.,kuda ku'la unkui'ñidek nana unkunan,flashcards_oraciones,P00205,False
U02961,G02730,"Sangraron lechecaspi, la hicieron hervir y lo esperaron.","Ekkadek pektañina’, a’ukluka’llina’, wa’tenñina’.","sangraron lechecaspi, la hicieron hervir y lo esperaron.","ekkadek pektañina', a'ukluka'llina', wa'tenñina'.",pdf_textos,P00710,True
U04232,G03968,Las enfermedades que habían antiguamente eran: ,Napi’ kaluwi’lusa’ ñiwiñina’: ,las enfermedades que habían antiguamente eran:,napi' kaluwi'lusa' ñiwiñina':,fidel_lomas,P00356,True
U01787,G01580,¿Está mejor?,¿IPA' MULA'LLI?,¿está mejor?,¿ipa' mula'lli?,flashcards2,P01787,False
U00636,G00527,Eso funciona.,NANA SAKA'TAPALLI,eso funciona.,nana saka'tapalli,flashcards2,P00636,False
U04157,G03893," “Ahora sí, si me traes ají te voy a querer”.", “Ipa’la’ka nuka’ keritupachinku luwantetchen”.,"ahora sí, si me traes ají te voy a querer.",ipa'la'ka nuka' keritupachinku luwantetchen.,fidel_lomas,P00281,True
U00770,G00643,Puedo compartir.,YENNITULEK A'NAÑIAK,puedo compartir.,yennitulek a'nañiak,flashcards2,P00770,False
U02408,G02177,Ahora que soy una mujer enferma ellos me cuidan.,Kaluwi’tekku ipa’la ñaseku nawa’ luwektapallinerku.,ahora que soy una mujer enferma ellos me cuidan.,kaluwi'tekku ipa'la ñaseku nawa' luwektapallinerku.,pdf_textos,P00157,True
U03257,G03026,"Mira, una mariposa azul.",LLI'KER' ALA'SA' SHUMITEK' KAÑIERCHUSU',"mira, una mariposa azul.",lli'ker' ala'sa' shumitek' kañierchusu',flashcards_oraciones,P00050,False
U03307,G03075,Esa palabra es resonante .,NANA LA'LA' ILLINDEK' NUKA'A,esa palabra es resonante .,nana la'la' illindek' nuka'a,flashcards_oraciones,P00100,False
U02108,G01883,¡Haz ruido!,¡A'ILLINKER'!,¡haz ruido!,¡a'illinker'!,flashcards2,P02108,False
U00556,G00457,Estoy comprando.,MAPA'TAPALEK,estoy comprando.,mapa'tapalek,flashcards2,P00556,False
U01163,G01010,Ponlo allí.,AKU'KER' NANEK ,ponlo allí.,aku'ker' nanek,flashcards2,P01163,True
U01165,G01010,Ponlo ahí.,AKU'KER' NANEK ,ponlo ahí.,aku'ker' nanek,flashcards2,P01165,True
U03815,G03561,nosotras trabajamos todos los días.,KUDA SAKA'TAPALLIDEK IÑER' UKLLILUSA',nosotras trabajamos todos los días.,kuda saka'tapallidek iñer' ukllilusa',flashcards_oraciones,P00608,False
U02801,G02570,Diciendo eso pescaban los antiguos.,Tanna’ purllina’ napi’ku’lusa’.,diciendo eso pescaban los antiguos.,tanna' purllina' napi'ku'lusa'.,pdf_textos,P00550,True
U03677,G03428,Ellos pescan con veneno de barbasco.,NAWA' PUR'LLINA' PUÑAÑIN SULLIMANLEK',ellos pescan con veneno de barbasco.,nawa' pur'llina' puñañin sullimanlek',flashcards_oraciones,P00470,False
U01851,G01640,Está claro.,LATEK'LA NAÑI,está claro.,latek'la nañi,flashcards2,P01851,True
U01852,G01640,Es obvio.,LATEK'LA NAÑI,es obvio.,latek'la nañi,flashcards2,P01852,True
U04136,G03873,"Las mujeres, dice, le bañaron con resina de leche caspi y le pegaron plumas en todo su cuerpo.",Shaya’lusa’ler a’ma’tanna’ ekka’deklek anpulu’lek a’per’ku’tullina’ iñer’ pinen.,"las mujeres, dice, le bañaron con resina de leche caspi y le pegaron plumas en todo su cuerpo.",shaya'lusa'ler a'ma'tanna' ekka'deklek anpulu'lek a'per'ku'tullina' iñer' pinen.,fidel_lomas,P00260,True
U00802,G00674,Estaba desnudo.,INANPILATEK ÑAPAWINEK,estaba desnudo.,inanpilatek ñapawinek,flashcards2,P00802,False
U01654,G01456,¿Puedo verlos?,¿YENNITULEK LLI'DEK'AK?,¿puedo verlos?,¿yennitulek lli'dek'ak?,flashcards2,P01654,False
U04192,G03928,Su nombre era Evangelista Chota Mozombite.,Llillinen Banji Chuta Musunpiti.,su nombre era evangelista chota mozombite.,llillinen banji chuta musunpiti.,fidel_lomas,P00316,False
U03000,G02769,"Las abuelas ya finadas dijeron: ""Nosotros somos los culpables de que ahora los señores vengan y nos hagan la vida imposible sin motivo"".","Tullina’ amiku’lusa’ ""Kuda usha’wañidek asu’ ipa’la wa’danlusa’ uk’anna’ llikanerchi’ñinerkenmu’wa’.",las abuelas ya finadas dijeron: nosotros somos los culpables de que ahora los señores vengan y nos hagan la vida imposible sin motivo.,tullina' amiku'lusa' kuda usha'wañidek asu' ipa'la wa'danlusa' uk'anna' llikanerchi'ñinerkenmu'wa'.,pdf_textos,P00749,True
U01186,G01025,Dinos más.,WINTU'UDEK A'PINTA',dinos más.,wintu'udek a'pinta',flashcards2,P01186,True
U01187,G01025,Dígannos más.,WINTU'UDEK A'PINTA',dígannos más.,wintu'udek a'pinta',flashcards2,P01187,True
U01188,G01025,Cuéntanos más.,WINTU'UDEK A'PINTA',cuéntanos más.,wintu'udek a'pinta',flashcards2,P01188,True
U00754,G00629,Él envejeció.,NANA TASERPITULLI,él envejeció.,nana taserpitulli,flashcards2,P00754,False
U02128,G01902,Cenaron.,WERAÑINA',cenaron.,werañina',flashcards2,P02128,False
U03018,G02787,"allá"", decían.","Da'ilek, ali'ladaper tullina' ""Saka'tunan dunkerpatekkudek nanalupa' pa'achidek"", tullima. Sin embargo, otros opinaban ""A buscar trabajo tenemos que ir por","allá, decían.","da'ilek, ali'ladaper tullina' saka'tunan dunkerpatekkudek nanalupa' pa'achidek, tullima. sin embargo, otros opinaban a buscar trabajo tenemos que ir por",pdf_textos,P00767,True
U04289,G04025,por eso no llegan a cada rato los foráneos., nanamalek ektu’pi’ñina’ utalinpu’sa’ nerlusa’.,por eso no llegan a cada rato los foráneos.,nanamalek ektu'pi'ñina' utalinpu'sa' nerlusa'.,fidel_lomas,P00413,True
U02919,G02688,"¡No teman, ustedes tienen machetes, píquen con eso (a las fieras)!”","¡Aner yatek kuatama’, sunkiwanpalama’, pasektuku’ nanalek!”","¡no teman, ustedes tienen machetes, píquen con eso (a las fieras)!","¡aner yatek kuatama', sunkiwanpalama', pasektuku' nanalek!",pdf_textos,P00668,True
U04102,G03839,Dice que ya no quería devolverle su pifuano al Carachupa; se lo llevó donde él vivía.,A’pinti’ma yaenki’ñi Chi’lek pilenñanen; ekpei’tunta’lli enñupi’pa nana ñak.,dice que ya no quería devolverle su pifuano al carachupa; se lo llevó donde él vivía.,a'pinti'ma yaenki'ñi chi'lek pilenñanen; ekpei'tunta'lli enñupi'pa nana ñak.,fidel_lomas,P00226,True
U01301,G01126,Eres listo.,INSEKDIPERPI NUKA'MA,eres listo.,insekdiperpi nuka'ma,flashcards2,P01301,False
U00821,G00692,Soy casado.,SADASU' NUKA'KA,soy casado.,sadasu' nuka'ka,flashcards2,P00821,False
U02866,G02635,"En la mañana, cuando salgan (de su mosquitero), todos ustedes cuenten qué han soñado.","Dasu’la yunsa’nma’, lunku’ ma’pu’sui’pa’ wa’latulama’.","en la mañana, cuando salgan (de su mosquitero), todos ustedes cuenten qué han soñado.","dasu'la yunsa'nma', lunku' ma'pu'sui'pa' wa'latulama'.",pdf_textos,P00615,True
U02741,G02510,"“¡Así hagan entonces ustedes, vayan a hacer la pesca!”","- “¡Nu’ku’ nu’pachi kenmama’, pur’unta’ku’!”","¡así hagan entonces ustedes, vayan a hacer la pesca!","- ¡nu'ku' nu'pachi kenmama', pur'unta'ku'!",pdf_textos,P00490,True
U00000,G00000,Ve.,PAKER',ve.,paker',flashcards2,P00000,True
U00001,G00000,Vete.,PAKER',vete.,paker',flashcards2,P00001,True
U00002,G00000,Vaya.,PAKER',vaya.,paker',flashcards2,P00002,True
U01193,G01029,Son grandes.,A'LLUPI NUKER'KA,son grandes.,a'llupi nuker'ka,flashcards2,P01193,False
U04428,G04163,Desde ese tiempo nadie le curó.,Naneklanek ñi denler lulen’i’ñi.,desde ese tiempo nadie le curó.,naneklanek ñi denler lulen'i'ñi.,fidel_lomas,P00552,True
U03035,G02804,"Algunos mezquinaban. Volviendo de Moyobamba no querían contar cómo habían visto a las señoras, ni querian contar más, sin despedirse se iban.","Nu’unti’ma aper’kulli. Yalun’i’ñi uncha'n Muyunpakla ma'pu'si'pa' lli'lli senñulalusa', ñima nanapinta' yalun’i’ñi, ta'tula'nna' pa'llina'.","algunos mezquinaban. volviendo de moyobamba no querían contar cómo habían visto a las señoras, ni querian contar más, sin despedirse se iban.","nu'unti'ma aper'kulli. yalun'i'ñi uncha'n muyunpakla ma'pu'si'pa' lli'lli senñulalusa', ñima nanapinta' yalun'i'ñi, ta'tula'nna' pa'llina'.",pdf_textos,P00784,True
U01623,G01428,Pareces loco.,WA'DANPINTEK'PU'SU' LLI'TULA,pareces loco.,wa'danpintek'pu'su' lli'tula,flashcards2,P01623,False
U01984,G01765,Todos sonrieron.,IÑER'DAPER YAMERLADALLINA',todos sonrieron.,iñer'daper yamerladallina',flashcards2,P01984,False
U03142,G02911,"¿Acaso desde antes, pues, ellos han venido a trabajar?",¿Napi'lanlek a'ta' na'wa' saka'tukellina'?.,"¿acaso desde antes, pues, ellos han venido a trabajar?",¿napi'lanlek a'ta' na'wa' saka'tukellina'?.,pdf_textos,P00891,False
U03940,G03684,Allí digieren los pejes que comieron.,Nanek dalliñina’ samernenna’ ka’er’kasu’.,allí digieren los pejes que comieron.,nanek dalliñina' samernenna' ka'er'kasu'.,fidel_lomas,P00064,True
U02294,G02063,"En otros pueblos que conozcan también el shiwilu,","Nerñinanluk ñinchichinna’ nawa’nta’ Shiwilu,","en otros pueblos que conozcan también el shiwilu,","nerñinanluk ñinchichinna' nawa'nta' shiwilu,",pdf_textos,P00043,True
U00055,G00043,Llámame.,PEKLU'U,llámame.,peklu'u,flashcards2,P00055,False
U01960,G01744,¿Me oíste?,¿LAUK'LUN?,¿me oíste?,¿lauk'lun?,flashcards2,P01960,False
U00769,G01581,Puedo hacerlo.,YENNITULEK NU'TAK,puedo hacerlo.,yennitulek nu'tak,flashcards2,P00769,True
U01788,G01581,Puede hacerse.,YENNITULEK NU'TAK,puede hacerse.,yennitulek nu'tak,flashcards2,P01788,True
U03751,G03500,la niña pinta un plátano.,NANA WILA KUAPER LLINSERLLI ALA'SA TANKU,la niña pinta un plátano.,nana wila kuaper llinserlli ala'sa tanku,flashcards_oraciones,P00544,False
U02903,G02672,Ya algunos de los espíritus de los esposos muertos penaban en sus casas:,Nu’unta’ ipa’ wa’danwañi nana pidik:,ya algunos de los espíritus de los esposos muertos penaban en sus casas:,nu'unta' ipa' wa'danwañi nana pidik:,pdf_textos,P00652,True
U02120,G01894,Alguien tosió.,DENIPA' CHINKU'LLI,alguien tosió.,denipa' chinku'lli,flashcards2,P02120,False
U04241,G03977," las hermanas mayores murieron,",", sha’shalusa’ chimiñina’, ","las hermanas mayores murieron,",", sha'shalusa' chimiñina',",fidel_lomas,P00365,True
U02804,G02573,"Ahora aún más teniendo educación formal,","Ipa’la a’pinta’ ñinchillintanna’,","ahora aún más teniendo educación formal,","ipa'la a'pinta' ñinchillintanna',",pdf_textos,P00553,True
U00786,G00659,Lo extrañaba.,LU'WANWINEK,lo extrañaba.,lu'wanwinek,flashcards2,P00786,False
U03270,G03039,Cantan para llamar la lluvia.,TULUNER'LLINA U'LAN YAPEKLUN'NA',cantan para llamar la lluvia.,tuluner'llina u'lan yapeklun'na',flashcards_oraciones,P00063,False
U00239,G00185,¿Puedo ir?,¿YEN'NITULEK PA'AK?,¿puedo ir?,¿yen'nitulek pa'ak?,flashcards2,P00239,False
U04116,G03853,“¡Qué grandes son tus testículos!” dijo en su corazón el Carachupa.,“¡A’mellulunpi ken a’ka” kankañik!” tulli Chi’lek.,¡qué grandes son tus testículos! dijo en su corazón el carachupa.,¡a'mellulunpi ken a'ka kankañik! tulli chi'lek.,fidel_lomas,P00240,True
U03317,G03084,ellas no abren la puerta.,NAWA' EK'KER'CHI'ÑINA' UNKUNAN,ellas no abren la puerta.,nawa' ek'ker'chi'ñina' unkunan,flashcards_oraciones,P00110,False
U02794,G02563,“¿Por qué se portan así?” nos decían.,“¿Ma’ki’na kenmama’ u’lama’?” itullinerkudek.,¿por qué se portan así? nos decían.,¿ma'ki'na kenmama' u'lama'? itullinerkudek.,pdf_textos,P00543,True
U00984,G00842,¿Tienes frío?,¿SANEKWANTULA?,¿tienes frío?,¿sanekwantula?,flashcards2,P00984,False
U00843,G00713,Es lunes.,LUNES NUKA'A,es lunes.,lunes nuka'a,flashcards2,P00843,False
U00425,G00339,Encárgate tú.,KENMA LLI'KER',encárgate tú.,kenma lli'ker',flashcards2,P00425,False
U03558,G03315,tú hablas en voz baja.,KENMA LUNPA'LA ADAWA'SU',tú hablas en voz baja.,kenma lunpa'la adawa'su',flashcards_oraciones,P00351,False
U02737,G02506,"En eso que estaba enojado (Arákayu), dice que el pueblo se reunió.",Nu’an yupasik ima ipa’ ipa’linchi ñinanlu’ indiuntunñina’.,"en eso que estaba enojado (arákayu), dice que el pueblo se reunió.",nu'an yupasik ima ipa' ipa'linchi ñinanlu' indiuntunñina'.,pdf_textos,P00486,True
U04324,G04059,"él le enseñó a mi finado hermano, entonces aprendió más.","nanaler a’leklli yalli’shawekku’, nanek a’pinta’ kerka’ ñinchitulli.","él le enseñó a mi finado hermano, entonces aprendió más.","nanaler a'leklli yalli'shawekku', nanek a'pinta' kerka' ñinchitulli.",fidel_lomas,P00448,True
U03598,G03352,yo no leo una revista.,KUA KU'LA LUNCHI'NEK ALA'SA' KERKA',yo no leo una revista.,kua ku'la lunchi'nek ala'sa' kerka',flashcards_oraciones,P00391,False
U03411,G03174,las niñas no cierran el libro.,WILA KU'APERLUSA KU'LA UNKUI'ÑINA NANA KERKA',las niñas no cierran el libro.,wila ku'aperlusa ku'la unkui'ñina nana kerka',flashcards_oraciones,P00204,False
U03507,G03264,nosotros esperamos con tranquilidad.,KUDA WA'TEN'TULLI'DEK MUSICLANLEK',nosotros esperamos con tranquilidad.,kuda wa'ten'tulli'dek musiclanlek',flashcards_oraciones,P00300,False
U00437,G00350,Tomás votó.,TOMAS DEK'LLI,tomás votó.,tomas dek'lli,flashcards2,P00437,False
U03353,G03120,ustedes bailan en la casa.,KENMAMA' LANSA'PALAMA' PIDIK,ustedes bailan en la casa.,kenmama' lansa'palama' pidik,flashcards_oraciones,P00146,False
U01714,G01511,Puedo demostrarlo.,YENNITULEK A'LLI'TAK,puedo demostrarlo.,yennitulek a'lli'tak,flashcards2,P01714,False
U00474,G00385,Ven solo.,WENLLER' KENMASA',ven solo.,wenller' kenmasa',flashcards2,P00474,False
U02014,G01793,Debo ayudarlo.,KATU'PA'A'KASU' ÑAPALLI,debo ayudarlo.,katu'pa'a'kasu' ñapalli,flashcards2,P02014,False
U03760,G03509,el niño no recuerda una canción.,NANA WILA KU'LA LLI'INUTA'PI'ÑI ALA'SA' TULUNER',el niño no recuerda una canción.,nana wila ku'la lli'inuta'pi'ñi ala'sa' tuluner',flashcards_oraciones,P00553,False
U01256,G01086,Lo tenemos.,A'ÑAPALLIDEK,lo tenemos.,a'ñapallidek,flashcards2,P01256,False
U00445,G00357,Esperen aquí.,WA'TENKU' ASEK,esperen aquí.,wa'tenku' asek,flashcards2,P00445,False
U03903,G03647,"Cuando su fruto madura, trepando lo cogen.",Ñipinen mer’chusik chintektanna’ mallina’.,"cuando su fruto madura, trepando lo cogen.",ñipinen mer'chusik chintektanna' mallina'.,fidel_lomas,P00027,True
U03540,G03297,el niño habla con su familia.,NANA WILLA LUNPA'LLI PATUN'NENLEK,el niño habla con su familia.,nana willa lunpa'lli patun'nenlek,flashcards_oraciones,P00333,False
U03252,G03021,Papá rema la canoa.,TATA NERKU'LLI NUNKEK,papá rema la canoa.,tata nerku'lli nunkek,flashcards_oraciones,P00045,False
U02067,G01844,¡Suena genial!,¡ILLIÑI U'CHIMU!,¡suena genial!,¡illiñi u'chimu!,flashcards2,P02067,False
U03414,G03177,tú cierras la mochila.,KENMA UNKU'LA NANA MUCHILA ,tú cierras la mochila.,kenma unku'la nana muchila,flashcards_oraciones,P00207,False
U02244,G02013,Quiere venir.,YA'WENCHA'LLI,quiere venir.,ya'wencha'lli,flashcards2,P02244,False
U01089,G00942,Tenía hambre.,UKI'LA A'ÑIWINEK,tenía hambre.,uki'la a'ñiwinek,flashcards2,P01089,False
U03262,G03031,Coseché yuca por la mañana,UKA'LLEK KER' DASU'LA,coseché yuca por la mañana,uka'llek ker' dasu'la,flashcards_oraciones,P00055,False
U02394,G02163,"A ver, pues, vamos a conversar.",Enta’ten i’na lunterkenma’.,"a ver, pues, vamos a conversar.",enta'ten i'na lunterkenma'.,pdf_textos,P00143,True
U03672,G03423,Ella come arroz con pollo.,NANA KA'LLI PUMULADA WA'DANTEK WAWALEK',ella come arroz con pollo.,nana ka'lli pumulada wa'dantek wawalek',flashcards_oraciones,P00465,False
U00155,G00110,Se adelantará.,EKTE'CHECHU,se adelantará.,ekte'chechu,flashcards2,P00155,False
U00149,G00105,Túmbate.,ANU'KER',túmbate.,anu'ker',flashcards2,P00149,False
U04299,G04035,"Nuestro remedio es el masato, nosotros lo tomamos todos los días.","Ilulennawidek nuka’a uklulu’, kuda iñer’ ukllilusa’ uwapallidek.","nuestro remedio es el masato, nosotros lo tomamos todos los días.","ilulennawidek nuka'a uklulu', kuda iñer' ukllilusa' uwapallidek.",fidel_lomas,P00423,True
U03409,G03172,ellos no cierran la puerta.,NAWA' KU'LA UNKUI'ÑINA NANA UNKUNAN,ellos no cierran la puerta.,nawa' ku'la unkui'ñina nana unkunan,flashcards_oraciones,P00202,False
U04135,G03872,"“Escóndanme, el Tigre me quiere atrapar”.","“Sekkituu’ku’, Amana’ yapilli’tullun”","escóndanme, el tigre me quiere atrapar.","sekkituu'ku', amana' yapilli'tullun",fidel_lomas,P00259,True
U04169,G03905,"Por no entender el pedido de la señorita, no consiguió enamorada.",Lachek’inpu’n wilalunler lek’a’su’ ekkuanen kani’ñi.,"por no entender el pedido de la señorita, no consiguió enamorada.",lachek'inpu'n wilalunler lek'a'su' ekkuanen kani'ñi.,fidel_lomas,P00293,True
U00113,G00076,Macambo (fruta),MAKER,macambo (fruta),maker,flashcards2,P00113,True
U02298,G02067,Ya que a mis hijos no les enseñé.,Wilaweklusa’pa’ ma’sha a’lekdek’i’nek.,ya que a mis hijos no les enseñé.,wilaweklusa'pa' ma'sha a'lekdek'i'nek.,pdf_textos,P00047,True
U04064,G03801,Comenzó por su espalda.,Piteknenkekla tenmiansu’lli.,comenzó por su espalda.,piteknenkekla tenmiansu'lli.,fidel_lomas,P00188,True
U02347,G02116,Una vez tostado se lo muele.,Inyek ipa’linchi peksanek.,una vez tostado se lo muele.,inyek ipa'linchi peksanek.,pdf_textos,P00096,True
U00335,G00960,Estoy enojado.,YUSU' ÑAPALEK,estoy enojado.,yusu' ñapalek,flashcards2,P00335,True
U01109,G00960,Estoy indignado.,YUSU' ÑAPALEK,estoy indignado.,yusu' ñapalek,flashcards2,P01109,True
U01887,G01675,Estábamos bromeando.,SI'LENTAPAWIÑIDEK,estábamos bromeando.,si'lentapawiñidek,flashcards2,P01887,False
U03368,G03134,los niños no bajan al primer piso.,WILALUSA NU'WAN'IÑINA' DAWIK ,los niños no bajan al primer piso.,wilalusa nu'wan'iñina' dawik,flashcards_oraciones,P00161,False
U00741,G00617,No copien.,NANA PU'SU' YANU'TUTAMA',no copien.,nana pu'su' yanu'tutama',flashcards2,P00741,False
U00626,G00517,Mantente despierto.,ÑAPAKER' NANPILADASU',mantente despierto.,ñapaker' nanpiladasu',flashcards2,P00626,False
U03361,G03128,ellas no bajan al primer piso.,NAWA' NU'WAN'IÑINA' DAWIK ,ellas no bajan al primer piso.,nawa' nu'wan'iñina' dawik,flashcards_oraciones,P00154,False
U02362,G02131,Pero anteriormente las abuelas finadas batían con el batidor “utawitunantek”.,Napi’ i’na amiku’lusa’ utawitunanteklek utawillina’.,pero anteriormente las abuelas finadas batían con el batidor utawitunantek.,napi' i'na amiku'lusa' utawitunanteklek utawillina'.,pdf_textos,P00111,True
U00620,G00511,Es guapa.,MULUNSHA NUKA'A,es guapa.,mulunsha nuka'a,flashcards2,P00620,False
U01600,G01405,¿Qué haremos?,¿MA'NEN'A'CHA NU'TATERWA'?,¿qué haremos?,¿ma'nen'a'cha nu'taterwa'?,flashcards2,P01600,False
U00662,G00548,Tom obedeció.,TOM LATEK'TULLI,tom obedeció.,tom latek'tulli,flashcards2,P00662,False
U03597,G03351,tú lees una revista.,KENMA LUNTULA ALA'SA' KERKA',tú lees una revista.,kenma luntula ala'sa' kerka',flashcards_oraciones,P00390,False
U03109,G02878,Nos han hecho quedar a nosotros malos en nuestro corazón”,A'lliyanantulekwa' kenmu'wa' kankanmapu'wek”,nos han hecho quedar a nosotros malos en nuestro corazón,a'lliyanantulekwa' kenmu'wa' kankanmapu'wek,pdf_textos,P00858,True
U00992,G00850,¿Está segura?,¿TEKINCHI'CHA' ÑAPALA?,¿está segura?,¿tekinchi'cha' ñapala?,flashcards2,P00992,True
U00993,G00850,¿Está seguro?,¿TEKINCHI'CHA' ÑAPALA?,¿está seguro?,¿tekinchi'cha' ñapala?,flashcards2,P00993,True
U03746,G03495,el niño no pinta un dibujo.,NANA WILA KU'LA LLINSERI'ÑI ALA'SA' DIBUJU,el niño no pinta un dibujo.,nana wila ku'la llinseri'ñi ala'sa' dibuju,flashcards_oraciones,P00539,False
U02695,G02464,Después poniéndose de pie dijo:,Nu’an ima waneran tulli:,después poniéndose de pie dijo:,nu'an ima waneran tulli:,pdf_textos,P00444,True
U02093,G01869,Primero comamos.,NANENTU WERANWA',primero comamos.,nanentu weranwa',flashcards2,P02093,False
U03578,G03333,ustedes no lavan los platos.,KENMAMA' PAMUI'NAMA' SINANLUSA',ustedes no lavan los platos.,kenmama' pamui'nama' sinanlusa',flashcards_oraciones,P00371,False
U01660,G01461,Vuelve aquí.,ADENCHER' ASEK,vuelve aquí.,adencher' asek,flashcards2,P01660,False
U04418,G04153,Por eso los niños de ayer y hoy se han olvidado.,"Nanamalek wilalusa’ napikla, ipa’lakla pinanerllina’.",por eso los niños de ayer y hoy se han olvidado.,"nanamalek wilalusa' napikla, ipa'lakla pinanerllina'.",fidel_lomas,P00542,True
U01967,G01750,Hazlo ahoritita.,NU'TER' IPIA'LASHINCHI,hazlo ahoritita.,nu'ter' ipia'lashinchi,flashcards2,P01967,False
U01878,G01666,"¡Tom, respóndeme!","¡TOM , NA'PIU!","¡tom, respóndeme!","¡tom, na'piu!",flashcards2,P01878,False
U02361,G02130,se lo va batiendo con este.... con un remo se lo bate.,pitawilek ma’ilek nerku’teklek pitawilek.,se lo va batiendo con este.... con un remo se lo bate.,pitawilek ma'ilek nerku'teklek pitawilek.,pdf_textos,P00110,True
U00512,G00419,¡Encantador!,¡MUPENCHA!,¡encantador!,¡mupencha!,flashcards2,P00512,False
U02999,G02768,De esa manera construyeron el camino de Moyobamba.,Nu'siklimaka asu’ Muyunpa inchilala nu’tullina’.,de esa manera construyeron el camino de moyobamba.,nu'siklimaka asu' muyunpa inchilala nu'tullina'.,pdf_textos,P00748,True
U03885,G03629,Esta quebradita se llama Armanayacu.,Asu’ dekshadekshaki llillinen nuka’a Ama’wina.,esta quebradita se llama armanayacu.,asu' dekshadekshaki llillinen nuka'a ama'wina.,fidel_lomas,P00009,True
U02533,G02302,(Los hombres de Jeberos) nos mezquinaron la pesca.,"- Pu’yek aperku’tullinerkudek,",(los hombres de jeberos) nos mezquinaron la pesca.,"- pu'yek aperku'tullinerkudek,",pdf_textos,P00282,True
U00854,G00724,Bailemos.,LANSA'WA',bailemos.,lansa'wa',flashcards2,P00854,False
U03154,G02923,"Otros se han ido a quedar en un, este, pasto llamado Chota.","Ali'lima llia'kuñi ala'sa', ma'i, panpateklu' ima llillinen Chota.","otros se han ido a quedar en un, este, pasto llamado chota.","ali'lima llia'kuñi ala'sa', ma'i, panpateklu' ima llillinen chota.",pdf_textos,P00903,False
U00811,G00683,Soy panadero.,TANTA' NU'TUTEK NUKA'KA,soy panadero.,tanta' nu'tutek nuka'ka,flashcards2,P00811,False
U02555,G02324,"(El Jefe) hizo reunir a los policías, y cuando se reunieron les mandó que se vayan a ver y ellos vieron.","Wala’wanlusi’ma a’idiuntundek’an, indiuntunser a’panta’deklli lli’unta’llina’.","(el jefe) hizo reunir a los policías, y cuando se reunieron les mandó que se vayan a ver y ellos vieron.","wala'wanlusi'ma a'idiuntundek'an, indiuntunser a'panta'deklli lli'unta'llina'.",pdf_textos,P00304,True
U04191,G03927,"Llegando a Yurimaguas nos hospedamos en la casa de un shiwilu, en la orillita del Huallaga.",Ektu’mudek Yurimawak da’kuñidek ala’sa’ Shiwilu pideknenkek. ,"llegando a yurimaguas nos hospedamos en la casa de un shiwilu, en la orillita del huallaga.",ektu'mudek yurimawak da'kuñidek ala'sa' shiwilu pideknenkek.,fidel_lomas,P00315,True
U04343,G04078,"Estando allá, se enfermó con el covid-19.",Nanek ñapan kaluwi’lli kuvilek.,"estando allá, se enfermó con el covid-19.",nanek ñapan kaluwi'lli kuvilek.,fidel_lomas,P00467,True
U02016,G01795,Necesito Internet.,LUWANTULEK INTERNET,necesito internet.,luwantulek internet,flashcards2,P02016,False
U02326,G02095,y han olvidado la lengua shiwilu.,ipa’li’na Shiwilu la’la’ pinanetllina’.,y han olvidado la lengua shiwilu.,ipa'li'na shiwilu la'la' pinanetllina'.,pdf_textos,P00075,True
U00515,G00422,Soy feliz,MUSU' NAMPIPALEK,soy feliz,musu' nampipalek,flashcards2,P00515,False
U00047,G04172,Gracias.,YUSPEINET'ECHUN,gracias.,yuspeinet'echun,flashcards2,P00047,True
U04437,G04172,Gracias.,Yuspainek’etchu.,gracias.,yuspainek'etchu.,fidel_lomas,P00561,True
U02436,G02205,Yo nunca he tenido hijos sin haberme esposado.,Ñi wilanwanpa’tamu ñi’nek.,yo nunca he tenido hijos sin haberme esposado.,ñi wilanwanpa'tamu ñi'nek.,pdf_textos,P00185,True
U04176,G03912,"Tampoco quería bañarme, al ver su agua lodosa.",Yaami’nek’unta’ mumulu’dek lli’amu.,"tampoco quería bañarme, al ver su agua lodosa.",yaami'nek'unta' mumulu'dek lli'amu.,fidel_lomas,P00300,True
U03961,G03705,Después se prepara el ahumadero con palos delgados.,Nanekla chinalatulek a’mernalalek.,después se prepara el ahumadero con palos delgados.,nanekla chinalatulek a'mernalalek.,fidel_lomas,P00085,True
U01108,G00959,Soy inocente.,MA'NEN NU'CHI'NEK,soy inocente.,ma'nen nu'chi'nek,flashcards2,P01108,False
U03754,G03503,yo pinto un dibujo.,KUA LLINSERLEK ALA'SA' DIBUJU,yo pinto un dibujo.,kua llinserlek ala'sa' dibuju,flashcards_oraciones,P00547,False
U03808,G03555,ellos no trabajan todos los días.,NAWA'KU'LA SAKA'TAPI'ÑINA IÑER' UKLLILUSA',ellos no trabajan todos los días.,nawa'ku'la saka'tapi'ñina iñer' ukllilusa',flashcards_oraciones,P00601,False
U03726,G03476,tú olvidas su cuaderno.,KENMA PINANER'LA' KER'KA'NEN,tú olvidas su cuaderno.,kenma pinaner'la' ker'ka'nen,flashcards_oraciones,P00519,False
U02179,G01953,Estamos seguros.,MUSU'LU'UKPI ÑAPALLIDEK,estamos seguros.,musu'lu'ukpi ñapallidek,flashcards2,P02179,False
U01280,G01110,Prometieron.,TUWIÑINA' NU'TECHUNA,prometieron.,tuwiñina' nu'techuna,flashcards2,P01280,True
U01284,G01110,Lo prometieron.,TUWIÑINA' NU'TECHUNA,lo prometieron.,tuwiñina' nu'techuna,flashcards2,P01284,True
U01469,G01281,¿Es dulce?,¿KASER'LLINCHA?,¿es dulce?,¿kaser'llincha?,flashcards2,P01469,False
U03393,G03157,nosotros no caminamos en la escuela.,KUDA KU'LA DEKKUNCHI'ÑIDEK ÑINCHITUPIDEK'KEK',nosotros no caminamos en la escuela.,kuda ku'la dekkunchi'ñidek ñinchitupidek'kek',flashcards_oraciones,P00186,False
U00816,G00688,Estoy emocionado.,ÑAPALEK SAKEK'SU',estoy emocionado.,ñapalek sakek'su',flashcards2,P00816,False
U00193,G00144,He terminado.,A'TA'WANTULEK,he terminado.,a'ta'wantulek,flashcards2,P00193,False
U00778,G00651,Traigo noticias.,KERA'PILELLEK LA'LA'LUSA',traigo noticias.,kera'pilellek la'la'lusa',flashcards2,P00778,False
U01026,G00882,¿Usted ronca?,¿KENMA TUKULU'PALA?,¿usted ronca?,¿kenma tukulu'pala?,flashcards2,P01026,True
U01027,G00882,¿Tú roncas?,¿KENMA TUKULU'PALA?,¿tú roncas?,¿kenma tukulu'pala?,flashcards2,P01027,True
U03969,G03713,"Prefiriendo la altura, por ahí abre su camino.",Wadun erpilu’ nanalupa’ ekker’chulli dekkunen.,"prefiriendo la altura, por ahí abre su camino.",wadun erpilu' nanalupa' ekker'chulli dekkunen.,fidel_lomas,P00093,True
U01304,G01129,Estás equivocado.,APER'SU' ÑAPALA,estás equivocado.,aper'su' ñapala,flashcards2,P01304,False
U01345,G01167,Hazlo rápidamente.,WIU'SU' NU'TER',hazlo rápidamente.,wiu'su' nu'ter',flashcards2,P01345,True
U01346,G01167,Hágalo rápido.,WIU'SU' NU'TER',hágalo rápido.,wiu'su' nu'ter',flashcards2,P01346,True
U01776,G01569,Estoy acostumbrado.,ÑAPALEK DA'IYASU',estoy acostumbrado.,ñapalek da'iyasu',flashcards2,P01776,False
U01855,G01643,Ellos aplaudieron.,NAWA' INLLIPU'ITEKLATULLINA',ellos aplaudieron.,nawa' inllipu'iteklatullina',flashcards2,P01855,False
U01458,G01270,Estoy impresionada.,ÑAPALEK IMANANTUSU',estoy impresionada.,ñapalek imanantusu',flashcards2,P01458,False
U00656,G00543,Tom peleó.,TOM IDENMALLI,tom peleó.,tom idenmalli,flashcards2,P00656,True
U00657,G00543,Tom luchó.,TOM IDENMALLI,tom luchó.,tom idenmalli,flashcards2,P00657,True
U03915,G03659,"Ese azul no duraba mucho, se zafaba.","Nana kañercha’su’ enpu’ni tekda’pi’ñi, apu’tulli.","ese azul no duraba mucho, se zafaba.","nana kañercha'su' enpu'ni tekda'pi'ñi, apu'tulli.",fidel_lomas,P00039,True
U03457,G03220,nosotras no enseñamos una escritura.,KUDA KU'LA A'LEKTAPI'ÑIDEK ALA'SA' LLINSERPI,nosotras no enseñamos una escritura.,kuda ku'la a'lektapi'ñidek ala'sa' llinserpi,flashcards_oraciones,P00250,False
U03503,G03260,la niña no espera en la casa.,NANA' WILA KU'APER KU'LA WA'TENCHI'ÑI PIDEK'KEK,la niña no espera en la casa.,nana' wila ku'aper ku'la wa'tenchi'ñi pidek'kek,flashcards_oraciones,P00296,False
U04385,G04120,"Cuando amaneció, Meneleo vendió sus pejes salados y sus ahumados.","Ukllisik Miñiku uku’latulli samercheknenlusa’, chinpinenlusa’.","cuando amaneció, meneleo vendió sus pejes salados y sus ahumados.","ukllisik miñiku uku'latulli samercheknenlusa', chinpinenlusa'.",fidel_lomas,P00509,True
U00917,G00781,Tom enseña.,TOM A'LEKTAPALLI,tom enseña.,tom a'lektapalli,flashcards2,P00917,False
U04257,G03993,"El día que te vas a mandar vacunar,.","Yayanlulenta’mapi’pu’ wa’tentetchu wanersu’, ","el día que te vas a mandar vacunar,.","yayanlulenta'mapi'pu' wa'tentetchu wanersu',",fidel_lomas,P00381,True
U01005,G00862,¿Sabes nadar?,¿ÑINCHITAPALA IDUN'AK?,¿sabes nadar?,¿ñinchitapala idun'ak?,flashcards2,P01005,False
U02837,G02606,"Por eso nosotros ahora decimos otra gente también quizá vivirán,","Nu’akkui’na kenmu’wa’ ipa’la tapalekwa’ ali’la muda’nti’pa’ nanpipalli,","por eso nosotros ahora decimos otra gente también quizá vivirán,","nu'akkui'na kenmu'wa' ipa'la tapalekwa' ali'la muda'nti'pa' nanpipalli,",pdf_textos,P00586,True
U04271,G04007,Pero ahora les están vacunando a todos.,Ipa’li’na iñer’daper lulen’apadekllina’.,pero ahora les están vacunando a todos.,ipa'li'na iñer'daper lulen'apadekllina'.,fidel_lomas,P00395,True
U02820,G02589,“Esto les va a devorar a todos los malos”,“Asu’ler pekdadek’etchu mukankinpu’lusa’”,esto les va a devorar a todos los malos,asu'ler pekdadek'etchu mukankinpu'lusa',pdf_textos,P00569,True
U00652,G00540,Tom bebe.,TOM UWAPALLI,tom bebe.,tom uwapalli,flashcards2,P00652,True
U00653,G00540,Tom toma.,TOM UWAPALLI,tom toma.,tom uwapalli,flashcards2,P00653,True
U03528,G03285,la niña estudia ahora.,NANA WILLAKU'APER ÑINCHITAPALLI IPA'LA,la niña estudia ahora.,nana willaku'aper ñinchitapalli ipa'la,flashcards_oraciones,P00321,False
U00222,G00170,Funciona.,SAKA'TULLI.,funciona.,saka'tulli.,flashcards2,P00222,False
U01063,G00916,Podría caminar.,YENNITUWINASKU DEKKUNTA',podría caminar.,yennituwinasku dekkunta',flashcards2,P01063,False
U01378,G01197,¡Sujétalo!,¡PILLI'TER'!,¡sujétalo!,¡pilli'ter'!,flashcards2,P01378,False
U00012,G00009,¡Para!,¡TA'ITULER'!,¡para!,¡ta'ituler'!,flashcards2,P00012,False
U02834,G02603,"Ahí, dice, las personas del pueblo se concentraron primero, el jefe les llamó:","Nanek ima ñinanlu’ indiuntuñina’ nanentu, wa’anler peklu’deklli.","ahí, dice, las personas del pueblo se concentraron primero, el jefe les llamó:","nanek ima ñinanlu' indiuntuñina' nanentu, wa'anler peklu'deklli.",pdf_textos,P00583,True
U01882,G01670,Le perdonamos.,TA'ITULA'LLIDEK,le perdonamos.,ta'itula'llidek,flashcards2,P01882,False
U02498,G02267,Por eso ahora estoy aquí.,Ipa’la nu’amu asek ñapalek.,por eso ahora estoy aquí.,ipa'la nu'amu asek ñapalek.,pdf_textos,P00247,True
U03113,G02882,Así a otros recriminan.,"Nu'su' ali'ladaper llipetchullina',",así a otros recriminan.,"nu'su' ali'ladaper llipetchullina',",pdf_textos,P00862,False
U02221,G01992,¿Estudias?,¿KERKA' ÑINCHITAPALA?,¿estudias?,¿kerka' ñinchitapala?,flashcards2,P02221,False
U02057,G01834,Lo cambié.,A'PAWILEKLEK,lo cambié.,a'pawileklek,flashcards2,P02057,False
U00164,G00118,Él habló.,NANA LUNÑI,él habló.,nana lunñi,flashcards2,P00164,False
U01221,G01055,Tom creció.,TOM SUSU'LLI,tom creció.,tom susu'lli,flashcards2,P01221,False
U00829,G00700,Estoy atrapado.,ÑAPALEK PILLI'PI,estoy atrapado.,ñapalek pilli'pi,flashcards2,P00829,False
U00963,G00823,¿Quién vitoreó?,¿DEN INLLIPU'ITEKLATULLI?,¿quién vitoreó?,¿den inllipu'iteklatulli?,flashcards2,P00963,False
U02419,G02188,“Estoy viniendo queriendo verte. Como fui a la chacra tantos días no te he visitado”.,- “Uk’apincha’lek yalli’amun. Pa’amu menmik u’dun uklli lli’ker’i’ñen”.,estoy viniendo queriendo verte. como fui a la chacra tantos días no te he visitado.,- uk'apincha'lek yalli'amun. pa'amu menmik u'dun uklli lli'ker'i'ñen.,pdf_textos,P00168,True
U02811,G02580,hace cuántos miles de años habrá pasado eso lo que ha sido así!,enpu’dun waranka ekkilaleipa’ ñilli nana nu’su’ ña’su’!,hace cuántos miles de años habrá pasado eso lo que ha sido así!,enpu'dun waranka ekkilaleipa' ñilli nana nu'su' ña'su'!,pdf_textos,P00560,True
U00957,G00818,Qué lástima.,EMBU'NI WE'INUIPA',qué lástima.,embu'ni we'inuipa',flashcards2,P00957,True
U00958,G00818,Qué pena.,EMBU'NI WE'INUIPA',qué pena.,embu'ni we'inuipa',flashcards2,P00958,True
U04327,G04062,Meneleo salió de Jeberos y vino a vivir por Jeberillos.,"Miñiku yunsu’lli Shiwilukla, nanpikerlli Shiwiluwawalupa’.",meneleo salió de jeberos y vino a vivir por jeberillos.,"miñiku yunsu'lli shiwilukla, nanpikerlli shiwiluwawalupa'.",fidel_lomas,P00451,True
U02542,G02311,Ahí toda esta enfermedad sa’la’ va a desaparecer” les dijo.,Nanek iñer asu’ sa’la’ apu’tetchun” itudekllima.,ahí toda esta enfermedad sa'la' va a desaparecer les dijo.,nanek iñer asu' sa'la' apu'tetchun itudekllima.,pdf_textos,P00291,True
U02745,G02514,"las cuencas de las quebradas se secaron,","enpinantek’unta’llina’ dekshadeklusa’,","las cuencas de las quebradas se secaron,","enpinantek'unta'llina' dekshadeklusa',",pdf_textos,P00494,True
U03504,G03261,la niña no espera con tranquilidad.,NANA' WILA KU'APER KU'LA WA'TENCHI'ÑI MUSICLANLEK',la niña no espera con tranquilidad.,nana' wila ku'aper ku'la wa'tenchi'ñi musiclanlek',flashcards_oraciones,P00297,False
U04407,G04142,Ahí no se hubiese enfermado nuestra lengua shiwilu.,Nanek kaluwi’wi’nsu’ shiwilu la’la’mapu’wa’.,ahí no se hubiese enfermado nuestra lengua shiwilu.,nanek kaluwi'wi'nsu' shiwilu la'la'mapu'wa'.,fidel_lomas,P00531,True
U00453,G00365,¿Qué hay?,¿MA'NEN ÑAPALLI?,¿qué hay?,¿ma'nen ñapalli?,flashcards2,P00453,False
U01721,G01518,Me divorcié.,YANPU'LEK,me divorcié.,yanpu'lek,flashcards2,P01721,False
U01537,G01343,Cancelaron.,TA'ITULA'LLINA',cancelaron.,ta'itula'llina',flashcards2,P01537,False
U03428,G03191,nosotros no construimos una torre.,KUDA KU'LA NUTAPI'ÑIDEK ALA'SA' TORRE,nosotros no construimos una torre.,kuda ku'la nutapi'ñidek ala'sa' torre,flashcards_oraciones,P00221,False
U03680,G03431,Él canta en la fiesta.,NANA TULUNER'LLI PISTAK,él canta en la fiesta.,nana tuluner'lli pistak,flashcards_oraciones,P00473,False
U01364,G01183,Hazlo venir.,A'WENCHER',hazlo venir.,a'wencher',flashcards2,P01364,False
U02530,G02299,"Los niños se venían llorando y cuando regresaban, dice, The children left, crying, and on their way back,","Wilalusa’ wellek’apilenchan ima, uk’apilenchani’ma,","los niños se venían llorando y cuando regresaban, dice, the children left, crying, and on their way back,","wilalusa' wellek'apilenchan ima, uk'apilenchani'ma,",pdf_textos,P00279,True
U00165,G00119,Él prueba.,NANA LATA'LLI,él prueba.,nana lata'lli,flashcards2,P00165,False
U02597,G02366,De ahí vieron esa quebrada de Pampayacu.,Lli’llini’ma nana dekshadek asu’ Panpadek.,de ahí vieron esa quebrada de pampayacu.,lli'llini'ma nana dekshadek asu' panpadek.,pdf_textos,P00346,True
U03738,G03488,los niños no piensan en su tarea.,NANA WILALUSA KU'LA LLI'INU'PI'ÑINA' YANU'TER'KEK,los niños no piensan en su tarea.,nana wilalusa ku'la lli'inu'pi'ñina' yanu'ter'kek,flashcards_oraciones,P00531,False
U02774,G02543,dijeron los viejos finados también con pena.,tullina’ taserpiku’lusa’.,dijeron los viejos finados también con pena.,tullina' taserpiku'lusa'.,pdf_textos,P00523,True
U00139,G00096,Sea breve.,EMPU'NI YALUNTA',sea breve.,empu'ni yalunta',flashcards2,P00139,False
U03138,G02907,Bien poquito les daba de comer y les mandaba a sus casas.,"U'ñishima awerandeklli, a'panta'deklli pideknennek.",bien poquito les daba de comer y les mandaba a sus casas.,"u'ñishima awerandeklli, a'panta'deklli pideknennek.",pdf_textos,P00887,False
U03280,G03048,El espíritu del agua es fuerte.,DEKMUDA' NANTAPITEK NUKA'A,el espíritu del agua es fuerte.,dekmuda' nantapitek nuka'a,flashcards_oraciones,P00073,False
U01696,G01493,Ha cambiado.,A'PAWILEKLLI,ha cambiado.,a'pawileklli,flashcards2,P01696,False
U02608,G02377,Y los llamó (a los peces) y toda clase de peces salieron.,"Peklu’dekllima, intekdudui’su’ samellusa’ yunsu’lli.",y los llamó (a los peces) y toda clase de peces salieron.,"peklu'dekllima, intekdudui'su' samellusa' yunsu'lli.",pdf_textos,P00357,True
U03676,G03427,El jaguar caza su alimento en silencio.,AMANA' MAPENÑI WERANEN TA'TULAN',el jaguar caza su alimento en silencio.,amana' mapenñi weranen ta'tulan',flashcards_oraciones,P00469,False
U03899,G03643,"La hoja de sanango también es buena para la
hinchazón.",Piunalamek’unta’ mulli waka’ki.,la hoja de sanango también es buena para la hinchazón.,piunalamek'unta' mulli waka'ki.,fidel_lomas,P00023,True
U04105,G03842,"Llegando a la casa del Tigre le gritó: “¡Ven a comerme, tío! ¡Ven a comerme, tío!”","Ektunta’n ima Amana’ pidik lamapu’tulli “¡Ka’encha’u, apetchá! ¡Ka’encha’u apetchá!”","llegando a la casa del tigre le gritó: ¡ven a comerme, tío! ¡ven a comerme, tío!","ektunta'n ima amana' pidik lamapu'tulli ¡ka'encha'u, apetchá! ¡ka'encha'u apetchá!",fidel_lomas,P00229,True
U04145,G03882,El Carachupa volvió a pifuanear y las mujeres nuevamente volvieron a bailar felices.,Chi’lek pilenñantununta’lli. ,el carachupa volvió a pifuanear y las mujeres nuevamente volvieron a bailar felices.,chi'lek pilenñantununta'lli.,fidel_lomas,P00269,True
U00708,G00590,Puedes irte.,YENNITULA PA'A'MASU',puedes irte.,yennitula pa'a'masu',flashcards2,P00708,False
U01956,G01740,¿Puedes abrirlo?,¿YENNITULA EK'KER'CHA'MAK?,¿puedes abrirlo?,¿yennitula ek'ker'cha'mak?,flashcards2,P01956,False
U03400,G03164,yo camino muy rápido.,KUA DEKKUNTULEK ENPU'NI WIU'KSU'IPA,yo camino muy rápido.,kua dekkuntulek enpu'ni wiu'ksu'ipa,flashcards_oraciones,P00193,False
U03115,G02884,Viniendo por ahí nos están viniendo a hacer esto.,Nanalupa' uk'anna' asu' utapakellinerkenmu'wa'”.,viniendo por ahí nos están viniendo a hacer esto.,nanalupa' uk'anna' asu' utapakellinerkenmu'wa'.,pdf_textos,P00864,True
U02188,G01962,¿Qué dijo?,¿MA'TULLI?,¿qué dijo?,¿ma'tulli?,flashcards2,P02188,False
U03240,G03009,Los niños están jugando con barro.,WILALUSA' INTEKLITAPALLINA' MUMULU'LEK,los niños están jugando con barro.,wilalusa' inteklitapallina' mumulu'lek,flashcards_oraciones,P00033,False
U00833,G00704,¿Está ventoso?,¿NAKUSU' TANLUWATULLI?,¿está ventoso?,¿nakusu' tanluwatulli?,flashcards2,P00833,False
U02793,G02562,Cuando un viejo hablaba los niños no debían asomarse.,"Taserpi lunpasik, wilalusa’ kawichi’ñina’.",cuando un viejo hablaba los niños no debían asomarse.,"taserpi lunpasik, wilalusa' kawichi'ñina'.",pdf_textos,P00542,True
U03427,G03190,nosotras no construimos una casa.,KUDA KU'APERLUSA KU'LA NU'CHIÑIDEK ALA'SA' PIDEK,nosotras no construimos una casa.,kuda ku'aperlusa ku'la nu'chiñidek ala'sa' pidek,flashcards_oraciones,P00220,False
U03299,G03067,Las estrellas brillan,TANDULALUSA' UKLALA'TULLINA',las estrellas brillan,tandulalusa' uklala'tullina',flashcards_oraciones,P00092,False
U00680,G00886,Mira esto.,LLI'KER' ASU',mira esto.,lli'ker' asu',flashcards2,P00680,True
U01031,G00886,Examine esto.,LLI'KER' ASU',examine esto.,lli'ker' asu',flashcards2,P01031,True
U04183,G03919,"Al llegar a Yurimaguas yo me asusté, al ver la ciudad tan grande.",Kua ektu’mu Yurimawak imanantulek lli’amu a’llupi ñinanlu’.,"al llegar a yurimaguas yo me asusté, al ver la ciudad tan grande.",kua ektu'mu yurimawak imanantulek lli'amu a'llupi ñinanlu'.,fidel_lomas,P00307,True
U03039,G02808,"De ahí dijo un viejo ""Estos que están viajando en algún momento van a traer lo que hacen de fierro, volando va a venir” dijeron.","Nanekla tulli ali'la papinku ""Asu' pa'apalusa' enpulila keretchuna' nana wa'nakla nu'ter'kasu' pennu'pilerpachi uk'etchu” tullini'ma.","de ahí dijo un viejo estos que están viajando en algún momento van a traer lo que hacen de fierro, volando va a venir dijeron.",nanekla tulli ali'la papinku asu' pa'apalusa' enpulila keretchuna' nana wa'nakla nu'ter'kasu' pennu'pilerpachi uk'etchu tullini'ma.,pdf_textos,P00788,True
U01132,G00979,Sigue cavando.,IWA'TAPER'I'LA,sigue cavando.,iwa'taper'i'la,flashcards2,P01132,False
U02087,G01863,Sigan practicando.,TUPITUKU' INPALERIANMA',sigan practicando.,tupituku' inpalerianma',flashcards2,P02087,False
U00363,G00290,Está frío.,SANEK'APALLI,está frío.,sanek'apalli,flashcards2,P00363,False
U04526,G04235,Todas las personas mayores han comenzado por ser niños,IÑER YALLI SUSUNENLUSA' TENMIANSU'LLINA WILA ÑANNA,todas las personas mayores han comenzado por ser niños,iñer yalli susunenlusa' tenmiansu'llina wila ñanna,el_principito,P00009,False
U00614,G00506,Mamá lloró.,AWA WELLEK'LLI,mamá lloró.,awa wellek'lli,flashcards2,P00614,False
U03478,G03240,ellos escuchan a su maestro.,NAWA' LAUK'LLINA' A'LEKTUTEKNEN,ellos escuchan a su maestro.,nawa' lauk'llina' a'lektuteknen,flashcards_oraciones,P00271,False
U04243,G03979," los doctores murieron, ","lulentulusa’ chimiñina’, ","los doctores murieron,","lulentulusa' chimiñina',",fidel_lomas,P00367,True
U00301,G00236,¡Es estupendo!,¡U'CHIMUINCHI NUKA'A!,¡es estupendo!,¡u'chimuinchi nuka'a!,flashcards2,P00301,False
U01037,G00892,"Espera, Tom.",WA'TENKER' TOM,"espera, tom.",wa'tenker' tom,flashcards2,P01037,False
U03518,G03275,el niño no estudia ciencias.,NANA WILA KU'LA ÑINCHITAPI'ÑI CIENCIAS,el niño no estudia ciencias.,nana wila ku'la ñinchitapi'ñi ciencias,flashcards_oraciones,P00311,False
U01358,G01179,Aguanta.,YAN'KATEKTER',aguanta.,yan'katekter',flashcards2,P01358,False
U04325,G04060,"Siendo mayor, se casó con una señorita de nombre Teresa Acho Chota.",Susunentan sadalli ala’sa’ wilalunlek llillinen Chirisa Achu Chuta.,"siendo mayor, se casó con una señorita de nombre teresa acho chota.",susunentan sadalli ala'sa' wilalunlek llillinen chirisa achu chuta.,fidel_lomas,P00449,True
U03253,G03022,Hay PEKes en la canasta.,ÑAPALLI SAMERLUSA' LANTEKPIK,hay pekes en la canasta.,ñapalli samerlusa' lantekpik,flashcards_oraciones,P00046,False
U03748,G03497,ellas no pintan un dibujo.,NAWA' KU'LA LLINSERI'ÑINA ALA'SA' DIBUJU,ellas no pintan un dibujo.,nawa' ku'la llinseri'ñina ala'sa' dibuju,flashcards_oraciones,P00541,False
U00974,G00834,Quédatelo.,LIA'KER',quédatelo.,lia'ker',flashcards2,P00974,False
U03088,G02857,"-""Vengan, su pueblo es.","-""Wencha'ku', ñinnanlu'penma' nuka'a.","-vengan, su pueblo es.","-wencha'ku', ñinnanlu'penma' nuka'a.",pdf_textos,P00837,True
U01798,G01590,Estaba nevando.,PULUNKER'APAWIÑI,estaba nevando.,pulunker'apawiñi,flashcards2,P01798,True
U01799,G01590,Nevaba.,PULUNKER'APAWIÑI,nevaba.,pulunker'apawiñi,flashcards2,P01799,True
U01294,G01119,Está despedido.,SAKA'TUNAKLA USU'LLINA,está despedido.,saka'tunakla usu'llina,flashcards2,P01294,False
U03745,G03494,él piensa en su casa.,NANA LLI'INULLI PIDEK'NEN'KEK,él piensa en su casa.,nana lli'inulli pidek'nen'kek,flashcards_oraciones,P00538,False
U03562,G03319,yo me llamo erasmo,KUA IMPEKLUPALEK IRASHU,yo me llamo erasmo,kua impeklupalek irashu,flashcards_oraciones,P00355,False
U02747,G02516,"El paiche salió,","Unma’ yunsu’lli,","el paiche salió,","unma' yunsu'lli,",pdf_textos,P00496,True
U02711,G02480,"los lagos grandes se secaron,","shidek enñi,","los lagos grandes se secaron,","shidek enñi,",pdf_textos,P00460,False
U04339,G04074,Allá también fue a vivir muchos años.,Nanek’unta’ wapu’ ekklilala nanpikuñi.,allá también fue a vivir muchos años.,nanek'unta' wapu' ekklilala nanpikuñi.,fidel_lomas,P00463,True
U03206,G02975,Así era antes.,Nu'su' ñiwiñi napi'.,así era antes.,nu'su' ñiwiñi napi'.,pdf_textos,P00955,False
U02391,G02160,La espuma de la chicha punta se parece a la bebida que toman los wiracochas (cerveza).,Uklu’pidekdinpunen ma’lusa’ wa’danlusa’ uwerkasu’pu’lli.,la espuma de la chicha punta se parece a la bebida que toman los wiracochas (cerveza).,uklu'pidekdinpunen ma'lusa' wa'danlusa' uwerkasu'pu'lli.,pdf_textos,P00140,True
U02256,G02025,Después vivendo (solo) nuevamente mi padre encontró otra mujer.,Nanekla nanapu’si’la nanpipan tatawek ali’la ku’aper kanañi.,después vivendo (solo) nuevamente mi padre encontró otra mujer.,nanekla nanapu'si'la nanpipan tatawek ali'la ku'aper kanañi.,pdf_textos,P00005,True
U02886,G02655,No vayan a dormir mucho”.,Aner enpu’ninchi yawichi’tama’”.,no vayan a dormir mucho.,aner enpu'ninchi yawichi'tama'.,pdf_textos,P00635,True
U02520,G02289,"Ahí vino volando, bajó y le dijo (a la gente):","Nanima pennu’pilenchan, unchan itudeklli:","ahí vino volando, bajó y le dijo (a la gente):","nanima pennu'pilenchan, unchan itudeklli:",pdf_textos,P00269,True
U00225,G00173,Es suyo.,KENMAKIN NUKA'A,es suyo.,kenmakin nuka'a,flashcards2,P00225,False
U01793,G01586,¡Huele rico!,¡IYASU' LANELLIEK!,¡huele rico!,¡iyasu' lanelliek!,flashcards2,P01793,False
U02954,G02723,"Bien ardió hasta el amanecer, quedó pura ceniza.","Musui'ma ukllishin uksuketchulli, pendalu'sa' llia'lli.","bien ardió hasta el amanecer, quedó pura ceniza.","musui'ma ukllishin uksuketchulli, pendalu'sa' llia'lli.",pdf_textos,P00703,False
U04252,G03988,Primero comenzaron a vacunar a los mayores,"Nanentu tenmiansu’llina’ lulenter’ka’su’ taserpilusakla, ",primero comenzaron a vacunar a los mayores,"nanentu tenmiansu'llina' lulenter'ka'su' taserpilusakla,",fidel_lomas,P00376,True
U02620,G02389,"Dicen que ellos, los shawala, se reunieron y comentaron.","Nawi’mi’na, Shawalalusa’, indiuntunna’ luñina’.","dicen que ellos, los shawala, se reunieron y comentaron.","nawi'mi'na, shawalalusa', indiuntunna' luñina'.",pdf_textos,P00369,True
U03764,G03515,ellas no recuerdan su nombre.,NAWA'KU'LA LLI'INUTAPI'ÑINA LLILLINEN,ellas no recuerdan su nombre.,nawa'ku'la lli'inutapi'ñina llillinen,flashcards_oraciones,P00557,True
U03767,G03515,ellos no recuerdan su nombre.,NAWA'KU'LA LLI'INUTAPI'ÑINA LLILLINEN,ellos no recuerdan su nombre.,nawa'ku'la lli'inutapi'ñina llillinen,flashcards_oraciones,P00560,True
U04028,G03765,"Aunque le había cosquilleado, ella no se rió.","Shikillikwiñi, nani’na yameri’ñi.","aunque le había cosquilleado, ella no se rió.","shikillikwiñi, nani'na yameri'ñi.",fidel_lomas,P00152,True
U01356,G01177,Dame algunos.,ENKA'U NU'UNTA'LUSA',dame algunos.,enka'u nu'unta'lusa',flashcards2,P01356,False
U00213,G00161,Estoy limpio.,PEKUIPI ÑAPALEK,estoy limpio.,pekuipi ñapalek,flashcards2,P00213,False
U03058,G02827,"Malallina solita, en el día y en la noche, elaboró su masato llenando toda su casa (con la bebida), 9 Malallina es la adaptación del nombre español Magdalena. En esta traducción hemos optado por mantener la forma shiwilu Malallina.","Malallineima ñañashasa', ukllilek dekpilli'lek, uklulu' nu'ta'n, iñer pideknen a'muetchan,","malallina solita, en el día y en la noche, elaboró su masato llenando toda su casa (con la bebida), 9 malallina es la adaptación del nombre español magdalena. en esta traducción hemos optado por mantener la forma shiwilu malallina.","malallineima ñañashasa', ukllilek dekpilli'lek, uklulu' nu'ta'n, iñer pideknen a'muetchan,",pdf_textos,P00807,True
U03391,G03155,los niños caminan muy rápido.,WILALUSA DEKKUNTULLINA' NAKUSU' WIU'KSU',los niños caminan muy rápido.,wilalusa dekkuntullina' nakusu' wiu'ksu',flashcards_oraciones,P00184,False
U01579,G01384,Sobreviviremos.,CHIMINLLINKEKLA NANPITERWA',sobreviviremos.,chiminllinkekla nanpiterwa',flashcards2,P01579,False
U04309,G04045,"ellos todos los días estando de paso, van dejando (el covid-19) y se van.",nawa’ iñer’ ukllilusa’ nakupilanna’ akui’lanna’ pa’llina’.,"ellos todos los días estando de paso, van dejando (el covid-19) y se van.",nawa' iñer' ukllilusa' nakupilanna' akui'lanna' pa'llina'.,fidel_lomas,P00433,True
U03430,G03193,tú construyes un puente.,KENMA NU'TULA ALA'SA' PENTUNAN,tú construyes un puente.,kenma nu'tula ala'sa' pentunan,flashcards_oraciones,P00223,False
U03007,G02776,"Diez años, catorce, quince, como mujeres (de los españoles) se fueron. A todas las fueron a vender.","Shunka' ekkilala, shunka' ínkatu', shunka' alei'teklun ku'apellusa'pu'su' pa'llina'. Iñer uku'latukun.","diez años, catorce, quince, como mujeres (de los españoles) se fueron. a todas las fueron a vender.","shunka' ekkilala, shunka' ínkatu', shunka' alei'teklun ku'apellusa'pu'su' pa'llina'. iñer uku'latukun.",pdf_textos,P00756,True
U00650,G00538,Tomás bailó.,CHUMA LANSA'LLI,tomás bailó.,chuma lansa'lli,flashcards2,P00650,False
U03872,G03616,yo no vivo en el campo.,KUA KU'LA NANPI'PINEK MENMIK,yo no vivo en el campo.,kua ku'la nanpi'pinek menmik,flashcards_oraciones,P00665,False
U03325,G03092,él abre la puerta.,NANA' EK'KER'CHULLI UNKUNAN,él abre la puerta.,nana' ek'ker'chulli unkunan,flashcards_oraciones,P00118,False
U00641,G00530,Lo intentaron.,INDEK'LLINA',lo intentaron.,indek'llina',flashcards2,P00641,False
U01153,G01000,"Continúa, Tom.","TUPITER', TOM","continúa, tom.","tupiter', tom",flashcards2,P01153,True
U01154,G01000,"Prosigue, Tom.","TUPITER', TOM","prosigue, tom.","tupiter', tom",flashcards2,P01154,True
U02519,G02288,Este era asistente del gobernante.,Nana wa’an wala’wanen.,este era asistente del gobernante.,nana wa'an wala'wanen.,pdf_textos,P00268,True
U01876,G01664,Tom entendió.,TOM LACHEK'LLI,tom entendió.,tom lachek'lli,flashcards2,P01876,False
U02048,G01825,Estoy avergonzado.,ÑAPALEK DAKUTA'SU',estoy avergonzado.,ñapalek dakuta'su',flashcards2,P02048,False
U01176,G01018,Concéntrate.,LLI'KER' MUSU',concéntrate.,lli'ker' musu',flashcards2,P01176,False
U02456,G02225,no como antes que bebía bastante.,ñi napi’pu’su’ kupin uwapawinek.,no como antes que bebía bastante.,ñi napi'pu'su' kupin uwapawinek.,pdf_textos,P00205,True
U02663,G02432,"Afuera dormía la gente, en el patio exterior”.","Adipi wichi’llina’, inyulatekkek”.","afuera dormía la gente, en el patio exterior.","adipi wichi'llina', inyulatekkek.",pdf_textos,P00412,True
U02461,G02230,"Sus piernitas eran muy flaquitas, piernas chuecas,","U’ñikuchu’chekshalima, kunsek kutu’,","sus piernitas eran muy flaquitas, piernas chuecas,","u'ñikuchu'chekshalima, kunsek kutu',",pdf_textos,P00210,True
U00910,G00774,Tom decidió.,TOM WADUÑI,tom decidió.,tom waduñi,flashcards2,P00910,False
U03397,G03161,ustedes caminan con su familia.,KENMAMA' DEKKUNTULAMA PATUNENLEK',ustedes caminan con su familia.,kenmama' dekkuntulama patunenlek',flashcards_oraciones,P00190,False
U04388,G04123,Así era Meneleo cuando vivía.,Nu’su’ ñiwiñi Miñiku nanpiapan. ,así era meneleo cuando vivía.,nu'su' ñiwiñi miñiku nanpiapan.,fidel_lomas,P00512,True
U00814,G00686,Estoy bailando.,LANSA'PALEK,estoy bailando.,lansa'palek,flashcards2,P00814,False
U04170,G03906,Yo conocí Yurimaguas cuando era adolescente.,Kua luwerchulek Yurimawa’ nadi’nek wawaku ñamu.,yo conocí yurimaguas cuando era adolescente.,kua luwerchulek yurimawa' nadi'nek wawaku ñamu.,fidel_lomas,P00294,True
U01422,G01236,Quiero comer.,YAWERANNEK,quiero comer.,yawerannek,flashcards2,P01422,False
U03587,G03342,ellos leen una revista.,NAWA' LUNTULLINA' ALASA' KERKA',ellos leen una revista.,nawa' luntullina' alasa' kerka',flashcards_oraciones,P00380,False
U04266,G04002,"Me he sanado tomando ivermectina, ","A’padiperllek uwamu ivermectina, ","me he sanado tomando ivermectina,","a'padiperllek uwamu ivermectina,",fidel_lomas,P00390,True
U00527,G00433,Le ayudo.,KATU'PALEK,le ayudo.,katu'palek,flashcards2,P00527,False
U02835,G02604,"“Vamos a conocer a otro tipo de gente nosotros también,","“Enchuku’ nermuda’ luwetchawa’ kenmu’wa’nta’,","vamos a conocer a otro tipo de gente nosotros también,","enchuku' nermuda' luwetchawa' kenmu'wa'nta',",pdf_textos,P00584,True
U03158,G02927,Ahí se fueron a vivir los Laulates12.,Nanek ima ñikuñi Laweklateklusa'.,ahí se fueron a vivir los laulates12.,nanek ima ñikuñi laweklateklusa'.,pdf_textos,P00907,False
U02442,G02211,"Ellas son doscitas, dos hijas mujeres.","Nawa’ katu’shadaper, katu’ta’ ku’aperwawalusa’.","ellas son doscitas, dos hijas mujeres.","nawa' katu'shadaper, katu'ta' ku'aperwawalusa'.",pdf_textos,P00191,True
U03537,G03294,el niño habla en la escuela.,NANA WILLA LUNPA'LLI ÑINCHITUNAPIDEK'KEK,el niño habla en la escuela.,nana willa lunpa'lli ñinchitunapidek'kek,flashcards_oraciones,P00330,False
U00555,G00456,Soy gemelo.,INSILANPI NUKA'KA,soy gemelo.,insilanpi nuka'ka,flashcards2,P00555,False
U03645,G03397,las niñas odian la oscuridad.,NANA WILA KU'APERLUSA' LUYULLINA' KASISERLU',las niñas odian la oscuridad.,nana wila ku'aperlusa' luyullina' kasiserlu',flashcards_oraciones,P00438,False
U00920,G00784,Apágalo.,A'TASHUNKER',apágalo.,a'tashunker',flashcards2,P00920,False
U02407,G02176,Ellos ahora ven por mí.,Nawa’ ipa’la lli’apallinerku.,ellos ahora ven por mí.,nawa' ipa'la lli'apallinerku.,pdf_textos,P00156,True
U01208,G01043,Se fueron.,PA'LLINA',se fueron.,pa'llina',flashcards2,P01208,False
U01139,G00986,Continuá hablando.,LUN'APER'I'LA,continuá hablando.,lun'aper'i'la,flashcards2,P01139,False
U02915,G02684,Más bien propongan otro grupo!,A’pimuchun ali’la musun dunkerku’!,más bien propongan otro grupo!,a'pimuchun ali'la musun dunkerku'!,pdf_textos,P00664,True
U00403,G00323,Decí hola.,MA'PU'SIN TUKER',decí hola.,ma'pu'sin tuker',flashcards2,P00403,False
U00362,G00289,Hace frío.,SANEK'WAÑI,hace frío.,sanek'wañi,flashcards2,P00362,False
U02685,G02454,Arriba en el cielo dice estaban dando vueltas.,Musenkek kekkilu’tek ima kunekchapallina’.,arriba en el cielo dice estaban dando vueltas.,musenkek kekkilu'tek ima kunekchapallina'.,pdf_textos,P00434,True
U00166,G00120,Ayúdalo.,KATU'PER',ayúdalo.,katu'per',flashcards2,P00166,False
U00835,G00706,¿Es todo?,¿IÑER'A'CHA?,¿es todo?,¿iñer'a'cha?,flashcards2,P00835,False
U01421,G01235,Quiero morir.,YACHIMINEK,quiero morir.,yachiminek,flashcards2,P01421,False
U03608,G03362,las niñas limpian la mesa.,NANA WILA KUAPERLUSA PEKKUI'LLINA' MISA',las niñas limpian la mesa.,nana wila kuaperlusa pekkui'llina' misa',flashcards_oraciones,P00401,False
U00488,G00397,No pares.,YATAITULA'TA,no pares.,yataitula'ta,flashcards2,P00488,False
U01861,G01649,Estaban muertos.,ÑAPAWIÑINA' CHIMIPI,estaban muertos.,ñapawiñina' chimipi,flashcards2,P01861,False
U01740,G01536,Hablo francés.,LUMPALEK FRANCES,hablo francés.,lumpalek frances,flashcards2,P01740,False
U03416,G03179,ustedes no cierran el libro.,KENMAMA' KU'LA UNKUI'NAMA' NANA KERKA',ustedes no cierran el libro.,kenmama' ku'la unkui'nama' nana kerka',flashcards_oraciones,P00209,False
U02988,G02757,Ya no hilaban porque habían visto las telas (en Moyobamba).,Pitetchi’ñina’ ipa' nana kapiña’su’ lli’anna’.,ya no hilaban porque habían visto las telas (en moyobamba).,pitetchi'ñina' ipa' nana kapiña'su' lli'anna'.,pdf_textos,P00737,True
U02243,G02012,Ama cantar.,TANTENÑI TULUKER'AK,ama cantar.,tantenñi tuluker'ak,flashcards2,P02243,False
U03174,G02943,"Allí, dice, a Manuel, Daniel, Policarpo, Pánfilo, después Francisco, después, este, Pancho, después había Fidel, los puso en fila.","Nanek ima Mañer, Dañer, Pullikariu ma'i Panfilo, nanek ima Ransisko, nanek ima asu', ma'i, asu' Pancho, nanek ima ñilli asu' Pidir aku'llima da'kanchineksu'.","allí, dice, a manuel, daniel, policarpo, pánfilo, después francisco, después, este, pancho, después había fidel, los puso en fila.","nanek ima mañer, dañer, pullikariu ma'i panfilo, nanek ima ransisko, nanek ima asu', ma'i, asu' pancho, nanek ima ñilli asu' pidir aku'llima da'kanchineksu'.",pdf_textos,P00923,True
U00582,G00480,¿Es este?,¿ASU' A'CHA?,¿es este?,¿asu' a'cha?,flashcards2,P00582,False
U02052,G01829,Voy saliendo.,YUNSU'PILALEK,voy saliendo.,yunsu'pilalek,flashcards2,P02052,False
U00681,G00887,Miren esto.,LLI'KU' ASU',miren esto.,lli'ku' asu',flashcards2,P00681,True
U01032,G00887,Examinen esto.,LLI'KU' ASU',examinen esto.,lli'ku' asu',flashcards2,P01032,True
U03794,G03541,yo no subo a la montaña.,KUA KU'LA CHINTEK'INEK MUTUPIK,yo no subo a la montaña.,kua ku'la chintek'inek mutupik,flashcards_oraciones,P00587,False
U00887,G00753,Actúa.,NU'TER',actúa.,nu'ter',flashcards2,P00887,False
U03209,G02978,La mujer canta una canción.,KU' APER TULU'NER'LLI ALA'SA' TULU'NER',la mujer canta una canción.,ku' aper tulu'ner'lli ala'sa' tulu'ner',flashcards_oraciones,P00002,False
U00461,G00373,¿Estás bien?,¿MUPALAN'CHA?,¿estás bien?,¿mupalan'cha?,flashcards2,P00461,False
U04382,G04117,En la boca del Huachiyacu hemos comido palometa ahumada y lisa ahumada.,"Namu’dek chinpeñak werañidek ter’ek chinpi, nerkala chinpilek.",en la boca del huachiyacu hemos comido palometa ahumada y lisa ahumada.,"namu'dek chinpeñak werañidek ter'ek chinpi, nerkala chinpilek.",fidel_lomas,P00506,True
U03836,G03581,ella viaja al campo.,NANA PALLI' MENMIK,ella viaja al campo.,nana palli' menmik,flashcards_oraciones,P00629,False
U00252,G00195,Ellos ganaron.,NAWA' KANA'TULLINA',ellos ganaron.,nawa' kana'tullina',flashcards2,P00252,False
U01297,G01122,Estás mintiendo.,TUMU'PALA,estás mintiendo.,tumu'pala,flashcards2,P01297,False
U00791,G00664,Necesito esto.,LUWANTULEK ASU',necesito esto.,luwantulek asu',flashcards2,P00791,False
U03008,G02777,"Una vez que las vendían, (los hermanos) se escondían y las abandonaban, se venían (a Jeberos) dejándolas.","Uku'latudek'anna', insekkilapidek'anna', uk'lapincha'dekllina' nana.","una vez que las vendían, (los hermanos) se escondían y las abandonaban, se venían (a jeberos) dejándolas.","uku'latudek'anna', insekkilapidek'anna', uk'lapincha'dekllina' nana.",pdf_textos,P00757,True
U01806,G01597,Está vibrando.,PADA'SA'TAPALLI,está vibrando.,pada'sa'tapalli,flashcards2,P01806,False
U00603,G00496,Besémonos.,INMUSHA'WA',besémonos.,inmusha'wa',flashcards2,P00603,False
U02084,G01860,Siempre ríe.,NERPI'PU' YAMER'KER,siempre ríe.,nerpi'pu' yamer'ker,flashcards2,P02084,False
U01410,G01225,Te mentí.,TUMU'TULLIEN,te mentí.,tumu'tullien,flashcards2,P01410,False
U00253,G00196,Tom vino.,TOM UK'LLI,tom vino.,tom uk'lli,flashcards2,P00253,False
U03546,G03303,ellos hablan en la escuela.,NAWA' LUNPALLINA' ÑINCHITUNAN'PIDEK'KEK,ellos hablan en la escuela.,nawa' lunpallina' ñinchitunan'pidek'kek,flashcards_oraciones,P00339,False
U03966,G03710,"Ahí se come los sembríos, hojas de plátano, hojas de yuca, piña.","Nanek ka’lli ter’a’lusa’, tankumek, ker’mek, senpa.","ahí se come los sembríos, hojas de plátano, hojas de yuca, piña.","nanek ka'lli ter'a'lusa', tankumek, ker'mek, senpa.",fidel_lomas,P00090,True
U02343,G02112,Cuando amanece entonces se lava (la yuca) y se la pone en una olla.,"Ukllinantusik ipa’linchi pamu’lek, a’du’lek uktak.",cuando amanece entonces se lava (la yuca) y se la pone en una olla.,"ukllinantusik ipa'linchi pamu'lek, a'du'lek uktak.",pdf_textos,P00092,True
U00125,G00085,Bienvenidos.,MUWENCHA'KU',bienvenidos.,muwencha'ku',flashcards2,P00125,True
U00126,G00085,Bienvenidas.,MUWENCHA'KU',bienvenidas.,muwencha'ku',flashcards2,P00126,True
U02041,G01819,Estaré esperando.,WA'TENTAPECHEK,estaré esperando.,wa'tentapechek,flashcards2,P02041,False
U01957,G01741,¿Puedes mostrarme?,¿YENNITULA A'LLI'A'MUK?,¿puedes mostrarme?,¿yennitula a'lli'a'muk?,flashcards2,P01957,False
U00386,G00310,Déjanos entrar.,TA'ITULA'UDEK YADA'LLIDEK,déjanos entrar.,ta'itula'udek yada'llidek,flashcards2,P00386,False
U02264,G02033,Al convivir salí embarazada.,Nanpiapamu wilawanek.,al convivir salí embarazada.,nanpiapamu wilawanek.,pdf_textos,P00013,False
U02250,G02019,Me engripé.,ILU ENKA'LLIU,me engripé.,ilu enka'lliu,flashcards2,P02250,False
U03301,G03069,Comimos contigo al anochecer.,WERANEK KENMALEK KASISER'APILASIK,comimos contigo al anochecer.,weranek kenmalek kasiser'apilasik,flashcards_oraciones,P00094,False
U00779,G00652,Tengo tiempo.,MANENNU'TAPI'NEK,tengo tiempo.,manennu'tapi'nek,flashcards2,P00779,False
U02418,G02187,"“Sí, aquí estoy, hermana. Ven a visitarme”.","- “Ajá, ñapalek, ñañá. Uker lli’ker’ú”.","sí, aquí estoy, hermana. ven a visitarme.","- ajá, ñapalek, ñañá. uker lli'ker'ú.",pdf_textos,P00167,True
U03633,G03386,nosotros no nadamos en el río.,KUDA KU'LA' IDUNPI'ÑIDEK KUPINDEK'SHADEK'KEK,nosotros no nadamos en el río.,kuda ku'la' idunpi'ñidek kupindek'shadek'kek,flashcards_oraciones,P00426,False
U00050,G00039,Lo procuramos.,TEKLE'RIER'CHIDEK,lo procuramos.,tekle'rier'chidek,flashcards2,P00050,False
U00706,G00588,¿Llamaste?,¿PEKLU'TULA?,¿llamaste?,¿peklu'tula?,flashcards2,P00706,False
U03963,G03707,No duerme en un hueco.,Lallik wicha’pi’ñi.,no duerme en un hueco.,lallik wicha'pi'ñi.,fidel_lomas,P00087,True
U00191,G00142,Está calmando. (dolor),LATADA'PILALLI,está calmando. (dolor),latada'pilalli,flashcards2,P00191,True
U00420,G00336,Quedate acá.,ASEK LIA'KER',quedate acá.,asek lia'ker',flashcards2,P00420,False
U00766,G00640,Estoy jodiendo.,A'PERCHAPALEK,estoy jodiendo.,a'perchapalek,flashcards2,P00766,False
U02956,G02725,"Dice que de madrugada, al levantarse, venteó la ceniza con abanico y de ahí salieron zancudos, tábanos, tabanillos negros, toda clase de insectos que no valen.","Nanek ima dasu'la yunsa’n a’uluntulli, tekkinchima nanekla yunkelli iyun, tunka, etchu, dudinpu’ lli’la muinpu’a’su’.","dice que de madrugada, al levantarse, venteó la ceniza con abanico y de ahí salieron zancudos, tábanos, tabanillos negros, toda clase de insectos que no valen.","nanek ima dasu'la yunsa'n a'uluntulli, tekkinchima nanekla yunkelli iyun, tunka, etchu, dudinpu' lli'la muinpu'a'su'.",pdf_textos,P00705,True
U04134,G03871,El Carachupa corrió rápidamente donde las mujeres y les dijo: ,Chi’lek wiuksu’ tekka’nta’lli shaya’lusak. Itudeklli: ,el carachupa corrió rápidamente donde las mujeres y les dijo:,chi'lek wiuksu' tekka'nta'lli shaya'lusak. itudeklli:,fidel_lomas,P00258,True
U00884,G00750,¡Quédate quieto!,¡LIA'KER' YALENMEKTA!,¡quédate quieto!,¡lia'ker' yalenmekta!,flashcards2,P00884,False
U03619,G03373,el niño nada con sus amigos.,NANA WILA IDUÑI EKKUANENLUSA'LEK,el niño nada con sus amigos.,nana wila iduñi ekkuanenlusa'lek,flashcards_oraciones,P00412,False
U02557,G02326,Los carbones de los árboles se quemaron bien hasta convertirse en ceniza”.,"Nala pendakilanenlusa’ musu’ ukpendalu’tek walek ima uketlli”,",los carbones de los árboles se quemaron bien hasta convertirse en ceniza.,"nala pendakilanenlusa' musu' ukpendalu'tek walek ima uketlli,",pdf_textos,P00306,True
U01461,G01273,Estoy satisfecho.,ÑAPALEK SAKEKSU',estoy satisfecho.,ñapalek sakeksu',flashcards2,P01461,False
U01064,G00917,Me corto.,INDEI'TECHEK,me corto.,indei'techek,flashcards2,P01064,False
U02917,G02686,Esa fiera les comió a todos” dijo eso y (el gobernador) hizo que se preparen y les aconsejaron:,"Nana anaka’ler pekdadeklli” tan ima a’insekdiperdeklli, musu pilendek’anna’:",esa fiera les comió a todos dijo eso y (el gobernador) hizo que se preparen y les aconsejaron:,"nana anaka'ler pekdadeklli tan ima a'insekdiperdeklli, musu pilendek'anna':",pdf_textos,P00666,True
U02957,G02726,"Algunos percibieron la ceniza que volaba. Dicen que de ahí se originó la lombriz, el iluli, toda clase de enfermedades que hay en nuestro estómago, dijeron.","Nu’unta’ ima lanpi’tasu’ nana pendalu’ penlu’pasu’. Nanekla ima ñilli kuwer’, tuner, dudinpu’ kaluwi’ ñilli merpimapu’wek tullina’.","algunos percibieron la ceniza que volaba. dicen que de ahí se originó la lombriz, el iluli, toda clase de enfermedades que hay en nuestro estómago, dijeron.","nu'unta' ima lanpi'tasu' nana pendalu' penlu'pasu'. nanekla ima ñilli kuwer', tuner, dudinpu' kaluwi' ñilli merpimapu'wek tullina'.",pdf_textos,P00706,True
U00805,G00677,Esperaré.,WA'TENTECHEK,esperaré.,wa'tentechek,flashcards2,P00805,False
U01531,G01338,¡Qué listo!,¡DAKUTI'ÑI!,¡qué listo!,¡dakuti'ñi!,flashcards2,P01531,False
U00907,G00772,Tom cambió.,TOM A'PAWILLEK'LLI,tom cambió.,tom a'pawillek'lli,flashcards2,P00907,True
U00908,G00772,Tom varió.,TOM A'PAWILLEK'LLI,tom varió.,tom a'pawillek'lli,flashcards2,P00908,True
U00040,G00034,Escucharon.,LAU'TULLINA',escucharon.,lau'tullina',flashcards2,P00040,False
U03851,G03596,nosotros viajamos al campo.,KUDA PA'LLIDEK MENMIK,nosotros viajamos al campo.,kuda pa'llidek menmik,flashcards_oraciones,P00644,False
U03225,G02994,Voy a pescar con papá.,PUR'KUNCHEK  TATALEK,voy a pescar con papá.,pur'kunchek tatalek,flashcards_oraciones,P00018,False
U01207,G01042,Son rápidos.,WIUKSU'LUSA' NUKER'KA,son rápidos.,wiuksu'lusa' nuker'ka,flashcards2,P01207,False
U03667,G03418,Mi mamá cocina plátano,AWAUK AKUSULLI TANGU,mi mamá cocina plátano,awauk akusulli tangu,flashcards_oraciones,P00460,False
U01264,G01093,¿Acaso vivirá?,¿NANPICHUA'CHA?,¿acaso vivirá?,¿nanpichua'cha?,flashcards2,P01264,False
U00472,G00383,Comprueba esto.,TEKLERIER' ASU',comprueba esto.,teklerier' asu',flashcards2,P00472,False
U03051,G02820,"Meses a veces lloraban, tomándose de las manos, besándose las manos, por todas esas cosas lloraban.","Duker nerpi’pu' wellekllina', inpilli'iteklatanna', inmusha'iteklanna', nanadaper malek wellekllina'.","meses a veces lloraban, tomándose de las manos, besándose las manos, por todas esas cosas lloraban.","duker nerpi'pu' wellekllina', inpilli'iteklatanna', inmusha'iteklanna', nanadaper malek wellekllina'.",pdf_textos,P00800,True
U02075,G01852,¡Es increíble!,¡LATEK'INBU' NUKA'A!,¡es increíble!,¡latek'inbu' nuka'a!,flashcards2,P02075,False
U01361,G01181,Agárrate fuerte.,PILI'KER' IKERSU',agárrate fuerte.,pili'ker' ikersu',flashcards2,P01361,False
U03185,G02954,"Diciendo así, desde entonces, nosotros ahora estos nombres estamos llevando.","Tusu'si'ma, naneklima, kenmu'wa' ipa'la nana llillin ekpa'palekwa'.","diciendo así, desde entonces, nosotros ahora estos nombres estamos llevando.","tusu'si'ma, naneklima, kenmu'wa' ipa'la nana llillin ekpa'palekwa'.",pdf_textos,P00934,False
U00089,G00058,Lo intenté.,TEKLE'RILEK',lo intenté.,tekle'rilek',flashcards2,P00089,False
U01490,G01301,Solo levántate.,KENMASA' YUNSANKER',solo levántate.,kenmasa' yunsanker',flashcards2,P01490,False
U04096,G03833,"“A ver, yo también quiero soplar”, le dijo.","“Enta’n kuanta’ yapenñek,” itullima.","a ver, yo también quiero soplar, le dijo.","enta'n kuanta' yapenñek, itullima.",fidel_lomas,P00220,True
U02303,G02072,Yo tengo la culpa de no haberles enseñado a mis hijos.,kua usha’wanek a’lek’inpu’dek’amu wilaweklusa’.,yo tengo la culpa de no haberles enseñado a mis hijos.,kua usha'wanek a'lek'inpu'dek'amu wilaweklusa'.,pdf_textos,P00052,True
U00820,G00691,Estoy casado.,ÑAPALEK SADASU',estoy casado.,ñapalek sadasu',flashcards2,P00820,False
U01218,G01052,Tom escuchó.,TOM LAUK'TULLI,tom escuchó.,tom lauk'tulli,flashcards2,P01218,False
U04159,G03895,"De ahí, fue a traer un voltijo de ají.",Nanekla makuñi nuka’ ala’ pu’pi.,"de ahí, fue a traer un voltijo de ají.",nanekla makuñi nuka' ala' pu'pi.,fidel_lomas,P00283,True
U02356,G02125,Luego se pone en la boca.,Ipa’linchi katennek.,luego se pone en la boca.,ipa'linchi katennek.,pdf_textos,P00105,True
U00274,G00216,¿Quién vino?,¿DEN UK'LLI?,¿quién vino?,¿den uk'lli?,flashcards2,P00274,False
U02702,G02471,Conforme iba riéndose se iba sumergiendo.,Yamer’apila’su’pi’la dankumer’apilalli.,conforme iba riéndose se iba sumergiendo.,yamer'apila'su'pi'la dankumer'apilalli.,pdf_textos,P00451,True
U03605,G03359,la niña no limpia la mesa.,NANA WILA KUAPER KU'LA PEKKUI'IÑI MISA',la niña no limpia la mesa.,nana wila kuaper ku'la pekkui'iñi misa',flashcards_oraciones,P00398,False
U04226,G03962,Allá sí que después de la lluvia no se forma barro,"Nanek a’ka’ u’lan ma’ta’ lli’i’nek mumulu’,",allá sí que después de la lluvia no se forma barro,"nanek a'ka' u'lan ma'ta' lli'i'nek mumulu',",fidel_lomas,P00350,True
U02273,G02042,Una hija mujer me está sirviendo.,Ala’sa’ ku’aperwawa luwektapallun.,una hija mujer me está sirviendo.,ala'sa' ku'aperwawa luwektapallun.,pdf_textos,P00022,True
U00775,G00648,Tenía frío.,SANEK'WANTUWINEK,tenía frío.,sanek'wantuwinek,flashcards2,P00775,False
U01376,G01195,Espera allí.,WA'TENDER' NANEK,espera allí.,wa'tender' nanek,flashcards2,P01376,False
U01007,G00864,¿Pueden andar?,¿YENNITULAMA' DEKKUNTA'MAMAK?,¿pueden andar?,¿yennitulama' dekkunta'mamak?,flashcards2,P01007,False
U04335,G04070,"el hermano Fernando Lachuma Cachique, ","yalli’sha Nantu Lachuma Kachiki, ","el hermano fernando lachuma cachique,","yalli'sha nantu lachuma kachiki,",fidel_lomas,P00459,True
U02275,G02044,Así ellos me acompañan.,Nu’anna’ nawa’ eknanpipallinerku.,así ellos me acompañan.,nu'anna' nawa' eknanpipallinerku.,pdf_textos,P00024,True
U03360,G03127,ella baja al río.,NANA NU'WAÑI KUPIN'DEK'SHADIK,ella baja al río.,nana nu'wañi kupin'dek'shadik,flashcards_oraciones,P00153,False
U03444,G03207,las niñas corren por las mañanas.,WILA KU'APERLUSA TEKA'LLINA DASU'LALUSA',las niñas corren por las mañanas.,wila ku'aperlusa teka'llina dasu'lalusa',flashcards_oraciones,P00237,False
U01768,G01562,Soy principiante.,TENMIANSU'PALEK,soy principiante.,tenmiansu'palek,flashcards2,P01768,False
U01599,G01404,¿Qué ocurrió?,¿MA'NEN'A'CHA NAKULLI?,¿qué ocurrió?,¿ma'nen'a'cha nakulli?,flashcards2,P01599,False
U04363,G04098,Llegamos a Pandishal y ahí desayunamos.,"Ektu’llidek Petchulalu’, nanek werañidek.",llegamos a pandishal y ahí desayunamos.,"ektu'llidek petchulalu', nanek werañidek.",fidel_lomas,P00487,True
U02051,G01828,Solo bromeo.,SI'LENTAPALEKSA',solo bromeo.,si'lentapaleksa',flashcards2,P02051,False
U01606,G01411,¿Ella vendrá?,¿NANA WENCHE'CHU?,¿ella vendrá?,¿nana wenche'chu?,flashcards2,P01606,False
U04072,G03809,"“¿Por qué será que se ríen de mí, caramba?” preguntó la Motelo.",“¿Ma’malek a’ta’ lumerllinerku ten?” tulli Madu.,"¿por qué será que se ríen de mí, caramba? preguntó la motelo.",¿ma'malek a'ta' lumerllinerku ten? tulli madu.,fidel_lomas,P00196,True
U02743,G02512,Entonces dicen que Arákayu icaró (con su saber) desde allí a los riachuelos que tenían peces.,Ipa’linchi Arakayu ima pekkutulli naneklanek dekshadeklusa’ samerwa’nsu’.,entonces dicen que arákayu icaró (con su saber) desde allí a los riachuelos que tenían peces.,ipa'linchi arakayu ima pekkutulli naneklanek dekshadeklusa' samerwa'nsu'.,pdf_textos,P00492,True
U03888,G03632,En Jeberos tenemos manantiales.,Dek yunsu’a’su’ lupa’ kineklalan a’ñapallidek Shiwiluk.,en jeberos tenemos manantiales.,dek yunsu'a'su' lupa' kineklalan a'ñapallidek shiwiluk.,fidel_lomas,P00012,True
U03473,G03235,tú escribes una historia.,KENMA LLINSERCHULA ALA'SA' NANPIER'KASU',tú escribes una historia.,kenma llinserchula ala'sa' nanpier'kasu',flashcards_oraciones,P00266,False
U00030,G00025,Mentí.,TUMU'LEK,mentí.,tumu'lek,flashcards2,P00030,False
U03332,G03099,ellos aman a su familia.,NAWA' TANTENÑINA' PATUN'NENLUSA,ellos aman a su familia.,nawa' tantenñina' patun'nenlusa,flashcards_oraciones,P00125,False
U02575,G02344,Cuando contaban yo también a los abuelos ya finados les he escuchado.,"Ta’ser kuanta’ papinkuku’lusa’ laukdeklek, wilakuñamu,",cuando contaban yo también a los abuelos ya finados les he escuchado.,"ta'ser kuanta' papinkuku'lusa' laukdeklek, wilakuñamu,",pdf_textos,P00324,True
U00784,G00657,Vivo aquí.,ASEK NANPIPALEK,vivo aquí.,asek nanpipalek,flashcards2,P00784,False
U02546,G02315,De veras corrieron ellos hasta que se cansaron.,Tekkinchi tekka’llini’ma nawa’ saka’terkek walek.,de veras corrieron ellos hasta que se cansaron.,tekkinchi tekka'llini'ma nawa' saka'terkek walek.,pdf_textos,P00295,True
U01680,G01479,¿Te gusto?,¿IYATULUN?,¿te gusto?,¿iyatulun?,flashcards2,P01680,False
U03974,G03718,Ahí acuden muchas sachavacas.,Nanek wapu’ panwalalusa’ pa’apallina’.,ahí acuden muchas sachavacas.,nanek wapu' panwalalusa' pa'apallina'.,fidel_lomas,P00098,True
U04528,G04237,"Cuando tenía apenas seis años, habiendo sólo aprendido a dibujar las boas cerradas y las boas abiertas.",SUCTA EKILALASA AÑAMU KUPIVANLUSA KERPILUSA UNKUPILUSA,"cuando tenía apenas seis años, habiendo sólo aprendido a dibujar las boas cerradas y las boas abiertas.",sucta ekilalasa añamu kupivanlusa kerpilusa unkupilusa,el_principito,P00011,False
U00655,G00542,Tom fracasó.,TOM APER'LLI,tom fracasó.,tom aper'lli,flashcards2,P00655,False
U00135,G00093,Pregúntale.,LEK'KER',pregúntale.,lek'ker',flashcards2,P00135,True
U00136,G00093,Pregúntales.,LEK'KER',pregúntales.,lek'ker',flashcards2,P00136,True
U02764,G02533,eso exclamó y nos maldijo este Arákayu.,tan ima pillekllenmu’wa’ asu’ Arakayu.,eso exclamó y nos maldijo este arákayu.,tan ima pillekllenmu'wa' asu' arakayu.,pdf_textos,P00513,True
U02132,G01906,Viven allá.,NANEK NANPIPALLINA',viven allá.,nanek nanpipallina',flashcards2,P02132,False
U03879,G03623,"No tiene cerros, su terreno es (plano) como el lomo de una mesa.","Mutupiwi’ñi, misa’ chi’tekpu’lli lupa’nen.","no tiene cerros, su terreno es (plano) como el lomo de una mesa.","mutupiwi'ñi, misa' chi'tekpu'lli lupa'nen.",fidel_lomas,P00003,True
U02648,G02417,todo tipo de peces.,dudinpu’ samer.,todo tipo de peces.,dudinpu' samer.,pdf_textos,P00397,True
U03706,G03457,Nosotros cazamos al amanecer.,KUDA YUNEK'LLIDEK UKLLIAPILASIK,nosotros cazamos al amanecer.,kuda yunek'llidek uklliapilasik,flashcards_oraciones,P00499,False
U03910,G03654,Ahí está esa piedra hasta el día de hoy.,Nanek ñapalli ipa’lalek nana la’pi.,ahí está esa piedra hasta el día de hoy.,nanek ñapalli ipa'lalek nana la'pi.,fidel_lomas,P00034,True
U02524,G02293,5 Se trata de un ave de malagüero. llegaron dos niños huérfanos todo cubiertos de chupos (viruela).,ektu’lli katu’ta’ wila suwilalusa’ iñer ima sa’la’ta’ser.,5 se trata de un ave de malagüero. llegaron dos niños huérfanos todo cubiertos de chupos (viruela).,ektu'lli katu'ta' wila suwilalusa' iñer ima sa'la'ta'ser.,pdf_textos,P00273,True
U03773,G03521,tú recuerdas una historia.,KENMA LLI'INUTAPALA ALA'SA' HISTURIA,tú recuerdas una historia.,kenma lli'inutapala ala'sa' histuria,flashcards_oraciones,P00566,False
U00898,G00763,Obedecieron.,LATEKTULLINA',obedecieron.,latektullina',flashcards2,P00898,False
U01877,G01665,Tom luchará.,TOM IDENMECHU,tom luchará.,tom idenmechu,flashcards2,P01877,False
U00570,G00470,¿Es alto? (estatura - masculino),¿SHIPEN A'CHA?,¿es alto? (estatura - masculino),¿shipen a'cha?,flashcards2,P00570,True
U02212,G01983,Te perderás.,WER'ECHU,te perderás.,wer'echu,flashcards2,P02212,False
U01059,G00912,Estoy lesionado.,ÑAPALEK DA'PEKSU',estoy lesionado.,ñapalek da'peksu',flashcards2,P01059,False
U03591,G03346,los niños leen un libro.,NANA WILALUSA' LUNTULLINA' ALA'SA' KERKA',los niños leen un libro.,nana wilalusa' luntullina' ala'sa' kerka',flashcards_oraciones,P00384,False
U03582,G03337,ella lee un libro.,NANA LUNTULLI ALA'SA' KERKA',ella lee un libro.,nana luntulli ala'sa' kerka',flashcards_oraciones,P00375,False
U02446,G02215,trabajar” les digo.,"- “Ah, pakuuu kenmamá’. Lliinuta’mama’su’ yasaka’tulama’” itudeklek. “Ah, vayan ustedes, conforme acordaron van a",trabajar les digo.,"- ah, pakuuu kenmamá'. lliinuta'mama'su' yasaka'tulama' itudeklek. ah, vayan ustedes, conforme acordaron van a",pdf_textos,P00195,True
U02135,G01909,Lo entendieron.,LACHEK'LLINA',lo entendieron.,lachek'llina',flashcards2,P02135,False
U02816,G02585,Aquí termina.,Nanek ta’wantulli.,aquí termina.,nanek ta'wantulli.,pdf_textos,P00565,True
U00364,G00291,Está fresco.,NALU  ÑAPALLI,está fresco.,nalu ñapalli,flashcards2,P00364,False
U01479,G01291,Funciona bien.,SAKA'TAPALLI MUSU',funciona bien.,saka'tapalli musu',flashcards2,P01479,False
U01734,G01530,Necesito descansar.,LUWANTULEK NERIAK,necesito descansar.,luwantulek neriak,flashcards2,P01734,False
U02894,G02663,"Después de hacer eso, los acarreó a su casa (a todos los cadáveres) y se los comió.","Nu’tan, pidekñik sichi’dandek’an iñer urañi.","después de hacer eso, los acarreó a su casa (a todos los cadáveres) y se los comió.","nu'tan, pidekñik sichi'dandek'an iñer urañi.",pdf_textos,P00643,True
U02556,G02325,"“De verdad está ardiendo todavía, no se puede apagar el fuego.","“Tekkinchi uluntapallinpi’la, innichi’ñi tashu’nsu’.","de verdad está ardiendo todavía, no se puede apagar el fuego.","tekkinchi uluntapallinpi'la, innichi'ñi tashu'nsu'.",pdf_textos,P00305,True
U03538,G03295,el niño no habla con su familia.,NANA WILLA KU'LA LUNPI'ÑI PATUN'NENLEK,el niño no habla con su familia.,nana willa ku'la lunpi'ñi patun'nenlek,flashcards_oraciones,P00331,False
U02300,G02069,"Hartos hijos he parido, hartos hijos he criado.","U’dun wawalu’ wadek’a’kasu’, u’dun wawalu’ kua teksusu’kasu’.","hartos hijos he parido, hartos hijos he criado.","u'dun wawalu' wadek'a'kasu', u'dun wawalu' kua teksusu'kasu'.",pdf_textos,P00049,True
U03198,G02967,"Antes les ponían María, Virginia, este, les ponían nombres de los santos antiguamente.","Napi' i'na Maria, Wirkiña aku'llina', ma'i, santu llillinlusa' aku'llina' napi'.","antes les ponían maría, virginia, este, les ponían nombres de los santos antiguamente.","napi' i'na maria, wirkiña aku'llina', ma'i, santu llillinlusa' aku'llina' napi'.",pdf_textos,P00947,True
U04093,G03830,"“No, yo le voy a quitar. Yo también voy a pifuanear”, diciendo, se acercó al Carachupa.","“Ma’sha, kualer siwerchechek. Kuanta’ nu’pachi pilenñantechek,” tan ima Chi’lek kawilli.","no, yo le voy a quitar. yo también voy a pifuanear, diciendo, se acercó al carachupa.","ma'sha, kualer siwerchechek. kuanta' nu'pachi pilenñantechek, tan ima chi'lek kawilli.",fidel_lomas,P00217,True
U00750,G00625,Vístete.,ISHINWER',vístete.,ishinwer',flashcards2,P00750,False
U02782,G02551,"no conocen la huangana,","luwetchi’ñina’ panwala,","no conocen la huangana,","luwetchi'ñina' panwala,",pdf_textos,P00531,True
U00945,G00807,Estamos listos.,INSEKDIPERPI ÑAPALIDEK,estamos listos.,insekdiperpi ñapalidek,flashcards2,P00945,False
U04361,G04096,"Buceando, hemos sacado su canoa.",Da’dektamudek u’ser’llidek nunen.,"buceando, hemos sacado su canoa.",da'dektamudek u'ser'llidek nunen.,fidel_lomas,P00485,True
U02624,G02393,"“él no cría gallinas, no cría huanganas, nada de esos animales.","“ñi nana wa’dantek pektawapi’ñi, ñi laman pektawapi’ñi, ñi ma’nen nanadaper.","él no cría gallinas, no cría huanganas, nada de esos animales.","ñi nana wa'dantek pektawapi'ñi, ñi laman pektawapi'ñi, ñi ma'nen nanadaper.",pdf_textos,P00373,True
U00389,G00313,¡Intentémoslo!,¡INTEK'KLIERIWA'!,¡intentémoslo!,¡intek'klieriwa'!,flashcards2,P00389,False
U03179,G02948,"“¿Cómo lo vas a llamar?, Fidel"", dijo (el cura).","“ ¿Ma'itetchuncha?, Pidir"" tullima.","¿cómo lo vas a llamar?, fidel, dijo (el cura).","¿ma'itetchuncha?, pidir tullima.",pdf_textos,P00928,True
U03091,G02860,"Ahora vamos a vivir así, ahora ya no vamos a pandillar todo el pueblo.","Nu'su' ipa'la ñaterwa', ñi kenmu'wa' ipa'la chu'kenapi'nterwa' iñer ñinanlu'.","ahora vamos a vivir así, ahora ya no vamos a pandillar todo el pueblo.","nu'su' ipa'la ñaterwa', ñi kenmu'wa' ipa'la chu'kenapi'nterwa' iñer ñinanlu'.",pdf_textos,P00840,False
U03402,G03166,él camina con su familia.,NANA DEKKUNTULLI PATUNENLEK',él camina con su familia.,nana dekkuntulli patunenlek',flashcards_oraciones,P00195,False
U01472,G01284,Empeora.,NU'LA'LLI,empeora.,nu'la'lli,flashcards2,P01472,False
U02864,G02633,Un grupo que vaya durmiendo y el otro grupo que haga guardia.,"Ala’musun wicha’pai, ali’la musui’na nanpiladapai.",un grupo que vaya durmiendo y el otro grupo que haga guardia.,"ala'musun wicha'pai, ali'la musui'na nanpiladapai.",pdf_textos,P00613,True
U00714,G00596,Estás triste.,WE'INUTUSU' ÑAPALA,estás triste.,we'inutusu' ñapala,flashcards2,P00714,False
U00965,G00825,¿Quién viene?,¿DEN U'APILELLI?,¿quién viene?,¿den u'apilelli?,flashcards2,P00965,False
U00387,G00311,Comamos.,WERANWA',comamos.,weranwa',flashcards2,P00387,False
U02939,G02708,Unos cortaron trozos de madera para meterlos dentro de sus mosquiteros (y hacerle creer al duende que eran ellos durmiendo).,"Ali’ladaper nalatuntun llituntullina’, chipetcheknenna’ lalak yakala’nna’.",unos cortaron trozos de madera para meterlos dentro de sus mosquiteros (y hacerle creer al duende que eran ellos durmiendo).,"ali'ladaper nalatuntun llituntullina', chipetcheknenna' lalak yakala'nna'.",pdf_textos,P00688,True
U03786,G03533,los niños suben la escalera.,NANA WILALUSA' CHINTEK'LLINA CHINTEN'NAK,los niños suben la escalera.,nana wilalusa' chintek'llina chinten'nak,flashcards_oraciones,P00579,False
U04313,G04048,Les contaré la biografía de mi finado hermano Meneleo.,Wintetchenma’ yalli’shawekku’ Miñiku nanpia’su’. ,les contaré la biografía de mi finado hermano meneleo.,wintetchenma' yalli'shawekku' miñiku nanpia'su'.,fidel_lomas,P00437,True
U00159,G00114,¡Buen trabajo!,¡MUSA'KA'TUNA!,¡buen trabajo!,¡musa'ka'tuna!,flashcards2,P00159,False
U03886,G03630,El pueblo no bebe el agua del Armanayacu porque es puro (agua con) jabón.,"Ama’winadek ñinanlu’ uapi’ñi, shapundeksa’ ña’su’malek.",el pueblo no bebe el agua del armanayacu porque es puro (agua con) jabón.,"ama'winadek ñinanlu' uapi'ñi, shapundeksa' ña'su'malek.",fidel_lomas,P00010,True
U02784,G02553,"paiche, tucunaré, arahuana.","unma’, tukuner, dunantek.","paiche, tucunaré, arahuana.","unma', tukuner, dunantek.",pdf_textos,P00533,True
U04231,G03967,"Esta enfermedad nunca la habíamos conocido, como conocemos otras enfermedades.","Asu’ kaluwi’ ñi enpi’ luwer’chi’nekwa’, ali’la kaluwi’lusa’pu’su’.","esta enfermedad nunca la habíamos conocido, como conocemos otras enfermedades.","asu' kaluwi' ñi enpi' luwer'chi'nekwa', ali'la kaluwi'lusa'pu'su'.",fidel_lomas,P00355,True
U01160,G01006,Sonrian.,YAMERLADAKU',sonrian.,yamerladaku',flashcards2,P01160,False
U03134,G02903,"En cambio Apu’tek no sabía aborrecer mucho, no era miserable.","Apu’tek i'mi'na ñinpu' ninchiluyuchi'ñi, ñi aperku'tekinpu'.","en cambio apu'tek no sabía aborrecer mucho, no era miserable.","apu'tek i'mi'na ñinpu' ninchiluyuchi'ñi, ñi aperku'tekinpu'.",pdf_textos,P00883,True
U04422,G04157,Pero los profesores tampoco la hablan.,Ku’li’na a’lektuteklusa’nta’ ñinchilui’ñina’.,pero los profesores tampoco la hablan.,ku'li'na a'lektuteklusa'nta' ñinchilui'ñina'.,fidel_lomas,P00546,True
U01353,G01174,Todos ganan.,IÑER' KANA'TULLINA',todos ganan.,iñer' kana'tullina',flashcards2,P01353,False
U03030,G02799,"Eso a nosotros nos está diciendo ""Así van a volar ustedes también algún día"", cuentan que dijeron las abuelas ya finadas.","Nani'na kenmu'wa' itapallinerkenmu'wa' ""U'su' pennu'chuma' kenmama'nta' enpi' uklli”, tullina' ima amiku'lusa'.","eso a nosotros nos está diciendo así van a volar ustedes también algún día, cuentan que dijeron las abuelas ya finadas.","nani'na kenmu'wa' itapallinerkenmu'wa' u'su' pennu'chuma' kenmama'nta' enpi' uklli, tullina' ima amiku'lusa'.",pdf_textos,P00779,True
U00280,G00221,Apunta. ¡Fuego!,TAÑITER' . ¡PEN!,apunta. ¡fuego!,tañiter' . ¡pen!,flashcards2,P00280,False
U03506,G03263,nosotras esperamos en silencio.,KUDA WA'TEN'TULLI'DEK TA'TULA'MUDEK,nosotras esperamos en silencio.,kuda wa'ten'tulli'dek ta'tula'mudek,flashcards_oraciones,P00299,False
U02399,G02168,Antes cuando era niñita hablaba bonito el shiwilu.,Napi’ wilashakuñamu asu’ Shiwilu la’la’ mushasu’ lunek.,antes cuando era niñita hablaba bonito el shiwilu.,napi' wilashakuñamu asu' shiwilu la'la' mushasu' lunek.,pdf_textos,P00148,True
U04229,G03965,"Esta enfermedad llegó a fines del año 2019, ","Asu’ kaluwi’ ektu’kerlli 2019 ta’wantapilasik, ","esta enfermedad llegó a fines del año 2019,","asu' kaluwi' ektu'kerlli 2019 ta'wantapilasik,",fidel_lomas,P00353,True
U00092,G00060,Estoy gordo.,WEIPENSU' ÑAPALEK,estoy gordo.,weipensu' ñapalek,flashcards2,P00092,False
U00899,G00764,Sonrieron.,YAMERLADALLINA',sonrieron.,yamerladallina',flashcards2,P00899,False
U03978,G03722,"Entonces, picándole con palo puntalado, se le mata.",Nanek nala ekdenpilek ekkuan’ak dei’tulek.,"entonces, picándole con palo puntalado, se le mata.",nanek nala ekdenpilek ekkuan'ak dei'tulek.,fidel_lomas,P00102,True
U01576,G01381,Estábamos cerca.,KAWITUSU' ÑAPAWIÑIDEK,estábamos cerca.,kawitusu' ñapawiñidek,flashcards2,P01576,False
U02355,G02124,Entonces se empieza a mascar formando líquido.,Ipa’linchi ukdinu’tulek.,entonces se empieza a mascar formando líquido.,ipa'linchi ukdinu'tulek.,pdf_textos,P00104,True
U01834,G01624,Nadie gritó.,ÑIDEN LAMAPUI'ÑI,nadie gritó.,ñiden lamapui'ñi,flashcards2,P01834,False
U00508,G00416,"Hey, cálmate.",LAUK'LA TUNA'KER',"hey, cálmate.",lauk'la tuna'ker',flashcards2,P00508,False
U02349,G02118,Ahora ya no hacen así.,Ipa’li’na nui’ñina’.,ahora ya no hacen así.,ipa'li'na nui'ñina'.,pdf_textos,P00098,True
U03369,G03135,los niños bajan al río.,WILALUSA NU'WAN'ÑINA' KUPIN'DEK'SHADIK,los niños bajan al río.,wilalusa nu'wan'ñina' kupin'dek'shadik,flashcards_oraciones,P00162,False
U03517,G03274,él no espera en silencio.,NANA KU'LA WA'TENCHI'ÑI TA'TULA'KEK,él no espera en silencio.,nana ku'la wa'tenchi'ñi ta'tula'kek,flashcards_oraciones,P00310,False
U03566,G03323,ellos no lavan los platos.,NAWA'KU'LA PAMUIÑINA' SINANLUSA',ellos no lavan los platos.,nawa'ku'la pamuiñina' sinanlusa',flashcards_oraciones,P00359,False
U03330,G03097,ellas aman a su familia.,NAWA' TANTENÑINA PATUN'NENLUSA,ellas aman a su familia.,nawa' tantenñina patun'nenlusa,flashcards_oraciones,P00123,False
U02595,G02364,Luego alegrándose los invitó a su patio exterior.,Nu’an ima Arakayu sakek’an peklu’deklli inyulateknen ima.,luego alegrándose los invitó a su patio exterior.,nu'an ima arakayu sakek'an peklu'deklli inyulateknen ima.,pdf_textos,P00344,True
U02291,G02060,"ella también que enseñe para que (otros) la aprendan,","nananta’ a’lekchii, ñinchichii,","ella también que enseñe para que (otros) la aprendan,","nananta' a'lekchii, ñinchichii,",pdf_textos,P00040,True
U02293,G02062,Más que sigan ellos (difundiéndola).,A’pinta’ tupichina’ nawa’.,más que sigan ellos (difundiéndola).,a'pinta' tupichina' nawa'.,pdf_textos,P00042,True
U03589,G03344,las niñas leen un libro.,NANA WILA KUAPERLUSA' LUNTULLINA' ALA'SA' KERKA',las niñas leen un libro.,nana wila kuaperlusa' luntullina' ala'sa' kerka',flashcards_oraciones,P00382,False
U01881,G01669,Bebimos mucho.,NAKUSU' ULLIDEK,bebimos mucho.,nakusu' ullidek,flashcards2,P01881,False
U02208,G01979,Deberían quedarse.,LLIA'A'MAMASU' ÑAPALLI,deberían quedarse.,llia'a'mamasu' ñapalli,flashcards2,P02208,False
U02566,G02335,Por eso los sobrevivientes dijeron:,Nana malek dansu’lusa’ tullina’:,por eso los sobrevivientes dijeron:,nana malek dansu'lusa' tullina':,pdf_textos,P00315,True
U02259,G02028,Por eso me arrimé donde mi abuelita.,Nu’amu amishawekkek pipetchulek.,por eso me arrimé donde mi abuelita.,nu'amu amishawekkek pipetchulek.,pdf_textos,P00008,True
U01986,G01767,¡Dámelas!,¡ENKA'U!,¡dámelas!,¡enka'u!,flashcards2,P01986,True
U01987,G01767,¡Dámelos!,¡ENKA'U!,¡dámelos!,¡enka'u!,flashcards2,P01987,True
U03701,G03452,El niño juega con bloques.,WILA INTEKLLITULLI TUNTUNLUSA'LEK,el niño juega con bloques.,wila intekllitulli tuntunlusa'lek,flashcards_oraciones,P00494,False
U02717,G02486,"Arákayu, dice, era un shingurador.",Arakayu ima pillektutek.,"arákayu, dice, era un shingurador.",arakayu ima pillektutek.,pdf_textos,P00466,False
U03481,G03242,las niñas escuchan música.,WILA KU'APERLUSA' LAUK'LLINA' TULUNER' ,las niñas escuchan música.,wila ku'aperlusa' lauk'llina' tuluner',flashcards_oraciones,P00274,False
U03951,G03695,La huangana hembra tiene solo unita cría.,Laman ku’apenñen ala’shasa’ wawinwanpalli.,la huangana hembra tiene solo unita cría.,laman ku'apenñen ala'shasa' wawinwanpalli.,fidel_lomas,P00075,True
U02167,G01941,Hablamos francés.,LUMPALLIDEK FRANCES,hablamos francés.,lumpallidek frances,flashcards2,P02167,False
U02923,G02692,Diluyó tabaco el viejo.,Pinter ima sekmu’lli papinku.,diluyó tabaco el viejo.,pinter ima sekmu'lli papinku.,pdf_textos,P00672,True
U01773,G01568,Estoy desempleado.,MAKEK SAKA'TAPI'NEK,estoy desempleado.,makek saka'tapi'nek,flashcards2,P01773,True
U01775,G01568,Estoy desempleada.,MAKEK SAKA'TAPI'NEK,estoy desempleada.,makek saka'tapi'nek,flashcards2,P01775,True
U01936,G01721,¿Estás saludable?,¿MUDINU'PALA?,¿estás saludable?,¿mudinu'pala?,flashcards2,P01936,True
U01937,G01721,¿Estás sano?,¿MUDINU'PALA?,¿estás sano?,¿mudinu'pala?,flashcards2,P01937,True
U02978,G02747,"-""Queriendo conocer hemos venido.","-""Yaluwer’amudek ukllidek.",-queriendo conocer hemos venido.,-yaluwer'amudek ukllidek.,pdf_textos,P00727,True
U02696,G02465,"“Ahora sí ustedes sufrirán hambre,","“Ipa’laka kenmama’ uki’la nakuchuma’,","ahora sí ustedes sufrirán hambre,","ipa'laka kenmama' uki'la nakuchuma',",pdf_textos,P00445,True
U01631,G01436,Llegaran lejos.,WEI EK'TUE'CHUNA',llegaran lejos.,wei ek'tue'chuna',flashcards2,P01631,False
U00015,G00012,¡He ganado!,¡KANA'TULEK!,¡he ganado!,¡kana'tulek!,flashcards2,P00015,False
U02970,G02739,"Calladitos pasaron (el viento se levanta, dice, cuando se pasa haciendo bulla).",Ta’tushalai’ni’ma nakutullina’ (tanluwa ima yunsanpalli lamapu’nna’ nakuerkasu’).,"calladitos pasaron (el viento se levanta, dice, cuando se pasa haciendo bulla).",ta'tushalai'ni'ma nakutullina' (tanluwa ima yunsanpalli lamapu'nna' nakuerkasu').,pdf_textos,P00719,True
U02545,G02314,"A ver qué cosa van a ver ustedes, algo que nunca antes han visto” les dijo a los niños”.","Ma’pu’si’pa’ lli’etchuma’ kenmama’, ñienpi’ lli’npu’a’mama’su’” itudekllima wilalusa’”.","a ver qué cosa van a ver ustedes, algo que nunca antes han visto les dijo a los niños.","ma'pu'si'pa' lli'etchuma' kenmama', ñienpi' lli'npu'a'mama'su' itudekllima wilalusa'.",pdf_textos,P00294,True
U04368,G04103,"Llevábamos una carguita de barbasco, con eso pescamos en el Cunchiyacu.","Ekpa’llidek ala’ tenpu’sha puñañin, nanalek puer’chullidek Ku’ku’chi’dek.","llevábamos una carguita de barbasco, con eso pescamos en el cunchiyacu.","ekpa'llidek ala' tenpu'sha puñañin, nanalek puer'chullidek ku'ku'chi'dek.",fidel_lomas,P00492,True
U00901,G00766,Caminaron.,DEK'KUNTULLINA',caminaron.,dek'kuntullina',flashcards2,P00901,False
U01217,G01051,Tom insistió.,TOM A'PERCHULLI,tom insistió.,tom a'perchulli,flashcards2,P01217,False
U02095,G01871,Remontemos barriletes.,A'PENU'WA' BARRILETES,remontemos barriletes.,a'penu'wa' barriletes,flashcards2,P02095,False
U01902,G01690,¡Buen pensamiento!,¡U'CHIMU LLI'INU!,¡buen pensamiento!,¡u'chimu lli'inu!,flashcards2,P01902,False
U00643,G00532,Votaron.,DEKLLINA',votaron.,dekllina',flashcards2,P00643,False
U00419,G00335,Aléjate.,ÑILUPA'SHA,aléjate.,ñilupa'sha,flashcards2,P00419,False
U03621,G03375,ellas no nadan con sus amigos.,NAWA' KU'LA IDUMPI'ÑINA' EKKUANEN'NA'LEK,ellas no nadan con sus amigos.,nawa' ku'la idumpi'ñina' ekkuanen'na'lek,flashcards_oraciones,P00414,False
U02202,G01973,Nos traicionaste.,WA'DANPILAPILUNDEK,nos traicionaste.,wa'danpilapilundek,flashcards2,P02202,False
U03193,G02962,Nuestros abuelos finados ellos han sido así.,Papinkumapu'wa'ku'lusa' nana nu'llina'.,nuestros abuelos finados ellos han sido así.,papinkumapu'wa'ku'lusa' nana nu'llina'.,pdf_textos,P00942,False
U00937,G00799,Te necesitamos.,LUWANTULLIDEN,te necesitamos.,luwantulliden,flashcards2,P00937,False
U02429,G02198,"“¿Recién vienen?” les digo en castellano, “¿Ya han venido, hijos?” les digo.","“¿Nauncha’lama’? Kaschilleklan itulek, “¿Ya han venido, hijos?” itudeklek.","¿recién vienen? les digo en castellano, ¿ya han venido, hijos? les digo.","¿nauncha'lama'? kaschilleklan itulek, ¿ya han venido, hijos? itudeklek.",pdf_textos,P00178,True
U01981,G01762,¡No mientas!,¡YATUMU'TA!,¡no mientas!,¡yatumu'ta!,flashcards2,P01981,False
U00443,G00356,Espera aquí.,WA'TENTER' ASEK,espera aquí.,wa'tenter' asek,flashcards2,P00443,True
U00444,G00356,Aguarda aquí.,WA'TENTER' ASEK,aguarda aquí.,wa'tenter' asek,flashcards2,P00444,True
U02376,G02145,"Abeja mi’len, tú qué cantidad de chicha que hagas siempre la endulzas.","Mi’lencháaa, kenma enpu’nipi’nta’ uklutetchu iñer a’kaser apalaaa.","abeja mi'len, tú qué cantidad de chicha que hagas siempre la endulzas.","mi'lencháaa, kenma enpu'nipi'nta' uklutetchu iñer a'kaser apalaaa.",pdf_textos,P00125,True
U00304,G00239,Olvídame.,PINANER'U,olvídame.,pinaner'u,flashcards2,P00304,False
U00232,G00178,No entrar.,KU'LA DAI'NCHU,no entrar.,ku'la dai'nchu,flashcards2,P00232,False
U02357,G02126,"Mientras se masca en la boca, ya está hirviendo la olla de aluminio con la yuca.","Katentapek walek, ukluka’palli wa’naukta kellek.","mientras se masca en la boca, ya está hirviendo la olla de aluminio con la yuca.","katentapek walek, ukluka'palli wa'naukta kellek.",pdf_textos,P00106,True
U03753,G03502,nosotras no pintamos una flor.,KUDA KU'LA LLINSERI'ÑI'DEK ALA'SA' DANKU,nosotras no pintamos una flor.,kuda ku'la llinseri'ñi'dek ala'sa' danku,flashcards_oraciones,P00546,False
U01019,G00875,¿Tom ayudó?,¿TOM KATU'PA'TULLI?,¿tom ayudó?,¿tom katu'pa'tulli?,flashcards2,P01019,False
U02953,G02722,dijo el Duende Puro Hueso mientras se quemaba.,tullima Lansi' Wa'dan uker'apan.,dijo el duende puro hueso mientras se quemaba.,tullima lansi' wa'dan uker'apan.,pdf_textos,P00702,False
U01731,G01527,Hice panecitos.,NUTULEK TANTA'SHALA,hice panecitos.,nutulek tanta'shala,flashcards2,P01731,False
U00210,G00158,Estoy enferma.,KALUWI'SU' ÑAPALEK,estoy enferma.,kaluwi'su' ñapalek,flashcards2,P00210,False
U04234,G03970,"Estas enfermedades ya desaparecieron, los wiracochas que conocen de medicina le encontraron su vacuna; ","Asu’ kaluwi’lusa’ ipa’ wer’llina’, wa’danlusa’ ilulenna ñinchiter’kasu’, nawa’ler vacunanen kanintullina’; ","estas enfermedades ya desaparecieron, los wiracochas que conocen de medicina le encontraron su vacuna;","asu' kaluwi'lusa' ipa' wer'llina', wa'danlusa' ilulenna ñinchiter'kasu', nawa'ler vacunanen kanintullina';",fidel_lomas,P00358,True
U03462,G03225,ustedes enseñan a contar.,KENMAMA' A'LEKTULAMA PICHITAK,ustedes enseñan a contar.,kenmama' a'lektulama pichitak,flashcards_oraciones,P00255,False
U03456,G03219,la niña enseña a los niños.,WILA KU'APER A'LEKDEK'LLI WILALUSA',la niña enseña a los niños.,wila ku'aper a'lekdek'lli wilalusa',flashcards_oraciones,P00249,False
U00894,G00760,Lo hicieron.,NU'TULLINA',lo hicieron.,nu'tullina',flashcards2,P00894,True
U00895,G00760,Lo lograron.,NU'TULLINA',lo lograron.,nu'tullina',flashcards2,P00895,True
U04202,G03938,Yurimaguas es bonito solo en el centro de la ciudad.,Yurimawa’ u’chimusha nuka’a ikiñik ñinanlu’sak. ,yurimaguas es bonito solo en el centro de la ciudad.,yurimawa' u'chimusha nuka'a ikiñik ñinanlu'sak.,fidel_lomas,P00326,True
U02955,G02724,Uno que madrugó no se acordó nada de lo que le habían advertido (que no ventee la candela antes de que la icaren).,Nana chida’su'la’sui’mi’na ñi illi’inui’ñi winter’kasu’.,uno que madrugó no se acordó nada de lo que le habían advertido (que no ventee la candela antes de que la icaren).,nana chida'su'la'sui'mi'na ñi illi'inui'ñi winter'kasu'.,pdf_textos,P00704,True
U02564,G02333,"Las jóvenes también, alzando la vista, mirando al cielo, mirando las estrellas, lloraban.","Wilalunlusa’nta kuten’anna’, kekkilu’tek lli’anna’, tandulalusa’ lli’anna’, willekllina’.","las jóvenes también, alzando la vista, mirando al cielo, mirando las estrellas, lloraban.","wilalunlusa'nta kuten'anna', kekkilu'tek lli'anna', tandulalusa' lli'anna', willekllina'.",pdf_textos,P00313,True
U00623,G00514,Huelan esto.,LANERKU' ASU',huelan esto.,lanerku' asu',flashcards2,P00623,False
U04106,G03843,"Entonces, el Tigre vino corriendo para agarrar al Carahupa.","Ipa’linchi Amana’ tekkencha’lli, Chi’lek yapilli’tan.","entonces, el tigre vino corriendo para agarrar al carahupa.","ipa'linchi amana' tekkencha'lli, chi'lek yapilli'tan.",fidel_lomas,P00230,True
U04395,G04130,Desde niño yo hablo en la lengua shiwilu. ,Kua wilaklanek shiwilu la’lakla lunek. ,desde niño yo hablo en la lengua shiwilu.,kua wilaklanek shiwilu la'lakla lunek.,fidel_lomas,P00519,True
U01807,G01598,¡Es maravilloso!,¡LIATUSU' NUKA'A!,¡es maravilloso!,¡liatusu' nuka'a!,flashcards2,P01807,False
U01342,G01164,¿Te conozco?,¿LUWER'CHAPALLIEN?,¿te conozco?,¿luwer'chapallien?,flashcards2,P01342,False
U00196,G00147,Estoy perfectamente.,U'CHIMUINCHI ÑAPALEK,estoy perfectamente.,u'chimuinchi ñapalek,flashcards2,P00196,False
U01862,G01650,Estaban enfermos.,ÑAPAWIÑINA' KALUWI'SU',estaban enfermos.,ñapawiñina' kaluwi'su',flashcards2,P01862,False
U00440,G00353,Tomás trabaja.,TOMÁS SAKA'TAPALLI,tomás trabaja.,tomás saka'tapalli,flashcards2,P00440,False
U03896,G03640,En el monte de Jeberos tenemos toda clase de hojas.,Shiwilu tanak a’ñapallidek dudinpu’ lalumeklusa’.,en el monte de jeberos tenemos toda clase de hojas.,shiwilu tanak a'ñapallidek dudinpu' lalumeklusa'.,fidel_lomas,P00020,True
U03200,G02969,"Bufeo, todo tipo (de nombres) le ponen.","Sapana', dudinpu’ aku'llina'.","bufeo, todo tipo (de nombres) le ponen.","sapana', dudinpu' aku'llina'.",pdf_textos,P00949,True
U00815,G00687,Estoy comprometida.,ÑAPALEK ALA'SA' ENMU'PINENLEK,estoy comprometida.,ñapalek ala'sa' enmu'pinenlek,flashcards2,P00815,False
U02609,G02378,Ahí dice se sorprendieron.,Nanek ima imanankankantullina’.,ahí dice se sorprendieron.,nanek ima imanankankantullina'.,pdf_textos,P00358,True
U01630,G01435,Trabajas mucho.,SAKA'TECHU EMPU'NIPA,trabajas mucho.,saka'techu empu'nipa,flashcards2,P01630,False
U03989,G03733,Con lo que sobra el añuje le ayuda.,A’dansu’a’su’ ekchekler katu’pa’palli.,con lo que sobra el añuje le ayuda.,a'dansu'a'su' ekchekler katu'pa'palli.,fidel_lomas,P00113,True
U03148,G02917,"Después de matar a Sekputchek, (los jeberinos) se han esparcido, se han aborrecido.","Nana Sekputchekkui'na di'tanna, inpasetllina', inluyullina'.","después de matar a sekputchek, (los jeberinos) se han esparcido, se han aborrecido.","nana sekputchekkui'na di'tanna, inpasetllina', inluyullina'.",pdf_textos,P00897,True
U03535,G03292,tú estudias cocina.,KENMA ÑINCHITAPALA' KALU'TAK',tú estudias cocina.,kenma ñinchitapala' kalu'tak',flashcards_oraciones,P00328,False
U00752,G00627,¿Ha venido?,¿UKLLIN'CHA?,¿ha venido?,¿ukllin'cha?,flashcards2,P00752,False
U02677,G02446,"“¿Qué tipo de hombre es este, Arákayu?” dijeron los pobladores.",“¿Ma’pu’lusa’ asu’ muda’ ñan i’na asu’ Arakayu u’lli?” tullini’ma nana ñinanlu’wanlusa’.,"¿qué tipo de hombre es este, arákayu? dijeron los pobladores.",¿ma'pu'lusa' asu' muda' ñan i'na asu' arakayu u'lli? tullini'ma nana ñinanlu'wanlusa'.,pdf_textos,P00426,True
U00783,G00656,Me gustan.,IYATUDEKLEK,me gustan.,iyatudeklek,flashcards2,P00783,False
U00176,G00130,Lo olvidé.,PINANER'LEK',lo olvidé.,pinaner'lek',flashcards2,P00176,False
U01713,G01510,Puedo ayudarte.,YENNITULEK KATU'PA'A'KIK,puedo ayudarte.,yennitulek katu'pa'a'kik,flashcards2,P01713,False
U01001,G00858,¿Puede hacerlo?,¿YENNITULEK NU'TAK?,¿puede hacerlo?,¿yennitulek nu'tak?,flashcards2,P01001,False
U02993,G02762,"Regresando por ese camino dijeron: ""Por ese camino hay bastante comida, hay de todo"".","Nana inchilalalupa’ adencha’nni’ma luncha’llina’: ""Enpu’nipa’ uran ñilli nana inchilalalupa’, dudinpu’ ñapalli.","regresando por ese camino dijeron: por ese camino hay bastante comida, hay de todo.","nana inchilalalupa' adencha'nni'ma luncha'llina': enpu'nipa' uran ñilli nana inchilalalupa', dudinpu' ñapalli.",pdf_textos,P00742,True
U02493,G02262,De ahí seguía viviendo en Varadero mismo.,Nanekla nanpipawinek Simirkek i’la.,de ahí seguía viviendo en varadero mismo.,nanekla nanpipawinek simirkek i'la.,pdf_textos,P00242,True
U03210,G02979,El perro duerme bajo la mesa.,ÑIÑI'WA WICHI'LLI MISA'' WILENKEK,el perro duerme bajo la mesa.,ñiñi'wa wichi'lli misa'' wilenkek,flashcards_oraciones,P00003,False
U03255,G03024,El espíritu cuida el bosque.,TANAMUDA' LUUKTAPALLI TANAN,el espíritu cuida el bosque.,tanamuda' luuktapalli tanan,flashcards_oraciones,P00048,False
U02992,G02761,Cuentan que de ahí se trajeron al cura raptándolo por la noche.,"Naneklimaka, pacher kencha’llina’ apetchanna’ dekpilli.",cuentan que de ahí se trajeron al cura raptándolo por la noche.,"naneklimaka, pacher kencha'llina' apetchanna' dekpilli.",pdf_textos,P00741,True
U04149,G03886,La señorita le dijo: ,Wilalunler itulli: ,la señorita le dijo:,wilalunler itulli:,fidel_lomas,P00273,False
U04184,G03920,Poco a poco me he acostumbrado.,Uti’lakla da’iyalek.,poco a poco me he acostumbrado.,uti'lakla da'iyalek.,fidel_lomas,P00308,True
U03279,G03047,Todos trajeron comida.,IÑER' KERLINA' WUERAN ,todos trajeron comida.,iñer' kerlina' wueran,flashcards_oraciones,P00072,False
U03762,G03511,ella no recuerda una canción.,NANA KU'LA LLI'INUTAPI'ÑI ALA'SA' TULUNER',ella no recuerda una canción.,nana ku'la lli'inutapi'ñi ala'sa' tuluner',flashcards_oraciones,P00555,False
U04012,G03749,"Crece apegado a otro árbol, abrazado abrazado.","Susupalli ali’la nalak pasun, wiperi’n wiperi’n.","crece apegado a otro árbol, abrazado abrazado.","susupalli ali'la nalak pasun, wiperi'n wiperi'n.",fidel_lomas,P00136,True
U04316,G04051,"del séptimo mes (julio), ","kanchis dukerkek, ","del séptimo mes (julio),","kanchis dukerkek,",fidel_lomas,P00440,True
U03880,G03624,Su suelo es arenoso. Cuando llueve no se forma barro.,Lupa’nen dellu’teklu’ nuka’a. U’lansik mumulu’chi’ñi.,su suelo es arenoso. cuando llueve no se forma barro.,lupa'nen dellu'teklu' nuka'a. u'lansik mumulu'chi'ñi.,fidel_lomas,P00004,True
U00178,G00132,Lo tengo.,A'ÑAPALEK,lo tengo.,a'ñapalek,flashcards2,P00178,False
U02185,G01959,Tenemos esos.,NANADAPER A'ÑAPALLIDEK,tenemos esos.,nanadaper a'ñapallidek,flashcards2,P02185,False
U03955,G03699,"Antes su cuero costaba, pero ahora no.","Napi’ chipiteknen pa’tuwiñi, ipa’lina’ ku’la.","antes su cuero costaba, pero ahora no.","napi' chipiteknen pa'tuwiñi, ipa'lina' ku'la.",fidel_lomas,P00079,True
U01795,G01588,Fue ameno.,U'CHIMU ÑIWIÑI,fue ameno.,u'chimu ñiwiñi,flashcards2,P01795,True
U01796,G01588,Era perfecto.,U'CHIMU ÑIWIÑI,era perfecto.,u'chimu ñiwiñi,flashcards2,P01796,True
U03841,G03586,ellos no viajan con su familia.,NAWA' KU'LA' PA'API'ÑINA' PATU'NENNA'LEK,ellos no viajan con su familia.,nawa' ku'la' pa'api'ñina' patu'nenna'lek,flashcards_oraciones,P00634,False
U02691,G02460,Por eso dice Arákayu se enojó mucho.,Nu’an ima ipa’linchi Arakayu yulli.,por eso dice arákayu se enojó mucho.,nu'an ima ipa'linchi arakayu yulli.,pdf_textos,P00440,True
U01907,G01695,¿Lo harás?,¿NU'TECHU'?,¿lo harás?,¿nu'techu'?,flashcards2,P01907,False
U02396,G02165,Nuestra lengua shiwilu es bonita.,Shiwilu la’la’mapu’wa’ u’chimusha.,nuestra lengua shiwilu es bonita.,shiwilu la'la'mapu'wa' u'chimusha.,pdf_textos,P00145,True
U04193,G03929,"A este hermano Evangelista, otros que eran como él le decían “Yacuruna” porque tenía la frente pelacha.","Asu’ yalli’wa Vanji nawa’pu’a’su’daperler itullina’ Dekmuda’, nuweklatu’ta’su’malek. ","a este hermano evangelista, otros que eran como él le decían yacuruna porque tenía la frente pelacha.","asu' yalli'wa vanji nawa'pu'a'su'daperler itullina' dekmuda', nuweklatu'ta'su'malek.",fidel_lomas,P00317,True
U02792,G02561,"¡Váyanse, caramba, lejos!”",¡Paku’ tekchi wei!”.,"¡váyanse, caramba, lejos!",¡paku' tekchi wei!.,pdf_textos,P00541,True
U00110,G00074,Páralo. (detener),TU'NEKER',páralo. (detener),tu'neker',flashcards2,P00110,True
U00111,G00074,Deténlo.,TU'NEKER',deténlo.,tu'neker',flashcards2,P00111,True
U01757,G01553,Estaba agotado.,ÑAPAWINEK SAKA'TUSU',estaba agotado.,ñapawinek saka'tusu',flashcards2,P01757,False
U02406,G02175,Después de casarme tuve hijos.,Sudawamu wilawanek.,después de casarme tuve hijos.,sudawamu wilawanek.,pdf_textos,P00155,False
U03718,G03468,la niña no olvida una fecha importante.,NANA WILA KU'APER KU'LA PINANER'I'ÑI ALA'SA UKLI PA'TA'SU',la niña no olvida una fecha importante.,nana wila ku'aper ku'la pinaner'i'ñi ala'sa ukli pa'ta'su',flashcards_oraciones,P00511,False
U02332,G02101,nos estamos muriendo.,chimianpilallidek.,nos estamos muriendo.,chimianpilallidek.,pdf_textos,P00081,False
U02867,G02636,"Eso los viejos que saben hacer entender, que saben interpretar, van a hacerles entender nuestros sueños,","Nanapu’a’su’ taserpilusa’ ñinchia’lachekterkasu’, ñinchilawer’erkasu’ a’lachektetchuna’, laweretchuna’ ma’tusui’pa’ wa’lata’kawa’su’.","eso los viejos que saben hacer entender, que saben interpretar, van a hacerles entender nuestros sueños,","nanapu'a'su' taserpilusa' ñinchia'lachekterkasu', ñinchilawer'erkasu' a'lachektetchuna', laweretchuna' ma'tusui'pa' wa'lata'kawa'su'.",pdf_textos,P00616,True
U01587,G01392,Somos serios.,KU'LA YAMERAPIÑIDEK,somos serios.,ku'la yamerapiñidek,flashcards2,P01587,False
U02945,G02714,“¡Más miren!,“!Enta’n lli’ku’!,¡más miren!,!enta'n lli'ku'!,pdf_textos,P00694,True
U01893,G01681,Estamos divorciados.,YANPU'SU' ÑAPALLIDEK,estamos divorciados.,yanpu'su' ñapallidek,flashcards2,P01893,False
U00994,G00851,¿Están seguros?,¿TEKINCHI'CHA' ÑAPALAMA?,¿están seguros?,¿tekinchi'cha' ñapalama?,flashcards2,P00994,False
U04188,G03924,En ese tiempo no existía eso que llaman “curichi”.,Nana “curichi” iter’kasu’ napi’pu’ ñinpu’wiñi.,en ese tiempo no existía eso que llaman curichi.,nana curichi iter'kasu' napi'pu' ñinpu'wiñi.,fidel_lomas,P00312,True
U00190,G00141,Estoy calmado.,TUNA'SU' ÑAPALEK,estoy calmado.,tuna'su' ñapalek,flashcards2,P00190,False
U04189,G03925,"Asimismo, conocí el mercado. ",Nanek’unta’ luwerchulek mercado.,"asimismo, conocí el mercado.",nanek'unta' luwerchulek mercado.,fidel_lomas,P00313,True
U00022,G00018,Levanta. (pararse),YUNSANKER',levanta. (pararse),yunsanker',flashcards2,P00022,True
U00133,G00091,Has ganado.,KANA'TULA,has ganado.,kana'tula,flashcards2,P00133,False
U01726,G01522,Odio trabajar.,LUYULEK SAKA'TAK,odio trabajar.,luyulek saka'tak,flashcards2,P01726,False
U01395,G01213,Yo contribuí.,KUA KATU'PATULEK,yo contribuí.,kua katu'patulek,flashcards2,P01395,False
U02697,G02466,de hambre nomás pasarán sus vidas.,uki’lasa’ nanpichuma’.,de hambre nomás pasarán sus vidas.,uki'lasa' nanpichuma'.,pdf_textos,P00446,True
U03220,G02989,Tengo hambre.,UKI'LALEK,tengo hambre.,uki'lalek,flashcards_oraciones,P00013,False
U02918,G02687,"“¡En acción. En acción, muchachos!","“¡Nasu’ku’la’. Nasu’ku’la’, wilalusa’!","¡en acción. en acción, muchachos!","¡nasu'ku'la'. nasu'ku'la', wilalusa'!",pdf_textos,P00667,True
U01812,G01603,Consérvalo contigo.,SEKDIPERKER' KENMALEK,consérvalo contigo.,sekdiperker' kenmalek,flashcards2,P01812,False
U00186,G00138,Yo pagaré.,KUA PANWILEK'TE'CHEK',yo pagaré.,kua panwilek'te'chek',flashcards2,P00186,False
U03839,G03584,ellas no viajan al campo.,NAWA' KU'LA' PAI'ÑINA' MENMIK,ellas no viajan al campo.,nawa' ku'la' pai'ñina' menmik,flashcards_oraciones,P00632,False
U01743,G01539,Enseño francés.,A'LEK'TAPALEK FRANCES,enseño francés.,a'lek'tapalek frances,flashcards2,P01743,False
U00566,G00466,¡Tengo sueño!,¡YAWICHI'LEK!,¡tengo sueño!,¡yawichi'lek!,flashcards2,P00566,False
U01054,G00908,¡Qué horrible!,¡ENPU'NI APERPIPA'!,¡qué horrible!,¡enpu'ni aperpipa'!,flashcards2,P01054,False
U02074,G01851,Es imposible.,YIENNICHI'NEK ,es imposible.,yiennichi'nek,flashcards2,P02074,False
U03904,G03648,"Si les cae en el cuerpo, se enferman.",Anu’sik pinennak kaluwi’llina’.,"si les cae en el cuerpo, se enferman.",anu'sik pinennak kaluwi'llina'.,fidel_lomas,P00028,True
U03347,G03114,la niña baila con alegría.,NANA WILA KU'APER LANSA'LLI' SAKEK'SU',la niña baila con alegría.,nana wila ku'aper lansa'lli' sakek'su',flashcards_oraciones,P00140,False
U03333,G03100,ellos no aman a su familia.,NAWA' KU'LA TANTENI'ÑINA' PATUN'NENLUSA,ellos no aman a su familia.,nawa' ku'la tanteni'ñina' patun'nenlusa,flashcards_oraciones,P00126,False
U02039,G01817,Con placer.,SAKEKSU'LEK,con placer.,sakeksu'lek,flashcards2,P02039,False
U01818,G01609,Déjame explicar.,TA'ITULA'U WINTECHEN,déjame explicar.,ta'itula'u wintechen,flashcards2,P01818,False
U02977,G02746,"El gobernante los llamó y tras llamarles les preguntó: -""¿Qué cosa queriendo han venido?","Nana wa’anler peklu’deklli, peklu’dek’an itulli: -""¿Ma’i’na luwantanma’ uklama’?”.",el gobernante los llamó y tras llamarles les preguntó: -¿qué cosa queriendo han venido?,"nana wa'anler peklu'deklli, peklu'dek'an itulli: -¿ma'i'na luwantanma' uklama'?.",pdf_textos,P00726,True
U04350,G04085,Cualquier cosita que tenía regalaba.,Ma’shapi’nta’ a’ña’su’ panutulli.,cualquier cosita que tenía regalaba.,ma'shapi'nta' a'ña'su' panutulli.,fidel_lomas,P00474,True
U01808,G01599,Olvídalo ya.,IPA' PINANERKER',olvídalo ya.,ipa' pinanerker',flashcards2,P01808,False
U01426,G01240,Estaba furioso.,YUPAWINEK,estaba furioso.,yupawinek,flashcards2,P01426,False
U00347,G00274,Estoy listo.,INSEK'DIPERPI ÑAPALEK,estoy listo.,insek'diperpi ñapalek,flashcards2,P00347,False
U03041,G02810,Cuando nosotros perezcamos qué cosas quizá aparecerán dijeron antes.,Kenmu'wa' chimiansikwa' ma'ilipa' lli'tetchu tullini'ma napi'.,cuando nosotros perezcamos qué cosas quizá aparecerán dijeron antes.,kenmu'wa' chimiansikwa' ma'ilipa' lli'tetchu tullini'ma napi'.,pdf_textos,P00790,False
U00220,G00168,Eso ayuda.,NANA KATU'PATULLI,eso ayuda.,nana katu'patulli,flashcards2,P00220,False
U01838,G01628,¿Empezamos?,¿TENMIANSU'TER?,¿empezamos?,¿tenmiansu'ter?,flashcards2,P01838,True
U01839,G01628,¿Comenzamos?,¿TENMIANSU'TER?,¿comenzamos?,¿tenmiansu'ter?,flashcards2,P01839,True
U00426,G00340,Toma esto.,MA'TA ASU',toma esto.,ma'ta asu',flashcards2,P00426,True
U00427,G00340,Tome esto.,MA'TA ASU',tome esto.,ma'ta asu',flashcards2,P00427,True
U02705,G02474,Eso hizo Arákayu y se fue río abajo.,Nana nu’tan Arakayu nu’wanta’lli.,eso hizo arákayu y se fue río abajo.,nana nu'tan arakayu nu'wanta'lli.,pdf_textos,P00454,True
U04018,G03755,Primero fue donde las aves.,Nanentu ilanser’lusak palli.,primero fue donde las aves.,nanentu ilanser'lusak palli.,fidel_lomas,P00142,True
U00038,G00032,Escuché.,LAU'TULEK,escuché.,lau'tulek,flashcards2,P00038,False
U02337,G02106,"Ustedes también quieren aprender de qué manera se hace,","Yañinchitulama’ kenmama’nta’ ma’pu’si’pa’ nu’tulek,","ustedes también quieren aprender de qué manera se hace,","yañinchitulama' kenmama'nta' ma'pu'si'pa' nu'tulek,",pdf_textos,P00086,True
U01237,G01070,Almorzamos.,IKINEK'UKLLI WERAÑIDEK ,almorzamos.,ikinek'uklli werañidek,flashcards2,P01237,False
U04419,G04154,Con eso nuestra lengua shiwilu más se está agravando.,Nanalek shiwilu la’la’mapu’wa’ a’pinta’ tekki’ker’apilalli.,con eso nuestra lengua shiwilu más se está agravando.,nanalek shiwilu la'la'mapu'wa' a'pinta' tekki'ker'apilalli.,fidel_lomas,P00543,True
U01223,G01057,Tom tartamudea.,TOM MUSU' LUNPI'ÑI,tom tartamudea.,tom musu' lunpi'ñi,flashcards2,P01223,True
U01224,G01057,Tom balbucea.,TOM MUSU' LUNPI'ÑI,tom balbucea.,tom musu' lunpi'ñi,flashcards2,P01224,True
U01895,G01683,Estamos colgados.,ÑAPALLIDEK WINTENSU',estamos colgados.,ñapallidek wintensu',flashcards2,P01895,False
U03657,G03409,¿Qué hace el perro por la noche?,¿MA'PU'PALLI ÑIÑI'WA DEKPILLI?,¿qué hace el perro por la noche?,¿ma'pu'palli ñiñi'wa dekpilli?,flashcards_oraciones,P00450,False
U00944,G00806,Estamos limpios.,PEKUIPI ÑAPALIDEK,estamos limpios.,pekuipi ñapalidek,flashcards2,P00944,False
U02344,G02113,Se junta la leña (para el fuego) debajo de la olla de aluminio y se hierve.,Dintuntulek wa’naukta ukluka’lli.,se junta la leña (para el fuego) debajo de la olla de aluminio y se hierve.,dintuntulek wa'naukta ukluka'lli.,pdf_textos,P00093,True
U01500,G01310,Hagamos más.,A'PINTA' NU'TAWA',hagamos más.,a'pinta' nu'tawa',flashcards2,P01500,False
U03570,G03327,las niñas lavan los platos.,NANA WILAKUAPER'LUSA' PAMUIÑINA' SINANLUSA',las niñas lavan los platos.,nana wilakuaper'lusa' pamuiñina' sinanlusa',flashcards_oraciones,P00363,False
U02559,G02328,Cuentan que así sucedió hace mucho tiempo.,Nu’sui’ma napi’ nakulli.,cuentan que así sucedió hace mucho tiempo.,nu'sui'ma napi' nakulli.,pdf_textos,P00308,True
U03756,G03505,yo pinto una casa.,KUA LLINSERLEK ALA'SA' PIDEK,yo pinto una casa.,kua llinserlek ala'sa' pidek,flashcards_oraciones,P00549,False
U02079,G01856,Solo ignórala.,LUWE'CHINBUER',solo ignórala.,luwe'chinbuer',flashcards2,P02079,True
U02080,G01856,Ignórala.,LUWE'CHINBUER',ignórala.,luwe'chinbuer',flashcards2,P02080,True
U01538,G01344,Lo encontraron.,KANAÑINA' ,lo encontraron.,kanañina',flashcards2,P01538,False
U01946,G01730,Acércalo.,A'KAWITER',acércalo.,a'kawiter',flashcards2,P01946,False
U01047,G00901,Es francés.,FRANCÉS NUKA'A,es francés.,francés nuka'a,flashcards2,P01047,False
U04124,G03861,Cuando había pasado aproximadamente un mes,Ala’dukerpu’su’ nakusik,cuando había pasado aproximadamente un mes,ala'dukerpu'su' nakusik,fidel_lomas,P00248,True
U01625,G01430,Estabas ocupado.,SAKA'TAPAWINA,estabas ocupado.,saka'tapawina,flashcards2,P01625,False
U02570,G02339,"perros que ladran, bebes que lloran, (gente) que chanca barbasco, que cortan leña, que se llaman.","ñiñi’wa pekla’su’, wawaser willek’a’su’, llise’nkasu’, diwek’erkasu’, peklu’terkasu’.","perros que ladran, bebes que lloran, (gente) que chanca barbasco, que cortan leña, que se llaman.","ñiñi'wa pekla'su', wawaser willek'a'su', llise'nkasu', diwek'erkasu', peklu'terkasu'.",pdf_textos,P00319,True
U00352,G00279,¿Es grave?,¿NU'LA'LLI?,¿es grave?,¿nu'la'lli?,flashcards2,P00352,False
U00160,G00325,Agárralo.,PILLI'TER',agárralo.,pilli'ter',flashcards2,P00160,True
U00286,G00325,Captúralo.,PILLI'TER',captúralo.,pilli'ter',flashcards2,P00286,True
U00289,G00325,Atrápalo.,PILLI'TER',atrápalo.,pilli'ter',flashcards2,P00289,True
U00405,G00325,¡Cogedlo!,PILLI'TER',¡cogedlo!,pilli'ter',flashcards2,P00405,True
U00406,G00325,¡Arrestadlo!,PILLI'TER',¡arrestadlo!,pilli'ter',flashcards2,P00406,True
U00407,G00325,¡Prendedlo!,PILLI'TER',¡prendedlo!,pilli'ter',flashcards2,P00407,True
U03984,G03728,De ahí se les saca las tripas.,Nanekli’na usui’tulek dullinen.,de ahí se les saca las tripas.,nanekli'na usui'tulek dullinen.,fidel_lomas,P00108,True
U02516,G02285,"Entonces los hombres llegaron y construyeron tambo, chancaron barbasco.","Ipa’linchi nawa’ ektu’na’ palenñantullina’, puñañin llisantullina’.","entonces los hombres llegaron y construyeron tambo, chancaron barbasco.","ipa'linchi nawa' ektu'na' palenñantullina', puñañin llisantullina'.",pdf_textos,P00265,True
U00946,G00808,Lo sentimos.,WE'INUTULIDEK,lo sentimos.,we'inutulidek,flashcards2,P00946,False
U01641,G01445,Estás dormido.,WICHI'SU' ÑAPALA,estás dormido.,wichi'su' ñapala,flashcards2,P01641,False
U04447,G04182,"carita redonda,","MUNKULADALUNSHA,","carita redonda,","munkuladalunsha,",vs_textos_narrativos,P00009,False
U02911,G02680,(Al llegar vieron que) Solamente sus mosquiteros estaban templados.,Chipetcheknenna’si’ma’ pektentapalli.,(al llegar vieron que) solamente sus mosquiteros estaban templados.,chipetcheknenna'si'ma' pektentapalli.,pdf_textos,P00660,True
U00083,G00053,De acuerdo.,MUETCHUN,de acuerdo.,muetchun,flashcards2,P00083,False
U02289,G02058,Ahora felizmente ha venido.,Ipa’la mula’si’la weklli.,ahora felizmente ha venido.,ipa'la mula'si'la weklli.,pdf_textos,P00038,True
U00140,G00097,Sean breves.,EMPU'NI YALUNTAMA',sean breves.,empu'ni yaluntama',flashcards2,P00140,False
U02228,G01997,¡Contrólate!,¡INLU'UK'TER!,¡contrólate!,¡inlu'uk'ter!,flashcards2,P02228,False
U01429,G01243,Estaba desarmado.,ILLIAPALEK'INPU ÑAPAWINEK,estaba desarmado.,illiapalek'inpu ñapawinek,flashcards2,P01429,False
U01782,G01575,¿Es doctor?,¿LULENTUTEK'A'CHA?,¿es doctor?,¿lulentutek'a'cha?,flashcards2,P01782,False
U03207,G02976,El niño va corriendo a la chacra.,WILA TEKKA'PILALLI MENMIK,el niño va corriendo a la chacra.,wila tekka'pilalli menmik,flashcards_oraciones,P00000,False
U01466,G01278,¿Es popular?,¿LUWER'PIA'CHA?,¿es popular?,¿luwer'pia'cha?,flashcards2,P01466,False
U00397,G00318,¡Por supuesto!,TE'KINCHI,¡por supuesto!,te'kinchi,flashcards2,P00397,False
U03508,G03265,nosotros esperamos en la casa.,KUDA WA'TEN'TULLI'DEK  PIDEK'KEK,nosotros esperamos en la casa.,kuda wa'ten'tulli'dek pidek'kek,flashcards_oraciones,P00301,False
U00395,G00316,Deja pasar.,TA'ITER' NAKUI,deja pasar.,ta'iter' nakui,flashcards2,P00395,False
U01494,G01305,Déjame terminar.,TA'ITULA'U ATA'WANTAK,déjame terminar.,ta'itula'u ata'wantak,flashcards2,P01494,False
U01125,G00972,Se quemará.,UKER'ECHU,se quemará.,uker'echu,flashcards2,P01125,False
U03050,G02819,Así hablaron los antiguos….,Nu'sui'ma luñi taserpiku'lusa'.....,así hablaron los antiguos….,nu'sui'ma luñi taserpiku'lusa'.....,pdf_textos,P00799,True
U00599,G00494,¡Déjame salir!,¡TA'ITULA'U YUNSUE'CHEK!,¡déjame salir!,¡ta'itula'u yunsue'chek!,flashcards2,P00599,False
U04146,G03883,"Desde entonces y hasta el día de hoy, el viejo Tigre está buscando a su sobrino Carachupa.",Naneklanek Amana’ taserpi ipa’lalek dunker’apalli surinunen Chi’lek.,"desde entonces y hasta el día de hoy, el viejo tigre está buscando a su sobrino carachupa.",naneklanek amana' taserpi ipa'lalek dunker'apalli surinunen chi'lek.,fidel_lomas,P00270,True
U02704,G02473,Sólo los bufeos salieron.,Sapana’lusa’sa’ pekpillina’.,sólo los bufeos salieron.,sapana'lusa'sa' pekpillina'.,pdf_textos,P00453,True
U03036,G02805,"Desde entonces, ahora todos uno y otro lugar nos vamos a conocer.","Nanekla, ipa'li'na iñer inapu'su' pa'akwa' luwetllekwa'.","desde entonces, ahora todos uno y otro lugar nos vamos a conocer.","nanekla, ipa'li'na iñer inapu'su' pa'akwa' luwetllekwa'.",pdf_textos,P00785,False
U00571,G00471,¿Es alto? (estatura - femenino),¿SHILUN A'CHA?,¿es alto? (estatura - femenino),¿shilun a'cha?,flashcards2,P00571,True
U01317,G01140,¿Contento?,¿MUSU'?,¿contento?,¿musu'?,flashcards2,P01317,False
U01779,G01572,Me demandaron.,IKER'LALAK AKU'LLINERKU,me demandaron.,iker'lalak aku'llinerku,flashcards2,P01779,False
U02632,G02401,"Pero dice que no conocían el acarahuasú,","Ñimi’na luwetchi’ñina’ iker’adu,","pero dice que no conocían el acarahuasú,","ñimi'na luwetchi'ñina' iker'adu,",pdf_textos,P00381,True
U02220,G01991,¿Son estudiantes?,¿ÑINCHITULUSA' NUKA'MAMA'?,¿son estudiantes?,¿ñinchitulusa' nuka'mama'?,flashcards2,P02220,False
U04179,G03915,"Solo de día surcábamos, de noche no.","Uklliksa’ penwinerllidek, dekpilli’ ku’la.","solo de día surcábamos, de noche no.","uklliksa' penwinerllidek, dekpilli' ku'la.",fidel_lomas,P00303,True
U03435,G03198,ella no corre muy rápido.,NANA KU'LA TEKA'PI'ÑI ENPU'NI WIU'KSU',ella no corre muy rápido.,nana ku'la teka'pi'ñi enpu'ni wiu'ksu',flashcards_oraciones,P00228,False
U03208,G02977,El niño está corriendo en la chacra.,WILA TEKKA'PALLI MENMIK,el niño está corriendo en la chacra.,wila tekka'palli menmik,flashcards_oraciones,P00001,False
U01706,G01503,¿Cuánto es?,¿ENPUDUNCHA?,¿cuánto es?,¿enpuduncha?,flashcards2,P01706,False
U01340,G01162,¿Hablaste?,¿LUN'NA?,¿hablaste?,¿lun'na?,flashcards2,P01340,False
U03331,G03098,ellas no aman a sus amigos.,NANA' TANTENI'ÑINA' EKKUANENLUSA',ellas no aman a sus amigos.,nana' tanteni'ñina' ekkuanenlusa',flashcards_oraciones,P00124,False
U01771,G01565,Estoy apurado.,WIUK'APALEK,estoy apurado.,wiuk'apalek,flashcards2,P01771,False
U02995,G02764,"Dice que ahí se puso de pie un viejo y dijo: ""Ahora sí hemos conocido otro pueblo. Porque ya se aproxima el día del perecimiento (el día del fin) estamos así.","Nanek ima ala’sa’ taserpi waneran tulli ""Ipa’la’ka ali’la ñinanlu’ luwetchulekwa’. Ipa’ wer’uklli kawi’ta’su malek u’apalekwa’"".",dice que ahí se puso de pie un viejo y dijo: ahora sí hemos conocido otro pueblo. porque ya se aproxima el día del perecimiento (el día del fin) estamos así.,nanek ima ala'sa' taserpi waneran tulli ipa'la'ka ali'la ñinanlu' luwetchulekwa'. ipa' wer'uklli kawi'ta'su malek u'apalekwa'.,pdf_textos,P00744,True
U03768,G03516,las niñas no recuerdan una canción.,NANA WILA KUAPERLUSA KU'LA LLI'INUTAPI'ÑINA ALA'SA' TULUNER',las niñas no recuerdan una canción.,nana wila kuaperlusa ku'la lli'inutapi'ñina ala'sa' tuluner',flashcards_oraciones,P00561,False
U00517,G00424,Puedo saltar.,INNITULEK INDEK'AK,puedo saltar.,innitulek indek'ak,flashcards2,P00517,False
U02163,G01937,Tenemos visita.,A'ÑAPALEKWA' DA'LUSA',tenemos visita.,a'ñapalekwa' da'lusa',flashcards2,P02163,False
U02101,G01876,Curémonos.,INLULEN'AWA',curémonos.,inlulen'awa',flashcards2,P02101,False
U04175,G03911,"Su agua es turbia, no me gustó, no la quería tomar.","Deknen uchulu’dek, iyachi’nek, iyui’nek.","su agua es turbia, no me gustó, no la quería tomar.","deknen uchulu'dek, iyachi'nek, iyui'nek.",fidel_lomas,P00299,True
U02468,G02237,Un día dos muchachas y dos muchachos encontrándolo (en el camino) se burlaron de él.,Ala’lu’sa’ katu’ta’ wilalunlusa’ katu’ta’ yuyu’walusa’ler kaper’anna’ lumellina’.,un día dos muchachas y dos muchachos encontrándolo (en el camino) se burlaron de él.,ala'lu'sa' katu'ta' wilalunlusa' katu'ta' yuyu'walusa'ler kaper'anna' lumellina'.,pdf_textos,P00217,True
U02958,G02727,"De ahí otro grupo se fue, trochando semanas, han hecho trocha.","Naneklima ali’la musun pa’an, sekllintan ima simana’ ima sekllintullina’.","de ahí otro grupo se fue, trochando semanas, han hecho trocha.","naneklima ali'la musun pa'an, sekllintan ima simana' ima sekllintullina'.",pdf_textos,P00707,True
U03567,G03324,ellos lavan la ropa.,NAWA'PEKSA´LLINA' KUTUNLUSA',ellos lavan la ropa.,nawa'peksa'llina' kutunlusa',flashcards_oraciones,P00360,True
U02297,G02066,"lo que vivieron antes nuestros abuelos ya fallecidos, las abuelas finadas.","napi’ nanpirkasu’ papinkuku’lusa’, amiku’lusa’.","lo que vivieron antes nuestros abuelos ya fallecidos, las abuelas finadas.","napi' nanpirkasu' papinkuku'lusa', amiku'lusa'.",pdf_textos,P00046,True
U02906,G02675,"Como después de tres días no aparecieron, el gobernante convocó al pueblo.","Kala ukllima lli’chinpu’a’ser, wa’an peklu’deklli ñinanlu’ nanapu’si’la.","como después de tres días no aparecieron, el gobernante convocó al pueblo.","kala ukllima lli'chinpu'a'ser, wa'an peklu'deklli ñinanlu' nanapu'si'la.",pdf_textos,P00655,True
U00224,G00172,Es divertido.,WA'DANPINTEK,es divertido.,wa'danpintek,flashcards2,P00224,False
U02744,G02513,"Todos (los peces) salieron,","Iñerdaper yu’nkellapilli,","todos (los peces) salieron,","iñerdaper yu'nkellapilli,",pdf_textos,P00493,True
U02008,G01787,Tengo tarea.,AÑAPALEK YANU'TAK,tengo tarea.,añapalek yanu'tak,flashcards2,P02008,False
U01180,G01022,¡Felices sueños!,¡U'CHIMUSHA WICHI'KER'!,¡felices sueños!,¡u'chimusha wichi'ker'!,flashcards2,P01180,True
U01181,G01022,¡Dulces sueños!,¡U'CHIMUSHA WICHI'KER'!,¡dulces sueños!,¡u'chimusha wichi'ker'!,flashcards2,P01181,True
U02647,G02416,"vino la corvina,","lapi’samer uklli,","vino la corvina,","lapi'samer uklli,",pdf_textos,P00396,True
U03272,G03041,Hoy no hay escuela.,IPA'LA ÑI'ÑI ESCUELA,hoy no hay escuela.,ipa'la ñi'ñi escuela,flashcards_oraciones,P00065,False
U03636,G03389,yo no nado con sus amigos.,KUA KU'LA IDUMPINEK' EKKUANENLUSA'LEK,yo no nado con sus amigos.,kua ku'la idumpinek' ekkuanenlusa'lek,flashcards_oraciones,P00429,False
U00823,G00694,Estoy nervioso.,AMERCHA TEKUASU' ÑAPALEK,estoy nervioso.,amercha tekuasu' ñapalek,flashcards2,P00823,False
U04123,G03860,"Entonces, el Carachupa agarró su pifuano y corrió en otra dirección.",Nu’an Chi’lek pilenñanen man tekka’lli ala’lupa’pi’la.,"entonces, el carachupa agarró su pifuano y corrió en otra dirección.",nu'an chi'lek pilenñanen man tekka'lli ala'lupa'pi'la.,fidel_lomas,P00247,True
U02169,G01943,Andamos mucho.,DEK'KUNTAPALLIDEK' WAPU',andamos mucho.,dek'kuntapallidek' wapu',flashcards2,P02169,False
U04196,G03932,Ahí también viajaron los profesores que iban a trabajar en Jeberos.,Nanek’unta’ ukllina’ a’lektuteklusa’ yasaka’tanna’ Shiwiluk.,ahí también viajaron los profesores que iban a trabajar en jeberos.,nanek'unta' ukllina' a'lektuteklusa' yasaka'tanna' shiwiluk.,fidel_lomas,P00320,True
U02523,G02292,"Ahí dice, en ese momento, amaneciendo cuando echaban el barbasco,","Naneklima ipa’linchi ukllinantanna’, apu’pa’ser puñañin,","ahí dice, en ese momento, amaneciendo cuando echaban el barbasco,","naneklima ipa'linchi ukllinantanna', apu'pa'ser puñañin,",pdf_textos,P00272,True
U03224,G02993,niño ríe con su hermano.,WILA YAMER'APALLI DUDENNENLEK',niño ríe con su hermano.,wila yamer'apalli dudennenlek',flashcards_oraciones,P00017,False
U02976,G02745,"Dice que ahí había una autoridad, ahí había gobernante.","Wa'an tullima nanek, nanek wa’an ñiwiñi.","dice que ahí había una autoridad, ahí había gobernante.","wa'an tullima nanek, nanek wa'an ñiwiñi.",pdf_textos,P00725,True
U03336,G03103,los niños aman a su familia.,WILALUSA' TANTENÑINA' PATUN'NENLUSA',los niños aman a su familia.,wilalusa' tantenñina' patun'nenlusa',flashcards_oraciones,P00129,False
U04050,G03787,"Antiguamente, la Iguana y la Motelo eran gente, dos señoritas bonititas eran.",Napi’ ima Pekkuala Madulek muda’ ñanna’ katu’ta’ wilalunlusa’ u’chimulunlunshala ñiwiñina’.,"antiguamente, la iguana y la motelo eran gente, dos señoritas bonititas eran.",napi' ima pekkuala madulek muda' ñanna' katu'ta' wilalunlusa' u'chimulunlunshala ñiwiñina'.,fidel_lomas,P00174,True
U00481,G00390,¡Ya párale!,¡PILLI'TER' NANEK!,¡ya párale!,¡pilli'ter' nanek!,flashcards2,P00481,False
U04352,G04087,"Cuando ya estaban maduros sus sembríos, una parte vendía y otra parte regalaba.","Ipa’ mer’chusik tera’nenlusa’, u’neipi’la uku’latulli, u’neipi’la panutulli.","cuando ya estaban maduros sus sembríos, una parte vendía y otra parte regalaba.","ipa' mer'chusik tera'nenlusa', u'neipi'la uku'latulli, u'neipi'la panutulli.",fidel_lomas,P00476,True
U02359,G02128,"Una vez tanteado entonces se chanca,","Patak ipa’linchi u’deklek,","una vez tanteado entonces se chanca,","patak ipa'linchi u'deklek,",pdf_textos,P00108,True
U01612,G01417,Puedes hacerlo.,YENNITULA NU'TA'MAK,puedes hacerlo.,yennitula nu'ta'mak,flashcards2,P01612,False
U03579,G03334,yo lavo la ropa.,KUA PEKSA'LEK KUTUN,yo lavo la ropa.,kua peksa'lek kutun,flashcards_oraciones,P00372,False
U03319,G03086,la niña abre la ventana.,NANA WILA KU'APER EK'KER'CHULLI VENTANA,la niña abre la ventana.,nana wila ku'aper ek'ker'chulli ventana,flashcards_oraciones,P00112,False
U02657,G02426,En ese tiempo (comentaron) “Dicen que existe un tal Arákayu y tiene peces.,"Napi’pu’ “Arakayu ima nanpipalli, samerwanpalli.",en ese tiempo (comentaron) dicen que existe un tal arákayu y tiene peces.,"napi'pu' arakayu ima nanpipalli, samerwanpalli.",pdf_textos,P00406,True
U03498,G03256,ella espera en la escuela.,NANA WA'TENTULLI ÑINCHITUNAPIDEK'KEK,ella espera en la escuela.,nana wa'tentulli ñinchitunapidek'kek,flashcards_oraciones,P00291,False
U03061,G02830,"Les voy a dar de beber la chicha punta, su espuma les voy a dar de beber"".","A'urkenma' uklupidek, dinpunen a'urkenma'.","les voy a dar de beber la chicha punta, su espuma les voy a dar de beber.","a'urkenma' uklupidek, dinpunen a'urkenma'.",pdf_textos,P00810,True
U00490,G00399,No hables.,YALUNTA',no hables.,yalunta',flashcards2,P00490,False
U03152,G02921,Otros se vinieron a quedar (donde vive) el ave montete.,Ali'lima llia'kelli musenpitek.,otros se vinieron a quedar (donde vive) el ave montete.,ali'lima llia'kelli musenpitek.,pdf_textos,P00901,True
U02131,G01905,Me ignoraron.,LUWER'CHI'ÑINER'KU,me ignoraron.,luwer'chi'ñiner'ku,flashcards2,P02131,False
U03719,G03469,las niñas olvidan una fecha importante.,NANA WILA KU'APERLUSA PINANER'LLINA'  ALA'SA UKLI PA'TA'SU',las niñas olvidan una fecha importante.,nana wila ku'aperlusa pinaner'llina' ala'sa ukli pa'ta'su',flashcards_oraciones,P00512,False
U03114,G02883,“¿Por qué pues han abierto ese camino a Moyobamaba?,“ ¿Ma'ki'nta' asu' Muyunpa inchilala ekketchullina'?,¿por qué pues han abierto ese camino a moyobamaba?,¿ma'ki'nta' asu' muyunpa inchilala ekketchullina'?,pdf_textos,P00863,True
U04374,G04109,Meneleo pishtaba y yo también pishtaba; hasta la noche hemos pishtado.,"Miñiku wika’lli, kuanta’ wika’lek; kasiser’ak walek wika’llidek.",meneleo pishtaba y yo también pishtaba; hasta la noche hemos pishtado.,"miñiku wika'lli, kuanta' wika'lek; kasiser'ak walek wika'llidek.",fidel_lomas,P00498,True
U01544,G01350,Están solos.,NAWA'SA' ÑAPALLINA',están solos.,nawa'sa' ñapallina',flashcards2,P01544,False
U03663,G03415,¿Qué hacen los niños en la fiesta?,¿MA'PU'PALLINA' WILALUSA' PISTAK?,¿qué hacen los niños en la fiesta?,¿ma'pu'pallina' wilalusa' pistak?,flashcards_oraciones,P00456,False
U04240,G03976,"Con eso murieron muchos hermanos de edad avanzada,",Nanalek muinchi yalli’lusa’ chimiñina’,"con eso murieron muchos hermanos de edad avanzada,",nanalek muinchi yalli'lusa' chimiñina',fidel_lomas,P00364,True
U03123,G02892,Hasta acá nomás les he contado la lucha de Malallina con los españoles.,Nanek waleksa' winterkenma' asu' Malallina idenma'su' Ispaña la'la'lusa'lek.,hasta acá nomás les he contado la lucha de malallina con los españoles.,nanek waleksa' winterkenma' asu' malallina idenma'su' ispaña la'la'lusa'lek.,pdf_textos,P00872,False
U00624,G00515,Empieza aquí.,TENMIAN'SUER' ASU',empieza aquí.,tenmian'suer' asu',flashcards2,P00624,False
U02778,G02547,somos víctimas de (la ira de) Arákayu.,Arakayu nenchullinerkenmu’wa’.,somos víctimas de (la ira de) arákayu.,arakayu nenchullinerkenmu'wa'.,pdf_textos,P00527,True
U02776,G02545,"besándose las manos, lloraban.","inmusha’iteklatanna’, wellekllina’.","besándose las manos, lloraban.","inmusha'iteklatanna', wellekllina'.",pdf_textos,P00525,True
U01236,G01069,Estábamos listos.,INSEK'DIPERPI ÑAPAWIÑIDEK,estábamos listos.,insek'diperpi ñapawiñidek,flashcards2,P01236,False
U03774,G03522,ustedes no recuerdan una historia.,KENMAMA' KU'LA LLI'INUTAPI'NAMA' ALA'SA' HISTURIA,ustedes no recuerdan una historia.,kenmama' ku'la lli'inutapi'nama' ala'sa' histuria,flashcards_oraciones,P00567,False
U04439,G04174,"No sabía enojarse, solamente hacía gestos con la boca.","ÑINCHIYUI’NSU’, MERMINLA’SU’.","no sabía enojarse, solamente hacía gestos con la boca.","ñinchiyui'nsu', merminla'su'.",vs_textos_narrativos,P00001,True
U04429,G04164,Olvidada ha vivido por los Ministerios (del Estado).,Pinaner’pi nanpilli Ministeriolusa’malek.,olvidada ha vivido por los ministerios (del estado).,pinaner'pi nanpilli ministeriolusa'malek.,fidel_lomas,P00553,True
U03870,G03614,ustedes viven en el campo.,KENMAMA' NANPI'PALAMA' MENMIK,ustedes viven en el campo.,kenmama' nanpi'palama' menmik,flashcards_oraciones,P00663,False
U01737,G01533,Ahora recuerdo.,IPA'LA LLI'INUTULEK,ahora recuerdo.,ipa'la lli'inutulek,flashcards2,P01737,False
U00478,G00388,¡Pásenle!,ENKA'KU',¡pásenle!,enka'ku',flashcards2,P00478,False
U03627,G03381,los niños no nadan bajo la lluvia.,NANA WILALUSA' KU'LA IDUNPIÑINA' U'LAN WILENKEK,los niños no nadan bajo la lluvia.,nana wilalusa' ku'la idunpiñina' u'lan wilenkek,flashcards_oraciones,P00420,False
U03184,G02953,"Este agarró a San Pedro. ""Ah, Pedro"".","Pilli'tulli asi'na San Pedro. ""Ah, Pideru"".","este agarró a san pedro. ah, pedro.","pilli'tulli asi'na san pedro. ah, pideru.",pdf_textos,P00933,True
U03394,G03158,nosotros caminamos muy rápido.,KUDA DEKKUNTULLIDEK NAKUSU' WIU'KSU',nosotros caminamos muy rápido.,kuda dekkuntullidek nakusu' wiu'ksu',flashcards_oraciones,P00187,False
U03620,G03374,ellas nadan bajo la lluvia.,NAWA'IDUÑINA ULAN' WILEN'KEK,ellas nadan bajo la lluvia.,nawa'iduñina ulan' wilen'kek,flashcards_oraciones,P00413,False
U03090,G02859,"Ahora nosotros, ahora este pueblo se ha dividido en dos: Barrio Bajo y Barrio Alto.","Ipa'li'na' kenmu'wa', ipa' asu' ñinanlu' katu'ta' ñillin: Chilen, Winen.","ahora nosotros, ahora este pueblo se ha dividido en dos: barrio bajo y barrio alto.","ipa'li'na' kenmu'wa', ipa' asu' ñinanlu' katu'ta' ñillin: chilen, winen.",pdf_textos,P00839,False
U02730,G02499,"Quémalos a los malos,","Di’setchudekker muinpu’lusa’,","quémalos a los malos,","di'setchudekker muinpu'lusa',",pdf_textos,P00479,True
U03941,G03685,Mientras tanto el mijano ya va surcando.,"Nanekwalek wadi’ ipa’ penwiner’apilalli,",mientras tanto el mijano ya va surcando.,"nanekwalek wadi' ipa' penwiner'apilalli,",fidel_lomas,P00065,True
U01847,G01636,Estuvo cerca.,ÑAPAWIÑI KAWIK,estuvo cerca.,ñapawiñi kawik,flashcards2,P01847,False
U04332,G04067,"Viajó a Iquitos, a Lima y llegó hasta Chile (con el grupo de teatro).","Pa’lli Iquituk, Llimak, Chilekekwalek ektu’lli.","viajó a iquitos, a lima y llegó hasta chile (con el grupo de teatro).","pa'lli iquituk, llimak, chilekekwalek ektu'lli.",fidel_lomas,P00456,True
U01555,G01361,Tom mentía.,TOM TUMU'PAWIÑI,tom mentía.,tom tumu'pawiñi,flashcards2,P01555,False
U01723,G01520,Odio bailar.,LUYULEK LANSA'AK,odio bailar.,luyulek lansa'ak,flashcards2,P01723,True
U01724,G01520,Detesto bailar.,LUYULEK LANSA'AK,detesto bailar.,luyulek lansa'ak,flashcards2,P01724,True
U02409,G02178,Felizmente tengo hijos.,Mula’si’la wilawanek.,felizmente tengo hijos.,mula'si'la wilawanek.,pdf_textos,P00158,True
U01450,G01262,Soy huérfano.,SUILA NUKA'KA,soy huérfano.,suila nuka'ka,flashcards2,P01450,False
U02950,G02719,Aunque había muerto hablaba:,Chiminla'pi'n ima lunpalli:,aunque había muerto hablaba:,chiminla'pi'n ima lunpalli:,pdf_textos,P00699,False
U02333,G02102,"Todo se está terminando. Jeberos, 25 de julio del 2005",Iñer ta’wantapilallina’.,"todo se está terminando. jeberos, 25 de julio del 2005",iñer ta'wantapilallina'.,pdf_textos,P00082,True
U03948,G03692,"Cuando mayaquea, el gallinazo comiendo loacaba.",Analu’tusik supu’ler ka’an pekdalli.,"cuando mayaquea, el gallinazo comiendo loacaba.",analu'tusik supu'ler ka'an pekdalli.,fidel_lomas,P00072,True
U01241,G01073,Necesitamos más.,LUWANTULLIDEK A'PINTA',necesitamos más.,luwantullidek a'pinta',flashcards2,P01241,False
U00436,G00349,Tom juró.,TOM TULLI,tom juró.,tom tulli,flashcards2,P00436,False
U00862,G00732,Nadie vino.,ÑIDEN U'I'ÑI,nadie vino.,ñiden u'i'ñi,flashcards2,P00862,False
U03471,G03234,nosotras no escribimos una carta.,KUDA KU'LA LLINSERCHI'ÑIDEK ALA'SA' KERKA',nosotras no escribimos una carta.,kuda ku'la llinserchi'ñidek ala'sa' kerka',flashcards_oraciones,P00264,True
U03472,G03234,nosotros no escribimos una carta.,KUDA KU'LA LLINSERCHI'ÑIDEK ALA'SA' KERKA',nosotros no escribimos una carta.,kuda ku'la llinserchi'ñidek ala'sa' kerka',flashcards_oraciones,P00265,True
U04099,G03836,"Le hizo sonar, dice, pero no le hizo sonar tan bonito como pifuaneaba el Carachupa.","A’illiwiñima, ma’shi’na mushasu’ nana Chi’lek pilenñanta’su’pu’su’ a’illi’ñi.","le hizo sonar, dice, pero no le hizo sonar tan bonito como pifuaneaba el carachupa.","a'illiwiñima, ma'shi'na mushasu' nana chi'lek pilenñanta'su'pu'su' a'illi'ñi.",fidel_lomas,P00223,True
U04091,G03828,"“Entonces, yo ahora le voy a quitar su pifuano a este Carachupa,” dijo el abuelo Tigre.","“Nu’pachi kua ipa’la asu’ Chi’lek siwerchechek pilenñanen”, tulli papinku Amana’.","entonces, yo ahora le voy a quitar su pifuano a este carachupa, dijo el abuelo tigre.","nu'pachi kua ipa'la asu' chi'lek siwerchechek pilenñanen, tulli papinku amana'.",fidel_lomas,P00215,True
U00955,G00816,¡Qué confusión!,¡EMBU'NI LUWER'CHI'ÑI!,¡qué confusión!,¡embu'ni luwer'chi'ñi!,flashcards2,P00955,False
U01915,G01700,Pareces cansado.,SAKA'TA'MASU'PU'SU' LLI'TULA,pareces cansado.,saka'ta'masu'pu'su' lli'tula,flashcards2,P01915,False
U01211,G01046,Son feos.,APER'PILUSA' NUKER'KA,son feos.,aper'pilusa' nuker'ka,flashcards2,P01211,False
U03695,G03446,El gato duerme en la mesa.,MISITU WICHI'LLI MISA'K,el gato duerme en la mesa.,misitu wichi'lli misa'k,flashcards_oraciones,P00488,False
U02865,G02634,"Cuando se despierten los unos, hasta que estén despiertos ellos los otros que duerman.",Nanpincha’a’ser nawa’ nanpiladaperkek walek ali’la musun’unta’ wichi’chu’.,"cuando se despierten los unos, hasta que estén despiertos ellos los otros que duerman.",nanpincha'a'ser nawa' nanpiladaperkek walek ali'la musun'unta' wichi'chu'.,pdf_textos,P00614,True
U03907,G03651,"Al fruto del aguaje de chamisal se le llama
“ma’api”.",Ma’a ñipinen peklu’lek ma’api.,al fruto del aguaje de chamisal se le llama ma'api.,ma'a ñipinen peklu'lek ma'api.,fidel_lomas,P00031,True
U04262,G03998,"ponte la mascarilla, "," aku’ker’ patannetchekmapu’, ","ponte la mascarilla,","aku'ker' patannetchekmapu',",fidel_lomas,P00386,True
U01285,G01111,Me asustas.,A'IMANANTULUN,me asustas.,a'imanantulun,flashcards2,P01285,False
U00979,G00838,¡Estás enfermo!,!KALUWI'PALA!,¡estás enfermo!,!kaluwi'pala!,flashcards2,P00979,False
U02283,G02052,"Llévala por ahí a un pueblo lejano, madre”, diciendo así le estoy enseñando.","Nanalupa’ wei ñinanluk ekpanter, awá”, itamu a’lek’apalek.","llévala por ahí a un pueblo lejano, madre, diciendo así le estoy enseñando.","nanalupa' wei ñinanluk ekpanter, awá, itamu a'lek'apalek.",pdf_textos,P00032,True
U03432,G03195,yo construyo un puente.,KUA NU'TULEK ALA'SA' PENTUNAN,yo construyo un puente.,kua nu'tulek ala'sa' pentunan,flashcards_oraciones,P00225,False
U04190,G03926,Vi que vendían de todo.,Lli’lek uku’later’kasu’ dudinpu’lusa’.,vi que vendían de todo.,lli'lek uku'later'kasu' dudinpu'lusa'.,fidel_lomas,P00314,True
U00144,G00100,Ven a beber,UENCHER',ven a beber,uencher',flashcards2,P00144,False
U04348,G04083,"Meneleo, estando en vida, era una buena persona.",Miñiku nanpipan mukankan ñiwiñi.,"meneleo, estando en vida, era una buena persona.",miñiku nanpipan mukankan ñiwiñi.,fidel_lomas,P00472,False
U03326,G03093,el niño no ama la naturaleza.,NANA' WILA TANTENI'ÑI DUDIMPU'LUSA' LUPA'KLA,el niño no ama la naturaleza.,nana' wila tanteni'ñi dudimpu'lusa' lupa'kla,flashcards_oraciones,P00119,False
U01738,G01534,Te recuerdo.,LLI'INUTAPALLIEN,te recuerdo.,lli'inutapallien,flashcards2,P01738,False
U03993,G03737,"Antiguamente, el renaco era una mujer.",Napi’ ella alasa’ ku’aper ñiwiñi.,"antiguamente, el renaco era una mujer.",napi' ella alasa' ku'aper ñiwiñi.,fidel_lomas,P00117,True
U01204,G01039,Ellos vendrán.,NAWA' WENCHE'CHUNA',ellos vendrán.,nawa' wenche'chuna',flashcards2,P01204,False
U00332,G00263,Me tropecé.,PI'SER'KATULEK,me tropecé.,pi'ser'katulek,flashcards2,P00332,False
U01632,G01437,Llegará lejos.,WEI EK'TUE'CHU,llegará lejos.,wei ek'tue'chu,flashcards2,P01632,False
U04297,G04033,En Jeberos ya desapareció el covid-19.,Shiwiluk ipa’ werlli kuvi-19.,en jeberos ya desapareció el covid-19.,shiwiluk ipa' werlli kuvi-19.,fidel_lomas,P00421,True
U04133,G03870," “Ahora sí, atrápame, tío” le dijo el Carachupa al Tigre.","“Ipa’la a’ka pilli’tuu, apetchá!” itulli Chi’lekler Amana’.","ahora sí, atrápame, tío le dijo el carachupa al tigre.","ipa'la a'ka pilli'tuu, apetchá! itulli chi'lekler amana'.",fidel_lomas,P00257,True
U01611,G01416,¡Puedes hacerlo!,¡YENNITULA NU'TA'MAK!,¡puedes hacerlo!,¡yennitula nu'ta'mak!,flashcards2,P01611,False
U03310,G03411,Mi lengua vive en mi memoria.,LA'LA'UK NANPIPALLI MUTU'UKEK,mi lengua vive en mi memoria.,la'la'uk nanpipalli mutu'ukek,flashcards_oraciones,P00103,True
U03659,G03411,Mi lengua vive en mi cabeza.,LA'LA'UK NANPIPALLI MUTU'UKEK,mi lengua vive en mi cabeza.,la'la'uk nanpipalli mutu'ukek,flashcards_oraciones,P00452,True
U02510,G02279,"Sólo eso he hablado. Yurimaguas, Julio 2005",kua nanasa’ lunek.,"sólo eso he hablado. yurimaguas, julio 2005",kua nanasa' lunek.,pdf_textos,P00259,True
U03188,G02957,A Octavio le decían Ukchapi.,Octavio itullina' ukchapi.,a octavio le decían ukchapi.,octavio itullina' ukchapi.,pdf_textos,P00937,False
U01470,G01282,¿Hay más?,¿ÑAPALLI A'PINDA'?,¿hay más?,¿ñapalli a'pinda'?,flashcards2,P01470,False
U01711,G01508,Presto dinero.,ALANTAPALEK KULLIKER',presto dinero.,alantapalek kulliker',flashcards2,P01711,False
U01155,G01001,Nadie sabe.,ÑIDEN ÑINCHICHI'ÑI,nadie sabe.,ñiden ñinchichi'ñi,flashcards2,P01155,False
U02462,G02231,como el motelo caminaba.,madupu’su’ dekkuntuwiñi.,como el motelo caminaba.,madupu'su' dekkuntuwiñi.,pdf_textos,P00211,True
U02428,G02197,Uno a uno van llegando.....,"Ali’la uncha’lli, ali’la uncha’lli....",uno a uno van llegando.....,"ali'la uncha'lli, ali'la uncha'lli....",pdf_textos,P00177,True
U03881,G03625,"Sus calles son rectas, se puede divisar desde el Barrio Bajo hasta el Barrio Alto.","Kallinenlusa’ chekshasu’ nuker’ka, Chilenkeklanek, Winenñupa’walek lli’tulek.","sus calles son rectas, se puede divisar desde el barrio bajo hasta el barrio alto.","kallinenlusa' chekshasu' nuker'ka, chilenkeklanek, winenñupa'walek lli'tulek.",fidel_lomas,P00005,True
U01247,G01078,Nos rendimos.,YENNICHI'NEK'WA',nos rendimos.,yennichi'nek'wa',flashcards2,P01247,False
U00546,G00448,Viví,NAMPILEK,viví,nampilek,flashcards2,P00546,False
U03642,G03405,ella odia la tarea.,NANA LUYULLI YANU'TA'SU',ella odia la tarea.,nana luyulli yanu'ta'su',flashcards_oraciones,P00435,True
U03653,G03405,él odia la tarea.,NANA LUYULLI YANU'TA'SU',él odia la tarea.,nana luyulli yanu'ta'su',flashcards_oraciones,P00446,True
U04274,G04010,"otros decían que la gente rica quería tener más dinero, ","ali’ladaper tullina’ kulliker’wanlusa’ a’pinta’ yakulliker’wañina’, ","otros decían que la gente rica quería tener más dinero,","ali'ladaper tullina' kulliker'wanlusa' a'pinta' yakulliker'wañina',",fidel_lomas,P00398,True
U00104,G00069,Nos vemos.,INLLI'TER,nos vemos.,inlli'ter,flashcards2,P00104,False
U04161,G03897,“Con esto sí que me va a querer esa señorita”.,“Asu’lek a’ka ipa’ luwantetchunku nana wilalunsha”.,con esto sí que me va a querer esa señorita.,asu'lek a'ka ipa' luwantetchunku nana wilalunsha.,fidel_lomas,P00285,True
U03235,G03004,Ellos bailan en la fiesta.,NAWA' LANSA'LLINA' PISTAK',ellos bailan en la fiesta.,nawa' lansa'llina' pistak',flashcards_oraciones,P00028,False
U01383,G01202,Casi morí.,CHIMINWINEK,casi morí.,chiminwinek,flashcards2,P01383,False
U04455,G04190,"como la carita de la luna llena,","LADASHAPU’LLI,","como la carita de la luna llena,","ladashapu'lli,",vs_textos_narrativos,P00017,True
U00081,G00605,Resista.,YAN'KATEK'TER',resista.,yan'katek'ter',flashcards2,P00081,True
U00082,G00605,Resiste.,YAN'KATEK'TER',resiste.,yan'katek'ter',flashcards2,P00082,True
U00726,G00605,Sé tolerante.,YAN'KATEK'TER',sé tolerante.,yan'katek'ter',flashcards2,P00726,True
U01374,G01193,Aquí viene.,ASEK UK'APILELLI,aquí viene.,asek uk'apilelli,flashcards2,P01374,False
U00229,G00175,Es rojo.,PIPERSU' NUKA'A,es rojo.,pipersu' nuka'a,flashcards2,P00229,False
U00158,G00113,Entren.,DA'ENCHA'KU',entren.,da'encha'ku',flashcards2,P00158,False
U00485,G00394,No miren.,YALLI'TAMA,no miren.,yalli'tama,flashcards2,P00485,False
U00560,G00461,Soy codicioso.,IÑER' LUANTULEK WAPU',soy codicioso.,iñer' luantulek wapu',flashcards2,P00560,False
U04404,G04139,"En las escuelas, ","Ñinchituna-pideklusak,","en las escuelas,","ñinchituna-pideklusak,",fidel_lomas,P00528,False
U03278,G03046,Ella pinta con achiote.,NANA LLINSERCHAPALLI LUNKWAPILEK,ella pinta con achiote.,nana llinserchapalli lunkwapilek,flashcards_oraciones,P00071,False
U00962,G00822,¿Quién sos?,¿DENKENA'CHA?,¿quién sos?,¿denkena'cha?,flashcards2,P00962,False
U00078,G01146,Ayúdame.,KATU'PA'U,ayúdame.,katu'pa'u,flashcards2,P00078,True
U01323,G01146,Apóyame.,KATU'PA'U,apóyame.,katu'pa'u,flashcards2,P01323,True
U00257,G00200,Tom perdió.,TOM KANA'CHI'ÑI,tom perdió.,tom kana'chi'ñi,flashcards2,P00257,False
U04220,G03956,Después de la lluvia no se puede caminar,U’lan ma’ta’ yennichi’nek dekkunta’kasu’,después de la lluvia no se puede caminar,u'lan ma'ta' yennichi'nek dekkunta'kasu',fidel_lomas,P00344,True
U00639,G00529,Se quedaron.,LLIA'LLINA',se quedaron.,llia'llina',flashcards2,P00639,True
U00640,G00529,Se mantuvieron.,LLIA'LLINA',se mantuvieron.,llia'llina',flashcards2,P00640,True
U03696,G03447,Yo juego a las escondidas con mi abuelo.,KUA INTEKLITULEK INSEKITAMU PAPINKU'UKLEK,yo juego a las escondidas con mi abuelo.,kua inteklitulek insekitamu papinku'uklek,flashcards_oraciones,P00489,False
U02139,G01913,Les gustará.,IYATECHUNA',les gustará.,iyatechuna',flashcards2,P02139,False
U01057,G00911,Soy chino.,CHINU NUKA'KA,soy chino.,chinu nuka'ka,flashcards2,P01057,False
U01593,G01398,Estamos trabajando.,SAKA'TAPALEKWA',estamos trabajando.,saka'tapalekwa',flashcards2,P01593,False
U02731,G02500,"los de mal corazón que se quemen bien,","mukankinpu’lusa’ uksu’ketchina’,","los de mal corazón que se quemen bien,","mukankinpu'lusa' uksu'ketchina',",pdf_textos,P00480,True
U00870,G00738,Bájalo.,U'NU'WANGER',bájalo.,u'nu'wanger',flashcards2,P00870,False
U01229,G01062,Pruébate estos.,TEKLE'RIER ASU'LUSA,pruébate estos.,tekle'rier asu'lusa,flashcards2,P01229,False
U02871,G02640,De verdad una semana iban abriendo trocha y llegaron a una loma grande.,Tekkinchima ala’simana’ sekllintapilanna’ ektu’llina’ ala’sa’ kupin mutupi.,de verdad una semana iban abriendo trocha y llegaron a una loma grande.,tekkinchima ala'simana' sekllintapilanna' ektu'llina' ala'sa' kupin mutupi.,pdf_textos,P00620,True
U03267,G03036,Mi abuelo se fue a pescar.,PAPINKU'UK PA'LLI YA PUR'AN,mi abuelo se fue a pescar.,papinku'uk pa'lli ya pur'an,flashcards_oraciones,P00060,False
U03303,G03071,"¿Puedes repetir eso, por favor?",TUNUNDA' NANSIN ASU' YUSMALEK,"¿puedes repetir eso, por favor?",tununda' nansin asu' yusmalek,flashcards_oraciones,P00096,False
U02936,G02705,“Van a escuchar (ruido) y en ese momento va a venir. ¡Peleen!,"“Lauk’apetchuma’, ipa’la u’etchu. ¡Idenmaku’la’!",van a escuchar (ruido) y en ese momento va a venir. ¡peleen!,"lauk'apetchuma', ipa'la u'etchu. ¡idenmaku'la'!",pdf_textos,P00685,True
U00051,G00040,Ganamos.,KANA'LLIDEK,ganamos.,kana'llidek,flashcards2,P00051,False
U00009,G00006,¡Socorro! ¡Auxilio!,¡KATU'PA'! ¡KATU'PA'!,¡socorro! ¡auxilio!,¡katu'pa'! ¡katu'pa'!,flashcards2,P00009,False
U00520,G00427,Sé nadar.,ÑINCHITAPALEK IDUN'AK,sé nadar.,ñinchitapalek idun'ak,flashcards2,P00520,False
U02828,G02597,“La mataré” dijo y le trozó el corazón.,“Di’tetchek” tan dinlupinen dektuintulli.,la mataré dijo y le trozó el corazón.,di'tetchek tan dinlupinen dektuintulli.,pdf_textos,P00577,True
U04143,G03880,"“¡Pifuanea otra vez, vamos a bailar!” ","“¡Pilenñantununter’, lanserchidek!” ","¡pifuanea otra vez, vamos a bailar!","¡pilenñantununter', lanserchidek!",fidel_lomas,P00267,True
U01913,G01699,Me mentiste.,TUMU'TULUN,me mentiste.,tumu'tulun,flashcards2,P01913,False
U01596,G01401,¿Estabas enfermo?,¿KALUWI'SU' ÑAPAWINA?,¿estabas enfermo?,¿kaluwi'su' ñapawina?,flashcards2,P01596,False
U00423,G00338,¡Cuidate!,INLUUKTER',¡cuidate!,inluukter',flashcards2,P00423,True
U00424,G00338,¡Te cuidas!,INLUUKTER',¡te cuidas!,inluukter',flashcards2,P00424,True
U03757,G03506,yo no pinto una casa.,KUA KU'LA LLINSERI'NEK ALA'SA' PIDEK,yo no pinto una casa.,kua ku'la llinseri'nek ala'sa' pidek,flashcards_oraciones,P00550,False
U03823,G03569,el niño no ve a sus amigos.,NANA WILA KU'LA' LLIAPI'ÑI EKKUANENLU'SA',el niño no ve a sus amigos.,nana wila ku'la' lliapi'ñi ekkuanenlu'sa',flashcards_oraciones,P00616,False
U01900,G01688,¿Estabas allí?,¿NANEK ÑAPAWINA?,¿estabas allí?,¿nanek ñapawina?,flashcards2,P01900,False
U00305,G00240,Olvídenme.,PINANER'U'KU,olvídenme.,pinaner'u'ku,flashcards2,P00305,False
U01245,G01077,¡Lo conseguimos!,¡KANANEKWA'!,¡lo conseguimos!,¡kananekwa'!,flashcards2,P01245,True
U01246,G01077,¡Lo logramos!,¡KANANEKWA'!,¡lo logramos!,¡kananekwa'!,flashcards2,P01246,True
U03244,G03013,Esa fruta está dulce.,NANA WAYUPI KASERLLI,esa fruta está dulce.,nana wayupi kaserlli,flashcards_oraciones,P00037,False
U00861,G00731,Nadie murió.,ÑIDEN CHIMII'ÑI,nadie murió.,ñiden chimii'ñi,flashcards2,P00861,False
U00865,G00735,Ahora resiste.,IPA'LA YAN'KATEKTER',ahora resiste.,ipa'la yan'katekter',flashcards2,P00865,False
U02736,G02505,"de cuello colorado, de cara colorada.","piper’unkellu’, pipelladasu’.","de cuello colorado, de cara colorada.","piper'unkellu', pipelladasu'.",pdf_textos,P00485,True
U00880,G00746,Muéstrame cómo.,A'LI'U MA'PU'SU',muéstrame cómo.,a'li'u ma'pu'su',flashcards2,P00880,False
U00857,G00727,Vayámonos.,PA'AWA',vayámonos.,pa'awa',flashcards2,P00857,False
U03812,G03559,las niñas trabajan en la casa.,NANA WILA KUAPERLUSA' SAKA'TAPALLINA PIDEK'KEK,las niñas trabajan en la casa.,nana wila kuaperlusa' saka'tapallina pidek'kek,flashcards_oraciones,P00605,False
U02374,G02143,ese líquido al anochecer se lo endulza discursando a la abeja “mi’len”2:,nana di’din er’washinchi a’kasekchulek mi’len ulen’ak:,ese líquido al anochecer se lo endulza discursando a la abeja mi'len2:,nana di'din er'washinchi a'kasekchulek mi'len ulen'ak:,pdf_textos,P00123,True
U01688,G01486,Buenas tardes.,MUER'WA,buenas tardes.,muer'wa,flashcards2,P01688,False
U02248,G02017,¿Cuánto mides?,¿EMPU'DUN PICHIAPALA?,¿cuánto mides?,¿empu'dun pichiapala?,flashcards2,P02248,False
U00428,G00341,Eso es.,NANA NUKA'A,eso es.,nana nuka'a,flashcards2,P00428,False
U02665,G02434,Le fueron a decir los policías:,Wintunta’llima wala’wanlusa’ler:,le fueron a decir los policías:,wintunta'llima wala'wanlusa'ler:,pdf_textos,P00414,True
U00666,G00552,Tom sonrió.,TOM YAMERLADALLI,tom sonrió.,tom yamerladalli,flashcards2,P00666,False
U01858,G01646,Tienen vino.,A'ÑAPALLINA' VINU',tienen vino.,a'ñapallina' vinu',flashcards2,P01858,False
U02290,G02059,"Ella que lleve (mi palabra) a otro pueblo,","Nana ekpanta’i, ekpanta’i nerñinanluk,","ella que lleve (mi palabra) a otro pueblo,","nana ekpanta'i, ekpanta'i nerñinanluk,",pdf_textos,P00039,True
U00162,G00116,Pásala bien.,MUSU'NAKUKER',pásala bien.,musu'nakuker',flashcards2,P00162,False
U00143,G00227,Venga.,WENCHER',venga.,wencher',flashcards2,P00143,True
U00291,G00227,Ven.,WENCHER',ven.,wencher',flashcards2,P00291,True
U01251,G01081,Estamos asustados.,IMANTUSU' ÑAPALLIDEK,estamos asustados.,imantusu' ñapallidek,flashcards2,P01251,False
U00150,G00106,¡Piérdete!,¡WER'KER'!,¡piérdete!,¡wer'ker'!,flashcards2,P00150,False
U04015,G03752,Antiguamente la sachavaca era persona y quería engordarse.,Napi’ panwala muda’ñan yaweiwiñi.,antiguamente la sachavaca era persona y quería engordarse.,napi' panwala muda'ñan yaweiwiñi.,fidel_lomas,P00139,True
U04280,G04016,Yo ya estoy viviendo 70 años y nunca hemos oído de estas enfermedades.,"Kua ipa’ nanpipalek kanchis-shunka’ ekkilala, ñi enpi’ lawekchi’nekwa’ asu’ kaluwi’lusa’ki.",yo ya estoy viviendo 70 años y nunca hemos oído de estas enfermedades.,"kua ipa' nanpipalek kanchis-shunka' ekkilala, ñi enpi' lawekchi'nekwa' asu' kaluwi'lusa'ki.",fidel_lomas,P00404,True
U04358,G04093,"Quedándose bien dormido, se olvidó de botar el agua.",Nakusu’ wichi’an pinanerlli dinki’yekta’su’.,"quedándose bien dormido, se olvidó de botar el agua.",nakusu' wichi'an pinanerlli dinki'yekta'su'.,fidel_lomas,P00482,True
U02071,G01848,Era fabuloso.,U'CHIMU'ÑIWIÑI,era fabuloso.,u'chimu'ñiwiñi,flashcards2,P02071,False
U02537,G02306,Voy a cerrar mi boca fuerte. Cuando vuelva a abrirla y saque (los pescados) coman.,Inlasiser’chek. Lauknunta’ asek kui’na usunma’ ka’ku’.,voy a cerrar mi boca fuerte. cuando vuelva a abrirla y saque (los pescados) coman.,inlasiser'chek. lauknunta' asek kui'na usunma' ka'ku'.,pdf_textos,P00286,True
U02822,G02591,Ahora a la que antes llamaban “Ballena Poza” la llaman “Campana Poza”.,Ipa’la “Lanla’ Pitun” itullina’ napi’ ipa’li’na “Kanpana’ Pitun” itullina’.,ahora a la que antes llamaban ballena poza la llaman campana poza.,ipa'la lanla' pitun itullina' napi' ipa'li'na kanpana' pitun itullina'.,pdf_textos,P00571,True
U02651,G02420,¿Qué más van a necesitar ustedes?”,¿Ma’nen ila’cha luwantekchuma’ kenmama’?”,¿qué más van a necesitar ustedes?,¿ma'nen ila'cha luwantekchuma' kenmama'?,pdf_textos,P00400,True
U03831,G03576,nosotros no vemos a sus amigos.,KUDA KU'LA' LLI'APIÑIDEK PATU'NENLU'SA',nosotros no vemos a sus amigos.,kuda ku'la' lli'apiñidek patu'nenlu'sa',flashcards_oraciones,P00624,False
U03649,G03401,nosotros no odiamos la tarea.,KUDA KU'LA' LUYUIÑIDEK YANU'TA'KAWA'SU',nosotros no odiamos la tarea.,kuda ku'la' luyuiñidek yanu'ta'kawa'su',flashcards_oraciones,P00442,False
U00049,G00038,Pruébalo. (intentar),TEKLE'RIER',pruébalo. (intentar),tekle'rier',flashcards2,P00049,True
U04378,G04113,"Cuando amaneció, cargamos nuestras canoas y bajamos el Aipena.","Ukllisik kala’tullidek nunwidek, nu’wantencha’llidek Erpina’.","cuando amaneció, cargamos nuestras canoas y bajamos el aipena.","ukllisik kala'tullidek nunwidek, nu'wantencha'llidek erpina'.",fidel_lomas,P00502,True
U02152,G01926,Tom aceleró.,TOM NAKUSU' A'TEKA'LLI,tom aceleró.,tom nakusu' a'teka'lli,flashcards2,P02152,False
U01060,G00913,Estoy rezando.,MALLIA'PALEK,estoy rezando.,mallia'palek,flashcards2,P01060,False
U01292,G01117,Es cruel.,MUKANKAN'INPU' NUKA'A,es cruel.,mukankan'inpu' nuka'a,flashcards2,P01292,False
U02721,G02490,"Enojándose (Arákayu) se fue dejándolos, tras icarar se fue y los dejó.","Yun pa’lapinta’lli, pekkun pa’lapinta’lli.","enojándose (arákayu) se fue dejándolos, tras icarar se fue y los dejó.","yun pa'lapinta'lli, pekkun pa'lapinta'lli.",pdf_textos,P00470,True
U02107,G01882,Achícalo.,DE'A'MERKER',achícalo.,de'a'merker',flashcards2,P02107,False
U01922,G01707,Estabas feliz.,MUSU' ÑAPAWINA,estabas feliz.,musu' ñapawina,flashcards2,P01922,False
U00953,G00814,¡Qué desastre!,¡EMBU'NI PANGER'IPA'!,¡qué desastre!,¡embu'ni panger'ipa'!,flashcards2,P00953,False
U01182,G01023,¡Relajate!,¡LATADA'KER'!,¡relajate!,¡latada'ker'!,flashcards2,P01182,False
U00303,G00238,Síguenos.,TUPI'TU'UDEK,síguenos.,tupi'tu'udek,flashcards2,P00303,False
U02072,G01849,Pronto lloverá.,IPIA'LA U'LENCHU,pronto lloverá.,ipia'la u'lenchu,flashcards2,P02072,False
U02151,G01925,Están trabajando.,SAKA'TAPALLINA',están trabajando.,saka'tapallina',flashcards2,P02151,False
U04529,G04238,"Los adultos me desanimaron de ser pintor, cuando yo quería serlo, a la edad en que decidí dedicarme a ello.","TASERPILUSA' A'TAITULALLINERKU LINSERCHAK KUA YA LLISENCHURVINEK, WILAPI'LA ÑAMU","los adultos me desanimaron de ser pintor, cuando yo quería serlo, a la edad en que decidí dedicarme a ello.","taserpilusa' a'taitulallinerku linserchak kua ya llisenchurvinek, wilapi'la ñamu",el_principito,P00012,True
U03028,G02797,"¡Imaginate, ellos sin saber leer!","Enta'n, nawa' kerka' ñinchilli'npu'la'pi'na'.","¡imaginate, ellos sin saber leer!","enta'n, nawa' kerka' ñinchilli'npu'la'pi'na'.",pdf_textos,P00777,False
U02852,G02621,A todos ellos matándolos bien vamos a ir.,Nanadaper a’ka di’tupatekwa’ musu’ pa’aterwa’.,a todos ellos matándolos bien vamos a ir.,nanadaper a'ka di'tupatekwa' musu' pa'aterwa'.,pdf_textos,P00601,True
U02162,G01936,Cerramos temprano.,SHAMPASIK UNKU'TULEKWA',cerramos temprano.,shampasik unku'tulekwa',flashcards2,P02162,False
U03874,G03618,yo no vivo en la casa.,KUA KU'LA NANPI'PINEK PIDEK'KEK,yo no vivo en la casa.,kua ku'la nanpi'pinek pidek'kek,flashcards_oraciones,P00667,False
U02316,G02085,para que no se acabe aquí esta lengua que hablamos.,ta’wanchinpu’ek asu’lupa namasu’ la’la’ lu’nkawasu’.,para que no se acabe aquí esta lengua que hablamos.,ta'wanchinpu'ek asu'lupa namasu' la'la' lu'nkawasu'.,pdf_textos,P00065,True
U01592,G01397,Estamos ganando.,KANA'TAPALEKWA',estamos ganando.,kana'tapalekwa',flashcards2,P01592,False
U00264,G00207,Prueba esto. (saborear),LATA'KER' ASU',prueba esto. (saborear),lata'ker' asu',flashcards2,P00264,True
U01010,G00867,Ven enseguida.,WEK'KER' IPIA'LA,ven enseguida.,wek'ker' ipia'la,flashcards2,P01010,False
U03611,G03365,nosotros no limpiamos el cuarto.,KUDA KU'LA WITEK'API'ÑIDEK WICHI'AK,nosotros no limpiamos el cuarto.,kuda ku'la witek'api'ñidek wichi'ak,flashcards_oraciones,P00404,False
U01653,G01455,¿Puedo besarte?,¿YENNITULEK MUSHA'A'KIK?,¿puedo besarte?,¿yennitulek musha'a'kik?,flashcards2,P01653,False
U00382,G00307,¡Suéltame!,¡APU'U!,¡suéltame!,¡apu'u!,flashcards2,P00382,False
U03092,G02861,"Nuestro pueblo, los que viven en el Barrio Bajo, van a pandillar por el Barrio Bajo; los que viven por el Barrio Alto, por el Barrio Alto"", dijeron.","Ñinanlu'mapu'wa', Chilenkek ña'su', Chilenllupa' chu'kenetchu; Winenllupa' ña'su', Winenllupa’”, tanni'ma.","nuestro pueblo, los que viven en el barrio bajo, van a pandillar por el barrio bajo; los que viven por el barrio alto, por el barrio alto, dijeron.","ñinanlu'mapu'wa', chilenkek ña'su', chilenllupa' chu'kenetchu; winenllupa' ña'su', winenllupa', tanni'ma.",pdf_textos,P00841,True
U03515,G03272,yo espero con tranquilidad.,KUA PUR'LEK MUSICLANLEK',yo espero con tranquilidad.,kua pur'lek musiclanlek',flashcards_oraciones,P00308,False
U03017,G02786,"""No se vayan por ese camino"" decía un abuelito.","""Aner nanalupa' yapa'tama"" tullima ala'sa' papinkusha.",no se vayan por ese camino decía un abuelito.,aner nanalupa' yapa'tama tullima ala'sa' papinkusha.,pdf_textos,P00766,True
U03379,G03145,el niño camina en la escuela.,NANAWILA DEKKUNTULLI ÑINCHITUPIDEK'KEK',el niño camina en la escuela.,nanawila dekkuntulli ñinchitupidek'kek',flashcards_oraciones,P00172,False
U02444,G02213,"Preparando la comida me dan de comer, me alimentan.","Akusutuker’anna’ a’ka’llinerku, a’uranñinerku.","preparando la comida me dan de comer, me alimentan.","akusutuker'anna' a'ka'llinerku, a'uranñinerku.",pdf_textos,P00193,True
U01265,G01094,Eres bueno.,U'CHIMU NUKA'MA,eres bueno.,u'chimu nuka'ma,flashcards2,P01265,False
U00146,G00102,Espósale.,TENPU'KER',espósale.,tenpu'ker',flashcards2,P00146,False
U03056,G02825,"Dice que, antiguamente, (los españoles) los maltrataban, les reñían, los paleaban, los hacían trabajar hasta muy tarde.","Napi' ima llikanetchudek'i'ñina', yutudekllini'ma, llipu'tudekllini'ma, er'washinchi walek a'saka'tudekllina'.","dice que, antiguamente, (los españoles) los maltrataban, les reñían, los paleaban, los hacían trabajar hasta muy tarde.","napi' ima llikanetchudek'i'ñina', yutudekllini'ma, llipu'tudekllini'ma, er'washinchi walek a'saka'tudekllina'.",pdf_textos,P00805,True
U01303,G01128,Eres duro.,WATENSU' NUKA'MA,eres duro.,watensu' nuka'ma,flashcards2,P01303,False
U00180,G00134,Renuncio.,YUNSU'LEK',renuncio.,yunsu'lek',flashcards2,P00180,False
U02213,G01984,Estás soñando.,WA'LATAPALA,estás soñando.,wa'latapala,flashcards2,P02213,False
U04021,G03758,Haciéndole cosquillas le quitó su carne.,Shikillek’an siwerchulli lu’lunnen. ,haciéndole cosquillas le quitó su carne.,shikillek'an siwerchulli lu'lunnen.,fidel_lomas,P00145,True
U01636,G01440,¿Bromeas?,¿SI'LENTAPALA'?,¿bromeas?,¿si'lentapala'?,flashcards2,P01636,False
U03086,G02855,Veinticinco años pasaron y cuando las autoridades que habían hablado con Malallina murieron volvieron (a Jeberos).,"Katu'shunka' alei'teklun ekkilala ñisik ima, nana wa'anku’lusa' Malallinalek lu’rnkasu' nawei'ma ipa' chimia'ser adankenñunta'llina'.",veinticinco años pasaron y cuando las autoridades que habían hablado con malallina murieron volvieron (a jeberos).,"katu'shunka' alei'teklun ekkilala ñisik ima, nana wa'anku'lusa' malallinalek lu'rnkasu' nawei'ma ipa' chimia'ser adankenñunta'llina'.",pdf_textos,P00835,True
U00188,G00139,Soy calvo.,NUWEK'MUTU'KU,soy calvo.,nuwek'mutu'ku,flashcards2,P00188,False
U01379,G01198,¿Cómo estáis?,¿MA'PU'SIN?,¿cómo estáis?,¿ma'pu'sin?,flashcards2,P01379,False
U04273,G04009,"otros decían que hemos aumentado mucho en la Tierra y va a faltar comida,","ali’ladaper tullina’ nakusi’ma nadalekwa’ Lupak, weran pawenchu,","otros decían que hemos aumentado mucho en la tierra y va a faltar comida,","ali'ladaper tullina' nakusi'ma nadalekwa' lupak, weran pawenchu,",fidel_lomas,P00397,True
U03934,G03678,Al anzuelo se lo empata con peje.,Utekkunan dektu’tulek samerlek.,al anzuelo se lo empata con peje.,utekkunan dektu'tulek samerlek.,fidel_lomas,P00058,True
U04199,G03935,"Siendo ya un joven, yo también quería vestirme como los demás.",Ipa’ nadi’nektamu kuanta’ yai’shiwanek ali’ladaperpu’su’.,"siendo ya un joven, yo también quería vestirme como los demás.",ipa' nadi'nektamu kuanta' yai'shiwanek ali'ladaperpu'su'.,fidel_lomas,P00323,True
U03937,G03681,Se alimentan de puro peje.,Nawa’ weranenna’ nuka’a samersa’.,se alimentan de puro peje.,nawa' weranenna' nuka'a samersa'.,fidel_lomas,P00061,True
U01240,G01672,Necesitamos ayuda.,LUWANTULLIDEK KATU'PA',necesitamos ayuda.,luwantullidek katu'pa',flashcards2,P01240,True
U01884,G01672,Necesitábamos ayuda.,LUWANTULLIDEK KATU'PA',necesitábamos ayuda.,luwantullidek katu'pa',flashcards2,P01884,True
U01078,G00931,Te necesitaba.,LUWANTUWIÑEN,te necesitaba.,luwantuwiñen,flashcards2,P01078,False
U02302,G02071,¿Por qué no entienden?,¿Ma’ki’na ñinchichi’ñina’?,¿por qué no entienden?,¿ma'ki'na ñinchichi'ñina'?,pdf_textos,P00051,True
U04435,G04170,"Siquiera mis relatos que vivan, para que otros vean."," Llinserwekta’la nanpii, ali’ladaper lli’erkek.","siquiera mis relatos que vivan, para que otros vean.","llinserwekta'la nanpii, ali'ladaper lli'erkek.",fidel_lomas,P00559,True
U02328,G02097,"no les importa,","ñi yalui’ñina’,","no les importa,","ñi yalui'ñina',",pdf_textos,P00077,True
U02581,G02350,Ahora voy a contar de qué manera vivió Arákayu en la ribera del río Pampayacu.,Ipa’la lunchek Arakayu ma’pu’si’pa’ nanpilli Panpadek ukuchik.,ahora voy a contar de qué manera vivió arákayu en la ribera del río pampayacu.,ipa'la lunchek arakayu ma'pu'si'pa' nanpilli panpadek ukuchik.,pdf_textos,P00330,True
U03068,G02837,"Cómo yo siendo mujer (me rebelo), les estoy diciendo a todos párense, les pido a todos que se pongan de pie. Así se van a parar, ahí está.","Ma'pu'si'na kua ku'aperku ñamu... Iñer itapallenma' wanerku', nu'su' waneretchuma', ma'ata'na.","cómo yo siendo mujer (me rebelo), les estoy diciendo a todos párense, les pido a todos que se pongan de pie. así se van a parar, ahí está.","ma'pu'si'na kua ku'aperku ñamu... iñer itapallenma' wanerku', nu'su' waneretchuma', ma'ata'na.",pdf_textos,P00817,True
U03398,G03162,ustedes caminan en la escuela.,KENMAMA' DEKKUNTULAMA ÑINCHITUPIDEK'KEK',ustedes caminan en la escuela.,kenmama' dekkuntulama ñinchitupidek'kek',flashcards_oraciones,P00191,False
U01828,G01618,Escucha atentamente.,LAU'KER' MUSU',escucha atentamente.,lau'ker' musu',flashcards2,P01828,False
U00306,G00241,Preparense.,INSEK'DIPERKU',preparense.,insek'diperku',flashcards2,P00306,False
U00511,G00418,¡Qué bonito!,¡EMBU'NI MUSHIPA'!,¡qué bonito!,¡embu'ni mushipa'!,flashcards2,P00511,False
U00516,G00423,¡Estoy feliz!,¡MUSU' NAMPIPALEK!,¡estoy feliz!,¡musu' nampipalek!,flashcards2,P00516,False
U02360,G02129,"en la misma olla se chanca y se va batiendo,","wa’nauktak i’la u’deklek, pitawilek,","en la misma olla se chanca y se va batiendo,","wa'nauktak i'la u'deklek, pitawilek,",pdf_textos,P00109,True
U00842,G00712,Fue real.,ÑIWIÑI TEKINCHI,fue real.,ñiwiñi tekinchi,flashcards2,P00842,False
U02464,G02233,"Sacando yuca la depositaban,","Ker’ uka’nna’ kala’tullina’,","sacando yuca la depositaban,","ker' uka'nna' kala'tullina',",pdf_textos,P00213,True
U03637,G03390,yo no nado en la cocha.,KUA KU'LA IDUMPINEK' SENANKEK,yo no nado en la cocha.,kua ku'la idumpinek' senankek,flashcards_oraciones,P00430,False
U04160,G03896,Mientras volvía venía diciendo: ,Adanpilencha’n tapilencha’lli: ,mientras volvía venía diciendo:,adanpilencha'n tapilencha'lli:,fidel_lomas,P00284,True
U02378,G02147,Maíz crudo molido también se hierve en otra olla.,Chiter nanpi peksanpi nananta’ ali’la uktak a’ukluka’lek.,maíz crudo molido también se hierve en otra olla.,chiter nanpi peksanpi nananta' ali'la uktak a'ukluka'lek.,pdf_textos,P00127,True
U04032,G03769,(La Mujer Sachavaca) no se sentía bien al no completar su carne.,Musu’ kankanchi’ñi a’yennichinpu’ lu’lunnen.,(la mujer sachavaca) no se sentía bien al no completar su carne.,musu' kankanchi'ñi a'yennichinpu' lu'lunnen.,fidel_lomas,P00156,True
U03354,G03121,yo bailo con alegría.,KUA LANSA'LEK' SAKEK'SU',yo bailo con alegría.,kua lansa'lek' sakek'su',flashcards_oraciones,P00147,False
U01581,G01386,Estamos intrigados.,LACHEK'INSU' ÑAPALLIDEK,estamos intrigados.,lachek'insu' ñapallidek,flashcards2,P01581,False
U01815,G01606,Déjelo ahí.,TA'ITULER NANEK,déjelo ahí.,ta'ituler nanek,flashcards2,P01815,False
U03019,G02788,Así seguía hasta que trajeron por acá (por Jeberos) mujeres adineradas.,Nu'apileklima kencha'llina' inalupa' ku'apellusa' kullikerwanlusa'.,así seguía hasta que trajeron por acá (por jeberos) mujeres adineradas.,nu'apileklima kencha'llina' inalupa' ku'apellusa' kullikerwanlusa'.,pdf_textos,P00768,True
U03864,G03609,las niñas viven en el campo.,NANA WILA KUAPERLUSA' NANPI'PALLINA MENMIK,las niñas viven en el campo.,nana wila kuaperlusa' nanpi'pallina menmik,flashcards_oraciones,P00657,False
U01067,G00920,No pagué.,PANWILEKCHI'NEK,no pagué.,panwilekchi'nek,flashcards2,P01067,False
U00269,G00211,Obsérvalos.,LLI'DEK'KU',obsérvalos.,lli'dek'ku',flashcards2,P00269,False
U03135,G02904,"Ese Sekputchek era bien miserable, no se conformaba con poquito.","Nana Sekputchek ima'ka nana aperku'tek ima, ñima luwanchi'ñi u'ñisha.","ese sekputchek era bien miserable, no se conformaba con poquito.","nana sekputchek ima'ka nana aperku'tek ima, ñima luwanchi'ñi u'ñisha.",pdf_textos,P00884,False
U03894,G03638,El monte de Jeberos es tierra de altura.,Shiwilu tanan erpilu’ nuka’a.,el monte de jeberos es tierra de altura.,shiwilu tanan erpilu' nuka'a.,fidel_lomas,P00018,True
U00551,G00452,Llegué tarde.,ETU'KERLEK ER'WA,llegué tarde.,etu'kerlek er'wa,flashcards2,P00551,False
U01594,G01399,¿Estabas ocupado?,¿AÑAPAWINANCHA' MA'NEN'UN'TA' NUTA'MAK?,¿estabas ocupado?,¿añapawinancha' ma'nen'un'ta' nuta'mak?,flashcards2,P01594,False
U00824,G00695,Soy neutral.,ÑIDENKINPU' NUKA'KA,soy neutral.,ñidenkinpu' nuka'ka,flashcards2,P00824,False
U02966,G02735,"¡Qué clase (de personas) quizá somos!"" dijo (pues nos debimos prevenir desde un principio). ""Pero ya le hemos muerto al tigre negro"".",Ma’pu’a’ka’wasui’pa’ ñak kua’” tullima. “Ipi’na dei’tulekwa’ kelluluñiñi’.,¡qué clase (de personas) quizá somos! dijo (pues nos debimos prevenir desde un principio). pero ya le hemos muerto al tigre negro.,ma'pu'a'ka'wasui'pa' ñak kua' tullima. ipi'na dei'tulekwa' kelluluñiñi'.,pdf_textos,P00715,True
U04004,G03741,"Luego, a otro joven le encontró, él tampoco quiso
acercársele.","Nanekla ali’la nadi’nek kanañi, nanalerunta’ yakawi’i’ñi.","luego, a otro joven le encontró, él tampoco quiso acercársele.","nanekla ali'la nadi'nek kanañi, nanalerunta' yakawi'i'ñi.",fidel_lomas,P00128,True
U00026,G00021,Métete adentro.,DA'KER' KINEKLA,métete adentro.,da'ker' kinekla,flashcards2,P00026,False
U01326,G01149,Pide ayuda.,LEKTER' KATU'PA',pide ayuda.,lekter' katu'pa',flashcards2,P01326,True
U01327,G01149,Pida ayuda.,LEKTER' KATU'PA',pida ayuda.,lekter' katu'pa',flashcards2,P01327,True
U03783,G03530,la niña no sube a la montaña.,NANA WILA KUAPER KU'LA CHINTEK'IÑI MUTUPIK,la niña no sube a la montaña.,nana wila kuaper ku'la chintek'iñi mutupik,flashcards_oraciones,P00576,False
U02081,G01857,Solo continúa.,TUPITER'SA',solo continúa.,tupiter'sa',flashcards2,P02081,False
U00760,G00635,Está fingiendo comer.,INTEK WERANPALLI,está fingiendo comer.,intek weranpalli,flashcards2,P00760,False
U02365,G02134,Ahora ya no se ven las ollas grandes de barro.,Ipa’la a’pinta’ kupin ukta lli’tapi’ñi.,ahora ya no se ven las ollas grandes de barro.,ipa'la a'pinta' kupin ukta lli'tapi'ñi.,pdf_textos,P00114,True
U01023,G00879,¿Luzco bien?,¿LLITAPALEK MUSU'?,¿luzco bien?,¿llitapalek musu'?,flashcards2,P01023,False
U00549,G00451,¡Quiero uno!,ALA'SA' LUANTULEK,¡quiero uno!,ala'sa' luantulek,flashcards2,P00549,True
U00550,G00451,¡Quiero una!,ALA'SA' LUANTULEK,¡quiero una!,ala'sa' luantulek,flashcards2,P00550,True
U03830,G03575,nosotras vemos una película.,KUDA LLI'APALLIDEK ALA'SA' PILLICU'LA',nosotras vemos una película.,kuda lli'apallidek ala'sa' pillicu'la',flashcards_oraciones,P00623,False
U00606,G00498,Cantemos.,TULUNER'AWA',cantemos.,tuluner'awa',flashcards2,P00606,False
U04355,G04090,"Una vez nos fuimos por el alto Aipena; yo en mi canoa, él en su canoa.","Ala’lu’sa’ pa’llidek Erpina’ winenñupa’; kua nunwekkek, nana nunenkek.","una vez nos fuimos por el alto aipena; yo en mi canoa, él en su canoa.","ala'lu'sa' pa'llidek erpina' winenñupa'; kua nunwekkek, nana nunenkek.",fidel_lomas,P00479,True
U02582,G02351,Los antiguos finados contaron que antes ellos no conocían la ribera del Pampayacu.,Papinkuku’lusa’ tullina’ napi’ ima nawa’ luwer’inpu’wiñina’ Panpadek ukuchin.,los antiguos finados contaron que antes ellos no conocían la ribera del pampayacu.,papinkuku'lusa' tullina' napi' ima nawa' luwer'inpu'wiñina' panpadek ukuchin.,pdf_textos,P00331,True
U00745,G00621,No sonrían.,YAYAMERLADATAMA',no sonrían.,yayamerladatama',flashcards2,P00745,False
U04208,G03944,En todo el pueblo hay bastantes tiendas.,Iñer ñinanluk wapu’ chinta’lusa’ ñapallina’. ,en todo el pueblo hay bastantes tiendas.,iñer ñinanluk wapu' chinta'lusa' ñapallina'.,fidel_lomas,P00332,True
U00324,G00255,Eso espero.,NANA WA'TEN'NEK',eso espero.,nana wa'ten'nek',flashcards2,P00324,False
U04013,G03750,"Vean ahora, abrazado al tronco de un árbol crece.","Enta’ lli’ku’, ipa’la wiper’in nalanan susupalli.","vean ahora, abrazado al tronco de un árbol crece.","enta' lli'ku', ipa'la wiper'in nalanan susupalli.",fidel_lomas,P00137,True
U02338,G02107,cómo se prepara la bebida.,uklutulek.,cómo se prepara la bebida.,uklutulek.,pdf_textos,P00087,True
U03348,G03115,la niña no baila con sus amigos.,NANA WILA KU'APER  LANSA'IÑI EKKUANENLUSA'LEK,la niña no baila con sus amigos.,nana wila ku'aper lansa'iñi ekkuanenlusa'lek,flashcards_oraciones,P00141,False
U04152,G03889,La señorita lo recibió y le dijo: ,Wilalunler sekkaper’an itulli: ,la señorita lo recibió y le dijo:,wilalunler sekkaper'an itulli:,fidel_lomas,P00276,True
U02817,G02586,Los finados shiwilu a la que llamamos ahora “Campana Poza” antes la llamaban “Ballena Poza”.,Shiwiluku’lusa’ ipa’la ita’kawa’su’ “Kanpana’ Pitun” napi’ i’na itullina’ “Lanla’ Pitun”.,los finados shiwilu a la que llamamos ahora campana poza antes la llamaban ballena poza.,shiwiluku'lusa' ipa'la ita'kawa'su' kanpana' pitun napi' i'na itullina' lanla' pitun.,pdf_textos,P00566,True
U01917,G01702,Puedes negarte.,KU'LA TUNANSIN,puedes negarte.,ku'la tunansin,flashcards2,P01917,False
U01919,G01704,Hueles bien.,LANERLLIEN U'CHIMU,hueles bien.,lanerllien u'chimu,flashcards2,P01919,False
U03801,G03548,ella no trabaja todos los días.,NANA KU'LA SAKA'TAPI'ÑI IÑER'UKLLILUSA',ella no trabaja todos los días.,nana ku'la saka'tapi'ñi iñer'ukllilusa',flashcards_oraciones,P00594,False
U00930,G00793,Podemos ayudar.,YINNITULLIDEK KATU'PA'TAK,podemos ayudar.,yinnitullidek katu'pa'tak,flashcards2,P00930,False
U03734,G03484,ellos piensan en su casa.,NAWA'LLI'INU'PALLINA' PIDEK'NEN'NAK,ellos piensan en su casa.,nawa'lli'inu'pallina' pidek'nen'nak,flashcards_oraciones,P00527,False
U01951,G01735,¿Puedes encontrarlo?,¿YENNITULA KANAN'A'MAK?,¿puedes encontrarlo?,¿yennitula kanan'a'mak?,flashcards2,P01951,False
U00416,G00332,Quieto.,DU'LA'KER' ,quieto.,du'la'ker',flashcards2,P00416,False
U02760,G02529,Arakayu les dijo:,Arakayuler itudeklli:,arakayu les dijo:,arakayuler itudeklli:,pdf_textos,P00509,False
U01556,G01362,Tom palideció.,TOM SHA'PI'WIÑI,tom palideció.,tom sha'pi'wiñi,flashcards2,P01556,False
U03947,G03691,Lo que sobra lo dejan ahí.,Dansu’a’su’ nanek ta’itula’llina’.,lo que sobra lo dejan ahí.,dansu'a'su' nanek ta'itula'llina'.,fidel_lomas,P00071,True
U02603,G02372,No le permitía a nadie entrar a su casa.,Ñima ya’da’dek’i’ñi pidekñik.,no le permitía a nadie entrar a su casa.,ñima ya'da'dek'i'ñi pidekñik.,pdf_textos,P00352,True
U00776,G00649,Te encontré.,KAPER'LLIEN,te encontré.,kaper'llien,flashcards2,P00776,False
U00031,G00026,Perdí. (opuesto de ganar),WER'LLIEK,perdí. (opuesto de ganar),wer'lliek,flashcards2,P00031,True
U04059,G03796,"Acabando de pintarla, la Motelo dijo “¡A mí también píntame!”","Tekkinek’an llinsera’su’ tulli: “¡Kuanta’ llinser’u!”, tulli Madu.","acabando de pintarla, la motelo dijo ¡a mí también píntame!","tekkinek'an llinsera'su' tulli: ¡kuanta' llinser'u!, tulli madu.",fidel_lomas,P00183,True
U02476,G02245,Verdaderamente yo he aprendido la lengua shiwilu.,Tekkinchintana kua ñinchitulek Shiwilu la’la’.,verdaderamente yo he aprendido la lengua shiwilu.,tekkinchintana kua ñinchitulek shiwilu la'la'.,pdf_textos,P00225,True
U00598,G00493,Déjalo entrar.,TA'ITULER' DA'ENCHA'I,déjalo entrar.,ta'ituler' da'encha'i,flashcards2,P00598,False
U04322,G04057,"Siendo joven, salió (de Jeberos) a trabajar.",Nadi’nektan yunsu’lli yasakatan.,"siendo joven, salió (de jeberos) a trabajar.",nadi'nektan yunsu'lli yasakatan.,fidel_lomas,P00446,True
U01053,G00907,¡Qué pesado!,¡ENPU'NI SAKA'DEK'IPA'!,¡qué pesado!,¡enpu'ni saka'dek'ipa'!,flashcards2,P01053,False
U03916,G03660,De eso se jactaban.,Nanalek intumu’tullina’.,de eso se jactaban.,nanalek intumu'tullina'.,fidel_lomas,P00040,True
U00763,G00637,¡Qué curioso!,¡EMPU'NI ÑINCHIDINUSU'TA'!,¡qué curioso!,¡empu'ni ñinchidinusu'ta'!,flashcards2,P00763,False
U02579,G02348,"Ahora les digo hasta ahí nomás, todo lo de Pampayacu les he contado.","Ipa’la itullenma’ nanek waleksa’, iñer Panpadekkin lunek.","ahora les digo hasta ahí nomás, todo lo de pampayacu les he contado.","ipa'la itullenma' nanek waleksa', iñer panpadekkin lunek.",pdf_textos,P00328,True
U00455,G00367,Tú maneja.,KENMA EKPA'KER',tú maneja.,kenma ekpa'ker',flashcards2,P00455,False
U00633,G00524,¡Habla conmigo!,¡LUNKER' KUALEK!,¡habla conmigo!,¡lunker' kualek!,flashcards2,P00633,False
U02795,G02564,Nosotros silenciosamente nos acercábamos queriendo escuchar.,Kudi’na ta’tushala’mudek kawidekllidek yalaukdek’amudek.,nosotros silenciosamente nos acercábamos queriendo escuchar.,kudi'na ta'tushala'mudek kawidekllidek yalaukdek'amudek.,pdf_textos,P00544,True
U01959,G01743,Defiéndete.,INLU'UKTER',defiéndete.,inlu'ukter',flashcards2,P01959,False
U01979,G01761,No interfieras.,YATU'NEKTUTA,no interfieras.,yatu'nektuta,flashcards2,P01979,False
U02204,G01975,Puedes entrar.,YENNITULADA'A'MAK,puedes entrar.,yennitulada'a'mak,flashcards2,P02204,False
U02022,G01801,Hablo español.,LUNPALEK ESPAÑOL,hablo español.,lunpalek español,flashcards2,P02022,False
U01863,G01651,Ellos ayudarán.,NAWA' KATU'PA'TECHUNA',ellos ayudarán.,nawa' katu'pa'techuna',flashcards2,P01863,False
U02100,G01875,Emborrachémonos.,LUPER'AWA',emborrachémonos.,luper'awa',flashcards2,P02100,False
U01044,G00898,Sé valiente.,NANTAPITEK ÑIKER',sé valiente.,nantapitek ñiker',flashcards2,P01044,False
U03282,G03050,El niño está enfermo.,WILA KALUWI'PALLI ,el niño está enfermo.,wila kaluwi'palli,flashcards_oraciones,P00075,False
U00772,G00645,No como.,KA'API'NEK,no como.,ka'api'nek,flashcards2,P00772,False
U03351,G03118,los niños no bailan con sus amigos.,WILALUSA' LANSAI'ÑINA' EKKUANENLUSA'LEK,los niños no bailan con sus amigos.,wilalusa' lansai'ñina' ekkuanenlusa'lek,flashcards_oraciones,P00144,False
U04103,G03840,"El Tigre se iba solo, haciendo sonar sin…sin…sin,","Pa’apilanta’llima, sin…sin...sin a’tapilanta’la’llima, pilenñantan Amana’ pidekñikwalek.","el tigre se iba solo, haciendo sonar sin…sin…sin,","pa'apilanta'llima, sin…sin...sin a'tapilanta'la'llima, pilenñantan amana' pidekñikwalek.",fidel_lomas,P00227,True
U02998,G02767,"Cuentan que de verdad por ese camino llegaron los que vinieron a conocer (Jeberos), los wiracochas, los blancos.","Tekkinchima nana inchilalalupei'ma ukllina' luwerkellusa', wa'danlusa', Dadapu muda'lusa'.","cuentan que de verdad por ese camino llegaron los que vinieron a conocer (jeberos), los wiracochas, los blancos.","tekkinchima nana inchilalalupei'ma ukllina' luwerkellusa', wa'danlusa', dadapu muda'lusa'.",pdf_textos,P00747,True
U01803,G01594,Es delicioso.,IYASU' NUKA'A,es delicioso.,iyasu' nuka'a,flashcards2,P01803,False
U00021,G00504,Levanta. (un objeto),USANKER',levanta. (un objeto),usanker',flashcards2,P00021,True
U00612,G00504,Levántalo.,USANKER',levántalo.,usanker',flashcards2,P00612,True
U02455,G02224,"Eso nomás, no tomo mucho, poquito cuando tengo sed bebo,","Nanasa’, kupin uwapi’nek, u’nisha iyumu uwapalek,","eso nomás, no tomo mucho, poquito cuando tengo sed bebo,","nanasa', kupin uwapi'nek, u'nisha iyumu uwapalek,",pdf_textos,P00204,True
U02849,G02618,Dicen que otro viejo se levantó y dijo también “¡No teman! ¿Acaso vamos a ir solos?,Ali’la taserpima tununta’llin pitan “¡Ma’sha aner yatek kuatama’! ¿Kenmu’shasa’ a’ta’ pa’aterwa’?,dicen que otro viejo se levantó y dijo también ¡no teman! ¿acaso vamos a ir solos?,ali'la taserpima tununta'llin pitan ¡ma'sha aner yatek kuatama'! ¿kenmu'shasa' a'ta' pa'aterwa'?,pdf_textos,P00598,True
U02268,G02037,"Ahora mis hijos a su vez me están sirviendo,","Ipa’li’na wilaweklusa’ nanapu’si’la luwektapallinerku,","ahora mis hijos a su vez me están sirviendo,","ipa'li'na wilaweklusa' nanapu'si'la luwektapallinerku,",pdf_textos,P00017,True
U04112,G03849,"“Aquí te voy a esperar. Cuando sientas hambre y salgas, te voy a comer”.","“Asek wa’ten’etchen kua. Uki’lan yunsu’encha’a’sin, kua ka’etchen,” itulli Amana’ler.","aquí te voy a esperar. cuando sientas hambre y salgas, te voy a comer.","asek wa'ten'etchen kua. uki'lan yunsu'encha'a'sin, kua ka'etchen, itulli amana'ler.",fidel_lomas,P00236,True
U00912,G00776,Tom espiró.,TOM DEKLLI NERIDEKNEN,tom espiró.,tom deklli nerideknen,flashcards2,P00912,False
U02508,G02277,Yo le estoy enseñando.,A’lek’apalek kualer.,yo le estoy enseñando.,a'lek'apalek kualer.,pdf_textos,P00257,True
U02625,G02394,"Él es, éste es criador de peces exclusivamente.",Nani’na asi’na samersa’ pektawa’su’ nuka’a.,"él es, éste es criador de peces exclusivamente.",nani'na asi'na samersa' pektawa'su' nuka'a.,pdf_textos,P00374,True
U00959,G00819,¡Qué lástima!,!EMBU'NI WE'INUIPA'!,¡qué lástima!,!embu'ni we'inuipa'!,flashcards2,P00959,False
U00415,G00331,Tú mantente.,LLIA'KER' KENMA,tú mantente.,llia'ker' kenma,flashcards2,P00415,False
U02642,G02411,"Dicen que revolcándose vino el paiche,","Inpikanpiler’an ima unma’ uklli,","dicen que revolcándose vino el paiche,","inpikanpiler'an ima unma' uklli,",pdf_textos,P00391,True
U01661,G01462,Regresa pronto.,ADENCHER' WIUK'SU',regresa pronto.,adencher' wiuk'su',flashcards2,P01661,False
U03977,G03721,Allá el perro olfateando lo halla en el hueco.,Nanek ñiñi’ler laneran kanañi lallik.,allá el perro olfateando lo halla en el hueco.,nanek ñiñi'ler laneran kanañi lallik.,fidel_lomas,P00101,True
U03181,G02950,“Este es Pablo”.,“ Asui'na Pablo”.,este es pablo.,asui'na pablo.,pdf_textos,P00930,True
U02908,G02677,A esos que están trabajando (abriendo trocha) vayan a verlos!”,¡Nana saka’tapalusa’ lli’kunchunma’”.,a esos que están trabajando (abriendo trocha) vayan a verlos!,¡nana saka'tapalusa' lli'kunchunma'.,pdf_textos,P00657,True
U02421,G02190,Al fin tú como estás sana te vas a la chacra.,Kenma ten mudinupan menmik pa’apala.,al fin tú como estás sana te vas a la chacra.,kenma ten mudinupan menmik pa'apala.,pdf_textos,P00170,True
U01506,G01316,Mantengámoslo.,TUPI'WA',mantengámoslo.,tupi'wa',flashcards2,P01506,True
U01507,G01316,Prosigamos.,TUPI'WA',prosigamos.,tupi'wa',flashcards2,P01507,True
U00205,G00154,Soy malo. (maldad),MUKANKAINPU' NUKA'KA,soy malo. (maldad),mukankainpu' nuka'ka,flashcards2,P00205,True
U00141,G00098,Estate quieto.,YALENMEKTA',estate quieto.,yalenmekta',flashcards2,P00141,False
U01491,G01302,Aprende italiano.,ÑINCHITER' ITALIANU,aprende italiano.,ñinchiter' italianu,flashcards2,P01491,False
U02254,G02023,Cuando tenía nueve meses murió mi madre y me crió mi abuelita.,"Iskun duker a’ña’seku awawek chiminlapillun, amishawek teksusullun.",cuando tenía nueve meses murió mi madre y me crió mi abuelita.,"iskun duker a'ña'seku awawek chiminlapillun, amishawek teksusullun.",pdf_textos,P00003,True
U00739,G00615,¿Juegas boliche?,¿INDEKLLITAPALA BULICHI?,¿juegas boliche?,¿indekllitapala bulichi?,flashcards2,P00739,False
U02393,G02162,como hacían antes las abuelas ya finadas.,napi’ amiku’lusa’pu’su’.,como hacían antes las abuelas ya finadas.,napi' amiku'lusa'pu'su'.,pdf_textos,P00142,True
U03100,G02869,"Yo también soy así mismo. A los barriobajinos no los aborrezco mucho, pero tampoco quiero conversarles.","kuanta' nu'apalek i'la. Chilenllusa' enpu'ninchi, enpu'ninchi ni luyuinpu'winek, ñi'na yaluntudek'i'nek.","yo también soy así mismo. a los barriobajinos no los aborrezco mucho, pero tampoco quiero conversarles.","kuanta' nu'apalek i'la. chilenllusa' enpu'ninchi, enpu'ninchi ni luyuinpu'winek, ñi'na yaluntudek'i'nek.",pdf_textos,P00849,True
U04413,G04148,A veces el profesor se molestaba cuando hablaban los niños (shiwilu).,Nerpi’pu’lusa’ a’lektutek yulli lun’a’ser’ wilalusa’.,a veces el profesor se molestaba cuando hablaban los niños (shiwilu).,nerpi'pu'lusa' a'lektutek yulli lun'a'ser' wilalusa'.,fidel_lomas,P00537,True
U03576,G03332,tú te lavas las manos con agua.,KENMA PAMU'LA ITEKLAPEN DEKLEK,tú te lavas las manos con agua.,kenma pamu'la iteklapen deklek,flashcards_oraciones,P00369,True
U03577,G03332,tú te lavas las manos con agua.,KENMA INWINSEK'LA DEKLEK,tú te lavas las manos con agua.,kenma inwinsek'la deklek,flashcards_oraciones,P00370,True
U02839,G02608,No sabemos.,Ñinchichi’nekwa’.,no sabemos.,ñinchichi'nekwa'.,pdf_textos,P00588,True
U01509,G01318,Abrámoslo.,EK'KER'CHAWA',abrámoslo.,ek'ker'chawa',flashcards2,P01509,False
U03192,G02961,Así nos han puesto.,Nana nu'su' aku'llinerkenmu'wa'.,así nos han puesto.,nana nu'su' aku'llinerkenmu'wa'.,pdf_textos,P00941,False
U02780,G02549,"Los niños no conocen el paiche,","Wilalusa’ luwetchi’ñina’ unma’,","los niños no conocen el paiche,","wilalusa' luwetchi'ñina' unma',",pdf_textos,P00529,True
U01271,G01100,Ustedes primero.,NANENTU KENMAMA',ustedes primero.,nanentu kenmama',flashcards2,P01271,False
U03141,G02910,"Viendo todas esas cosas, Malallina dijo “¿Esos dos hablantes de lengua española nos van a hacer todas esas cosas?","Nanadaper imaka lli'an Malallina tulli ""Asu' katu'ta' Ishpaña la'la' lunlusa' a'ta' kenmu'wa' utetchinerkenmu'wa'.","viendo todas esas cosas, malallina dijo ¿esos dos hablantes de lengua española nos van a hacer todas esas cosas?",nanadaper imaka lli'an malallina tulli asu' katu'ta' ishpaña la'la' lunlusa' a'ta' kenmu'wa' utetchinerkenmu'wa'.,pdf_textos,P00890,True
U01753,G01549,Estaba soñando.,WA'LATAPAWINEK,estaba soñando.,wa'latapawinek,flashcards2,P01753,False
U03662,G03414,¿Qué hace ella a mediodía?,¿MA'PU'PALLI NANA IKIÑEK UKLIK?,¿qué hace ella a mediodía?,¿ma'pu'palli nana ikiñek uklik?,flashcards_oraciones,P00455,False
U01739,G01535,Estornudo mucho.,A'SHULEK WAPU',estornudo mucho.,a'shulek wapu',flashcards2,P01739,False
U03572,G03329,nosotras nos lavamos las manos.,KUDA INPAMU' ITEKLALLIDEK,nosotras nos lavamos las manos.,kuda inpamu' iteklallidek,flashcards_oraciones,P00365,False
U02879,G02648,"“¡Ahí está, lleva! (duende)","- “¡Ma’ata’na, ekpanter!","¡ahí está, lleva! (duende)","- ¡ma'ata'na, ekpanter!",pdf_textos,P00628,True
U03629,G03383,nosotras nadamos bajo la lluvia.,KUDA IDUNPALLIDEK U'LAN WILENKEK,nosotras nadamos bajo la lluvia.,kuda idunpallidek u'lan wilenkek,flashcards_oraciones,P00422,False
U00948,G00810,Somos gemelos.,INSILAN NUKA'KAWA',somos gemelos.,insilan nuka'kawa',flashcards2,P00948,False
U03612,G03366,tú no limpias la mesa.,KENMA KU'LA PEKKUIA'PI'NA MISA',tú no limpias la mesa.,kenma ku'la pekkuia'pi'na misa',flashcards_oraciones,P00405,False
U02724,G02493,se hundió mientras Arákayu la estaba mirando.,dankumelli Arakayuler lli’apasik.,se hundió mientras arákayu la estaba mirando.,dankumelli arakayuler lli'apasik.,pdf_textos,P00473,True
U00543,G00445,Grité.,LAMAPU'LEK,grité.,lamapu'lek,flashcards2,P00543,False
U04301,G04037,"De todo Loreto, solo en Jeberos no murieron con el covid-19.","Iñer’ Luretuk, Shiwiluksa’ chimi’ñina’ kuvi-19lek.","de todo loreto, solo en jeberos no murieron con el covid-19.","iñer' luretuk, shiwiluksa' chimi'ñina' kuvi-19lek.",fidel_lomas,P00425,True
U00526,G00432,Te oigo.,LAUK'APALLIEN,te oigo.,lauk'apallien,flashcards2,P00526,False
U03883,G03627,Una quebrada rodea al pueblo.,Ala’sa’ dekshadekler ñinanlu’ kunerchapalli.,una quebrada rodea al pueblo.,ala'sa' dekshadekler ñinanlu' kunerchapalli.,fidel_lomas,P00007,True
U01546,G01352,Están limpias.,MUPISUSA' ÑAPALLINA',están limpias.,mupisusa' ñapallina',flashcards2,P01546,False
U03666,G03417,Mi mamá cocina caldo de gallina.,AWAUK KALU'PALLI WA'DANTE,mi mamá cocina caldo de gallina.,awauk kalu'palli wa'dante,flashcards_oraciones,P00459,False
U01859,G01647,Ellos discutieron.,NAWA' INYUTULLINA',ellos discutieron.,nawa' inyutullina',flashcards2,P01859,False
U00558,G00459,Ahí voy.,NANEK PA'ECHEK,ahí voy.,nanek pa'echek,flashcards2,P00558,False
U02353,G02122,Ahí nomás se endulza con azúcar.,Nanekpi’la a’kasetllek asukallek.,ahí nomás se endulza con azúcar.,nanekpi'la a'kasetllek asukallek.,pdf_textos,P00102,True
U02889,G02658,Tenían sueño y mientras comían algunos cayeron.,Ipa’ yawichi’llina’ uranpanni’ma nu’unta’ anu’la’lli.,tenían sueño y mientras comían algunos cayeron.,ipa' yawichi'llina' uranpanni'ma nu'unta' anu'la'lli.,pdf_textos,P00638,True
U03810,G03557,ellos trabajan todos los días.,NAWA'SAKA'TAPALLINA IÑER' UKLLILUSA',ellos trabajan todos los días.,nawa'saka'tapallina iñer' ukllilusa',flashcards_oraciones,P00603,False
U03380,G03146,el niño camina muy rápido.,NANAWILA DEKKUNTULLI NAKUSU' WIU'KSU',el niño camina muy rápido.,nanawila dekkuntulli nakusu' wiu'ksu',flashcards_oraciones,P00173,True
U03381,G03146,ella camina muy rápido.,NANAWILA DEKKUNTULLI NAKUSU' WIU'KSU',ella camina muy rápido.,nanawila dekkuntulli nakusu' wiu'ksu',flashcards_oraciones,P00174,True
U02860,G02629,Tal vez algunos de nosotros vamos a conocer Moyobamba.,Nu’unta’nmu’wa’ ipa’ Muyunpa luwetchaterwa’.,tal vez algunos de nosotros vamos a conocer moyobamba.,nu'unta'nmu'wa' ipa' muyunpa luwetchaterwa'.,pdf_textos,P00609,True
U00631,G00522,Estudia mucho.,NINCHITER' WAPU',estudia mucho.,ninchiter' wapu',flashcards2,P00631,False
U03230,G02999,El cielo está nublado.,KEKILU'TEK' UKU'TULLI DINPANLUTEK'LER,el cielo está nublado.,kekilu'tek' uku'tulli dinpanlutek'ler,flashcards_oraciones,P00023,False
U01299,G01124,Eres inteligente.,IÑER' ÑINCHITAPALA',eres inteligente.,iñer' ñinchitapala',flashcards2,P01299,False
U02904,G02673,"Golpea, abre la puerta, toca una y otra cosa en la cocina.","Llipu’lli, unkunan ekketchulli, pata’tulli kusinek.","golpea, abre la puerta, toca una y otra cosa en la cocina.","llipu'lli, unkunan ekketchulli, pata'tulli kusinek.",pdf_textos,P00653,True
U03246,G03015,Voy a buscar plátanos maduros.,PA'ECHEK DUNKER'KUNCHEK TANKU MER'PI,voy a buscar plátanos maduros.,pa'echek dunker'kunchek tanku mer'pi,flashcards_oraciones,P00039,False
U00475,G00386,Vente.,WENLLER' ,vente.,wenller',flashcards2,P00475,False
U04035,G03772,"Entonces, hallando la arcilla y sacándola, se lo embarró todo su cuerpo.","Ipa’linchi, diteklu’ kanan usuk, iñer’ pinenkek a’per’ku’tulli","entonces, hallando la arcilla y sacándola, se lo embarró todo su cuerpo.","ipa'linchi, diteklu' kanan usuk, iñer' pinenkek a'per'ku'tulli",fidel_lomas,P00159,True
U01095,G00948,Me arriesgaré.,INPALERICHEK,me arriesgaré.,inpalerichek,flashcards2,P01095,False
U01719,G01516,Bebo café.,ULEK WAYUSA',bebo café.,ulek wayusa',flashcards2,P01719,False
U04293,G04029,A Jeberos nunca han llegado.,Shiwiluk ñi enpi’ ektui’ñina’.,a jeberos nunca han llegado.,shiwiluk ñi enpi' ektui'ñina'.,fidel_lomas,P00417,True
U02314,G02083,le estoy enseñando.,nana a’lek’apalek.,le estoy enseñando.,nana a'lek'apalek.,pdf_textos,P00063,True
U01012,G00869,Regresa.,ADENCHER',regresa.,adencher',flashcards2,P01012,False
U00796,G00669,Quiero más.,A'PINTA' LUWANTULEK,quiero más.,a'pinta' luwantulek,flashcards2,P00796,False
U04213,G03949,"Todo lo que quieras, allá lo vas a encontrar.",Iñer’ luwanta’masu’ nanek kanenchu.,"todo lo que quieras, allá lo vas a encontrar.",iñer' luwanta'masu' nanek kanenchu.,fidel_lomas,P00337,True
U04048,G03785,Ahora les voy a contar porqué quizás la iguana tiene lindas pintitas.,Ipa’la wintetchenma’ ma’malek ipa’ pekkuala u’chimu llinsercha a’ñapalli.,ahora les voy a contar porqué quizás la iguana tiene lindas pintitas.,ipa'la wintetchenma' ma'malek ipa' pekkuala u'chimu llinsercha a'ñapalli.,fidel_lomas,P00172,True
U01784,G01577,¿Está dormido?,¿WICHISU'A'CHA?,¿está dormido?,¿wichisu'a'cha?,flashcards2,P01784,False
U04258,G03994," vas a esperar parado,","nerpi’pu’lusa’ lulentuna-pidek setllanenkek,","vas a esperar parado,","nerpi'pu'lusa' lulentuna-pidek setllanenkek,",fidel_lomas,P00382,True
U04391,G04126,¿Cómo están? Mi nombre es Fidel Lomas Chota. ,¿Ma’pu’sin? Llillinwek nuka’a Pidir Lumas Chuta.,¿cómo están? mi nombre es fidel lomas chota.,¿ma'pu'sin? llillinwek nuka'a pidir lumas chuta.,fidel_lomas,P00515,True
U00339,G00268,Estoy quebrado.,NUPEK'PI ÑAPALEK,estoy quebrado.,nupek'pi ñapalek,flashcards2,P00339,False
U02549,G02318,Enorme se levantaba el ardor.,Enpu’nipi’ma ituwetchapalli ulunta’su’.,enorme se levantaba el ardor.,enpu'nipi'ma ituwetchapalli ulunta'su'.,pdf_textos,P00298,True
U02598,G02367,“¿Cómo se llama esta quebrada?” preguntaron.,- “¿Ma’dek a’cha asu’?” itullini’mi’na’.,¿cómo se llama esta quebrada? preguntaron.,- ¿ma'dek a'cha asu'? itullini'mi'na'.,pdf_textos,P00347,True
U04207,G03943,También está la iglesia y el palacio municipal donde trabaja el alcalde.,"Nanek’unta’ ñapalli illisia, alakanter’lusa’ pideknen, naneklanek alakanter’ saka’tapalli. ",también está la iglesia y el palacio municipal donde trabaja el alcalde.,"nanek'unta' ñapalli illisia, alakanter'lusa' pideknen, naneklanek alakanter' saka'tapalli.",fidel_lomas,P00331,True
U03692,G03443,Él duerme en su cama.,NANA WICHA'PALLI CHIPECHEK'NENKEK,él duerme en su cama.,nana wicha'palli chipechek'nenkek,flashcards_oraciones,P00485,False
U02536,G02305,“¿Tienen hambre? Cuando abra mi boca metan los dos pescados.,- “¿Uki’lalama’ a’cha? Lauk’a’seku asu’ katu’ta’ samer i’la dekwa’ku’ la’la’wekkek.,¿tienen hambre? cuando abra mi boca metan los dos pescados.,- ¿uki'lalama' a'cha? lauk'a'seku asu' katu'ta' samer i'la dekwa'ku' la'la'wekkek.,pdf_textos,P00285,True
U01328,G01150,Pidan ayuda.,LEKTUKU' KATU'PA',pidan ayuda.,lektuku' katu'pa',flashcards2,P01328,False
U02812,G02581,"Cuando contaron los he escuchado, los antiguos viejos y las abuelas finadas hablaban.","Ta’ser lauktulek papinkuku’lusa’, amiku’lusa’ luñina’.","cuando contaron los he escuchado, los antiguos viejos y las abuelas finadas hablaban.","ta'ser lauktulek papinkuku'lusa', amiku'lusa' luñina'.",pdf_textos,P00561,True
U00668,G00554,Tom charló.,TOM LUNÑI,tom charló.,tom lunñi,flashcards2,P00668,False
U04083,G03820,"Cuando pifuaneaba, todas las mujeres bailaban.",Pilenñantusik ima lansa’llina’ iñer’ ima ku’apellusa’,"cuando pifuaneaba, todas las mujeres bailaban.",pilenñantusik ima lansa'llina' iñer' ima ku'apellusa',fidel_lomas,P00207,True
U02892,G02661,Ahí dice se olvidaron y se acostaron.,Nanek ima inpinanerllanna’ pek kuallina’.,ahí dice se olvidaron y se acostaron.,nanek ima inpinanerllanna' pek kuallina'.,pdf_textos,P00641,True
U01295,G01120,Están despedidos.,SAKA'TUNAKLA USU'DEKLLINA',están despedidos.,saka'tunakla usu'dekllina',flashcards2,P01295,False
U02845,G02614,"Ahí dice un viejo se levantó y dijo, levantó su mano en alto y dijo:","Nanek ima ala’sa’ taserpi yunsa’n tulli, iteklanen ima usañin musenkek aku’n tulli.","ahí dice un viejo se levantó y dijo, levantó su mano en alto y dijo:","nanek ima ala'sa' taserpi yunsa'n tulli, iteklanen ima usañin musenkek aku'n tulli.",pdf_textos,P00594,True
U03316,G03083,ellas no abren el cuaderno.,NAWA' EK'KER'CHI'ÑINA' KER'KA',ellas no abren el cuaderno.,nawa' ek'ker'chi'ñina' ker'ka',flashcards_oraciones,P00109,False
U02173,G01947,Queremos votar.,YADEKLLIDEK,queremos votar.,yadekllidek,flashcards2,P02173,False
U01120,G00969,Ha empezado.,TENMIANSU'LLI,ha empezado.,tenmiansu'lli,flashcards2,P01120,True
U01121,G00969,Empezó.,TENMIANSU'LLI,empezó.,tenmiansu'lli,flashcards2,P01121,True
U01122,G00969,Comenzó.,TENMIANSU'LLI,comenzó.,tenmiansu'lli,flashcards2,P01122,True
U01797,G01589,Fue planeado.,LLI'INUPI ÑIWIÑI,fue planeado.,lli'inupi ñiwiñi,flashcards2,P01797,False
U04412,G04147,"Si en ese tiempo les hubiesen dicho que hablen, así sin dificultad hubieran aprendido.","Napi’pu’ a’ka wintuwideknanser lun’er’kek, nu’su’ saka’dek’inpu’ ñinchitunandaser.","si en ese tiempo les hubiesen dicho que hablen, así sin dificultad hubieran aprendido.","napi'pu' a'ka wintuwideknanser lun'er'kek, nu'su' saka'dek'inpu' ñinchitunandaser.",fidel_lomas,P00536,True
U02775,G02544,"Diciendo así a veces, con sus comadres agarrándose de las manos,","Tanna’ nerpi’pu’, kumarinenna’lek inpilli’iteklatanna’,","diciendo así a veces, con sus comadres agarrándose de las manos,","tanna' nerpi'pu', kumarinenna'lek inpilli'iteklatanna',",pdf_textos,P00524,True
U02363,G02132,"Cuando está humeando, humeando, humeando,","Mu’ka mu’ka mu’katapasik,","cuando está humeando, humeando, humeando,","mu'ka mu'ka mu'katapasik,",pdf_textos,P00112,True
U03616,G03370,yo limpio el cuarto.,KUA WITEK'TULEK WICHI'AK,yo limpio el cuarto.,kua witek'tulek wichi'ak,flashcards_oraciones,P00409,False
U02099,G01874,Llevémonos bien.,IN'EKPA'WA' MUSU',llevémonos bien.,in'ekpa'wa' musu',flashcards2,P02099,False
U02073,G01850,Está botado.,DEKPI ÑAPALLI,está botado.,dekpi ñapalli,flashcards2,P02073,False
U00524,G00430,Me perdí.,AWER'LEK,me perdí.,awer'lek,flashcards2,P00524,False
U04347,G04082,"Lo sepultamos en nuestra tierra, en Jeberos. Lo que le pasó a Meneleo","Lupa’mapuk paperchullidek, Shiwiluk.","lo sepultamos en nuestra tierra, en jeberos. lo que le pasó a meneleo","lupa'mapuk paperchullidek, shiwiluk.",fidel_lomas,P00471,True
U02686,G02455,Mientras pasaba eso dice quemaron la casa.,Nana nu’apasik ima di’serpidektullina’.,mientras pasaba eso dice quemaron la casa.,nana nu'apasik ima di'serpidektullina'.,pdf_textos,P00435,True
U00648,G00536,Tomás eructó.,CHUMA EK'LLI,tomás eructó.,chuma ek'lli,flashcards2,P00648,False
U00572,G00472,¿Es alto? (muy arriba),¿MUSENKEK A'CHA?,¿es alto? (muy arriba),¿musenkek a'cha?,flashcards2,P00572,True
U00454,G00366,¿Quién es?,¿DEN A'CHA?,¿quién es?,¿den a'cha?,flashcards2,P00454,False
U03489,G03247,nosotros no escuchamos a su maestro.,KUDA KU'LA LAUK'I'ÑIDEK A'LEKTUTEK'NEN,nosotros no escuchamos a su maestro.,kuda ku'la lauk'i'ñidek a'lektutek'nen,flashcards_oraciones,P00282,False
U01412,G01227,Hice café.,WAYUSA' NU'TULEK,hice café.,wayusa' nu'tulek,flashcards2,P01412,False
U02687,G02456,"Entonces Arákayu regresó,","Arakayu ima adanta’n,","entonces arákayu regresó,","arakayu ima adanta'n,",pdf_textos,P00436,True
U01595,G01400,¿Te dispararon?,¿ILAÑINER'KEN?,¿te dispararon?,¿ilañiner'ken?,flashcards2,P01595,False
U01485,G01297,Está mejorado.,TEKDIPERPI ÑAPALLI,está mejorado.,tekdiperpi ñapalli,flashcards2,P01485,False
U03373,G03139,tú no bajas al río.,KENMA NU'WAN'PINA KUPIN'DEK'SHADIK,tú no bajas al río.,kenma nu'wan'pina kupin'dek'shadik,flashcards_oraciones,P00166,False
U03876,G03620,El pueblo de Jeberos es un pueblo antiguo.,Shiwilu ñinanlu’ nuka’a ala’sa’ ñinanlu’ taserpi.,el pueblo de jeberos es un pueblo antiguo.,shiwilu ñinanlu' nuka'a ala'sa' ñinanlu' taserpi.,fidel_lomas,P00000,True
U02432,G02201,"“Nosotros mismos vamos a servirnos masato y vamos a beber, mamá” me dicen. “Nosotros mismos vamos a servirnos”.","- “Kudinchi madektupatekkudek, uwetchidek, mamá. Kudinchi mapatekkudek uklulu’ uwetchidek” itullinerku.","nosotros mismos vamos a servirnos masato y vamos a beber, mamá me dicen. nosotros mismos vamos a servirnos.","- kudinchi madektupatekkudek, uwetchidek, mamá. kudinchi mapatekkudek uklulu' uwetchidek itullinerku.",pdf_textos,P00181,True
U04259,G03995," a veces en la vereda de la posta, con sol, con lluvia"," kekkilek, u’lanlek.","a veces en la vereda de la posta, con sol, con lluvia","kekkilek, u'lanlek.",fidel_lomas,P00383,True
U02594,G02363,Después dice que Arákayu se alegró.,Nu’an ima Arakayu sakeklli.,después dice que arákayu se alegró.,nu'an ima arakayu sakeklli.,pdf_textos,P00343,True
U04323,G04058,Allá encontró a un señor que tenía educación formal;,Nanek kanañi ala’sa’ yalli’ kerka’ ñinchita’su’;,allá encontró a un señor que tenía educación formal;,nanek kanañi ala'sa' yalli' kerka' ñinchita'su';,fidel_lomas,P00447,True
U00788,G00661,Necesito ayuda.,LUWANTULEK KATU'PA',necesito ayuda.,luwantulek katu'pa',flashcards2,P00788,False
U01231,G01064,Despiertalos.,UCHINANDE'KER,despiertalos.,uchinande'ker,flashcards2,P01231,False
U01055,G00909,¡Qué romántico!,¡ENPU'NI MUPENCHIPA'!,¡qué romántico!,¡enpu'ni mupenchipa'!,flashcards2,P01055,False
U03491,G03249,tú no escuchas a su maestro.,KENMA KU'LA LAUK'I'NA A'LEKTUTEK'NEN,tú no escuchas a su maestro.,kenma ku'la lauk'i'na a'lektutek'nen,flashcards_oraciones,P00284,False
U01850,G01639,Es evidente.,LATEK'LANAÑI,es evidente.,latek'lanañi,flashcards2,P01850,False
U03276,G03044,Esta palabra es difícil.,ASU' LA'LA' SAKA'DEK' NUKA'A,esta palabra es difícil.,asu' la'la' saka'dek' nuka'a,flashcards_oraciones,P00069,False
U02181,G01955,Estamos organizados.,MUMUSU' ÑAPALLIDEK,estamos organizados.,mumusu' ñapallidek,flashcards2,P02181,False
U03717,G03467,ellos olvidan sus cuadernos.,NAWA' PINANER'LLINA' KER'KA'NEN'NA',ellos olvidan sus cuadernos.,nawa' pinaner'llina' ker'ka'nen'na',flashcards_oraciones,P00510,False
U03890,G03634,Se baja el Aipena y se sale al Huallaga.,"Erpina’ nu’wantunta’lek, pekpinta’lek Wella’dik.",se baja el aipena y se sale al huallaga.,"erpina' nu'wantunta'lek, pekpinta'lek wella'dik.",fidel_lomas,P00014,True
U03946,G03690,Para secarse y calentar sus cuerpos mashaquean en el sol.,Yaenpinna’ yaukapinna’ kekkik pilatullina’.,para secarse y calentar sus cuerpos mashaquean en el sol.,yaenpinna' yaukapinna' kekkik pilatullina'.,fidel_lomas,P00070,True
U01296,G01121,Estás gordo.,WEIPENSU' ÑAPALA,estás gordo.,weipensu' ñapala,flashcards2,P01296,False
U02367,G02136,se lo sienta y entonces ahí se vacea (el líquido para ser guardado).,nana a’duk ipa’linchi nanek upellek.,se lo sienta y entonces ahí se vacea (el líquido para ser guardado).,nana a'duk ipa'linchi nanek upellek.,pdf_textos,P00116,True
U02138,G01912,Me matarán.,DEI'TECHUNER'KU,me matarán.,dei'techuner'ku,flashcards2,P02138,False
U03523,G03280,ellas no estudian ciencias.,NAWA' KU'LA NINCHITAPI'ÑINA' CIENCIAS,ellas no estudian ciencias.,nawa' ku'la ninchitapi'ñina' ciencias,flashcards_oraciones,P00316,False
U03980,G03724,La rana es un anfibio.,Uwan i’na ala’sa’ anfibio nuka’a.,la rana es un anfibio.,uwan i'na ala'sa' anfibio nuka'a.,fidel_lomas,P00104,True
U03720,G03470,los niños olvidan la tarea.,NANA WILALUSA' PINANER'LLINA' YANU'TER'KASU',los niños olvidan la tarea.,nana wilalusa' pinaner'llina' yanu'ter'kasu',flashcards_oraciones,P00513,False
U02761,G02530,“No se dejen ver donde están estos malos.,“Anetlla ya’lli’tapatama’ asu’ mukankinpu’lusek.,no se dejen ver donde están estos malos.,anetlla ya'lli'tapatama' asu' mukankinpu'lusek.,pdf_textos,P00510,True
U02269,G02038,mis hijos varones y también mis hijas mujeres me están sirviendo.,enmu’pinenwawalusa’ nu’an ku’aperwawalusa’ luwektapallinerku.,mis hijos varones y también mis hijas mujeres me están sirviendo.,enmu'pinenwawalusa' nu'an ku'aperwawalusa' luwektapallinerku.,pdf_textos,P00018,True
U03501,G03258,ellas esperan en silencio.,NAWA' WA'TENTULLINA' TA'TULAN'NA',ellas esperan en silencio.,nawa' wa'tentullina' ta'tulan'na',flashcards_oraciones,P00294,False
U04372,G04107,Meneleo preparó chilcano y almorzamos.,Miñiku kalu’tusik werañidek.,meneleo preparó chilcano y almorzamos.,miñiku kalu'tusik werañidek.,fidel_lomas,P00496,True
U02260,G02029,Mi padre con su mujer nomás vivían bien.,Ku’apenñenleksa’ musu’ nanpillina’ tatawek.,mi padre con su mujer nomás vivían bien.,ku'apenñenleksa' musu' nanpillina' tatawek.,pdf_textos,P00009,True
U01150,G00997,No vayamos.,PA'INPU'WA',no vayamos.,pa'inpu'wa',flashcards2,P01150,False
U03617,G03371,yo no limpio la mesa.,KUA KU'LA PEKKUI'INEK MISA,yo no limpio la mesa.,kua ku'la pekkui'inek misa,flashcards_oraciones,P00410,False
U02063,G01840,¿Respira?,¿NERIAPALLI?,¿respira?,¿neriapalli?,flashcards2,P02063,False
U01590,G01395,¡Estamos atrapados!,¡PILLI'PI ÑAPALEKWA'!,¡estamos atrapados!,¡pilli'pi ñapalekwa'!,flashcards2,P01590,False
U00947,G00809,Estamos cansados.,SAKA'TUSU' ÑAPALIDEK,estamos cansados.,saka'tusu' ñapalidek,flashcards2,P00947,False
U00353,G00280,¿Es malo?,¿MUKANKAN'INPU'?,¿es malo?,¿mukankan'inpu'?,flashcards2,P00353,False
U00961,G00821,¿Quiénes sois?,¿DENLUSA'ACHA?,¿quiénes sois?,¿denlusa'acha?,flashcards2,P00961,False
U00721,G00601,Estate preparado.,INSEK'DIPERSU' ÑAPAKER',estate preparado.,insek'dipersu' ñapaker',flashcards2,P00721,False
U02669,G02438,Arákayu dijo “A estas golondrinas yo las estoy criando.,Arakayu ima tulli “Asu’ sellawa i’na kualer pektawapalek.,arákayu dijo a estas golondrinas yo las estoy criando.,arakayu ima tulli asu' sellawa i'na kualer pektawapalek.,pdf_textos,P00418,True
U03026,G02795,"Ahora más tienen aretes, tienen collar, aprendieron a leer y escribir. Algunos tienen dinero.","Ipa'la a'pinta' asunwekwañina', miduwañina', kerka' ñinchillintullina'. Nu’unta’ kulliker’wañi.","ahora más tienen aretes, tienen collar, aprendieron a leer y escribir. algunos tienen dinero.","ipa'la a'pinta' asunwekwañina', miduwañina', kerka' ñinchillintullina'. nu'unta' kulliker'wañi.",pdf_textos,P00775,True
U00451,G00363,Ya veremos.,IPA' LLI'ATERWA',ya veremos.,ipa' lli'aterwa',flashcards2,P00451,False
U00251,G00194,¡Genial!,¡U'CHIMU!,¡genial!,¡u'chimu!,flashcards2,P00251,False
U02502,G02271,"Yo solita vivo, no tengo parientes,","kuashasa’ ñienkasu’ patunwi’nek,","yo solita vivo, no tengo parientes,","kuashasa' ñienkasu' patunwi'nek,",pdf_textos,P00251,True
U02197,G01971,Anoten eso.,LLINSER'KU' NANA,anoten eso.,llinser'ku' nana,flashcards2,P02197,True
U02200,G01971,Anoten esto.,LLINSER'KU' NANA,anoten esto.,llinser'ku' nana,flashcards2,P02200,True
U02985,G02754,"De ahí, otro grupo se fue otra vez colocando puentes.",Nanekla ali'la musun pa'nunta'lli pentunanlusa' aku'pilan.,"de ahí, otro grupo se fue otra vez colocando puentes.",nanekla ali'la musun pa'nunta'lli pentunanlusa' aku'pilan.,pdf_textos,P00734,False
U00564,G00464,Estoy soltero.,KU'APER'WI'NEK,estoy soltero.,ku'aper'wi'nek,flashcards2,P00564,False
U03467,G03230,el niño escribe una carta.,NANA WILA LINSERCHULLI ALASA' LA'LA',el niño escribe una carta.,nana wila linserchulli alasa' la'la',flashcards_oraciones,P00260,False
U03020,G02789,Dice que cargadas en la espalda las trajeron queriendo hacerles conocer.,Pipekdek'anni'ma kencha'dekllina' ya'luwerdek'anna'.,dice que cargadas en la espalda las trajeron queriendo hacerles conocer.,pipekdek'anni'ma kencha'dekllina' ya'luwerdek'anna'.,pdf_textos,P00769,True
U03781,G03528,ellos suben la escalera.,NAWA' CHINTEK'TULLINA CHINTEN'NAN,ellos suben la escalera.,nawa' chintek'tullina chinten'nan,flashcards_oraciones,P00574,False
U02591,G02360,divisando lo que levanta humo tu candela”.,lli’amudek mu’katapa’su’ penpen”.,divisando lo que levanta humo tu candela.,lli'amudek mu'katapa'su' penpen.,pdf_textos,P00340,True
U01434,G01248,Estaré ahí.,ÑAPECHEK NANEK,estaré ahí.,ñapechek nanek,flashcards2,P01434,False
U04302,G04038,En otros pueblos que viven en la ribera del río,"Ali’la ñinanlu’lusak nanpier’kasu’ kupin dekshadek ukuchik, ",en otros pueblos que viven en la ribera del río,"ali'la ñinanlu'lusak nanpier'kasu' kupin dekshadek ukuchik,",fidel_lomas,P00426,True
U02481,G02250,Todo eso quiere saber esta señora.,Nanadaper iñer asu’ senñula’ yañinchitulli.,todo eso quiere saber esta señora.,nanadaper iñer asu' senñula' yañinchitulli.,pdf_textos,P00230,True
U02935,G02704,"Cuentan que dijo así el hombre que detectó, eso dijo ese soñador:","Tullima nana lunanpichita’su’, tullima nana wa’lata’su’:","cuentan que dijo así el hombre que detectó, eso dijo ese soñador:","tullima nana lunanpichita'su', tullima nana wa'lata'su':",pdf_textos,P00684,True
U02763,G02532,"Cuando no tengan nada, boa alguna vez van a comer”","Ma’winpu’pachina’, kupiwan enpulu ka’achuna’”","cuando no tengan nada, boa alguna vez van a comer","ma'winpu'pachina', kupiwan enpulu ka'achuna'",pdf_textos,P00512,True
U01097,G00950,Soy médico.,LULENTUTEK' NUKA'KA,soy médico.,lulentutek' nuka'ka,flashcards2,P01097,False
U03048,G02817,¡Ojalá alguna vez llegue escrito esto que estamos hablando!,¡Ma'allimi'na enpi' uklli llinserpi namasu' lunpa'kawa'su' ektu'nchinaa!,¡ojalá alguna vez llegue escrito esto que estamos hablando!,¡ma'allimi'na enpi' uklli llinserpi namasu' lunpa'kawa'su' ektu'nchinaa!,pdf_textos,P00797,False
U02843,G02612,"Diciendo eso se cansaron de hablar y ya perecieron ellos, ahora nosotros también eso mismo estamos recordando.","Tanna’ pellunna’ ipa’ takerllina’ nawa’, ipa’li’na kenmu’wa’nta’ nani’la lli’inutapalekwa’.","diciendo eso se cansaron de hablar y ya perecieron ellos, ahora nosotros también eso mismo estamos recordando.","tanna' pellunna' ipa' takerllina' nawa', ipa'li'na kenmu'wa'nta' nani'la lli'inutapalekwa'.",pdf_textos,P00592,True
U02830,G02599,Ahí se pudrió.,Nanek tawetchulli.,ahí se pudrió.,nanek tawetchulli.,pdf_textos,P00579,False
U02679,G02448,Otros dijeron “Este Arákayu cuida los peces.,Ali’ladaper tullini’ma “Asu’ Arakayu samer luwektapalli.,otros dijeron este arákayu cuida los peces.,ali'ladaper tullini'ma asu' arakayu samer luwektapalli.,pdf_textos,P00428,True
U03713,G03464,El hombre pesca con red.,ENMU'PINEN PUR'LLI REDLEK',el hombre pesca con red.,enmu'pinen pur'lli redlek',flashcards_oraciones,P00506,False
U01338,G01160,Venga mañana.,WEKER' EKLLI,venga mañana.,weker' eklli,flashcards2,P01338,False
U01783,G01576,¿Está durmiendo?,¿WICHA'PALLI?,¿está durmiendo?,¿wicha'palli?,flashcards2,P01783,False
U01800,G01591,Estará listo.,INSEK'DIPERPI ÑAPE'CHU,estará listo.,insek'diperpi ñape'chu,flashcards2,P01800,False
U01514,G01323,Memoriza esto.,SEKDIPERKER' ASU' MUTU'PENKEK,memoriza esto.,sekdiperker' asu' mutu'penkek,flashcards2,P01514,False
U00617,G00509,Di papa.,TUKER' TATA,di papa.,tuker' tata,flashcards2,P00617,False
U03006,G02775,"Algunos que obedecieron llevaron a sus hermanas, las llevaron a vender, y les dieron mucho dinero.","Nu'unta' latekta'sui'ma ekpa'n sha'wan uku'latukun, enpu'nipa' kulliker enka'llina'.","algunos que obedecieron llevaron a sus hermanas, las llevaron a vender, y les dieron mucho dinero.","nu'unta' latekta'sui'ma ekpa'n sha'wan uku'latukun, enpu'nipa' kulliker enka'llina'.",pdf_textos,P00755,False
U04411,G04146,Los niños entendían la lengua shiwilu.,Wilalusa’ lachek’apawiñina’ shiwilu la’la .,los niños entendían la lengua shiwilu.,wilalusa' lachek'apawiñina' shiwilu la'la .,fidel_lomas,P00535,True
U00061,G00870,Bájate.,NU'WANKER',bájate.,nu'wanker',flashcards2,P00061,True
U01013,G00870,Baja.,NU'WANKER',baja.,nu'wanker',flashcards2,P01013,True
U01014,G00870,Baje.,NU'WANKER',baje.,nu'wanker',flashcards2,P01014,True
U03212,G02981,Vamos al río por la tarde.,PA'A KUPINDE'SHADEK'KEK ER'WA,vamos al río por la tarde.,pa'a kupinde'shadek'kek er'wa,flashcards_oraciones,P00005,False
U01585,G01390,Estamos leyendo.,KERKA' LUNTAPALLIDEK,estamos leyendo.,kerka' luntapallidek,flashcards2,P01585,False
U02733,G02502,Sólo ellos van a poblar de nuevo.,Nawa’sa’ nanpichuna’.,sólo ellos van a poblar de nuevo.,nawa'sa' nanpichuna'.,pdf_textos,P00482,True
U03460,G03223,nosotros no enseñamos a los niños.,KUDA KU'LA A'LEKTAPI'ÑIDEK  WILALUSA',nosotros no enseñamos a los niños.,kuda ku'la a'lektapi'ñidek wilalusa',flashcards_oraciones,P00253,False
U03166,G02935,Y ustedes que fueron a vivir a los dos cerros que forman como una boca abierta son Laulate.,Kenmami'na lawekklatekkek ñikunama' Laulate.,y ustedes que fueron a vivir a los dos cerros que forman como una boca abierta son laulate.,kenmami'na lawekklatekkek ñikunama' laulate.,pdf_textos,P00915,True
U03163,G02932,"Otro dijo “Yo soy Ave Montete14, (y otro) yo soy Maka”.","Ali'lima tulli ""Kui’na Musenpitek, kui’na Maka”.","otro dijo yo soy ave montete14, (y otro) yo soy maka.","ali'lima tulli kui'na musenpitek, kui'na maka.",pdf_textos,P00912,True
U03893,G03637,"Eso no demora mucho, se llega rápido.","Nanek enpu’ni tekdi’nek, wiuksu’ ektu’lek.","eso no demora mucho, se llega rápido.","nanek enpu'ni tekdi'nek, wiuksu' ektu'lek.",fidel_lomas,P00017,True
U03727,G03477,tú olvidas tu cuaderno.,KENMA PINANER'LA' KER'KA'PEN,tú olvidas tu cuaderno.,kenma pinaner'la' ker'ka'pen,flashcards_oraciones,P00520,False
U02490,G02259,"Ahora, cuando murieron mis padres nos hemos quedado huérfanos.",Ipa’la tatawek awawek chiminsik i’na dinsuwilallidek.,"ahora, cuando murieron mis padres nos hemos quedado huérfanos.",ipa'la tatawek awawek chiminsik i'na dinsuwilallidek.,pdf_textos,P00239,True
U02484,G02253,Cuando tenía diez años he salido de Jeberos.,Shunka’ ekkilala a’ñamu Shiwiluklan yunsu’lek.,cuando tenía diez años he salido de jeberos.,shunka' ekkilala a'ñamu shiwiluklan yunsu'lek.,pdf_textos,P00233,True
U00844,G00714,Todo bien.,IÑER MUSU',todo bien.,iñer musu',flashcards2,P00844,False
U00037,G00314,Escucha.,LAU'TER,escucha.,lau'ter,flashcards2,P00037,True
U00390,G00314,Escucha.,LAUK'TER',escucha.,lauk'ter',flashcards2,P00390,True
U01871,G01659,Piénsalo.,INLLI'INUER',piénsalo.,inlli'inuer',flashcards2,P01871,False
U02479,G02248,"este, tal vez sobre cómo he criado a mis hijos,","ma’i, ma’pu’si’pa’ kua wilaweklusa’ teksudeklek,","este, tal vez sobre cómo he criado a mis hijos,","ma'i, ma'pu'si'pa' kua wilaweklusa' teksudeklek,",pdf_textos,P00228,True
U00692,G00575,Nosotros ayudaremos.,KUDA KATU'PA'TECHIDEK,nosotros ayudaremos.,kuda katu'pa'techidek,flashcards2,P00692,False
U01300,G01125,Son inteligentes.,IÑER' ÑINCHITULUSA' NUKER'KA,son inteligentes.,iñer' ñinchitulusa' nuker'ka,flashcards2,P01300,False
U04216,G03952,Con eso he comprado lo que me faltaba.,Nanalek mapa’tulek ma’nen’unta’ pawanta’kasu’.,con eso he comprado lo que me faltaba.,nanalek mapa'tulek ma'nen'unta' pawanta'kasu'.,fidel_lomas,P00340,True
U01124,G00971,Fue repugnante.,NUDU'PI ÑIWIÑI,fue repugnante.,nudu'pi ñiwiñi,flashcards2,P01124,False
U01230,G01063,Espera fuera.,ADIPI WANTENTER',espera fuera.,adipi wantenter',flashcards2,P01230,False
U03866,G03612,nosotras no vivimos en el campo.,KUDA KU'LA NANPI'PIÑIDEK MENMIK,nosotras no vivimos en el campo.,kuda ku'la nanpi'piñidek menmik,flashcards_oraciones,P00659,True
U03868,G03612,nosotros no vivimos en el campo.,KUDA KU'LA NANPI'PIÑIDEK MENMIK,nosotros no vivimos en el campo.,kuda ku'la nanpi'piñidek menmik,flashcards_oraciones,P00661,True
U02683,G02452,dijeron y le quemaron su tambo y su casa.,"tanni’ma di’ser’itullina’ tanpu’nen, pideknen.",dijeron y le quemaron su tambo y su casa.,"tanni'ma di'ser'itullina' tanpu'nen, pideknen.",pdf_textos,P00432,True
U02384,G02153,A la madrugada siguiente una se levanta nuevamente para cutipar (haciéndole hervir otra vez).,Dasu’dekpilli yunsa’nnunta’lek ya’pi’dektak.,a la madrugada siguiente una se levanta nuevamente para cutipar (haciéndole hervir otra vez).,dasu'dekpilli yunsa'nnunta'lek ya'pi'dektak.,pdf_textos,P00133,True
U02612,G02381,¿Tienen candela?”,¿Pen a’cha a’ñapalama’?”,¿tienen candela?,¿pen a'cha a'ñapalama'?,pdf_textos,P00361,True
U04138,G03875,"Al ver al Carachupa cubierto de plumas, le desconoció.",Lli’an Chi’lek anpulu’wa’nsu’ a’pinta’ luwerchi’ñi.,"al ver al carachupa cubierto de plumas, le desconoció.",lli'an chi'lek anpulu'wa'nsu' a'pinta' luwerchi'ñi.,fidel_lomas,P00262,True
U03527,G03284,ellos estudian el futuro.,NAWA' ÑINCHITULLINA YANAKUA'SU,ellos estudian el futuro.,nawa' ñinchitullina yanakua'su,flashcards_oraciones,P00320,False
U01702,G01499,Quiere ir.,YAPA'LLI,quiere ir.,yapa'lli,flashcards2,P01702,False
U03970,G03714,"De esta manera, la sachavaca ayuda al hombre.",Nu’su’ panwala katu’pa’palli enmu’pinen.,"de esta manera, la sachavaca ayuda al hombre.",nu'su' panwala katu'pa'palli enmu'pinen.,fidel_lomas,P00094,True
U00902,G00767,Ellos caminaron.,NAWA DEK'KUNTILLINA',ellos caminaron.,nawa dek'kuntillina',flashcards2,P00902,False
U04300,G04036,Por eso no nos enfermamos con el covid-19.,Nanamalek kaluwi’i’ñidek kuvi-19lek.,por eso no nos enfermamos con el covid-19.,nanamalek kaluwi'i'ñidek kuvi-19lek.,fidel_lomas,P00424,True
U03927,G03671,Ahí estaban los cuidadores del cerco.,Nanek ñapallina’ pidan luwekter’kasu’.,ahí estaban los cuidadores del cerco.,nanek ñapallina' pidan luwekter'kasu'.,fidel_lomas,P00051,True
U02312,G02081,desde una ciudad grande ha venido.,kupin ñinanlukla weklli.,desde una ciudad grande ha venido.,kupin ñinanlukla weklli.,pdf_textos,P00061,False
U00756,G00631,Tiene vino.,VINU' A'ÑAPALLI,tiene vino.,vinu' a'ñapalli,flashcards2,P00756,False
U03850,G03595,nosotros viajamos con su familia.,KUDA PA'LLIDEK PATUNEN'LEK,nosotros viajamos con su familia.,kuda pa'llidek patunen'lek,flashcards_oraciones,P00643,False
U01190,G01027,Eso ayudará.,NANA KATU'PA'TECHU,eso ayudará.,nana katu'pa'techu,flashcards2,P01190,False
U01401,G01219,Me casé.,SADALEK (hombre) / SUDALEK (mujer),me casé.,sadalek (hombre) / sudalek (mujer),flashcards2,P01401,True
U00348,G00275,Lo siento.,WE'INU,lo siento.,we'inu,flashcards2,P00348,False
U03197,G02966,"Ahora ponen, este, Giovana, y otros nombres más.","Ipa’la aku’llina’, ma’i, Giovanna, ma’nen ilipa’.","ahora ponen, este, giovana, y otros nombres más.","ipa'la aku'llina', ma'i, giovanna, ma'nen ilipa'.",pdf_textos,P00946,True
U01200,G01035,Pararon.,TA'ITULA'LLINA,pararon.,ta'itula'llina,flashcards2,P01200,False
U01084,G00937,Entiendo.,LACHEKAPALEK,entiendo.,lachekapalek,flashcards2,P01084,False
U01846,G01635,Fumar apesta.,U'WA'TAK ANALLI,fumar apesta.,u'wa'tak analli,flashcards2,P01846,False
U04119,G03856,"“¡Qué grandes habían sido tus testículos, tío!” volvió a decirle en su corazón.","“¡A’mellulunpin a’ka, apetchá!” itununta’llima kankañik .","¡qué grandes habían sido tus testículos, tío! volvió a decirle en su corazón.","¡a'mellulunpin a'ka, apetchá! itununta'llima kankañik .",fidel_lomas,P00243,True
U01638,G01442,Eres guapa.,MULUNSHA NUKA'MA,eres guapa.,mulunsha nuka'ma,flashcards2,P01638,False
U03073,G02842,"Tal vez querrás estar viendo que a tu esposa, a tu hija, a tus hijos varones los estén azotando”.","Nanipa' luwantula' yalli'apalinpa' sadanpen, teklapinpen, erkunpenlusa' llipu'taperkasu'”.","tal vez querrás estar viendo que a tu esposa, a tu hija, a tus hijos varones los estén azotando.","nanipa' luwantula' yalli'apalinpa' sadanpen, teklapinpen, erkunpenlusa' llipu'taperkasu'.",pdf_textos,P00822,True
U03596,G03350,tú no lees un libro.,KENMA KU'LA LUNCHI'NA ALA'SA' KERKA',tú no lees un libro.,kenma ku'la lunchi'na ala'sa' kerka',flashcards_oraciones,P00389,False
U02320,G02089,"jóvenes,","nadi’neklusa’,","jóvenes,","nadi'neklusa',",pdf_textos,P00069,True
U00096,G00062,Soy tímido.,TEKUA'DANDE'KU,soy tímido.,tekua'dande'ku,flashcards2,P00096,False
U02458,G02227,Yo me llamo Jesús.,Kui’na llillinwek Kishu.,yo me llamo jesús.,kui'na llillinwek kishu.,pdf_textos,P00207,True
U03730,G03480,yo olvido una fecha importante.,KUA PINANER'LEK ALA'SA' UKLI PA'TA'SU',yo olvido una fecha importante.,kua pinaner'lek ala'sa' ukli pa'ta'su',flashcards_oraciones,P00523,False
U01169,G01013,¡Qué vergüenza!,¡DAKUTA'LEK!,¡qué vergüenza!,¡dakuta'lek!,flashcards2,P01169,False
U02405,G02174,Hace tiempo me casé con mi esposo.,Napi’ sudawek sudatulek.,hace tiempo me casé con mi esposo.,napi' sudawek sudatulek.,pdf_textos,P00154,True
U00469,G00380,Trae vino.,KENCHER' VINU',trae vino.,kencher' vinu',flashcards2,P00469,False
U03104,G02873,Malallina es la que nos ha hecho darnos cuenta.,Malallina nu'su' a'lli'tullundek.,malallina es la que nos ha hecho darnos cuenta.,malallina nu'su' a'lli'tullundek.,pdf_textos,P00853,False
U01736,G01532,Necesitaba dinero.,LUWANTUWINEK KULLIKER',necesitaba dinero.,luwantuwinek kulliker',flashcards2,P01736,False
U00838,G00708,Yo invito.,KUA PEKLU'TULEK,yo invito.,kua peklu'tulek,flashcards2,P00838,False
U03798,G03545,él no sube a la montaña.,NANA KU'LA CHINTEK'IÑI MUTUPIK,él no sube a la montaña.,nana ku'la chintek'iñi mutupik,flashcards_oraciones,P00591,False
U00780,G00653,Tengo vino.,VINU' A'ÑAPALEK,tengo vino.,vinu' a'ñapalek,flashcards2,P00780,False
U03887,G03631,"El agua de manantial, que brota de la tierra, eso
bebe el pueblo.","Dek yunsu’a’su’ lupa’ kineklalan, nana ñinanlu’ uapalli.","el agua de manantial, que brota de la tierra, eso bebe el pueblo.","dek yunsu'a'su' lupa' kineklalan, nana ñinanlu' uapalli.",fidel_lomas,P00011,True
U00855,G00725,¡Hagámoslo!,¡NU'TAWA'!,¡hagámoslo!,¡nu'tawa'!,flashcards2,P00855,False
U00904,G00769,Ellos gritaron.,NAWA LAMAPU'LLINA',ellos gritaron.,nawa lamapu'llina',flashcards2,P00904,False
U02281,G02050,De esta lengua le voy a hablar.,Namasu’ la’leklan luntetchek.,de esta lengua le voy a hablar.,namasu' la'leklan luntetchek.,pdf_textos,P00030,True
U03679,G03430,Tú cantas por las noches.,KENMA TULUNER'LA DEKPILLI'LUSA',tú cantas por las noches.,kenma tuluner'la dekpilli'lusa',flashcards_oraciones,P00472,False
U00270,G00212,Iremos.,PA'ATERWA',iremos.,pa'aterwa',flashcards2,P00270,False
U01414,G01229,Necesito café.,WAYUSA' LUWANTULEK,necesito café.,wayusa' luwantulek,flashcards2,P01414,False
U01569,G01374,Tenemos perro.,A'ÑAPALLIDEK ÑIÑI'WA,tenemos perro.,a'ñapallidek ñiñi'wa,flashcards2,P01569,False
U02698,G02467,Todos (los animales) que crío me los llevaré al Ucayali”,Iñer pektawawek ekpantetchek Ukayerlupa’”,todos (los animales) que crío me los llevaré al ucayali,iñer pektawawek ekpantetchek ukayerlupa',pdf_textos,P00447,True
U02627,G02396,En verdad le dijeron:,Tekkinchima itulli:,en verdad le dijeron:,tekkinchima itulli:,pdf_textos,P00376,False
U02913,G02682,Cuentan que ahí un viejo soñador dijo:,Nanek ima ala’sa’ taserpi wa’latutek tulli:,cuentan que ahí un viejo soñador dijo:,nanek ima ala'sa' taserpi wa'latutek tulli:,pdf_textos,P00662,True
U03454,G03217,ella no enseña matemáticas.,NANA KU'LA A'LEKTAPI'ÑI MATEMATICA,ella no enseña matemáticas.,nana ku'la a'lektapi'ñi matematica,flashcards_oraciones,P00247,False
U01755,G01551,Estaba sudando.,ELLIA'PAWINEK,estaba sudando.,ellia'pawinek,flashcards2,P01755,False
U01036,G00891,Buenos días.,MUUKLLI,buenos días.,muuklli,flashcards2,P01036,False
U02527,G02296,"¡Bótenlos, que se regresen!” les dijeron.","¡Dinsuludekku’, adanti’na’!” itudekllima.","¡bótenlos, que se regresen! les dijeron.","¡dinsuludekku', adanti'na'! itudekllima.",pdf_textos,P00276,True
U03905,G03649,A esta enfermedad la llaman “induner”.,Asu’ kaluwi’ peklu’llina’ intuner.,a esta enfermedad la llaman induner.,asu' kaluwi' peklu'llina' intuner.,fidel_lomas,P00029,True
U04211,G03947,Puedes comprar lo que quieras:,Kenma luwanta’masu’ mapa’tunansin: ,puedes comprar lo que quieras:,kenma luwanta'masu' mapa'tunansin:,fidel_lomas,P00335,True
U00670,G00556,Tom caminó.,TOM DEK'KUNTULLI,tom caminó.,tom dek'kuntulli,flashcards2,P00670,False
U04009,G03746,Pero él no sabía que ella era la Mujer Renaco.,Nani’na ñinchichi’ñi Ellalun ipa’chi’ñi nana.,pero él no sabía que ella era la mujer renaco.,nani'na ñinchichi'ñi ellalun ipa'chi'ñi nana.,fidel_lomas,P00133,True
U00830,G00701,Estoy esperando.,WA'TENTAPALEK,estoy esperando.,wa'tentapalek,flashcards2,P00830,False
U04049,G03786,Y porqué quizás el motelo tiene tremendas pintotas nomás.,Madu ma’malek ipa’ u’nei llinsersa’ a’ñapalli.,y porqué quizás el motelo tiene tremendas pintotas nomás.,madu ma'malek ipa' u'nei llinsersa' a'ñapalli.,fidel_lomas,P00173,True
U04525,G04234,"Quiero entonces dedicar este libro al niño que fue, en otro tiempo, esta persona mayor.","NUPACHI YA ENKA'LEK ASU'KERK'A ASU WILA NAPI'NUSU, ASU YALLI SUSUNEN","quiero entonces dedicar este libro al niño que fue, en otro tiempo, esta persona mayor.","nupachi ya enka'lek asu'kerk'a asu wila napi'nusu, asu yalli susunen",el_principito,P00008,True
U03204,G02973,"De verdad tomaban las manos de sus compadres, tomaban las manos de sus comadres y se las besaban, se arrodillaban y lloraban.","Tekkinchi walek kunparinenna' pilli'iteklatanna', kumarinenna' pilli'iteklatanna', musha'iteklanna', yensunna', willekllina'.","de verdad tomaban las manos de sus compadres, tomaban las manos de sus comadres y se las besaban, se arrodillaban y lloraban.","tekkinchi walek kunparinenna' pilli'iteklatanna', kumarinenna' pilli'iteklatanna', musha'iteklanna', yensunna', willekllina'.",pdf_textos,P00953,True
U00120,G00082,Despierta.,NANPIKER',despierta.,nanpiker',flashcards2,P00120,False
U00919,G00783,Pruébate este.,LATAKER' ASU',pruébate este.,lataker' asu',flashcards2,P00919,False
U00106,G00071,Enséñamelo. (muestramelo),ALLI'U,enséñamelo. (muestramelo),alli'u,flashcards2,P00106,True
U00107,G00071,Muestrame.,ALLI'U,muestrame.,alli'u,flashcards2,P00107,True
U01975,G01758,¿Tú crees?,¿KENMA LATEKTAPALA?,¿tú crees?,¿kenma latektapala?,flashcards2,P01975,True
U01976,G01758,¿Usted cree?,¿KENMA LATEKTAPALA?,¿usted cree?,¿kenma latektapala?,flashcards2,P01976,True
U03199,G02968,Ahora cualquier nombre ya les ponen.,Ipa'li'na ma'nen llillinlusi'pa' aku'llina'.,ahora cualquier nombre ya les ponen.,ipa'li'na ma'nen llillinlusi'pa' aku'llina'.,pdf_textos,P00948,False
U03647,G03399,los niños no odian la oscuridad.,NANA WILALUSA' KU'LA' LUYUIÑINA' KASISERLU',los niños no odian la oscuridad.,nana wilalusa' ku'la' luyuiñina' kasiserlu',flashcards_oraciones,P00440,False
U00839,G00709,Me salvó.,KATU'PALUN,me salvó.,katu'palun,flashcards2,P00839,False
U01672,G01473,¿Me oyes?,¿LAUK'APALUN?,¿me oyes?,¿lauk'apalun?,flashcards2,P01672,True
U01673,G01473,¿Me escuchás?,¿LAUK'APALUN?,¿me escuchás?,¿lauk'apalun?,flashcards2,P01673,True
U02962,G02731,"Cuando venía (el tigre negro), con la olla de barro y todo se lo echaron en su cabeza.","Ukkapinchasik, uktalek i’la pidanantullina’ mutu’ñik.","cuando venía (el tigre negro), con la olla de barro y todo se lo echaron en su cabeza.","ukkapinchasik, uktalek i'la pidanantullina' mutu'ñik.",pdf_textos,P00711,True
U03787,G03534,los niños no suben al segundo piso.,NANA WILALUSA' KU'LA CHINTEK'IÑINA KATU' MUSEN'KEK,los niños no suben al segundo piso.,nana wilalusa' ku'la chintek'iñina katu' musen'kek,flashcards_oraciones,P00580,False
U02681,G02450,"Quemémosle la casa a este Arákayu,","Di’serpidektawa’ asu’ Arakayu,","quemémosle la casa a este arákayu,","di'serpidektawa' asu' arakayu,",pdf_textos,P00430,True
U00244,G00189,Mes. ,DUKER,mes.,duker,flashcards2,P00244,True
U00245,G00189,Luna,DUKER,luna,duker,flashcards2,P00245,True
U01942,G01726,¿Son hermanas?,¿KAI'KUALUSA' NUKA'MAMA'?,¿son hermanas?,¿kai'kualusa' nuka'mama'?,flashcards2,P01942,False
U00019,G00016,Sonrían.,YAMERKU',sonrían.,yamerku',flashcards2,P00019,False
U03494,G03252,ustedes escuchan a su maestro.,KENMAMA' LAUK'LAMA' A'LEKTUTEKPENMA',ustedes escuchan a su maestro.,kenmama' lauk'lama' a'lektutekpenma',flashcards_oraciones,P00287,False
U00664,G00550,Tomás llamó soplando hoja.,CHUMA PEKLU'TULLI PENMEK'TAN,tomás llamó soplando hoja.,chuma peklu'tulli penmek'tan,flashcards2,P00664,False
U04110,G03847,"“Solo has agarrado la raíz de un árbol, tío” le respondió.","“Nalaiteksa’ pilli’tula, apetchá,” itullima.","solo has agarrado la raíz de un árbol, tío le respondió.","nalaiteksa' pilli'tula, apetchá, itullima.",fidel_lomas,P00234,True
U03477,G03239,ellas no escuchan música.,NAWA' KU'LA LAUK'I'ÑINA' TULUNER',ellas no escuchan música.,nawa' ku'la lauk'i'ñina' tuluner',flashcards_oraciones,P00270,False
U01511,G01320,Hazlo rápido.,WIUK'SU' NU'TER',hazlo rápido.,wiuk'su' nu'ter',flashcards2,P01511,False
U03600,G03354,ella no limpia la casa.,NANA KU'LA WITEK'IÑI PIDEK,ella no limpia la casa.,nana ku'la witek'iñi pidek,flashcards_oraciones,P00393,False
U03655,G03407,ella olvida su cuaderno.,NANA PINANERIÑI KERKA'NEN,ella olvida su cuaderno.,nana pinaneriñi kerka'nen,flashcards_oraciones,P00448,False
U01135,G00982,Siga leyendo.,LUNTAPER'I'LA,siga leyendo.,luntaper'i'la,flashcards2,P01135,False
U03436,G03199,ellas no corren muy rápido.,NAWA' KU'LA TEKA'PI'ÑINA NAKUSU WIU'KSU',ellas no corren muy rápido.,nawa' ku'la teka'pi'ñina nakusu wiu'ksu',flashcards_oraciones,P00229,False
U03530,G03287,las niñas estudiaran mañana.,NANA WILLA KU'APER'LUSA' ÑINCHITECHUNA' EKLLI,las niñas estudiaran mañana.,nana willa ku'aper'lusa' ñinchitechuna' eklli,flashcards_oraciones,P00323,False
U00115,G00078,Tom comió.,TOM WERANPALLI,tom comió.,tom weranpalli,flashcards2,P00115,False
U00809,G00681,Soy turco.,TURKU NUKA'KA,soy turco.,turku nuka'ka,flashcards2,P00809,False
U01349,G01170,¿Lo ves?,¿LI'APALA?,¿lo ves?,¿li'apala?,flashcards2,P01349,False
U00503,G00411,Está arruinado.,SAPUSU' ÑAPALLI,está arruinado.,sapusu' ñapalli,flashcards2,P00503,False
U00561,G00462,Me mudaré.,YUNSUE'CHEK,me mudaré.,yunsue'chek,flashcards2,P00561,False
U01050,G00904,Esperará.,WA'TENTECHU,esperará.,wa'tentechu,flashcards2,P01050,False
U01159,G01005,"Ah, entiendo.","AH, LACHEK'APALEK","ah, entiendo.","ah, lachek'apalek",flashcards2,P01159,False
U00903,G00768,Pasearon.,DA'LLINA',pasearon.,da'llina',flashcards2,P00903,False
U00206,G00155,Soy malo. (hacer mal las cosas),MUI'NEK,soy malo. (hacer mal las cosas),mui'nek,flashcards2,P00206,True
U00052,G00041,Estate tranquilo.,MUSU' ÑAPAKER',estate tranquilo.,musu' ñapaker',flashcards2,P00052,False
U04198,G03934,"Esa vez me quedé tres meses, trabajando para comprar mi ropa.",Napi’pu’ lli’alek kala duker’ yasaka’tamu mapa’tak kutunweklusa’.,"esa vez me quedé tres meses, trabajando para comprar mi ropa.",napi'pu' lli'alek kala duker' yasaka'tamu mapa'tak kutunweklusa'.,fidel_lomas,P00322,True
U02783,G02552,no conocen los grandes peces:,luwetchi’ñina’ asu’ kupin samellusa’:,no conocen los grandes peces:,luwetchi'ñina' asu' kupin samellusa':,pdf_textos,P00532,True
U01143,G00990,Déjalo ir.,TA'ITULER' PA'I,déjalo ir.,ta'ituler' pa'i,flashcards2,P01143,False
U03161,G02930,"Ese otro dijo ""Yo he sabido que en el cerro vive Llumallun"". 12 Laulate es un apellido muy común en Jeberos. Según este relato, su etimología se hallaría en el nombre Laweklatek “el de la boca abierta”. 13 Llumallun era viejita que vivia sola y era sabia.","Nana ali'lima tulli ""Kui’na ñinchitulek nana mutupik nanpipalli Llumallun13’”.","ese otro dijo yo he sabido que en el cerro vive llumallun. 12 laulate es un apellido muy común en jeberos. según este relato, su etimología se hallaría en el nombre laweklatek el de la boca abierta. 13 llumallun era viejita que vivia sola y era sabia.",nana ali'lima tulli kui'na ñinchitulek nana mutupik nanpipalli llumallun13'.,pdf_textos,P00910,True
U03133,G02902,Sekputchek no era de buen corazón.,Nana Sekputchek ima nana mukankinpu'a'su'.,sekputchek no era de buen corazón.,nana sekputchek ima nana mukankinpu'a'su'.,pdf_textos,P00882,False
U03737,G03487,los niños no piensan en su familia.,NANA WILALUSA KU'LA LLI'INU'PI'ÑINA' PA'TU'NEN'NAK,los niños no piensan en su familia.,nana wilalusa ku'la lli'inu'pi'ñina' pa'tu'nen'nak,flashcards_oraciones,P00530,False
U00370,G00297,Se terminó.,TA'WAN'TULLI,se terminó.,ta'wan'tulli,flashcards2,P00370,False
U03005,G02774,"Dice que ahí algunos (españoles) les decían (a los shiwilu) ""Traigan a sus hermanas para vendérnoslas"".","Nanek ima nu'unta' itudekllina' ""Kerku' sha'wapenma' uku'lakeru'kudek"".",dice que ahí algunos (españoles) les decían (a los shiwilu) traigan a sus hermanas para vendérnoslas.,nanek ima nu'unta' itudekllina' kerku' sha'wapenma' uku'lakeru'kudek.,pdf_textos,P00754,True
U00449,G00361,Nosotros esperamos.,KUDA WA'TENTULIDEK,nosotros esperamos.,kuda wa'tentulidek,flashcards2,P00449,False
U03233,G03002,Escucho el canto del gallo.,LAUK'APALEK WA'DANTEK PEKLA'SU',escucho el canto del gallo.,lauk'apalek wa'dantek pekla'su',flashcards_oraciones,P00026,False
U01656,G01458,¿Podemos proseguir?,¿YENNITATERWA TUPITAK?,¿podemos proseguir?,¿yennitaterwa tupitak?,flashcards2,P01656,True
U01657,G01458,¿Podemos continuar?,¿YENNITATERWA TUPITAK?,¿podemos continuar?,¿yennitaterwa tupitak?,flashcards2,P01657,True
U01337,G01159,¿Puedes dormir?,¿YENNITULA WICHI'A'MAK?,¿puedes dormir?,¿yennitula wichi'a'mak?,flashcards2,P01337,False
U03556,G03313,nosotros hablamos con su primo.,KUDA LUÑIDEK PRIMUNENLEK,nosotros hablamos con su primo.,kuda luñidek primunenlek,flashcards_oraciones,P00349,False
U01867,G01655,Vienen.,UK'APILELLINA',vienen.,uk'apilellina',flashcards2,P01867,False
U03895,G03639,En el monte tenemos una variedad de árboles.,Tanak aʹñaʹpallidek dudinpu’ nalalusaʹ.,en el monte tenemos una variedad de árboles.,tanak a'ña'pallidek dudinpu' nalalusa'.,fidel_lomas,P00019,True
U01982,G01763,Todos miraron.,IÑER'DAPER' LLI'TULLINA',todos miraron.,iñer'daper' lli'tullina',flashcards2,P01982,False
U00576,G00475,¿Aquí?,¿ASEK?,¿aquí?,¿asek?,flashcards2,P00576,False
U00960,G00820,¡Qué equipo!,MUMU'WANBALEK,¡qué equipo!,mumu'wanbalek,flashcards2,P00960,False
U01425,G01239,Tuve cuidado.,INLU'UKTUWINEK,tuve cuidado.,inlu'uktuwinek,flashcards2,P01425,False
U02641,G02410,Van a venir los peces”.,Uketchu samellusa’”.,van a venir los peces.,uketchu samellusa'.,pdf_textos,P00390,True
U02501,G02270,La señora me preguntó “¿Cómo vives?”,Senñula’ “¿Ma’pu’su’cha nanpipala?” itullun.,la señora me preguntó ¿cómo vives?,senñula' ¿ma'pu'su'cha nanpipala? itullun.,pdf_textos,P00250,True
U03643,G03395,ella no odia la tarea.,NANA KU'LA LUYUIÑI YANU'TA'SU',ella no odia la tarea.,nana ku'la luyuiñi yanu'ta'su',flashcards_oraciones,P00436,False
U00119,G00081,¡Despierta!,¡NANPIKER'!,¡despierta!,¡nanpiker'!,flashcards2,P00119,False
U00221,G00169,Duele.,IKERLLI,duele.,ikerlli,flashcards2,P00221,False
U00325,G00256,Lo sabía.,ÑINCHITUWINEK',lo sabía.,ñinchituwinek',flashcards2,P00325,False
U00575,G00476,¿Es acá?,¿ASEK A'CHA?,¿es acá?,¿asek a'cha?,flashcards2,P00575,True
U00577,G00476,¿Está aquí?,¿ASEK A'CHA?,¿está aquí?,¿asek a'cha?,flashcards2,P00577,True
U03559,G03316,ustedes no hablan de ella,KENMAMA LUMPI'NAMA' NANAKIN,ustedes no hablan de ella,kenmama lumpi'nama' nanakin,flashcards_oraciones,P00352,False
U00622,G00513,Huele esto.,LANERKER' ASU',huele esto.,lanerker' asu',flashcards2,P00622,False
U00277,G00219,Escríbeme.,LLINSER'CHU'U,escríbeme.,llinser'chu'u,flashcards2,P00277,False
U01069,G00922,Lo desconozco.,LUVER'CHI'NEK ,lo desconozco.,luver'chi'nek,flashcards2,P01069,False
U03744,G03493,tú no piensas en su familia.,KENMA KU'LA LLI'INUPI'NA PA'TU'NEN'KEK,tú no piensas en su familia.,kenma ku'la lli'inupi'na pa'tu'nen'kek,flashcards_oraciones,P00537,False
U02417,G02186,"“¿Estás aquí, hermana?” me viene a decir. 3 Una forma alternativa es weranwekkeklan. 4 Se refiere a sus hijos presentes durante la sesión de grabación.","- “Ñapala, ñañá?” itukellu.","¿estás aquí, hermana? me viene a decir. 3 una forma alternativa es weranwekkeklan. 4 se refiere a sus hijos presentes durante la sesión de grabación.","- ñapala, ñañá? itukellu.",pdf_textos,P00166,True
U04454,G04189,"“La mujer de Arákayu es como la luna llena (que quiere amanecer),","“ARAKAYU SADI’NA’ DUKER YANUKLLI,","la mujer de arákayu es como la luna llena (que quiere amanecer),","arakayu sadi'na' duker yanuklli,",vs_textos_narrativos,P00016,True
U04147,G03884,Un joven quería tener enamorada y salió a buscar.,"Ala’sa’ nadi’nek yaekkuanwanwiñi, yunsu’lli yadunker’an.",un joven quería tener enamorada y salió a buscar.,"ala'sa' nadi'nek yaekkuanwanwiñi, yunsu'lli yadunker'an.",fidel_lomas,P00271,True
U01189,G01026,¡Gracias nuevamente!,¡YUSPEINET'ECHUN NANAPU'SI'LA!,¡gracias nuevamente!,¡yuspeinet'echun nanapu'si'la!,flashcards2,P01189,False
U03407,G03170,ellas no cierran la puerta.,NAWA' KU'LA UNKUI'ÑINA UNKUNAN,ellas no cierran la puerta.,nawa' ku'la unkui'ñina unkunan,flashcards_oraciones,P00200,False
U02652,G02421,(Entonces) preguntaron esos hermanos (shawala) que habían ido:,Tullina’ nana yalli’lusa’ pa’lusa’:,(entonces) preguntaron esos hermanos (shawala) que habían ido:,tullina' nana yalli'lusa' pa'lusa':,pdf_textos,P00401,True
U03358,G03125,el niño baja la escalera.,NANAWILA NU'WAÑI CHINTEN'NAKLA',el niño baja la escalera.,nanawila nu'wañi chinten'nakla',flashcards_oraciones,P00151,False
U03581,G03336,él lava la ropa.,NANA PEKSA'LLI KUTUN,él lava la ropa.,nana peksa'lli kutun,flashcards_oraciones,P00374,False
U00794,G00667,Vendo autos.,UKU'LATAPALEK WA'NATEKA'ASU',vendo autos.,uku'latapalek wa'nateka'asu',flashcards2,P00794,False
U02797,G02566,Las viejas finadas y los viejos finados se sentaban y hablaban de ese Arákayu.,"Tasellunku’lusa’ papinkuku’lusa’ du’anna’, nana Arakayukin luñina’.",las viejas finadas y los viejos finados se sentaban y hablaban de ese arákayu.,"tasellunku'lusa' papinkuku'lusa' du'anna', nana arakayukin luñina'.",pdf_textos,P00546,True
U02649,G02418,"La matamata, la taricaya, la charapa salieron del agua.","Mapapa’, damer’ita, puka’ yunchinkelli.","la matamata, la taricaya, la charapa salieron del agua.","mapapa', damer'ita, puka' yunchinkelli.",pdf_textos,P00398,True
U04420,G04155,"Ahora recién quieren curarle, recién se acuerdan, recién encuentran su remedio.","Ipa’la yanalulenñina’, nalli’inutullina’, nakanañina’ ilulennanen.","ahora recién quieren curarle, recién se acuerdan, recién encuentran su remedio.","ipa'la yanalulenñina', nalli'inutullina', nakanañina' ilulennanen.",fidel_lomas,P00544,True
U01650,G01453,Tráemelo.,KERITU'U,tráemelo.,keritu'u,flashcards2,P01650,False
U04446,G04181,"Después (era) de pelo largo y negro,","NU’SIK SHINENCHEK, KER’ENCHEK,","después (era) de pelo largo y negro,","nu'sik shinenchek, ker'enchek,",vs_textos_narrativos,P00008,True
U00719,G00599,Como quieras.,KENMA LUWANTA'MASU'PU'SU',como quieras.,kenma luwanta'masu'pu'su',flashcards2,P00719,False
U00333,G00264,Cantaré.,TULUNER'ECHEK,cantaré.,tuluner'echek,flashcards2,P00333,False
U01402,G01220,Odio volar.,LUYULEK PENNU'AK,odio volar.,luyulek pennu'ak,flashcards2,P01402,True
U01403,G01220,Detesto volar.,LUYULEK PENNU'AK,detesto volar.,luyulek pennu'ak,flashcards2,P01403,True
U03296,G03064,¿Qué significa esta palabra?,¿MATULEKI'NA' ASU' LA'LA'KEK?,¿qué significa esta palabra?,¿matuleki'na' asu' la'la'kek?,flashcards_oraciones,P00089,False
U03539,G03296,el niño no habla en la casa.,NANA WILLA KU'LA LUNPI'ÑI PIDEKNENKEK,el niño no habla en la casa.,nana willa ku'la lunpi'ñi pideknenkek,flashcards_oraciones,P00332,False
U03033,G02802,"A eso dijeron ""¡Cuánto hemos sufrido para abrir el camino a Moyobamba!"" dijeron.","Nana nani'na itullina' ""Ma'pu'si'pa' insekluteñek Muyunpa inchilala yaekketchakwa' tullina'.",a eso dijeron ¡cuánto hemos sufrido para abrir el camino a moyobamba! dijeron.,nana nani'na itullina' ma'pu'si'pa' insekluteñek muyunpa inchilala yaekketchakwa' tullina'.,pdf_textos,P00782,True
U01107,G00958,Estoy dudando.,KU'LA LATEKTAPI'NEK,estoy dudando.,ku'la latektapi'nek,flashcards2,P01107,False
U03323,G03090,tú abres la puerta.,KENMA EK'KER'CHULA UNKUNAN,tú abres la puerta.,kenma ek'ker'chula unkunan,flashcards_oraciones,P00116,False
U01006,G00863,¿Puedes andar?,¿YENNITAPALA DEKKUNTA'MAK?,¿puedes andar?,¿yennitapala dekkunta'mak?,flashcards2,P01006,False
U02321,G02090,"muchachas, no saben pues esta lengua nuestra,","wilalunlusa’, ñi ñinchichi’ñina’ namasu’ la’la’mapu’wa’,","muchachas, no saben pues esta lengua nuestra,","wilalunlusa', ñi ñinchichi'ñina' namasu' la'la'mapu'wa',",pdf_textos,P00070,True
U00142,G00099,Anímate.,NANTA'PIKER,anímate.,nanta'piker,flashcards2,P00142,False
U01586,G01391,Somos egoístas.,KENMU'SAK LLI'I'NUPALEKWA',somos egoístas.,kenmu'sak lli'i'nupalekwa',flashcards2,P01586,False
U02453,G02222,Por eso estoy sentada.,Nu’amu du’apalek.,por eso estoy sentada.,nu'amu du'apalek.,pdf_textos,P00202,True
U01042,G00896,Toma otro. (beber),UKER' ALI'LA',toma otro. (beber),uker' ali'la',flashcards2,P01042,True
U00688,G01076,Debemos irnos.,PA'A'KAWA'SU' ÑAPALLI,debemos irnos.,pa'a'kawa'su' ñapalli,flashcards2,P00688,True
U01244,G01076,Deberíamos irnos.,PA'A'KAWA'SU' ÑAPALLI,deberíamos irnos.,pa'a'kawa'su' ñapalli,flashcards2,P01244,True
U00931,G00794,Podemos hablar.,YINNITULLIDEK LUNNAK,podemos hablar.,yinnitullidek lunnak,flashcards2,P00931,False
U01578,G01383,Teníamos razón.,A'PERSU' ÑAPIÑIDEK,teníamos razón.,a'persu' ñapiñidek,flashcards2,P01578,False
U04109,G03846,“¿Acaso te he agarrado?” le preguntó.,"¿“Pilli’tullen a’cha,”? itullima.",¿acaso te he agarrado? le preguntó.,"¿pilli'tullen a'cha,? itullima.",fidel_lomas,P00233,True
U03856,G03601,yo viajo con su familia.,KUA PA'APILALEK PATUNENLEK,yo viajo con su familia.,kua pa'apilalek patunenlek,flashcards_oraciones,P00649,False
U00569,G00469,¿Está muerto?,¿CHIMIÑI?,¿está muerto?,¿chimiñi?,flashcards2,P00569,False
U01104,G00956,Estoy divorciada.,APU'PI NUKA'KA,estoy divorciada.,apu'pi nuka'ka,flashcards2,P01104,False
U03763,G03512,ellas no recuerdan una canción.,NAWA'KU'LA LLI'INUTAPI'ÑINA ALA'SA' TULUNER',ellas no recuerdan una canción.,nawa'ku'la lli'inutapi'ñina ala'sa' tuluner',flashcards_oraciones,P00556,False
U01482,G01294,Son negocios.,UKU'LATAK NUKER'KA,son negocios.,uku'latak nuker'ka,flashcards2,P01482,False
U00672,G00558,Tom bostezó.,TOM LAUKI'LLI,tom bostezó.,tom lauki'lli,flashcards2,P00672,False
U02448,G02217,"“Mamá, estoy viniendo de la chacra”.","- “Mamá, uk’apincha’lek menmiklan”.","mamá, estoy viniendo de la chacra.","- mamá, uk'apincha'lek menmiklan.",pdf_textos,P00197,True
U03954,G03698,También se vende su carne ahumada.,Nu’sik’unta’ lu’lunen chinpi uku’latulek.,también se vende su carne ahumada.,nu'sik'unta' lu'lunen chinpi uku'latulek.,fidel_lomas,P00078,True
U02037,G01815,Lo arreglaré.,TEKDIPER'ECHEK,lo arreglaré.,tekdiper'echek,flashcards2,P02037,False
U01141,G00988,Sigue caminando.,DEK'KUNTAPER'PI'LA,sigue caminando.,dek'kuntaper'pi'la,flashcards2,P01141,False
U03097,G02866,"“¿Por qué estos del Barrio Bajo son asi? ¿Acaso nosotros nos vamos por ahi (por donde ellos)?”, diciendo se rabian.","""Ma'ki'na asu' Chilen nu'lli? ¿Kenmu'wa'ta’ nanalupa' pa'apalekwa'?"", tanna' yullina'.","¿por qué estos del barrio bajo son asi? ¿acaso nosotros nos vamos por ahi (por donde ellos)?, diciendo se rabian.","ma'ki'na asu' chilen nu'lli? ¿kenmu'wa'ta' nanalupa' pa'apalekwa'?, tanna' yullina'.",pdf_textos,P00846,True
U01476,G01288,Fue irónico.,SI'LEN ÑIWIÑI,fue irónico.,si'len ñiwiñi,flashcards2,P01476,False
U04416,G04151,Eso no vale. ,Nana mui’ñi. ,eso no vale.,nana mui'ñi.,fidel_lomas,P00540,True
U00956,G00817,Qué dolor.,EMBU'NI IKER'IPA',qué dolor.,embu'ni iker'ipa',flashcards2,P00956,False
U02346,G02115,Un kilo de maíz se tuesta en una tostadora.,Ala’ kilu inyalek chiter inyalalanantekkek.,un kilo de maíz se tuesta en una tostadora.,ala' kilu inyalek chiter inyalalanantekkek.,pdf_textos,P00095,True
U01760,G01556,Preferiría morir.,CHIMIN'INA'KA,preferiría morir.,chimin'ina'ka,flashcards2,P01760,False
U00494,G00619,No grites.,YALAMAPU'TA,no grites.,yalamapu'ta,flashcards2,P00494,True
U00743,G00619,No chilles.,YALAMAPU'TA,no chilles.,yalamapu'ta,flashcards2,P00743,True
U01504,G01314,Volvamos.,ADANTA'WA',volvamos.,adanta'wa',flashcards2,P01504,False
U04279,G04015,"Si no nos lleva el covid-19, estaremos viviendo todavía.","kuvi-19 ekpi’npu’pachinmu’, nanpiapaterpi’la.","si no nos lleva el covid-19, estaremos viviendo todavía.","kuvi-19 ekpi'npu'pachinmu', nanpiapaterpi'la.",fidel_lomas,P00403,True
U01335,G01157,¿Puedo visitar?,¿YENNITULEK LLIAK?,¿puedo visitar?,¿yennitulek lliak?,flashcards2,P01335,False
U01772,G01566,Me desnudo.,INANPILECHEK,me desnudo.,inanpilechek,flashcards2,P01772,False
U01481,G01293,Es adorable.,U'CHIMUSHA NUKA'A,es adorable.,u'chimusha nuka'a,flashcards2,P01481,False
U00108,G00072,Hasta luego.,PANTE'CHEK,hasta luego.,pante'chek,flashcards2,P00108,False
U00187,G01788,He vuelto.,ADENCHA'LEK,he vuelto.,adencha'lek,flashcards2,P00187,True
U02009,G01788,Volví.,ADENCHA'LEK,volví.,adencha'lek,flashcards2,P02009,True
U00069,G00050,Vaya despacio.,PAKER' UTI'LA,vaya despacio.,paker' uti'la,flashcards2,P00069,False
U03259,G03028,Estoy aprendiendo tu lengua.,ÑINCHITAPILALEK LA'LA' PEN,estoy aprendiendo tu lengua.,ñinchitapilalek la'la' pen,flashcards_oraciones,P00052,False
U01892,G01680,Somos hermanos.,IIN NUKA'KAWA,somos hermanos.,iin nuka'kawa,flashcards2,P01892,False
U03248,G03017,Mañana iremos al mercado.,EKLLI PA'ATER MERKADUK,mañana iremos al mercado.,eklli pa'ater merkaduk,flashcards_oraciones,P00041,False
U02466,G02235,Su dueño dice le decía “¡Tú vete yendo!”,"Wa’anler imi’na itulli “ ¡Pa’apilanter, kenmá!”",su dueño dice le decía ¡tú vete yendo!,"wa'anler imi'na itulli ¡pa'apilanter, kenmá!",pdf_textos,P00215,True
U01929,G01714,Están ganando.,KANA'TAPALLINA',están ganando.,kana'tapallina',flashcards2,P01929,False
U00777,G00650,Me enfadé.,YULEK,me enfadé.,yulek,flashcards2,P00777,False
U04052,G03789,“Está bien” acordaron.,“Mu’chun” tullina’.,está bien acordaron.,mu'chun tullina'.,fidel_lomas,P00176,True
U02847,G02616,"¡Qué fieras habrán ahí, por donde vamos a abrir el camino!","¡Ma’nen ilipa’ ñapalli anaka’lusa’, nana inchilala yekketcha’kawa’su’lupa’!","¡qué fieras habrán ahí, por donde vamos a abrir el camino!","¡ma'nen ilipa' ñapalli anaka'lusa', nana inchilala yekketcha'kawa'su'lupa'!",pdf_textos,P00596,True
U01655,G01457,¿Puedo sentarme?,¿YENNITULEK DU'AK?,¿puedo sentarme?,¿yennitulek du'ak?,flashcards2,P01655,False
U01445,G01257,Cogeré uno.,MAECHEK ALASA',cogeré uno.,maechek alasa',flashcards2,P01445,False
U01521,G01330,Es francesa.,NUKA'A FRANCESA,es francesa.,nuka'a francesa,flashcards2,P01521,False
U03975,G03719,Esto he aprendido de mi abuelo finado.,Asu’ ñinchitulek papinkuwekkukla.,esto he aprendido de mi abuelo finado.,asu' ñinchitulek papinkuwekkukla.,fidel_lomas,P00099,True
U00358,G00285,Fracasó.,A'APER'LLI,fracasó.,a'aper'lli,flashcards2,P00358,False
U01343,G01165,¿Necesito uno?,¿LUANTULEK ALA'SA'?,¿necesito uno?,¿luantulek ala'sa'?,flashcards2,P01343,False
U01370,G01189,¡Me pellizcó!,¡SEK'TEK'LLIU!,¡me pellizcó!,¡sek'tek'lliu!,flashcards2,P01370,False
U02551,G02320,"Hasta donde se detuvieron los niños, dice, ardió todo.",Nana wilalusa’ wanererkek walek ima uketlli.,"hasta donde se detuvieron los niños, dice, ardió todo.",nana wilalusa' wanererkek walek ima uketlli.,pdf_textos,P00300,True
U01480,G01292,Será fácil.,SAKA'DEKIMPU ÑICHU,será fácil.,saka'dekimpu ñichu,flashcards2,P01480,False
U02154,G01928,Tomás entiende.,CHUMA LACHEK'LLI,tomás entiende.,chuma lachek'lli,flashcards2,P02154,False
U00214,G00162,Estoy calientito.,UKAPISHA ÑAPALEK,estoy calientito.,ukapisha ñapalek,flashcards2,P00214,False
U02324,G02093,No.,Ma’sha.,no.,ma'sha.,pdf_textos,P00073,True
U01423,G01237,Quiero intentarlo.,YATEKLERILEK,quiero intentarlo.,yateklerilek,flashcards2,P01423,False
U00699,G00581,Estamos perdidos.,WER'SU' ÑAPALLIDEK,estamos perdidos.,wer'su' ñapallidek,flashcards2,P00699,False
U02770,G02539,yendo a sentarse afuera y sintieron pena.,adipi du’kunna’ wa’inutullina’.,yendo a sentarse afuera y sintieron pena.,adipi du'kunna' wa'inutullina'.,pdf_textos,P00519,True
U04126,G03863,Ahí las mujeres otra vez bailaban contentas.,Nanek shaya’lusa’ lansa’nunta’llina’ sakeksu’.,ahí las mujeres otra vez bailaban contentas.,nanek shaya'lusa' lansa'nunta'llina' sakeksu'.,fidel_lomas,P00250,True
U02662,G02431,Pero dicen que no permite que nadie entre a su casa.,Ñimi’na pidekñik ñiden ya’da’i’ñi.,pero dicen que no permite que nadie entre a su casa.,ñimi'na pidekñik ñiden ya'da'i'ñi.,pdf_textos,P00411,True
U01272,G01101,Lo heriste.,LLIPU'TULA,lo heriste.,llipu'tula,flashcards2,P01272,False
U01468,G01280,¿Está lloviendo?,¿ULANPALLINCHA?,¿está lloviendo?,¿ulanpallincha?,flashcards2,P01468,False
U00463,G00375,¡Ten cuidado!,¡LI'KER'LA!,¡ten cuidado!,¡li'ker'la!,flashcards2,P00463,True
U00464,G00375,¡Sé cuidadoso!,¡LI'KER'LA!,¡sé cuidadoso!,¡li'ker'la!,flashcards2,P00464,True
U00583,G00707,Eso pasa.,NANA NAKULLI,eso pasa.,nana nakulli,flashcards2,P00583,True
U00837,G00707,Eso sucedió.,NANA NAKULLI,eso sucedió.,nana nakulli,flashcards2,P00837,True
U04061,G03798,“Así como esto quiero que me pintes” dijo la Motelo.,“Asu’pu’su’ kua luwantulek llinsera’musu’” tulli Madu.,así como esto quiero que me pintes dijo la motelo.,asu'pu'su' kua luwantulek llinsera'musu' tulli madu.,fidel_lomas,P00185,True
U02818,G02587,Allí dice vivía una ballena.,Nanek ima lanla’ ñilli.,allí dice vivía una ballena.,nanek ima lanla' ñilli.,pdf_textos,P00567,True
U02709,G02478,De esta manera los peces nos dejaron.,Nu’siklima’ka asu’ samer chiketllapillenmu’wa’.,de esta manera los peces nos dejaron.,nu'siklima'ka asu' samer chiketllapillenmu'wa'.,pdf_textos,P00458,True
U02050,G01827,Solo pregunto.,LEKTAPALEKSA',solo pregunto.,lektapaleksa',flashcards2,P02050,False
U01199,G01034,Se negaron.,LUWANCHI'ÑINA',se negaron.,luwanchi'ñina',flashcards2,P01199,False
U00795,G00668,Huelo gas.,LANERAPALEK GAS,huelo gas.,lanerapalek gas,flashcards2,P00795,False
U00525,G00431,Te detesto.,LUYULLIEN,te detesto.,luyullien,flashcards2,P00525,False
U01628,G01433,Fracasarás.,NU'CHIN'CHU,fracasarás.,nu'chin'chu,flashcards2,P01628,False
U03628,G03382,nosotras no nadamos bajo la lluvia.,KUDA KU'LA IDUNPI'ÑIDEK U'LAN WILENKEK,nosotras no nadamos bajo la lluvia.,kuda ku'la idunpi'ñidek u'lan wilenkek,flashcards_oraciones,P00421,False
U00742,G00618,¡No dispares!,¡YAILANTUTA!,¡no dispares!,¡yailantuta!,flashcards2,P00742,False
U00375,G00302,Guarden esto.,SEK'DIPERKU' ASU',guarden esto.,sek'diperku' asu',flashcards2,P00375,False
U00383,G00308,¡Déjeme ir!,¡TA'ITULA'U'KU YAPANTA'LEK!,¡déjeme ir!,¡ta'itula'u'ku yapanta'lek!,flashcards2,P00383,False
U00701,G00583,Estamos hartos.,PERLLI'LLIDEK,estamos hartos.,perlli'llidek,flashcards2,P00701,False
U00356,G00283,Se quemó.,UKER'LLI,se quemó.,uker'lli,flashcards2,P00356,False
U03710,G03461,Él pesca en el mar con su abuelo.,NANA PUR'APALLI KUPIN SEN'NAK PAPINKUNENLEK,él pesca en el mar con su abuelo.,nana pur'apalli kupin sen'nak papinkunenlek,flashcards_oraciones,P00503,False
U00282,G00223,Respóndanme.,NA'PIU'KU,respóndanme.,na'piu'ku,flashcards2,P00282,False
U01904,G01692,¿Qué necesito?,¿MA'NEN LUWANTULEK?,¿qué necesito?,¿ma'nen luwantulek?,flashcards2,P01904,False
U03889,G03633,"Los principales son: por el Barrio Alto, uno; por el
Barrio Bajo, dos.","A’pinta’ a’llupilusa’: Winenñupa’ ala’sa’, Chilenñupa’ katu’ta’.","los principales son: por el barrio alto, uno; por el barrio bajo, dos.","a'pinta' a'llupilusa': winenñupa' ala'sa', chilenñupa' katu'ta'.",fidel_lomas,P00013,True
U01990,G01770,Es etíope.,ETIOPE NUKA'A,es etíope.,etiope nuka'a,flashcards2,P01990,False
U03125,G02894,Les voy a contar otro poquito sobre los de habla española que llegaron cargados desde Moyobamba acá a Jeberos.,Enta' wintununterkenma' u'ñishata'la nana Ishpaña la'la' lunlusi'mi'na' pipekpi wekllina' Muyunpeklan asu' Shiwiluk.,les voy a contar otro poquito sobre los de habla española que llegaron cargados desde moyobamba acá a jeberos.,enta' wintununterkenma' u'ñishata'la nana ishpaña la'la' lunlusi'mi'na' pipekpi wekllina' muyunpeklan asu' shiwiluk.,pdf_textos,P00874,True
U03418,G03181,él no cierra el libro.,NANA KU'LA UNKUI'ÑI NANA KERKA',él no cierra el libro.,nana ku'la unkui'ñi nana kerka',flashcards_oraciones,P00211,False
U03405,G03182,ella no cierra la mochila.,NANA KU'LA UNKUI'ÑI NANA MUCHILA,ella no cierra la mochila.,nana ku'la unkui'ñi nana muchila,flashcards_oraciones,P00198,True
U03419,G03182,él no cierra la mochila.,NANA KU'LA UNKUI'ÑI NANA MUCHILA,él no cierra la mochila.,nana ku'la unkui'ñi nana muchila,flashcards_oraciones,P00212,True
U00297,G00232,¡No llores!,¡YAWELLEKTA!,¡no llores!,¡yawellekta!,flashcards2,P00297,False
U03759,G03508,el niño recuerda una canción.,NANA WILA LLI'INUTA'PALLI ALA'SA' TULUNER',el niño recuerda una canción.,nana wila lli'inuta'palli ala'sa' tuluner',flashcards_oraciones,P00552,False
U00432,G00345,Tomás condujo.,TOMAS EKPA'LLI,tomás condujo.,tomas ekpa'lli,flashcards2,P00432,False
U02318,G02087,"Todos los que están aquí,","Iñer asek ñapalusa’,","todos los que están aquí,","iñer asek ñapalusa',",pdf_textos,P00067,True
U04371,G04106,A las once hemos vuelto de la pesca.,Tamutuk adencha’llidek pu’yekkekla.,a las once hemos vuelto de la pesca.,tamutuk adencha'llidek pu'yekkekla.,fidel_lomas,P00495,True
U02192,G01966,¿Cuándo correrás?,¿ENPI'TEKE'CHU?,¿cuándo correrás?,¿enpi'teke'chu?,flashcards2,P02192,False
U03652,G03404,yo no odio la tarea.,KUA KU'LA' LUYUINEK YANU'TA'KA'SU',yo no odio la tarea.,kua ku'la' luyuinek yanu'ta'ka'su',flashcards_oraciones,P00445,False
U03920,G03664,"Entonces, en la tarde majaban (el barbasco).","Ipa’linchi, er’wa llisañina’.","entonces, en la tarde majaban (el barbasco).","ipa'linchi, er'wa llisañina'.",fidel_lomas,P00044,True
U03274,G03186,Ellos están construyendo una casa.,NAWA' NU'TAPALLINA ALA'SA' PIDEK,ellos están construyendo una casa.,nawa' nu'tapallina ala'sa' pidek,flashcards_oraciones,P00067,True
U03423,G03186,ellas construyen una casa.,NAWA' NU'TAPALLINA ALA'SA' PIDEK,ellas construyen una casa.,nawa' nu'tapallina ala'sa' pidek,flashcards_oraciones,P00216,True
U04260,G03996,A mí ya me han vacunado tres veces.,Ipa’ kua lulenñiner’ku kalalu’.,a mí ya me han vacunado tres veces.,ipa' kua lulenñiner'ku kalalu'.,fidel_lomas,P00384,True
U00792,G00665,Necesito tiempo.,INSEK'DIPERSU' ÑAPI'NEK,necesito tiempo.,insek'dipersu' ñapi'nek,flashcards2,P00792,False
U01196,G01031,Se escaparon.,CHI'YEK LLINA',se escaparon.,chi'yek llina',flashcards2,P01196,False
U04225,G03961,A veces quiero volver a mi pueblo.,Nerpi’pu’lusa’ ñinanlu’wekkek yaadanta’lek.,a veces quiero volver a mi pueblo.,nerpi'pu'lusa' ñinanlu'wekkek yaadanta'lek.,fidel_lomas,P00349,True
U02855,G02624,“Los que van a ir primero (el primer grupo) van a perecer todos devorados por las fieras.,“Nanentu pa’erkasu’ anaker’chuna’ iñerdaper.,los que van a ir primero (el primer grupo) van a perecer todos devorados por las fieras.,nanentu pa'erkasu' anaker'chuna' iñerdaper.,pdf_textos,P00604,True
U01035,G00890,Ve adentro.,PAKER' KINEKLA,ve adentro.,paker' kinekla,flashcards2,P01035,False
U03658,G03410,El doctor cura al paciente.,WA'DANLULENTUTEK LULENÑI KALUWINAN,el doctor cura al paciente.,wa'danlulentutek lulenñi kaluwinan,flashcards_oraciones,P00451,False
U03884,G03628,Ahí se bañan y lavan su ropa todo el pueblo.,"Nanek ama’llina’, peksa’duñina’ iñer’ ñinanlu’.",ahí se bañan y lavan su ropa todo el pueblo.,"nanek ama'llina', peksa'duñina' iñer' ñinanlu'.",fidel_lomas,P00008,True
U00730,G00608,¿Podemos hablar?,¿YENNITULEKWA' LUN'AK?,¿podemos hablar?,¿yennitulekwa' lun'ak?,flashcards2,P00730,True
U00731,G00608,¿Podemos conversar?,¿YENNITULEKWA' LUN'AK?,¿podemos conversar?,¿yennitulekwa' lun'ak?,flashcards2,P00731,True
U00284,G01021,Cálmate.,TA'TULER',cálmate.,ta'tuler',flashcards2,P00284,True
U00285,G01021,Tranquilízate.,TA'TULER',tranquilízate.,ta'tuler',flashcards2,P00285,True
U01179,G01021,Cállate.,TA'TULER',cállate.,ta'tuler',flashcards2,P01179,True
U02909,G02678,“Yo” dijeron los otros.,“ kua” tullima ali’ladaper.,yo dijeron los otros.,kua tullima ali'ladaper.,pdf_textos,P00658,True
U03069,G02838,Ahí está echado un shungo (palo sangre). ¡Hagan mazos.,Unkuenñan pek kua'palli. ¡Llisanala nu'tu'ku'!,ahí está echado un shungo (palo sangre). ¡hagan mazos.,unkuenñan pek kua'palli. ¡llisanala nu'tu'ku'!,pdf_textos,P00818,True
U03222,G02991,El bebé llora por la leche.,WAWASER' WELLIEKLLI MUDIDE'NENMALEK ,el bebé llora por la leche.,wawaser' wellieklli mudide'nenmalek,flashcards_oraciones,P00015,False
U00940,G00802,Nosotros conduciremos.,KUDA EKPEKCHIDEK,nosotros conduciremos.,kuda ekpekchidek,flashcards2,P00940,False
U03009,G02778,(Las mujeres) lloraban bastante y después se acostumbraban.,Wellek'apawi'ni'ma tekkiyallina'.,(las mujeres) lloraban bastante y después se acostumbraban.,wellek'apawi'ni'ma tekkiyallina'.,pdf_textos,P00758,True
U00943,G00805,Estamos despiertos.,NAMPILALASU' ÑAPALIDEK,estamos despiertos.,nampilalasu' ñapalidek,flashcards2,P00943,False
U01213,G01048,Esto ayudará.,ASU' KATU'PA'TECHU,esto ayudará.,asu' katu'pa'techu,flashcards2,P01213,False
U03180,G02949,“Ahora tú”. Otro (niño) fue. Estuvo viendo y escogió (otro santito) agarrándolo.,“Kenmei'na”. Ali'la panta'lli. Lli'apallima pilli'tulli. 16 Shapingo significa sacharuna o espíritu de la selva.,ahora tú. otro (niño) fue. estuvo viendo y escogió (otro santito) agarrándolo.,kenmei'na. ali'la panta'lli. lli'apallima pilli'tulli. 16 shapingo significa sacharuna o espíritu de la selva.,pdf_textos,P00929,True
U01651,G01454,¿Puedo ayudarle?,¿YENNITULEK KATU'PA'A'KIK?,¿puedo ayudarle?,¿yennitulek katu'pa'a'kik?,flashcards2,P01651,True
U01652,G01454,¿Puedo ayudarte?,¿YENNITULEK KATU'PA'A'KIK?,¿puedo ayudarte?,¿yennitulek katu'pa'a'kik?,flashcards2,P01652,True
U04275,G04011,acumular más dinero vendiendo la vacuna del covid-19.,kulliker’ yadimullina’ kuvi-19 ilulennan uku’latanna’.,acumular más dinero vendiendo la vacuna del covid-19.,kulliker' yadimullina' kuvi-19 ilulennan uku'latanna'.,fidel_lomas,P00399,True
U03634,G03387,tú nadas bajo la lluvia.,KEMMA IDUNPALA' U'LAN WILENKEK,tú nadas bajo la lluvia.,kemma idunpala' u'lan wilenkek,flashcards_oraciones,P00427,False
U03723,G03473,nosotras no olvidamos sus cuadernos.,KUDA KU'LA PINANER'API'ÑIDEK KER'KA' PENMA',nosotras no olvidamos sus cuadernos.,kuda ku'la pinaner'api'ñidek ker'ka' penma',flashcards_oraciones,P00516,False
U03681,G03432,Ellos cantan juntos.,NAWA' TULUNER'LLINA MUMU'SU',ellos cantan juntos.,nawa' tuluner'llina mumu'su',flashcards_oraciones,P00474,False
U00197,G00148,¡Soy libre!,¡INAPIKU!,¡soy libre!,¡inapiku!,flashcards2,P00197,False
U03150,G02919,"Nosotros somos gente de cerro, nosotros no somos de aquí.","Kenmu'wa' mutupi muda', kenmu'wa' ñi asu'lupa'dei'npu'.","nosotros somos gente de cerro, nosotros no somos de aquí.","kenmu'wa' mutupi muda', kenmu'wa' ñi asu'lupa'dei'npu'.",pdf_textos,P00899,False
U02255,G02024,Mi padre quedó viudo.,Tatawek ekdusipen ñilli.,mi padre quedó viudo.,tatawek ekdusipen ñilli.,pdf_textos,P00004,False
U00298,G00233,No lloren.,YAWELLEKTAMA',no lloren.,yawellektama',flashcards2,P00298,False
U01273,G01102,Le conoces.,LUWER'CHAPALA,le conoces.,luwer'chapala,flashcards2,P01273,False
U02810,G02579,"¡Cuándo habrá sucedido eso,","¡Enpi’pui’pa’ nana nu’su’ ña’su’,","¡cuándo habrá sucedido eso,","¡enpi'pui'pa' nana nu'su' ña'su',",pdf_textos,P00559,True
U02981,G02750,Ahí efectivamente apareció un hombre blanco. Al verlo se asustaron de ver lo que nunca antes habían visto.,"Tekkinchi ala’sa’ Dadapu mudi’ma lli’tulli. Lli'anna’ imanantullina’, lli’anna’ ñi enpi’ lli’inpu’erkasu’.",ahí efectivamente apareció un hombre blanco. al verlo se asustaron de ver lo que nunca antes habían visto.,"tekkinchi ala'sa' dadapu mudi'ma lli'tulli. lli'anna' imanantullina', lli'anna' ñi enpi' lli'inpu'erkasu'.",pdf_textos,P00730,True
U03364,G03130,ellos bajan la escalera.,NAWA' NU'WAÑINA' CHINTEN'NA,ellos bajan la escalera.,nawa' nu'wañina' chinten'na,flashcards_oraciones,P00157,False
U03251,G03020,Mi hermana teje muy bien.,SHA'WAUK ANANTAPALLI  MUSHASU',mi hermana teje muy bien.,sha'wauk anantapalli mushasu',flashcards_oraciones,P00044,False
U01278,G01106,Usted prometió.,KENMA TUWINA NU'TECHU,usted prometió.,kenma tuwina nu'techu,flashcards2,P01278,False
U02610,G02379,“¿Qué clase de (gente) es este hermano que hasta pescados cría?,“¿Ma’pu’a’su’ asu’ yalli’ samerunta’ pektawapallinchi?,¿qué clase de (gente) es este hermano que hasta pescados cría?,¿ma'pu'a'su' asu' yalli' samerunta' pektawapallinchi?,pdf_textos,P00359,True
U03165,G02934,Ustedes (los que viven) por (donde) Llumallun son Lomas.,Kenmami'na Llumallunku'lupa' Lomas.,ustedes (los que viven) por (donde) llumallun son lomas.,kenmami'na llumallunku'lupa' lomas.,pdf_textos,P00914,True
U01133,G00980,Sigue conduciendo.,EKPA'APER'I'LA,sigue conduciendo.,ekpa'aper'i'la,flashcards2,P01133,False
U02668,G02437,aparecer Arákayu.,Asu’ musenkek sellawalusi’ma chu’kenapa’ser lli’tencha’lli Arakayu. Cuando las golondrinas revoloteaban pandillando arriba vino a,aparecer arákayu.,asu' musenkek sellawalusi'ma chu'kenapa'ser lli'tencha'lli arakayu. cuando las golondrinas revoloteaban pandillando arriba vino a,pdf_textos,P00417,True
U00552,G00453,Lo haré.,NU'TECHEK,lo haré.,nu'techek,flashcards2,P00552,False
U04107,G03844,"Pero el Carachupa, dice, se metió a un hueco.",Chi’lek imi’na lallik da’kuñi.,"pero el carachupa, dice, se metió a un hueco.",chi'lek imi'na lallik da'kuñi.,fidel_lomas,P00231,True
U01821,G01611,Déjalos pelear.,TA'ITULA'DEK'KU' IDENMAINA',déjalos pelear.,ta'itula'dek'ku' idenmaina',flashcards2,P01821,False
U03063,G02832,¡Vamos a matarlos a estos dos10!,“¡Enchuku' di'tawa' asu' katu'ta'!,¡vamos a matarlos a estos dos10!,¡enchuku' di'tawa' asu' katu'ta'!,pdf_textos,P00812,True
U02878,G02647,"“Sí, he venido, hermano. Tú candelita necesito”. (joven)","- “Uklek, alli’sha. Penshapen luwanpa’llen”.","sí, he venido, hermano. tú candelita necesito. (joven)","- uklek, alli'sha. penshapen luwanpa'llen.",pdf_textos,P00627,True
U00523,G01230,Lo encontré.,KANANEK,lo encontré.,kananek,flashcards2,P00523,True
U01415,G01230,La rescaté.,KANANEK,la rescaté.,kananek,flashcards2,P01415,True
U01416,G01230,Lo rescaté.,KANANEK,lo rescaté.,kananek,flashcards2,P01416,True
U01166,G01011,Repítelo.,TUNUNTER',repítelo.,tununter',flashcards2,P01166,False
U04351,G04086,Sembrador era. En su chacra sembraba de todo.,Tera’tutek ñiwiñi. Menmiñik dudinpu’ tera’lli.,sembrador era. en su chacra sembraba de todo.,tera'tutek ñiwiñi. menmiñik dudinpu' tera'lli.,fidel_lomas,P00475,True
U01824,G01614,Comamos aquí.,WERANWA' ASEK,comamos aquí.,weranwa' asek,flashcards2,P01824,False
U00413,G00329,Firma esto.,LINSERKER' ASU',firma esto.,linserker' asu',flashcards2,P00413,False
U01474,G01286,Aquí duele.,ASEK IKERLLI,aquí duele.,asek ikerlli,flashcards2,P01474,False
U04051,G03788,"Un día, dijeron “¡Vamos a la fiesta!”",Nanekli’na tullina’ “¡Enchu pistak!”,"un día, dijeron ¡vamos a la fiesta!",nanekli'na tullina' ¡enchu pistak!,fidel_lomas,P00175,True
U02121,G01895,Cógelo todo.,MAKER' IÑER',cógelo todo.,maker' iñer',flashcards2,P02121,False
U02231,G02000,¿Tienes hijos?,¿WILAWANPALA'?,¿tienes hijos?,¿wilawanpala'?,flashcards2,P02231,False
U01633,G01438,Lo verás.,LLI'ECHU,lo verás.,lli'echu,flashcards2,P01633,True
U01634,G01438,La verás.,LLI'ECHU,la verás.,lli'echu,flashcards2,P01634,True
U02618,G02387,¿Han traído candela?,¿Pen ipa’ kellama’?,¿han traído candela?,¿pen ipa' kellama'?,pdf_textos,P00367,True
U01950,G01734,¿Podemos probarlo?,¿YENNITULEKWA' LATA'AK?,¿podemos probarlo?,¿yennitulekwa' lata'ak?,flashcards2,P01950,False
U00693,G00576,Cantaremos.,TULUNER'ATERWA',cantaremos.,tuluner'aterwa',flashcards2,P00693,False
U02042,G01820,Traeré vino.,KERE'CHEK VINU',traeré vino.,kere'chek vinu',flashcards2,P02042,False
U00673,G00559,Tom gritó.,TOM LAMAPU'LLI,tom gritó.,tom lamapu'lli,flashcards2,P00673,False
U01253,G01083,Estamos hambrientos.,UKI'LATEK ÑAPALLIDEK,estamos hambrientos.,uki'latek ñapallidek,flashcards2,P01253,False
U03541,G03298,ella no habla con su familia.,NANA KU'LA LUMPI'ÑI PATUN'NENLEK,ella no habla con su familia.,nana ku'la lumpi'ñi patun'nenlek,flashcards_oraciones,P00334,False
U03105,G02874,Todos los hombres deberían ser como Malallina.,Nana Malallinapu'wa'su' ñillin iñer enmu'pinen.,todos los hombres deberían ser como malallina.,nana malallinapu'wa'su' ñillin iñer enmu'pinen.,pdf_textos,P00854,False
U03469,G03232,la niña no escribe su nombre.,NANA WILAKU'APER KU'LA LLINSERCHI'ÑI LLILLINNEN,la niña no escribe su nombre.,nana wilaku'aper ku'la llinserchi'ñi llillinnen,flashcards_oraciones,P00262,False
U03654,G03406,el niño no olvida una fecha importante.,NANA WILA' KU'LA' PINANERIÑI ALA'SA' UKLLI PA'TA'SU',el niño no olvida una fecha importante.,nana wila' ku'la' pinaneriñi ala'sa' uklli pa'ta'su',flashcards_oraciones,P00447,False
U01542,G01348,Ellos bailarán.,NAWA' LANSE'CHUNA',ellos bailarán.,nawa' lanse'chuna',flashcards2,P01542,False
U00736,G00612,Cuenta conmigo.,KUA KATU'PEKCHEN,cuenta conmigo.,kua katu'pekchen,flashcards2,P00736,False
U01938,G01722,¿Estás jodiendo?,¿A'PE'CHAPALA?,¿estás jodiendo?,¿a'pe'chapala?,flashcards2,P01938,False
U02207,G01978,Deberías descansar.,NERIA'MASU' ÑAPALLI,deberías descansar.,neria'masu' ñapalli,flashcards2,P02207,False
U03256,G03025,Esa flor huele bien.,NANA DANKU MUSU' PIMUTULLI,esa flor huele bien.,nana danku musu' pimutulli,flashcards_oraciones,P00049,False
U02755,G02524,Esas cochas se secaron.,Nana sennanlusa’ enñi.,esas cochas se secaron.,nana sennanlusa' enñi.,pdf_textos,P00504,True
U02351,G02120,"Mientras muelo voy asando también la yuca, cinco yucas enteras.",Peksantapamu nana inkaluner ker’unta’ a’ler’apalek alei’teklundan.,"mientras muelo voy asando también la yuca, cinco yucas enteras.",peksantapamu nana inkaluner ker'unta' a'ler'apalek alei'teklundan.,pdf_textos,P00100,True
U03918,G03662,"Entonces, cuando se llenaba lo pescaban.",Ipa’linchi inpi’mur’sik pur’chullina’.,"entonces, cuando se llenaba lo pescaban.",ipa'linchi inpi'mur'sik pur'chullina'.,fidel_lomas,P00042,True
U01637,G01441,¡Estás bromeando!,¡SI'LENTAPALA!,¡estás bromeando!,¡si'lentapala!,flashcards2,P01637,False
U02447,G02216,Se van. Luego de ir vienen tarde.,Pa’llina’. Pa’anna’ erwa uncha’llina’.,se van. luego de ir vienen tarde.,pa'llina'. pa'anna' erwa uncha'llina'.,pdf_textos,P00196,True
U00408,G00326,Ella anda.,NANA DEKUNDULLI,ella anda.,nana dekundulli,flashcards2,P00408,True
U00409,G00326,Ella camina.,NANA DEKUNDULLI,ella camina.,nana dekundulli,flashcards2,P00409,True
U01039,G00894,¡Feliz Pascua!,¡MUSU' PASKUA'!,¡feliz pascua!,¡musu' paskua'!,flashcards2,P01039,False
U03241,G03010,El viento mueve las ramas de los árboles.,TANLUA U'LENMEK'LLI NALA TAMPA'LUSA',el viento mueve las ramas de los árboles.,tanlua u'lenmek'lli nala tampa'lusa',flashcards_oraciones,P00034,False
U03182,G02951,"Este, entonces, el que entendía (de santos), dijo, “Pablo”.","Asui'ina, nu'pachi, a'la'chikta'sui'ma, tulli, “Pulu”.","este, entonces, el que entendía (de santos), dijo, pablo.","asui'ina, nu'pachi, a'la'chikta'sui'ma, tulli, pulu.",pdf_textos,P00931,True
U02382,G02151,"Después de endulzar (el líquido con el mascado), se cierne en la sedama (cernidor).",A’kaser’a’kasu’ supinak ukllinkek sulatulek.,"después de endulzar (el líquido con el mascado), se cierne en la sedama (cernidor).",a'kaser'a'kasu' supinak ukllinkek sulatulek.,pdf_textos,P00131,True
U00278,G00220,Tú primero.,KENMAMENTU,tú primero.,kenmamentu,flashcards2,P00278,True
U00279,G00220,Usted primero.,KENMAMENTU,usted primero.,kenmamentu,flashcards2,P00279,True
U04071,G03808,Pero ella (la Motelo) no entendía porqué se,Nana ñinchichi’ñi ma’malek ipa’ lumerapallina’.,pero ella (la motelo) no entendía porqué se,nana ñinchichi'ñi ma'malek ipa' lumerapallina'.,fidel_lomas,P00195,True
U03492,G03250,tú no escuchas la musica.,KENMA KU'LA LAUK'I'NA TULUNER',tú no escuchas la musica.,kenma ku'la lauk'i'na tuluner',flashcards_oraciones,P00285,False
U04452,G04187,“Te jactas como si te parecieras a la mujer de Arákayu” decían las jovencitas.,“U’AN ARAKAYU SADINLUNSHAPU’N IPA’ INTUMU’TULAMA’” TULLINA’ WILALUNLUSA’.,te jactas como si te parecieras a la mujer de arákayu decían las jovencitas.,u'an arakayu sadinlunshapu'n ipa' intumu'tulama' tullina' wilalunlusa'.,vs_textos_narrativos,P00014,True
U01597,G01402,¡Qué fiasco!,¡ENPU'NI DAKUTA'IPA'!,¡qué fiasco!,¡enpu'ni dakuta'ipa'!,flashcards2,P01597,False
U02550,G02319,"Sobrepasaba las copas de los árboles, muy cerca del cielo ardía.","Nalamulu’lusa’ nakutusu’, kekkilu’tek kawima uluntulli.","sobrepasaba las copas de los árboles, muy cerca del cielo ardía.","nalamulu'lusa' nakutusu', kekkilu'tek kawima uluntulli.",pdf_textos,P00299,True
U01418,G01232,Dormí mucho.,NAKUSU' WICHILEK,dormí mucho.,nakusu' wichilek,flashcards2,P01418,False
U00502,G00410,Descolgó.,U'NU'WAÑI,descolgó.,u'nu'wañi,flashcards2,P00502,False
U03908,G03652,Ya cuando madura se parte su cáscara.,Ipa’ mer’chusik chipiteknen nuchinkatulli.,ya cuando madura se parte su cáscara.,ipa' mer'chusik chipiteknen nuchinkatulli.,fidel_lomas,P00032,True
U02578,G02347,Así dicen que Pampayacu se quemó.,Nu’sui’ma asu’ Panpadek uksu’ketchulli.,así dicen que pampayacu se quemó.,nu'sui'ma asu' panpadek uksu'ketchulli.,pdf_textos,P00327,True
U00605,G00995,Renunciemos.,YUNSU'WA',renunciemos.,yunsu'wa',flashcards2,P00605,True
U01148,G00995,Salgamos.,YUNSU'WA',salgamos.,yunsu'wa',flashcards2,P01148,True
U01781,G01574,¿Es médico?,¿LULENTUTEKEN'A'CHA?,¿es médico?,¿lulentuteken'a'cha?,flashcards2,P01781,False
U04250,G03986,"Los hermanos que viven en la chacra, ","Yalli’lusa’ nanpier’ka’su’ menmik,","los hermanos que viven en la chacra,","yalli'lusa' nanpier'ka'su' menmik,",fidel_lomas,P00374,True
U04248,G03984,"Sin embargo, ahora ya han encontrado una vacuna, con eso están tratando (a la gente).","Ipa’li’na ipa’ kanañina’ vacunanen, nanalek lulen’apadekllina’.","sin embargo, ahora ya han encontrado una vacuna, con eso están tratando (a la gente).","ipa'li'na ipa' kanañina' vacunanen, nanalek lulen'apadekllina'.",fidel_lomas,P00372,True
U01298,G01123,Tienes razón.,TEKINCHI NUKA'A,tienes razón.,tekinchi nuka'a,flashcards2,P01298,False
U03155,G02924,Ahí se ha ido a quedar.,Nanek ima ñikuñi.,ahí se ha ido a quedar.,nanek ima ñikuñi.,pdf_textos,P00904,False
U04436,G04171,Tal vez aprendan la lengua shiwilu leyendo este libro.,Ma’allipa’ ñinchitunanta’ser’ shiwilu la’la’ luntanna’ asu’ kirka’.,tal vez aprendan la lengua shiwilu leyendo este libro.,ma'allipa' ñinchitunanta'ser' shiwilu la'la' luntanna' asu' kirka'.,fidel_lomas,P00560,True
U01197,G01032,Me conocían.,LUWER'CHUWIÑINER'KU,me conocían.,luwer'chuwiñiner'ku,flashcards2,P01197,False
U03960,G03704,Sin haber disparado ya tenía su huangana.,Ilanchinpu’la’pin ipa’ lamanwañi.,sin haber disparado ya tenía su huangana.,ilanchinpu'la'pin ipa' lamanwañi.,fidel_lomas,P00084,True
U03339,G03106,el niño no baila con sus amigos.,NANA WILA LANSA'IÑI EKKUANENLUSA'LEK,el niño no baila con sus amigos.,nana wila lansa'iñi ekkuanenlusa'lek,flashcards_oraciones,P00132,False
U02469,G02238,"Avergonzado, en un desnivel del camino se cayó el canasto.",Dakutan inchilalak anu’lli nana lantekpi.,"avergonzado, en un desnivel del camino se cayó el canasto.",dakutan inchilalak anu'lli nana lantekpi.,pdf_textos,P00218,True
U04448,G04183,"cara llena,","MUR’LADATUSU’,","cara llena,","mur'ladatusu',",vs_textos_narrativos,P00010,True
U04120,G03857,"Diciéndo eso, le agarró de los testículos y se colgó de sus huevos el Carachupa.","Nu’tan imi’na, pilli’kadu’latan ima, ukunkadu’lalli nana Chi’lek.","diciéndo eso, le agarró de los testículos y se colgó de sus huevos el carachupa.","nu'tan imi'na, pilli'kadu'latan ima, ukunkadu'lalli nana chi'lek.",fidel_lomas,P00244,True
U02189,G01963,¿Qué hiciste?,¿MA'NEN'NU'TULA?,¿qué hiciste?,¿ma'nen'nu'tula?,flashcards2,P02189,False
U00581,G00479,¿Es así?,¿NU'SU' NUKA'A?,¿es así?,¿nu'su' nuka'a?,flashcards2,P00581,False
U00646,G00535,Esto funciona.,ASU' SAKA'TAPALLI,esto funciona.,asu' saka'tapalli,flashcards2,P00646,True
U00647,G00535,Esto trabaja.,ASU' SAKA'TAPALLI,esto trabaja.,asu' saka'tapalli,flashcards2,P00647,True
U02629,G02398,“¿Qué tipo de peces quieren?”,“¿Ma’lusa’ samellusa’cha luwantulama’?”,¿qué tipo de peces quieren?,¿ma'lusa' samellusa'cha luwantulama'?,pdf_textos,P00378,True
U01454,G01266,Soy olvidadizo.,PINANERCHEK'KU NUKAKA,soy olvidadizo.,pinanerchek'ku nukaka,flashcards2,P01454,False
U02877,G02646,"“¿Has venido, hermano menor?” (duende)","- “¿Ukla’ncha, yalli’wá?”","¿has venido, hermano menor? (duende)","- ¿ukla'ncha, yalli'wá?",pdf_textos,P00626,True
U01690,G01488,¡Feliz año!,¡MUEK'KILALA!,¡feliz año!,¡muek'kilala!,flashcards2,P01690,False
U03410,G03173,las niñas cierran la puerta.,WILA KU'APERLUSA UNKU'LLINA NANA UNKUNAN,las niñas cierran la puerta.,wila ku'aperlusa unku'llina nana unkunan,flashcards_oraciones,P00203,False
U02568,G02337,No vamos a mezquinar. ¡No sean mezquinos! Por ser miserables les hicieron eso”.,Aperkwi’nterwa’. ¡Aner yaperku’tama’! Aperku’teklusa’ ñerkasu’ malek nana nu’tudekllina’”.,no vamos a mezquinar. ¡no sean mezquinos! por ser miserables les hicieron eso.,aperkwi'nterwa'. ¡aner yaperku'tama'! aperku'teklusa' ñerkasu' malek nana nu'tudekllina'.,pdf_textos,P00317,True
U02380,G02149,En una sola olla grande se mezcla todo lo de esas tres ollas.,Ala’sa’ kupin uktaksa’ iñer nana kaladaper uktakda’ sekdunek.,en una sola olla grande se mezcla todo lo de esas tres ollas.,ala'sa' kupin uktaksa' iñer nana kaladaper uktakda' sekdunek.,pdf_textos,P00129,True
U01712,G01509,Traje vino.,KERLLIEK VINU',traje vino.,kerlliek vinu',flashcards2,P01712,False
U02901,G02670,dijeron otras.,tullini’ma ali’ladaper.,dijeron otras.,tullini'ma ali'ladaper.,pdf_textos,P00650,True
U02561,G02330,"Atemorizados, cuando contaban nosotros (los jóvenes) los hemos oído a los viejos ya finados sentados en la calle,","Tek kuanna’, ta’ser kuda lauktullidek papinkuku’lusa’ du’anna’ adipik kallilalak,","atemorizados, cuando contaban nosotros (los jóvenes) los hemos oído a los viejos ya finados sentados en la calle,","tek kuanna', ta'ser kuda lauktullidek papinkuku'lusa' du'anna' adipik kallilalak,",pdf_textos,P00310,True
U00707,G00589,Tú decides.,KENMA TECHU,tú decides.,kenma techu,flashcards2,P00707,False
U00152,G00112,Adelante. (ingresa),DA'ENCHER',adelante. (ingresa),da'encher',flashcards2,P00152,True
U00157,G00112,Entra.,DA'ENCHER',entra.,da'encher',flashcards2,P00157,True
U03990,G03734,Nunca se ve que se ahogue.,Ñi enpi’ lli’i’nek chimidekta’su’.,nunca se ve que se ahogue.,ñi enpi' lli'i'nek chimidekta'su'.,fidel_lomas,P00114,True
U03514,G03271,ustedes esperan con tranquilidad.,KENMAMA' WA'TEN'TULAMA' MUSICLANLEK',ustedes esperan con tranquilidad.,kenmama' wa'ten'tulama' musiclanlek',flashcards_oraciones,P00307,False
U01685,G01484,Todos mienten.,IÑER' TUMU'LLINA',todos mienten.,iñer' tumu'llina',flashcards2,P01685,False
U01080,G00933,Lo llamé.,PEKKLU'LEK,lo llamé.,pekklu'lek,flashcards2,P01080,False
U00308,G00242,Sonrió.,YAMERLADALLI,sonrió.,yamerladalli,flashcards2,P00308,False
U03106,G02875,"“Hubiéramos extinguido a todos los de habla española”,","“Nana asu' Ishpaña la'la'lunlusa' lliketchudeknanta'ser”,","hubiéramos extinguido a todos los de habla española,","nana asu' ishpaña la'la'lunlusa' lliketchudeknanta'ser,",pdf_textos,P00855,True
U00163,G00117,Pásenla bien.,MUSU'NAKUKU',pásenla bien.,musu'nakuku',flashcards2,P00163,False
U03187,G02956,Antes no. A Augusto le decían Akushupi.,Napi'i'na ma'sha Augusto itullina' Akushupi.,antes no. a augusto le decían akushupi.,napi'i'na ma'sha augusto itullina' akushupi.,pdf_textos,P00936,False
U04408,G04143,Hasta hoy estuviera viviendo sana.,Ipa’lalek mudinusu’ nanpiapasu’.,hasta hoy estuviera viviendo sana.,ipa'lalek mudinusu' nanpiapasu'.,fidel_lomas,P00532,True
U04249,G03985,"Pero todavía no han vacunado en toda la Tierra, falta aún la mitad de la población mundial.","Ku’li’na iñer’ Lupak lulendek’i’ñina’pi’la,","pero todavía no han vacunado en toda la tierra, falta aún la mitad de la población mundial.","ku'li'na iñer' lupak lulendek'i'ñina'pi'la,",fidel_lomas,P00373,True
U00737,G00613,¿Ganaste?,¿KANA'TULA?,¿ganaste?,¿kana'tula?,flashcards2,P00737,False
U01671,G01472,¿Lo tienes?,¿A'ÑAPALA?,¿lo tienes?,¿a'ñapala?,flashcards2,P01671,False
U03819,G03565,tú trabajas todos los días.,KENMA SAKA'TAPALA IÑER'UKLLILUSA',tú trabajas todos los días.,kenma saka'tapala iñer'ukllilusa',flashcards_oraciones,P00612,False
U03313,G03080,Vamos a cantar todos.,IÑER' KENMU'WA' TULUNER'AWA',vamos a cantar todos.,iñer' kenmu'wa' tuluner'awa',flashcards_oraciones,P00106,False
U04129,G03866,Cuando llegó a su casa se encontró con el Tigre que lo estaba esperando.,Pidekñik ektu’nta’sik inkanañi Amana’lek wa’ten’apa’su’.,cuando llegó a su casa se encontró con el tigre que lo estaba esperando.,pidekñik ektu'nta'sik inkanañi amana'lek wa'ten'apa'su'.,fidel_lomas,P00253,True
U03802,G03549,ella no trabaja en la escuela.,NANA KU'LA SAKA'TAPI'ÑI ÑINCHITUNAPIDEK'KEK,ella no trabaja en la escuela.,nana ku'la saka'tapi'ñi ñinchitunapidek'kek,flashcards_oraciones,P00595,False
U01993,G01773,"Ten, pruébatelo.","MA'A'TASU' , LATAKER'","ten, pruébatelo.","ma'a'tasu', lataker'",flashcards2,P01993,False
U01620,G01425,Necesitas esto.,LUWANTULA ASU',necesitas esto.,luwantula asu',flashcards2,P01620,False
U03930,G03674,Así pescaban los antiguos.,Nu’su’ pur’llina’ papinkuku’ Shiwilulusa’.,así pescaban los antiguos.,nu'su' pur'llina' papinkuku' shiwilulusa'.,fidel_lomas,P00054,True
U02049,G01826,Estoy ayudando.,KATU' PA'TAPALEK,estoy ayudando.,katu' pa'tapalek,flashcards2,P02049,False
U01615,G01420,Pareces ocupado.,MA'NEN'NU'TAPA'MASU'PU'SU' LLI'TULA,pareces ocupado.,ma'nen'nu'tapa'masu'pu'su' lli'tula,flashcards2,P01615,False
U02035,G01813,Seguiré.,TUPIECHEK,seguiré.,tupiechek,flashcards2,P02035,False
U00768,G00642,Lo compré.,MAPA'LEK,lo compré.,mapa'lek,flashcards2,P00768,False
U01952,G01736,¿Puedes oírme?,¿YENNITULA LAUK'A'MUK?,¿puedes oírme?,¿yennitula lauk'a'muk?,flashcards2,P01952,False
U03715,G03465,ellos no olvidan la tarea.,NAWA' KU'LA PINANER'I'ÑINA' YANU'TER'KASU',ellos no olvidan la tarea.,nawa' ku'la pinaner'i'ñina' yanu'ter'kasu',flashcards_oraciones,P00508,False
U03420,G03183,ella no construye un puente.,NANA KU'LA NU'TAPI'ÑI ALA'SA' PENTUNAN,ella no construye un puente.,nana ku'la nu'tapi'ñi ala'sa' pentunan,flashcards_oraciones,P00213,False
U01368,G01187,La besó.,MUSHA'LLI,la besó.,musha'lli,flashcards2,P01368,False
U02659,G02428,Dice que fueron a mirar.,Lli’kuñini’ma.,dice que fueron a mirar.,lli'kuñini'ma.,pdf_textos,P00408,True
U00371,G00298,Se acabó.,TEKINEKLLI,se acabó.,tekineklli,flashcards2,P00371,False
U03127,G02896,“El palo de yuca es bueno para trabajar.,“ Asek ima u'chimu saka'takawek ketñala.,el palo de yuca es bueno para trabajar.,asek ima u'chimu saka'takawek ketñala.,pdf_textos,P00876,True
U03227,G02996,El tigre es un animal fuerzuedo.,AMANA' NUKA'A ALASA AÑIMAR NANTAPITEK,el tigre es un animal fuerzuedo.,amana' nuka'a alasa añimar nantapitek,flashcards_oraciones,P00020,False
U01359,G01180,Espera ahí.,NANEK WATENKER',espera ahí.,nanek watenker',flashcards2,P01359,True
U01360,G01180,Espere allí.,NANEK WATENKER',espere allí.,nanek watenker',flashcards2,P01360,True
U00827,G00698,Estoy descansando.,NERIAPALEK,estoy descansando.,neriapalek,flashcards2,P00827,False
U03495,G03253,yo escucho a su maestro.,KUA LAUK'LEK A'LEKTUTEKNEN,yo escucho a su maestro.,kua lauk'lek a'lektuteknen,flashcards_oraciones,P00288,False
U03858,G03603,el niño vive en la ciudad.,NANA WILA NANPIPALLI ÑINANLUK,el niño vive en la ciudad.,nana wila nanpipalli ñinanluk,flashcards_oraciones,P00651,False
U01945,G01729,Pregúntame mañana.,LEK'KU EK'KLLI,pregúntame mañana.,lek'ku ek'klli,flashcards2,P01945,False
U00384,G00309,Déjame entrar.,TA'ITULA'U YADA'LEK,déjame entrar.,ta'itula'u yada'lek,flashcards2,P00384,True
U00385,G00309,Déjeme entrar.,TA'ITULA'U YADA'LEK,déjeme entrar.,ta'itula'u yada'lek,flashcards2,P00385,True
U03928,G03672,Ahí el jefe de la pesca cuidaba.,Nanek pur’wan luwek’tulli.,ahí el jefe de la pesca cuidaba.,nanek pur'wan luwek'tulli.,fidel_lomas,P00052,True
U03167,G02936,"Y ustedes los de la pampa Chota, ustedes son Chota.","Kenmami'na nana panpateklu' Chota, Chotanma'.","y ustedes los de la pampa chota, ustedes son chota.","kenmami'na nana panpateklu' chota, chotanma'.",pdf_textos,P00916,False
U02656,G02425,Se corrió la voz sobre Arákayu.,Lawinñini’ma Arakayu.,se corrió la voz sobre arákayu.,lawinñini'ma arakayu.,pdf_textos,P00405,True
U02261,G02030,A nosotras mi padre ya no nos ha querido.,Kudei’na ma’sha musu’ kankanwapei’ñundek a’pinta’ tatawek.,a nosotras mi padre ya no nos ha querido.,kudei'na ma'sha musu' kankanwapei'ñundek a'pinta' tatawek.,pdf_textos,P00010,True
U00856,G00726,Entremos.,DA'AWA',entremos.,da'awa',flashcards2,P00856,False
U03626,G03380,las niñas nadan con sus amigos.,NANA WILAKUAPER'LUSA' IDUÑINA' EKKUANEN'NALEK,las niñas nadan con sus amigos.,nana wilakuaper'lusa' iduñina' ekkuanen'nalek,flashcards_oraciones,P00419,False
U02753,G02522,"Todas las temporadas de lluvias inunda,","Iñer u’lan’ukllik wisunanpalli,","todas las temporadas de lluvias inunda,","iñer u'lan'ukllik wisunanpalli,",pdf_textos,P00502,True
U03250,G03019,¿Quién rompió el cántaro?,¿DEN'I'NA PADEKLLI YUNPI?,¿quién rompió el cántaro?,¿den'i'na padeklli yunpi?,flashcards_oraciones,P00043,False
U01837,G01627,Dilo claramente.,TUKER' TEKINCHIWALEK,dilo claramente.,tuker' tekinchiwalek,flashcards2,P01837,False
U02001,G01781,Me resfrié.,ILUWINEK,me resfrié.,iluwinek,flashcards2,P02001,False
U01695,G01492,Tiene barba.,AMU UTEK'WAÑI,tiene barba.,amu utek'wañi,flashcards2,P01695,False
U03273,G03042,La tierra está mojada.,LUPA' WIWERAPALLI,la tierra está mojada.,lupa' wiwerapalli,flashcards_oraciones,P00066,False
U02719,G02488,dijeron “Salgamos todos”.,tullina’ “¡Yu’nker’awa’!”,dijeron salgamos todos.,tullina' ¡yu'nker'awa'!,pdf_textos,P00468,True
U03103,G02872,"Malallina es la que nos ha hecho reflexionar,","Malallina nana nu'su' a'kankantullundek,","malallina es la que nos ha hecho reflexionar,","malallina nana nu'su' a'kankantullundek,",pdf_textos,P00852,False
U02959,G02728,"Otros, dice, fueron a poner más yuca (para aprovisionarse).",Ali’ladaper ima ker’ aku’pakuñina’.,"otros, dice, fueron a poner más yuca (para aprovisionarse).",ali'ladaper ima ker' aku'pakuñina'.,pdf_textos,P00708,True
U02371,G02140,Cuando vuelve a hervir se vuelve a batir....,"Ukluka’nunta’sik, utawinunta’lek...",cuando vuelve a hervir se vuelve a batir....,"ukluka'nunta'sik, utawinunta'lek...",pdf_textos,P00120,True
U01322,G01145,Pórtate bien.,MUSU' ÑIKER,pórtate bien.,musu' ñiker,flashcards2,P01322,False
U03926,G03670,Iban a amontonarse en el cerco.,"Pidankek indiuntunta’llina’,",iban a amontonarse en el cerco.,"pidankek indiuntunta'llina',",fidel_lomas,P00050,True
U00170,G00124,¡Date prisa!,¡WIUKER'!,¡date prisa!,¡wiuker'!,flashcards2,P00170,False
U01161,G01007,Señálalo.,TAÑITUKER',señálalo.,tañituker',flashcards2,P01161,False
U03573,G03330,nosotras lavamos los platos.,KUDA PAMU'LLIDEK SINANLUSA',nosotras lavamos los platos.,kuda pamu'llidek sinanlusa',flashcards_oraciones,P00366,True
U03574,G03330,nosotros lavamos los platos.,KUDA PAMU'LLIDEK SINANLUSA',nosotros lavamos los platos.,kuda pamu'llidek sinanlusa',flashcards_oraciones,P00367,True
U01830,G01620,¿Puedo acompañarle?,¿YENNITULEK KA'TAN'AN'SU'?,¿puedo acompañarle?,¿yennitulek ka'tan'an'su'?,flashcards2,P01830,False
U03901,G03645,Por eso cuidémoslos para que no desaparezcan.,Nanamalek enchuku’ luwektawa’ wer’inpu’er’kek.,por eso cuidémoslos para que no desaparezcan.,nanamalek enchuku' luwektawa' wer'inpu'er'kek.,fidel_lomas,P00025,True
U02521,G02290,"“Dicen que este monte lo van a quemar”, pero no le creyeron.",“Asu’ tanan ima di’setchetchuna’” itudekllima ñima latekchiñina’.,"dicen que este monte lo van a quemar, pero no le creyeron.",asu' tanan ima di'setchetchuna' itudekllima ñima latekchiñina'.,pdf_textos,P00270,True
U03413,G03176,nosotros cerramos el libro.,KUDA UNKU'LLIDEK NANA KERKA',nosotros cerramos el libro.,kuda unku'llidek nana kerka',flashcards_oraciones,P00206,False
U03971,G03715,"Por otro lado, a la sachavaca le gusta la sal.",Nu’sik’unta’ panwala iyatulli damula.,"por otro lado, a la sachavaca le gusta la sal.",nu'sik'unta' panwala iyatulli damula.,fidel_lomas,P00095,True
U02460,G02229,El canasto caminaba.,Nana lantekpi dekkuntulli.,el canasto caminaba.,nana lantekpi dekkuntulli.,pdf_textos,P00209,False
U00201,G00150,Estoy herido.,CHACHA'LEK ÑAPALEK,estoy herido.,chacha'lek ñapalek,flashcards2,P00201,False
U00924,G00787,Camina lentamente.,DEKUNDER' UTI'LA,camina lentamente.,dekunder' uti'la,flashcards2,P00924,False
U03408,G03171,ellas cierran el libro.,NAWA' KU'LA UNKUI'ÑINA NANA KERKA',ellas cierran el libro.,nawa' ku'la unkui'ñina nana kerka',flashcards_oraciones,P00201,False
U03424,G03187,la niña construye una casa.,NANA WILA KU'APER NU'TULLI ALA'SA' PIDEK,la niña construye una casa.,nana wila ku'aper nu'tulli ala'sa' pidek,flashcards_oraciones,P00217,False
U02094,G01870,Comamos sushi.,KA'AWA' SUSHI,comamos sushi.,ka'awa' sushi,flashcards2,P02094,False
U02920,G02689,De veras se fueron.,Tekkinchima pa’llina’.,de veras se fueron.,tekkinchima pa'llina'.,pdf_textos,P00669,True
U00627,G00518,Mantente cerca.,ÑAPAKER' KAWIK,mantente cerca.,ñapaker' kawik,flashcards2,P00627,False
U00834,G00705,¿Es suyo?,¿KENMAKIN'CHA?,¿es suyo?,¿kenmakin'cha?,flashcards2,P00834,False
U03367,G03133,los niños no bajan al río.,WILALUSA NU'WAN'PI'ÑINA' KUPIN'DEK'SHADIK,los niños no bajan al río.,wilalusa nu'wan'pi'ñina' kupin'dek'shadik,flashcards_oraciones,P00160,False
U03483,G03243,los niños escuchan la música.,WILALUSA' LAUK'LLINA TULUNER',los niños escuchan la música.,wilalusa' lauk'llina tuluner',flashcards_oraciones,P00276,False
U03043,G02812,"Así vamos a ser nosotros, nos van a perjudicar” dijo un abuelo.","Nu'aterwa' kenmu'wa', utekkwa'pu'llinerkenmu'wa'"" tullima ala'sa' papinku.","así vamos a ser nosotros, nos van a perjudicar dijo un abuelo.","nu'aterwa' kenmu'wa', utekkwa'pu'llinerkenmu'wa' tullima ala'sa' papinku.",pdf_textos,P00792,True
U04389,G04124, Era de buen corazón.,Mukankan ñiwiñi.,era de buen corazón.,mukankan ñiwiñi.,fidel_lomas,P00513,False
U04209,G03945,"También está su mercado, como ya les había dicho. ","Nanek’unta’ mercadunen ñapalli, ipa’ ituwiñenma’. ","también está su mercado, como ya les había dicho.","nanek'unta' mercadunen ñapalli, ipa' ituwiñenma'.",fidel_lomas,P00333,True
U03865,G03610,las niñas viven en la ciudad.,NANA WILA KUAPERLUSA' NANPI'PALLINA ÑINANLUK,las niñas viven en la ciudad.,nana wila kuaperlusa' nanpi'pallina ñinanluk,flashcards_oraciones,P00658,False
U03733,G03483,ella no piensa en su tarea.,NANA KU'LA LLI'INUTAPI'ÑI YANU'TA'SU'NEN'KEK,ella no piensa en su tarea.,nana ku'la lli'inutapi'ñi yanu'ta'su'nen'kek,flashcards_oraciones,P00526,False
U03387,G03151,la niña camina con su familia.,NANA WILA KU'APER DEKKUNTULLI PATUNENLEK',la niña camina con su familia.,nana wila ku'aper dekkuntulli patunenlek',flashcards_oraciones,P00180,False
U02742,G02511,cuando ya iba a empezar el fuego.,nana yadi’setchusik.,cuando ya iba a empezar el fuego.,nana yadi'setchusik.,pdf_textos,P00491,True
U01101,G00954,Estoy descalzo.,INAPILANTE'ÑAPALEK,estoy descalzo.,inapilante'ñapalek,flashcards2,P01101,False
U01588,G01393,Nos quedamos.,LLIA'TERWA',nos quedamos.,llia'terwa',flashcards2,P01588,False
U04246,G03982,"hasta hoy sigue arrasando, ","ipa’lalek panker’chapilalli,","hasta hoy sigue arrasando,","ipa'lalek panker'chapilalli,",fidel_lomas,P00370,True
U01640,G01444,Estás delgado.,SHA'MU'SU' NUKA'MA,estás delgado.,sha'mu'su' nuka'ma,flashcards2,P01640,False
U00079,G01147,Ayúdanos.,KATU'PA'UDEK,ayúdanos.,katu'pa'udek,flashcards2,P00079,True
U01324,G01147,Apóyanos.,KATU'PA'UDEK,apóyanos.,katu'pa'udek,flashcards2,P01324,True
U01162,G01008,Ábrela.,EK'KER'CHER',ábrela.,ek'ker'cher',flashcards2,P01162,False
U04268,G04004, esos tomando me he sanado., nanadaper uwamu a’padiperllek.,esos tomando me he sanado.,nanadaper uwamu a'padiperllek.,fidel_lomas,P00392,True
U01778,G01571,Me dispararon.,ILANÑINER'KU,me dispararon.,ilanñiner'ku,flashcards2,P01778,False
U03216,G02985,El sol sale temprano.,KEKKI YUNSU'LII DASU'LA,el sol sale temprano.,kekki yunsu'lii dasu'la,flashcards_oraciones,P00009,False
U03231,G03000,Necesito agua para beber.,DEK' LUWANTULEK IYULEK',necesito agua para beber.,dek' luwantulek iyulek',flashcards_oraciones,P00024,False
U04155,G03892,Eso también fue a regalarle a la señorita.,Nananta’ wilalun panunta’lli.,eso también fue a regalarle a la señorita.,nananta' wilalun panunta'lli.,fidel_lomas,P00279,True
U03736,G03486,las niñas piensan en su familia.,NANA WILA KUAPERLUSA LLI'INUPALLINA PA'TU'NEN'NAK,las niñas piensan en su familia.,nana wila kuaperlusa lli'inupallina pa'tu'nen'nak,flashcards_oraciones,P00529,False
U02494,G02263,Después he salido a Yurimaguas.,Nanekla yunsu’lek Yurimawek.,después he salido a yurimaguas.,nanekla yunsu'lek yurimawek.,pdf_textos,P00243,True
U02636,G02405,la vacamarina.,panwalalan.,la vacamarina.,panwalalan.,pdf_textos,P00385,False
U00312,G00245,¡Qué horror!,¡IMANAN EMPU'NIPA'!,¡qué horror!,¡imanan empu'nipa'!,flashcards2,P00312,False
U01658,G01459,¿Puedes levantarte?,¿YENNITULA YUNSAN'A'MAK? ,¿puedes levantarte?,¿yennitula yunsan'a'mak?,flashcards2,P01658,False
U02373,G02142,Cuando todo está mascado y enfriado,"Iñer ka’latak saneksik,",cuando todo está mascado y enfriado,"iñer ka'latak saneksik,",pdf_textos,P00122,True
U03458,G03221,nosotras enseñamos a contar.,KUDA A'LEK' TAPALLIDEK PICHITAK,nosotras enseñamos a contar.,kuda a'lek' tapallidek pichitak,flashcards_oraciones,P00251,False
U04518,G04227,Tengo una muy seria disculpa,AÑAPALEK ALA'SA TEKINCHIWALEK TA'ITULI'NER'KUK,tengo una muy seria disculpa,añapalek ala'sa tekinchiwalek ta'ituli'ner'kuk,el_principito,P00001,False
U01908,G01696,¿Lo harán?,¿NU'TECHUMA'?,¿lo harán?,¿nu'techuma'?,flashcards2,P01908,False
U01099,G00952,Soy escritor.,LLINSERCHUTEK' NUKA'KA,soy escritor.,llinserchutek' nuka'ka,flashcards2,P01099,False
U01621,G01426,Deberías ir.,PA'A'MASU' ÑAPALLI,deberías ir.,pa'a'masu' ñapalli,flashcards2,P01621,False
U03862,G03607,ellos no viven en el campo.,NAWA'KU'LA NANPI'PI'ÑINA MENMIK,ellos no viven en el campo.,nawa'ku'la nanpi'pi'ñina menmik,flashcards_oraciones,P00655,False
U02637,G02406,Dice que Arákayu llamó (a los peces) y le dijo (a la gente):,"Arakayu ima peklu’deklli, itudeklli:",dice que arákayu llamó (a los peces) y le dijo (a la gente):,"arakayu ima peklu'deklli, itudeklli:",pdf_textos,P00386,True
U01348,G01169,¿Me sigues?,¿TUPITECHUNKU?,¿me sigues?,¿tupitechunku?,flashcards2,P01348,False
U00667,G00553,Tom ronca.,TOM TUKULU'PALLI,tom ronca.,tom tukulu'palli,flashcards2,P00667,False
U01105,G00957,Estoy congelado.,NAKUSU' SANEKWANTULEK,estoy congelado.,nakusu' sanekwantulek,flashcards2,P01105,True
U01106,G00957,Estoy helado.,NAKUSU' SANEKWANTULEK,estoy helado.,nakusu' sanekwantulek,flashcards2,P01106,True
U02339,G02108,Se hace así.,Nu’tulek u’su’.,se hace así.,nu'tulek u'su'.,pdf_textos,P00088,True
U00080,G02016,Espera.,WA'TENKER',espera.,wa'tenker',flashcards2,P00080,True
U00248,G02016,Un momento.,WA'TENKER',un momento.,wa'tenker',flashcards2,P00248,True
U02247,G02016,Un momentito.,WA'TENKER',un momentito.,wa'tenker',flashcards2,P02247,True
U02276,G02045,Más son las mujeres las que me acompañan.,A’pinta’ ku’aperwawalusa’ musu’ eknanpipallun.,más son las mujeres las que me acompañan.,a'pinta' ku'aperwawalusa' musu' eknanpipallun.,pdf_textos,P00025,True
U02676,G02445,Dice que le vieron sus pies con los dedos hacia atrás y su espalda era barriga. the front and his belly where his back should be.,Lli’llini’mi’na lanteknen pi’sheksu’ ali’la piteknenunta’ merpinen.,dice que le vieron sus pies con los dedos hacia atrás y su espalda era barriga. the front and his belly where his back should be.,lli'llini'mi'na lanteknen pi'sheksu' ali'la piteknenunta' merpinen.,pdf_textos,P00425,True
U00287,G00225,Captúrenlo.,PILLI'TUKU',captúrenlo.,pilli'tuku',flashcards2,P00287,True
U00288,G00225,Atrápenlo.,PILLI'TUKU',atrápenlo.,pilli'tuku',flashcards2,P00288,True
U04080,G03817,¡Quién sabe hasta cuándo llevarán estas pintas!,¡Enpi’walek ipa’ nana llinser ekpetchuna’!,¡quién sabe hasta cuándo llevarán estas pintas!,¡enpi'walek ipa' nana llinser ekpetchuna'!,fidel_lomas,P00204,True
U02703,G02472,Cuando se silenció desapareció.,Tuna’sik wetlli.,cuando se silenció desapareció.,tuna'sik wetlli.,pdf_textos,P00452,True
U01090,G00943,Estaba solo.,KUASHASA' ÑAPAWINEK,estaba solo.,kuashasa' ñapawinek,flashcards2,P01090,False
U00218,G00166,Estoy listo. (preparado),INSEK'DIPERPIKU' NUKA'KA,estoy listo. (preparado),insek'diperpiku' nuka'ka,flashcards2,P00218,True
U00567,G00467,Tengo sueño.,YAWICHI'LEK,tengo sueño.,yawichi'lek,flashcards2,P00567,False
U01392,G01210,Los llamé.,PEKLU'DEKLEK,los llamé.,peklu'deklek,flashcards2,P01392,False
U01087,G00940,Tenía miedo.,TEKUAWINEK,tenía miedo.,tekuawinek,flashcards2,P01087,False
U03219,G02988,El pájaro canta al amanecer.,SHUMBULA PEKLAPALLI DASU'LA,el pájaro canta al amanecer.,shumbula peklapalli dasu'la,flashcards_oraciones,P00012,False
U00519,G00426,Puedo cantar.,ÑINCHITAPALEK TULUNER'AK,puedo cantar.,ñinchitapalek tuluner'ak,flashcards2,P00519,False
U04283,G04019,Mi pueblo está ubicado en el medio del monte.,Ñinanlu’wek ñapalli ikiñek tanak.,mi pueblo está ubicado en el medio del monte.,ñinanlu'wek ñapalli ikiñek tanak.,fidel_lomas,P00407,True
U04286,G04022,Tiene donde aterrizan los aviones (aeropuerto).,A’ñapalli wa’napennu’a’su’ lerak.,tiene donde aterrizan los aviones (aeropuerto).,a'ñapalli wa'napennu'a'su' lerak.,fidel_lomas,P00410,True
U00691,G00574,Ayudaremos.,KATU'PA'TATERWA',ayudaremos.,katu'pa'taterwa',flashcards2,P00691,False
U00988,G00846,¿Estás lleno?,¿MER'SU' ÑAPALA?,¿estás lleno?,¿mer'su' ñapala?,flashcards2,P00988,False
U03553,G03310,nosotras hablamos bien,KUDA LUÑIDEK MUSU',nosotras hablamos bien,kuda luñidek musu',flashcards_oraciones,P00346,False
U00091,G00059,Soy Tom.,NUKA'KU TOM,soy tom.,nuka'ku tom,flashcards2,P00091,False
U00367,G00294,Es tarde.,ER'WA NUKA'A,es tarde.,er'wa nuka'a,flashcards2,P00367,False
U00024,G01468,¿Entendiste?,¿LACHEK'LA?,¿entendiste?,¿lachek'la?,flashcards2,P00024,True
U01667,G01468,¿Entendió?,¿LACHEK'LA?,¿entendió?,¿lachek'la?,flashcards2,P01667,True
U04194,G03930,"En Yurimaguas estuvimos una semana, hasta que terminaran de curar a mi mamá.","Yurimawak ñapawiñidek ala’ simana’, awawek lulen’er’kekwalek.","en yurimaguas estuvimos una semana, hasta que terminaran de curar a mi mamá.","yurimawak ñapawiñidek ala' simana', awawek lulen'er'kekwalek.",fidel_lomas,P00318,True
U02471,G02240,El canasto habló “¿Por qué ustedes se burlaron de mí?,Nana lantekpi luñi “¿Ma’ki’na kenmama’ lumellama’u’ku?,el canasto habló ¿por qué ustedes se burlaron de mí?,nana lantekpi luñi ¿ma'ki'na kenmama' lumellama'u'ku?,pdf_textos,P00220,True
U00644,G00533,Hemos llegado.,EKTU'LEKWA',hemos llegado.,ektu'lekwa',flashcards2,P00644,False
U02157,G01931,Mira cuidadosamente.,LLI'KER' UTI'LAKLA,mira cuidadosamente.,lli'ker' uti'lakla,flashcards2,P02157,False
U02569,G02338,"Hasta ahora escuchamos y vemos gallos que cantan,","Ipa’la walek lauk’apallidek, lli’apallidek wa’dantek pekla’su’,","hasta ahora escuchamos y vemos gallos que cantan,","ipa'la walek lauk'apallidek, lli'apallidek wa'dantek pekla'su',",pdf_textos,P00318,True
U03882,G03626,"Tiene tres calles largas, también tiene calles transversales.","Kala kalli shin a’ñapalli, nu’sik’unta’ kallilusa’ chimanchineksu’sa’ a’ñapalli.","tiene tres calles largas, también tiene calles transversales.","kala kalli shin a'ñapalli, nu'sik'unta' kallilusa' chimanchineksu'sa' a'ñapalli.",fidel_lomas,P00006,True
U03482,G03244,los niños no escuchan música.,WILALUSA' KU'LA LAUK'I'ÑINA' TULUNER',los niños no escuchan música.,wilalusa' ku'la lauk'i'ñina' tuluner',flashcards_oraciones,P00275,True
U03484,G03244,los niños no escuchan la música.,WILALUSA' KU'LA LAUK'I'ÑINA' TULUNER',los niños no escuchan la música.,wilalusa' ku'la lauk'i'ñina' tuluner',flashcards_oraciones,P00277,True
U00677,G00563,Enciéndelo. (fuego),A'TENDER',enciéndelo. (fuego),a'tender',flashcards2,P00677,True
U01548,G01354,Están cansados.,SAKA'TUSU' ÑAPALLINA',están cansados.,saka'tusu' ñapallina',flashcards2,P01548,False
U02895,G02664,Dice que ahí las esposas de los que se habían ido tuvieron un mal sueño.,Nanek ima nana pa’lusa’ sadinai’ma wa’apetchullina’.,dice que ahí las esposas de los que se habían ido tuvieron un mal sueño.,nanek ima nana pa'lusa' sadinai'ma wa'apetchullina'.,pdf_textos,P00644,True
U01473,G01285,Había nevado.,PULUNKER' ÑAPAWIÑI,había nevado.,pulunker' ñapawiñi,flashcards2,P01473,False
U00134,G00092,¿Estoy gordo?,¿WEIPENSU' ÑAPALEK?,¿estoy gordo?,¿weipensu' ñapalek?,flashcards2,P00134,False
U01030,G00885,Conduce lentamente.,EKPA'KER' UTILA',conduce lentamente.,ekpa'ker' utila',flashcards2,P01030,False
U03053,G02822,"Hasta aquí nomás les voy a contar sobre Moyobamba. Jeberos, julio 2007",Nanek waleksa' winterkenma' asu' Muyunpaki.,"hasta aquí nomás les voy a contar sobre moyobamba. jeberos, julio 2007",nanek waleksa' winterkenma' asu' muyunpaki.,pdf_textos,P00802,False
U02689,G02458,and he saw that his house had been completely burned.,"Arakayu lli’unta’llima enpu’ni wa’inuipa’ nana pideknen uksuketchulli,",and he saw that his house had been completely burned.,"arakayu lli'unta'llima enpu'ni wa'inuipa' nana pideknen uksuketchulli,",pdf_textos,P00438,True
U03112,G02881,"Dice que el astro le había tocado el corazón a Malallina, decían algunos.","Pi'tandulaler ima pata'kankañi asu' Malallina, tullina'nta'.","dice que el astro le había tocado el corazón a malallina, decían algunos.","pi'tandulaler ima pata'kankañi asu' malallina, tullina'nta'.",pdf_textos,P00861,False
U01079,G00932,Leo frecuentemente.,LUNPA'LEK UTALINPU'SA',leo frecuentemente.,lunpa'lek utalinpu'sa',flashcards2,P01079,False
U04333,G04068,"Saliendo del teatro se encontró con la hermana Pilar, con ella han trabajado para levantar a la lengua Shiwilu.","Teatrukla yunsu’n inkanañina’ sha’wa Pillishalek, nanalek saka’tullina’ Shiwilu la’la’ yausanna’.","saliendo del teatro se encontró con la hermana pilar, con ella han trabajado para levantar a la lengua shiwilu.","teatrukla yunsu'n inkanañina' sha'wa pillishalek, nanalek saka'tullina' shiwilu la'la' yausanna'.",fidel_lomas,P00457,True
U02285,G02054,A veces no puedo recordar lo que estoy hablando.,Nerpi’pu’ innichi’nek lli’inuta’kasu’ lunpa’kasu’.,a veces no puedo recordar lo que estoy hablando.,nerpi'pu' innichi'nek lli'inuta'kasu' lunpa'kasu'.,pdf_textos,P00034,True
U01822,G01612,Seamos valientes.,ÑIAWA' NANTAPITEK LUSA',seamos valientes.,ñiawa' nantapitek lusa',flashcards2,P01822,False
U00242,G00188,Ella corre.,NANA TEKA'LLI,ella corre.,nana teka'lli,flashcards2,P00242,False
U02896,G02665,"Después, cuando se puso el sol, vieron nubes de viuda en el cielo.",Nu’sik ima lli’llina’ er’washinchi ekdulunlu’tek.,"después, cuando se puso el sol, vieron nubes de viuda en el cielo.",nu'sik ima lli'llina' er'washinchi ekdulunlu'tek.,pdf_textos,P00645,True
U00127,G00086,Bienvenido.,MUWENCHA'KER',bienvenido.,muwencha'ker',flashcards2,P00127,False
U02605,G02374,De ahí los shawala le dijeron:,Naneklima Shawalalusa’ler itullina’:,de ahí los shawala le dijeron:,naneklima shawalalusa'ler itullina':,pdf_textos,P00354,True
U02066,G01843,No duele.,KU'LA IKER'I'ÑI,no duele.,ku'la iker'i'ñi,flashcards2,P02066,False
U01018,G00874,¿Vino Tom?,¿TOM WEK'LLI?,¿vino tom?,¿tom wek'lli?,flashcards2,P01018,False
U02707,G02476,todos los peces se llevó.,iñer samer ekpanta’lli.,todos los peces se llevó.,iñer samer ekpanta'lli.,pdf_textos,P00456,True
U04517,G04226,Pido perdón a los niños por haber dedicado este libro a una persona mayor.,"TA'ITULI'NER'KU ASU' WILALUSA' NU'TAKASU'MALEK ALA'SA' KERKA', ALA'SA TASERPIKIN.",pido perdón a los niños por haber dedicado este libro a una persona mayor.,"ta'ituli'ner'ku asu' wilalusa' nu'takasu'malek ala'sa' kerka', ala'sa taserpikin.",el_principito,P00000,False
U03776,G03524,él no recuerda una historia.,NANA KU'LA LLI'INUTAPI'ÑI ALA'SA' HISTURIA,él no recuerda una historia.,nana ku'la lli'inutapi'ñi ala'sa' histuria,flashcards_oraciones,P00569,False
U03064,G02833,"Nosotros somos bastantes, ellos son doscitos nomas.","Kenmu'wa' wapu'mu'wa', ma'ki'na asu' katu'shadapersa'.","nosotros somos bastantes, ellos son doscitos nomas.","kenmu'wa' wapu'mu'wa', ma'ki'na asu' katu'shadapersa'.",pdf_textos,P00813,False
U02058,G01835,Estoy constipado.,ÑAPALEK A'MECHAILUSU,estoy constipado.,ñapalek a'mechailusu,flashcards2,P02058,False
U04010,G03747,"Ahí, entonces, se convirtieron en árbol.","Nanek, ipa’linchi, nalak ñinta’llina’.","ahí, entonces, se convirtieron en árbol.","nanek, ipa'linchi, nalak ñinta'llina'.",fidel_lomas,P00134,True
U00738,G00614,Hazlo ahorita.,NU'TER' IPIA'LA,hazlo ahorita.,nu'ter' ipia'la,flashcards2,P00738,False
U03618,G03372,el niño no nada en la piscina.,NANA WILA KU'LA IDUI'ÑI SEN'NAN'KEK,el niño no nada en la piscina.,nana wila ku'la idui'ñi sen'nan'kek,flashcards_oraciones,P00411,False
U02477,G02246,"Con ella mi padre y mi madre me criaron, yo la hablo.","Nanalek tatawek awawek teksusullun, kua nana lu’nkasu’.","con ella mi padre y mi madre me criaron, yo la hablo.","nanalek tatawek awawek teksusullun, kua nana lu'nkasu'.",pdf_textos,P00226,True
U03843,G03588,la niña viaja por las noches.,NANA WILA KUAPER PA'LLI DEKPILLI'LUSA',la niña viaja por las noches.,nana wila kuaper pa'lli dekpilli'lusa',flashcards_oraciones,P00636,False
U02342,G02111,"Pelada, se trae a la casa y se la guarda.","Eksu’, kencha’lek pidik, aku’lek.","pelada, se trae a la casa y se la guarda.","eksu', kencha'lek pidik, aku'lek.",pdf_textos,P00091,True
U03372,G03138,nosotros no bajamos al río.,KUDA NU'WAN'PI'ÑIDEK' KUPIN'DEK'SHADIK,nosotros no bajamos al río.,kuda nu'wan'pi'ñidek' kupin'dek'shadik,flashcards_oraciones,P00165,False
U01708,G01505,Ya sé.,IPA' ÑINCHITULEK,ya sé.,ipa' ñinchitulek,flashcards2,P01708,False
U02190,G01964,¿Qué falta?,¿MA'NENPAWANPALLI?,¿qué falta?,¿ma'nenpawanpalli?,flashcards2,P02190,False
U03592,G03347,los niños no leen un cuento.,NANA WILALUSA' KU'LA LUNCHI'ÑINA ALA'SA' CUENTU,los niños no leen un cuento.,nana wilalusa' ku'la lunchi'ñina ala'sa' cuentu,flashcards_oraciones,P00385,False
U03013,G02782,Ahora las mujeres se pintan sus caras.,Ipa'la asu' shaya'lusa' inllinsellina' asu' ladanenna'.,ahora las mujeres se pintan sus caras.,ipa'la asu' shaya'lusa' inllinsellina' asu' ladanenna'.,pdf_textos,P00762,False
U03707,G03458,El tigre caza sigilosamente.,NANA AMANA' MAPENÑI TATUSHALAN',el tigre caza sigilosamente.,nana amana' mapenñi tatushalan',flashcards_oraciones,P00500,False
U03917,G03661,Los antiguos no pescaban a cada rato.,Papinkuku’lusa’ pu’ri’ñina’ utalinpu’sa’.,los antiguos no pescaban a cada rato.,papinkuku'lusa' pu'ri'ñina' utalinpu'sa'.,fidel_lomas,P00041,True
U00746,G00622,No fumes.,YAU'WA'TUTA,no fumes.,yau'wa'tuta,flashcards2,P00746,False
U01918,G01703,Necesitan dinero.,LUWANTULLINA' KULLIKER,necesitan dinero.,luwantullina' kulliker,flashcards2,P01918,False
U02389,G02158,Nadie la toca para que no se malogre.,Ñidenler pata’pi’ñi aper’inpu’ek.,nadie la toca para que no se malogre.,ñidenler pata'pi'ñi aper'inpu'ek.,pdf_textos,P00138,True
U04125,G03862,Nuevamente el Carachupa volvió a tocar su pifuano en una fiesta.,Nanapu’si’la Chi’lek pilenñantununta’lli pistak.,nuevamente el carachupa volvió a tocar su pifuano en una fiesta.,nanapu'si'la chi'lek pilenñantununta'lli pistak.,fidel_lomas,P00249,True
U01754,G01550,Estaba durmiendo.,WICHA'PAWINEK,estaba durmiendo.,wicha'pawinek,flashcards2,P01754,False
U04030,G03767,De su espalda nomás se la cogió.,Piteknenkeksakla meitulli.,de su espalda nomás se la cogió.,piteknenkeksakla meitulli.,fidel_lomas,P00154,True
U02574,G02343,"También hallaban restos de cerámica, restos de adobe para parar las ollas, al bañarse, al bucear sacaban.","Nu’sik sunka’teklusa’, sunkapilusa’ kananpallina’, ama’nna’pu’su’ dadektanna’ usu’pallina’.","también hallaban restos de cerámica, restos de adobe para parar las ollas, al bañarse, al bucear sacaban.","nu'sik sunka'teklusa', sunkapilusa' kananpallina', ama'nna'pu'su' dadektanna' usu'pallina'.",pdf_textos,P00323,True
U03704,G03455,Él caza con su padre.,NANA YUNEK'APALLI TATANENLEK,él caza con su padre.,nana yunek'apalli tatanenlek,flashcards_oraciones,P00497,False
U01694,G01491,Él aceleró.,APINTA'A'TEKALLI,él aceleró.,apinta'a'tekalli,flashcards2,P01694,False
U02606,G02375,"“¿Tienes pescado, hermano mayor?”","- “¿Samerwanpala’ncha, alli’shá?”","¿tienes pescado, hermano mayor?","- ¿samerwanpala'ncha, alli'shá?",pdf_textos,P00355,True
U02143,G01917,Son primos.,I'INLUSA' NUKER'KA,son primos.,i'inlusa' nuker'ka,flashcards2,P02143,False
U01432,G01246,Estaré solo.,KUASA' ÑAPECHEK,estaré solo.,kuasa' ñapechek,flashcards2,P01432,False
U03699,G03450,Ellos juegan juegos.,NAWA' INTEKLLITULLINA IÑER' UKLLILUSA',ellos juegan juegos.,nawa' intekllitullina iñer' ukllilusa',flashcards_oraciones,P00492,False
U03750,G03499,la niña pinta una flor.,NANA WILA KUAPER LLINSERLLI ALA'SA DANKU,la niña pinta una flor.,nana wila kuaper llinserlli ala'sa danku,flashcards_oraciones,P00543,False
U01072,G00925,Tengo dinero.,KULLIKER'WANPALEK,tengo dinero.,kulliker'wanpalek,flashcards2,P01072,False
U03869,G03613,tú vives con tu familia.,KENMA NANPI'PALA PATUN'PENLEK,tú vives con tu familia.,kenma nanpi'pala patun'penlek,flashcards_oraciones,P00662,False
U04058,G03795,Entonces la Motelo le pintó todo su cuerpo bien bonito (a la Iguana).,Maduler i’na u’chimusha iñer’ pinen llinserlli.,entonces la motelo le pintó todo su cuerpo bien bonito (a la iguana).,maduler i'na u'chimusha iñer' pinen llinserlli.,fidel_lomas,P00182,True
U02036,G01814,Estaría agradecido.,YUSPEINE'PI ÑAPINA'KA,estaría agradecido.,yuspeine'pi ñapina'ka,flashcards2,P02036,False
U01086,G00939,Quiero ir.,YAPA'LEK,quiero ir.,yapa'lek,flashcards2,P01086,False
U01676,G01476,¿Nos conoces?,¿LUWER'CHAPALAMA'UDEK?,¿nos conoces?,¿luwer'chapalama'udek?,flashcards2,P01676,False
U03505,G03262,nosotras no esperamos en la escuela.,KUDA KU'LA WA'TENCHI'ÑIDEK ÑINCHITUNAPIDEK'KEK,nosotras no esperamos en la escuela.,kuda ku'la wa'tenchi'ñidek ñinchitunapidek'kek,flashcards_oraciones,P00298,False
U03116,G02885,"Ellos tienen la culpa, los que han abierto ese camino"" han dicho algunos.","Usha'wallina' nana inchilala ekketchulusa'"" tullini'ma' nu'unta'.","ellos tienen la culpa, los que han abierto ese camino han dicho algunos.",usha'wallina' nana inchilala ekketchulusa' tullini'ma' nu'unta'.,pdf_textos,P00865,True
U02004,G01784,Odio pelear.,LUYULEK IDENMAAK,odio pelear.,luyulek idenmaak,flashcards2,P02004,True
U02005,G01784,Detesto pelear.,LUYULEK IDENMAAK,detesto pelear.,luyulek idenmaak,flashcards2,P02005,True
U00764,G00638,Qué raro.,EMPU'NI LLI'INEK,qué raro.,empu'ni lli'inek,flashcards2,P00764,False
U00828,G00699,Soy egoísta.,KUAKEKSA' LLI'INUPALEK,soy egoísta.,kuakeksa' lli'inupalek,flashcards2,P00828,False
U00747,G00623,Termine esto.,A'TA'WANTER ASU',termine esto.,a'ta'wanter asu',flashcards2,P00747,True
U00748,G00623,Termina esto.,A'TA'WANTER ASU',termina esto.,a'ta'wanter asu',flashcards2,P00748,True
U00710,G00592,Fallaste.,APER'LA,fallaste.,aper'la,flashcards2,P00710,False
U01733,G01529,Necesito respuestas.,LUWANTULEK NA'PIA'MUSU',necesito respuestas.,luwantulek na'pia'musu',flashcards2,P01733,False
U03189,G02958,Esa clase de nombres antes no hemos tenido.,Tusu'sa' llillinlusa' napi' a'ñiwinekwa'.,esa clase de nombres antes no hemos tenido.,tusu'sa' llillinlusa' napi' a'ñiwinekwa'.,pdf_textos,P00938,False
U01554,G01360,Tom vaciló.,TOM SI'LENTULLI,tom vaciló.,tom si'lentulli,flashcards2,P01554,False
U02572,G02341,A veces nos despiertan para que escuchemos y nos asustamos6 cuando escuchamos.,"Nerpi’pu’ uchinañinerkudek lauk’a’kudek, imanankankantullidek lauk’amudek.",a veces nos despiertan para que escuchemos y nos asustamos6 cuando escuchamos.,"nerpi'pu' uchinañinerkudek lauk'a'kudek, imanankankantullidek lauk'amudek.",pdf_textos,P00321,True
U02513,G02282,“Ya el verano empezó. ¡Vamos a pescar muchachos y muchachas!” les dijo.,"“Ipa’ ekkilala pilli’ncha’lli. ¡Enchuku’ pur’awa’ nadi’neklusa’, wilalunlusa’!” itudekllima.",ya el verano empezó. ¡vamos a pescar muchachos y muchachas! les dijo.,"ipa' ekkilala pilli'ncha'lli. ¡enchuku' pur'awa' nadi'neklusa', wilalunlusa'! itudekllima.",pdf_textos,P00262,True
U02439,G02208,"Con ellos ahora vivo, con mis hijos.","Nawa’lekku ipa’la nanpiapalek, wilaweklusa’lek.","con ellos ahora vivo, con mis hijos.","nawa'lekku ipa'la nanpiapalek, wilaweklusa'lek.",pdf_textos,P00188,True
U03143,G02912,"Nosotros antes desmotábamos el algodón, hilábamos, metíamos el hilo en el telar armándolo.","Kenmu'wei'na' napi' anantulekwa', pitetchulekwa', kala'tulekwa'.","nosotros antes desmotábamos el algodón, hilábamos, metíamos el hilo en el telar armándolo.","kenmu'wei'na' napi' anantulekwa', pitetchulekwa', kala'tulekwa'.",pdf_textos,P00892,False
U00476,G00387,Ven temprano.,WENLLER' DASU'LA,ven temprano.,wenller' dasu'la,flashcards2,P00476,False
U03001,G02770,"Así como algunos maltratan a sus hijos a cada instante, así estas dos personas (nos maltratan a nosotros)8"" dijeron en una reunion hablando.","Ma'lusa', nu'unta' willina' llikanetchi'ñina' nanapu’tullinerkenmu’wa’, asu’ katu’shadaper"" tullina' ima idiuntunna' lunna'.","así como algunos maltratan a sus hijos a cada instante, así estas dos personas (nos maltratan a nosotros)8 dijeron en una reunion hablando.","ma'lusa', nu'unta' willina' llikanetchi'ñina' nanapu'tullinerkenmu'wa', asu' katu'shadaper tullina' ima idiuntunna' lunna'.",pdf_textos,P00750,True
U00359,G00286,Llovió.,U'LANÑI,llovió.,u'lanñi,flashcards2,P00359,False
U04140,G03877,“Este es el hombre enplumado”,“Asui’na anpulu’ muda’”,este es el hombre enplumado,asui'na anpulu' muda',fidel_lomas,P00264,True
U00638,G00528,Hicieron trampas.,ALLISEK NU'TAPALLINA',hicieron trampas.,allisek nu'tapallina',flashcards2,P00638,False
U01041,G01173,Come algo.,KAKER' MA'PINTA',come algo.,kaker' ma'pinta',flashcards2,P01041,True
U01352,G01173,Come algo.,MA'SHAPIN'TA KA'KER',come algo.,ma'shapin'ta ka'ker',flashcards2,P01352,True
U00883,G00749,¡Quieto ahí!,¡YALENMEKTA NANEK!,¡quieto ahí!,¡yalenmekta nanek!,flashcards2,P00883,False
U02217,G01988,¿Eres mago?,¿NUKA'MA A'I'KECHEKTUTEK?,¿eres mago?,¿nuka'ma a'i'kechektutek?,flashcards2,P02217,False
U01575,G01380,Lo entendemos.,LACHEK'APALLIDEK,lo entendemos.,lachek'apallidek,flashcards2,P01575,False
U04235,G03971,con eso curaron (a los pacientes) hasta que desaparecieron (las enfermedades).,nanalek lulendekllina’ wer’akwalek.,con eso curaron (a los pacientes) hasta que desaparecieron (las enfermedades).,nanalek lulendekllina' wer'akwalek.,fidel_lomas,P00359,True
U02979,G02748,"A otra gente que han venido de otros pueblos queremos verles, a la gente blanca.",Ali’la muda’ nerñinanluklan weklusa’ yalli’dekllidek Dadapu muda’lusa’.,"a otra gente que han venido de otros pueblos queremos verles, a la gente blanca.",ali'la muda' nerñinanluklan weklusa' yalli'dekllidek dadapu muda'lusa'.,pdf_textos,P00728,True
U02718,G02487,"Por eso dice los peces salieron,","Nu’an imaka samellusa’ yu’nketllina’,","por eso dice los peces salieron,","nu'an imaka samellusa' yu'nketllina',",pdf_textos,P00467,True
U02884,G02653,su higado está colgado nomás”.,kankanen ukunpala’lli”.,su higado está colgado nomás.,kankanen ukunpala'lli.,pdf_textos,P00633,True
U00088,G00057,Voy a dormir,WICHI'ECHEK,voy a dormir,wichi'echek,flashcards2,P00088,False
U03078,G02847,Los del grupo del Malallina entraron y encontraron solamente a Sekputchek.,Nana Malallinalek ñapalusi'mi'na danker'kuñina' kani'ñina' Sekputcheksa'.,los del grupo del malallina entraron y encontraron solamente a sekputchek.,nana malallinalek ñapalusi'mi'na danker'kuñina' kani'ñina' sekputcheksa'.,pdf_textos,P00827,False
U02311,G02080,"Para bien esta hermana desde otro pueblo,","Mula’si’la asu’ kai kua nerñinanlukla,","para bien esta hermana desde otro pueblo,","mula'si'la asu' kai kua nerñinanlukla,",pdf_textos,P00060,True
U04011,G03748,"Por eso, hoy en día, el renaco no crece solito.","Nanamalek, ipa’la, ella nanashasa’ susupi’ñi.","por eso, hoy en día, el renaco no crece solito.","nanamalek, ipa'la, ella nanashasa' susupi'ñi.",fidel_lomas,P00135,True
U03785,G03532,las niñas no suben a la montaña.,NANA WILA KUAPERLUSA KU'LA CHINTEK'IÑINA MUTUPIK,las niñas no suben a la montaña.,nana wila kuaperlusa ku'la chintek'iñina mutupik,flashcards_oraciones,P00578,False
U02385,G02154,Entonces cuando se está cutipando (se está haciendo hervir nuevamente) está amaneciendo.,Ipa’linchi a’pi’dektapa’sik ukllapilelli.,entonces cuando se está cutipando (se está haciendo hervir nuevamente) está amaneciendo.,ipa'linchi a'pi'dektapa'sik ukllapilelli.,pdf_textos,P00134,True
U00593,G00489,¡Quédate tranquilo!,¡MUSU' LLIA'KER'!,¡quédate tranquilo!,¡musu' llia'ker'!,flashcards2,P00593,False
U02854,G02623,Entonces otro viejo soñador dijo:,Nanek ima ali’la taserpi wa’lata’su’ tulli:,entonces otro viejo soñador dijo:,nanek ima ali'la taserpi wa'lata'su' tulli:,pdf_textos,P00603,True
U01732,G01528,Debo regresar.,ADANTA'A'KASU' ÑAPALLI,debo regresar.,adanta'a'kasu' ñapalli,flashcards2,P01732,False
U01433,G01247,Seré breve.,WIUKSU' ÑIN'CHEK,seré breve.,wiuksu' ñin'chek,flashcards2,P01433,False
U02694,G02463,"Se rabió, lloró, tuvo mucha pena Arákayu.","Yulli, willeklli, wa’inutulli Arakayu.","se rabió, lloró, tuvo mucha pena arákayu.","yulli, willeklli, wa'inutulli arakayu.",pdf_textos,P00443,True
U00600,G01307,Déjame ver.,TA'ITULA'U LLI'ECHEK,déjame ver.,ta'itula'u lli'echek,flashcards2,P00600,True
U01496,G01307,Déjame verlo.,TA'ITULA'U LLI'ECHEK,déjame verlo.,ta'itula'u lli'echek,flashcards2,P01496,True
U01802,G01593,Me supera.,KANA'LLIU,me supera.,kana'lliu,flashcards2,P01802,False
U02616,G02385,Por eso con mi candela no van a cocinar.,Nana malek asu’ penweklek penwei’nchuma’.,por eso con mi candela no van a cocinar.,nana malek asu' penweklek penwei'nchuma'.,pdf_textos,P00365,True
U03914,G03658,De ahí armaban el telar para confeccionar sus pampanillas.,Nanekla anantullina’ yanu’tanna’ kalanteknenna’.,de ahí armaban el telar para confeccionar sus pampanillas.,nanekla anantullina' yanu'tanna' kalanteknenna'.,fidel_lomas,P00038,True
U00658,G00544,Tom ayudó.,TOM KATU'PA'TULLI,tom ayudó.,tom katu'pa'tulli,flashcards2,P00658,False
U00378,G00304,Mantente abrigado.,I'SHIWANSU' ÑAPER',mantente abrigado.,i'shiwansu' ñaper',flashcards2,P00378,False
U03228,G02997,El fuego calienta la casa.,PENLER A'UKALLI PIDEK',el fuego calienta la casa.,penler a'ukalli pidek',flashcards_oraciones,P00021,False
U00694,G00577,Esperaremos.,WA'TENTATERWA',esperaremos.,wa'tentaterwa',flashcards2,P00694,False
U01156,G01002,Nadie preguntó.,ÑIDEN LEKCHI'ÑI,nadie preguntó.,ñiden lekchi'ñi,flashcards2,P01156,False
U01312,G01137,¿Estás borracho?,¿LUPERSU' ÑAPALA?,¿estás borracho?,¿lupersu' ñapala?,flashcards2,P01312,True
U01313,G01137,¿Estás ebrio?,¿LUPERSU' ÑAPALA?,¿estás ebrio?,¿lupersu' ñapala?,flashcards2,P01313,True
U01314,G01137,¿Estás embriagado?,¿LUPERSU' ÑAPALA?,¿estás embriagado?,¿lupersu' ñapala?,flashcards2,P01314,True
U01777,G01570,Me vieron.,LLI'LLINER'KU,me vieron.,lli'lliner'ku,flashcards2,P01777,False
U03343,G03110,ellas no bailan en la casa.,NAWA' LANSA'PI'ÑINA' PIDIK,ellas no bailan en la casa.,nawa' lansa'pi'ñina' pidik,flashcards_oraciones,P00136,False
U00448,G00360,Conversamos.,LUNÑIDEK,conversamos.,lunñidek,flashcards2,P00448,False
U02752,G02521,"Vengándose, el monte, se sumió más el monte.","Pillek’an, tanan, dankumelli a’pinta’ tanan.","vengándose, el monte, se sumió más el monte.","pillek'an, tanan, dankumelli a'pinta' tanan.",pdf_textos,P00501,True
U02800,G02569,¿Qué les voy a dar de comer a mis hijos?” diciendo.,¿Wilaweklusa’ ma’nen i’na a’ka’dek’etchek?” tanna’.,¿qué les voy a dar de comer a mis hijos? diciendo.,¿wilaweklusa' ma'nen i'na a'ka'dek'etchek? tanna'.,pdf_textos,P00549,True
U01545,G01351,Están enojados.,YUSU' ÑAPALLINA',están enojados.,yusu' ñapallina',flashcards2,P01545,False
U02833,G02602,"A ver pues, voy a contar ahora cómo se les habrá ocurrido a los shiwilu finados conocer Moyobamba.",Enta’n lunchek ipa’la asu’ ma’pu’sui’pa’ kankantanna’ Shiwiluku’lusa’ Muyunpa yaluwetchullina’.,"a ver pues, voy a contar ahora cómo se les habrá ocurrido a los shiwilu finados conocer moyobamba.",enta'n lunchek ipa'la asu' ma'pu'sui'pa' kankantanna' shiwiluku'lusa' muyunpa yaluwetchullina'.,pdf_textos,P00582,True
U01560,G01366,¿Estaba roncando?,¿TUKULU'PAWIÑI?,¿estaba roncando?,¿tukulu'pawiñi?,flashcards2,P01560,False
U01875,G01663,Tom recordó.,TOM LLI'INUTULLI,tom recordó.,tom lli'inutulli,flashcards2,P01875,False
U01780,G01573,Los vi.,LLI'DEK'LEK,los vi.,lli'dek'lek,flashcards2,P01780,False
U03140,G02909,"A los muchachos, queriendo agarrar pejecitos con canasto, cuando se iban, se los comían las fieras.","Wilalusi'ma, ya'dandektanna', pa'anna', anaka'lli'na'.","a los muchachos, queriendo agarrar pejecitos con canasto, cuando se iban, se los comían las fieras.","wilalusi'ma, ya'dandektanna', pa'anna', anaka'lli'na'.",pdf_textos,P00889,True
U01716,G01513,No pico.,KU'LA EK'KUANPINEK,no pico.,ku'la ek'kuanpinek,flashcards2,P01716,False
U01674,G01474,¿Lo sabes?,¿ÑINCHITAPALA?,¿lo sabes?,¿ñinchitapala?,flashcards2,P01674,False
U00732,G00609,¿Puedes ver?,¿YENNITULAN'CHA LLI'TA'MAK?,¿puedes ver?,¿yennitulan'cha lli'ta'mak?,flashcards2,P00732,False
U04366,G04101,Llegamos a la boca del Sapoyacu y ahí dormimos.,"Ektu’llidek Enpuer’ chinpeñak, nanek wichi’llidek.",llegamos a la boca del sapoyacu y ahí dormimos.,"ektu'llidek enpuer' chinpeñak, nanek wichi'llidek.",fidel_lomas,P00490,True
U04097,G03834,"El Tigre trató de soplar, pero el pifuano no sonó.","Amana’ yapenwiñi, ku’li’na illi’ñi pilenñan.","el tigre trató de soplar, pero el pifuano no sonó.","amana' yapenwiñi, ku'li'na illi'ñi pilenñan.",fidel_lomas,P00221,True
U04401,G04136,este le está matando a todas las lenguas., asu’ler dei’tapilalli iñer’ la’la’lusa’.,este le está matando a todas las lenguas.,asu'ler dei'tapilalli iñer' la'la'lusa'.,fidel_lomas,P00525,True
U03263,G03032,Mi tía hace chicha punta.,ASHATU'SHAUK NU'TULLI UKLUPIDEK,mi tía hace chicha punta.,ashatu'shauk nu'tulli uklupidek,flashcards_oraciones,P00056,False
U01136,G00983,Sigue corriendo.,TEKA'PER'I'LA,sigue corriendo.,teka'per'i'la,flashcards2,P01136,False
U00181,G00261,Lo vi.,LLI'LEK,lo vi.,lli'lek,flashcards2,P00181,True
U00330,G00261,Le vi.,LLI'LEK,le vi.,lli'lek,flashcards2,P00330,True
U00793,G00666,Leo labios.,ÑINCHITAPALEK MA'TAPALLINPA',leo labios.,ñinchitapalek ma'tapallinpa',flashcards2,P00793,False
U02295,G02064,"el shiwilu de antes,","napi’ Shiwilu,","el shiwilu de antes,","napi' shiwilu,",pdf_textos,P00044,True
U00396,G00317,¡Buen tiro!,MUSU' DEK'LA,¡buen tiro!,musu' dek'la,flashcards2,P00396,False
U01582,G01387,Estamos bailando.,LANSA'PALLIDEK,estamos bailando.,lansa'pallidek,flashcards2,P01582,False
U00486,G00395,No cantes.,YATULUNER'TA,no cantes.,yatuluner'ta,flashcards2,P00486,False
U03601,G03355,ella limpia la casa.,NANA WITEK'LLI PIDEK,ella limpia la casa.,nana witek'lli pidek,flashcards_oraciones,P00394,False
U00281,G00222,Respóndeme.,NA'PI'U,respóndeme.,na'pi'u,flashcards2,P00281,False
U03686,G03437,Él come frutas por la tarde.,NANA KA'LLI WAYU ER'WA,él come frutas por la tarde.,nana ka'lli wayu er'wa,flashcards_oraciones,P00479,False
U02282,G02051,"“Te voy a enseñar, llévala tú también y aprende.","“A’lek’erken, ekpanta’n kenmanta’ ñinchiter.","te voy a enseñar, llévala tú también y aprende.","a'lek'erken, ekpanta'n kenmanta' ñinchiter.",pdf_textos,P00031,True
U02170,G01944,Queremos ayudar.,YAKATU'PA'LLIDEK,queremos ayudar.,yakatu'pa'llidek,flashcards2,P02170,False
U01484,G01296,Es emocionante.,SAKEKNANSU' NUKA'A,es emocionante.,sakeknansu' nuka'a,flashcards2,P01484,False
U00863,G00733,Nadie mintió.,ÑIDEN TUMUI'ÑI,nadie mintió.,ñiden tumui'ñi,flashcards2,P00863,False
U02061,G01838,Oí eso.,LAUK'LEK NANA,oí eso.,lauk'lek nana,flashcards2,P02061,False
U03529,G03286,la niña estudiara mañana.,NANA WILLAKU'APER ÑINCHITECHU EKLLI,la niña estudiara mañana.,nana willaku'aper ñinchitechu eklli,flashcards_oraciones,P00322,False
U02859,G02628,uno de nosotros va a perecer.,kenmu’wa’ takeraterwa’ nu’unta’nmu’wa’.,uno de nosotros va a perecer.,kenmu'wa' takeraterwa' nu'unta'nmu'wa'.,pdf_textos,P00608,True
U02116,G01891,Es brasileña.,BRASHIKA NUKA'A ,es brasileña.,brashika nuka'a,flashcards2,P02116,False
U01764,G01561,Te llamaré.,PEKLUE'CHEN,te llamaré.,peklue'chen,flashcards2,P01764,True
U01767,G01561,Te invitaré.,PEKLUE'CHEN,te invitaré.,peklue'chen,flashcards2,P01767,True
U02305,G02074,"Yo sí que tengo la culpa por no enseñarles a mis hijos,","Kui’na usha’wanek wilaweklusa’ a’lek’inpu’dek’amu,","yo sí que tengo la culpa por no enseñarles a mis hijos,","kui'na usha'wanek wilaweklusa' a'lek'inpu'dek'amu,",pdf_textos,P00054,True
U02943,G02712,Cuando calmó el temblor los árboles se sacudieron.,Nana lupa’ lenmek’a’su’ supinak nalalusi’ma pada’sa’tulli.,cuando calmó el temblor los árboles se sacudieron.,nana lupa' lenmek'a'su' supinak nalalusi'ma pada'sa'tulli.,pdf_textos,P00692,True
U00357,G00284,Falló.,APER'LLI,falló.,aper'lli,flashcards2,P00357,False
U03813,G03560,las niñas trabajan todos los días.,NANA WILA KUAPERLUSA' SAKA'TAPALLINA IÑER' UKLLILUSA',las niñas trabajan todos los días.,nana wila kuaperlusa' saka'tapallina iñer' ukllilusa',flashcards_oraciones,P00606,False
U03564,G03321,ella no lava la ropa.,NANA KU'LA PEKSA' PI'ÑI KUTUNLUSA',ella no lava la ropa.,nana ku'la peksa' pi'ñi kutunlusa',flashcards_oraciones,P00357,False
U00259,G00202,Tom renunció.,TOM YUNSU'LLI,tom renunció.,tom yunsu'lli,flashcards2,P00259,False
U00175,G00129,Fracasé.,A'APER'LEK',fracasé.,a'aper'lek',flashcards2,P00175,False
U04281,G04017,Más enfermedades van a ir apareciendo.,A’pinta’ kaluwi’lusa’ lli’tapilechuna’.,más enfermedades van a ir apareciendo.,a'pinta' kaluwi'lusa' lli'tapilechuna'.,fidel_lomas,P00405,True
U03614,G03368,ustedes limpian la mesa.,KENMAMA' PEKKUI'LAMA MISA,ustedes limpian la mesa.,kenmama' pekkui'lama misa,flashcards_oraciones,P00407,False
U04111,G03848,El Tigre le soltó un poco la cola y el Carachupa se metió más al fondo.,"Amana’ler a’mercha apu’lli llinteknen, nanek",el tigre le soltó un poco la cola y el carachupa se metió más al fondo.,"amana'ler a'mercha apu'lli llinteknen, nanek",fidel_lomas,P00235,True
U04367,G04102,"Cuando amaneció, surcamos y llegamos a Tierra Blanca, en el alto Aipena.","Ukllisik penwinerllidek, ektu’llidek Chinenluk, Erpina’ winenkek.","cuando amaneció, surcamos y llegamos a tierra blanca, en el alto aipena.","ukllisik penwinerllidek, ektu'llidek chinenluk, erpina' winenkek.",fidel_lomas,P00491,True
U02740,G02509,"“¡Gobernante, vamos a hacer pesca con barbasco!”","- “¡Wa’an, enchuku’ pur’awa’!”","¡gobernante, vamos a hacer pesca con barbasco!","- ¡wa'an, enchuku' pur'awa'!",pdf_textos,P00489,True
U03425,G03188,la niña no construye una casa.,NANA WILA KU'APER KU'LA NU'CHIÑI ALA'SA' PIDEK,la niña no construye una casa.,nana wila ku'aper ku'la nu'chiñi ala'sa' pidek,flashcards_oraciones,P00218,False
U00256,G00199,Tomás miente.,TOMAS TUMU'PALLI,tomás miente.,tomas tumu'palli,flashcards2,P00256,False
U01269,G01098,Puedes quedarte.,YENNITULA' LLIA'A'MAK,puedes quedarte.,yennitula' llia'a'mak,flashcards2,P01269,False
U01400,G01218,Te perdono.,MA'ICHIN'CHEN,te perdono.,ma'ichin'chen,flashcards2,P01400,False
U03931,G03675,Yo he escuchado cuando habló mi abuelo finado.,Kua lawektulek lunsik papinkuwekku’.,yo he escuchado cuando habló mi abuelo finado.,kua lawektulek lunsik papinkuwekku'.,fidel_lomas,P00055,True
U02142,G01916,Son correctos.,TEKINCHILUSA' NUKER'KA,son correctos.,tekinchilusa' nuker'ka,flashcards2,P02142,False
U00314,G00247,Estoy ocupada.,YEN'NICHI'NEK,estoy ocupada.,yen'nichi'nek,flashcards2,P00314,True
U00315,G00247,Estoy ocupado.,YEN'NICHI'NEK,estoy ocupado.,yen'nichi'nek,flashcards2,P00315,True
U03697,G03448,Tú juegas en el patio.,KENMA INDEKLITULA INYULATE'KEK,tú juegas en el patio.,kenma indeklitula inyulate'kek,flashcards_oraciones,P00490,False
U00697,G00580,Terminamos.,A'TA'WANTULLIDEK,terminamos.,a'ta'wantullidek,flashcards2,P00697,False
U01462,G01274,Soy sensible.,MANENPITA' IKERCHULEK,soy sensible.,manenpita' ikerchulek,flashcards2,P01462,False
U01492,G01303,Déjelo aquí.,TA'ITULER' ASEK,déjelo aquí.,ta'ituler' asek,flashcards2,P01492,False
U02862,G02631,Después se levantó otro y dijo:,Naneklima ali’la yunsa’n tulli:,después se levantó otro y dijo:,naneklima ali'la yunsa'n tulli:,pdf_textos,P00611,True
U02056,G01833,Sigo vivo.,NANPI'PALEK'I'LA,sigo vivo.,nanpi'palek'i'la,flashcards2,P02056,False
U02538,G02307,"Después de comer van a encontrar una quebradita en el camino,","Ka’a’mamasu’ supinak ala’sa’ dekshadek kanenchuma’ inchilalak,","después de comer van a encontrar una quebradita en el camino,","ka'a'mamasu' supinak ala'sa' dekshadek kanenchuma' inchilalak,",pdf_textos,P00287,True
U02122,G01896,Es dudoso.,LATEK'INPU'SU' NUKA'A,es dudoso.,latek'inpu'su' nuka'a,flashcards2,P02122,False
U02252,G02021,Aquí me engendró mi madre.,kua asek wilawañun awawek.,aquí me engendró mi madre.,kua asek wilawañun awawek.,pdf_textos,P00001,False
U03943,G03687,Los súngaros cacean en el agua.,Da’wanserlusa’ werandektullina’.,los súngaros cacean en el agua.,da'wanserlusa' werandektullina'.,fidel_lomas,P00067,True
U04040,G03777,Por eso a la sachavaca no le comen algunos.,Nanamalek panwala ka’api’ñina’ nu’unta’lusa.,por eso a la sachavaca no le comen algunos.,nanamalek panwala ka'api'ñina' nu'unta'lusa.,fidel_lomas,P00164,True
U03510,G03267,tú esperas en la escuela.,KENMA WA'TEN'TULA ÑINCHITUNAPIDEK'KEK,tú esperas en la escuela.,kenma wa'ten'tula ñinchitunapidek'kek,flashcards_oraciones,P00303,False
U00797,G00670,Quiero eso.,NANA LUWANTULEK,quiero eso.,nana luwantulek,flashcards2,P00797,False
U00906,G00771,Tom llegó.,TOM EKTU'LLI,tom llegó.,tom ektu'lli,flashcards2,P00906,False
U01177,G01019,Quedate conmigo.,LLIA'KER' KUALEK,quedate conmigo.,llia'ker' kualek,flashcards2,P01177,False
U00678,G00564,¿Fue divertido?,¿MULLI'NCHA'?,¿fue divertido?,¿mulli'ncha'?,flashcards2,P00678,False
U03958,G03702,Las huanganas no demoraban en Jeberos.,Lamanlusi’na tekda’pi’ñina’ Shiwiluk.,las huanganas no demoraban en jeberos.,lamanlusi'na tekda'pi'ñina' shiwiluk.,fidel_lomas,P00082,True
U04400,G04135,"Su enfermedad es el castellano, ","Kaluwi’nen nuka’a lawer’ la’la’,","su enfermedad es el castellano,","kaluwi'nen nuka'a lawer' la'la',",fidel_lomas,P00524,True
U02853,G02622,"No vamos a perecer atrapados por ningún animal, no vamos a temer nada”.","Ñi anaki’nterwa’, ñi tekkwi’nterwa’”.","no vamos a perecer atrapados por ningún animal, no vamos a temer nada.","ñi anaki'nterwa', ñi tekkwi'nterwa'.",pdf_textos,P00602,True
U03897,G03641,Entonces se convierte en crisneja.,Ipa’linchi panpektekkek ñinta’lli.,entonces se convierte en crisneja.,ipa'linchi panpektekkek ñinta'lli.,fidel_lomas,P00021,True
U01607,G01412,¿Vendrá ella?,¿WENCHE'CHU NANA?,¿vendrá ella?,¿wenche'chu nana?,flashcards2,P01607,False
U00891,G00757,Se quemaron.,UKER'LLINA',se quemaron.,uker'llina',flashcards2,P00891,False
U02317,G02086,Para que no se acabe aquí digo yo.,Ta’wanchinpu’ek asek tulek kua.,para que no se acabe aquí digo yo.,ta'wanchinpu'ek asek tulek kua.,pdf_textos,P00066,True
U03725,G03475,nosotros olvidamos su cuaderno.,KUDA PINANER'LLIDEK KER'KA'NEN,nosotros olvidamos su cuaderno.,kuda pinaner'llidek ker'ka'nen,flashcards_oraciones,P00518,False
U03359,G03126,ella baja la escalera.,NANA NU'WAÑI CHINTEN'NAKLA',ella baja la escalera.,nana nu'wañi chinten'nakla',flashcards_oraciones,P00152,False
U02319,G02088,"niños,","wilalusa’,","niños,","wilalusa',",pdf_textos,P00068,True
U00355,G00282,¿Eres tú?,¿KENMA'CHA'?,¿eres tú?,¿kenma'cha'?,flashcards2,P00355,False
U00774,G00647,Como fruta.,KA'APALEK WAYUPI,como fruta.,ka'apalek wayupi,flashcards2,P00774,False
U01539,G01345,Te conocen.,LUWER'CHAPALLIÑER'KEN,te conocen.,luwer'chapalliñer'ken,flashcards2,P01539,False
U02819,G02588,Dicen que Arákayu puso una ballena y salió (de la región).,Arakayu ima lanla’ akun yunsu’lli.,dicen que arákayu puso una ballena y salió (de la región).,arakayu ima lanla' akun yunsu'lli.,pdf_textos,P00568,True
U01566,G01371,Podríamos caminar.,YENNITUWINASKUDEK DEK'KUNTAK,podríamos caminar.,yennituwinaskudek dek'kuntak,flashcards2,P01566,False
U01435,G01249,Lo compraré.,MAPE'CHEK,lo compraré.,mape'chek,flashcards2,P01435,False
U02997,G02766,"“Van a experimentar cambios estas mujeres, los jóvenes, los viejos, los abuelos"" dijo.","“Nerpi’lantetchuna’ asu’ kaiklusa’, nadi’neklusa’, taserpilusa', papinkulusa’"" tullima.","van a experimentar cambios estas mujeres, los jóvenes, los viejos, los abuelos dijo.","nerpi'lantetchuna' asu' kaiklusa', nadi'neklusa', taserpilusa', papinkulusa' tullima.",pdf_textos,P00746,True
U04304,G04040,", ahí han muerto muchos.", nanek enpu’nipa’ chimiñina’.,", ahí han muerto muchos.",nanek enpu'nipa' chimiñina'.,fidel_lomas,P00428,True
U02375,G02144,"“Abeja mi’len, tú sí que nunca has hecho una chicha insípida.","“Mi’lencháaaa, kenmapa ñenpi’ laki’dek uwapi’naaa.","abeja mi'len, tú sí que nunca has hecho una chicha insípida.","mi'lencháaaa, kenmapa ñenpi' laki'dek uwapi'naaa.",pdf_textos,P00124,True
U04414,G04149,En sus casas también sus padres les reñían cuando hablaban en shiwilu.,Pideknennak’unta’ papina’ler yutudeklli lun’a’ser’ shiwilu la’la’kla.,en sus casas también sus padres les reñían cuando hablaban en shiwilu.,pideknennak'unta' papina'ler yutudeklli lun'a'ser' shiwilu la'la'kla.,fidel_lomas,P00538,True
U03497,G03255,el niño no espera tranquilo.,NANA WILA KU'LA WA'TENCHI'ÑI MUSICLANLEK',el niño no espera tranquilo.,nana wila ku'la wa'tenchi'ñi musiclanlek',flashcards_oraciones,P00290,False
U04415,G04150,Les decían: “¿Por qué están hablando en shiwilu? ,Itudekllina: “¿Ma’ki’na lunpala shiwilu la’la’kla? ,les decían: ¿por qué están hablando en shiwilu?,itudekllina: ¿ma'ki'na lunpala shiwilu la'la'kla?,fidel_lomas,P00539,True
U00496,G00404,¡Comé despacio!,¡WERANKER' UTI'LA!,¡comé despacio!,¡weranker' uti'la!,flashcards2,P00496,False
U02000,G01780,Puedo regresar.,YENNITULEK ADANTA'AK,puedo regresar.,yennitulek adanta'ak,flashcards2,P02000,False
U03877,G03621,Está ubicado en medio del monte.,Tananluk ikiñik ñapalli.,está ubicado en medio del monte.,tananluk ikiñik ñapalli.,fidel_lomas,P00001,False
U02825,G02594,él mató a la ballena.,di’tulli lanla’.,él mató a la ballena.,di'tulli lanla'.,pdf_textos,P00574,True
U02105,G01880,Paremos aquí.,WANERAWA' ASEK,paremos aquí.,wanerawa' asek,flashcards2,P02105,False
U00790,G00663,Los necesito.,LUWANTUDEK'LEK,los necesito.,luwantudek'lek,flashcards2,P00790,False
U01501,G01311,Hagamos eso.,NU'TAWA' NANA,hagamos eso.,nu'tawa' nana,flashcards2,P01501,False
U00099,G00064,Soy yo.,KUA NUKA'KA,soy yo.,kua nuka'ka,flashcards2,P00099,False
U01860,G01648,Quieren más.,LUWANTULLINA' A'PINTA,quieren más.,luwantullina' a'pinta,flashcards2,P01860,False
U02951,G02720,"""Ya me han muerto, ya me están quemando para que no vea más nada.","“Ipa' dei'tulamau'ku, ipa' kekkapalama'u'ku lli'chinpuek a'pinta'.","ya me han muerto, ya me están quemando para que no vea más nada.","ipa' dei'tulamau'ku, ipa' kekkapalama'u'ku lli'chinpuek a'pinta'.",pdf_textos,P00700,True
U02823,G02592,Dicen que todas estas cosas Arákayu enojándose nos ha dejado al irse.,Nanadaper ima’ka Arakayu yun pa’lapinantullinerkudek.,dicen que todas estas cosas arákayu enojándose nos ha dejado al irse.,nanadaper ima'ka arakayu yun pa'lapinantullinerkudek.,pdf_textos,P00572,True
U01914,G01974,Nos mentiste.,TUMU'TULUNDEK,nos mentiste.,tumu'tulundek,flashcards2,P01914,True
U02203,G01974,Nos engañaste.,TUMU'TULUNDEK,nos engañaste.,tumu'tulundek,flashcards2,P02203,True
U03440,G03203,las niñas no corren en el patio.,WILA KU'APERLUSA KU'LA TEKA'PI'ÑINA' INYULATEK'KEK,las niñas no corren en el patio.,wila ku'aperlusa ku'la teka'pi'ñina' inyulatek'kek,flashcards_oraciones,P00233,False
U02577,G02346,"De ahí, escuchándoles, nosotros también hasta ahora nos acordamos de eso que hablaban.",Nanekla’nka lawektapamudek kudanta’ ipa’la walek lli’inutapallidek nana lunka’su’.,"de ahí, escuchándoles, nosotros también hasta ahora nos acordamos de eso que hablaban.",nanekla'nka lawektapamudek kudanta' ipa'la walek lli'inutapallidek nana lunka'su'.,pdf_textos,P00326,True
U01966,G01749,¿Me extrañaste?,¿LU'WAN'NUN?,¿me extrañaste?,¿lu'wan'nun?,flashcards2,P01966,False
U03550,G03307,las niñas no hablan solas.,NANA WILAKUAPER'LUSA KU'LA LUNPI'ÑINA' NAWA'SA',las niñas no hablan solas.,nana wilakuaper'lusa ku'la lunpi'ñina' nawa'sa',flashcards_oraciones,P00343,False
U01449,G01261,Soy maestro.,ALEKTUTEK NUKA'KA,soy maestro.,alektutek nuka'ka,flashcards2,P01449,False
U00361,G00288,Funcionó.,SAKA'TULLI,funcionó.,saka'tulli,flashcards2,P00361,False
U03512,G03269,ustedes no esperan en la casa.,KENMAMA' KU'LA WA'TENCHI'NAMA' PIDEK'KEK,ustedes no esperan en la casa.,kenmama' ku'la wa'tenchi'nama' pidek'kek,flashcards_oraciones,P00305,False
U00090,G04018,Iré.,PA'ECHEK,iré.,pa'echek,flashcards2,P00090,True
U00819,G04018,Me voy.,PA'ECHEK,me voy.,pa'echek,flashcards2,P00819,True
U04282,G04018,Me voy. ,Panterchek.,me voy.,panterchek.,fidel_lomas,P00406,True
U03942,G03686,Entonces los pejes se comen entre ellos.,Nanek samerlusa’ nawa’tuchin inka’llina’.,entonces los pejes se comen entre ellos.,nanek samerlusa' nawa'tuchin inka'llina'.,fidel_lomas,P00066,True
U00194,G00145,Soy justo. (soy bueno),MUKANKANKU',soy justo. (soy bueno),mukankanku',flashcards2,P00194,True
U01825,G01615,Practiquemos.,IMPALERIAWA',practiquemos.,impaleriawa',flashcards2,P01825,False
U00334,G00265,Estoy solo.,KUASHASA' ÑAPALEK,estoy solo.,kuashasa' ñapalek,flashcards2,P00334,False
U01626,G01431,Eras mío.,KUAKIN ÑIWINA,eras mío.,kuakin ñiwina,flashcards2,P01626,False
U02517,G02286,"Luego de hacer eso, dijeron “pesquemos mañana”.",Nu’anna’ “eklli pur’awa’” tullini’ma.,"luego de hacer eso, dijeron pesquemos mañana.",nu'anna' eklli pur'awa' tullini'ma.,pdf_textos,P00266,True
U03266,G03035,Trajeron sal del pueblo.,KERLLI'NA DAMULA ÑINALUKLAN,trajeron sal del pueblo.,kerlli'na damula ñinaluklan,flashcards_oraciones,P00059,False
U02989,G02758,"Al descrubir eso, lo que hilábamos se terminó.",Maweklima kanana kenmu’wa’ pitetcha’kawa’su’ ta’wantulli.,"al descrubir eso, lo que hilábamos se terminó.",maweklima kanana kenmu'wa' pitetcha'kawa'su' ta'wantulli.,pdf_textos,P00738,True
U04296,G04032,Otros se curaron tomando masato fuerte con jenjibre.,"Ali’ladaper ilulenñina’ uwanna’ uklulu’dektek, latekmu’sana’lek.",otros se curaron tomando masato fuerte con jenjibre.,"ali'ladaper ilulenñina' uwanna' uklulu'dektek, latekmu'sana'lek.",fidel_lomas,P00420,True
U01747,G01543,Quiero jugar.,YAINTEKLLITULEK,quiero jugar.,yaintekllitulek,flashcards2,P01747,False
U00601,G00495,A ver.,ENTA'I'NA,a ver.,enta'i'na,flashcards2,P00601,False
U04046,G03783,Tiene su trocha como la de la gente.,A’ñapalli dekkunnen muda’kinpu’su’.,tiene su trocha como la de la gente.,a'ñapalli dekkunnen muda'kinpu'su'.,fidel_lomas,P00170,True
U04442,G04177,"Sentada desde allí, empuñando el pez macana arreaba a los peces.","DU’AN NANEKLAN, SERWIN PILLI’TAN SAMELLUSA’ DIMUDEKLLI.","sentada desde allí, empuñando el pez macana arreaba a los peces.","du'an naneklan, serwin pilli'tan samellusa' dimudeklli.",vs_textos_narrativos,P00004,True
U02266,G02035,Los parí y crecieron.,"Wadeklek, susullina’.",los parí y crecieron.,"wadeklek, susullina'.",pdf_textos,P00015,True
U03277,G03045,El curandero conoce los remedios.,LULENTUTEK LUWERCHAPALLI ILULENNALUSA',el curandero conoce los remedios.,lulentutek luwerchapalli ilulennalusa',flashcards_oraciones,P00070,False
U04108,G03845,"Después de que entró al hueco, el Tigre metió su moquete y le agarró al Carachupa de la punta de su cola.",Da’lapisik ima isa’tukuñi pilli’tulli wiñisen llintekñikla Chi’lek.,"después de que entró al hueco, el tigre metió su moquete y le agarró al carachupa de la punta de su cola.",da'lapisik ima isa'tukuñi pilli'tulli wiñisen llintekñikla chi'lek.,fidel_lomas,P00232,True
U02924,G02693,Dice que ahí divisaron ellos también humo de candela y se fueron a ver.,"Nanek ima nawa’nta’ lli’llina’ mu’katapa’su’ pen, pa’anna’ lli’kuñina’.",dice que ahí divisaron ellos también humo de candela y se fueron a ver.,"nanek ima nawa'nta' lli'llina' mu'katapa'su' pen, pa'anna' lli'kuñina'.",pdf_textos,P00673,True
U01339,G01161,Baila conmigo.,LANSA'KER' KUALEK,baila conmigo.,lansa'ker' kualek,flashcards2,P01339,False
U01175,G01017,Alguien llegó.,ALA'SA' YALLI' EKTUKERLLI,alguien llegó.,ala'sa' yalli' ektukerlli,flashcards2,P01175,False
U00637,G00829,Engañaron.,TUMU'LLINA',engañaron.,tumu'llina',flashcards2,P00637,True
U00969,G00829,Hicieron trampa.,TUMU'LLINA',hicieron trampa.,tumu'llina',flashcards2,P00969,True
U00970,G00830,Se desmayaron.,MUISU' KANKANTULLINA,se desmayaron.,muisu' kankantullina,flashcards2,P00970,False
U01393,G01211,Puedo sentirlo.,YENNITULEK LAUK'AK,puedo sentirlo.,yennitulek lauk'ak,flashcards2,P01393,False
U04440,G04175,Se sentaba sobre el lomo de un súngaro doncella.,DU’APALLI DA’WANSER PITEKKEK.,se sentaba sobre el lomo de un súngaro doncella.,du'apalli da'wanser pitekkek.,vs_textos_narrativos,P00002,True
U00034,G00029,Estoy trabajando.,SAKA'TAPALEK,estoy trabajando.,saka'tapalek,flashcards2,P00034,False
U00250,G00193,¡De pie!,¡WANERKER'!,¡de pie!,¡wanerker'!,flashcards2,P00250,False
U01816,G01607,¡Déjame sola!,TA'ITULA'U KUASA',¡déjame sola!,ta'itula'u kuasa',flashcards2,P01816,False
U03644,G03396,ellos no odian la tarea.,NAWA'KU'LA LUYUIÑINA' YANU'TER'KASU',ellos no odian la tarea.,nawa'ku'la luyuiñina' yanu'ter'kasu',flashcards_oraciones,P00437,False
U03382,G03147,ellas caminan en silencio.,NAWA' DEKKUNTULLINA' TATULA'NA,ellas caminan en silencio.,nawa' dekkuntullina' tatula'na,flashcards_oraciones,P00175,False
U01428,G01242,Estaba atrapado.,PILLI'PI ÑAPAWINEK,estaba atrapado.,pilli'pi ñapawinek,flashcards2,P01428,False
U02387,G02156,"Hecho esto, se cubre con esteras (formando un techo).","Nu’tak, lanchimeklek atantulek.","hecho esto, se cubre con esteras (formando un techo).","nu'tak, lanchimeklek atantulek.",pdf_textos,P00136,True
U04141,G03878,le dijeron las mujeres al Tigre.,itullina’ nana shaya’lusa’ler Amana’.,le dijeron las mujeres al tigre.,itullina' nana shaya'lusa'ler amana'.,fidel_lomas,P00265,True
U02658,G02427,¡Vayamos!” y salieron en grupos desde el pueblo.,¡Enchuku’ pa’awa’!” nupullini’ma ñinanluklan.,¡vayamos! y salieron en grupos desde el pueblo.,¡enchuku' pa'awa'! nupullini'ma ñinanluklan.,pdf_textos,P00407,True
U01308,G01133,¿Son altos?,¿SHIPENLUSA' NUKER'KA?,¿son altos?,¿shipenlusa' nuker'ka?,flashcards2,P01308,False
U00518,G00425,Sé leer.,ÑINCHITAPALEK LUN'AK,sé leer.,ñinchitapalek lun'ak,flashcards2,P00518,False
U03811,G03558,la niña trabaja con alegría.,NANA WILA KUAPER SAKA'TAPALLI SAKEKSU',la niña trabaja con alegría.,nana wila kuaper saka'tapalli sakeksu',flashcards_oraciones,P00604,False
U03130,G02899,"De ahí, dice, ha quedado este pasto que hasta ahora conocemos.",Naneklima llia'lli asu' wa'dan panpateklu' ipa'la walek luwetchapalekwa'.,"de ahí, dice, ha quedado este pasto que hasta ahora conocemos.",naneklima llia'lli asu' wa'dan panpateklu' ipa'la walek luwetchapalekwa'.,pdf_textos,P00879,False
U00531,G00436,Me agradas.,TANTEÑEK,me agradas.,tanteñek,flashcards2,P00531,True
U00533,G00436,Lo amo.,TANTEÑEK,lo amo.,tanteñek,flashcards2,P00533,True
U02327,G02096,"No quieren (saber) nada,","Ñi luwanchi’ñina’,","no quieren (saber) nada,","ñi luwanchi'ñina',",pdf_textos,P00076,True
U00987,G00845,¿Estás libre?,¿INAPI ÑAPALA?,¿estás libre?,¿inapi ñapala?,flashcards2,P00987,False
U01261,G01091,¿Quién desapareció?,¿DEN WER'LLI?,¿quién desapareció?,¿den wer'lli?,flashcards2,P01261,False
U01898,G01686,Tenemos esto.,A'ÑAPALEKWA' ASU',tenemos esto.,a'ñapalekwa' asu',flashcards2,P01898,False
U04379,G04114,Vinimos a anochecernos por Pandishal.,Kasiser’chencha’llidek Petchulalu’lupa’.,vinimos a anochecernos por pandishal.,kasiser'chencha'llidek petchulalu'lupa'.,fidel_lomas,P00503,True
U03639,G03392,él nada con sus amigos.,NANA IDUÑI EKKUANENLUSA'LEK,él nada con sus amigos.,nana iduñi ekkuanenlusa'lek,flashcards_oraciones,P00432,False
U01943,G01727,¿Estás ganando?,¿KANA'TAPALA?,¿estás ganando?,¿kana'tapala?,flashcards2,P01943,False
U02030,G01808,Quise llorar.,YAWELLIEKWINEK,quise llorar.,yawelliekwinek,flashcards2,P02030,False
U01257,G01087,¿Quiénes son?,¿DENLUSA'CHA?,¿quiénes son?,¿denlusa'cha?,flashcards2,P01257,False
U00379,G00305,Manténganse abrigados.,I'SHIWANSU' ÑAPAKU',manténganse abrigados.,i'shiwansu' ñapaku',flashcards2,P00379,False
U00226,G00174,Es nuevo.,NALU' NUKA'A,es nuevo.,nalu' nuka'a,flashcards2,P00226,False
U02700,G02469,Dando un brinco se lanzó al agua con su señora.,Sekkankatan indi’dektulli sadinlek.,dando un brinco se lanzó al agua con su señora.,sekkankatan indi'dektulli sadinlek.,pdf_textos,P00449,True
U00716,G00597,¿Estás loco?,¿WA'DANPINDEK ÑAPALA?,¿estás loco?,¿wa'danpindek ñapala?,flashcards2,P00716,False
U00238,G00184,Cásate conmigo.,SADAKER' KUALEK',cásate conmigo.,sadaker' kualek',flashcards2,P00238,False
U03792,G03539,tú no subes la escalera.,KENMA KU'LA CHINTEK'INA CHINTEN'NAK,tú no subes la escalera.,kenma ku'la chintek'ina chinten'nak,flashcards_oraciones,P00585,False
U02671,G02440,Ellas se van a contarme de qué manera celebraron el carnaval” dijo Arákayu.,Nawi’na wintapanta’llinerku ma’pu’si’pa mitan nakulama’” tullima Arakayu.,ellas se van a contarme de qué manera celebraron el carnaval dijo arákayu.,nawi'na wintapanta'llinerku ma'pu'si'pa mitan nakulama' tullima arakayu.,pdf_textos,P00420,True
U02553,G02322,"Cuando los niños llegaron (a Jeberos), le contaron al gobernante:","Nana wilalusa’shima ektu’ntanna’, wa’an wintunta’llina’:","cuando los niños llegaron (a jeberos), le contaron al gobernante:","nana wilalusa'shima ektu'ntanna', wa'an wintunta'llina':",pdf_textos,P00302,True
U03450,G03213,yo corro bajo la lluvia.,KUA TEKA'PALEK U'LAN WILENKEK,yo corro bajo la lluvia.,kua teka'palek u'lan wilenkek,flashcards_oraciones,P00243,False
U04272,G04008,"Muchos se preguntaban por qué habían creado esta enfermedad,","Muinchi tullina’ ma’ki’na nu’tullina’ asu’ kaluwi’,","muchos se preguntaban por qué habían creado esta enfermedad,","muinchi tullina' ma'ki'na nu'tullina' asu' kaluwi',",fidel_lomas,P00396,True
U01703,G01500,Se ahogó.,CHIMIDEK'TULLI,se ahogó.,chimidek'tulli,flashcards2,P01703,False
U04121,G03858,El Carachupa le arrancó los testículos al Tigre.,Chi’lekler usetchekkadu’lalli Amana’.,el carachupa le arrancó los testículos al tigre.,chi'lekler usetchekkadu'lalli amana'.,fidel_lomas,P00245,True
U01572,G01377,Necesitamos dinero.,KULLIKER' LUWANTULLIDEK,necesitamos dinero.,kulliker' luwantullidek,flashcards2,P01572,False
U03922,G03666,Mientras tanto ya anochecía.,Nanekwalek ipa’ kasiserlli.,mientras tanto ya anochecía.,nanekwalek ipa' kasiserlli.,fidel_lomas,P00046,True
U01923,G01708,Estaban felices.,MUSU' ÑAPAWIÑINA',estaban felices.,musu' ñapawiñina',flashcards2,P01923,False
U01730,G01526,Adoro ganar.,IYATULEK KANA'TAK,adoro ganar.,iyatulek kana'tak,flashcards2,P01730,False
U00986,G00844,¿Eres sordo?,¿LUUKTEK' NUKAMA?,¿eres sordo?,¿luuktek' nukama?,flashcards2,P00986,False
U04326,G04061,"Con ella tuvieron varios hijos, tres varones y tres mujeres.","Nanalek wapu’ wilawañina’, kala enmu’pinenlusa’, kala kua’perwawalusa’.","con ella tuvieron varios hijos, tres varones y tres mujeres.","nanalek wapu' wilawañina', kala enmu'pinenlusa', kala kua'perwawalusa'.",fidel_lomas,P00450,True
U04082,G03819,Muy bonito tocaba su pifuano el Carachupa en ese tiempo.,Enpu’nipa’ u’chimusha pilenñantulli Chi’lek napi’.,muy bonito tocaba su pifuano el carachupa en ese tiempo.,enpu'nipa' u'chimusha pilenñantulli chi'lek napi'.,fidel_lomas,P00206,True
U00145,G00101,¡Cálmate!,¡TUNA'KER'!,¡cálmate!,¡tuna'ker'!,flashcards2,P00145,False
U00660,G00546,Tom miró.,TOM LLI'TULLI,tom miró.,tom lli'tulli,flashcards2,P00660,False
U03147,G02916,Ahora les voy a contar cómo quizás los nombres shiwilu11 han sido.,Enta' winterkenma' ma'pu'si'pa' kineklada’ llillin ñilli.,ahora les voy a contar cómo quizás los nombres shiwilu11 han sido.,enta' winterkenma' ma'pu'si'pa' kineklada' llillin ñilli.,pdf_textos,P00896,True
U03357,G03124,él no baila con alegría.,NANA LANSAI'ÑI SAKEK'SU',él no baila con alegría.,nana lansai'ñi sakek'su',flashcards_oraciones,P00150,False
U02548,G02317,Se detuvieron y miraron atrás.,Waneranni’ma pi’shekllina’.,se detuvieron y miraron atrás.,waneranni'ma pi'shekllina'.,pdf_textos,P00297,True
U03034,G02803,"Ahora conocemos a otras gentes, conocemos a los que hablan otra lengua.","Ipa’la’ka luwetchudekllina' ali'la muda'lusa', luwetchudekñina' nerpi'la lunlusa'.","ahora conocemos a otras gentes, conocemos a los que hablan otra lengua.","ipa'la'ka luwetchudekllina' ali'la muda'lusa', luwetchudekñina' nerpi'la lunlusa'.",pdf_textos,P00783,True
U03258,G03027,"Mira, una mariposa que es azul.",LLI'KER' ALA'SA' SHUMITEK' KAÑIERCHASU',"mira, una mariposa que es azul.",lli'ker' ala'sa' shumitek' kañierchasu',flashcards_oraciones,P00051,False
U00028,G00023,Me caí.,ANU'LEK,me caí.,anu'lek,flashcards2,P00028,False
U01613,G01418,Tienes vino.,A'ÑAPALA' VINU',tienes vino.,a'ñapala' vinu',flashcards2,P01613,False
U01567,G01372,Fuimos robados.,APE'CHUWIÑINER'KUDEK,fuimos robados.,ape'chuwiñiner'kudek,flashcards2,P01567,False
U02974,G02743,"Entonces, dice que había uno que entendía la lengua shiwilu.",Da'ilek ala'si'mi'na lachik'apalli asu' Shiwilu la'la'.,"entonces, dice que había uno que entendía la lengua shiwilu.",da'ilek ala'si'mi'na lachik'apalli asu' shiwilu la'la'.,pdf_textos,P00723,False
U03160,G02929,"En cambio yo (me fui a vivir) por los dos cerros que forman como una boca abierta"" dijo.",Kui’na laweklateklupa' tullima.,en cambio yo (me fui a vivir) por los dos cerros que forman como una boca abierta dijo.,kui'na laweklateklupa' tullima.,pdf_textos,P00909,True
U00826,G00697,Estoy leyendo.,LUNPALEK,estoy leyendo.,lunpalek,flashcards2,P00826,False
U03983,G03727,Una vez juntadas las ranas se llevan a casa.,"Si’yektak uwanlusa’, pidik ekpanta’lek.",una vez juntadas las ranas se llevan a casa.,"si'yektak uwanlusa', pidik ekpanta'lek.",fidel_lomas,P00107,True
U01235,G01068,Nos preparamos.,INSEK'DIPERLEKWA',nos preparamos.,insek'diperlekwa',flashcards2,P01235,False
U04336,G04071,"la hermana Julita Inuma Inuma, ","sha’sha Kullasha Inuma Inuma, ","la hermana julita inuma inuma,","sha'sha kullasha inuma inuma,",fidel_lomas,P00460,True
U00124,G00796,Perdimos.,WER'LLIDEK,perdimos.,wer'llidek,flashcards2,P00124,True
U00933,G00796,Nos perdimos.,WER'LLIDEK,nos perdimos.,wer'llidek,flashcards2,P00933,True
U02509,G02278,Yo le voy a enseñar todo lo que sé.,kualer a’lek’etchek iñer ñinchita’kasu’.,yo le voy a enseñar todo lo que sé.,kualer a'lek'etchek iñer ñinchita'kasu'.,pdf_textos,P00258,True
U03988,G03732,Viven en la restinga.,Chitekpiluk nanpillina’.,viven en la restinga.,chitekpiluk nanpillina'.,fidel_lomas,P00112,True
U01965,G01748,¿Lo hiciste?,¿NU'TULA?,¿lo hiciste?,¿nu'tula?,flashcards2,P01965,False
U01040,G00895,Tómate algo.,UKER' MA'PINTA',tómate algo.,uker' ma'pinta',flashcards2,P01040,False
U03370,G03136,nosotras no bajamos al primer piso., KUDA NU'WAN'PI'ÑIDEK' DAWIK,nosotras no bajamos al primer piso.,kuda nu'wan'pi'ñidek' dawik,flashcards_oraciones,P00163,False
U03902,G03646,Pero la quinilla no echa fruto todos los años.,Intunelli’na ñita’piñi iñer’ ekkilalalusa’.,pero la quinilla no echa fruto todos los años.,intunelli'na ñita'piñi iñer' ekkilalalusa'.,fidel_lomas,P00026,True
U03288,G03056,Trae la medicina natural.,KENCHER' ILULENNA ÑICHINTA',trae la medicina natural.,kencher' ilulenna ñichinta',flashcards_oraciones,P00081,False
U01693,G01490,¿Ya comiste?,¿IPA WERANA?,¿ya comiste?,¿ipa werana?,flashcards2,P01693,False
U02757,G02526,"Las boas todavía están ahí,","Kupiwanlusa’ ñapallinpi’la,","las boas todavía están ahí,","kupiwanlusa' ñapallinpi'la,",pdf_textos,P00506,True
U01610,G01415,Se equivocan.,APER'LLINA',se equivocan.,aper'llina',flashcards2,P01610,False
U02930,G02699,“Necesitamos tu candela”.,- “Pen luwanpa’lliyen”.,necesitamos tu candela.,- pen luwanpa'lliyen.,pdf_textos,P00679,True
U03590,G03345,las niñas no leen un cuento.,NANA WILA KUAPERLUSA' KU'LA LUNCHI'ÑINA ALA'SA' CUENTU,las niñas no leen un cuento.,nana wila kuaperlusa' ku'la lunchi'ñina ala'sa' cuentu,flashcards_oraciones,P00383,False
U02198,G01970,Anota esto.,LLINSER'KER' ASU',anota esto.,llinser'ker' asu',flashcards2,P02198,True
U02199,G01970,Anote esto.,LLINSER'KER' ASU',anote esto.,llinser'ker' asu',flashcards2,P02199,True
U03949,G03693,"Donde les cae la tarde, duermen.",Nawa’ er’water’kek wichi’llina’.,"donde les cae la tarde, duermen.",nawa' er'water'kek wichi'llina'.,fidel_lomas,P00073,True
U00976,G00836,Nos necesitas.,LUANTAPALUNDEK,nos necesitas.,luantapalundek,flashcards2,P00976,False
U02307,G02076,"de las mujeres ya fallecidas,","kaikku’lusa’ki,","de las mujeres ya fallecidas,","kaikku'lusa'ki,",pdf_textos,P00056,True
U02596,G02365,"Dice que bonito, bien deshierbado y barrido estaba su patio.",U’chimu mushasu’ pilu’pi witekwanpi.,"dice que bonito, bien deshierbado y barrido estaba su patio.",u'chimu mushasu' pilu'pi witekwanpi.,pdf_textos,P00345,True
U04041,G03778,Porque aumentó su carne con arcilla.,Diteklu’lek a’nada’su’ malek lu’lunen.,porque aumentó su carne con arcilla.,diteklu'lek a'nada'su' malek lu'lunen.,fidel_lomas,P00165,True
U03670,G03421,¿Qué hace el jaguar en la selva?,¿MA'PU'PALLI AMANA' TANAK'?,¿qué hace el jaguar en la selva?,¿ma'pu'palli amana' tanak'?,flashcards_oraciones,P00463,False
U01446,G01258,Lo miraré.,LLI'ECHEK,lo miraré.,lli'echek,flashcards2,P01446,False
U03534,G03291,nosotros no estudiamos hoy.,KENMU'WA' KU'LA ÑINCHITA'PI'ÑIDEK IPA'LA,nosotros no estudiamos hoy.,kenmu'wa' ku'la ñinchita'pi'ñidek ipa'la,flashcards_oraciones,P00327,False
U03024,G02793,"Ahora tal vez sólo el tigre negro hay, tengan mucho cuidado, no se deja ver más.","Ipa'linchi kelluluñiñi'pa' ñapa'n, inlli'inuku', ya'nlli'tapi'ñi a'pinta'.","ahora tal vez sólo el tigre negro hay, tengan mucho cuidado, no se deja ver más.","ipa'linchi kelluluñiñi'pa' ñapa'n, inlli'inuku', ya'nlli'tapi'ñi a'pinta'.",pdf_textos,P00773,False
U03362,G03129,ellas bajan al río.,NAWA' NU'WAÑINA' KUPIN'DEK'SHADIK,ellas bajan al río.,nawa' nu'wañina' kupin'dek'shadik,flashcards_oraciones,P00155,True
U03363,G03129,ellos bajan al río.,NAWA' NU'WAÑINA' KUPIN'DEK'SHADIK,ellos bajan al río.,nawa' nu'wañina' kupin'dek'shadik,flashcards_oraciones,P00156,True
U04148,G03885,"Yendo a ver a una señorita, le propuso que sea su enamorada.","Ala’sa’ wilalun lli’kun, dunker’lli ekkuanenki.","yendo a ver a una señorita, le propuso que sea su enamorada.","ala'sa' wilalun lli'kun, dunker'lli ekkuanenki.",fidel_lomas,P00272,True
U03957,G03701,A veces las huanganas llegaban a Jeberos.,Nerpi’pu’lusa’ lamanlusa’ ektu’wiñina’ Shiwiluk.,a veces las huanganas llegaban a jeberos.,nerpi'pu'lusa' lamanlusa' ektu'wiñina' shiwiluk.,fidel_lomas,P00081,True
U03117,G02886,"Así vamos a estar viviendo pues ahora, otras gentes han entrado en Jeberos.","Nu'su' ñapilaterwa' enta' ipa'la, nermuda'lusi'pa' danker'kuñina' Shiwiluk.","así vamos a estar viviendo pues ahora, otras gentes han entrado en jeberos.","nu'su' ñapilaterwa' enta' ipa'la, nermuda'lusi'pa' danker'kuñina' shiwiluk.",pdf_textos,P00866,False
U03448,G03211,ustedes no corren muy rápido.,KENMAMA' KU'LA TEKA'PI'NAMA' ENPU'NI WIU'KSU',ustedes no corren muy rápido.,kenmama' ku'la teka'pi'nama' enpu'ni wiu'ksu',flashcards_oraciones,P00241,False
U03911,G03655,Antes las mujeres shiwilu mudaban pampanilla.,Shiwilunlusa’ napi’ i’shillina’ kalantek.,antes las mujeres shiwilu mudaban pampanilla.,shiwilunlusa' napi' i'shillina' kalantek.,fidel_lomas,P00035,True
U02754,G02523,inunda bastante y se forman tahuampales.,wisunanpalli enpu’nipa’ tanpennan ñapalli.,inunda bastante y se forman tahuampales.,wisunanpalli enpu'nipa' tanpennan ñapalli.,pdf_textos,P00503,True
U02529,G02298,"“¡Váyanse, regrésense por donde vinieron!”.","“!Paku’, adanta’ku’!” itudekllini’ma’.","¡váyanse, regrésense por donde vinieron!.","!paku', adanta'ku'! itudekllini'ma'.",pdf_textos,P00278,True
U02631,G02400,"Solamente las mojarras, bujurquis, fasacos, shirui grande, los pucahuicsa, sólo eso conocían.","Pektalusa’sa’, adu, a’lanan, punkapi, asu’ pupunlusa’, nanasi’ma luwetchullina’.","solamente las mojarras, bujurquis, fasacos, shirui grande, los pucahuicsa, sólo eso conocían.","pektalusa'sa', adu, a'lanan, punkapi, asu' pupunlusa', nanasi'ma luwetchullina'.",pdf_textos,P00380,True
U00272,G00214,¿Para qué?,¿MA'KI'NA?,¿para qué?,¿ma'ki'na?,flashcards2,P00272,False
U04449,G04184,mejillas templadas.,KIKITEKNEN PEKCHITEKTUSU’.,mejillas templadas.,kikiteknen pekchitektusu'.,vs_textos_narrativos,P00011,True
U02869,G02638,"que eso que has soñado así así va a suceder, por eso estén alertas muchachos” dijo un viejo.","nana wa’lata’masui’na tusu’ tusu’ nu’aterwa’, nana malek i’na nasu’ku’ wilalusa’ nasu’” tullima ala’sa’ taserpi.","que eso que has soñado así así va a suceder, por eso estén alertas muchachos dijo un viejo.","nana wa'lata'masui'na tusu' tusu' nu'aterwa', nana malek i'na nasu'ku' wilalusa' nasu' tullima ala'sa' taserpi.",pdf_textos,P00618,True
U01715,G01512,Lo noto.,LLI'APALEK,lo noto.,lli'apalek,flashcards2,P01715,False
U00456,G00368,Tú empieza.,KENMA TENMIANSUER',tú empieza.,kenma tenmiansuer',flashcards2,P00456,False
U01977,G01759,¿Le quieres?,¿LUWANTAPALA?,¿le quieres?,¿luwantapala?,flashcards2,P01977,False
U03172,G02941,Así nomás dice tenían sus nombres.,Tula'si'ma llinlliwañina'.,así nomás dice tenían sus nombres.,tula'si'ma llinlliwañina'.,pdf_textos,P00921,False
U00400,G00321,Lee esto.,LUNTUKER' ASU',lee esto.,luntuker' asu',flashcards2,P00400,True
U00401,G00321,Lea esto.,LUNTUKER' ASU',lea esto.,luntuker' asu',flashcards2,P00401,True
U03232,G03001,Ella trae leña del bosque.,NANA KENCHA'LLI DIUK TANAKLA,ella trae leña del bosque.,nana kencha'lli diuk tanakla,flashcards_oraciones,P00025,False
U00307,G00244,Agarra esto.,PILLITER' ASU',agarra esto.,pilliter' asu',flashcards2,P00307,True
U00311,G00244,Sostén esto.,PILLITER' ASU',sostén esto.,pilliter' asu',flashcards2,P00311,True
U02164,G01938,Hicimos waffles.,NU'TULEKWA'  WAFFLES,hicimos waffles.,nu'tulekwa' waffles,flashcards2,P02164,False
U03682,G03433,Nosotros cantamos juntos.,KENMU'WA' TULUNER'LEKWA' MUMU'SU',nosotros cantamos juntos.,kenmu'wa' tuluner'lekwa' mumu'su',flashcards_oraciones,P00475,False
U01722,G01519,Me divertí.,SAKEK'LEK,me divertí.,sakek'lek,flashcards2,P01722,False
U01172,G01015,Le disparó.,ILANÑI,le disparó.,ilanñi,flashcards2,P01172,False
U02983,G02752,"Tras volver (a Jeberos) contaron: ""Mucho en otros pueblos tienen casa embarrada (tarrajeada).","Adencha'nni'ma luncha'llina': ""Enpu'nipa' ali'la ñinanluk lupa'paperpidek'wañina'.",tras volver (a jeberos) contaron: mucho en otros pueblos tienen casa embarrada (tarrajeada).,adencha'nni'ma luncha'llina': enpu'nipa' ali'la ñinanluk lupa'paperpidek'wañina'.,pdf_textos,P00732,True
U01955,G01739,¿Pueden ayudarme?,¿YENNITULAMA KATUPA'A'MUK?,¿pueden ayudarme?,¿yennitulama katupa'a'muk?,flashcards2,P01955,False
U01447,G01259,Soy islandés.,ISLANDES NUKA'KA,soy islandés.,islandes nuka'ka,flashcards2,P01447,False
U00450,G00362,Después veremos.,NANEKLA LLI'ATERWA',después veremos.,nanekla lli'aterwa',flashcards2,P00450,False
U03673,G03424,Los niños cantan canciones alegres.,WILALUSA' TULUNER'LLINA' TULLUNER'LUSA' SAKEKSU',los niños cantan canciones alegres.,wilalusa' tuluner'llina' tulluner'lusa' sakeksu',flashcards_oraciones,P00466,False
U01832,G01622,¿Puedo unírmeles?,¿YENNITULEK PIPER'AN'MASU'?,¿puedo unírmeles?,¿yennitulek piper'an'masu'?,flashcards2,P01832,False
U02076,G01853,Es irrelevante.,MA'KEK'PACHI'ÑI,es irrelevante.,ma'kek'pachi'ñi,flashcards2,P02076,False
U01564,G01369,Tenemos hambre.,UKI'LALLIDEK,tenemos hambre.,uki'lallidek,flashcards2,P01564,False
U01896,G01684,Somos minuciosos.,INLU'UK'TUTEK NUKA'KAWA',somos minuciosos.,inlu'uk'tutek nuka'kawa',flashcards2,P01896,False
U01049,G00903,Corre rápido.,TEK'KER' WIUK'SU',corre rápido.,tek'ker' wiuk'su',flashcards2,P01049,False
U04264,G04000,A mí el año pasado me agarró el covid-19.,Kua napi’ ekkilala kuvi-19 pilli’tullu.,a mí el año pasado me agarró el covid-19.,kua napi' ekkilala kuvi-19 pilli'tullu.,fidel_lomas,P00388,True
U01969,G01752,¿Está mal?,¿ÑAPALLI MUIN'SU?,¿está mal?,¿ñapalli muin'su?,flashcards2,P01969,False
U00985,G00843,¿Estás muerto?,¿CHIMIPI ÑAPALA?,¿estás muerto?,¿chimipi ñapala?,flashcards2,P00985,False
U02487,G02256,Comiendo eso he crecido.,Nana ka’amu susulek.,comiendo eso he crecido.,nana ka'amu susulek.,pdf_textos,P00236,True
U03571,G03328,las niñas no lavan los platos.,NANA WILAKUAPER'LUSA' KU'LA PAMUIÑINA' SINANLUSA',las niñas no lavan los platos.,nana wilakuaper'lusa' ku'la pamuiñina' sinanlusa',flashcards_oraciones,P00364,False
U02883,G02652,"Entonces contaron “Por acá hay un hombre puro hueso y sus intestinos le cuelgan,","Naneklima luncha’llina’ “Asu’lupa’ lansi’sa’ ala’sa’ ya’lli, dullinen iñer ukunpala’lli,","entonces contaron por acá hay un hombre puro hueso y sus intestinos le cuelgan,","naneklima luncha'llina' asu'lupa' lansi'sa' ala'sa' ya'lli, dullinen iñer ukunpala'lli,",pdf_textos,P00632,True
U01970,G01753,¿Tienes uno?,¿A'ÑAPALA ALA'SA'?,¿tienes uno?,¿a'ñapala ala'sa'?,flashcards2,P01970,False
U02708,G02477,"Los que no quisieron ir río abajo, unos cuantos se quedaron.","Nana yapanti’npu’lusa’, enpu’dunshipa’ llia’llina’.","los que no quisieron ir río abajo, unos cuantos se quedaron.","nana yapanti'npu'lusa', enpu'dunshipa' llia'llina'.",pdf_textos,P00457,True
U04020,G03757,Primero fue donde la Mujer Pinsha.,Nanentu pa’lli Duwinlunkek.,primero fue donde la mujer pinsha.,nanentu pa'lli duwinlunkek.,fidel_lomas,P00144,True
U02902,G02671,"Dice que ahí otras estaban soñando,",Nanek ima nu’unta’ ipa’ wa’latapallina’.,"dice que ahí otras estaban soñando,",nanek ima nu'unta' ipa' wa'latapallina'.,pdf_textos,P00651,True
U01365,G01184,Come mucho.,WAPU' WERAMPALLI,come mucho.,wapu' werampalli,flashcards2,P01365,False
U02402,G02171,lo domino.,"Musu’ lunpalek i’la Shiwilu la’la’mapu’wa’, kuaki Shiwilu la’la’ musu’ lunpalek i’la. Todavía hablo bien nuestra lengua shiwilu, mi idioma shiwilu todavía",lo domino.,"musu' lunpalek i'la shiwilu la'la'mapu'wa', kuaki shiwilu la'la' musu' lunpalek i'la. todavía hablo bien nuestra lengua shiwilu, mi idioma shiwilu todavía",pdf_textos,P00151,True
U02675,G02444,Sólo con su mujer pandillaba.,Sadinleksi’ma chu’kenñi.,sólo con su mujer pandillaba.,sadinleksi'ma chu'kenñi.,pdf_textos,P00424,True
U02933,G02702,“Esta candela no es buena.,“Asui’na mui’ñi asu’ pen.,esta candela no es buena.,asui'na mui'ñi asu' pen.,pdf_textos,P00682,True
U03474,G03236,tú escribes su nombre.,KENMA LLINSERCHULA LLILLINNEN,tú escribes su nombre.,kenma llinserchula llillinnen,flashcards_oraciones,P00267,False
U02475,G02244,Ahí me alumbró mi madre en Jeberos.,Nanek wadekllun awawek Shiwiluk.,ahí me alumbró mi madre en jeberos.,nanek wadekllun awawek shiwiluk.,pdf_textos,P00224,False
U03236,G03005,La casa está al lado del río.,PIDE'MAPU'WA'  ÑAPALII  DEKSHADE'TAK ,la casa está al lado del río.,pide'mapu'wa' ñapalii dekshade'tak,flashcards_oraciones,P00029,False
U02786,G02555,Por eso nosotros mismos somos culpables.,Nanekla kenmu’wa’pi’la usha’wanekwa’.,por eso nosotros mismos somos culpables.,nanekla kenmu'wa'pi'la usha'wanekwa'.,pdf_textos,P00535,True
U01270,G01099,Tú primera.,NANENTUPEN,tú primera.,nanentupen,flashcards2,P01270,False
U00586,G00483,Está vacío.,INANTEK' NUKA'A,está vacío.,inantek' nuka'a,flashcards2,P00586,False
U00302,G00237,Sígueme.,TUPI'TU'U,sígueme.,tupi'tu'u,flashcards2,P00302,False
U00686,G00570,Nos gusta.,IYA'TULEK'WA',nos gusta.,iya'tulek'wa',flashcards2,P00686,False
U02720,G02489,"Dicen que una joven que mestruaba por primera vez se había ido ahí, cuando Arákayu estaba enojado.","Nanek ima leklun panta’lli, Arakayu ima yupasik.","dicen que una joven que mestruaba por primera vez se había ido ahí, cuando arákayu estaba enojado.","nanek ima leklun panta'lli, arakayu ima yupasik.",pdf_textos,P00469,True
U03806,G03553,ellas no trabajan todos los días.,NAWA'KU'LA SAKA'TAPI'ÑINA' IÑER' UKLLILUSA',ellas no trabajan todos los días.,nawa'ku'la saka'tapi'ñina' iñer' ukllilusa',flashcards_oraciones,P00599,False
U03688,G03439,Nosotros comemos en casa.,KUDA WERAÑIDEK PIDIK,nosotros comemos en casa.,kuda werañidek pidik,flashcards_oraciones,P00481,False
U00341,G00270,Estoy borracho.,LUPERSU' ÑAPALEK,estoy borracho.,lupersu' ñapalek,flashcards2,P00341,True
U00342,G00270,Estoy tomada.,LUPERSU' ÑAPALEK,estoy tomada.,lupersu' ñapalek,flashcards2,P00342,True
U02887,G02656,"Dijeron eso e hicieron fuego con la candela de, este, el Duende Puro Hueso.","Tan ipa’linchi penwañina’ nana, ma’i, Lansi’ Wa’dan pennenlek.","dijeron eso e hicieron fuego con la candela de, este, el duende puro hueso.","tan ipa'linchi penwañina' nana, ma'i, lansi' wa'dan pennenlek.",pdf_textos,P00636,True
U02236,G02005,¿Viven aquí?,¿ASEK NANPIPALAMA'?,¿viven aquí?,¿asek nanpipalama'?,flashcards2,P02236,False
U03554,G03311,nosotros no hablamos fuerte.,KUDA KU'LA LUI'ÑIDEK IKERSU',nosotros no hablamos fuerte.,kuda ku'la lui'ñidek ikersu',flashcards_oraciones,P00347,False
U01953,G01737,¿Puedes oírnos?,¿YENNITULA LAUK'A'MUDEK?,¿puedes oírnos?,¿yennitula lauk'a'mudek?,flashcards2,P01953,False
U01845,G01634,Apareció humo.,LLI'TULLI KELLIU,apareció humo.,lli'tulli kelliu,flashcards2,P01845,False
U02183,G01957,Estamos satisfechos.,SAKEKSU' ÑAPALLIDEK,estamos satisfechos.,sakeksu' ñapallidek,flashcards2,P02183,False
U04132,G03869,Entonces el Carachupa se escapó corriendo.,Ipa’linchi Chi’lek chi’yeklli tekka’nta’n.,entonces el carachupa se escapó corriendo.,ipa'linchi chi'lek chi'yeklli tekka'nta'n.,fidel_lomas,P00256,True
U03583,G03338,ella no lee una revista.,NANA KU'LA LUNCHIÑI ALA'SA' KERKA',ella no lee una revista.,nana ku'la lunchiñi ala'sa' kerka',flashcards_oraciones,P00376,False
U04398,G04133,antes de la llegada de los españoles.,ektu’ker’inpu’a’ser’pi’la Ispañulusa’.,antes de la llegada de los españoles.,ektu'ker'inpu'a'ser'pi'la ispañulusa'.,fidel_lomas,P00522,True
U03536,G03293,tú estudias medicina.,KENMA ÑINCHITAPALA' LULENTAK',tú estudias medicina.,kenma ñinchitapala' lulentak',flashcards_oraciones,P00329,False
U03892,G03636,También por avión se llega a Yurimaguas.,Nu’sik’unta’ wa’na pennua’su’ ektu’lek Yurimawak.,también por avión se llega a yurimaguas.,nu'sik'unta' wa'na pennua'su' ektu'lek yurimawak.,fidel_lomas,P00016,True
U00198,G00149,Estoy lleno.,MER'SU' ÑAPALEK,estoy lleno.,mer'su' ñapalek,flashcards2,P00198,True
U00199,G00149,Estoy llena.,MER'SU' ÑAPALEK,estoy llena.,mer'su' ñapalek,flashcards2,P00199,True
U02748,G02517,"la charapa salió,","puka’ yunsu’lli,","la charapa salió,","puka' yunsu'lli,",pdf_textos,P00497,True
U03441,G03204,las niñas corren muy rápido.,WILA KU'APERLUSA TEKA'LLINA NAKUSU WIU'KSU',las niñas corren muy rápido.,wila ku'aperlusa teka'llina nakusu wiu'ksu',flashcards_oraciones,P00234,False
U02292,G02061,para que aquí nomás no se termine.,ma’sha asek i’la ta’wanchinpu’kek.,para que aquí nomás no se termine.,ma'sha asek i'la ta'wanchinpu'kek.,pdf_textos,P00041,True
U02070,G01847,Fue emocionante.,MUSU' ÑAPAWIÑI,fue emocionante.,musu' ñapawiñi,flashcards2,P02070,False
U00509,G00491,Mantente quieto.,YALENMEKTA,mantente quieto.,yalenmekta,flashcards2,P00509,True
U00595,G00491,Mantente quieto.,YALENMEK'TA,mantente quieto.,yalenmek'ta,flashcards2,P00595,True
U00596,G00491,Manténgase quieto.,YALENMEK'TA,manténgase quieto.,yalenmek'ta,flashcards2,P00596,True
U02660,G02429,“En verdad muy buen hombre es este Arákayu.,“Tekkinchi enpu’ni mukankeinpi’ma nana Arakayu.,en verdad muy buen hombre es este arákayu.,tekkinchi enpu'ni mukankeinpi'ma nana arakayu.,pdf_textos,P00409,True
U02331,G02100,"Los que sabemos hablar nos estamos extinguiendo,","Ñinchilu’nkudeksu’ taker’apilallidek,","los que sabemos hablar nos estamos extinguiendo,","ñinchilu'nkudeksu' taker'apilallidek,",pdf_textos,P00080,True
U01663,G01464,Ven entra.,WEKER' DA'ENCHER',ven entra.,weker' da'encher',flashcards2,P01663,False
U02054,G01831,Soy miope.,UMILU'LADA' NUKA'KA,soy miope.,umilu'lada' nuka'ka,flashcards2,P02054,False
U04151,G03888,Eso fue a regalarle a su pretendida.,Nana panunta’lli ekkuanen yaña’su’.,eso fue a regalarle a su pretendida.,nana panunta'lli ekkuanen yaña'su'.,fidel_lomas,P00275,True
U04520,G04229,Tengo otra disculpa,AÑAPALEK ALI'LA TA'ITULI'NER'KUK,tengo otra disculpa,añapalek ali'la ta'ituli'ner'kuk,el_principito,P00003,False
U00530,G00435,Ahora sé.,IPA'LA ÑINCHITULEK,ahora sé.,ipa'la ñinchitulek,flashcards2,P00530,False
U03099,G02868,"No se están peleando, aunque no nos queremos mucho.","Ñi idenmapi'ñina', ñi'na musu' intantennapi'ñidek kuda.","no se están peleando, aunque no nos queremos mucho.","ñi idenmapi'ñina', ñi'na musu' intantennapi'ñidek kuda.",pdf_textos,P00848,False
U01928,G01713,Estás ganando.,KANA'TAPALA,estás ganando.,kana'tapala,flashcards2,P01928,False
U00589,G00486,Es blanco.,DADAPU NUKA'A,es blanco.,dadapu nuka'a,flashcards2,P00589,False
U00237,G00183,Cuidado.,LLI'KER'LLIA',cuidado.,lli'ker'llia',flashcards2,P00237,False
U04078,G03815,Así quedó la Motelo hasta el día de hoy.,Nu’su’ llia’lli ipa’lalek Madu.,así quedó la motelo hasta el día de hoy.,nu'su' llia'lli ipa'lalek madu.,fidel_lomas,P00202,True
U00800,G00673,Estaba mareado.,ÑAPAWINEK LUPERSU',estaba mareado.,ñapawinek lupersu',flashcards2,P00800,False
U00077,G01769,Él renunció.,NANA YUNSU'LLI,él renunció.,nana yunsu'lli,flashcards2,P00077,True
U01173,G01769,Ella salió.,NANA YUNSU'LLI,ella salió.,nana yunsu'lli,flashcards2,P01173,True
U01989,G01769,Él salió.,NANA YUNSU'LLI,él salió.,nana yunsu'lli,flashcards2,P01989,True
U01495,G01306,Déjame cogerlo.,TA'ITULA'U PILLI'TE'CHEK,déjame cogerlo.,ta'itula'u pilli'te'chek,flashcards2,P01495,False
U02640,G02409,no lloren!,aner yawellektama’!,no lloren!,aner yawellektama'!,pdf_textos,P00389,True
U04239,G03975,Ya van tres años desde que llegó esta enfermedad.,Ipa’ kala ekkilala ñapilalli asu’ kaluwi’ ektu’kera’su’.,ya van tres años desde que llegó esta enfermedad.,ipa' kala ekkilala ñapilalli asu' kaluwi' ektu'kera'su'.,fidel_lomas,P00363,True
U01645,G01449,¿Estás dormido?,¿WICHI'SU' ÑAPALA?,¿estás dormido?,¿wichi'su' ñapala?,flashcards2,P01645,False
U04174,G03910,"Me asusté al ver este río, ancho es su agua.","Imanantulek lli’amu asu’ kupin dekshadek, du’wadek nuka’a.","me asusté al ver este río, ancho es su agua.","imanantulek lli'amu asu' kupin dekshadek, du'wadek nuka'a.",fidel_lomas,P00298,True
U00613,G00505,Mira allí.,LLI'KER' NANEK,mira allí.,lli'ker' nanek,flashcards2,P00613,False
U03532,G03289,los niños no estudian hoy.,WILLALUSA' KU'LA ÑINCHICHI'ÑINA' IPA'LA,los niños no estudian hoy.,willalusa' ku'la ñinchichi'ñina' ipa'la,flashcards_oraciones,P00325,False
U00513,G00420,Lo admito.,YAN'KATEKTULEK,lo admito.,yan'katektulek,flashcards2,P00513,False
U00801,G01811,Me despidieron.,USU'LLINER'KU ,me despidieron.,usu'lliner'ku,flashcards2,P00801,True
U02033,G01811,Fui despedido.,USU'LLINER'KU,fui despedido.,usu'lliner'ku,flashcards2,P02033,True
U03855,G03600,ustedes viajan a la ciudad.,KENMAMA' PA'LAMA' ÑINANLUK,ustedes viajan a la ciudad.,kenmama' pa'lama' ñinanluk,flashcards_oraciones,P00648,False
U04177,G03913,"De esta manera, hemos surcado el Huallaga.",Nu’su’ penwinerchullidek Wella’dek.,"de esta manera, hemos surcado el huallaga.",nu'su' penwinerchullidek wella'dek.,fidel_lomas,P00301,True
U00604,G00497,Juguemos.,INDEKLLITAWA',juguemos.,indekllitawa',flashcards2,P00604,False
U03153,G02922,"Otros se han quedado en el cerro. 11 Literalmente, “los nombres de adentro”.",Ali'lima llia'lli ma'i mutupik.,"otros se han quedado en el cerro. 11 literalmente, los nombres de adentro.",ali'lima llia'lli ma'i mutupik.,pdf_textos,P00902,True
U04370,G04105,A Meneleo le faltaba poquito para llenar su canoa.,Miñiku u’ñisha pawanwiñi nunen pi’muer’ak.,a meneleo le faltaba poquito para llenar su canoa.,miñiku u'ñisha pawanwiñi nunen pi'muer'ak.,fidel_lomas,P00494,True
U00014,G00011,Esperen.,¡WA'TEN'KU'!,esperen.,¡wa'ten'ku'!,flashcards2,P00014,False
U03340,G03107,ella baila con alegría.,NANA LANSA'LLI SAKE'KSU',ella baila con alegría.,nana lansa'lli sake'ksu',flashcards_oraciones,P00133,False
U04181,G03917,Mi hermano viajaba con su esposa.,Yalli’shawek sadinlek pa’lli.,mi hermano viajaba con su esposa.,yalli'shawek sadinlek pa'lli.,fidel_lomas,P00305,True
U03083,G02852,¡Que los cobardes se terminen!,¡Ma'ki'na tek kualu'lusa' ta'wanchi!”,¡que los cobardes se terminen!,¡ma'ki'na tek kualu'lusa' ta'wanchi!,pdf_textos,P00832,True
U01068,G00921,No sé.,ÑINCHICHI'NEK,no sé.,ñinchichi'nek,flashcards2,P01068,False
U00989,G00847,¿Estás herida?,¿CHACHA'WANPALA?,¿estás herida?,¿chacha'wanpala?,flashcards2,P00989,False
U04427,G04162,Yo digo que no pudiendo le dejó. ,Kua tulek yennichinpu’ ta’itula’lli. ,yo digo que no pudiendo le dejó.,kua tulek yennichinpu' ta'itula'lli.,fidel_lomas,P00551,True
U00950,G00812,¡Qué burro!,¡MA'NEN ÑINCHICHI'NA!,¡qué burro!,¡ma'nen ñinchichi'na!,flashcards2,P00950,True
U00951,G00812,¡Qué imbécil!,¡MA'NEN ÑINCHICHI'NA!,¡qué imbécil!,¡ma'nen ñinchichi'na!,flashcards2,P00951,True
U03832,G03577,tú ves una película.,KENMA LLI'APA'LA' ALA'SA' PILLICU'LA',tú ves una película.,kenma lli'apa'la' ala'sa' pillicu'la',flashcards_oraciones,P00625,False
U04045,G03782,La sachavaca vive en el monte.,Panwala tanak nanpipalli.,la sachavaca vive en el monte.,panwala tanak nanpipalli.,fidel_lomas,P00169,False
U00942,G00804,Compartiremos.,A'NAÑIECHIDEK,compartiremos.,a'nañiechidek,flashcards2,P00942,False
U02541,G02310,Entonces con eso mismo lávense y frótense sus cuerpos.,"Nu’anma’ nanalek i’la inpamu’pi’ku’, inpanka’pi’ku’.",entonces con eso mismo lávense y frótense sus cuerpos.,"nu'anma' nanalek i'la inpamu'pi'ku', inpanka'pi'ku'.",pdf_textos,P00290,True
U04294,G04030,Por eso el covid-19 no arrasó mucho.,Nanamalek kuvi-19 enpu’ni panker’chi’ñi.,por eso el covid-19 no arrasó mucho.,nanamalek kuvi-19 enpu'ni panker'chi'ñi.,fidel_lomas,P00418,True
U01115,G00965,Estoy estudiando.,KERKA' ÑINCHITAPALEK,estoy estudiando.,kerka' ñinchitapalek,flashcards2,P01115,False
U04006,G03743,"Estando andando, entonces, encontró a otro joven.","Pa’apan, ipa’linchi, ali’la nadi’nek kanañi.","estando andando, entonces, encontró a otro joven.","pa'apan, ipa'linchi, ali'la nadi'nek kanañi.",fidel_lomas,P00130,True
U04178,G03914,"Entonces, conocí el pueblo de Lagunas. Ahí también dormimos.",Nanek luwerchulek Sennan Ñinanlu’. Nanek’unta’ wichi’llidek.,"entonces, conocí el pueblo de lagunas. ahí también dormimos.",nanek luwerchulek sennan ñinanlu'. nanek'unta' wichi'llidek.,fidel_lomas,P00302,True
U00101,G00066,"Yo, también.",KUANTA',"yo, también.",kuanta',flashcards2,P00101,False
U02674,G02443,Quisieron hacerle comer pero Arákayu no quiso.,Yaaurañini’ma Arakayu luwanchiñi.,quisieron hacerle comer pero arákayu no quiso.,yaaurañini'ma arakayu luwanchiñi.,pdf_textos,P00423,True
U02848,G02617,Yo ya he soñado”.,kua ipa’ wa’latulek”.,yo ya he soñado.,kua ipa' wa'latulek.,pdf_textos,P00597,True
U02857,G02626,"dijo ese viejo soñador, que predecía lo que iba a suceder.","tullima nana ala’sa’ taserpi wa’lata’su’, lunanpichita’su’.","dijo ese viejo soñador, que predecía lo que iba a suceder.","tullima nana ala'sa' taserpi wa'lata'su', lunanpichita'su'.",pdf_textos,P00606,True
U03470,G03233,los niños no escriben sus historias.,WILALUSA' KU'LA LLINSERCHI'ÑINA NANPIER'KASU',los niños no escriben sus historias.,wilalusa' ku'la llinserchi'ñina nanpier'kasu',flashcards_oraciones,P00263,False
U04423,G04158,"Si hubiesen hecho esto antes, ahí los niños rápido hubieran aprendido.",Napi’ a’ka nu’tuwinanta’ser’ nanek wilalusa’ wiuksu’ ñinchitupiner’kek.,"si hubiesen hecho esto antes, ahí los niños rápido hubieran aprendido.",napi' a'ka nu'tuwinanta'ser' nanek wilalusa' wiuksu' ñinchitupiner'kek.,fidel_lomas,P00547,True
U03291,G03059,Este camino es largo.,ASU DE'KUN SHIN NUKA'A,este camino es largo.,asu de'kun shin nuka'a,flashcards_oraciones,P00084,False
U00568,G00468,He comido.,WERANEK',he comido.,weranek',flashcards2,P00568,False
U04290,G04026,En mi pueblo nunca se ve que pasan los fierros flotantes (lanchas).,Ñinanlu’wekkek ñi enpi’ lli’i’nek nakuer’kasu’ wa’nalusa’ punka’er’kasu’.,en mi pueblo nunca se ve que pasan los fierros flotantes (lanchas).,ñinanlu'wekkek ñi enpi' lli'i'nek nakuer'kasu' wa'nalusa' punka'er'kasu'.,fidel_lomas,P00414,True
U01274,G01103,Puedes nadar.,YENNITULA' IDUN'A'MAK,puedes nadar.,yennitula' idun'a'mak,flashcards2,P01274,False
U01829,G01619,¡Escucha esto!,¡LAU'KER' ASU'!,¡escucha esto!,¡lau'ker' asu'!,flashcards2,P01829,False
U04205,G03941,Al costado de su plaza están las tiendas.,Plazanen lallinteklusak ñapallina’ chinta’lusa’. ,al costado de su plaza están las tiendas.,plazanen lallinteklusak ñapallina' chinta'lusa'.,fidel_lomas,P00329,True
U01648,G01451,¿Estás bromeando?,¿SI'LENTAPALA?,¿estás bromeando?,¿si'lentapala?,flashcards2,P01648,False
U02870,G02639,"Dijeron esto y se alistaron, mandaron a hacer masato a sus señoras para llevar.","Tanni’ma insekdipellina’, uklulu’nenna’ a’nu’tullina’ sadina’ yekpanna’.","dijeron esto y se alistaron, mandaron a hacer masato a sus señoras para llevar.","tanni'ma insekdipellina', uklulu'nenna' a'nu'tullina' sadina' yekpanna'.",pdf_textos,P00619,True
U03287,G03055,La canoa está rota.,NUN NUCHINKATUSU' ÑAPALLI,la canoa está rota.,nun nuchinkatusu' ñapalli,flashcards_oraciones,P00080,False
U01691,G01489,¿Has comido?,¿WERANA?,¿has comido?,¿werana?,flashcards2,P01691,True
U01692,G01489,¿Comiste?,¿WERANA?,¿comiste?,¿werana?,flashcards2,P01692,True
U03324,G03091,ustedes abren la ventana.,KENMAMA' EK'KER'CHULAMA' VENTANA,ustedes abren la ventana.,kenmama' ek'ker'chulama' ventana,flashcards_oraciones,P00117,False
U01668,G01469,¿Lo viste?,¿LLI'LA?,¿lo viste?,¿lli'la?,flashcards2,P01668,False
U01081,G00934,Leo libros.,LUNTULEK KERKA'LUSA',leo libros.,luntulek kerka'lusa',flashcards2,P01081,False
U02038,G01816,Estaré contento.,MUSU' ÑAPE'CHEK,estaré contento.,musu' ñape'chek,flashcards2,P02038,False
U02032,G01810,Nací aquí.,ASEK WADEKLLINER'KU,nací aquí.,asek wadeklliner'ku,flashcards2,P02032,False
U00995,G00852,Estar atento.,INSEKDIPERSU' ÑAPAKER',estar atento.,insekdipersu' ñapaker',flashcards2,P00995,False
U03524,G03281,ellas estudian ciencias.,NAWA' NINCHITAPALLINA' CIENCIAS,ellas estudian ciencias.,nawa' ninchitapallina' ciencias,flashcards_oraciones,P00317,False
U00154,G00109,Adelántante,EKTE'CHER',adelántante,ekte'cher',flashcards2,P00154,False
U03466,G03229,el niño no escribe su historia.,NANA WILA LINSERCHULLI NANPIA'SU'NEN,el niño no escribe su historia.,nana wila linserchulli nanpia'su'nen,flashcards_oraciones,P00259,False
U03173,G02942,Entonces el cura ha traído santitos chiquititos.,Nanek imi'na pacher kelli u'ñishala shanchushala.,entonces el cura ha traído santitos chiquititos.,nanek imi'na pacher kelli u'ñishala shanchushala.,pdf_textos,P00922,False
U03822,G03568,el niño no ve el sol.,NANA WILA KU'LA' LLIAPI'ÑI KEK'KI,el niño no ve el sol.,nana wila ku'la' lliapi'ñi kek'ki,flashcards_oraciones,P00615,False
U02232,G02001,¿Tienes arroz?,¿PUMULADAWANPALA?,¿tienes arroz?,¿pumuladawanpala?,flashcards2,P02232,False
U00467,G00378,Sé serio.,YAMERCHA,sé serio.,yamercha,flashcards2,P00467,False
U03145,G02914,Así nomas han sido antes.,Nu'su'sa' ñillina' napi'.,así nomas han sido antes.,nu'su'sa' ñillina' napi'.,pdf_textos,P00894,False
U03093,G02862,El pueblo puso policías en el medio del pueblo. Policía para el Barrio Bajo y policía para el Barrio Alto.,"Ninanlu' aku'llina' wala'wan ikiñek ñinanlu'. Wala'wan Chilenki, wala'wan Winenki.",el pueblo puso policías en el medio del pueblo. policía para el barrio bajo y policía para el barrio alto.,"ninanlu' aku'llina' wala'wan ikiñek ñinanlu'. wala'wan chilenki, wala'wan winenki.",pdf_textos,P00842,True
U02634,G02403,"ni la piraña,","ñi dunan,","ni la piraña,","ñi dunan,",pdf_textos,P00383,False
U03651,G03403,ustedes odian el ruido.,KENMA'MA LUYULAMA' ILLIAN'SU',ustedes odian el ruido.,kenma'ma luyulama' illian'su',flashcards_oraciones,P00444,False
U03689,G03440,Ese perro come rápido.,NANA ÑIÑIWA WERAÑI WIUKSU',ese perro come rápido.,nana ñiñiwa werañi wiuksu',flashcards_oraciones,P00482,False
U01707,G01504,"¡Apúrensen, muchachos!",¡WIUK'KU WILALUSA'!,"¡apúrensen, muchachos!",¡wiuk'ku wilalusa'!,flashcards2,P01707,False
U04328,G04063,"Cuando vivían allá, él y su esposa se separaron.",Nanek nanpipan yanpu’llina’ sadinlek.,"cuando vivían allá, él y su esposa se separaron.",nanek nanpipan yanpu'llina' sadinlek.,fidel_lomas,P00452,True
U01785,G01578,¿Es posible?,¿YENNITATER'A'CHA?,¿es posible?,¿yennitater'a'cha?,flashcards2,P01785,False
U03615,G03369,ustedes no limpian la casa.,KENMAMA' KU'LA WITEK'CHI'NAMA' PIDEK'KEK,ustedes no limpian la casa.,kenmama' ku'la witek'chi'nama' pidek'kek,flashcards_oraciones,P00408,False
U02430,G02199,"Me levanto pueda o no pueda, masatito te voy a traer (pensando).","Yunsamu innichinpu’la’wimu, uklulu’sha manta’mu.","me levanto pueda o no pueda, masatito te voy a traer (pensando).","yunsamu innichinpu'la'wimu, uklulu'sha manta'mu.",pdf_textos,P00179,True
U03072,G02841,"- “¡No, cállate tú! Quizás tú quieres que te sigan maltratando.","-""!Ma'sha, ta'tuler kenma! Kenmeipa' luwantula llikanerchapinpu'erkensu'","- ¡no, cállate tú! quizás tú quieres que te sigan maltratando.","-!ma'sha, ta'tuler kenma! kenmeipa' luwantula llikanerchapinpu'erkensu'",pdf_textos,P00821,True
U00459,G00371,¿Me equivoco?,¿APER'LEK A'CHA?,¿me equivoco?,¿aper'lek a'cha?,flashcards2,P00459,False
U00542,G00444,Yo recuerdo.,KUA LLI'INUTAPALEK,yo recuerdo.,kua lli'inutapalek,flashcards2,P00542,False
U02245,G02014,Está envejeciendo.,TASERPITAPILALLI,está envejeciendo.,taserpitapilalli,flashcards2,P02245,False
U01409,G01224,Escucho voces.,LAUK'APALEK LA'LA'LUSA',escucho voces.,lauk'apalek la'la'lusa',flashcards2,P01409,False
U00173,G00127,Puedo ir.,YENNITULEK PA'AK,puedo ir.,yennitulek pa'ak,flashcards2,P00173,False
U00207,G00156,Soy pobre.,KULLIKER'WI'NEK,soy pobre.,kulliker'wi'nek,flashcards2,P00207,False
U00649,G00537,Tom llamó.,TOM PEKLU'TULLI,tom llamó.,tom peklu'tulli,flashcards2,P00649,False
U00544,G00446,Yo grité.,KUA LAMAPU'LEK,yo grité.,kua lamapu'lek,flashcards2,P00544,False
U03229,G02998,El fuego está calentando la casa.,PENLER A'UKAPALLI PIDEK',el fuego está calentando la casa.,penler a'ukapalli pidek',flashcards_oraciones,P00022,False
U02888,G02657,"De ahí, dice, (el duende) les hizo dormir después de que comieron.",Nanek ima wa’ki’lleklli urankasu’ supinak ima.,"de ahí, dice, (el duende) les hizo dormir después de que comieron.",nanek ima wa'ki'lleklli urankasu' supinak ima.,pdf_textos,P00637,True
U03011,G02780,"De esa manera ahora nuestro pueblo ha crecido, gentes de otros lugares viven, otras mujeres vienen, traen enfermedades.","Nu'siklimaka ipa'la asu' ñinanlu'mapu'wa' susulli, nerpi'la muda'lusa' nanpillina', nerpi'la ku'aper uk'apalli, kaluwi' ker'apallina'.","de esa manera ahora nuestro pueblo ha crecido, gentes de otros lugares viven, otras mujeres vienen, traen enfermedades.","nu'siklimaka ipa'la asu' ñinanlu'mapu'wa' susulli, nerpi'la muda'lusa' nanpillina', nerpi'la ku'aper uk'apalli, kaluwi' ker'apallina'.",pdf_textos,P00760,True
U02123,G01897,Es falso.,TUMU' NUKA'A,es falso.,tumu' nuka'a,flashcards2,P02123,False
U02831,G02600,"De ahí, esta la “Ballena Poza” se redujo.",Naneklimaka asu’ nana Lanla’ Pitunta’ uwentunta’lli.,"de ahí, esta la ballena poza se redujo.",naneklimaka asu' nana lanla' pitunta' uwentunta'lli.,pdf_textos,P00580,True
U00290,G00226,Vuelve.,ADEN'CHER',vuelve.,aden'cher',flashcards2,P00290,False
U03285,G03053,El tambor suena lejos.,TUNTUN ILLANPALLI WEY,el tambor suena lejos.,tuntun illanpalli wey,flashcards_oraciones,P00078,False
U01015,G00871,Sal fuera.,YUNSUER' ADIPI,sal fuera.,yunsuer' adipi,flashcards2,P01015,False
U02727,G02496,Entonces dice que ahí llamó al Hombre Candela.,Nanek ima ipa’linchi Tanpen peklu’lli.,entonces dice que ahí llamó al hombre candela.,nanek ima ipa'linchi tanpen peklu'lli.,pdf_textos,P00476,True
U01515,G01324,Nadie llamó.,ÑIDEN PEK'KLU'CHI'ÑI,nadie llamó.,ñiden pek'klu'chi'ñi,flashcards2,P01515,False
U02528,G02297,"Los policías fueron (hacia los niños enfermos), les quitaron sus pescados y les dijeron:",Wala’wanlusa’ler pa’an samenñenna’ siwetchudek’an,"los policías fueron (hacia los niños enfermos), les quitaron sus pescados y les dijeron:",wala'wanlusa'ler pa'an samenñenna' siwetchudek'an,pdf_textos,P00277,True
U02766,G02535,"nosotros tendríamos muchísimo pescado,","enpu’nipa’ kenmu’wa’ samerwanpanansu’wa’,","nosotros tendríamos muchísimo pescado,","enpu'nipa' kenmu'wa' samerwanpanansu'wa',",pdf_textos,P00515,True
U00118,G00080,Espérame despierto.,WA'TEN'U NANPISU',espérame despierto.,wa'ten'u nanpisu',flashcards2,P00118,False
U02153,G01927,Tom desapareció.,TOM WER'LLI,tom desapareció.,tom wer'lli,flashcards2,P02153,False
U01071,G00924,Los encontré.,KANANDEKLEK,los encontré.,kanandeklek,flashcards2,P01071,False
U00506,G00414,Aquí está.,ASEK' ÑAPALLI,aquí está.,asek' ñapalli,flashcards2,P00506,False
U01709,G01506,Comí demasiado.,NAKUSU' WERANEK,comí demasiado.,nakusu' weranek,flashcards2,P01709,False
U02844,G02613,"Mejor vayan (un grupo de) ustedes hermanos y hermanas, abran trocha para llegar a Moyobamba” dijo el gobernante.","A’pimuchun enchuku’ paku’ kenmama’nta’ yalli’lusa’ sha’walusa’, setllintuku’ ektu’a’kawek Muyunpak”, tullima wa’an.","mejor vayan (un grupo de) ustedes hermanos y hermanas, abran trocha para llegar a moyobamba dijo el gobernante.","a'pimuchun enchuku' paku' kenmama'nta' yalli'lusa' sha'walusa', setllintuku' ektu'a'kawek muyunpak, tullima wa'an.",pdf_textos,P00593,True
U01750,G01546,Quiero hablar.,YALUN'NEK,quiero hablar.,yalun'nek,flashcards2,P01750,False
U02623,G02392,"“No” dijo un viejo,","“Ma’sha” tullima ala’sa’ taserpi,","no dijo un viejo,","ma'sha tullima ala'sa' taserpi,",pdf_textos,P00372,True
U01210,G01045,Son ricas.,IYASU'LUSA' NUKER'KA,son ricas.,iyasu'lusa' nuker'ka,flashcards2,P01210,False
U01697,G01494,Es canadiense.,KANADIENSE NUKA'A,es canadiense.,kanadiense nuka'a,flashcards2,P01697,False
U03214,G02983,El abuelo cuenta historias.,PAPINKU LUMBALLI NAPI'KU'LU'SAKI,el abuelo cuenta historias.,papinku lumballi napi'ku'lu'saki,flashcards_oraciones,P00007,False
U00574,G00474,¿Está bueno?,¿MUPALLIN'CHA?,¿está bueno?,¿mupallin'cha?,flashcards2,P00574,False
U02426,G02195,Lloro porque mis hijos se van todos a la chacra y me quedo sola.,Willeklek wilaweklusa’ chiketllapitapallinerku menmik.,lloro porque mis hijos se van todos a la chacra y me quedo sola.,willeklek wilaweklusa' chiketllapitapallinerku menmik.,pdf_textos,P00175,True
U03294,G03062,Hoy es un buen día.,IPA'LA NUKA'A ALASA MULALALLI,hoy es un buen día.,ipa'la nuka'a alasa mulalalli,flashcards_oraciones,P00087,False
U03388,G03152,la niña camina muy rápido.,NANA WILA KU'APER DEKKUNTULLI NAKUSU' WIU'KSU',la niña camina muy rápido.,nana wila ku'aper dekkuntulli nakusu' wiu'ksu',flashcards_oraciones,P00181,False
U01814,G01605,Sigue buscando.,DUNKER'APER'I'LA,sigue buscando.,dunker'aper'i'la,flashcards2,P01814,False
U03635,G03388,yo nado bajo la lluvia.,KUA IDUMPALEK' U'LAN WILENKEK,yo nado bajo la lluvia.,kua idumpalek' u'lan wilenkek,flashcards_oraciones,P00428,False
U03038,G02807,"¡A que ciudad quizá van a ir! A otra ciudad desconocida van a ir, a Moyobamba ya no van a ir más”.","¡Enñupa’ ñinanlu' ipa' pa'achuma'! Ali'la ñinanlu'lupa' pa'achuma', Muyunpalupa' a'pinta' pa'api'nchuma'.","¡a que ciudad quizá van a ir! a otra ciudad desconocida van a ir, a moyobamba ya no van a ir más.","¡enñupa' ñinanlu' ipa' pa'achuma'! ali'la ñinanlu'lupa' pa'achuma', muyunpalupa' a'pinta' pa'api'nchuma'.",pdf_textos,P00787,True
U02511,G02280,Ahora les voy a contar cómo antiguamente se quemaron estas riberas del río Pampayacu.,Ipa’la lunchek ma’pu’si’pa’ napi’ uketllin asu’ Panpadek ukuchinlusa’.,ahora les voy a contar cómo antiguamente se quemaron estas riberas del río pampayacu.,ipa'la lunchek ma'pu'si'pa' napi' uketllin asu' panpadek ukuchinlusa'.,pdf_textos,P00260,True
U01826,G01616,Sentémonos.,DU'AWA',sentémonos.,du'awa',flashcards2,P01826,False
U03338,G03105,tú no amas a sus amigos.,KENMA TANTENI'NA' EKKUANENLUSA',tú no amas a sus amigos.,kenma tanteni'na' ekkuanenlusa',flashcards_oraciones,P00131,False
U00654,G00541,Tomás conduce.,CHUMA EKPA'PALLI,tomás conduce.,chuma ekpa'palli,flashcards2,P00654,False
U03985,G03729,"La rana es sabrosa en patarashca, envuelta en hoja de bijao.","Uwan iyalli akipik, iyunamekkek pu’pi.","la rana es sabrosa en patarashca, envuelta en hoja de bijao.","uwan iyalli akipik, iyunamekkek pu'pi.",fidel_lomas,P00109,True
U02140,G01914,Responderán.,NA'PITECHUNA',responderán.,na'pitechuna',flashcards2,P02140,False
U00538,G00440,Lo extraño.,LU'WANEK,lo extraño.,lu'wanek,flashcards2,P00538,False
U01562,G01368,Estamos arruinados.,NAKUSU' MUIN'SU' ÑAPALLIDEK ,estamos arruinados.,nakusu' muin'su' ñapallidek,flashcards2,P01562,True
U01563,G01368,Estamos condenados.,NAKUSU' MUIN'SU' ÑAPALLIDEK ,estamos condenados.,nakusu' muin'su' ñapallidek,flashcards2,P01563,True
U02967,G02736,"""Su hembra vive"" dijeron.",“Ku’apenñen nanpipalli” tan ima.,su hembra vive dijeron.,ku'apenñen nanpipalli tan ima.,pdf_textos,P00716,True
U02196,G01969,Anota eso.,LLINSER'KER' NANA,anota eso.,llinser'ker' nana,flashcards2,P02196,False
U01183,G01024,Cuéntame más.,WINTU'U A'PINTA',cuéntame más.,wintu'u a'pinta',flashcards2,P01183,True
U01184,G01024,Dime más.,WINTU'U A'PINTA',dime más.,wintu'u a'pinta',flashcards2,P01184,True
U01185,G01024,Dígame más.,WINTU'U A'PINTA',dígame más.,wintu'u a'pinta',flashcards2,P01185,True
U00758,G00633,Le gustó.,IYATULLI,le gustó.,iyatulli,flashcards2,P00758,False
U01259,G01089,¿Quién escuchó?,¿DEN LAUK'TULLI?,¿quién escuchó?,¿den lauk'tulli?,flashcards2,P01259,False
U02284,G02053,Ahora con el idioma le estoy enseñando y ella también está enseñándome a mí.,"Ipa’la nanalek nana a’lachik’apilalek, nananta’ a’lachik’apilallun kua.",ahora con el idioma le estoy enseñando y ella también está enseñándome a mí.,"ipa'la nanalek nana a'lachik'apilalek, nananta' a'lachik'apilallun kua.",pdf_textos,P00033,True
U03431,G03194,ustedes construyen un puente.,KENMAMA' NU'TULAMA' ALA'SA' PENTUNAN,ustedes construyen un puente.,kenmama' nu'tulama' ala'sa' pentunan,flashcards_oraciones,P00224,False
U01683,G01482,Cómete todo.,KA'KER' IÑER',cómete todo.,ka'ker' iñer',flashcards2,P01683,False
U03593,G03348,nosotros leemos una revista.,KUDA LUNTULLIDEK ALA'SA' KERKA',nosotros leemos una revista.,kuda luntullidek ala'sa' kerka',flashcards_oraciones,P00386,True
U03594,G03348,nosotros leemos un libro.,KUDA LUNTULLIDEK ALA'SA' KERKA',nosotros leemos un libro.,kuda luntullidek ala'sa' kerka',flashcards_oraciones,P00387,True
U04233,G03969,"tos ferina, sarampión, viruela, quitamuro.","chinku’kaluwi’, saranpion, sa’la’pi, sa’punpi.","tos ferina, sarampión, viruela, quitamuro.","chinku'kaluwi', saranpion, sa'la'pi, sa'punpi.",fidel_lomas,P00357,True
U00921,G00889,Esperame.,WA'TEN'U,esperame.,wa'ten'u,flashcards2,P00921,True
U01034,G00889,Deme tiempo.,WA'TEN'U,deme tiempo.,wa'ten'u,flashcards2,P01034,True
U00806,G00678,Trabajo aquí.,SAKA'TAPALLEK ASEK,trabajo aquí.,saka'tapallek asek,flashcards2,P00806,False
U03159,G02928,"De ahí, cuando regresaron les preguntaron ""¿Dónde se han ido a vivir ustedes, yéndose al cerro?","Naneklima adencha'a'ser lekdekllina' “ ¿Enñupa' i'na kenmama' nanpikunama', pa'anma' mutupik?","de ahí, cuando regresaron les preguntaron ¿dónde se han ido a vivir ustedes, yéndose al cerro?","naneklima adencha'a'ser lekdekllina' ¿enñupa' i'na kenmama' nanpikunama', pa'anma' mutupik?",pdf_textos,P00908,True
U03606,G03360,la niña no limpia el cuarto.,NANA WILA KUAPER KU'LA WITEK'IÑI WICHI'AK,la niña no limpia el cuarto.,nana wila kuaper ku'la witek'iñi wichi'ak,flashcards_oraciones,P00399,False
U01366,G01185,Le cogieron.,PILLI'TULLINA,le cogieron.,pilli'tullina,flashcards2,P01366,False
U00429,G00342,¿Entonces qué?,¿NU'PACHIN MA'NEN?,¿entonces qué?,¿nu'pachin ma'nen?,flashcards2,P00429,False
U00611,G00503,Trabajemos.,SAKA'TAWA',trabajemos.,saka'tawa',flashcards2,P00611,False
U01678,G01478,¿Me quieres?,¿LUWANTULUN?,¿me quieres?,¿luwantulun?,flashcards2,P01678,True
U01679,G01478,¿Me amas?,¿LUWANTULUN?,¿me amas?,¿luwantulun?,flashcards2,P01679,True
U02602,G02371,Arakayu.,Da’pachenma’ kenmama’ tekwetchuma’” itudekllima. Si entran ustedes van a tener miedo” les dijo.,arakayu.,da'pachenma' kenmama' tekwetchuma' itudekllima. si entran ustedes van a tener miedo les dijo.,pdf_textos,P00351,True
U00156,G00111,Se adelantarán.,EKTE'CHECHUNA',se adelantarán.,ekte'chechuna',flashcards2,P00156,False
U04451,G04186,Antes decían las señoritas cuando se insultaban,TULLINA’ NAPI’ WILALUNLUSA’ ÑIPERCHANNA’,antes decían las señoritas cuando se insultaban,tullina' napi' wilalunlusa' ñiperchanna',vs_textos_narrativos,P00013,True
U01430,G01244,Escribo versos.,LINSERCHAPALEK LA'LA'LUSA',escribo versos.,linserchapalek la'la'lusa',flashcards2,P01430,False
U00182,G00135,Sonreí.,YAMERLADALEK',sonreí.,yamerladalek',flashcards2,P00182,False
U02876,G02645,De ahí le dijo:,Naneklima itulli:,de ahí le dijo:,naneklima itulli:,pdf_textos,P00625,False
U02799,G02568,"“¡Arakayúuu, suelta tus pecesitos que estoy pescando porque tengo hambre!","“¡Arakayúuu, sametchapen apur pur’apalek asu’ uki’lamuuu!","¡arakayúuu, suelta tus pecesitos que estoy pescando porque tengo hambre!","¡arakayúuu, sametchapen apur pur'apalek asu' uki'lamuuu!",pdf_textos,P00548,True
U04219,G03955,Cuando llueve se forma barro.,U’lansik mumulu’tullina’. ,cuando llueve se forma barro.,u'lansik mumulu'tullina'.,fidel_lomas,P00343,True
U02802,G02571,Hasta ahora nosotros los que hemos oído conocemos (de Arákayu).,Ipa’la walek kuda laukta’kudeksu’ ñinchitapallidek.,hasta ahora nosotros los que hemos oído conocemos (de arákayu).,ipa'la walek kuda laukta'kudeksu' ñinchitapallidek.,pdf_textos,P00551,True
U00635,G00526,Eso duele.,NANA IKERLLI,eso duele.,nana ikerlli,flashcards2,P00635,False
U02929,G02698,"“A ver, por la tarde les voy a ir a visitar”.","- “Enta’n, er’washinchi lli’kunkenma’”.","a ver, por la tarde les voy a ir a visitar.","- enta'n, er'washinchi lli'kunkenma'.",pdf_textos,P00678,True
U01149,G00996,Escuchemos.,LAUK'TAWA',escuchemos.,lauk'tawa',flashcards2,P01149,False
U03328,G03095,ella ama a sus amigos.,NANA' TANTENÑI EKKUANENLUSA',ella ama a sus amigos.,nana' tantenñi ekkuanenlusa',flashcards_oraciones,P00121,False
U04230,G03966,por eso le pusieron el nombre de covid-19.,nanamalek llillinen aku’tullina’ kuvi-19.,por eso le pusieron el nombre de covid-19.,nanamalek llillinen aku'tullina' kuvi-19.,fidel_lomas,P00354,True
U02836,G02605,"sabemos que otros también viven, pero nunca les hemos visto.","ñinchitapalekwa’ ali’ladaperunta’ nanpi’perkasu’, ñi’na ñienpi’ lli’dek’i’nekwa’.","sabemos que otros también viven, pero nunca les hemos visto.","ñinchitapalekwa' ali'ladaperunta' nanpi'perkasu', ñi'na ñienpi' lli'dek'i'nekwa'.",pdf_textos,P00585,True
U01003,G00860,¿Puedes ayudar?,¿YENNITULA KATU'PA'TA'MAK?,¿puedes ayudar?,¿yennitula katu'pa'ta'mak?,flashcards2,P01003,False
U01619,G01424,Necesitas ayuda.,KATU'PA' LUWANTULA,necesitas ayuda.,katu'pa' luwantula,flashcards2,P01619,False
U02715,G02484,Arakayú icaró y se fue dejándolos.,Arakayuler pekkun pa’lapinta’lli.,arakayú icaró y se fue dejándolos.,arakayuler pekkun pa'lapinta'lli.,pdf_textos,P00464,True
U04255,G03991,"dos veces, tres veces les están vacunando.","katu’lu’, kalalu’ lulendek’apallina’.","dos veces, tres veces les están vacunando.","katu'lu', kalalu' lulendek'apallina'.",fidel_lomas,P00379,True
U01325,G01148,Tráelo aquí.,KENCHER' ASEK,tráelo aquí.,kencher' asek,flashcards2,P01325,False
U02263,G02032,Siendo señorita encontré marido.,Wilaluntamu sudawek kananek.,siendo señorita encontré marido.,wilaluntamu sudawek kananek.,pdf_textos,P00012,False
U04438,G04173,La mujer de Arákayu era baja de estatura.,ARAKAYU SADIN UWENLUNCHA.,la mujer de arákayu era baja de estatura.,arakayu sadin uwenluncha.,vs_textos_narrativos,P00000,False
U00223,G00171,Es Tom.,TOM NUKA'A,es tom.,tom nuka'a,flashcards2,P00223,False
U03047,G02816,Sólo eso he hablado. Ahora me voy a levantar y me voy a ir por otra parte.,Nanasa' lunek. Ipa'li'na kua yunsanpateku nellupa' pa'achek.,sólo eso he hablado. ahora me voy a levantar y me voy a ir por otra parte.,nanasa' lunek. ipa'li'na kua yunsanpateku nellupa' pa'achek.,pdf_textos,P00796,False
U00036,G00031,Estoy levantado.,YUNSANSU' ÑAPALEK,estoy levantado.,yunsansu' ñapalek,flashcards2,P00036,False
U03698,G03449,Él juega con ellos.,NANA INDEKLITULLI NAWA'LEK,él juega con ellos.,nana indeklitulli nawa'lek,flashcards_oraciones,P00491,False
U04085,G03822,Ellas bailaban cuando pifuaneaba el Carachupa.,Nawa’lusi’ma lansa’llina’ pilenñantusik Chi’lek.,ellas bailaban cuando pifuaneaba el carachupa.,nawa'lusi'ma lansa'llina' pilenñantusik chi'lek.,fidel_lomas,P00209,True
U02925,G02694,Le pidieron su candela (al duende) y se dieron cuenta de que sus intestinos estaban colgados.,"Pennen alañina’, lli’llina’ dullinen ukunpalalli.",le pidieron su candela (al duende) y se dieron cuenta de que sus intestinos estaban colgados.,"pennen alañina', lli'llina' dullinen ukunpalalli.",pdf_textos,P00674,True
U00103,G00068,¡Perfecto!,¡MUPALLI!,¡perfecto!,¡mupalli!,flashcards2,P00103,False
U01367,G01186,Está leyendo.,LUNTA'PALLI,está leyendo.,lunta'palli,flashcards2,P01367,False
U03833,G03578,yo no veo a sus amigos.,KUA KU'LA' LLI'API'NEK PATU'NENLU'SA,yo no veo a sus amigos.,kua ku'la' lli'api'nek patu'nenlu'sa,flashcards_oraciones,P00626,False
U02583,G02352,"Dice que ellos (los shawalas) yendo una vez, abriendo trocha yendo, vieron que estaba humeando.","Nawi’mi’na’ panta’nna’, ala’lusa’, sekllintanni’ma panta’nna’, lli’llini’ma mu’katapasik.","dice que ellos (los shawalas) yendo una vez, abriendo trocha yendo, vieron que estaba humeando.","nawi'mi'na' panta'nna', ala'lusa', sekllintanni'ma panta'nna', lli'llini'ma mu'katapasik.",pdf_textos,P00332,True
U01649,G01452,¿Estás soltero?,¿INAPIKEN ÑAPALA?,¿estás soltero?,¿inapiken ñapala?,flashcards2,P01649,False
U03120,G02889,De esta manera ahora están olvidando la lengua shiwilu.,Ipa'la nu'anna' ipa' Shiwilu la'la' pinaner'apilallina'.,de esta manera ahora están olvidando la lengua shiwilu.,ipa'la nu'anna' ipa' shiwilu la'la' pinaner'apilallina'.,pdf_textos,P00869,False
U01752,G01548,Fui arrestado.,PILLITUWIÑINERKU',fui arrestado.,pillituwiñinerku',flashcards2,P01752,False
U01085,G00938,Quiero dinero.,LUWANTULEK KULLIKER',quiero dinero.,luwantulek kulliker',flashcards2,P01085,False
U03749,G03498,ellas no pintan una casa.,NAWA' KU'LA LLINSERI'ÑINA ALA'SA' PIDEK,ellas no pintan una casa.,nawa' ku'la llinseri'ñina ala'sa' pidek,flashcards_oraciones,P00542,False
U02205,G01976,Puedes decírnoslo.,YENNITULA WINTA'MUDEK,puedes decírnoslo.,yennitula winta'mudek,flashcards2,P02205,False
U04425,G04160," por eso, agravándose, de a poquito va muriendo."," nanamalek, tekki’ker’an uti’lakla chimianpilalli.","por eso, agravándose, de a poquito va muriendo.","nanamalek, tekki'ker'an uti'lakla chimianpilalli.",fidel_lomas,P00549,True
U03777,G03525,el niño sube la escalera.,NANA WILA CHINTEK'LLI CHINTEN'NAK,el niño sube la escalera.,nana wila chintek'lli chinten'nak,flashcards_oraciones,P00570,False
U01396,G01214,No esperé.,WA'TENCHI'NEK,no esperé.,wa'tenchi'nek,flashcards2,P01396,False
U03098,G02867,Se desprecian hasta la actualidad.,Inluyupallina'pi'la ipa'la walek.,se desprecian hasta la actualidad.,inluyupallina'pi'la ipa'la walek.,pdf_textos,P00847,False
U01146,G00993,Dejame hablar.,TA'ITULA'U LUN'ECHEK,dejame hablar.,ta'itula'u lun'echek,flashcards2,P01146,False
U01944,G01728,¿Estás trabajando?,¿SAKA'TAPALA?,¿estás trabajando?,¿saka'tapala?,flashcards2,P01944,False
U04338,G04073,"Terminando este trabajo se fue a Lima, donde sus hijos.","A’ta’wantan asu’ saka’tuna pa’lli Llimak, willinlusak.","terminando este trabajo se fue a lima, donde sus hijos.","a'ta'wantan asu' saka'tuna pa'lli llimak, willinlusak.",fidel_lomas,P00462,True
U01384,G01203,Siempre camino.,NERPI'PU' DEKUNDAPALEK,siempre camino.,nerpi'pu' dekundapalek,flashcards2,P01384,False
U02635,G02404,"no conocían el paiche,","ñi luwetchi’ñina’ asu’ unma’,","no conocían el paiche,","ñi luwetchi'ñina' asu' unma',",pdf_textos,P00384,True
U03878,G03622,"No tiene ríos, solo quebradas tiene.","Kupin dekshadekwi’ñi, dekshadeklusa’sa’a’ñapalli.","no tiene ríos, solo quebradas tiene.","kupin dekshadekwi'ñi, dekshadeklusa'sa'a'ñapalli.",fidel_lomas,P00002,True
U03804,G03551,ellas no trabajan en la escuela.,NAWA'KU'LA SAKA'TAPI'ÑINA' ÑINCHITUNAPIDEK'KEK,ellas no trabajan en la escuela.,nawa'ku'la saka'tapi'ñina' ñinchitunapidek'kek,flashcards_oraciones,P00597,False
U00343,G00271,Soy amado.,LUANPI NUKA'KA,soy amado.,luanpi nuka'ka,flashcards2,P00343,True
U00344,G00271,Soy amada.,LUANPI NUKA'KA,soy amada.,luanpi nuka'ka,flashcards2,P00344,True
U04357,G04092,La canoa de Meneleo (estaba rajada y) goteaba un poco.,Miñiku nunen a’mercha wiserlli.,la canoa de meneleo (estaba rajada y) goteaba un poco.,miñiku nunen a'mercha wiserlli.,fidel_lomas,P00481,True
U02467,G02236,Así el canasto caminaba antiguamente.,Nu’su’ lantekpi dekkuntuwiñi napi’.,así el canasto caminaba antiguamente.,nu'su' lantekpi dekkuntuwiñi napi'.,pdf_textos,P00216,True
U03004,G02773,"Así, de esa manera, llegaron a Moyobamba"" decían los abuelos ya finados.","Nu'sik nu'eklima nana Muyunpak ektu'llina'"" tullina' papinkuku'lusa'.","así, de esa manera, llegaron a moyobamba decían los abuelos ya finados.",nu'sik nu'eklima nana muyunpak ektu'llina' tullina' papinkuku'lusa'.,pdf_textos,P00753,True
U01332,G01154,¿Puedo abrazarte?,¿YENNITULEK WIPERI'A'KIK?,¿puedo abrazarte?,¿yennitulek wiperi'a'kik?,flashcards2,P01332,False
U04456,G04191,es la mujer de Arákayu.”,ARAKAYU SADIN.,es la mujer de arákayu.,arakayu sadin.,vs_textos_narrativos,P00018,True
U04075,G03812,"Por eso, hasta el día de hoy la Motelo lleva nomás las tremendas pintotas que le diseñó la Iguana.","Nanamalek ipa’lalek ekpa’palli Madu u’nei llinsercheksa’, Pekkualaler llinsera’su’.","por eso, hasta el día de hoy la motelo lleva nomás las tremendas pintotas que le diseñó la iguana.","nanamalek ipa'lalek ekpa'palli madu u'nei llinsercheksa', pekkualaler llinsera'su'.",fidel_lomas,P00199,True
U03838,G03583,ellas viajan a la ciudad.,NAWA' PA'LLINA' ÑINANLUK,ellas viajan a la ciudad.,nawa' pa'llina' ñinanluk,flashcards_oraciones,P00631,False
U01174,G01016,Muéstrame eso.,A'LLI'U NANA,muéstrame eso.,a'lli'u nana,flashcards2,P01174,False
U02103,G01878,Descansemos aquí.,NERIAWA' ASEK,descansemos aquí.,neriawa' asek,flashcards2,P02103,False
U01164,G01009,Pónganlo allí.,AKU'KU' NANEK,pónganlo allí.,aku'ku' nanek,flashcards2,P01164,False
U03375,G03141,ustedes no bajan la escalera.,KENMAMA' NU'WAN'TAPINAMA' CHINTEN'NA,ustedes no bajan la escalera.,kenmama' nu'wan'tapinama' chinten'na,flashcards_oraciones,P00168,False
U02109,G01884,¡Feliz Navidad!,¡U'CHIMU ÑIÑUDUKER!,¡feliz navidad!,¡u'chimu ñiñuduker!,flashcards2,P02109,False
U01065,G00918,Me corté.,INDEI'TULEK,me corté.,indei'tulek,flashcards2,P01065,False
U00665,G00551,Tom rezó.,TOM MALLA'LLI,tom rezó.,tom malla'lli,flashcards2,P00665,False
U02617,G02386,"Hagan candela ustedes, ustedes mismos con su candela.","Penwanku’ kenmama’, kenmami’nchi penpenma’lek.","hagan candela ustedes, ustedes mismos con su candela.","penwanku' kenmama', kenmami'nchi penpenma'lek.",pdf_textos,P00366,True
U02267,G02036,Ayudándome a criarlos su padre murió y quedé sola.,Teksusupa’nku tatanenna’ chiminlapillun.,ayudándome a criarlos su padre murió y quedé sola.,teksusupa'nku tatanenna' chiminlapillun.,pdf_textos,P00016,True
U04308,G04044," los carros, ","wa’na tekka’a’su’daperler, ","los carros,","wa'na tekka'a'su'daperler,",fidel_lomas,P00432,True
U03027,G02796,Lo que hablaron las abuelitas ya finadas se esta cumpliendo ahora.,Amiku'lusa' lu’rnka'su'pi'la nana ipa' innitapallin ipa'la.,lo que hablaron las abuelitas ya finadas se esta cumpliendo ahora.,amiku'lusa' lu'rnka'su'pi'la nana ipa' innitapallin ipa'la.,pdf_textos,P00776,True
U02767,G02536,la ribera se mantendría muy bonita.,ukuchin enpu’ni mushipa’ ñapa’su’.,la ribera se mantendría muy bonita.,ukuchin enpu'ni mushipa' ñapa'su'.,pdf_textos,P00516,True
U03923,G03667,Agunos salían a cazar animales en la noche.,Nu’unta’lusa’ yunsu’llina’ yapa’willitanna’.,agunos salían a cazar animales en la noche.,nu'unta'lusa' yunsu'llina' yapa'willitanna'.,fidel_lomas,P00047,True
U02725,G02494,Ahora le llamamos a ese lugar “La Poza de la Niña”.,Ipa’la peklu’lek “Leklun Pitun”.,ahora le llamamos a ese lugar la poza de la niña.,ipa'la peklu'lek leklun pitun.,pdf_textos,P00474,True
U00366,G00293,¡Está listo!,¡INSEK'DIPERPI ÑAPALLI!,¡está listo!,¡insek'diperpi ñapalli!,flashcards2,P00366,False
U03795,G03542,él sube a la montaña.,NANA CHINTEK'LLI MUTUPIK,él sube a la montaña.,nana chintek'lli mutupik,flashcards_oraciones,P00588,False
U00782,G00655,Los conozco.,LUWER'CHAPADEKLEK,los conozco.,luwer'chapadeklek,flashcards2,P00782,False
U00825,G00696,Soy paciente.,WA'TENTUTEK NUKA'KA,soy paciente.,wa'tentutek nuka'ka,flashcards2,P00825,False
U03021,G02790,"Al cura cargándolo en la espalda lo traían ""¿Ahora quién va a estar cargando al cura?"", dijeron.","Pacher’ pipek'anna' kerapencha'llina' ""¿Ipa'li’na denler pacher’ pipek'apetchu?"", tullina'.","al cura cargándolo en la espalda lo traían ¿ahora quién va a estar cargando al cura?, dijeron.","pacher' pipek'anna' kerapencha'llina' ¿ipa'li'na denler pacher' pipek'apetchu?, tullina'.",pdf_textos,P00770,True
U03531,G03288,los niños estudiaran mañana.,NANA WILLALUSA' ÑINCHITECHUNA' EKLLI,los niños estudiaran mañana.,nana willalusa' ñinchitechuna' eklli,flashcards_oraciones,P00324,False
U01889,G01677,Ahí estaremos.,NANEK ÑAPATERWA',ahí estaremos.,nanek ñapaterwa',flashcards2,P01889,False
U03729,G03479,yo no olvido una fecha importante.,KUA KU'LA PINANER'API'NEK ALA'SA' UKLI PA'TA'SU',yo no olvido una fecha importante.,kua ku'la pinaner'api'nek ala'sa' ukli pa'ta'su',flashcards_oraciones,P00522,False
U04060,G03797,Motelo le mostró (a la Iguana cómo quería que la pinte).,Madu llinser’an tanpa’nenkek a’lli’lli. ,motelo le mostró (a la iguana cómo quería que la pinte).,madu llinser'an tanpa'nenkek a'lli'lli.,fidel_lomas,P00184,True
U00675,G00561,Tom morirá.,TOM CHIMINCHU,tom morirá.,tom chiminchu,flashcards2,P00675,False
U01972,G01755,¿La conocen?,¿LUWER'CHAPALAMA?,¿la conocen?,¿luwer'chapalama?,flashcards2,P01972,False
U01725,G01521,Odio planchar.,EMPU'DUNCHA',odio planchar.,empu'duncha',flashcards2,P01725,False
U01646,G01450,¿Vendrás?,¿WENCHE'CHUN?,¿vendrás?,¿wenche'chun?,flashcards2,P01646,True
U01647,G01450,¿Vienes?,¿WENCHE'CHUN?,¿vienes?,¿wenche'chun?,flashcards2,P01647,True
U01357,G01178,Deme esos.,ENKA'U NANALUSA',deme esos.,enka'u nanalusa',flashcards2,P01357,False
U00255,G00198,Tom mintió.,TOM TUMU'LLI,tom mintió.,tom tumu'lli,flashcards2,P00255,False
U01499,G01309,Preguntémosle.,LEK'KAWA',preguntémosle.,lek'kawa',flashcards2,P01499,False
U00211,G00159,Soy delgado. (masculino),SHAMU'PENSU' NUKA'KA,soy delgado. (masculino),shamu'pensu' nuka'ka,flashcards2,P00211,True
U03415,G03178,ustedes no cierran la mochila.,KENMAMA' KU'LA UNKUI'NAMA' NANA MUCHILA,ustedes no cierran la mochila.,kenmama' ku'la unkui'nama' nana muchila,flashcards_oraciones,P00208,False
U04043,G03780,Hasta ahora come arcilla porque tiene un poco de sal.,Di’teklu’ ipa’lalek ka’apalli a’mercha damulawansu’ malek,hasta ahora come arcilla porque tiene un poco de sal.,di'teklu' ipa'lalek ka'apalli a'mercha damulawansu' malek,fidel_lomas,P00167,True
U04354,G04089,Así era Meneleo.,Nu’su’ ñiwiñi Miñiku.,así era meneleo.,nu'su' ñiwiñi miñiku.,fidel_lomas,P00478,True
U02034,G01812,Estaba escuchando.,LAUK'TAPAWINEK,estaba escuchando.,lauk'tapawinek,flashcards2,P02034,False
U03102,G02871,"Malallina es la que nos ha puesto así,","Malallina nana nu'su' aku'llundek,","malallina es la que nos ha puesto así,","malallina nana nu'su' aku'llundek,",pdf_textos,P00851,False
U02824,G02593,"A la ballena la mató Marcel,","Lanla’ i’na di’tulli Marceller,","a la ballena la mató marcel,","lanla' i'na di'tulli marceller,",pdf_textos,P00573,True
U04206,G03942,"Ellos venden motocarros, celulares, furgonetas y otras cosas más de valor.","Nawa’ uku’latullina’ mutucarrulusa’, celularlusa’, furgunetalusa’, a’pinta’ dudinpu’lusa’ pa’ter’kasu’. ","ellos venden motocarros, celulares, furgonetas y otras cosas más de valor.","nawa' uku'latullina' mutucarrulusa', celularlusa', furgunetalusa', a'pinta' dudinpu'lusa' pa'ter'kasu'.",fidel_lomas,P00330,True
U01988,G01768,"Genial, ¿no?",U'CHIMUINCHI ¿I'YA?,"genial, ¿no?",u'chimuinchi ¿i'ya?,flashcards2,P01988,False
U00430,G00343,Cayeron.,ANU'LLINA',cayeron.,anu'llina',flashcards2,P00430,False
U03392,G03156,nosotros no caminamos en silencio.,KUDA KU'LA DEKKUNCHI'ÑIDEK TA'TULA'MUDEK,nosotros no caminamos en silencio.,kuda ku'la dekkunchi'ñidek ta'tula'mudek,flashcards_oraciones,P00185,False
U01331,G01153,¿Puedo tenerlo?,¿YENNITULEK A'ÑAK?,¿puedo tenerlo?,¿yennitulek a'ñak?,flashcards2,P01331,False
U03032,G02801,"En otro fierro que corre también tú, ustedes van a viajar cuando nosotros perezcamos"", decían las abuelitas.","Ali'la wa'natek tekka'a'su' nanek kenmanta', kenmama'nta' pa'achuma' kuda ipa' chimiansekudek”, tullina' amishala.","en otro fierro que corre también tú, ustedes van a viajar cuando nosotros perezcamos, decían las abuelitas.","ali'la wa'natek tekka'a'su' nanek kenmanta', kenmama'nta' pa'achuma' kuda ipa' chimiansekudek, tullina' amishala.",pdf_textos,P00781,True
U02814,G02583,Ahora los han espantado más lejos.,Ipa’la a’pinta’ lliwaitullina’.,ahora los han espantado más lejos.,ipa'la a'pinta' lliwaitullina'.,pdf_textos,P00563,True
U01075,G00928,Necesito pintura.,LUWANTULEK LLINSERCHUNAN,necesito pintura.,luwantulek llinserchunan,flashcards2,P01075,False
U04115,G03852,"Cavando, salió ahí mismo donde estaba sentado el Tigre.",Iwa’tan ima asu’ du’apak’inchi Amana’ pekpikuñi.,"cavando, salió ahí mismo donde estaba sentado el tigre.",iwa'tan ima asu' du'apak'inchi amana' pekpikuñi.,fidel_lomas,P00239,True
U02758,G02527,los lagartos negros ahí están.,matutada ñapalli.,los lagartos negros ahí están.,matutada ñapalli.,pdf_textos,P00507,False
U03979,G03723,Por eso dice que el majaz se convierte en shushupe.,Nanamalek tulli dekkanan naterkek ñinta’lli.,por eso dice que el majaz se convierte en shushupe.,nanamalek tulli dekkanan naterkek ñinta'lli.,fidel_lomas,P00103,True
U02445,G02214,"“Mamá, queremos ir a la chacra”.","- “Mamá, menmik yapa’llidek”.","mamá, queremos ir a la chacra.","- mamá, menmik yapa'llidek.",pdf_textos,P00194,True
U02225,G01995,¿Me permiten?,¿TA'ITULE'CHUNER'KU?,¿me permiten?,¿ta'itule'chuner'ku?,flashcards2,P02225,False
U03700,G03451,Nosotros jugamos todos los días.,KUDA INTEKLLITULLIDEK IÑER' UKLLILUSA',nosotros jugamos todos los días.,kuda intekllitullidek iñer' ukllilusa',flashcards_oraciones,P00493,False
U01465,G01277,¿Es doloroso?,¿IKERLI?,¿es doloroso?,¿ikerli?,flashcards2,P01465,False
U01746,G01542,Quiero vivir.,YANAMPILEK,quiero vivir.,yanampilek,flashcards2,P01746,False
U04362,G04097,"Después de que botó el agua de su canoa, surcamos por el Aipena.",Dinki’yektusik nunen penwinerllidek Erpina’lupa’.,"después de que botó el agua de su canoa, surcamos por el aipena.",dinki'yektusik nunen penwinerllidek erpina'lupa'.,fidel_lomas,P00486,True
U02991,G02760,"Algunos parece que no tuvieran ojos, porque son de otra raza"" dijeron antes.","Un’unta’ ma’lusa’ ladawi’ñinpu’su’ lli’tulli, nerñinanlukla nanna’"" tullina’ napi’.","algunos parece que no tuvieran ojos, porque son de otra raza dijeron antes.","un'unta' ma'lusa' ladawi'ñinpu'su' lli'tulli, nerñinanlukla nanna' tullina' napi'.",pdf_textos,P00740,True
U01517,G01326,¡Digan algo!,¡TUKU' MA'NEN'UNTA'!,¡digan algo!,¡tuku' ma'nen'unta'!,flashcards2,P01517,False
U04118,G03855,"Nuevamente, vio que los testículos del Tigre colgaban.",Lli’nunta’llima nanek ukunpalli Amana’ kadu’lanenlusa’.,"nuevamente, vio que los testículos del tigre colgaban.",lli'nunta'llima nanek ukunpalli amana' kadu'lanenlusa'.,fidel_lomas,P00242,True
U04269,G04005,"Cuando recién apareció la vacuna del covid-19, de todo hablaban las personas.","Nalli’tusik kuvi-19 ilulennanen, intekdudinsu’ luñina’ yalli’lusa’.","cuando recién apareció la vacuna del covid-19, de todo hablaban las personas.","nalli'tusik kuvi-19 ilulennanen, intekdudinsu' luñina' yalli'lusa'.",fidel_lomas,P00393,True
U04453,G04188,Los que vieron a la mujer de Arákayu decían,LLI’LUSA’LER ARAKAYU SADIN LUÑINA’,los que vieron a la mujer de arákayu decían,lli'lusa'ler arakayu sadin luñina',vs_textos_narrativos,P00015,True
U03066,G02835,¿Les gusta a eso a ustedes?,Musu' a’cha kankantulama' kenmama'.,¿les gusta a eso a ustedes?,musu' a'cha kankantulama' kenmama'.,pdf_textos,P00815,True
U03847,G03592,nosotras no viajamos por las noches.,KUDA KU'LA PA'APIÑIDEK DEKPILLI'LUSA',nosotras no viajamos por las noches.,kuda ku'la pa'apiñidek dekpilli'lusa',flashcards_oraciones,P00640,False
U01561,G01367,Estamos llorando.,WELLIEK'APALLIDEK,estamos llorando.,welliek'apallidek,flashcards2,P01561,False
U04287,G04023,Como no tiene carreteras ,"Kupin dekkunwinpu’a’su’malek, ",como no tiene carreteras,"kupin dekkunwinpu'a'su'malek,",fidel_lomas,P00411,True
U02145,G01919,Son amigos.,EKUANLUSA' NUKER'KA,son amigos.,ekuanlusa' nuker'ka,flashcards2,P02145,False
U00349,G00276,He perdido.,A'WER'LEK,he perdido.,a'wer'lek,flashcards2,P00349,False
U00711,G00593,Ya verás.,IPA' LLI'ECHU,ya verás.,ipa' lli'echu,flashcards2,P00711,False
U03807,G03554,ellos no trabajan en la casa.,NAWA'KU'LA SAKA'TAPI'ÑINA PIDEK'KEK,ellos no trabajan en la casa.,nawa'ku'la saka'tapi'ñina pidek'kek,flashcards_oraciones,P00600,False
U01880,G01668,Somos médicos.,LULENTUTEK NUKA'KAWA',somos médicos.,lulentutek nuka'kawa',flashcards2,P01880,False
U00669,G00555,Tomás esperó.,CHUMA WA'TENTULLI,tomás esperó.,chuma wa'tentulli,flashcards2,P00669,False
U00075,G00052,El ají pica,NUKA' IKERLLI,el ají pica,nuka' ikerlli,flashcards2,P00075,False
U02091,G01867,Déjame sentarme.,TA'ITULA'U DU'ECHEK,déjame sentarme.,ta'itula'u du'echek,flashcards2,P02091,False
U02383,G02152,Antes las abuelitas ya finadas hacían sedama de los tallos de la palmera “ma’a”.,Napi’ amishaku’lusa’ nu’tullina’ ukllin ma’alanlankekla.,antes las abuelitas ya finadas hacían sedama de los tallos de la palmera ma'a.,napi' amishaku'lusa' nu'tullina' ukllin ma'alanlankekla.,pdf_textos,P00132,True
U00470,G00381,¿Puedo ayudar?,¿YENNITECHEK KATU'PA'TAK?,¿puedo ayudar?,¿yennitechek katu'pa'tak?,flashcards2,P00470,False
U02017,G01796,Necesito entrar.,YADA'LEK,necesito entrar.,yada'lek,flashcards2,P02017,False
U03395,G03159,tú caminas con su familia.,KENMA DEKKUNTULA PATUNENLEK',tú caminas con su familia.,kenma dekkuntula patunenlek',flashcards_oraciones,P00188,False
U01534,G01340,Es simple.,SAKA'DEK'INPU',es simple.,saka'dek'inpu',flashcards2,P01534,False
U02646,G02415,"vino la gamitana,","dunanser uklli,","vino la gamitana,","dunanser uklli,",pdf_textos,P00395,False
U02286,G02055,A veces me olvido.,Nerpi’pu’ pinanetllek.,a veces me olvido.,nerpi'pu' pinanetllek.,pdf_textos,P00035,True
U03376,G03142,él baja al río.,NANA NU'WAN'TAPALLI KUPIN'DEK'SHADEK,él baja al río.,nana nu'wan'tapalli kupin'dek'shadek,flashcards_oraciones,P00169,False
U00172,G00126,Estoy viejo.,TASERPIKU',estoy viejo.,taserpiku',flashcards2,P00172,False
U02257,G02026,Con otra mujer vivían bien.,Ali’la ku’apellek nanpillina’ musu’.,con otra mujer vivían bien.,ali'la ku'apellek nanpillina' musu'.,pdf_textos,P00006,True
U00702,G00584,Somos débiles.,SAPUTEK NUKA'KUDEK,somos débiles.,saputek nuka'kudek,flashcards2,P00702,False
U02899,G02668,"“Quizás no, quizas es un anuncio de lluvias”.","“Ma’shipa’, yu’lanla’pi’ nuka’a”.","quizás no, quizas es un anuncio de lluvias.","ma'shipa', yu'lanla'pi' nuka'a.",pdf_textos,P00648,True
U02947,G02716,"Entonces de verdad cuando llegó (el duende) pelearon, pelearon mucho rato.","Nanek ima ipa’linchi ma’i... nanek tekkinchi uksik idenmallini’ma, enpu’nipi’ma idenmallina’.","entonces de verdad cuando llegó (el duende) pelearon, pelearon mucho rato.","nanek ima ipa'linchi ma'i... nanek tekkinchi uksik idenmallini'ma, enpu'nipi'ma idenmallina'.",pdf_textos,P00696,True
U01774,G01567,Estoy parado.,WANERAPALEK,estoy parado.,wanerapalek,flashcards2,P01774,False
U01751,G01547,Quiero trabajar.,YASAKA'TULEK,quiero trabajar.,yasaka'tulek,flashcards2,P01751,False
U04224,G03960,Eso nomás no me gusta.,Nanasa’ musu’ a’kankanchi’ñu.,eso nomás no me gusta.,nanasa' musu' a'kankanchi'ñu.,fidel_lomas,P00348,True
U01471,G01283,Se quebró.,NUPEK'TULLI,se quebró.,nupek'tulli,flashcards2,P01471,False
U00200,G00243,Estoy aquí.,ASEK' ÑAPALEK,estoy aquí.,asek' ñapalek,flashcards2,P00200,True
U00310,G00243,Acá estoy.,ASEK' ÑAPALEK,acá estoy.,asek' ñapalek,flashcards2,P00310,True
U01883,G01671,Necesitamos ganar.,LUWANTULLIDEK KANA'TAK,necesitamos ganar.,luwantullidek kana'tak,flashcards2,P01883,False
U03295,G03063,El abuelo nos enseñó a leer libro.,PAPINKU A'ALEK'LLIENMU' KER'KA' LUNTAK,el abuelo nos enseñó a leer libro.,papinku a'alek'llienmu' ker'ka' luntak,flashcards_oraciones,P00088,False
U03684,G03435,Yo como arroz todos los días.,KUA KA'LEK PUMULADA IÑER'UKLLILUSA',yo como arroz todos los días.,kua ka'lek pumulada iñer'ukllilusa',flashcards_oraciones,P00477,False
U02571,G02340,despertamos y escuchamos.,"Nanadaper panta’mudek wichi’nta’mudek, ikineklli’ nanpincha’mudek laukllidek. Todas esas cosas cuando nos vamos a dormir, a medianoche",despertamos y escuchamos.,"nanadaper panta'mudek wichi'nta'mudek, ikineklli' nanpincha'mudek laukllidek. todas esas cosas cuando nos vamos a dormir, a medianoche",pdf_textos,P00320,True
U01092,G00945,Volveré.,ADENCHE'CHEK,volveré.,adenche'chek,flashcards2,P01092,False
U03769,G03517,las niñas no recuerdan su nombre.,NANA WILA KUAPERLUSA KU'LA LLI'INUTAPI'ÑINA LLILLINEN,las niñas no recuerdan su nombre.,nana wila kuaperlusa ku'la lli'inutapi'ñina llillinen,flashcards_oraciones,P00562,False
U00864,G00734,Ahora ayúdame.,IPA'LA KATUPA'U,ahora ayúdame.,ipa'la katupa'u,flashcards2,P00864,False
U01487,G01299,Está ocupado.,IPIA'LA YENNICHI'ÑI,está ocupado.,ipia'la yennichi'ñi,flashcards2,P01487,False
U03766,G03514,ellos recuerdan su nombre.,NAWA'LLI'INUTAPALLINA LLILLINEN,ellos recuerdan su nombre.,nawa'lli'inutapallina llillinen,flashcards_oraciones,P00559,False
U01735,G01531,Necesito trabajar.,LUWANTULEK SAKA'TAK,necesito trabajar.,luwantulek saka'tak,flashcards2,P01735,False
U04054,G03791,"“Esta bien, pintémonos la una a la otra”.","“Mu’chun, inllinser’a”. ","esta bien, pintémonos la una a la otra.","mu'chun, inllinser'a.",fidel_lomas,P00178,True
U03314,G03081,el niño abre el cuaderno.,NANA' WILA EK'KER'CHULLI KER'KA',el niño abre el cuaderno.,nana' wila ek'ker'chulli ker'ka',flashcards_oraciones,P00107,False
U01536,G01342,Están aquí.,ASEK ÑAPALLINA',están aquí.,asek ñapallina',flashcards2,P01536,False
U01589,G01394,Miramos,LLI'ATERWA',miramos,lli'aterwa',flashcards2,P01589,False
U03403,G03167,él camina muy rápido.,NANA DEKKUNTULLI ENPU'NI WIU'KSU'IPA,él camina muy rápido.,nana dekkuntulli enpu'ni wiu'ksu'ipa,flashcards_oraciones,P00196,False
U02435,G02204,"Felizmente bonito les he criado a mis hijos, con su padre.","Mula’si’la u’chimusha teksusudeklek wilaweklusa’, papinalek.","felizmente bonito les he criado a mis hijos, con su padre.","mula'si'la u'chimusha teksusudeklek wilaweklusa', papinalek.",pdf_textos,P00184,True
U02047,G01824,Me carcajeo.,YAMERLEK,me carcajeo.,yamerlek,flashcards2,P02047,False
U00687,G00571,Lo hicimos.,NU'TULEK'WA',lo hicimos.,nu'tulek'wa',flashcards2,P00687,False
U04406,G04141,Ese era el remedio.,Nana ñiwiñi ilulennanen.,ese era el remedio.,nana ñiwiñi ilulennanen.,fidel_lomas,P00530,False
U03906,G03650,"También el árbol de cotohuayo se halla en el
chamisal.",Kumunpi nalanta’ kananek deklaluk.,también el árbol de cotohuayo se halla en el chamisal.,kumunpi nalanta' kananek deklaluk.,fidel_lomas,P00030,True
U03809,G03556,ellos trabajan en la casa.,NAWA'SAKA'TAPALLINA PIDEK'KEK,ellos trabajan en la casa.,nawa'saka'tapallina pidek'kek,flashcards_oraciones,P00602,False
U03249,G03018,El bebé ya puede caminar.,WAWASER' IPA' YEN'NITULLI DEKKUNTASU',el bebé ya puede caminar.,wawaser' ipa' yen'nitulli dekkuntasu',flashcards_oraciones,P00042,False
U04340,G04075,"Cuando sus hijos volvieron a Yurimaguas, él","Willinlusa’ adencha’a’ser’ Yurimawak, nananta’ adenc ha’lli.","cuando sus hijos volvieron a yurimaguas, él","willinlusa' adencha'a'ser' yurimawak, nananta' adenc ha'lli.",fidel_lomas,P00464,True
U03300,G03068,Cuidado con la serpiente.,LLI'KER'LA' DAWANLEK',cuidado con la serpiente.,lli'ker'la' dawanlek',flashcards_oraciones,P00093,False
U03311,G03078,Enseñemos a cuidar las plantas.,ALEKTAWA' LUUK'TER'KEK TRA'LUSA',enseñemos a cuidar las plantas.,alektawa' luuk'ter'kek tra'lusa',flashcards_oraciones,P00104,False
U01234,G01067,Podemos hacerlo.,YENNITULEKWA' NU'TAK,podemos hacerlo.,yennitulekwa' nu'tak,flashcards2,P01234,False
U04337,G04072,la hermana Emérita Guerra Acho y otros más.,"sha’sha Imicha Kira Achu, ali’ladaperunta’.",la hermana emérita guerra acho y otros más.,"sha'sha imicha kira achu, ali'ladaperunta'.",fidel_lomas,P00461,True
U01568,G01373,Nos robaron.,APERLLINER'KUDEK,nos robaron.,aperlliner'kudek,flashcards2,P01568,False
U03678,G03429,Yo canto por las mañanas.,KUA TULUNER'LEK DASU'LALUSA',yo canto por las mañanas.,kua tuluner'lek dasu'lalusa',flashcards_oraciones,P00471,False
U03463,G03226,yo enseño a escribir.,KUA A'LEKTULEK LLINSERCHAK',yo enseño a escribir.,kua a'lektulek llinserchak',flashcards_oraciones,P00256,False
U00321,G00253,Me dieron.,ENKA'LLINER'KU,me dieron.,enka'lliner'ku,flashcards2,P00321,True
U00322,G00253,Me alcanzaron.,ENKA'LLINER'KU,me alcanzaron.,enka'lliner'ku,flashcards2,P00322,True
U00634,G00525,Buen chico.,WILA MUKANKAN,buen chico.,wila mukankan,flashcards2,P00634,False
U02310,G02079,El idioma Shiwilu se está terminando.,Shiwilu la’la’ ta’wantapilalli.,el idioma shiwilu se está terminando.,shiwilu la'la' ta'wantapilalli.,pdf_textos,P00059,True
U02684,G02453,Mientras (Arákayu) estaba pandillando el día central de carnaval las golondrinas estaban también danzando.,Nana chu’kenpa’tapasik mitan ukllik’inchi sellawalusa’ chu’kenapallina’.,mientras (arákayu) estaba pandillando el día central de carnaval las golondrinas estaban también danzando.,nana chu'kenpa'tapasik mitan ukllik'inchi sellawalusa' chu'kenapallina'.,pdf_textos,P00433,True
U00877,G00743,Mándenlo adentro.,AKU'KU' KINEKLA,mándenlo adentro.,aku'ku' kinekla,flashcards2,P00877,False
U01761,G01557,Estaré cerca.,KAWIK ÑAPECHEK,estaré cerca.,kawik ñapechek,flashcards2,P01761,False
U00671,G00557,Tom trabajó.,TOM SAKA'TULLI ,tom trabajó.,tom saka'tulli,flashcards2,P00671,False
U02486,G02255,"Yendo baleaba sajino, baleaba huangana.","Pa’an amantek ilañi, laman ilañi.","yendo baleaba sajino, baleaba huangana.","pa'an amantek ilañi, laman ilañi.",pdf_textos,P00235,True
U02090,G01866,Déjame arreglarlo.,TA'ITULA'U TEKDIPERECHEK,déjame arreglarlo.,ta'itula'u tekdiperechek,flashcards2,P02090,False
U03486,G03246,nosotras no escuchamos música.,KUDA KU'LA LAUK'I'ÑIDEK TULUNER',nosotras no escuchamos música.,kuda ku'la lauk'i'ñidek tuluner',flashcards_oraciones,P00279,True
U03488,G03246,nosotros no escuchamos música.,KUDA KU'LA LAUK'I'ÑIDEK TULUNER',nosotros no escuchamos música.,kuda ku'la lauk'i'ñidek tuluner',flashcards_oraciones,P00281,True
U02156,G01930,Lava todo.,PAMUER' IÑER',lava todo.,pamuer' iñer',flashcards2,P02156,False
U02201,G01972,Me traicionaste.,WA'DANPILAPILUN,me traicionaste.,wa'danpilapilun,flashcards2,P02201,False
U01903,G01691,¿Y tú?,¿KENMA?,¿y tú?,¿kenma?,flashcards2,P01903,False
U01262,G01092,¿Quién empieza?,¿DEN TENMIAN'SU'LLI?,¿quién empieza?,¿den tenmian'su'lli?,flashcards2,P01262,True
U01263,G01092,¿Quién parte?,¿DEN TENMIAN'SU'LLI?,¿quién parte?,¿den tenmian'su'lli?,flashcards2,P01263,True
U03118,G02887,Ellos ahora nos estan enseñando el castellano.,Nawa' ipa'la asu' Kaschilla la'la' a'lek’apallinerkudek.,ellos ahora nos estan enseñando el castellano.,nawa' ipa'la asu' kaschilla la'la' a'lek'apallinerkudek.,pdf_textos,P00867,True
U02313,G02082,"Ella dice que quiere aprender (mi idioma),","Nanima yañinchitulli,","ella dice que quiere aprender (mi idioma),","nanima yañinchitulli,",pdf_textos,P00062,True
U01350,G01171,¿Me ves?,¿LI'APALU?,¿me ves?,¿li'apalu?,flashcards2,P01350,False
U03164,G02933,"En base a eso, entonces, el cura le puso (el nombre) ""Ustedes son Maka"", Maka15 les pusieron.","Naneklima ipa'linchi pacherler aku'lli ""Kenmami'na Makanma'"", Maka aku'deklli.","en base a eso, entonces, el cura le puso (el nombre) ustedes son maka, maka15 les pusieron.","naneklima ipa'linchi pacherler aku'lli kenmami'na makanma', maka aku'deklli.",pdf_textos,P00913,True
U03401,G03165,él no camina en silencio.,NANA DEKKUNCHIÑI TA'TULA',él no camina en silencio.,nana dekkunchiñi ta'tula',flashcards_oraciones,P00194,False
U00709,G00591,Pueden irse.,YENNITULAMA' PA'A'MAMA'SU',pueden irse.,yennitulama' pa'a'mama'su',flashcards2,P00709,False
U02882,G02651,Dijeron eso y regresando (el joven y otros) vinieron a contar al grupo de personas.,Tanni’ma adenchanna’ lunchallina’ da’mupa’ser nana musun.,dijeron eso y regresando (el joven y otros) vinieron a contar al grupo de personas.,tanni'ma adenchanna' lunchallina' da'mupa'ser nana musun.,pdf_textos,P00631,True
U00548,G00450,Vomité.,ENMU'LEK,vomité.,enmu'lek,flashcards2,P00548,False
U02111,G01886,Coge una.,MAKER' ALA'SA',coge una.,maker' ala'sa',flashcards2,P02111,False
U00528,G00434,La conozco.,LUWER'CHAPALEK,la conozco.,luwer'chapalek,flashcards2,P00528,True
U00529,G00434,Lo conozco.,LUWER'CHAPALEK,lo conozco.,luwer'chapalek,flashcards2,P00529,True
U03286,G03054,Vamos a sembrar maíz.,ENLLU TRA'A CHITER',vamos a sembrar maíz.,enllu tra'a chiter',flashcards_oraciones,P00079,False
U03443,G03206,las niñas corren bajo la lluvia.,WILA KU'APERLUSA TEKA'LLINA U'LAN WILENKEK,las niñas corren bajo la lluvia.,wila ku'aperlusa teka'llina u'lan wilenkek,flashcards_oraciones,P00236,False
U01872,G01660,Este funciona.,ASU' SAKA'TECHU',este funciona.,asu' saka'techu',flashcards2,P01872,False
U02491,G02260,“¿Cómo viviré ahora que ha muerto mi padre?” me preguntaba.,“¿Ma’pu’si’pa’ nanpichek tatawek chiminsik?” tulek.,¿cómo viviré ahora que ha muerto mi padre? me preguntaba.,¿ma'pu'si'pa' nanpichek tatawek chiminsik? tulek.,pdf_textos,P00240,True
U00065,G00048,¡Largo!,¡PAKER'!,¡largo!,¡paker'!,flashcards2,P00065,True
U00067,G00048,¡Vete ya!,¡PAKER'!,¡vete ya!,¡paker'!,flashcards2,P00067,True
U02485,G02254,Yendo al monte mi padre baleaba (animales).,Tanak pa’an tatawek ilantulli.,yendo al monte mi padre baleaba (animales).,tanak pa'an tatawek ilantulli.,pdf_textos,P00234,True
U01437,G01251,Comeré aquí.,ASEK WERENCHEK,comeré aquí.,asek werenchek,flashcards2,P01437,False
U00729,G00607,¿Puedo comenzar?,¿YENNITULEK TENMIANSU'AK?,¿puedo comenzar?,¿yennitulek tenmiansu'ak?,flashcards2,P00729,False
U03136,G02905,"No quería que (los shiwilu) se estiraran cuando trabajaban, hasta que se hacía bien tarde (los obligaban a trabajar), hasta que se hacía bien oscuro y el grillo (cantaba) ""chanchanchan"".","Yenchenterka'su' saka'tapanna', iñer er’werwalek ipa' kasiserapilek walek ipa' asu' inkella “chanchanchan”.","no quería que (los shiwilu) se estiraran cuando trabajaban, hasta que se hacía bien tarde (los obligaban a trabajar), hasta que se hacía bien oscuro y el grillo (cantaba) chanchanchan.","yenchenterka'su' saka'tapanna', iñer er'werwalek ipa' kasiserapilek walek ipa' asu' inkella chanchanchan.",pdf_textos,P00885,True
U04310,G04046,"En mi pueblo no es así, por eso rápido se perdió el covid-19.","Ñinanlu’wekkek nu’si’npu’, nanamalek wiuksu’ werlli kuvi-19.","en mi pueblo no es así, por eso rápido se perdió el covid-19.","ñinanlu'wekkek nu'si'npu', nanamalek wiuksu' werlli kuvi-19.",fidel_lomas,P00434,True
U02722,G02491,"Cuando Arákayu icaró al lago “Junto al Pelejo” la joven de primera menstruación se acabó,","Kuntetchek Arakayuler pekkusik nana leklun ta’wantulli,","cuando arákayu icaró al lago junto al pelejo la joven de primera menstruación se acabó,","kuntetchek arakayuler pekkusik nana leklun ta'wantulli,",pdf_textos,P00471,True
U02809,G02578,"Así, cuando ya habían desaparecido, nosotros vinimos a este mundo.",Nu’su’ wer’sik i’pa kuda ñillidek.,"así, cuando ya habían desaparecido, nosotros vinimos a este mundo.",nu'su' wer'sik i'pa kuda ñillidek.,pdf_textos,P00558,True
U03638,G03391,él nada bajo la lluvia.,NANA IDUÑI U'LAN WILENKEK ,él nada bajo la lluvia.,nana iduñi u'lan wilenkek,flashcards_oraciones,P00431,False
U04117,G03854,Ya estaba delgadita la tierra (cerca a la superficie) y el Carachupa tuvo la idea de agarrar los testículos del Tigre.,"Ipi’ma simensha lupa’, Chi’lek kankantuwiñi yapilli’tan Amana’ kadu’pinen.",ya estaba delgadita la tierra (cerca a la superficie) y el carachupa tuvo la idea de agarrar los testículos del tigre.,"ipi'ma simensha lupa', chi'lek kankantuwiñi yapilli'tan amana' kadu'pinen.",fidel_lomas,P00241,True
U02211,G01982,Mejor vete.,A'PIMUECHU PAKER',mejor vete.,a'pimuechu paker',flashcards2,P02211,False
U03089,G02858,Ya Malalina ha muerto. Ella era la que sentía rencor.,Ipa’ Malallina chimiñi. Nana asu' luyuta'su'.,ya malalina ha muerto. ella era la que sentía rencor.,ipa' malallina chimiñi. nana asu' luyuta'su'.,pdf_textos,P00838,True
U04153,G03890,“Ahora regálame caña de azúcar”.,“Ipa’la panu’u lasenñan”.,ahora regálame caña de azúcar.,ipa'la panu'u lasenñan.,fidel_lomas,P00277,True
U01333,G01155,¿Puedo participar?,¿YENNITULEK KATUPA'TAK?,¿puedo participar?,¿yennitulek katupa'tak?,flashcards2,P01333,False
U04084,G03821,"Antes, a las mujeres les decían yungururu, paujil, pucacunga, perdiz…","Napi’ ima ku’apellusa’ itudekllina’ asu’ dunkululun, isha, chunser, uwek…","antes, a las mujeres les decían yungururu, paujil, pucacunga, perdiz…","napi' ima ku'apellusa' itudekllina' asu' dunkululun, isha, chunser, uwek…",fidel_lomas,P00208,True
U02478,G02247,"A mí esta señora me está hacienda hablar,","kua asu’ senñula’ a’lunpallun,","a mí esta señora me está hacienda hablar,","kua asu' senñula' a'lunpallun,",pdf_textos,P00227,True
U01233,G01066,Camina conmigo.,DEK'KUNTER' KUALEK,camina conmigo.,dek'kunter' kualek,flashcards2,P01233,False
U04025,G03762,También fue donde la Mujer Perdiz.,Nu’sik’unta’ pa’lli Dunkululunkek.,también fue donde la mujer perdiz.,nu'sik'unta' pa'lli dunkululunkek.,fidel_lomas,P00149,True
U00234,G00180,Déjame.,TAI'TULA'U,déjame.,tai'tula'u,flashcards2,P00234,False
U02024,G01803,Despierto temprano.,NANPILADAPALEK SHAMPASIK,despierto temprano.,nanpiladapalek shampasik,flashcards2,P02024,False
U04341,G04076,"Estuvo viviendo por Jeberillos, en la casa de su hija.",Nanpipawiñi Shiwiluwawalupa’ teklapin pideknenkek.,"estuvo viviendo por jeberillos, en la casa de su hija.",nanpipawiñi shiwiluwawalupa' teklapin pideknenkek.,fidel_lomas,P00465,True
U02270,G02039,"Como varios de ellos han estudiado ellos me dan mi comida,","Ñinchillintulusa’ ñanna’ nu’unta’ nawa’ enka’pallinerku ka’a’kasu’,","como varios de ellos han estudiado ellos me dan mi comida,","ñinchillintulusa' ñanna' nu'unta' nawa' enka'pallinerku ka'a'kasu',",pdf_textos,P00019,True
U02779,G02548,Por eso estamos sufriendo.,Nu’ak kua’ insekluten’apalekwa’.,por eso estamos sufriendo.,nu'ak kua' insekluten'apalekwa'.,pdf_textos,P00528,True
U01662,G01463,Baja aquí.,NU'WANKER' ASEK,baja aquí.,nu'wanker' asek,flashcards2,P01662,False
U02352,G02121,"Después, al maíz pulverizado y la yuca asada desmenuzada se los apiacha (se mezclan a mano formando una masa).",Ipa’linchi chitetllu’ kellu’lek seklekka’lek.,"después, al maíz pulverizado y la yuca asada desmenuzada se los apiacha (se mezclan a mano formando una masa).",ipa'linchi chitetllu' kellu'lek seklekka'lek.,pdf_textos,P00101,True
U00860,G00730,Memorízalo.,SEKDIPERKER' MUTU'PENKEK,memorízalo.,sekdiperker' mutu'penkek,flashcards2,P00860,False
U00247,G00191,Prepárate.,INSEK'DIPER'KER',prepárate.,insek'diper'ker',flashcards2,P00247,False
U01894,G01682,Somos inquietos.,WADANPINTEK NUKA'KAWA',somos inquietos.,wadanpintek nuka'kawa',flashcards2,P01894,False
U02113,G01888,Mándemelos.,A'UKTU'U,mándemelos.,a'uktu'u,flashcards2,P02113,False
U03675,G03426,Nosotros jugamos fútbol en la calle.,KUDA INTEKLITULLIDEK PILUTAPI KALLIK',nosotros jugamos fútbol en la calle.,kuda inteklitullidek pilutapi kallik',flashcards_oraciones,P00468,False
U02922,G02691,Entonces dijeron “Estos fueron atrapados por las fieras”.,Ipa’linchi itudeklli “Asi’na anaka’llina’”.,entonces dijeron estos fueron atrapados por las fieras.,ipa'linchi itudeklli asi'na anaka'llina'.,pdf_textos,P00671,True
U00006,G00004,¡Fuego!,¡PEN!,¡fuego!,¡pen!,flashcards2,P00006,False
U02336,G02105,De la chicha punta quieren conocer.,Uklupidekkin yañinchitulama’.,de la chicha punta quieren conocer.,uklupidekkin yañinchitulama'.,pdf_textos,P00085,True
U01856,G01644,Le preguntaron.,LEK'KLLINA',le preguntaron.,lek'kllina',flashcards2,P01856,False
U00541,G00443,Me acuerdo.,LLI'INUTAPALEK,me acuerdo.,lli'inutapalek,flashcards2,P00541,False
U01493,G01304,Déjale pasar.,TA'ITULER' NAKUI,déjale pasar.,ta'ituler' nakui,flashcards2,P01493,False
U03599,G03353,el niño limpia la casa.,NANA WILA WITEK'LLI PIDEK,el niño limpia la casa.,nana wila witek'lli pidek,flashcards_oraciones,P00392,False
U01455,G01267,Estoy horrorizado.,TEKUA'DANSU' ÑAPALEK,estoy horrorizado.,tekua'dansu' ñapalek,flashcards2,P01455,False
U00417,G00333,Más despacio.,A'PINTA' UTI'LA,más despacio.,a'pinta' uti'la,flashcards2,P00417,False
U03607,G03361,las niñas no limpian la mesa.,NANA WILA KUAPERLUSA KU'LA PEKKUI'IÑINA MISA',las niñas no limpian la mesa.,nana wila kuaperlusa ku'la pekkui'iñina misa',flashcards_oraciones,P00400,False
U00171,G00125,Apresúrate.,WIUKER',apresúrate.,wiuker',flashcards2,P00171,False
U04527,G04236,Aunque pocas lo recuerden,NU'UNTA'SA' LLI INUTAPALLINA',aunque pocas lo recuerden,nu'unta'sa' lli inutapallina',el_principito,P00010,False
U01840,G01629,¿Quiere bailar?,¿YALANSA'LLI?,¿quiere bailar?,¿yalansa'lli?,flashcards2,P01840,False
U02942,G02711,Dice que de verdad la tierra tembló (debido a que el duende venía).,Nanek ima tekkinchi lupa’ lenmeklli.,dice que de verdad la tierra tembló (debido a que el duende venía).,nanek ima tekkinchi lupa' lenmeklli.,pdf_textos,P00691,True
U03485,G03245,nosotras escuchamos la música.,KUDA LAUK'LLIDEK TULUNER',nosotras escuchamos la música.,kuda lauk'llidek tuluner',flashcards_oraciones,P00278,True
U03487,G03245,nosotros escuchamos la musica.,KUDA LAUK'LLIDEK TULUNER',nosotros escuchamos la musica.,kuda lauk'llidek tuluner',flashcards_oraciones,P00280,True
U02258,G02027,Pero a mí ya no me quería bien mi padre.,Kui’na a’pinta’ musu’ eknanpi’ñu tatawek.,pero a mí ya no me quería bien mi padre.,kui'na a'pinta' musu' eknanpi'ñu tatawek.,pdf_textos,P00007,True
U03070,G02839,Con eso vamos a golpear sus cabezas para matar a esos wiracochas!,Nana'lek llipu'mutu'tan dei'tawa' nana wa'dan!,con eso vamos a golpear sus cabezas para matar a esos wiracochas!,nana'lek llipu'mutu'tan dei'tawa' nana wa'dan!,pdf_textos,P00819,False
U03964,G03708,Así descansa la sachavaca.,Nu’su’ neriapalli panwala.,así descansa la sachavaca.,nu'su' neriapalli panwala.,fidel_lomas,P00088,True
U01522,G01331,Sientate Tomás.,DUKER' CHUMA,sientate tomás.,duker' chuma,flashcards2,P01522,False
U00740,G00616,No discutan.,YAINYUTUTAMA',no discutan.,yainyututama',flashcards2,P00740,False
U00491,G00400,¡No esperes!,¡YAWA'TENTA!,¡no esperes!,¡yawa'tenta!,flashcards2,P00491,False
U02973,G02742,Cuentan que cando llegaron a Moyobamba los que hablaban en lengua Inca los quisieron matar.,"Ektu’sik ima Muyunpak, nana Inka’ la’la’ lunlusa’ler ima, yadi’tudeklli.",cuentan que cando llegaron a moyobamba los que hablaban en lengua inca los quisieron matar.,"ektu'sik ima muyunpak, nana inka' la'la' lunlusa'ler ima, yadi'tudeklli.",pdf_textos,P00722,True
U01483,G01295,Está desierto.,MANEN ÑI'ÑI,está desierto.,manen ñi'ñi,flashcards2,P01483,False
U01540,G01346,Deben morir.,CHIMIN'ER'KASU'ÑAPALLI,deben morir.,chimin'er'kasu'ñapalli,flashcards2,P01540,False
U03837,G03582,ella viaja por las noches.,NANA PALLI' DEKPILLILU'SA',ella viaja por las noches.,nana palli' dekpillilu'sa',flashcards_oraciones,P00630,False
U01601,G01406,¿Cuándo vamos?,¿ENPI'A'CHA PA'ATER?,¿cuándo vamos?,¿enpi'a'cha pa'ater?,flashcards2,P01601,False
U02147,G01921,Están casados.,SADASU' ÑAPALLINA',están casados.,sadasu' ñapallina',flashcards2,P02147,False
U00433,G00346,Tom teje.,TOM LANTEÑI,tom teje.,tom lanteñi,flashcards2,P00433,False
U03356,G03123,él baila con alegría.,NANA LANSA'LLI SAKEK'SU',él baila con alegría.,nana lansa'lli sakek'su',flashcards_oraciones,P00149,False
U02829,G02598,Ahí dice (la ballena) salió a la playa y saliendo murió.,"Naneklima yunsu’lli dellutekkek, yunsu’n chimiñi.",ahí dice (la ballena) salió a la playa y saliendo murió.,"naneklima yunsu'lli dellutekkek, yunsu'n chimiñi.",pdf_textos,P00578,True
U03640,G03393,el niño no odia la oscuridad.,NANA WILA KU'LA LUYUIÑI KASISERLU',el niño no odia la oscuridad.,nana wila ku'la luyuiñi kasiserlu',flashcards_oraciones,P00433,False
U02626,G02395,Entonces tratémosle bien para que él también nos trate bien” dijo un viejo.,Nu’pachi munu’tawa’ nananta’ munu’ta’kudik” tullima ala’sa’ taserpi.,entonces tratémosle bien para que él también nos trate bien dijo un viejo.,nu'pachi munu'tawa' nananta' munu'ta'kudik tullima ala'sa' taserpi.,pdf_textos,P00375,True
U00831,G00702,Ignoralos.,LUWERCHINPU'DEKER,ignoralos.,luwerchinpu'deker,flashcards2,P00831,False
U03602,G03356,ella no limpia el cuarto.,NANA KU'LA WITEK'IÑI WICHI'AK,ella no limpia el cuarto.,nana ku'la witek'iñi wichi'ak,flashcards_oraciones,P00395,False
U03803,G03550,ella trabaja con alegría.,NANA SAKA'TAPALLI SAKEKSU',ella trabaja con alegría.,nana saka'tapalli sakeksu',flashcards_oraciones,P00596,False
U02897,G02666,"“¿Ay, quién de nosotras irá a quedar viuda?”","“¿Denkenmu’wa’ ekdulunterwa’, ten”","¿ay, quién de nosotras irá a quedar viuda?","¿denkenmu'wa' ekdulunterwa', ten",pdf_textos,P00646,True
U02354,G02123,Después bonito se lava uno la boca y se lava los dientes.,"Nanekla mushasu’ inkawilalek, inpamu’lateklek.",después bonito se lava uno la boca y se lava los dientes.,"nanekla mushasu' inkawilalek, inpamu'lateklek.",pdf_textos,P00103,True
U03919,G03663,Otros iban a montear para la comida.,Ali’ladaper pa’llina’ yayunek’anna weranki.,otros iban a montear para la comida.,ali'ladaper pa'llina' yayunek'anna weranki.,fidel_lomas,P00043,True
U00804,G00676,Estaba equivocado.,PEKTUNSU' ÑAPAWINEK,estaba equivocado.,pektunsu' ñapawinek,flashcards2,P00804,False
U03585,G03340,ellas no leen un cuento.,NAWA' KU'LA LUNCHI'ÑINA ALA'SA' CUENTU,ellas no leen un cuento.,nawa' ku'la lunchi'ñina ala'sa' cuentu,flashcards_oraciones,P00378,False
U04228,G03964,En la calle no se ensucia tu zapato.,Kallik sapatupen uchui’ñi.,en la calle no se ensucia tu zapato.,kallik sapatupen uchui'ñi.,fidel_lomas,P00352,True
U01243,G01075,Dormimos demasiado.,NAKUSU' WICHI'LLIDEK,dormimos demasiado.,nakusu' wichi'llidek,flashcards2,P01243,False
U02982,G02751,"Entonces cuando amanecieron, otro día cuando amanecieron nuevamente dijeron ""Ya queremos volver"".","Nanek ukllinantanna', ali'la uklli ukllinantununta'nna' tullina' ""Yadanta'llidek.","entonces cuando amanecieron, otro día cuando amanecieron nuevamente dijeron ya queremos volver.","nanek ukllinantanna', ali'la uklli ukllinantununta'nna' tullina' yadanta'llidek.",pdf_textos,P00731,True
U00098,G00974,Está bien.,MUPALLI,está bien.,mupalli,flashcards2,P00098,True
U00411,G00974,Está buena.,MUPALLI,está buena.,mupalli,flashcards2,P00411,True
U01127,G00974,Está perfecto.,MUPALLI,está perfecto.,mupalli,flashcards2,P01127,True
U04359,G04094,Su canoa amaneció hundida.,Nunen dankumer’su’ ukllinantulli.,su canoa amaneció hundida.,nunen dankumer'su' ukllinantulli.,fidel_lomas,P00483,True
U02585,G02354,“¿Quién será?” dijeron y se sorprendieron.,“¿Den a’ta’ chi?” tanna’ imanankankantullina’.,¿quién será? dijeron y se sorprendieron.,¿den a'ta' chi? tanna' imanankankantullina'.,pdf_textos,P00334,True
U02990,G02759,"Al regresar de allí hablaron “Por ahí vive gente blanca, de ojos azules, de ojos claros.","Nanekla adenchenna' luncha'llina' “Nanalupa' Dadapu muda' nanpipalli, kañellu'ladatusu, adawa'ladatusu.","al regresar de allí hablaron por ahí vive gente blanca, de ojos azules, de ojos claros.","nanekla adenchenna' luncha'llina' nanalupa' dadapu muda' nanpipalli, kañellu'ladatusu, adawa'ladatusu.",pdf_textos,P00739,True
U04247,G03983,no pueden encontrar su cura., innichi’ñina’ kananer’kasu’ ilulennanen.,no pueden encontrar su cura.,innichi'ñina' kananer'kasu' ilulennanen.,fidel_lomas,P00371,True
U00434,G00347,Tom sabe.,TOM ÑINCHITAPALLI,tom sabe.,tom ñinchitapalli,flashcards2,P00434,False
U03552,G03309,nosotras hablamos fuerte.,KUDA LUÑIDEK IKERSU',nosotras hablamos fuerte.,kuda luñidek ikersu',flashcards_oraciones,P00345,False
U01147,G00994,Déjame pensar.,TA'ITULA'U INLLI'INUTECHEK,déjame pensar.,ta'itula'u inlli'inutechek,flashcards2,P01147,False
U02701,G02470,De pie cayeron al agua.,Wanersu’ anu’dektullina’.,de pie cayeron al agua.,wanersu' anu'dektullina'.,pdf_textos,P00450,True
U03493,G03251,tú escuchas música.,KENMA LAUK'LA TULUNER',tú escuchas música.,kenma lauk'la tuluner',flashcards_oraciones,P00286,False
U03237,G03006,El pez nada en el agua.,SAMER IDUNPALLI  DEKKEK,el pez nada en el agua.,samer idunpalli dekkek,flashcards_oraciones,P00030,False
U01978,G01760,¿Me conoce?,¿LUWER'CHAPALUN?,¿me conoce?,¿luwer'chapalun?,flashcards2,P01978,False
U03965,G03709,A veces se mete a las chacras.,Nerpi’pu’lusa’ yunsu’palli menminlusak.,a veces se mete a las chacras.,nerpi'pu'lusa' yunsu'palli menminlusak.,fidel_lomas,P00089,True
U02678,G02447,Y después de pandillar regresó Arákayu.,Nu’an ima chu’kenpa’tan adanta’lli Arakayu.,y después de pandillar regresó arákayu.,nu'an ima chu'kenpa'tan adanta'lli arakayu.,pdf_textos,P00427,True
U00373,G00300,Es verdad.,TEKKINCHI NUKA'A,es verdad.,tekkinchi nuka'a,flashcards2,P00373,False
U02006,G01785,Odio estudiar.,LUYULEK KERKA' ,odio estudiar.,luyulek kerka',flashcards2,P02006,False
U02251,G02020,Yo soy Jeberina.,Kui’na Shiwilulunku.,yo soy jeberina.,kui'na shiwilulunku.,pdf_textos,P00000,True
U04402,G04137,"Si desde hace tiempo le hubiesen curado a mi lengua shiwilu, no se hubiese agravado.",Napiklanek lulenñina’ shiwilu la’la’wek tekkiker’inpui’nsu’.,"si desde hace tiempo le hubiesen curado a mi lengua shiwilu, no se hubiese agravado.",napiklanek lulenñina' shiwilu la'la'wek tekkiker'inpui'nsu'.,fidel_lomas,P00526,True
U02278,G02047,"Ahora esta hermana ha venido desde un pueblo lejano, la señora.","Ipa’la asu’ kai kua wei ñinanlukla weklli, senñula’.","ahora esta hermana ha venido desde un pueblo lejano, la señora.","ipa'la asu' kai kua wei ñinanlukla weklli, senñula'.",pdf_textos,P00027,True
U04031,G03768,"Por eso, la perdiz tiene bastante carne en su pecho.",Nanamalek dunkululun wapu’ lu’lunwanpalli chi’teknenkek.,"por eso, la perdiz tiene bastante carne en su pecho.",nanamalek dunkululun wapu' lu'lunwanpalli chi'teknenkek.,fidel_lomas,P00155,True
U03953,G03697,"La huangana es de color negro, su carne es comestible, es sabrosa.","Laman ker’pi nuka’a, lu’lunen ka’lek, iyalli.","la huangana es de color negro, su carne es comestible, es sabrosa.","laman ker'pi nuka'a, lu'lunen ka'lek, iyalli.",fidel_lomas,P00077,True
U03095,G02864,"Desde entonces en adelante, poco a poco algunos barriobajinos se rabian cuando los barrioaltinos van por ahí.",Ipa'leklanlek a'metchala nu'unta' Chilenñusa' yullina' Winenllusa' pa'a'ser nanalupa'.,"desde entonces en adelante, poco a poco algunos barriobajinos se rabian cuando los barrioaltinos van por ahí.",ipa'leklanlek a'metchala nu'unta' chilenñusa' yullina' winenllusa' pa'a'ser nanalupa'.,pdf_textos,P00844,False
U01408,G01223,He pecado.,APER'LEK,he pecado.,aper'lek,flashcards2,P01408,False
U03049,G02818,Para que mis hijos y los hijos de todos nosotros lo lean y que ellos también conozcan.,"Wilawek wilamapu'wa'lusa' lli'erkek, nawa'nta' luwetcherkek.",para que mis hijos y los hijos de todos nosotros lo lean y que ellos también conozcan.,"wilawek wilamapu'wa'lusa' lli'erkek, nawa'nta' luwetcherkek.",pdf_textos,P00798,True
U02141,G01915,Están discutiendo.,INYUTAPALLINA',están discutiendo.,inyutapallina',flashcards2,P02141,False
U00578,G00477,¿Es seguro?,¿TEKINCHI'CHA?,¿es seguro?,¿tekinchi'cha?,flashcards2,P00578,True
U00579,G00477,¿Es verdad?,¿TEKINCHI'CHA?,¿es verdad?,¿tekinchi'cha?,flashcards2,P00579,True
U02012,G01791,Adoro aprender.,IYATULEK ÑINCHITAK,adoro aprender.,iyatulek ñinchitak,flashcards2,P02012,False
U01336,G01158,¿Puedo tomarlo?,¿YENNITULEK PILLI'TAK?,¿puedo tomarlo?,¿yennitulek pilli'tak?,flashcards2,P01336,False
U03821,G03567,él no trabaja con alegría.,NANA KU'LA' SAKA'TAPI'ÑI SAKEKSU',él no trabaja con alegría.,nana ku'la' saka'tapi'ñi sakeksu',flashcards_oraciones,P00614,False
U04114,G03851,"Haciendo eso, dice, el Carachupa se metió más adentro y cavó una vuelta.","Nu’apan ima Chi’lek da’kun a’pinta’, iwa’tulli kuner’su’.","haciendo eso, dice, el carachupa se metió más adentro y cavó una vuelta.","nu'apan ima chi'lek da'kun a'pinta', iwa'tulli kuner'su'.",fidel_lomas,P00238,True
U04311,G04047,"Las lanchas, los carros, ellos todos los días estando de paso, van dejando (el covid-19) y se van.","tekka’a’su’daperler, nawa’ iñer’ ukllilusa’ nakupilanna’ akui’lanna’ pa’llina’.","las lanchas, los carros, ellos todos los días estando de paso, van dejando (el covid-19) y se van.","tekka'a'su'daperler, nawa' iñer' ukllilusa' nakupilanna' akui'lanna' pa'llina'.",fidel_lomas,P00435,True
U00765,G00639,Soy cocinero.,KALU'TUTEK' NUKA'KA,soy cocinero.,kalu'tutek' nuka'ka,flashcards2,P00765,False
U04519,G04228,Esta persona mayor es el mejor amigo que tengo en el mundo.,ASU' YALLY' SUSUNEN A'PINTA MUKANKAN A'ÑA'KASU' LUPAK,esta persona mayor es el mejor amigo que tengo en el mundo.,asu' yally' susunen a'pinta mukankan a'ña'kasu' lupak,el_principito,P00002,False
U00331,G00262,Te vi.,LLI'LLIEN,te vi.,lli'llien,flashcards2,P00331,False
U00661,G00547,Tom asintió.,TOM TULLI AJÁ,tom asintió.,tom tulli ajá,flashcards2,P00661,False
U01228,G01061,"Tom, despierta.","TOM, NANPILADALLI","tom, despierta.","tom, nanpiladalli",flashcards2,P01228,False
U03981,G03725,"Vive en el monte, se esconde en los huequitos.",Nanpipalli tanak insekkitapalli lallinshalusak.,"vive en el monte, se esconde en los huequitos.",nanpipalli tanak insekkitapalli lallinshalusak.,fidel_lomas,P00105,False
U03521,G03278,ellas estudian historia.,NAWA' ÑINCHITAPALLINA' NANPIER'KASU',ellas estudian historia.,nawa' ñinchitapallina' nanpier'kasu',flashcards_oraciones,P00314,False
U04200,G03936,Así conocí Yurimaguas. ,Nu’su’ luwerchulek Yurimawa’. ,así conocí yurimaguas.,nu'su' luwerchulek yurimawa'.,fidel_lomas,P00324,True
U02459,G02228,Les voy a contar del canasto que caminaba antiguamente.,Wintetchenma’ lantekpi dekkunta’su’ napi’.,les voy a contar del canasto que caminaba antiguamente.,wintetchenma' lantekpi dekkunta'su' napi'.,pdf_textos,P00208,True
U00537,G00439,Me encantó.,LUWANTULLIEN,me encantó.,luwantullien,flashcards2,P00537,False
U03747,G03496,ella pinta una casa.,NANA LLINSERLLI ALA'SA' PIDEK,ella pinta una casa.,nana llinserlli ala'sa' pidek,flashcards_oraciones,P00540,False
U00909,G00773,Tomás aplaudió.,TOMAS INLLIPU'ITE'LALLI,tomás aplaudió.,tomas inllipu'ite'lalli,flashcards2,P00909,False
U02937,G02706,"Desde ahora pónganse en acción” les dijo a los muchachos,","Nasu’ku’ ipia’laklanek” itudekllima wilalusa’,","desde ahora pónganse en acción les dijo a los muchachos,","nasu'ku' ipia'laklanek itudekllima wilalusa',",pdf_textos,P00686,True
U02644,G02413,"vino el tucunaré,","tukuner uklli,","vino el tucunaré,","tukuner uklli,",pdf_textos,P00393,False
U02789,G02558,"Cuando contaban yo también a los viejos ya finados les he escuchado, sentado desde cierta distancia.",Ta’ser kuanta’ taserpiku’lusa’ laukdeklek du’amu weilan.,"cuando contaban yo también a los viejos ya finados les he escuchado, sentado desde cierta distancia.",ta'ser kuanta' taserpiku'lusa' laukdeklek du'amu weilan.,pdf_textos,P00538,True
U03320,G03087,nosotras no abrimos la puerta.,KUDA EK'KER'CHI'ÑIDEK UNKUNAN,nosotras no abrimos la puerta.,kuda ek'ker'chi'ñidek unkunan,flashcards_oraciones,P00113,False
U01070,G00923,Tomé leche.,MUDIDEK ULEK,tomé leche.,mudidek ulek,flashcards2,P01070,False
U04431,G04166,"Por eso, siquiera de mentira están curándole.",Nanamalek da’pinanklata’la lulen’apallina’.,"por eso, siquiera de mentira están curándole.",nanamalek da'pinanklata'la lulen'apallina'.,fidel_lomas,P00555,True
U00329,G00260,Lo necesito.,LUANTULEK,lo necesito.,luantulek,flashcards2,P00329,False
U02078,G01855,Es refrescante.,SANEK'PIAK' NUKA'A,es refrescante.,sanek'piak' nuka'a,flashcards2,P02078,False
U03108,G02877,"“Ellos nos han enseñado a mentir, a robar, a matar, todas esas cosas.","“Nawa' asu' a'lekllinerkenmu'wa' tumu'akawek, apetchakawek, di'akawek, nanadaper ima'ka.","ellos nos han enseñado a mentir, a robar, a matar, todas esas cosas.","nawa' asu' a'lekllinerkenmu'wa' tumu'akawek, apetchakawek, di'akawek, nanadaper ima'ka.",pdf_textos,P00857,True
U01306,G01131,¿Están ocupados?,¿YENNICHI'NAMA'?,¿están ocupados?,¿yennichi'nama'?,flashcards2,P01306,False
U03124,G02893,Ya me voy.,Pantetchek.,ya me voy.,pantetchek.,pdf_textos,P00873,False
U01334,G01156,¿Puedo quedármelo?,¿YENNITULEK EK'LLIA'AK?,¿puedo quedármelo?,¿yennitulek ek'llia'ak?,flashcards2,P01334,False
U01062,G00915,Comí caviar.,KA'LEK CAVIAR,comí caviar.,ka'lek caviar,flashcards2,P01062,False
U00153,G00108,Adelante. (parte superior),EKTER,adelante. (parte superior),ekter,flashcards2,P00153,True
U01347,G01168,Hazlo conmigo.,KUALEK NU'TER',hazlo conmigo.,kualek nu'ter',flashcards2,P01347,False
U02146,G01920,Están celosos.,A'PISADATUTEKLUSA' ÑAPALLINA',están celosos.,a'pisadatuteklusa' ñapallina',flashcards2,P02146,False
U02661,G02430,Está regalando (pescado).,Panutapalli.,está regalando (pescado).,panutapalli.,pdf_textos,P00410,True
U03052,G02821,"Lo que contaron he escuchado, que por causa del camino de Moyobamba algunos se terminaron.","Ta'ser lauktulek, asu' Muyunpa inchilala malek, nu'unta' taketllina'.","lo que contaron he escuchado, que por causa del camino de moyobamba algunos se terminaron.","ta'ser lauktulek, asu' muyunpa inchilala malek, nu'unta' taketllina'.",pdf_textos,P00801,False
U03335,G03102,la niña no ama la naturaleza.,NANA WILA KU'APER TANTENÑI  DUDIMPU'LUSA' LUPA'KLA,la niña no ama la naturaleza.,nana wila ku'aper tantenñi dudimpu'lusa' lupa'kla,flashcards_oraciones,P00128,False
U01874,G01662,Tom canta.,TOM TULUNER'LLI,tom canta.,tom tuluner'lli,flashcards2,P01874,False
U00013,G00010,¡Espera!,¡WA'TEN'KER'!,¡espera!,¡wa'ten'ker'!,flashcards2,P00013,False
U00720,G00600,Sé discreto.,LUNTEK YAÑITA,sé discreto.,luntek yañita,flashcards2,P00720,False
U00350,G00277,Ólvidalo.,PINANER'KER',ólvidalo.,pinaner'ker',flashcards2,P00350,False
U02489,G02258,La víbora mordió a mi padre.,Da’wanler kiteklli tatawek.,la víbora mordió a mi padre.,da'wanler kiteklli tatawek.,pdf_textos,P00238,True
U00798,G00671,Quiero este.,ASU' LUWANTULEK,quiero este.,asu' luwantulek,flashcards2,P00798,False
U01096,G00949,Te demandaré.,WINLAPICHEN,te demandaré.,winlapichen,flashcards2,P01096,False
U00722,G00602,Sé puntual.,YATEK'DA'TA,sé puntual.,yatek'da'ta,flashcards2,P00722,False
U00376,G00303,Mantente caliente.,UKAPISU' ÑAPER',mantente caliente.,ukapisu' ñaper',flashcards2,P00376,True
U00377,G00303,Manténgase caliente.,UKAPISU' ÑAPER',manténgase caliente.,ukapisu' ñaper',flashcards2,P00377,True
U02934,G02703,"Con esto prendieron fuego (los del primer grupo), cocinaron, comieron y así les hizo dormir el Duende Puro Hueso”.","Asu’lek penkwanna’, akusutanna’, uranna’ wa’ki’deklli Lansi’ Wa’danler”.","con esto prendieron fuego (los del primer grupo), cocinaron, comieron y así les hizo dormir el duende puro hueso.","asu'lek penkwanna', akusutanna', uranna' wa'ki'deklli lansi' wa'danler.",pdf_textos,P00683,True
U04038,G03775,"Por eso, ahora, convirtiéndose en animal la sachavace tiene bastante carne.","Nanamalek, ipa’la, panwala añimarñan wapu’ lu’lunwanpalli.","por eso, ahora, convirtiéndose en animal la sachavace tiene bastante carne.","nanamalek, ipa'la, panwala añimarñan wapu' lu'lunwanpalli.",fidel_lomas,P00162,True
U00968,G00828,Hizo trampa.,TUMU'LLI,hizo trampa.,tumu'lli,flashcards2,P00968,False
U02791,G02560,Nos decían “¿Qué quieren escuchar ustedes?,Itullinerkudek “¿Ma’nen i’na kenmama’ yalauklama’?,nos decían ¿qué quieren escuchar ustedes?,itullinerkudek ¿ma'nen i'na kenmama' yalauklama'?,pdf_textos,P00540,True
U00954,G00815,¡Qué mugre!,!EMBU'NI UCHUTEK'IPA'!,¡qué mugre!,!embu'ni uchutek'ipa'!,flashcards2,P00954,False
U00468,G00379,Traed comida.,KENCHER' WERAN,traed comida.,kencher' weran,flashcards2,P00468,False
U03260,G03029,El anciano conoce muchas palabras.,PAPINKU LUWER'CHAPALLI WAPU' LA'LA'LUSA',el anciano conoce muchas palabras.,papinku luwer'chapalli wapu' la'la'lusa',flashcards_oraciones,P00053,False
U02726,G02495,"Ocurrido esto, (Arákayu) salió del lugar y se fue.",Nu’an ipa’ yunsu’n panta’lli. 7 Hizo daño.,"ocurrido esto, (arákayu) salió del lugar y se fue.",nu'an ipa' yunsu'n panta'lli. 7 hizo daño.,pdf_textos,P00475,True
U00273,G00215,¡Qué divertido!,¡EMPU'NI WA'DANPINTEK'IPA'!,¡qué divertido!,¡empu'ni wa'danpintek'ipa'!,flashcards2,P00273,False
U02772,G02541,dijeron las muchachas.,tullina’ sha’walusa’.,dijeron las muchachas.,tullina' sha'walusa'.,pdf_textos,P00521,True
U02558,G02327,Tres años ardió (Pampayacu).,Kala ekkilala uketlli.,tres años ardió (pampayacu).,kala ekkilala uketlli.,pdf_textos,P00307,True
U03913,G03657,En todas las chacras sembraban algodón.,Iñer’ menminlusak’ tera’llina’ pitellu.,en todas las chacras sembraban algodón.,iñer' menminlusak' tera'llina' pitellu.,fidel_lomas,P00037,True
U01963,G01747,¿Me querías?,¿LUWANTUWINUN?,¿me querías?,¿luwantuwinun?,flashcards2,P01963,True
U01964,G01747,¿Me amabas?,¿LUWANTUWINUN?,¿me amabas?,¿luwantuwinun?,flashcards2,P01964,True
U04254,G03990,ahora están vacunando a los niños; , ipa’la lulendek’apallina’ wilalusa’; ,ahora están vacunando a los niños;,ipa'la lulendek'apallina' wilalusa';,fidel_lomas,P00378,True
U01375,G01194,Abrazame fuertemente.,WIPERI'U IKERSU',abrazame fuertemente.,wiperi'u ikersu',flashcards2,P01375,False
U02027,G01806,Quiero conducir.,YAEKPA'LEK,quiero conducir.,yaekpa'lek,flashcards2,P02027,True
U02028,G01806,Quiero manejar.,YAEKPA'LEK,quiero manejar.,yaekpa'lek,flashcards2,P02028,True
U02064,G01841,¿Está satisfecho?,¿MUSU' ÑAPALLI?,¿está satisfecho?,¿musu' ñapalli?,flashcards2,P02064,False
U04342,G04077,Desde allá venía a veces a visitarme.,Naneklanek nerpi’pu’lusa’ lli’apencha’wiñu.,desde allá venía a veces a visitarme.,naneklanek nerpi'pu'lusa' lli'apencha'wiñu.,fidel_lomas,P00466,True
U02369,G02138,"Entonces cuando se termina, nuevamente la yuca sobrante se hierve (con el agua nueva que ha puesto) y se vuelve a trasladar.",Ipa’linchi ta’wantununta’sik nu’nipi’la ñapalli ker‘ ukluka’sik upetñunta’lek.,"entonces cuando se termina, nuevamente la yuca sobrante se hierve (con el agua nueva que ha puesto) y se vuelve a trasladar.",ipa'linchi ta'wantununta'sik nu'nipi'la ñapalli ker‘ ukluka'sik upetñunta'lek.,pdf_textos,P00118,True
U01038,G00893,Feliz Pascua.,MUSU' PASKUA',feliz pascua.,musu' paskua',flashcards2,P01038,False
U02762,G02531,"Estos malos, cuando no tengan más que comer, hasta lagarto comerán.","Asu’ mukankinpu’lusa’, ñi a’pinta’ ma’winpu’pachina’, tada ilakapi ka’achuna’.","estos malos, cuando no tengan más que comer, hasta lagarto comerán.","asu' mukankinpu'lusa', ñi a'pinta' ma'winpu'pachina', tada ilakapi ka'achuna'.",pdf_textos,P00511,True
U03465,G03228,él no enseña a escribir.,NANA KU'LA A'LEKCHIÑI LLINSERCHAK,él no enseña a escribir.,nana ku'la a'lekchiñi llinserchak,flashcards_oraciones,P00258,False
U03873,G03617,yo no vivo con su familia.,KUA KU'LA NANPI'PINEK PATUNENLEK,yo no vivo con su familia.,kua ku'la nanpi'pinek patunenlek,flashcards_oraciones,P00666,False
U01906,G01694,¿Dónde estabas?,¿ENÑUPA' ÑAPAWINA?,¿dónde estabas?,¿enñupa' ñapawina?,flashcards2,P01906,False
U02514,G02283,Entonces sí todos se pusieron de acuerdo. Dijeron “¡Vamos a pescar” y se fueron.,Ipa’linchi iñerdaper inlli’inutullina’ “¡Enchuku’ purkunwa’!” tanni’ma pa’llina’.,entonces sí todos se pusieron de acuerdo. dijeron ¡vamos a pescar y se fueron.,ipa'linchi iñerdaper inlli'inutullina' ¡enchuku' purkunwa'! tanni'ma pa'llina'.,pdf_textos,P00263,True
U00553,G00454,Soy francés.,FRANCES NUKA'KA,soy francés.,frances nuka'ka,flashcards2,P00553,False
U03929,G03673,"Entonces juntaban, llenaban sus canastos.","Nanek si’yektullina’, lantekpinenna’ pi’muer’llina’.","entonces juntaban, llenaban sus canastos.","nanek si'yektullina', lantekpinenna' pi'muer'llina'.",fidel_lomas,P00053,True
U00399,G00320,Póntelo.,I'SHI'KER',póntelo.,i'shi'ker',flashcards2,P00399,False
U03814,G03562,nosotras no trabajamos con alegría.,KUDA KU'LA SAKA'TAPI'ÑIDEK SAKEKSU',nosotras no trabajamos con alegría.,kuda ku'la saka'tapi'ñidek sakeksu',flashcards_oraciones,P00607,True
U03816,G03562,nosotros no trabajamos con alegría.,KUDA KU'LA SAKA'TAPI'ÑIDEK SAKEKSU',nosotros no trabajamos con alegría.,kuda ku'la saka'tapi'ñidek sakeksu',flashcards_oraciones,P00609,True
U02534,G02303,Cuando estábamos agarrando pescado nos botaron porque tenemos esta enfermedad sa’la’.,samer mapa’sekudek dinsulullinerkudek asu’ sa’la’ a’kudeksu’ malek.,cuando estábamos agarrando pescado nos botaron porque tenemos esta enfermedad sa'la'.,samer mapa'sekudek dinsulullinerkudek asu' sa'la' a'kudeksu' malek.,pdf_textos,P00283,True
U00690,G00573,Fracasaremos.,TEKA'PER'ATERWA',fracasaremos.,teka'per'aterwa',flashcards2,P00690,False
U00700,G00582,Somos pobres.,KULLIKER'WI'ÑIDEK,somos pobres.,kulliker'wi'ñidek,flashcards2,P00700,False
U00243,G00628,Siéntate.,DU'KER',siéntate.,du'ker',flashcards2,P00243,True
U00753,G00628,Tome asiento.,DU'KER',tome asiento.,du'ker',flashcards2,P00753,True
U03040,G02809,"Hoy estamos viendo. Estamos viendo todo lo que va aconteciendo años, semana, mes, año.","Ipa'li'na ipa' lli'apalekwa'. Lli'apalekwa' ma'pu'si'lipa' nakupilalli ekkilalalusa', simana', duker, ekkilala.","hoy estamos viendo. estamos viendo todo lo que va aconteciendo años, semana, mes, año.","ipa'li'na ipa' lli'apalekwa'. lli'apalekwa' ma'pu'si'lipa' nakupilalli ekkilalalusa', simana', duker, ekkilala.",pdf_textos,P00789,True
U02807,G02576,(los jóvenes) ya no valoran esas cosas.,ñi a’pinta’ nanadaper lli’inuchi’ñina’.,(los jóvenes) ya no valoran esas cosas.,ñi a'pinta' nanadaper lli'inuchi'ñina'.,pdf_textos,P00556,True
U02592,G02361,Haciendo eso nosotros dijimos “¡Vamos a ver quiénes son esos que viven!” y vinimos a salir (del monte).,Nu’amudek i’na’ “¡Enchu lli’kunwa’ nana den ipa’ nanpipalli!” tamudek pekpiwatukellillen itullini’ma.,haciendo eso nosotros dijimos ¡vamos a ver quiénes son esos que viven! y vinimos a salir (del monte).,nu'amudek i'na' ¡enchu lli'kunwa' nana den ipa' nanpipalli! tamudek pekpiwatukellillen itullini'ma.,pdf_textos,P00341,True
U00345,G00272,Soy obeso.,WEIPENSU' NUKA'KA,soy obeso.,weipensu' nuka'ka,flashcards2,P00345,False
U02242,G02011,Odia correr.,LUYU'LLI TEKA'AK,odia correr.,luyu'lli teka'ak,flashcards2,P02242,False
U01841,G01630,¿Bailamos?,¿LANSA'WA?,¿bailamos?,¿lansa'wa?,flashcards2,P01841,False
U00300,G00235,¡Fantástico!,¡U'CHIMUINCHI!,¡fantástico!,¡u'chimuinchi!,flashcards2,P00300,False
U00532,G00658,Me gustó.,TANTENWINEK,me gustó.,tantenwinek,flashcards2,P00532,True
U00785,G00658,La amaba.,TANTENWINEK,la amaba.,tantenwinek,flashcards2,P00785,True
U02178,G01952,Estamos disponibles.,INAPI ÑAPALLIDEK,estamos disponibles.,inapi ñapallidek,flashcards2,P02178,False
U01158,G01004,Ahora sientate.,IPA'LA DU'KER',ahora sientate.,ipa'la du'ker',flashcards2,P01158,False
U00233,G00179,Déjalo.,TAI'TULER',déjalo.,tai'tuler',flashcards2,P00233,False
U00846,G00716,Está nublado.,PULUNKER' WANTA'PALLI,está nublado.,pulunker' wanta'palli,flashcards2,P00846,False
U01571,G01376,Tenemos reglas.,A'ÑAPALLIDEK LA'LA'LUSA' LATEK'AK,tenemos reglas.,a'ñapallidek la'la'lusa' latek'ak,flashcards2,P01571,False
U02018,G01797,Pedí pizza.,PIZZA LEKTULEK,pedí pizza.,pizza lektulek,flashcards2,P02018,False
U02182,G01956,Somos prisioneros.,SIPUK'ÑAPALLIDEK,somos prisioneros.,sipuk'ñapallidek,flashcards2,P02182,False
U02144,G01918,Están bailando.,LANSA'PALLINA',están bailando.,lansa'pallina',flashcards2,P02144,False
U01315,G01138,¿Estás contento?,¿MUSU'CHA ÑAPALA?,¿estás contento?,¿musu'cha ñapala?,flashcards2,P01315,False
U02580,G02349,"Jeberos, julio 2007","Yuspainek’etchun, senñula’lusa’. Muchas gracias, señoras.","jeberos, julio 2007","yuspainek'etchun, senñula'lusa'. muchas gracias, señoras.",pdf_textos,P00329,True
U00056,G00044,Llámanos.,PEKLU'UDEK,llámanos.,peklu'udek,flashcards2,P00056,False
U00483,G00392,No vengas.,YAWENCHA'TA,no vengas.,yawencha'ta,flashcards2,P00483,False
U03446,G03209,nosotros no corremos bajo la lluvia.,KUDA KU'APERLUSA KU'LA TEKA'PI'ÑIDEK U'LAN WILENKEK,nosotros no corremos bajo la lluvia.,kuda ku'aperlusa ku'la teka'pi'ñidek u'lan wilenkek,flashcards_oraciones,P00239,False
U03312,G03079,¿Quieres contarme tu historia?,¿YA WINTULUN'CHA NANPIA'MASU'?,¿quieres contarme tu historia?,¿ya wintulun'cha nanpia'masu'?,flashcards_oraciones,P00105,False
U02841,G02610,Antes los soñadores decían “Por ahí por donde el sol se oculta hay un pueblo.,Napi’ wa’latulusa’ tullina’ “Ina asu’ kekki da’asu’lupa’ ala’sa’ ñinanlu’ ñapalli.,antes los soñadores decían por ahí por donde el sol se oculta hay un pueblo.,napi' wa'latulusa' tullina' ina asu' kekki da'asu'lupa' ala'sa' ñinanlu' ñapalli.,pdf_textos,P00590,True
U03575,G03331,nosotros no lavamos los platos.,KUDA KU'LA PAMUI'ÑIDEK SINANLUSA',nosotros no lavamos los platos.,kuda ku'la pamui'ñidek sinanlusa',flashcards_oraciones,P00368,False
U03085,G02854,"Entonces los que se escaparon, los que se corrieron, dice, se fueron a vivir por los cerros, se fueron a vivir.","Nanek ima chi'yek'erkasu' tekka'erkasu' ima, pa'llima mutupilupa' yananpinna', nanpikuñina'.","entonces los que se escaparon, los que se corrieron, dice, se fueron a vivir por los cerros, se fueron a vivir.","nanek ima chi'yek'erkasu' tekka'erkasu' ima, pa'llima mutupilupa' yananpinna', nanpikuñina'.",pdf_textos,P00834,True
U01351,G01172,No engordes.,YAWEYTA,no engordes.,yaweyta,flashcards2,P01351,False
U04033,G03770,"Entonces, dijo: “No puedo engordarme, mejor sería que aumente mi carne con arcilla”.","Nanekli’na tulli: “Yennichi’nek weya’kasu’, a’pimuetchun diteklulek lu’lunuk a’nadaetchek”.","entonces, dijo: no puedo engordarme, mejor sería que aumente mi carne con arcilla.","nanekli'na tulli: yennichi'nek weya'kasu', a'pimuetchun diteklulek lu'lunuk a'nadaetchek.",fidel_lomas,P00157,True
U00249,G00192,Parate,WANERKER',parate,wanerker',flashcards2,P00249,False
U00208,G00157,Soy rica.,WAPU' KULLIKER'WANEK,soy rica.,wapu' kulliker'wanek,flashcards2,P00208,True
U00209,G00157,Soy rico.,WAPU' KULLIKER'WANEK,soy rico.,wapu' kulliker'wanek,flashcards2,P00209,True
U01267,G01096,Eres rico.,KULLIKER'WANPALA,eres rico.,kulliker'wanpala,flashcards2,P01267,False
U00588,G00485,Está ahí.,NANEK ÑAPALLI,está ahí.,nanek ñapalli,flashcards2,P00588,False
U03625,G03379,las niñas nadan en el río.,NANA WILAKUAPER'LUSA' IDUÑINA' KUPINDEK'SHADEK'KEK,las niñas nadan en el río.,nana wilakuaper'lusa' iduñina' kupindek'shadek'kek,flashcards_oraciones,P00418,False
U03129,G02898,"Vamos a mandarles a hacer chacra"", diciendo vinieron (a Jeberos).","Menmi a'nu'tudek'awa'"" tannima u'anna'.","vamos a mandarles a hacer chacra, diciendo vinieron (a jeberos).",menmi a'nu'tudek'awa' tannima u'anna'.,pdf_textos,P00878,True
U00068,G00049,Lárguese.,¡PAKU'!,lárguese.,¡paku'!,flashcards2,P00068,False
U01397,G01215,No estudio.,KU'LA ÑINCHITAPI'NEK,no estudio.,ku'la ñinchitapi'nek,flashcards2,P01397,False
U03939,G03683,"Así, sin dificultad, pican sus pejes.",Nu’su’ saka’dek’inpu’ ekkuañina’ samernenna’.,"así, sin dificultad, pican sus pejes.",nu'su' saka'dek'inpu' ekkuañina' samernenna'.,fidel_lomas,P00063,True
U01659,G01460,¿Puedes verlo?,¿YENNITULA LLI'A'MAK?,¿puedes verlo?,¿yennitula lli'a'mak?,flashcards2,P01659,False
U01045,G00899,Él gritó.,NANA LAMAPU'LLI,él gritó.,nana lamapu'lli,flashcards2,P01045,False
U01371,G01190,Camina rápido.,WIU'SU' DEKUNTER',camina rápido.,wiu'su' dekunter',flashcards2,P01371,False
U00892,G00758,Llamaron.,PEKLU'TULLINA',llamaron.,peklu'tullina',flashcards2,P00892,False
U00473,G00384,Escoge uno.,WADUNKER' ALA'SA',escoge uno.,wadunker' ala'sa',flashcards2,P00473,False
U01307,G01132,¿Son polis?,¿SUNTADULUSA'CHA?,¿son polis?,¿suntadulusa'cha?,flashcards2,P01307,False
U02673,G02442,Quisieron hacerle tomar chicha punta pero Arákayu no quiso tomar.,"Ya’ullini’ma uklulu’, Arakayu iyui’ñi.",quisieron hacerle tomar chicha punta pero arákayu no quiso tomar.,"ya'ullini'ma uklulu', arakayu iyui'ñi.",pdf_textos,P00422,True
U02377,G02146,La mía también icáramela”.,kuanta’ uklupidekwek pekkuituu”.,la mía también icáramela.,kuanta' uklupidekwek pekkuituu.,pdf_textos,P00126,True
U04417,G04152,Hablen en castellano”.,Lunku’ lawer’ la’la’kla”.,hablen en castellano.,lunku' lawer' la'la'kla.,fidel_lomas,P00541,True
U02643,G02412,"vino la vacamarina,","panwalalan uklli,","vino la vacamarina,","panwalalan uklli,",pdf_textos,P00392,False
U03196,G02965,Nombres extranjeros han puesto sin saber hablar (la lengua).,Nerpi'la llillin aku'llina' ñinchiluinpu'la'pi'na'.,nombres extranjeros han puesto sin saber hablar (la lengua).,nerpi'la llillin aku'llina' ñinchiluinpu'la'pi'na'.,pdf_textos,P00945,True
U01276,G01104,Tú prometiste.,KENMA NU'TECHUN TUWINA,tú prometiste.,kenma nu'techun tuwina,flashcards2,P01276,False
U02209,G01980,Tú dormías.,KENMA WICHI'WINA',tú dormías.,kenma wichi'wina',flashcards2,P02209,False
U03254,G03023,Los niños tienen frío.,WILALUSA' SANEKWANTULLINA',los niños tienen frío.,wilalusa' sanekwantullina',flashcards_oraciones,P00047,False
U00991,G00849,¿Estás enfermo?,¿KALUWIPALA?,¿estás enfermo?,¿kaluwipala?,flashcards2,P00991,False
U04197,G03933,"Siendo ya un hombre joven, fui nuevamente a Yurimaguas para inscribirme como soldado, para obtener mi libreta militar.","Nanekla pa’nunta’lek Yurimawak a’pinta’ nadi’nektamu, yainllinserlapimu, yaa’ñamu kirka’wek suntatuki","siendo ya un hombre joven, fui nuevamente a yurimaguas para inscribirme como soldado, para obtener mi libreta militar.","nanekla pa'nunta'lek yurimawak a'pinta' nadi'nektamu, yainllinserlapimu, yaa'ñamu kirka'wek suntatuki",fidel_lomas,P00321,True
U00849,G00719,Déjame ayudarte.,TAITULA'U KATU'PE'CHEN,déjame ayudarte.,taitula'u katu'pe'chen,flashcards2,P00849,False
U03055,G02824,Entonces les voy a contar. ¡Escuchen!,Enta' winterkenma'. ¡Lawekku'!,entonces les voy a contar. ¡escuchen!,enta' winterkenma'. ¡lawekku'!,pdf_textos,P00804,False
U03350,G03117,las niñas no bailan con alegría.,WILA KU'APERLUSA' LANSAI'ÑINA' SAKEK'SU',las niñas no bailan con alegría.,wila ku'aperlusa' lansai'ñina' sakek'su',flashcards_oraciones,P00143,False
U02423,G02192,Postrada me la paso.,Ñapamu erwatapalek.,postrada me la paso.,ñapamu erwatapalek.,pdf_textos,P00172,False
U03271,G03040,Los monos negros están en la cima del arbol.,ETCHU'LUSA ÑAPALLINA' NALAMULUK,los monos negros están en la cima del arbol.,etchu'lusa ñapallina' nalamuluk,flashcards_oraciones,P00064,False
U00557,G00458,Soy torpe.,MA'KIMPU NUKA'KA,soy torpe.,ma'kimpu nuka'ka,flashcards2,P00557,False
U01460,G01272,Te escucharé.,LAUK'ECHEN,te escucharé.,lauk'echen,flashcards2,P01460,False
U00885,G00751,¡Alto! ¡Ladrón!,¡WANERKER'! ¡APECHUTEK!,¡alto! ¡ladrón!,¡wanerker'! ¡apechutek!,flashcards2,P00885,False
U03183,G02952,De allí le tocó el turno a otro.,Naneklima asu' ali'lima panta'lli.,de allí le tocó el turno a otro.,naneklima asu' ali'lima panta'lli.,pdf_textos,P00932,False
U00562,G01564,Estoy asustado.,IMANANTUSU' ÑAPALEK,estoy asustado.,imanantusu' ñapalek,flashcards2,P00562,True
U01770,G01564,Estoy asombrada.,IMANANTUSU' ÑAPALEK,estoy asombrada.,imanantusu' ñapalek,flashcards2,P01770,True
U01058,G01807,Quiero saberlo.,YAÑINCHITULEK,quiero saberlo.,yañinchitulek,flashcards2,P01058,True
U02029,G01807,Quiero aprender.,YAÑINCHITULEK,quiero aprender.,yañinchitulek,flashcards2,P02029,True
U01152,G00999,Entró Mary.,DA'KERLLI MARI,entró mary.,da'kerlli mari,flashcards2,P01152,False
U01420,G01234,Quiero llorar.,YAWELLEKLEK,quiero llorar.,yawelleklek,flashcards2,P01420,False
U01252,G01082,Estamos encerrados.,UNKU'PI ÑAPALLIDEK,estamos encerrados.,unku'pi ñapallidek,flashcards2,P01252,False
U04356,G04091,Estando de viaje hemos dormido en la desembocadura del Rumiyacu.,Pa’apilamudek wichi’llidek La’pir chinpeñak.,estando de viaje hemos dormido en la desembocadura del rumiyacu.,pa'apilamudek wichi'llidek la'pir chinpeñak.,fidel_lomas,P00480,True
U03107,G02876,así les dicen en otro idioma al castellano.,"itullina' ali'la'la'leklan, asu' Kaschilla.",así les dicen en otro idioma al castellano.,"itullina' ali'la'la'leklan, asu' kaschilla.",pdf_textos,P00856,False
U01617,G01422,Puedes hablar.,YENNITULA LUN'A'MAK,puedes hablar.,yennitula lun'a'mak,flashcards2,P01617,False
U01528,G01335,Sé positivo.,INLLI'INUTER' MUSUK,sé positivo.,inlli'inuter' musuk,flashcards2,P01528,False
U04180,G03916,"Después de surcar cuatro días, llegamos a Yurimaguas.",Inkatu’ ukllik penwineramudek ektu’llidek Yurimawak.,"después de surcar cuatro días, llegamos a yurimaguas.",inkatu' ukllik penwineramudek ektu'llidek yurimawak.,fidel_lomas,P00304,True
U03284,G03052,La comunidad se reúne hoy.,ÑINALU' INDIUNTUNCHU IPA'LA,la comunidad se reúne hoy.,ñinalu' indiuntunchu ipa'la,flashcards_oraciones,P00077,False
U01949,G01733,¿Pueden vernos?,¿YENNITULLINA LLI'ER'KENMUAK?,¿pueden vernos?,¿yennitullina lli'er'kenmuak?,flashcards2,P01949,False
U01584,G01389,Estamos casados.,SADASU' ÑAPALEK',estamos casados.,sadasu' ñapalek',flashcards2,P01584,False
U02403,G02172,"Esto queriendo llevar lejos, a otro pueblo, quieres aprender, de qué manera vivo aquí en Jeberos.","Asu’ yekpantan wei ali’la ñinanluk yañinchitula, ma’pu’sui’pa nanpilek kua asu’ Shiwiluk.","esto queriendo llevar lejos, a otro pueblo, quieres aprender, de qué manera vivo aquí en jeberos.","asu' yekpantan wei ali'la ñinanluk yañinchitula, ma'pu'sui'pa nanpilek kua asu' shiwiluk.",pdf_textos,P00152,True
U02496,G02265,Para hacer estudiar a mis hijos he trabajado bastante.,Wilaweklusa’ ya’ñinchillintudek’amu enpu’nipa’ saka’tulek.,para hacer estudiar a mis hijos he trabajado bastante.,wilaweklusa' ya'ñinchillintudek'amu enpu'nipa' saka'tulek.,pdf_textos,P00245,True
U03799,G03546,el niño no trabaja todos los días.,NANA WILA KU'LA SAKA'TAPI'ÑI IÑER'UKLLILUSA',el niño no trabaja todos los días.,nana wila ku'la saka'tapi'ñi iñer'ukllilusa',flashcards_oraciones,P00592,False
U01699,G01496,Parece enfadada.,YUPA'MASU'PUSU' LLI'TULA,parece enfadada.,yupa'masu'pusu' lli'tula,flashcards2,P01699,False
U02611,G02380,“Regálanos tus pescaditos. Tenemos hambre”.,- “Panuudek sametchapen. Uki’lallidek”.,regálanos tus pescaditos. tenemos hambre.,- panuudek sametchapen. uki'lallidek.,pdf_textos,P00360,True
U03932,G03676,Los pejes que se jalan se juntan en jicra.,Samerlusa’ dek’a’kasu’ si’yektulek sha’yak.,los pejes que se jalan se juntan en jicra.,samerlusa' dek'a'kasu' si'yektulek sha'yak.,fidel_lomas,P00056,True
U01419,G01233,Quiero café.,LUWANTULEK WAYUSA',quiero café.,luwantulek wayusa',flashcards2,P01419,False
U01113,G00964,Soy inquieto.,WA'DANPINTEK NUKA'KA,soy inquieto.,wa'danpintek nuka'ka,flashcards2,P01113,True
U01114,G00964,Soy intranquilo.,WA'DANPINTEK NUKA'KA,soy intranquilo.,wa'danpintek nuka'ka,flashcards2,P01114,True
U03062,G02831,Diciéndoles así les ha hecho entrar y les dijo.,Itudek'an ima a'da'dekan ima itudeklli.,diciéndoles así les ha hecho entrar y les dijo.,itudek'an ima a'da'dekan ima itudeklli.,pdf_textos,P00811,False
U03631,G03385,nosotras no nadamos en la cocha.,KUDA KU'LA' IDUNPI'ÑIDEK SENANKEK,nosotras no nadamos en la cocha.,kuda ku'la' idunpi'ñidek senankek,flashcards_oraciones,P00424,True
U03632,G03385,nosotros no nadamos en la cocha.,KUDA KU'LA' IDUNPI'ÑIDEK SENANKEK,nosotros no nadamos en la cocha.,kuda ku'la' idunpi'ñidek senankek,flashcards_oraciones,P00425,True
U01016,G00872,Venga conmigo.,WEK'KER' KUALEK,venga conmigo.,wek'ker' kualek,flashcards2,P01016,False
U01362,G01182,Guarda eso.,SEKDIPERKER' NANA,guarda eso.,sekdiperker' nana,flashcards2,P01362,True
U01363,G01182,Conserva eso.,SEKDIPERKER' NANA,conserva eso.,sekdiperker' nana,flashcards2,P01363,True
U00441,G00354,Tom irá.,TOM PA'ECHU,tom irá.,tom pa'echu,flashcards2,P00441,False
U00084,G00054,Me incliné.,YEN'NER'LEK',me incliné.,yen'ner'lek',flashcards2,P00084,False
U02053,G01830,Soy zurdo.,AMENNAN NUKA'KA,soy zurdo.,amennan nuka'ka,flashcards2,P02053,False
U02238,G02007,Explícamelo.,MUSU' WINTU'U,explícamelo.,musu' wintu'u,flashcards2,P02238,False
U03144,G02913,"He hecho mi pampanilla, he hecho mi camisa, de mi tío finado su camisa he hecho”.","Kalantekwek nu'tulek, kutunwek nu'tulek, apetchawekku'kin kutunen nu'itulek”.","he hecho mi pampanilla, he hecho mi camisa, de mi tío finado su camisa he hecho.","kalantekwek nu'tulek, kutunwek nu'tulek, apetchawekku'kin kutunen nu'itulek.",pdf_textos,P00893,True
U02874,G02643,Yendo vio a alguien tocando flauta (era el duende).,Pa’an ima lli’kuñi pilenñantapalli.,yendo vio a alguien tocando flauta (era el duende).,pa'an ima lli'kuñi pilenñantapalli.,pdf_textos,P00623,True
U02172,G01946,Queremos hablar.,YALUNÑIDEK,queremos hablar.,yalunñidek,flashcards2,P02172,False
U03542,G03299,ellas no hablan en voz baja.,NAWA' KU'LA LUMPI'ÑINA TA'TULAN'NA',ellas no hablan en voz baja.,nawa' ku'la lumpi'ñina ta'tulan'na',flashcards_oraciones,P00335,False
U01098,G00951,Soy doctor.,DOKTOR NUKA'KA,soy doctor.,doktor nuka'ka,flashcards2,P01098,False
U03334,G03101,ellos aman la naturaleza.,NAWA' TANTENÑINA'  DUDIMPU'LUSA' LUPA'KLA,ellos aman la naturaleza.,nawa' tantenñina' dudimpu'lusa' lupa'kla,flashcards_oraciones,P00127,False
U02503,G02272,acá no tengo ningún familiar.,asek kua patun a’ñinekta’la.,acá no tengo ningún familiar.,asek kua patun a'ñinekta'la.,pdf_textos,P00252,True
U04387,G04122, un poco más guardó para su comida.,nu’dunpi’la sekdiperlli weranenki.,un poco más guardó para su comida.,nu'dunpi'la sekdiperlli weranenki.,fidel_lomas,P00511,True
U03952,G03696,"Cuando matan a su madre, la cría permanece ahí.",Ashinen dei’ta’ser’ wawin nanek llia’lli.,"cuando matan a su madre, la cría permanece ahí.",ashinen dei'ta'ser' wawin nanek llia'lli.,fidel_lomas,P00076,True
U03178,G02947,"""Este"", dijo.","""Asu'"", tullima.","este, dijo.","asu', tullima.",pdf_textos,P00927,True
U01102,G00955,Estoy confuso.,LACHEK'KI'NEK,estoy confuso.,lachek'ki'nek,flashcards2,P01102,True
U01103,G00955,Estoy confundido.,LACHEK'KI'NEK,estoy confundido.,lachek'ki'nek,flashcards2,P01103,True
U04303,G04039, y el canto de la carretera,"kupin dekkun dunsak,",y el canto de la carretera,"kupin dekkun dunsak,",fidel_lomas,P00427,False
U00879,G00745,¿Debería ir?,¿PA'ECHEK'ATA'?,¿debería ir?,¿pa'echek'ata'?,flashcards2,P00879,False
U02345,G02114,Mientras está hirviendo se tuesta el maíz desgranado.,Ukluka’pasik kenmu’nta’ inyalalatulek chitetlla.,mientras está hirviendo se tuesta el maíz desgranado.,ukluka'pasik kenmu'nta' inyalalatulek chitetlla.,pdf_textos,P00094,True
U00046,G00729,¡Gracias!,¡YUSPEINET'ECHUN!,¡gracias!,¡yuspeinet'echun!,flashcards2,P00046,True
U00859,G00729,¡Muchas gracias!,¡YUSPEINET'ECHUN!,¡muchas gracias!,¡yuspeinet'echun!,flashcards2,P00859,True
U04144,G03881,le dijeron al Carachupa (las mujeres).,itullina’ Chi’lek.,le dijeron al carachupa (las mujeres).,itullina' chi'lek.,fidel_lomas,P00268,True
U01275,G01108,Prometiste.,NU'TECHUN TUWINA,prometiste.,nu'techun tuwina,flashcards2,P01275,True
U01282,G01108,Lo prometiste.,NU'TECHUN TUWINA,lo prometiste.,nu'techun tuwina,flashcards2,P01282,True
U03925,G03669,También los pejes que no habían muerto bajaban.,Samerlusa’nta’ chiminpu’er’kasu’ nu’wañina’.,también los pejes que no habían muerto bajaban.,samerlusa'nta' chiminpu'er'kasu' nu'wañina'.,fidel_lomas,P00049,True
U02670,G02439,A las golondrinas yo las envío.,Sellawa kualer a’uk’apencha’deklek.,a las golondrinas yo las envío.,sellawa kualer a'uk'apencha'deklek.,pdf_textos,P00419,True
U01293,G01118,Estás borracha.,LUPERSU' ÑAPALA,estás borracha.,lupersu' ñapala,flashcards2,P01293,False
U01570,G01375,Tenemos planes.,A'ÑAPALLIDEK MA'NEN'UN'TA' NU'TAK,tenemos planes.,a'ñapallidek ma'nen'un'ta' nu'tak,flashcards2,P01570,False
U01194,G01030,Se chocaron.,DA'PAÑINA',se chocaron.,da'pañina',flashcards2,P01194,True
U01195,G01030,Se estrellaron.,DA'PAÑINA',se estrellaron.,da'pañina',flashcards2,P01195,True
U01629,G01434,Trabajas duro.,SAKA'TECHU WATENSU',trabajas duro.,saka'techu watensu',flashcards2,P01629,False
U00973,G00833,Me lastimas.,A'KALUWI'LUN,me lastimas.,a'kaluwi'lun,flashcards2,P00973,False
U02223,G01994,Respira normal.,NERIKER' U'CHIMU,respira normal.,neriker' u'chimu,flashcards2,P02223,True
U02224,G01994,Respira tranquilo.,NERIKER' U'CHIMU,respira tranquilo.,neriker' u'chimu,flashcards2,P02224,True
U03613,G03367,tú no limpias el cuarto.,KENMA WITEK'API'NA WICHI'AK,tú no limpias el cuarto.,kenma witek'api'na wichi'ak,flashcards_oraciones,P00406,False
U01502,G01312,Comamos fuera.,ADIPI KA'AWA',comamos fuera.,adipi ka'awa',flashcards2,P01502,False
U04381,G04116,De ahí hemos madrugado y surcamos al Rumiyacu.,"Nanekla chidasu’lallidek, La’pir’ penwinerchullidek.",de ahí hemos madrugado y surcamos al rumiyacu.,"nanekla chidasu'lallidek, la'pir' penwinerchullidek.",fidel_lomas,P00505,True
U00137,G00094,Apártate.,PAKER' ÑILUPA',apártate.,paker' ñilupa',flashcards2,P00137,False
U01552,G01358,Tom dudó.,TOM LATEK'CHI'ÑI,tom dudó.,tom latek'chi'ñi,flashcards2,P01552,False
U03912,G03656,"Por eso, no hacían faltar algodón en sus chacras.",Nanamalek pitellu a’pawi’ñina’ menminennak.,"por eso, no hacían faltar algodón en sus chacras.",nanamalek pitellu a'pawi'ñina' menminennak.,fidel_lomas,P00036,True
U02965,G02734,"Entonces un hombre viejo dijo: ""Ahora sí éste ya nos hubiera comido a nosotros si no nos hubiéramos prevenido.",Ipa’la’ka tullima ala’sa’ taserpi “Ipa’ asu’nta’ka ka’nansinmu’wa’ kenmu’wa’ inlli’inuinpu’a’kawa’su’ ñilli.,entonces un hombre viejo dijo: ahora sí éste ya nos hubiera comido a nosotros si no nos hubiéramos prevenido.,ipa'la'ka tullima ala'sa' taserpi ipa' asu'nta'ka ka'nansinmu'wa' kenmu'wa' inlli'inuinpu'a'kawa'su' ñilli.,pdf_textos,P00714,True
U02728,G02497,Arakáyu llamó al Hombre Candela y le dijo,Arakayuler Tanpen peklu’n itulli,arakáyu llamó al hombre candela y le dijo,arakayuler tanpen peklu'n itulli,pdf_textos,P00477,True
U02563,G02332,Las viejitas tenían mucha pena y lloraban.,"Amilusa’ wa’inutullina’, willekllina’.",las viejitas tenían mucha pena y lloraban.,"amilusa' wa'inutullina', willekllina'.",pdf_textos,P00312,True
U03731,G03481,él olvida la tarea.,NANA PINANER'LLI YANU'TA'SU',él olvida la tarea.,nana pinaner'lli yanu'ta'su',flashcards_oraciones,P00524,False
U03302,G03070,Los niños escuchan atentos.,WILALUSA' LAUK' LLINA' MUSU',los niños escuchan atentos.,wilalusa' lauk' llina' musu',flashcards_oraciones,P00095,False
U01116,G00966,Estoy exhausto.,ÑAPALEK SAKA'TUSU',estoy exhausto.,ñapalek saka'tusu',flashcards2,P01116,True
U01117,G00966,Estoy reventado.,ÑAPALEK SAKA'TUSU',estoy reventado.,ñapalek saka'tusu',flashcards2,P01117,True
U02065,G01842,¿Es venenoso?,¿SULLIMAN WANPALLI?,¿es venenoso?,¿sulliman wanpalli?,flashcards2,P02065,False
U01290,G01115,Estarás bien.,MUSU' ÑAPE'CHU,estarás bien.,musu' ñape'chu,flashcards2,P01290,False
U00410,G00327,Anda.,DEKUNDUNLLI,anda.,dekundunlli,flashcards2,P00410,False
U01126,G00973,Me toca. (tocar),PATA'LLIU,me toca. (tocar),pata'lliu,flashcards2,P01126,True
U01489,G01339,Déjelo.,TA'ITULER',déjelo.,ta'ituler',flashcards2,P01489,True
U01532,G01339,Ya basta.,TA'ITULER',ya basta.,ta'ituler',flashcards2,P01532,True
U01239,G01072,Los amamos.,TANTEN'ÑIDEK,los amamos.,tanten'ñidek,flashcards2,P01239,False
U02655,G02424,"Escogieron (el pescado) y lo ahumaron, regresaron al pueblo y contaron (lo que había sucedido).","Wadunni’ma chintanna’, adenchanna’ ñinanluk luncha’llina’.","escogieron (el pescado) y lo ahumaron, regresaron al pueblo y contaron (lo que había sucedido).","wadunni'ma chintanna', adenchanna' ñinanluk luncha'llina'.",pdf_textos,P00404,True
U03223,G02992,Comemos todos nosotros cada noche.,WERANEK'WA IÑER'KENMUWA IÑER'DEKPILLILUSA,comemos todos nosotros cada noche.,weranek'wa iñer'kenmuwa iñer'dekpillilusa,flashcards_oraciones,P00016,False
U01996,G01776,¿Cómo terminará?,¿MA'PU'SU' TA'WANTECHU?,¿cómo terminará?,¿ma'pu'su' ta'wantechu?,flashcards2,P01996,False
U03568,G03325,ellos no barren la casa.,NAWA'KU'LA WITEK'IÑINA PIDEK,ellos no barren la casa.,nawa'ku'la witek'iñina pidek,flashcards_oraciones,P00361,False
U02206,G01977,Pareces triste.,LLI'TULA WE'INUTUSU',pareces triste.,lli'tula we'inutusu',flashcards2,P02206,False
U03404,G03168,el niño cierra el libro.,NANA WILA UNKU'LLI NANA KERKA',el niño cierra el libro.,nana wila unku'lli nana kerka',flashcards_oraciones,P00197,False
U04314,G04049,El nombre de mi finado hermano es Meneleo Cariajano Chota.,Yalli’shawekku’ llillinen nuka’a Miñiku Cariajanu Chuta. ,el nombre de mi finado hermano es meneleo cariajano chota.,yalli'shawekku' llillinen nuka'a miñiku cariajanu chuta.,fidel_lomas,P00438,True
U02751,G02520,Dicen que de esa manera antiguamente Arákayu nos maldijo y nos abandonó. a long time ago.,Nu’sui’ma napi’ Arakayu pillek’aminerkenmu’wa’ pa’lapinta’llinerkenmu’wa’.,dicen que de esa manera antiguamente arákayu nos maldijo y nos abandonó. a long time ago.,nu'sui'ma napi' arakayu pillek'aminerkenmu'wa' pa'lapinta'llinerkenmu'wa'.,pdf_textos,P00500,True
U01248,G01079,Estábamos heridos.,LLIPU'PI ÑAPAWIÑIDEK,estábamos heridos.,llipu'pi ñapawiñidek,flashcards2,P01248,True
U01249,G01079,Estábamos lastimados.,LLIPU'PI ÑAPAWIÑIDEK,estábamos lastimados.,llipu'pi ñapawiñidek,flashcards2,P01249,True
U02893,G02662,"Cuando se durmieron, dice que de veras vino el Duende Puro Hueso y a toditos los mató mordiéndoles el cuello,",Wichi’a’ser ima tekkinchi Lansi’ Wa’dan uk’an iñer ima laki’kerdeklli.,"cuando se durmieron, dice que de veras vino el duende puro hueso y a toditos los mató mordiéndoles el cuello,",wichi'a'ser ima tekkinchi lansi' wa'dan uk'an iñer ima laki'kerdeklli.,pdf_textos,P00642,True
U02366,G02135,Ahora a ese recipiente (grande de plástico) que le llaman“timbu”,Ipa’li’na nana wa’napi “tinpu” iterkasu’,ahora a ese recipiente (grande de plástico) que le llamantimbu,ipa'li'na nana wa'napi tinpu iterkasu',pdf_textos,P00115,True
U03234,G03003,¿Qué comiste hoy?,¿MA'NEN'ACHA KA'LA IPA'LA?,¿qué comiste hoy?,¿ma'nen'acha ka'la ipa'la?,flashcards_oraciones,P00027,False
U00808,G00680,Soy finlandés.,FINLANDIS NUKA'KA,soy finlandés.,finlandis nuka'ka,flashcards2,P00808,False
U01995,G01775,¡Qué interesante!,¡EMPU'NI LUYAIPA'!,¡qué interesante!,¡empu'ni luyaipa'!,flashcards2,P01995,False
U04334,G04069,Ahí colaboraron varias personas: ,Nanek saka’tullina’ wapu’daper: ,ahí colaboraron varias personas:,nanek saka'tullina' wapu'daper:,fidel_lomas,P00458,True
U03126,G02895,"Los que vinieron a ver dijeron, los que hacían comprender, los que interpretaban (la lengua) dijeron:","Lli'kerenni'ma tullina'ka nawa', nana a'lachekta'su', lawer'a'su' tulli:","los que vinieron a ver dijeron, los que hacían comprender, los que interpretaban (la lengua) dijeron:","lli'kerenni'ma tullina'ka nawa', nana a'lachekta'su', lawer'a'su' tulli:",pdf_textos,P00875,True
U02104,G01879,Quedémonos acá.,LLIA'AWA' ASEK,quedémonos acá.,llia'awa' asek,flashcards2,P02104,False
U02832,G02601,Dicen que antes era grande Ballena Poza.,A’llupima ñiwiñi napi’ Lanla’ Pitun.,dicen que antes era grande ballena poza.,a'llupima ñiwiñi napi' lanla' pitun.,pdf_textos,P00581,True
U01664,G01465,"Vamos, hazlo.","PA'AWA , NU'TER'","vamos, hazlo.","pa'awa, nu'ter'",flashcards2,P01664,False
U01985,G01766,Dales dinero.,ENKA'DEKER' KULLIKER',dales dinero.,enka'deker' kulliker',flashcards2,P01985,False
U00495,G00403,Come despacio.,WERANKER' UTI'LA,come despacio.,weranker' uti'la,flashcards2,P00495,False
U02235,G02004,¿Vives aquí?,¿ASEK NANPIPALA?,¿vives aquí?,¿asek nanpipala?,flashcards2,P02235,False
U03669,G03420,¿Qué hacen ustedes por la tarde?,¿MA'PU'LAMA' KEN'MAMA' ER'WA?,¿qué hacen ustedes por la tarde?,¿ma'pu'lama' ken'mama' er'wa?,flashcards_oraciones,P00462,False
U00057,G00045,Entre.,DA'KERKER',entre.,da'kerker',flashcards2,P00057,True
U00058,G00045,Pase.,DA'KERKER',pase.,da'kerker',flashcards2,P00058,True
U01573,G01378,Nunca hablamos.,ÑINPI' LUNPI'ÑIDEK,nunca hablamos.,ñinpi' lunpi'ñidek,flashcards2,P01573,False
U02881,G02650,"“Muy bien, hermano”. (joven)","- “Ta’iter, alli’shá”.","muy bien, hermano. (joven)","- ta'iter, alli'shá.",pdf_textos,P00630,True
U04067,G03804,“Vamos” le contestó (la Motelo).,“Pa’a” itulli.,vamos le contestó (la motelo).,pa'a itulli.,fidel_lomas,P00191,True
U00318,G00250,Puedo correr.,YEN'NITULEK TEKA'AK',puedo correr.,yen'nitulek teka'ak',flashcards2,P00318,False
U01705,G01502,Aquí vienen.,ASEK UK'APILELLINA',aquí vienen.,asek uk'apilellina',flashcards2,P01705,False
U02938,G02707,a esos jóvenes.,nana nadi’neklusi’ma.,a esos jóvenes.,nana nadi'neklusi'ma.,pdf_textos,P00687,True
U01961,G01745,¿Te gustó?,¿IYA'TULA?,¿te gustó?,¿iya'tula?,flashcards2,P01961,False
U02411,G02180,"Pero como tengo hijos ellos me están viendo, de mi comida, de mi bebida, de todo me están viendo mis hijos.","Wilawamui’na nawa’ lli’apallinerku, uran’ukeklan3, uweklan, iñerkeklan lli’apallinerku wilaweklusa’.","pero como tengo hijos ellos me están viendo, de mi comida, de mi bebida, de todo me están viendo mis hijos.","wilawamui'na nawa' lli'apallinerku, uran'ukeklan3, uweklan, iñerkeklan lli'apallinerku wilaweklusa'.",pdf_textos,P00160,True
U01598,G01403,¡Qué alivio!,¡ENPU'NI MUI'PA!,¡qué alivio!,¡enpu'ni mui'pa!,flashcards2,P01598,False
U00189,G00140,Estoy calvo.,NUWEK'MUTU' ÑAPALEK,estoy calvo.,nuwek'mutu' ñapalek,flashcards2,P00189,False
U03439,G03202,la niña no corre bajo la lluvia.,NANA WILA KU'APER KU'LA TEKA'PI'ÑI U'LAN WILENKEK,la niña no corre bajo la lluvia.,nana wila ku'aper ku'la teka'pi'ñi u'lan wilenkek,flashcards_oraciones,P00232,False
U02547,G02316,“Aquí está el árbol inclinado. ¡Detengámonos!”,“Ma’atasu’ nala inner’apalli. ¡Wanera!”,aquí está el árbol inclinado. ¡detengámonos!,ma'atasu' nala inner'apalli. ¡wanera!,pdf_textos,P00296,True
U03500,G03257,ellas esperan con tranquilidad.,NAWA' WA'TENTULLINA' MUSICLANLEK',ellas esperan con tranquilidad.,nawa' wa'tentullina' musiclanlek',flashcards_oraciones,P00293,False
U04263,G03999,en la calle lávate las manos con alcohol.,kallik alcohollek inwinsekker’.,en la calle lávate las manos con alcohol.,kallik alcohollek inwinsekker'.,fidel_lomas,P00387,True
U02688,G02457,"cuando pasó el carnaval regresó,","mitan nakusik ima adanta’n,","cuando pasó el carnaval regresó,","mitan nakusik ima adanta'n,",pdf_textos,P00437,True
U03031,G02800,Algún día en un fierro viejo que vuela ustedes también van a viajar.,Enpi' uklli pen ala'sa' wa'natek pennu'a'su' kenmama'nta' pa'achuma'.,algún día en un fierro viejo que vuela ustedes también van a viajar.,enpi' uklli pen ala'sa' wa'natek pennu'a'su' kenmama'nta' pa'achuma'.,pdf_textos,P00780,False
U01394,G01212,Puedo verte.,YENNITULEK LI'AN'SU',puedo verte.,yennitulek li'an'su',flashcards2,P01394,False
U03396,G03160,tú caminas muy rápido.,KENMA DEKKUNTULA NAKUSU' WIU'KSU',tú caminas muy rápido.,kenma dekkuntula nakusu' wiu'ksu',flashcards_oraciones,P00189,False
U04187,G03923,"Comprando, he chupado y me ha gustado.","Mapa’tamu pisha’lek, iyatulek.","comprando, he chupado y me ha gustado.","mapa'tamu pisha'lek, iyatulek.",fidel_lomas,P00311,True
U00479,G00389,¡Ven rápido!,¡WENCHER' WIUKSU'!,¡ven rápido!,¡wencher' wiuksu'!,flashcards2,P00479,True
U00480,G00389,¡Vení rápido!,¡WENCHER' WIUKSU'!,¡vení rápido!,¡wencher' wiuksu'!,flashcards2,P00480,True
U01111,G00962,Estoy embarazada.,KADULUNSU' ÑAPALEK,estoy embarazada.,kadulunsu' ñapalek,flashcards2,P01111,False
U02798,G02567,"A veces le llamaban, le discursaban a Arákayu.","Nerpi’pu’ peklu’llina’, ulenñina’ Arakayu.","a veces le llamaban, le discursaban a arákayu.","nerpi'pu' peklu'llina', ulenñina' arakayu.",pdf_textos,P00547,True
U03057,G02826,"Por eso dice, una mujer llamada Malallina9,","Nana malek imi'na, ala'sa' shaya' llillinen itullina' Malallina,","por eso dice, una mujer llamada malallina9,","nana malek imi'na, ala'sa' shaya' llillinen itullina' malallina,",pdf_textos,P00806,False
U02654,G02423,"“Sábalo, y este es acarahuasú, y este es …este... fasaco, este es lisa, palometa, gamitana....” les dijo.","- “Nansek, asui’na iker’adu, asui’na ..ma’i.. a’lanan, asu’ nerkala, terek, dunanser....” itudekllima.","sábalo, y este es acarahuasú, y este es …este... fasaco, este es lisa, palometa, gamitana.... les dijo.","- nansek, asui'na iker'adu, asui'na ..ma'i.. a'lanan, asu' nerkala, terek, dunanser.... itudekllima.",pdf_textos,P00403,True
U00354,G00281,¿Está lejos?,¿WEIA'CHA ÑAPALLI?,¿está lejos?,¿weia'cha ñapalli?,flashcards2,P00354,False
U00911,G00775,Tom escapó.,TOM CHI'YE'KLLI,tom escapó.,tom chi'ye'klli,flashcards2,P00911,False
U03157,G02926,"Ellos han adoptado el nombre ""El de la boca abierta"".",Nawa'ler ima aku'llillillina' Laweklatek.,ellos han adoptado el nombre el de la boca abierta.,nawa'ler ima aku'llillillina' laweklatek.,pdf_textos,P00906,True
U01823,G01613,Continuemos.,TUPITAWA',continuemos.,tupitawa',flashcards2,P01823,False
U01727,G01523,Tengo tos.,ILULEK,tengo tos.,ilulek,flashcards2,P01727,False
U04285,G04021,Tiene caminos y quebradas.,Dekkunlusa’ dekshadeklusa’ a’ñapalli.,tiene caminos y quebradas.,dekkunlusa' dekshadeklusa' a'ñapalli.,fidel_lomas,P00409,True
U04172,G03908,Fuimos para mandar curar a nuestra mamá en el hospital.,A’lulentukuñidek awawidek uspitalkek.,fuimos para mandar curar a nuestra mamá en el hospital.,a'lulentukuñidek awawidek uspitalkek.,fidel_lomas,P00296,True
U01444,G01256,Lo llevaré.,EPA'ECHEK,lo llevaré.,epa'echek,flashcards2,P01444,False
U00121,G00083,Crudo,NANPI,crudo,nanpi,flashcards2,P00121,True
U00122,G00083,Vivo,NANPI,vivo,nanpi,flashcards2,P00122,True
U04421,G04156,Dicen que su remedio es enseñar la lengua shiwilu en las escuelas.,Ilulennanen ima nuka’a a’lektanna’ shiwilu la’la’ ñinchituna-pideklusak.,dicen que su remedio es enseñar la lengua shiwilu en las escuelas.,ilulennanen ima nuka'a a'lektanna' shiwilu la'la' ñinchituna-pideklusak.,fidel_lomas,P00545,True
U03924,G03668,Este hermano menor conoce dónde dejar el barbasco majado.,"Asu’ yalli’wa luwer’apalli akui’la’mamak puñañi
llisanpi.",este hermano menor conoce dónde dejar el barbasco majado.,asu' yalli'wa luwer'apalli akui'la'mamak puñañi llisanpi.,fidel_lomas,P00048,True
U01440,G01253,Te mataré.,DEI'TECHEN,te mataré.,dei'techen,flashcards2,P01440,False
U00755,G00630,¡Ha venido!,¡WEK'LLI!,¡ha venido!,¡wek'lli!,flashcards2,P00755,False
U04521,G04230,"Esta persona mayor es capaz de comprender todo, hasta los libros para niños.",ASU' YALLY' SUSUNEN LACHEK'SU IÑER' KERKA LUSA' WILALUSAKINTA',"esta persona mayor es capaz de comprender todo, hasta los libros para niños.",asu' yally' susunen lachek'su iñer' kerka lusa' wilalusakinta',el_principito,P00004,False
U00536,G00438,¡Te amo!,¡LUANTULLIEN!,¡te amo!,¡luantullien!,flashcards2,P00536,False
U03761,G03510,ella no recuerda su nombre.,NANA KU'LA LLI'INUTAPI'ÑI LLILLINEN,ella no recuerda su nombre.,nana ku'la lli'inutapi'ñi llillinen,flashcards_oraciones,P00554,False
U04131,G03868,"“No me comas, tío. ¿Por qué me vas a comer?”","“Aner’ yaka’tun, apetchá. ¿Ma’ki’na ka’etchunku?”","no me comas, tío. ¿por qué me vas a comer?","aner' yaka'tun, apetchá. ¿ma'ki'na ka'etchunku?",fidel_lomas,P00255,True
U02716,G02485,Arákayu shinguró7 (los lagos).,Arakayuler pilleklli.,arákayu shinguró7 (los lagos).,arakayuler pilleklli.,pdf_textos,P00465,True
U02710,G02479,"También los lagos se secaron,","Sennanlusa’nta’ enñi,","también los lagos se secaron,","sennanlusa'nta' enñi,",pdf_textos,P00459,True
U00773,G00646,Como pan.,KA'APALEK TANTA',como pan.,ka'apalek tanta',flashcards2,P00773,False
U01698,G01495,La increpó.,YUTULLI,la increpó.,yutulli,flashcards2,P01698,False
U03371,G03137,nosotras bajamos la escalera.,KUDA NU'WAN'TAPALLIDEK' CHINTEN'NA,nosotras bajamos la escalera.,kuda nu'wan'tapallidek' chinten'na,flashcards_oraciones,P00164,False
U01178,G01020,No discutas.,YAINYUTUTA,no discutas.,yainyututa,flashcards2,P01178,False
U03094,G02863,Así vivieron cuántos años quizás.,Nu'si'ma nanpillina' enpu'dun ekkilalei'pa'.,así vivieron cuántos años quizás.,nu'si'ma nanpillina' enpu'dun ekkilalei'pa'.,pdf_textos,P00843,False
U03805,G03552,ellas no trabajan con alegría.,NAWA'KU'LA SAKA'TAPI'ÑINA' SAKEKSU',ellas no trabajan con alegría.,nawa'ku'la saka'tapi'ñina' sakeksu',flashcards_oraciones,P00598,False
U00998,G00855,Sé despiadado.,LUTANTENINPU'KER',sé despiadado.,lutanteninpu'ker',flashcards2,P00998,False
U02539,G02308,agua blanquísima y cristalina van a encontrar.,enpu’ni dadapudekshipa’ enpu’ni pektudekshipa’ kanenchuma’.,agua blanquísima y cristalina van a encontrar.,enpu'ni dadapudekshipa' enpu'ni pektudekshipa' kanenchuma'.,pdf_textos,P00288,True
U00534,G00437,Te quiero.,LUANTULLIEN,te quiero.,luantullien,flashcards2,P00534,True
U00535,G00437,Te amo.,LUANTULLIEN,te amo.,luantullien,flashcards2,P00535,True
U02971,G02740,"Por eso ellos se fueron calladitos, caminaron cuidadosamente sin hacer ruido.","Nawei’mi’na nana malek ima nawa’ ta’tushalanna’ pa’llina’, ta’tushalanni’ma dekkuntullina’.","por eso ellos se fueron calladitos, caminaron cuidadosamente sin hacer ruido.","nawei'mi'na nana malek ima nawa' ta'tushalanna' pa'llina', ta'tushalanni'ma dekkuntullina'.",pdf_textos,P00720,True
U02161,G01935,Podemos ayudarlos.,YENNITULEK'WA' KATU'PA'A'KAWAK,podemos ayudarlos.,yennitulek'wa' katu'pa'a'kawak,flashcards2,P02161,False
U00587,G00484,Está listo.,INSEK'DIPERPI ÑAPALLI,está listo.,insek'diperpi ñapalli,flashcards2,P00587,False
U04087,G03824,"Andando, el abuelo se fue a ver a las que bailaban tanto, cuando pifuaneaba el Carachupa.","Papinku pa’apilan lli’kuñima enpu’nipi’ma lansa’pa’ser’, pilenñantusik Chi’lek.","andando, el abuelo se fue a ver a las que bailaban tanto, cuando pifuaneaba el carachupa.","papinku pa'apilan lli'kuñima enpu'nipi'ma lansa'pa'ser', pilenñantusik chi'lek.",fidel_lomas,P00211,True
U00703,G00585,¿Qué pasa?,¿MAPU'LA?,¿qué pasa?,¿mapu'la?,flashcards2,P00703,False
U04073,G03810,Alguien le dijo “Se están burlando de ti debido a tus diseños”.,Ali’laler itulli “Llinserpenmalek lumerapallinerken”.,alguien le dijo se están burlando de ti debido a tus diseños.,ali'laler itulli llinserpenmalek lumerapallinerken.,fidel_lomas,P00197,True
U00097,G00063,Estoy mojada.,WIWERAPALEK,estoy mojada.,wiwerapalek,flashcards2,P00097,False
U00915,G00779,Tom escucha.,TOM LAUKTAPALLI,tom escucha.,tom lauktapalli,flashcards2,P00915,False
U03708,G03459,Yo pesco con caña en el río.,KUA PUR'APALEK DEKSAMERNALALEK KUPINDE'SHADE'KEK,yo pesco con caña en el río.,kua pur'apalek deksamernalalek kupinde'shade'kek,flashcards_oraciones,P00501,False
U00147,G00103,Arregla esto.,ASU' TEKDI'PER'KER',arregla esto.,asu' tekdi'per'ker',flashcards2,P00147,False
U03318,G03085,ellos abren la ventana.,NAWA' EK'KER'CHULLINA VENTANA,ellos abren la ventana.,nawa' ek'ker'chullina ventana,flashcards_oraciones,P00111,False
U00185,G00137,Esperé.,WA'TEN'NEK',esperé.,wa'ten'nek',flashcards2,P00185,False
U02898,G02667,dijo una mujer con pena.,tullima ala’sa’ shaya’.,dijo una mujer con pena.,tullima ala'sa' shaya'.,pdf_textos,P00647,True
U03433,G03196,él no construye una torre.,NANA KU'LA NU'CHI'ÑI ALA'SA' TORRE,él no construye una torre.,nana ku'la nu'chi'ñi ala'sa' torre,flashcards_oraciones,P00226,False
U04062,G03799,Muy bien” dijo la Iguana.,“Mu’chun” tulli Pekkuala.,muy bien dijo la iguana.,mu'chun tulli pekkuala.,fidel_lomas,P00186,True
U02891,G02660,Poquito les quitó el sueño.,A’metcha nanpiladencha’llina’.,poquito les quitó el sueño.,a'metcha nanpiladencha'llina'.,pdf_textos,P00640,True
U01028,G00883,¿Duele?,¿IKERLLI?,¿duele?,¿ikerlli?,flashcards2,P01028,False
U01609,G01414,Llegaste temprano.,DASU'LA EKTU'KERLLIA,llegaste temprano.,dasu'la ektu'kerllia,flashcards2,P01609,False
U00236,G00182,Vamos.,PA'A,vamos.,pa'a,flashcards2,P00236,False
U04330,G04065,"Posteriormente, salió (de Jeberos) y se fue por el rio Marañón, allá se fue a vivir por muchos años.","Nanek ñapan yunsu’lli, pa’lli Tandeklupa’, nanek nanpikuñi wapu’ ekkilala.","posteriormente, salió (de jeberos) y se fue por el rio marañón, allá se fue a vivir por muchos años.","nanek ñapan yunsu'lli, pa'lli tandeklupa', nanek nanpikuñi wapu' ekkilala.",fidel_lomas,P00454,True
U03297,G03065,Me gustaría aprender más.,YA ÑINCHICHINA'KA A'PINTA',me gustaría aprender más.,ya ñinchichina'ka a'pinta',flashcards_oraciones,P00090,False
U04320,G04055,Creció sin padre. ,Susulli tatawi’nsu’. ,creció sin padre.,susulli tatawi'nsu'.,fidel_lomas,P00444,True
U02148,G01922,Son hermanas.,KAIKUALUSA' NUKER'KA,son hermanas.,kaikualusa' nuker'ka,flashcards2,P02148,False
U04100,G03837,Sin…sin…sin…sin…. Así nomás (feo) le hacía sonar.,Sin…sin…sin…sin… tula’si’ma a’illiñi.,sin…sin…sin…sin…. así nomás (feo) le hacía sonar.,sin…sin…sin…sin… tula'si'ma a'illiñi.,fidel_lomas,P00224,True
U01157,G01003,Ahora déjanos.,IPA'LA TA'ITULA'U'KUDEK,ahora déjanos.,ipa'la ta'itula'u'kudek,flashcards2,P01157,False
U01931,G01716,Has cambiado.,A'PAWILEK'LA,has cambiado.,a'pawilek'la,flashcards2,P01931,False
U00062,G04291,Sal. ,YUNSUER',sal.,yunsuer',flashcards2,P00062,True
U00063,G04291,Sal. ,DAMULA,sal.,damula,flashcards2,P00063,True
U04599,G04291,sal,damula,sal,damula,extra,P00069,True
U00066,G04482,Largo ,SHIN,largo,shin,flashcards2,P00066,True
U04843,G04482,soga larga,shillin,soga larga,shillin,extra,P00313,True
U04846,G04482,largo,shillin,largo,shillin,extra,P00316,True
U00074,G04256,Dolor,IKER,dolor,iker,flashcards2,P00074,True
U04558,G04256,dolor,iker',dolor,iker',extra,P00028,True
U00836,G04323,Pasó.,NAKULLI ,pasó.,nakulli,flashcards2,P00836,True
U04639,G04323,pasó,nakulli,pasó,nakulli,extra,P00109,True
U04473,G04192,COMO ESTAS?,MA'PUSIN,como estas?,ma'pusin,cotidianas,P00000,False
U04474,G04193,HOLA A TODOS,LLI'TAA',hola a todos,lli'taa',cotidianas,P00001,False
U04475,G04194,HOLA COMPADRE,LLI'TAA' KUNPARI,hola compadre,lli'taa' kunpari,cotidianas,P00002,False
U04476,G04195,HOLA TÍO,LLI'TAA' APCHA,hola tío,lli'taa' apcha,cotidianas,P00003,False
U04477,G04196,HOLA TÍA,LLI'TAA' ASHATU'CHA,hola tía,lli'taa' ashatu'cha,cotidianas,P00004,True
U04478,G04196,HOLA TÍA,LLI'TAA INECHA,hola tía,lli'taa inecha,cotidianas,P00005,True
U04479,G04197,ADIOS,PANTEKCHEK,adios,pantekchek,cotidianas,P00006,False
U04480,G04198,ADIOS COMPADRE,PANTEKCHEK KUNPARI,adios compadre,pantekchek kunpari,cotidianas,P00007,False
U04481,G04199,ADIOS TÍO,PANTEKCHEK APCHA,adios tío,pantekchek apcha,cotidianas,P00008,False
U04482,G04200,ADIOS TÍA,PANTEKCHEK ASHATU'CHA,adios tía,pantekchek ashatu'cha,cotidianas,P00009,True
U04483,G04200,ADIOS TÍA,PANTEKCHEK INECHA,adios tía,pantekchek inecha,cotidianas,P00010,True
U04484,G04201,GRACIAS,YUSPEINETECHUM,gracias,yuspeinetechum,cotidianas,P00011,False
U04485,G04202,POR FAVOR,YUSMALEK,por favor,yusmalek,cotidianas,P00012,False
U04486,G04203,HERMANO,I IN,hermano,i in,cotidianas,P00013,True
U04487,G04203,HERMANO,DUDEN,hermano,duden,cotidianas,P00014,True
U04488,G04475,HERMANA MAYOR,SHA'SHA,hermana mayor,sha'sha,cotidianas,P00015,True
U04489,G04475,HERMANA MAYOR,KAIK'SHA,hermana mayor,kaik'sha,cotidianas,P00016,True
U04837,G04475,mujer de edad; hermana mayor,sha'sha,mujer de edad; hermana mayor,sha'sha,extra,P00307,True
U04490,G04204,HERMANA MENOR,SHA'WA,hermana menor,sha'wa,cotidianas,P00017,True
U04491,G04204,HERMANA MENOR,KAIK'WA,hermana menor,kaik'wa,cotidianas,P00018,True
U04492,G04205,HERMANO MAYOR,YALLI'SHA,hermano mayor,yalli'sha,cotidianas,P00019,False
U04493,G04206,HERMANO MENOR,YALLI'WA,hermano menor,yalli'wa,cotidianas,P00020,True
U04494,G04206,HERMANO MENOR,YUYU'WA,hermano menor,yuyu'wa,cotidianas,P00021,True
U04495,G04207,HERMANOS,I INUK'LUSA',hermanos,i inuk'lusa',cotidianas,P00022,False
U04496,G04208,HERMANAS,UTRINUK'LUSA',hermanas,utrinuk'lusa',cotidianas,P00023,False
U04497,G04209,HERMANAS MENORES,SHA'WAUK'LUSA',hermanas menores,sha'wauk'lusa',cotidianas,P00024,False
U04498,G04210,HERMANAS MAYORES,SHA'UK'LUSA',hermanas mayores,sha'uk'lusa',cotidianas,P00025,False
U04499,G04211,HERMANOS MAYORES,YALLI'SHA'UK'LUSA',hermanos mayores,yalli'sha'uk'lusa',cotidianas,P00026,False
U04500,G04212,HERMANOS MENORES,YALLI'WAUK'LUSA',hermanos menores,yalli'wauk'lusa',cotidianas,P00027,False
U04501,G04485,PAPÁ,TATA,papá,tata,cotidianas,P00028,True
U04849,G04485,padre,tata,padre,tata,extra,P00319,True
U04502,G04213,MAMÁ,AWA,mamá,awa,cotidianas,P00029,False
U04503,G04214,ABUELO,PAPINKU,abuelo,papinku,cotidianas,P00030,False
U04504,G04215,ABUELA,AMI,abuela,ami,cotidianas,P00031,False
U04505,G04216,ABUELITO,PAPINKUSHA,abuelito,papinkusha,cotidianas,P00032,False
U04506,G04217,ABUELITA,AMISHA,abuelita,amisha,cotidianas,P00033,False
U04507,G04218,PAPITO,TATASHA,papito,tatasha,cotidianas,P00034,False
U04508,G04219,MAMITA,AWASHA,mamita,awasha,cotidianas,P00035,False
U04509,G04220,HIJO,WILAUK,hijo,wilauk,cotidianas,P00036,False
U04510,G04225,HIJITO,WILAUKSHA,hijito,wilauksha,cotidianas,P00037,True
U04516,G04225,MI HIJITO,WILAUKSHA,mi hijito,wilauksha,cotidianas,P00043,True
U04511,G04223,MI HIJA,TECLAPINUK,mi hija,teclapinuk,cotidianas,P00038,True
U04514,G04223,MI HIJA,KUTINUK,mi hija,kutinuk,cotidianas,P00041,True
U04512,G04221,HIJA,TECLAPIN,hija,teclapin,cotidianas,P00039,False
U04513,G04222,HIJO VARON,ERKUN,hijo varon,erkun,cotidianas,P00040,False
U04515,G04224,MI HIJITA,KUTINSHAUK,mi hijita,kutinshauk,cotidianas,P00042,False
U04531,G04239,fracaso,ananan,fracaso,ananan,extra,P00001,False
U04532,G04240,opaco,dawan',opaco,dawan',extra,P00002,False
U04533,G04241,dueño espiritual; madre,ashin,dueño espiritual; madre,ashin,extra,P00003,False
U04534,G04242,zorro,anaser',zorro,anaser',extra,P00004,False
U04535,G04243,tigre,amana',tigre,amana',extra,P00005,False
U04536,G04244,(a) tiene; (b) ha tenido,anhili,(a) tiene; (b) ha tenido,anhili,extra,P00006,True
U04537,G04330,yo,ku,yo,ku,extra,P00007,True
U04649,G04330,yo,kwa,yo,kwa,extra,P00119,True
U04538,G04257,cuatro,inkatu',cuatro,inkatu',extra,P00008,True
U04560,G04257,Cuatro,inkatu,cuatro,inkatu,extra,P00030,True
U04539,G04245,manteca,iyadek',manteca,iyadek',extra,P00009,False
U04540,G04287,vamos,enyu,vamos,enyu,extra,P00010,True
U04595,G04287,vamos,enchu,vamos,enchu,extra,P00065,True
U04541,G04246,caimito,ek'pa,caimito,ek'pa,extra,P00011,False
U04542,G04277,pelo,enchek,pelo,enchek,extra,P00012,True
U04584,G04277,cabello,enchek,cabello,enchek,extra,P00054,True
U04543,G04247,donde,enupa',donde,enupa',extra,P00013,False
U04544,G04248,añañinga,ellek,añañinga,ellek,extra,P00014,False
U04545,G04428,fuego,pen,fuego,pen,extra,P00015,True
U04779,G04428,candela,pen,candela,pen,extra,P00249,True
U04546,G04249,agua,dek,agua,dek,extra,P00016,False
U04547,G04515,oreja; cuerno,wi'wek,oreja; cuerno,wi'wek,extra,P00017,True
U04885,G04515,oreja; cuerno,wi'wek',oreja; cuerno,wi'wek',extra,P00355,True
U04548,G04250,boquichico,wankechek,boquichico,wankechek,extra,P00018,False
U04549,G04251,fluyo el agua,teka'linidek,fluyo el agua,teka'linidek,extra,P00019,False
U04550,G04252,murciélago,liishek',murciélago,liishek',extra,P00020,True
U04552,G04252,murciélago,ishek',murciélago,ishek',extra,P00022,True
U04551,G04474,parijí,isha,parijí,isha,extra,P00021,True
U04836,G04474,paujil,isha,paujil,isha,extra,P00306,True
U04553,G04253,sonidos,illin,sonidos,illin,extra,P00023,False
U04555,G04254,despertó,mampilin,despertó,mampilin,extra,P00025,False
U04556,G04255,garganta,kulupi,garganta,kulupi,extra,P00026,False
U04557,G04282,cangrejo,chinyi,cangrejo,chinyi,extra,P00027,True
U04589,G04282,cangrejo,chinchi,cangrejo,chinchi,extra,P00059,True
U04561,G04258,Raíz,itek',raíz,itek',extra,P00031,True
U04562,G04258,Achuni,itek',achuni,itek',extra,P00032,True
U04563,G04259,bebe toma,u'ker',bebe toma,u'ker',extra,P00033,False
U04564,G04260,así,unsu',así,unsu',extra,P00034,False
U04565,G04261,día,ukli,día,ukli,extra,P00035,False
U04566,G04262,cenicidor,u'klin,cenicidor,u'klin,extra,P00036,False
U04567,G04263,páiche,unma',páiche,unma',extra,P00037,False
U04568,G04264,jalar,uala,jalar,uala,extra,P00038,False
U04569,G04265,mono choro,sulu',mono choro,sulu',extra,P00039,False
U04570,G04266,cotomono,lu'lu',cotomono,lu'lu',extra,P00040,False
U04571,G04267,carne,chuchu,carne,chuchu,extra,P00041,False
U04572,G04268,pihuicho,shu'pi,pihuicho,shu'pi,extra,P00042,False
U04573,G04269,corazón,dinlupi,corazón,dinlupi,extra,P00043,False
U04574,G04270,Nuevo,nalu,nuevo,nalu,extra,P00044,False
U04575,G04271,Chiricles,kupinshupi,chiricles,kupinshupi,extra,P00045,False
U04576,G04272,Negro,kellulu,negro,kellulu,extra,P00046,False
U04577,G04273,Mujer,ku'aper,mujer,ku'aper,extra,P00047,False
U04578,G04274,diviesos; chupos,cha'cha',diviesos; chupos,cha'cha',extra,P00048,False
U04579,G04275,tipo de pajarito malagüero,wa'cha'cha',tipo de pajarito malagüero,wa'cha'cha',extra,P00049,True
U04580,G04276,derecho,chek',derecho,chek',extra,P00050,False
U04581,G04373,panza,mechek,panza,mechek,extra,P00051,True
U04582,G04373,voy a coger,mechek,voy a coger,mechek,extra,P00052,True
U04711,G04373,panza,merchek',panza,merchek',extra,P00181,True
U04585,G04278,voy a llevar,ekpekchek,voy a llevar,ekpekchek,extra,P00055,False
U04586,G04279,ven a llevar,mencher,ven a llevar,mencher,extra,P00056,False
U04587,G04280,tímpano; caracolito,mincher,tímpano; caracolito,mincher,extra,P00057,False
U04588,G04281,pecho,chi'tek',pecho,chi'tek',extra,P00058,False
U04590,G04283,carachupa,chi'lek,carachupa,chi'lek,extra,P00060,False
U04592,G04284,pucacunga,chunser',pucacunga,chunser',extra,P00062,False
U04593,G04285,sucio,u'chu',sucio,u'chu',extra,P00063,False
U04594,G04286,caracolito de tahuampa,chumpi,caracolito de tahuampa,chumpi,extra,P00064,False
U04596,G04288,cortar,enchun,cortar,enchun,extra,P00066,False
U04597,G04289,dolor de ojo,dapi,dolor de ojo,dapi,extra,P00067,False
U04598,G04290,flor,danku,flor,danku,extra,P00068,False
U04600,G04292,chonta,dawer,chonta,dawer,extra,P00070,False
U04601,G04293,lagarto,tada,lagarto,tada,extra,P00071,False
U04602,G04294,esposo,suda,esposo,suda,extra,P00072,False
U04603,G04295,quien,den,quien,den,extra,P00073,False
U04605,G04296,pelear,idenma,pelear,idenma,extra,P00075,False
U04606,G04297,afilar,suden,afilar,suden,extra,P00076,False
U04608,G04298,leña,diwek,leña,diwek,extra,P00078,False
U04609,G04299,espuma,dampu,espuma,dampu,extra,P00079,False
U04610,G04300,cobija,idimunan,cobija,idimunan,extra,P00080,False
U04611,G04301,su esposo,sadin,su esposo,sadin,extra,P00081,False
U04612,G04302,ha matado,dili,ha matado,dili,extra,P00082,False
U04613,G04303,tripas,dulin,tripas,dulin,extra,P00083,False
U04615,G04304,siéntate,dunker',siéntate,dunker',extra,P00085,False
U04616,G04305,paña; cintura (?),dunan,paña; cintura (?),dunan,extra,P00086,True
U04617,G04306,ancho,du'wan,ancho,du'wan,extra,P00087,False
U04618,G04307,huevo,kadu',huevo,kadu',extra,P00088,False
U04619,G04308,buyurqui,adula,buyurqui,adula,extra,P00089,False
U04620,G04309,estrella,tandula,estrella,tandula,extra,P00090,False
U04622,G04310,dos,katu'a',dos,katu'a',extra,P00092,False
U04623,G04311,tres,kala,tres,kala,extra,P00093,False
U04624,G04312,hígado,kankai,hígado,kankai,extra,P00094,False
U04625,G04313,está viniendo,ukapinla'li,está viniendo,ukapinla'li,extra,P00095,False
U04626,G04314,maíz,dek'kanan,maíz,dek'kanan,extra,P00096,False
U04627,G04315,tú,kenmu,tú,kenmu,extra,P00097,False
U04628,G04316,yuca,ker',yuca,ker',extra,P00098,False
U04629,G04317,sol,keki,sol,keki,extra,P00099,False
U04630,G04318,humo,kellu,humo,kellu,extra,P00100,False
U04631,G04319,sangre que huele mal,ukeklli,sangre que huele mal,ukeklli,extra,P00101,True
U04632,G04320,tiene frío,umkelli,tiene frío,umkelli,extra,P00102,False
U04633,G04342,añsua (k. fish),kilen,añsua (k. fish),kilen,extra,P00103,True
U04663,G04342,añsua,kilen,añsua,kilen,extra,P00133,True
U04634,G04321,adentro,kinekla,adentro,kinekla,extra,P00104,False
U04635,G04322,para papa,tatain,para papa,tatain,extra,P00105,False
U04638,G04437,boa,kupiwin,boa,kupiwin,extra,P00108,True
U04789,G04437,boa,kupiwan,boa,kupiwan,extra,P00259,True
U04640,G04324,dinero,kuiker',dinero,kuiker',extra,P00110,False
U04641,G04325,me hicieron abuela,amituinerku,me hicieron abuela,amituinerku,extra,P00111,False
U04642,G04326,pie,lantek,pie,lantek,extra,P00112,False
U04645,G04327,enseñó,a'lek,enseñó,a'lek,extra,P00115,False
U04646,G04328,de ahí,nanekla,de ahí,nanekla,extra,P00116,False
U04647,G04329,ahí,nanek',ahí,nanek',extra,P00117,False
U04648,G04355,vereda,pidek'sek'lla,vereda,pidek'sek'lla,extra,P00118,True
U04687,G04355,vereda,setla,vereda,setla,extra,P00157,True
U04650,G04331,Juan,kwaini,juan,kwaini,extra,P00120,False
U04651,G04332,esto es pesado,asu'kwe'li,esto es pesado,asu'kwe'li,extra,P00121,False
U04652,G04333,y yo,kwina,y yo,kwina,extra,P00122,False
U04653,G04334,pesado,kwer'li,pesado,kwer'li,extra,P00123,True
U04654,G04334,pesado,kwer,pesado,kwer,extra,P00124,True
U04655,G04335,hueco,lala,hueco,lala,extra,P00125,False
U04656,G04336,ojo,lada,ojo,lada,extra,P00126,False
U04657,G04337,diente,latek',diente,latek',extra,P00127,False
U04658,G04338,huele,laner,huele,laner,extra,P00128,False
U04660,G04339,idioma,la'la',idioma,la'la',extra,P00130,False
U04661,G04340,naranja,lalansu',naranja,lalansu',extra,P00131,False
U04662,G04341,surí de aguaje,lenmasun,surí de aguaje,lenmasun,extra,P00132,False
U04665,G04343,yo hablo,kwa lumbalek,yo hablo,kwa lumbalek,extra,P00135,False
U04666,G04344,cinco,ala'tek'lun,cinco,ala'tek'lun,extra,P00136,False
U04667,G04345,otro,ali'a,otro,ali'a,extra,P00137,False
U04669,G04408,entonces,ipa'linli,entonces,ipa'linli,extra,P00139,True
U04756,G04408,entonces,nu'pachin,entonces,nu'pachin,extra,P00226,True
U04670,G04426,tierra; suelo,lu'pa',tierra; suelo,lu'pa',extra,P00140,True
U04777,G04426,tierra,lu'pa',tierra,lu'pa',extra,P00247,True
U04671,G04346,soga,lulinlintek',soga,lulinlintek',extra,P00141,False
U04672,G04347,arpienteete,luna'te',arpienteete,luna'te',extra,P00142,False
U04673,G04348,conversador,tuntek',conversador,tuntek',extra,P00143,False
U04675,G04513,niño(s),wila,niño(s),wila,extra,P00145,True
U04883,G04513,niño,wila,niño,wila,extra,P00353,True
U04678,G04349,uña de la menstruación,lek'lun,uña de la menstruación,lek'lun,extra,P00148,True
U04681,G04356,cunchi,ikellala,cunchi,ikellala,extra,P00151,True
U04688,G04356,tipo de bagrecito; cunchi,ikellala,tipo de bagrecito; cunchi,ikellala,extra,P00158,True
U04682,G04350,shamillito,samellu',shamillito,samellu',extra,P00152,False
U04683,G04351,pescado,samer,pescado,samer,extra,P00153,False
U04684,G04352,varios pescados,samerlisa',varios pescados,samerlisa',extra,P00154,False
U04685,G04353,nombre antiguo de hombre,llachek',nombre antiguo de hombre,llachek',extra,P00155,True
U04686,G04354,afrecho,ketlla,afrecho,ketlla,extra,P00156,False
U04689,G04357,escopeta,illapa,escopeta,illapa,extra,P00159,False
U04690,G04401,he olido,llanellek,he olido,llanellek,extra,P00160,True
U04749,G04401,he olido,lanellek,he olido,lanellek,extra,P00219,True
U04692,G04358,Lima,llima',lima,llima',extra,P00162,False
U04693,G04359,limón,llimu',limón,llimu',extra,P00163,False
U04694,G04360,río,lli'li,río,lli'li,extra,P00164,False
U04695,G04361,nombre,llinlin,nombre,llinlin,extra,P00165,False
U04696,G04362,cola,llindek',cola,llindek',extra,P00166,False
U04697,G04363,apodo de Dolores,yullu,apodo de dolores,yullu,extra,P00167,False
U04698,G04364,me vio,lli'linu,me vio,lli'linu,extra,P00168,False
U04701,G04365,motelo,madu,motelo,madu,extra,P00171,False
U04702,G04366,comprar,mapa',comprar,mapa',extra,P00172,False
U04703,G04367,cerdo,nana malli,cerdo,nana malli,extra,P00173,False
U04704,G04368,qué es?,ma'nen,qué es?,ma'nen,extra,P00174,False
U04705,G04369,no,ma'shia,no,ma'shia,extra,P00175,False
U04707,G04370,sajino,amandek',sajino,amandek',extra,P00177,False
U04708,G04371,suave,meru',suave,meru',extra,P00178,False
U04709,G04372,voy a coger; voy a levantar,useyek',voy a coger; voy a levantar,useyek',extra,P00179,True
U04712,G04454,barriga,merpi,barriga,merpi,extra,P00182,True
U04713,G04454,maduro,merpi,maduro,merpi,extra,P00183,True
U04813,G04454,Maduro,mer'pi,maduro,mer'pi,extra,P00283,True
U04715,G04374,cuñado del hombre,mek'shi,cuñado del hombre,mek'shi,extra,P00185,False
U04716,G04375,chacra,memin,chacra,memin,extra,P00186,False
U04717,G04376,estoy lleno,merllek,estoy lleno,merllek,extra,P00187,False
U04718,G04377,hoja,lalune',hoja,lalune',extra,P00188,False
U04719,G04378,yarina,milek,yarina,milek,extra,P00189,False
U04720,G04379,collar,midu,collar,midu,extra,P00190,False
U04721,G04380,pavo,mikarawa',pavo,mikarawa',extra,P00191,False
U04722,G04381,nido,mipek,nido,mipek,extra,P00192,False
U04724,G04382,murió,chininiñin,murió,chininiñin,extra,P00194,False
U04727,G04501,cabeza,mu'tu',cabeza,mu'tu',extra,P00197,True
U04869,G04501,cabeza,mutu',cabeza,mutu',extra,P00339,True
U04728,G04383,teta,mudin,teta,mudin,extra,P00198,False
U04729,G04384,gente,muda?,gente,muda?,extra,P00199,False
U04730,G04385,bueno,mukangan,bueno,mukangan,extra,P00200,False
U04731,G04386,copa de árbol,mulu',copa de árbol,mulu',extra,P00201,False
U04732,G04387,así siendo,nu'amu,así siendo,nu'amu,extra,P00202,False
U04733,G04388,malo,mukanganibu',malo,mukanganibu',extra,P00203,False
U04734,G04389,torcacita,munchi,torcacita,munchi,extra,P00204,False
U04735,G04390,flaco,shamuntek',flaco,shamuntek',extra,P00205,False
U04736,G04391,nosotros,kanmu'wa',nosotros,kanmu'wa',extra,P00206,False
U04737,G04392,él; ella,nana,él; ella,nana,extra,P00207,False
U04738,G04393,antiguamente,napi',antiguamente,napi',extra,P00208,False
U04739,G04394,palo,nala,palo,nala,extra,P00209,False
U04741,G04395,shushupe,nater,shushupe,nater,extra,P00211,False
U04742,G04396,podrido (pescado),analu',podrido (pescado),analu',extra,P00212,True
U04744,G04397,se despertó,nambilin,se despertó,nambilin,extra,P00214,False
U04745,G04398,aliento,neri,aliento,neri,extra,P00215,False
U04746,G04399,nariz,nerek',nariz,nerek',extra,P00216,False
U04747,G04400,diferente,nerpi'la,diferente,nerpi'la,extra,P00217,False
U04750,G04402,evader,nanet'lli,evader,nanet'lli,extra,P00220,False
U04751,G04403,así dice,nanim'na,así dice,nanim'na,extra,P00221,False
U04752,G04404,dijeron,tullina',dijeron,tullina',extra,P00222,False
U04753,G04405,no se puede apagar,inichiñitashu'unsu,no se puede apagar,inichiñitashu'unsu,extra,P00223,True
U04754,G04406,soy,nuka'ka,soy,nuka'ka,extra,P00224,False
U04755,G04407,ha hecho,nu'tulli,ha hecho,nu'tulli,extra,P00225,False
U04757,G04409,animal sin cola,unu'lli,animal sin cola,unu'lli,extra,P00227,False
U04758,G04410,elefante,unu'kañi',elefante,unu'kañi',extra,P00228,False
U04759,G04411,canoa,num,canoa,num,extra,P00229,False
U04760,G04412,Narcisa,ñashi,narcisa,ñashi,extra,P00230,False
U04761,G04413,lo que es; lo que ha estado,ña?su?,lo que es; lo que ha estado,ña?su?,extra,P00231,True
U04762,G04414,todo,iñer,todo,iñer,extra,P00232,False
U04763,G04415,entero,iñer'pi,entero,iñer'pi,extra,P00233,False
U04764,G04416,donde vivo,ñer',donde vivo,ñer',extra,P00234,False
U04765,G04417,perro,ñini'wa,perro,ñini'wa,extra,P00235,False
U04766,G04418,lengua,ñinek'la,lengua,ñinek'la,extra,P00236,False
U04767,G04419,se ha extraviado,pektuñin,se ha extraviado,pektuñin,extra,P00237,False
U04768,G04420,donde no hay,ñinupek,donde no hay,ñinupek,extra,P00238,False
U04769,G04421,de dónde?,i'ñupa?la,de dónde?,i'ñupa?la,extra,P00239,False
U04770,G04446,vasija para sacar agua,puiñu,vasija para sacar agua,puiñu,extra,P00240,True
U04798,G04446,vasija de barro para agua,puiñu,vasija de barro para agua,puiñu,extra,P00268,True
U04771,G04422,palmera pulponota; tasha ponilla,pada,palmera pulponota; tasha ponilla,pada,extra,P00241,True
U04772,G04423,perforar,patala',perforar,patala',extra,P00242,False
U04774,G04455,bufeo; lombriz gruesa,sapana',bufeo; lombriz gruesa,sapana',extra,P00244,True
U04814,G04455,bufeo,sapana',bufeo,sapana',extra,P00284,True
U04775,G04424,anda; vete,panter',anda; vete,panter',extra,P00245,False
U04776,G04425,se ha ido,pa'lli,se ha ido,pa'lli,extra,P00246,False
U04778,G04427,Pampayacu,pampadek',pampayacu,pampadek',extra,P00248,False
U04780,G04429,pato,penku,pato,penku,extra,P00250,False
U04781,G04430,sóplale,pekuter',sóplale,pekuter',extra,P00251,False
U04782,G04431,lavar ropa,peksadun,lavar ropa,peksadun,extra,P00252,False
U04783,G04432,agarrar,pillinter',agarrar,pillinter',extra,P00253,False
U04784,G04433,espalda,pi'tek',espalda,pi'tek',extra,P00254,False
U04785,G04434,casa,pidek',casa,pidek',extra,P00255,False
U04787,G04435,tabaco,pinder,tabaco,pinder,extra,P00257,False
U04788,G04436,alúmbrale,pinter',alúmbrale,pinter',extra,P00258,False
U04790,G04438,hierba,pumu,hierba,pumu,extra,P00260,False
U04791,G04439,pucahuicsa,pupun,pucahuicsa,pupun,extra,P00261,False
U04792,G04440,charapa,puka',charapa,puka',extra,P00262,False
U04793,G04441,lechuza,putek,lechuza,putek,extra,P00263,False
U04794,G04442,pescar,pur',pescar,pur',extra,P00264,False
U04795,G04443,hartos,wapu',hartos,wapu',extra,P00265,False
U04796,G04444,vamos a desgranar,'enchupua,vamos a desgranar,'enchupua,extra,P00266,False
U04797,G04445,está pescando,pur'apalli,está pescando,pur'apalli,extra,P00267,False
U04799,G04447,no tiene nada,ma'puñi,no tiene nada,ma'puñi,extra,P00269,False
U04800,G04448,Francisco,ransisco,francisco,ransisco,extra,P00270,False
U04801,G04449,anda planta,terer',anda planta,terer',extra,P00271,False
U04803,G04510,comida; comer,uran,comida; comer,uran,extra,P00273,True
U04880,G04510,comida,uran,comida,uran,extra,P00350,True
U04804,G04450,venado,uru,venado,uru,extra,P00274,False
U04807,G04451,lleno,mur',lleno,mur',extra,P00277,False
U04810,G04452,no son hartos,wapu' daper' imbu',no son hartos,wapu' daper' imbu',extra,P00280,False
U04811,G04453,Viejo,taserpi,viejo,taserpi,extra,P00281,False
U04815,G04456,catalán,sasa',catalán,sasa',extra,P00285,False
U04817,G04457,viruela,sa'la',viruela,sa'la',extra,P00287,False
U04818,G04458,guaba,sa'lek',guaba,sa'lek',extra,P00288,False
U04819,G04459,lago,sennan,lago,sennan,extra,P00289,False
U04820,G04460,gotera,set'lla,gotera,set'lla,extra,P00290,False
U04822,G04461,vieja,tasellun,vieja,tasellun,extra,P00292,False
U04823,G04462,doncella,da'wanser,doncella,da'wanser,extra,P00293,False
U04824,G04463,erizo,sisek',erizo,sisek',extra,P00294,False
U04825,G04464,delgado; finito,simek',delgado; finito,simek',extra,P00295,False
U04826,G04465,noche; oscuro,kasiser',noche; oscuro,kasiser',extra,P00296,False
U04827,G04466,tubo grueso,a'llupisi,tubo grueso,a'llupisi,extra,P00297,False
U04828,G04467,gallinazo,supu',gallinazo,supu',extra,P00298,False
U04829,G04468,a pie del árbol,sunan,a pie del árbol,sunan,extra,P00299,True
U04831,G04469,soga; pretina,sudutek',soga; pretina,sudutek',extra,P00301,False
U04832,G04470,machete (antiguo),sunki,machete (antiguo),sunki,extra,P00302,True
U04833,G04471,esto,asu',esto,asu',extra,P00303,False
U04834,G04472,pichico,sha'kek',pichico,sha'kek',extra,P00304,False
U04835,G04473,mujer; hermana,shaya',mujer; hermana,shaya',extra,P00305,False
U04838,G04476,empapado,pisha',empapado,pisha',extra,P00308,False
U04839,G04477,Amarillo,sha'pi',amarillo,sha'pi',extra,P00309,False
U04840,G04478,mono fraile,sha'wan,mono fraile,sha'wan,extra,P00310,False
U04841,G04479,chancho,kusher,chancho,kusher,extra,P00311,False
U04842,G04480,joven alto,shi'pan,joven alto,shi'pan,extra,P00312,False
U04845,G04481,mandar,kamashir',mandar,kamashir',extra,P00315,False
U04847,G04483,sol cuando levanta,shinker,sol cuando levanta,shinker,extra,P00317,False
U04848,G04484,camarón,wanshen,camarón,wanshen,extra,P00318,False
U04851,G04486,mojarra,pek'ta,mojarra,pek'ta,extra,P00321,False
U04853,G04487,brazo; rama,tamba',brazo; rama,tamba',extra,P00323,False
U04855,G04507,viento,tanlua,viento,tanlua,extra,P00325,True
U04877,G04507,viento,tanluwa,viento,tanluwa,extra,P00347,True
U04856,G04488,chinchi,tanker,chinchi,tanker,extra,P00326,False
U04857,G04489,palometa,terek',palometa,terek',extra,P00327,False
U04858,G04490,plantar,tera',plantar,tera',extra,P00328,False
U04859,G04491,piel,chipitek',piel,chipitek',extra,P00329,False
U04860,G04492,voy a decir,windechek' itek'chek',voy a decir,windechek' itek'chek',extra,P00330,False
U04861,G04493,dile,iter',dile,iter',extra,P00331,False
U04862,G04494,mi tío,tiuwak',mi tío,tiuwak',extra,P00332,False
U04863,G04495,tu tía,tiapen,tu tía,tiapen,extra,P00333,False
U04864,G04496,mi tía,tiawek',mi tía,tiawek',extra,P00334,False
U04865,G04497,que se vayan,pan'dina',que se vayan,pan'dina',extra,P00335,False
U04866,G04498,rodilla,tu'tu'pi,rodilla,tu'tu'pi,extra,P00336,False
U04867,G04499,muslo,tula,muslo,tula,extra,P00337,False
U04868,G04500,palmera para cumba,tumek',palmera para cumba,tumek',extra,P00338,False
U04871,G04502,bebé,wawaser',bebé,wawaser',extra,P00341,False
U04872,G04503,párate,warenker',párate,warenker',extra,P00342,False
U04874,G04504,mijano,wadi',mijano,wadi',extra,P00344,False
U04875,G04505,carachama grande,walatek',carachama grande,walatek',extra,P00345,False
U04876,G04506,sonar,wa'la,sonar,wa'la,extra,P00346,False
U04878,G04508,lejos,we',lejos,we',extra,P00348,False
U04879,G04509,viene,uk'apinya'lli,viene,uk'apinya'lli,extra,P00349,False
U04881,G04511,llorar,wellek,llorar,wellek,extra,P00351,False
U04882,G04512,oír,lauk',oír,lauk',extra,P00352,False
U04884,G04514,poner al niño en brazos,wi'pu,poner al niño en brazos,wi'pu,extra,P00354,True
U04886,G04516,cerca,kawi,cerca,kawi,extra,P00356,False
U04887,G04517,curhuinsi,wilek,curhuinsi,wilek,extra,P00357,False
U04888,G04518,Qué vamos a hacer?,yama'pu'lan,qué vamos a hacer?,yama'pu'lan,extra,P00358,True
U04890,G04519,solearse el cuerpo,yenbilli,solearse el cuerpo,yenbilli,extra,P00360,False
U04891,G04520,rabioso,yutek',rabioso,yutek',extra,P00361,False
U04892,G04521,flor de Santa Rosa,yulu'danku,flor de santa rosa,yulu'danku,extra,P00362,True
U04893,G04522,cascabel,siyuwa,cascabel,siyuwa,extra,P00363,False
